step,loss
0,50.66932678222656
1,50.15899658203125
2,49.68556594848633
3,49.2263298034668
4,48.76356887817383
5,48.27912139892578
6,47.762672424316406
7,47.2109489440918
8,46.63499069213867
9,46.078128814697266
10,45.63979721069336
11,45.464332580566406
12,45.605533599853516
13,45.831050872802734
14,45.861289978027344
15,45.700462341308594
16,45.49285888671875
17,45.345149993896484
18,45.28572463989258
19,45.2880744934082
20,45.31123733520508
21,45.324623107910156
22,45.314048767089844
23,45.278564453125
24,45.225284576416016
25,45.16472244262695
26,45.10786819458008
27,45.06184387207031
28,45.02830505371094
29,45.00299835205078
30,44.97858810424805
31,44.95000457763672
32,44.917015075683594
33,44.883544921875
34,44.853424072265625
35,44.82718276977539
36,44.802120208740234
37,44.77415084838867
38,44.740394592285156
39,44.700599670410156
40,44.65717697143555
41,44.61443328857422
42,44.575599670410156
43,44.540958404541016
44,44.50672149658203
45,44.46669006347656
46,44.4167594909668
47,44.357139587402344
48,44.29264831542969
49,44.22859191894531
50,44.16624450683594
51,44.10175323486328
52,44.02785873413086
53,43.939056396484375
54,43.83461380004883
55,43.71746826171875
56,43.59114074707031
57,43.45124816894531
58,43.2865104675293
59,43.08686828613281
60,42.85111618041992
61,42.585086822509766
62,42.279579162597656
63,41.90994644165039
64,41.46635055541992
65,40.95411682128906
66,40.34899139404297
67,39.64533233642578
68,38.88148880004883
69,38.038414001464844
70,37.210418701171875
71,36.49125671386719
72,36.00920486450195
73,35.891624450683594
74,36.10809326171875
75,36.381683349609375
76,36.51155090332031
77,36.51061248779297
78,36.157012939453125
79,35.694091796875
80,35.2562370300293
81,34.93932342529297
82,34.681396484375
83,34.575313568115234
84,34.46652603149414
85,34.39985275268555
86,34.327415466308594
87,34.17214584350586
88,34.02812957763672
89,33.78041458129883
90,33.504791259765625
91,33.19365692138672
92,32.81504821777344
93,32.461544036865234
94,32.03520584106445
95,31.6524600982666
96,31.21675682067871
97,30.7852783203125
98,30.337112426757812
99,29.785858154296875
100,29.191173553466797
101,28.550338745117188
102,27.80449104309082
103,26.962085723876953
104,26.030052185058594
105,25.024431228637695
106,23.953380584716797
107,22.806154251098633
108,21.65383529663086
109,20.439105987548828
110,19.235883712768555
111,17.88172721862793
112,17.19887351989746
113,15.872648239135742
114,13.278048515319824
115,13.153421401977539
116,11.778924942016602
117,9.338031768798828
118,9.383159637451172
119,7.696702003479004
120,6.3169355392456055
121,6.7123308181762695
122,5.397851943969727
123,5.8060760498046875
124,5.02733850479126
125,2.704638957977295
126,3.671762466430664
127,2.499197006225586
128,2.510688304901123
129,1.7603685855865479
130,2.270451784133911
131,1.203505516052246
132,2.0117268562316895
133,1.130788803100586
134,1.596022129058838
135,1.2265276908874512
136,1.437528133392334
137,1.1026699542999268
138,1.515305995941162
139,1.0445681810379028
140,1.4253743886947632
141,1.14644193649292
142,1.3257218599319458
143,1.1803817749023438
144,1.334577202796936
145,1.1371896266937256
146,1.3503508567810059
147,1.1388447284698486
148,1.275028944015503
149,1.163966417312622
150,1.221737027168274
151,1.1211851835250854
152,1.202860713005066
153,1.0806188583374023
154,1.1621589660644531
155,1.0627858638763428
156,1.1118327379226685
157,1.0555050373077393
158,1.0714236497879028
159,1.0304127931594849
160,1.0588268041610718
161,1.0049387216567993
162,1.0322890281677246
163,1.0009665489196777
164,1.0062116384506226
165,0.9901944994926453
166,0.9944503307342529
167,0.9804783463478088
168,0.9887526631355286
169,0.974891185760498
170,0.9826881289482117
171,0.9772606492042542
172,0.9744688868522644
173,0.9739311933517456
174,0.9741116762161255
175,0.9678267240524292
176,0.9699026942253113
177,0.9668378233909607
178,0.9663203954696655
179,0.964653491973877
180,0.9641100168228149
181,0.9618117809295654
182,0.9627300500869751
183,0.9581195116043091
184,0.9589114189147949
185,0.9568770527839661
186,0.956026554107666
187,0.9519090056419373
188,0.9534190893173218
189,0.9493756294250488
190,0.948752760887146
191,0.9456506371498108
192,0.9457398653030396
193,0.9425385594367981
194,0.9423497915267944
195,0.9397158026695251
196,0.9392958283424377
197,0.9373233914375305
198,0.9363075494766235
199,0.9345952868461609
200,0.9338599443435669
201,0.9329888820648193
202,0.9309625029563904
203,0.9298803210258484
204,0.9287673830986023
205,0.9282353520393372
206,0.9263092279434204
207,0.9250809550285339
208,0.9239790439605713
209,0.9232364892959595
210,0.9218563437461853
211,0.9204146862030029
212,0.9192821979522705
213,0.9182229042053223
214,0.9173024296760559
215,0.9159385561943054
216,0.9148260951042175
217,0.9135456681251526
218,0.9125256538391113
219,0.9114996790885925
220,0.9103693962097168
221,0.9093223214149475
222,0.9080278873443604
223,0.9069533944129944
224,0.905908465385437
225,0.9049614071846008
226,0.9040083289146423
227,0.9027746915817261
228,0.9015939831733704
229,0.9004970192909241
230,0.8996301889419556
231,0.8988363146781921
232,0.8977752923965454
233,0.8965526223182678
234,0.8953171372413635
235,0.8943215012550354
236,0.8936023116111755
237,0.8928368091583252
238,0.8918498754501343
239,0.8906213045120239
240,0.8893204927444458
241,0.8882845640182495
242,0.8875298500061035
243,0.8868731260299683
244,0.886093258857727
245,0.8849470019340515
246,0.8836438655853271
247,0.8824649453163147
248,0.8814653158187866
249,0.8806071877479553
250,0.8797212839126587
251,0.8787614703178406
252,0.8777990341186523
253,0.8768422603607178
254,0.8758993744850159
255,0.8750146627426147
256,0.8742323517799377
257,0.8735210299491882
258,0.8729121088981628
259,0.8724939227104187
260,0.8720446825027466
261,0.871667206287384
262,0.8719293475151062
263,0.8734122514724731
264,0.8773713111877441
265,0.8861220479011536
266,0.9052004814147949
267,0.9472342729568481
268,1.0375348329544067
269,1.2195606231689453
270,1.4942268133163452
271,1.763885498046875
272,1.760535478591919
273,1.3050320148468018
274,0.8902444839477539
275,1.0091102123260498
276,1.2515158653259277
277,1.149157166481018
278,0.8950867056846619
279,0.9172700047492981
280,1.0623153448104858
281,1.0086978673934937
282,0.878703773021698
283,0.8773905038833618
284,0.9718410968780518
285,0.9591479897499084
286,0.8698756098747253
287,0.8678691983222961
288,0.9278620481491089
289,0.9343498349189758
290,0.8650684952735901
291,0.8719737529754639
292,0.9410017728805542
293,0.9363985657691956
294,0.8700970411300659
295,0.8615495562553406
296,0.9479737281799316
297,0.9718329906463623
298,0.8955571055412292
299,0.8461536169052124
300,0.8987402319908142
301,0.9785231351852417
302,0.9520271420478821
303,0.8662753701210022
304,0.848753035068512
305,0.9137901067733765
306,0.9578918814659119
307,0.906723141670227
308,0.8449539542198181
309,0.8590672612190247
310,0.9121454358100891
311,0.9176666736602783
312,0.8667237162590027
313,0.8374354839324951
314,0.8619977235794067
315,0.8925991058349609
316,0.8828248381614685
317,0.8479946255683899
318,0.8345944881439209
319,0.8522199988365173
320,0.8685320019721985
321,0.8598395586013794
322,0.8391485214233398
323,0.8310724496841431
324,0.840429961681366
325,0.8490533232688904
326,0.8441417813301086
327,0.8331252336502075
328,0.8276367783546448
329,0.8310070037841797
330,0.8350680470466614
331,0.8332578539848328
332,0.8284088373184204
333,0.8246433734893799
334,0.8242135643959045
335,0.8250835537910461
336,0.8245818018913269
337,0.8232038021087646
338,0.821590781211853
339,0.8204060792922974
340,0.8197242021560669
341,0.8190686106681824
342,0.8184072971343994
343,0.8177509903907776
344,0.8171024918556213
345,0.8164802193641663
346,0.8161723613739014
347,0.8160092830657959
348,0.815779447555542
349,0.8153592348098755
350,0.8141148090362549
351,0.8127197027206421
352,0.8118985295295715
353,0.8115373849868774
354,0.811496376991272
355,0.8109800815582275
356,0.8099802136421204
357,0.8090797066688538
358,0.8082553148269653
359,0.8075022101402283
360,0.8070123195648193
361,0.8070088624954224
362,0.8073898553848267
363,0.8083639740943909
364,0.8104051351547241
365,0.8123372197151184
366,0.8146356344223022
367,0.8203791379928589
368,0.8324664235115051
369,0.8569834232330322
370,0.9055225849151611
371,1.0002316236495972
372,1.1762475967407227
373,1.4659039974212646
374,1.8172285556793213
375,1.9136686325073242
376,1.4867403507232666
377,0.9304777383804321
378,0.8793909549713135
379,1.240470051765442
380,1.2851817607879639
381,0.9422985911369324
382,0.8194341063499451
383,1.029545783996582
384,1.1689724922180176
385,0.9799288511276245
386,0.8107202053070068
387,0.92341148853302
388,1.0738874673843384
389,1.0026237964630127
390,0.8163756132125854
391,0.8734525442123413
392,1.0346636772155762
393,0.9709416031837463
394,0.812242865562439
395,0.8634707927703857
396,1.025815725326538
397,0.9562734365463257
398,0.8025408387184143
399,0.8450962901115417
400,0.9718781113624573
401,0.9407679438591003
402,0.8094567656517029
403,0.8138352632522583
404,0.9065932035446167
405,0.9035065174102783
406,0.814358651638031
407,0.7935091853141785
408,0.8540522456169128
409,0.8622587323188782
410,0.8068558573722839
411,0.7871732115745544
412,0.8213415741920471
413,0.8318968415260315
414,0.7989800572395325
415,0.7828798294067383
416,0.7985012531280518
417,0.8082499504089355
418,0.793785810470581
419,0.7804768085479736
420,0.7852301001548767
421,0.7907609939575195
422,0.7860990166664124
423,0.7784914374351501
424,0.7784729599952698
425,0.7812793254852295
426,0.7790331840515137
427,0.7755736708641052
428,0.7749929428100586
429,0.7763909697532654
430,0.7750697731971741
431,0.7725968360900879
432,0.7725231647491455
433,0.7734280228614807
434,0.7729290723800659
435,0.7703206539154053
436,0.7697096467018127
437,0.7713654637336731
438,0.771832287311554
439,0.7697793841362
440,0.7666516900062561
441,0.7671214938163757
442,0.7698580026626587
443,0.7704281210899353
444,0.7676302790641785
445,0.7634357213973999
446,0.7634267807006836
447,0.7668988108634949
448,0.7689719796180725
449,0.7671375274658203
450,0.7616767883300781
451,0.7589570879936218
452,0.7612958550453186
453,0.7650771141052246
454,0.7665492296218872
455,0.7627445459365845
456,0.7588286399841309
457,0.7607553005218506
458,0.7701526284217834
459,0.7898745536804199
460,0.8262906074523926
461,0.9071074724197388
462,1.0943297147750854
463,1.4764248132705688
464,2.055189371109009
465,2.387660503387451
466,1.7741717100143433
467,0.8798015713691711
468,1.0835797786712646
469,1.5971662998199463
470,1.1694633960723877
471,0.8288252949714661
472,1.2296037673950195
473,1.2231316566467285
474,0.8047991991043091
475,0.9387468695640564
476,1.1997319459915161
477,0.9324126243591309
478,0.7614180445671082
479,0.9948028326034546
480,0.9744374752044678
481,0.762272298336029
482,0.8649270534515381
483,0.9216268658638
484,0.7704487442970276
485,0.8200640082359314
486,0.8798432350158691
487,0.7657207250595093
488,0.7852361798286438
489,0.8485256433486938
490,0.7694686055183411
491,0.7593628168106079
492,0.8187065720558167
493,0.7783766388893127
494,0.7496470808982849
495,0.7905192971229553
496,0.7747565507888794
497,0.7428283095359802
498,0.7715567350387573
499,0.7726194262504578
500,0.7405195236206055
501,0.7543907761573792
502,0.7669363021850586
503,0.7452437281608582
504,0.7453882694244385
505,0.7553077340126038
506,0.7425417304039001
507,0.7400307655334473
508,0.7524874806404114
509,0.746009349822998
510,0.7331914305686951
511,0.7387198805809021
512,0.7433508038520813
513,0.7371485233306885
514,0.7367973923683167
515,0.7379354238510132
516,0.7315413951873779
517,0.7294098734855652
518,0.7353564500808716
519,0.7360793352127075
520,0.7291605472564697
521,0.7265622019767761
522,0.7280954718589783
523,0.7273226380348206
524,0.7271860837936401
525,0.7278574705123901
526,0.7254288792610168
527,0.721327543258667
528,0.7203212380409241
529,0.7220626473426819
530,0.7214199900627136
531,0.7186708450317383
532,0.7176300883293152
533,0.7175945043563843
534,0.7165327072143555
535,0.7150075435638428
536,0.7144460678100586
537,0.714327871799469
538,0.7135114073753357
539,0.7125850319862366
540,0.7118000984191895
541,0.7109971642494202
542,0.7101523280143738
543,0.7095100283622742
544,0.7094380855560303
545,0.7088373303413391
546,0.7074844241142273
547,0.7062983512878418
548,0.7054595351219177
549,0.7048079967498779
550,0.7040567398071289
551,0.7034703493118286
552,0.7033257484436035
553,0.7036645412445068
554,0.7045817971229553
555,0.7048825025558472
556,0.7047983407974243
557,0.7061040997505188
558,0.7095485329627991
559,0.7169191837310791
560,0.7338504791259766
561,0.7698779106140137
562,0.8410101532936096
563,0.9779207706451416
564,1.2279406785964966
565,1.565240740776062
566,1.8896102905273438
567,1.9494459629058838
568,1.49900484085083
569,0.8685686588287354
570,0.7602388262748718
571,1.0726633071899414
572,1.2071433067321777
573,0.9553223848342896
574,0.7055681347846985
575,0.7553804516792297
576,0.9067507982254028
577,0.9426308870315552
578,0.8310362100601196
579,0.710760772228241
580,0.6997343897819519
581,0.7396789193153381
582,0.7550933361053467
583,0.7225518822669983
584,0.6903330087661743
585,0.6943450570106506
586,0.7012971043586731
587,0.6966269016265869
588,0.6872801184654236
589,0.685140073299408
590,0.6859518885612488
591,0.684025764465332
592,0.6834582090377808
593,0.6843905448913574
594,0.6848322153091431
595,0.682486355304718
596,0.6854515075683594
597,0.6904730796813965
598,0.6898068189620972
599,0.6836717128753662
600,0.678627073764801
601,0.689888596534729
602,0.702506422996521
603,0.6993839144706726
604,0.6848693490028381
605,0.6749216914176941
606,0.6903349161148071
607,0.7120850682258606
608,0.7150091528892517
609,0.6976198554039001
610,0.6743661165237427
611,0.6783819198608398
612,0.7041838765144348
613,0.721265971660614
614,0.7131379246711731
615,0.6818923950195312
616,0.6693474650382996
617,0.6886746883392334
618,0.7134968042373657
619,0.7189545631408691
620,0.6913489103317261
621,0.6672665476799011
622,0.6731237173080444
623,0.6955992579460144
624,0.7129428386688232
625,0.6983869671821594
626,0.672005295753479
627,0.6638281345367432
628,0.6727885007858276
629,0.687627375125885
630,0.6838266849517822
631,0.6677442193031311
632,0.6605814695358276
633,0.662874162197113
634,0.6697484850883484
635,0.6668784022331238
636,0.65777587890625
637,0.6548798680305481
638,0.6575355529785156
639,0.6625067591667175
640,0.6601228713989258
641,0.654360830783844
642,0.6534684896469116
643,0.656551718711853
644,0.6615744829177856
645,0.658486545085907
646,0.6515206694602966
647,0.6495921611785889
648,0.6517181396484375
649,0.6564564108848572
650,0.6550663709640503
651,0.6495422720909119
652,0.6470966935157776
653,0.6469647884368896
654,0.6484413743019104
655,0.6469575762748718
656,0.6446294784545898
657,0.6452440619468689
658,0.6481649279594421
659,0.6532059907913208
660,0.6523760557174683
661,0.6470198035240173
662,0.6439611911773682
663,0.6422262787818909
664,0.6412436366081238
665,0.6423238515853882
666,0.6493001580238342
667,0.6633490920066833
668,0.6887198686599731
669,0.7342188954353333
670,0.7839370965957642
671,0.8439247608184814
672,0.9543814659118652
673,1.1327197551727295
674,1.3705098628997803
675,1.6127119064331055
676,1.6710903644561768
677,1.3765356540679932
678,0.8880507946014404
679,0.6648748517036438
680,0.8561646342277527
681,1.1117749214172363
682,1.0900243520736694
683,0.8326546549797058
684,0.6472240686416626
685,0.6966134309768677
686,0.8562170267105103
687,0.9312434196472168
688,0.8405330181121826
689,0.6881390810012817
690,0.6358893513679504
691,0.6989454627037048
692,0.7573907971382141
693,0.7220767736434937
694,0.650635838508606
695,0.641255259513855
696,0.6794903874397278
697,0.6952604055404663
698,0.6661177277565002
699,0.6347577571868896
700,0.6363934278488159
701,0.6537767648696899
702,0.660314679145813
703,0.6484671235084534
704,0.6337641477584839
705,0.6311324238777161
706,0.6354131102561951
707,0.6378345489501953
708,0.6344870328903198
709,0.6296818256378174
710,0.6284356713294983
711,0.6287783980369568
712,0.6289079785346985
713,0.6280016899108887
714,0.6266640424728394
715,0.6260207891464233
716,0.6256889700889587
717,0.6253299713134766
718,0.6249599456787109
719,0.624577522277832
720,0.6243478655815125
721,0.6244739294052124
722,0.62430340051651
723,0.6236691474914551
724,0.6229226589202881
725,0.6224969625473022
726,0.6232005953788757
727,0.6239620447158813
728,0.6236671805381775
729,0.6223649978637695
730,0.6206905841827393
731,0.6206836104393005
732,0.6221868395805359
733,0.6235253214836121
734,0.6235777735710144
735,0.6214730143547058
736,0.619676411151886
737,0.6202155351638794
738,0.6224169135093689
739,0.6251343488693237
740,0.6273332238197327
741,0.6314406394958496
742,0.6417074203491211
743,0.6632386445999146
744,0.7048330307006836
745,0.7769609093666077
746,0.9023672342300415
747,1.113600730895996
748,1.4068351984024048
749,1.6613177061080933
750,1.6030633449554443
751,1.1265876293182373
752,0.6791260242462158
753,0.7471380829811096
754,1.0777878761291504
755,1.0894144773483276
756,0.7748649716377258
757,0.6223239302635193
758,0.7920146584510803
759,0.9599673748016357
760,0.8613479733467102
761,0.6592301726341248
762,0.6442092657089233
763,0.7752324938774109
764,0.7943916320800781
765,0.6657705307006836
766,0.6237669587135315
767,0.7134745121002197
768,0.7317356467247009
769,0.6451815366744995
770,0.6225240230560303
771,0.6888548135757446
772,0.6980946063995361
773,0.6352512240409851
774,0.6177398562431335
775,0.6630516052246094
776,0.6779226064682007
777,0.6356319785118103
778,0.6141138076782227
779,0.6410512924194336
780,0.6552889347076416
781,0.6297131776809692
782,0.6131329536437988
783,0.6306251883506775
784,0.6408707499504089
785,0.6235291957855225
786,0.610883355140686
787,0.6213997602462769
788,0.6308974623680115
789,0.621651828289032
790,0.610496461391449
791,0.6134528517723083
792,0.6210407614707947
793,0.6190067529678345
794,0.6118322014808655
795,0.6104212403297424
796,0.6135605573654175
797,0.6138659715652466
798,0.6108358502388
799,0.6099771857261658
800,0.6109868288040161
801,0.6102604269981384
802,0.6082610487937927
803,0.6077292561531067
804,0.6093207001686096
805,0.6094232797622681
806,0.6072549223899841
807,0.605737030506134
808,0.606150209903717
809,0.6073846817016602
810,0.6068494319915771
811,0.6051892042160034
812,0.6046003699302673
813,0.6050247550010681
814,0.6054090261459351
815,0.6046316623687744
816,0.6037169694900513
817,0.6037160158157349
818,0.604004979133606
819,0.6039404273033142
820,0.6031445264816284
821,0.6026224493980408
822,0.6028352975845337
823,0.6030574440956116
824,0.6028862595558167
825,0.6020976901054382
826,0.6016301512718201
827,0.6018287539482117
828,0.6019949316978455
829,0.6018123030662537
830,0.6010730862617493
831,0.6006023287773132
832,0.6007538437843323
833,0.6008930206298828
834,0.6006898880004883
835,0.5999540686607361
836,0.5994521379470825
837,0.5995936393737793
838,0.5998588800430298
839,0.5998395085334778
840,0.5991389751434326
841,0.5984454154968262
842,0.5983744859695435
843,0.5986203551292419
844,0.5987873077392578
845,0.5982952117919922
846,0.5975663065910339
847,0.5972622036933899
848,0.5973182320594788
849,0.5975050926208496
850,0.597251296043396
851,0.5967002511024475
852,0.5963456034660339
853,0.5962323546409607
854,0.5963243842124939
855,0.5961682796478271
856,0.5957645773887634
857,0.5954530835151672
858,0.5952242016792297
859,0.5950701832771301
860,0.5948839783668518
861,0.594785213470459
862,0.5949099063873291
863,0.595366895198822
864,0.5964370369911194
865,0.597571849822998
866,0.5990239977836609
867,0.6026433110237122
868,0.610591471195221
869,0.6275553107261658
870,0.6638322472572327
871,0.7406032085418701
872,0.9004138708114624
873,1.2149378061294556
874,1.769810676574707
875,2.3902266025543213
876,2.584155797958374
877,1.8286257982254028
878,0.8087760806083679
879,0.8709779381752014
880,1.445855975151062
881,1.2015538215637207
882,0.6629409790039062
883,0.763107419013977
884,1.1771351099014282
885,1.0780465602874756
886,0.6938512921333313
887,0.6700900197029114
888,0.925632894039154
889,0.9663366079330444
890,0.6717004179954529
891,0.6698325276374817
892,0.9107545018196106
893,0.8151000142097473
894,0.6147629618644714
895,0.7663915157318115
896,0.9239162802696228
897,0.7040522694587708
898,0.6100144386291504
899,0.7908522486686707
900,0.8311474323272705
901,0.6566870212554932
902,0.6123918294906616
903,0.7397996783256531
904,0.7254195213317871
905,0.612778902053833
906,0.6131635308265686
907,0.6747007369995117
908,0.6415585279464722
909,0.5964918732643127
910,0.6225919127464294
911,0.6219296455383301
912,0.5965312123298645
913,0.602153480052948
914,0.6175694465637207
915,0.5999082326889038
916,0.5986606478691101
917,0.6181885004043579
918,0.6106373071670532
919,0.5931487083435059
920,0.605507493019104
921,0.6262553334236145
922,0.6074542999267578
923,0.5924840569496155
924,0.6088589429855347
925,0.618698000907898
926,0.6019166111946106
927,0.5915430784225464
928,0.6049330830574036
929,0.6078253984451294
930,0.5961913466453552
931,0.5905665755271912
932,0.5964486002922058
933,0.5986695885658264
934,0.5921584963798523
935,0.5896285176277161
936,0.5909935832023621
937,0.5913218855857849
938,0.5896329879760742
939,0.5890339612960815
940,0.58916175365448
941,0.5885916352272034
942,0.5885348916053772
943,0.5885857939720154
944,0.5882171988487244
945,0.5879141688346863
946,0.5892264246940613
947,0.5894294381141663
948,0.5878326296806335
949,0.5871000289916992
950,0.5886585116386414
951,0.5903580784797668
952,0.5885173678398132
953,0.5864461660385132
954,0.5872200131416321
955,0.5892768502235413
956,0.5891758799552917
957,0.5865271091461182
958,0.5857303738594055
959,0.5872233510017395
960,0.5882251262664795
961,0.5870012044906616
962,0.585066020488739
963,0.5852219462394714
964,0.5863630771636963
965,0.5864337682723999
966,0.5851496458053589
967,0.5840809345245361
968,0.5844829678535461
969,0.5850912928581238
970,0.5848040580749512
971,0.5838524103164673
972,0.583271324634552
973,0.5835458636283875
974,0.583812952041626
975,0.5835275650024414
976,0.5829011797904968
977,0.5825126767158508
978,0.5826026797294617
979,0.5826957821846008
980,0.5824878215789795
981,0.5820754170417786
982,0.5817733407020569
983,0.5817446112632751
984,0.5817514657974243
985,0.5815987586975098
986,0.5813043713569641
987,0.5810422897338867
988,0.5809449553489685
989,0.5809100866317749
990,0.5807983875274658
991,0.5805777907371521
992,0.5803394317626953
993,0.5801949501037598
994,0.5801219344139099
995,0.5800291895866394
996,0.5798630118370056
997,0.5796579718589783
998,0.5794928073883057
999,0.5793859958648682
1000,0.5792902112007141
1001,0.5791553854942322
1002,0.5789821147918701
1003,0.5788151025772095
1004,0.5786844491958618
1005,0.5785765051841736
1006,0.5784576535224915
1007,0.5783134698867798
1008,0.5781586170196533
1009,0.5780165791511536
1010,0.577893078327179
1011,0.5777746438980103
1012,0.5776473879814148
1013,0.5775089263916016
1014,0.5773686766624451
1015,0.577235996723175
1016,0.5771114230155945
1017,0.5769890546798706
1018,0.5768635869026184
1019,0.5767332315444946
1020,0.5766018629074097
1021,0.57647305727005
1022,0.5763481259346008
1023,0.5762255191802979
1024,0.5761027932167053
1025,0.5759776830673218
1026,0.5758514404296875
1027,0.5757257342338562
1028,0.5756019949913025
1029,0.5754798054695129
1030,0.5753586292266846
1031,0.5752370953559875
1032,0.5751152038574219
1033,0.5749930739402771
1034,0.5748721361160278
1035,0.5747520327568054
1036,0.5746337175369263
1037,0.574517011642456
1038,0.5744026899337769
1039,0.574292004108429
1040,0.5741884112358093
1041,0.5740975737571716
1042,0.5740299224853516
1043,0.5740048289299011
1044,0.5740593671798706
1045,0.5742602944374084
1046,0.574741542339325
1047,0.5757774114608765
1048,0.5779054164886475
1049,0.5822079181671143
1050,0.5907764434814453
1051,0.6079405546188354
1052,0.6424866318702698
1053,0.7114739418029785
1054,0.8453748226165771
1055,1.086744785308838
1056,1.461523175239563
1057,1.8765647411346436
1058,1.9680237770080566
1059,1.416356086730957
1060,0.7131973505020142
1061,0.7344963550567627
1062,1.2059003114700317
1063,1.188240885734558
1064,0.7238793969154358
1065,0.6061047911643982
1066,0.9182277917861938
1067,1.052079439163208
1068,0.7907317876815796
1069,0.5814136862754822
1070,0.7127038240432739
1071,0.8423546552658081
1072,0.6963748931884766
1073,0.5788127183914185
1074,0.6942343711853027
1075,0.7289319038391113
1076,0.6033479571342468
1077,0.6034877896308899
1078,0.6886909604072571
1079,0.6441763043403625
1080,0.5743727087974548
1081,0.6234930753707886
1082,0.6614985466003418
1083,0.6044981479644775
1084,0.5778862833976746
1085,0.6211541891098022
1086,0.6229141354560852
1087,0.5809318423271179
1088,0.5887199640274048
1089,0.6135736703872681
1090,0.5921196937561035
1091,0.5756862759590149
1092,0.5954760313034058
1093,0.5976689457893372
1094,0.5762375593185425
1095,0.577558696269989
1096,0.5921034216880798
1097,0.5855444073677063
1098,0.5733753442764282
1099,0.5788221955299377
1100,0.5839720368385315
1101,0.5765613317489624
1102,0.5740446448326111
1103,0.5795531272888184
1104,0.5780084133148193
1105,0.5721458196640015
1106,0.5745788216590881
1107,0.578389048576355
1108,0.5745323896408081
1109,0.5708288550376892
1110,0.5735723376274109
1111,0.5757257342338562
1112,0.5728223919868469
1113,0.5710067749023438
1114,0.5726106762886047
1115,0.5727993845939636
1116,0.5707986354827881
1117,0.57059645652771
1118,0.5719977021217346
1119,0.5713992118835449
1120,0.5695452690124512
1121,0.5694923400878906
1122,0.5706139206886292
1123,0.5704056024551392
1124,0.5692288279533386
1125,0.5689167976379395
1126,0.5692538619041443
1127,0.5690976977348328
1128,0.5686221718788147
1129,0.5685935616493225
1130,0.5686277151107788
1131,0.5682067275047302
1132,0.5678041577339172
1133,0.5678727030754089
1134,0.5680538415908813
1135,0.5677673816680908
1136,0.5673189163208008
1137,0.5672096610069275
1138,0.5672746300697327
1139,0.5671823620796204
1140,0.5669182538986206
1141,0.5667659640312195
1142,0.5667188763618469
1143,0.5665691494941711
1144,0.5663686990737915
1145,0.566256046295166
1146,0.5662273168563843
1147,0.5661105513572693
1148,0.5658909678459167
1149,0.5657389163970947
1150,0.5656942129135132
1151,0.5656399130821228
1152,0.5654746294021606
1153,0.5652875900268555
1154,0.5651939511299133
1155,0.5651435852050781
1156,0.5650416612625122
1157,0.5648724436759949
1158,0.5647310614585876
1159,0.5646653771400452
1160,0.5645923614501953
1161,0.5644583106040955
1162,0.5642926692962646
1163,0.5641705989837646
1164,0.5641093850135803
1165,0.5640304684638977
1166,0.5638962984085083
1167,0.5637396574020386
1168,0.563616156578064
1169,0.5635396242141724
1170,0.5634573698043823
1171,0.5633396506309509
1172,0.5632021427154541
1173,0.5630825161933899
1174,0.5629959106445312
1175,0.5629084706306458
1176,0.5628005266189575
1177,0.5626765489578247
1178,0.5625603199005127
1179,0.5624691843986511
1180,0.5623782873153687
1181,0.5622742176055908
1182,0.562156617641449
1183,0.5620374083518982
1184,0.5619359612464905
1185,0.5618417859077454
1186,0.5617476105690002
1187,0.561643123626709
1188,0.5615297555923462
1189,0.5614229440689087
1190,0.5613209009170532
1191,0.5612269043922424
1192,0.5611318945884705
1193,0.5610265731811523
1194,0.560918927192688
1195,0.5608102083206177
1196,0.560711145401001
1197,0.5606200695037842
1198,0.5605224370956421
1199,0.5604168176651001
1200,0.5603033900260925
1201,0.5601999163627625
1202,0.5601108074188232
1203,0.5600243210792542
1204,0.5599333643913269
1205,0.5598241686820984
1206,0.5597105026245117
1207,0.5596100687980652
1208,0.5595164895057678
1209,0.5594218373298645
1210,0.559326708316803
1211,0.559248149394989
1212,0.5591962337493896
1213,0.5591877102851868
1214,0.5592504143714905
1215,0.5593442320823669
1216,0.5595077872276306
1217,0.5599315166473389
1218,0.5608425140380859
1219,0.5626891851425171
1220,0.5662142634391785
1221,0.5730318427085876
1222,0.5865098237991333
1223,0.613226592540741
1224,0.665757954120636
1225,0.7573859095573425
1226,0.9164968132972717
1227,1.198089838027954
1228,1.6146268844604492
1229,2.0578832626342773
1230,2.067152976989746
1231,1.4196186065673828
1232,0.7028375864028931
1233,0.7507133483886719
1234,1.2511959075927734
1235,1.2301290035247803
1236,0.7527461051940918
1237,0.5704853534698486
1238,0.8402777910232544
1239,1.1261961460113525
1240,0.9803164005279541
1241,0.6409109830856323
1242,0.5958235263824463
1243,0.7977482676506042
1244,0.8358534574508667
1245,0.618649959564209
1246,0.6279045939445496
1247,0.8101954460144043
1248,0.7501992583274841
1249,0.5806482434272766
1250,0.639768123626709
1251,0.8221227526664734
1252,0.7606964707374573
1253,0.5860390663146973
1254,0.6073773503303528
1255,0.7483114004135132
1256,0.73004549741745
1257,0.5859680771827698
1258,0.5950356125831604
1259,0.6894633173942566
1260,0.6574282050132751
1261,0.5703535676002502
1262,0.5937890410423279
1263,0.6474936008453369
1264,0.607265293598175
1265,0.5624926090240479
1266,0.5823989510536194
1267,0.6055719256401062
1268,0.5818125605583191
1269,0.5608054995536804
1270,0.5734001994132996
1271,0.5764276385307312
1272,0.5635977387428284
1273,0.5613229274749756
1274,0.5702757239341736
1275,0.5653340220451355
1276,0.5585977435112
1277,0.565230131149292
1278,0.5683789849281311
1279,0.5612634420394897
1280,0.5587078928947449
1281,0.5692707300186157
1282,0.5708193182945251
1283,0.5603769421577454
1284,0.5578815340995789
1285,0.5672957897186279
1286,0.5711872577667236
1287,0.561289370059967
1288,0.5569260716438293
1289,0.5636855363845825
1290,0.5675765872001648
1291,0.5616101622581482
1292,0.556027352809906
1293,0.5596171021461487
1294,0.5633541345596313
1295,0.5605999231338501
1296,0.5560780763626099
1297,0.5563449859619141
1298,0.559336245059967
1299,0.558747410774231
1300,0.555942714214325
1301,0.5549744963645935
1302,0.5562493205070496
1303,0.5567837953567505
1304,0.5554153919219971
1305,0.5544221997261047
1306,0.5545690059661865
1307,0.554945707321167
1308,0.554645299911499
1309,0.5540167689323425
1310,0.5538292527198792
1311,0.5538362264633179
1312,0.5537490248680115
1313,0.5535276532173157
1314,0.5533432364463806
1315,0.5532528162002563
1316,0.5531655550003052
1317,0.553058385848999
1318,0.5529226064682007
1319,0.5527875423431396
1320,0.5526900291442871
1321,0.5526900291442871
1322,0.5526307821273804
1323,0.5524397492408752
1324,0.5522414445877075
1325,0.5521870255470276
1326,0.5522990226745605
1327,0.5522401332855225
1328,0.5519554615020752
1329,0.5517080426216125
1330,0.5517081618309021
1331,0.5518836975097656
1332,0.5518079400062561
1333,0.5514635443687439
1334,0.5511890649795532
1335,0.5512088537216187
1336,0.5514022707939148
1337,0.5513318777084351
1338,0.5509779453277588
1339,0.5506820678710938
1340,0.5506781935691833
1341,0.5508584976196289
1342,0.5508190989494324
1343,0.5504980087280273
1344,0.5501878261566162
1345,0.5501295924186707
1346,0.5502756834030151
1347,0.550282895565033
1348,0.5500276684761047
1349,0.5497143864631653
1350,0.5495824813842773
1351,0.5496731996536255
1352,0.5497260093688965
1353,0.5495603084564209
1354,0.5492702722549438
1355,0.549065113067627
1356,0.5490731000900269
1357,0.5491436123847961
1358,0.5490736961364746
1359,0.5488467216491699
1360,0.5485970377922058
1361,0.5485085844993591
1362,0.548550546169281
1363,0.5485500693321228
1364,0.5484113693237305
1365,0.5481683015823364
1366,0.5480009913444519
1367,0.5479775667190552
1368,0.5479931831359863
1369,0.5479316115379333
1370,0.5477369427680969
1371,0.5475382208824158
1372,0.5474497079849243
1373,0.547436535358429
1374,0.547408938407898
1375,0.5472713708877563
1376,0.5470864772796631
1377,0.5469636917114258
1378,0.546907365322113
1379,0.5468708872795105
1380,0.546768844127655
1381,0.5466194748878479
1382,0.5464984178543091
1383,0.5464169383049011
1384,0.5463561415672302
1385,0.5462622046470642
1386,0.5461404323577881
1387,0.5460352897644043
1388,0.5459500551223755
1389,0.5458749532699585
1390,0.545778214931488
1391,0.5456697344779968
1392,0.5455769300460815
1393,0.5454961657524109
1394,0.5454176068305969
1395,0.5453166961669922
1396,0.545210063457489
1397,0.5451224446296692
1398,0.5450462698936462
1399,0.5449703931808472
1400,0.5448675751686096
1401,0.5447558164596558
1402,0.5446643829345703
1403,0.5445877909660339
1404,0.5445154905319214
1405,0.5444169044494629
1406,0.5443047881126404
1407,0.5442083477973938
1408,0.5441255569458008
1409,0.5440496206283569
1410,0.5439555048942566
1411,0.5438502430915833
1412,0.5437555909156799
1413,0.5436702370643616
1414,0.5435898900032043
1415,0.5434964895248413
1416,0.5433956980705261
1417,0.5433045029640198
1418,0.543220579624176
1419,0.5431401133537292
1420,0.5430458188056946
1421,0.5429450273513794
1422,0.5428535342216492
1423,0.5427692532539368
1424,0.5426890850067139
1425,0.5425961017608643
1426,0.5424957275390625
1427,0.542402982711792
1428,0.5423163175582886
1429,0.542233943939209
1430,0.5421425104141235
1431,0.5420458912849426
1432,0.54195636510849
1433,0.5418720841407776
1434,0.5417930483818054
1435,0.5417091846466064
1436,0.5416282415390015
1437,0.5415676236152649
1438,0.5415401458740234
1439,0.5415725708007812
1440,0.5417050719261169
1441,0.5420486927032471
1442,0.5428451895713806
1443,0.5445652604103088
1444,0.5481941103935242
1445,0.5557221174240112
1446,0.5714264512062073
1447,0.6043292284011841
1448,0.6728362441062927
1449,0.8120681047439575
1450,1.0769829750061035
1451,1.5184929370880127
1452,2.062915086746216
1453,2.268087148666382
1454,1.632446527481079
1455,0.7317935228347778
1456,0.791645884513855
1457,1.3723645210266113
1458,1.2139045000076294
1459,0.6397883892059326
1460,0.6813843250274658
1461,1.1010102033615112
1462,1.0756112337112427
1463,0.6658570766448975
1464,0.5889952778816223
1465,0.8481354117393494
1466,0.8062211275100708
1467,0.5637773275375366
1468,0.6489241719245911
1469,0.7654406428337097
1470,0.6031140685081482
1471,0.5764226317405701
1472,0.6982017755508423
1473,0.6295198202133179
1474,0.54798823595047
1475,0.6316304802894592
1476,0.64890056848526
1477,0.5586404204368591
1478,0.5731344819068909
1479,0.6240541338920593
1480,0.5718178749084473
1481,0.5507120490074158
1482,0.5976953506469727
1483,0.5783624649047852
1484,0.5456568002700806
1485,0.5729863047599792
1486,0.5744292736053467
1487,0.5480855107307434
1488,0.5600773096084595
1489,0.5704664587974548
1490,0.5489972233772278
1491,0.5494732856750488
1492,0.5655900835990906
1493,0.5542561411857605
1494,0.5436524152755737
1495,0.5548530220985413
1496,0.5556686520576477
1497,0.5462566018104553
1498,0.5501259565353394
1499,0.5518768429756165
1500,0.5438977479934692
1501,0.5454510450363159
1502,0.5520560145378113
1503,0.5476706624031067
1504,0.541895866394043
1505,0.5445329546928406
1506,0.5462396740913391
1507,0.5440815687179565
1508,0.544483482837677
1509,0.5447316765785217
1510,0.541465163230896
1511,0.5413954854011536
1512,0.5446497797966003
1513,0.5442855954170227
1514,0.5413423180580139
1515,0.5407764315605164
1516,0.5417901277542114
1517,0.5416472554206848
1518,0.5417788624763489
1519,0.542237401008606
1520,0.540748119354248
1521,0.5390856266021729
1522,0.5398726463317871
1523,0.5413709282875061
1524,0.5410169959068298
1525,0.5394538044929504
1526,0.5387552380561829
1527,0.5389570593833923
1528,0.5392557382583618
1529,0.5396514534950256
1530,0.5393384695053101
1531,0.5382798910140991
1532,0.5376710891723633
1533,0.5379829406738281
1534,0.5385534167289734
1535,0.5382363200187683
1536,0.5375047922134399
1537,0.5372334122657776
1538,0.5372380614280701
1539,0.5373049974441528
1540,0.5371801853179932
1541,0.5369329452514648
1542,0.5366882085800171
1543,0.5365124344825745
1544,0.536554753780365
1545,0.5365046262741089
1546,0.5362580418586731
1547,0.536051332950592
1548,0.5360363125801086
1549,0.5361115336418152
1550,0.5359222292900085
1551,0.5356307029724121
1552,0.5355468988418579
1553,0.5356265306472778
1554,0.535680890083313
1555,0.5354377627372742
1556,0.5351259112358093
1557,0.5350219011306763
1558,0.5350466966629028
1559,0.535096287727356
1560,0.5349278450012207
1561,0.5346543192863464
1562,0.5345045328140259
1563,0.5344499349594116
1564,0.5344533324241638
1565,0.5343260169029236
1566,0.5341240167617798
1567,0.5340064764022827
1568,0.5339556336402893
1569,0.5339442491531372
1570,0.5338103175163269
1571,0.5336260199546814
1572,0.5335276126861572
1573,0.533491849899292
1574,0.5334930419921875
1575,0.5333623290061951
1576,0.5331664085388184
1577,0.5330451726913452
1578,0.5329799652099609
1579,0.5329560041427612
1580,0.5328422784805298
1581,0.5326831340789795
1582,0.5325779318809509
1583,0.5325127243995667
1584,0.5324835181236267
1585,0.532372236251831
1586,0.5322186946868896
1587,0.5321115255355835
1588,0.5320402383804321
1589,0.5320059061050415
1590,0.5319018959999084
1591,0.531757116317749
1592,0.5316483378410339
1593,0.5315680503845215
1594,0.5315209031105042
1595,0.5314201712608337
1596,0.5312905311584473
1597,0.5311918258666992
1598,0.5311183929443359
1599,0.5310791730880737
1600,0.5309836268424988
1601,0.5308483242988586
1602,0.5307356119155884
1603,0.5306360125541687
1604,0.5305556058883667
1605,0.5304589867591858
1606,0.5303789377212524
1607,0.5303379893302917
1608,0.530344545841217
1609,0.5304392576217651
1610,0.5304700136184692
1611,0.530433714389801
1612,0.5305241942405701
1613,0.5308140516281128
1614,0.5314820408821106
1615,0.5331776142120361
1616,0.5369166135787964
1617,0.5442017316818237
1618,0.5585156679153442
1619,0.586636483669281
1620,0.6344172358512878
1621,0.7182050943374634
1622,0.8779276609420776
1623,1.154935598373413
1624,1.5763603448867798
1625,1.95377779006958
1626,1.9596374034881592
1627,1.3553221225738525
1628,0.6815989017486572
1629,0.691429853439331
1630,1.1005674600601196
1631,1.1386446952819824
1632,0.7946736216545105
1633,0.5429820418357849
1634,0.6346293687820435
1635,0.8321406841278076
1636,0.8367048501968384
1637,0.673860490322113
1638,0.5386661291122437
1639,0.5777390003204346
1640,0.6401410102844238
1641,0.5852792859077454
1642,0.5385880470275879
1643,0.5692655444145203
1644,0.6021196842193604
1645,0.5563860535621643
1646,0.5366902351379395
1647,0.5868033170700073
1648,0.6166154742240906
1649,0.5813559293746948
1650,0.532372236251831
1651,0.5784339308738708
1652,0.6357372999191284
1653,0.5989055633544922
1654,0.5381720662117004
1655,0.5652409791946411
1656,0.6497941613197327
1657,0.6315476298332214
1658,0.5485401749610901
1659,0.5396075248718262
1660,0.6139392852783203
1661,0.6561047434806824
1662,0.5923781394958496
1663,0.5313085913658142
1664,0.5593807101249695
1665,0.6168041229248047
1666,0.6058546304702759
1667,0.5443541407585144
1668,0.5371105074882507
1669,0.5793543457984924
1670,0.5917572975158691
1671,0.5554631352424622
1672,0.5291317701339722
1673,0.5484378933906555
1674,0.5706150531768799
1675,0.5594645738601685
1676,0.5340903401374817
1677,0.5311920642852783
1678,0.548148512840271
1679,0.5521390438079834
1680,0.5379498600959778
1681,0.528253972530365
1682,0.5346455574035645
1683,0.5426866412162781
1684,0.5383915901184082
1685,0.5295350551605225
1686,0.528354823589325
1687,0.5337832570075989
1688,0.5358056426048279
1689,0.5313029885292053
1690,0.5272794961929321
1691,0.5282803177833557
1692,0.5311321020126343
1693,0.5308842658996582
1694,0.5279827117919922
1695,0.5265572667121887
1696,0.5275781750679016
1697,0.528713047504425
1698,0.5280722379684448
1699,0.5265511274337769
1700,0.5260313749313354
1701,0.526518702507019
1702,0.5268922448158264
1703,0.5264672040939331
1704,0.5257294774055481
1705,0.5254650712013245
1706,0.5255928039550781
1707,0.5256745219230652
1708,0.5254534482955933
1709,0.5250994563102722
1710,0.5249110460281372
1711,0.5248627066612244
1712,0.5248289108276367
1713,0.5247151255607605
1714,0.5245387554168701
1715,0.52439284324646
1716,0.5242832899093628
1717,0.5241926908493042
1718,0.5241011381149292
1719,0.5239945650100708
1720,0.5238884687423706
1721,0.5237825512886047
1722,0.5236712694168091
1723,0.523564338684082
1724,0.5234659314155579
1725,0.5233791470527649
1726,0.523297905921936
1727,0.5231974720954895
1728,0.523079514503479
1729,0.5229633450508118
1730,0.5228664875030518
1731,0.5227972269058228
1732,0.5227221846580505
1733,0.522617518901825
1734,0.522491991519928
1735,0.5223696231842041
1736,0.5222853422164917
1737,0.5222241878509521
1738,0.5221467614173889
1739,0.5220367312431335
1740,0.521899938583374
1741,0.5217858552932739
1742,0.521712064743042
1743,0.5216488838195801
1744,0.5215657949447632
1745,0.5214405655860901
1746,0.5213102698326111
1747,0.521212637424469
1748,0.5211392045021057
1749,0.5210671424865723
1750,0.5209629535675049
1751,0.5208403468132019
1752,0.5207335948944092
1753,0.5206448435783386
1754,0.520564615726471
1755,0.5204694271087646
1756,0.5203611850738525
1757,0.5202601552009583
1758,0.5201677083969116
1759,0.5200800895690918
1760,0.5199843645095825
1761,0.5198835134506226
1762,0.5197885036468506
1763,0.5196980834007263
1764,0.5196094512939453
1765,0.5195128321647644
1766,0.5194140076637268
1767,0.5193217992782593
1768,0.5192339420318604
1769,0.5191466212272644
1770,0.5190487504005432
1771,0.5189474821090698
1772,0.5188536643981934
1773,0.518765389919281
1774,0.5186796188354492
1775,0.5185841917991638
1776,0.5184829831123352
1777,0.5183868408203125
1778,0.5182954668998718
1779,0.5182068943977356
1780,0.5181132555007935
1781,0.5180155634880066
1782,0.5179216265678406
1783,0.5178301930427551
1784,0.5177404880523682
1785,0.5176460146903992
1786,0.5175498127937317
1787,0.5174569487571716
1788,0.5173665881156921
1789,0.517277717590332
1790,0.5171830058097839
1791,0.5170854926109314
1792,0.5169912576675415
1793,0.5168994665145874
1794,0.5168095231056213
1795,0.5167157649993896
1796,0.5166193246841431
1797,0.5165254473686218
1798,0.5164332985877991
1799,0.5163424611091614
1800,0.5162485241889954
1801,0.5161527991294861
1802,0.5160593390464783
1803,0.5159674882888794
1804,0.5158766508102417
1805,0.5157827138900757
1806,0.5156864523887634
1807,0.5155921578407288
1808,0.5154989361763
1809,0.515406608581543
1810,0.5153125524520874
1811,0.515217661857605
1812,0.5151246786117554
1813,0.5150327682495117
1814,0.5149422883987427
1815,0.5148487091064453
1816,0.514752209186554
1817,0.5146568417549133
1818,0.5145622491836548
1819,0.5144681334495544
1820,0.5143764019012451
1821,0.5142902731895447
1822,0.5142106413841248
1823,0.5141411423683167
1824,0.5140891075134277
1825,0.514043390750885
1826,0.5140120387077332
1827,0.5140383839607239
1828,0.5141685605049133
1829,0.5144897103309631
1830,0.5151570439338684
1831,0.5164781212806702
1832,0.5190686583518982
1833,0.5240981578826904
1834,0.5338863134384155
1835,0.5510201454162598
1836,0.5824471712112427
1837,0.6435129642486572
1838,0.7604568600654602
1839,0.971668004989624
1840,1.2932512760162354
1841,1.6770607233047485
1842,1.9663782119750977
1843,1.7640206813812256
1844,1.0725300312042236
1845,0.5795088410377502
1846,0.7757833003997803
1847,1.1815402507781982
1848,1.1630756855010986
1849,0.7881746292114258
1850,0.5293503403663635
1851,0.6123668551445007
1852,0.8454893827438354
1853,0.8989596366882324
1854,0.6982449889183044
1855,0.5239335894584656
1856,0.5931310653686523
1857,0.7104759812355042
1858,0.6388601064682007
1859,0.5244576930999756
1860,0.5584245324134827
1861,0.6279393434524536
1862,0.5991429090499878
1863,0.5293001532554626
1864,0.5298932790756226
1865,0.571757972240448
1866,0.5645952820777893
1867,0.5255205035209656
1868,0.520433783531189
1869,0.5467717051506042
1870,0.5420789122581482
1871,0.5189616084098816
1872,0.5245798826217651
1873,0.540115475654602
1874,0.5332019925117493
1875,0.5162369012832642
1876,0.5257604718208313
1877,0.5429979562759399
1878,0.5358031988143921
1879,0.5173814296722412
1880,0.5189195275306702
1881,0.53862464427948
1882,0.5383899211883545
1883,0.5205575823783875
1884,0.516560435295105
1885,0.5300467610359192
1886,0.5364916324615479
1887,0.5242270827293396
1888,0.5154644250869751
1889,0.5219882130622864
1890,0.5299865007400513
1891,0.5256525874137878
1892,0.5154271721839905
1893,0.5153595209121704
1894,0.5227261185646057
1895,0.5239562392234802
1896,0.5169011354446411
1897,0.5121080279350281
1898,0.515578031539917
1899,0.5199592113494873
1900,0.5182597637176514
1901,0.5132690668106079
1902,0.5116530060768127
1903,0.5142012238502502
1904,0.5158388018608093
1905,0.5140666961669922
1906,0.5116451382637024
1907,0.5116186738014221
1908,0.5130215287208557
1909,0.5130605101585388
1910,0.5114942193031311
1911,0.5104458332061768
1912,0.5109909176826477
1913,0.5118682384490967
1914,0.5115841031074524
1915,0.5103960037231445
1916,0.5097200274467468
1917,0.510061502456665
1918,0.5105517506599426
1919,0.5103467106819153
1920,0.5096295475959778
1921,0.5092648863792419
1922,0.509476900100708
1923,0.5096880793571472
1924,0.5094389915466309
1925,0.5088902115821838
1926,0.5086194276809692
1927,0.5087665319442749
1928,0.5089325308799744
1929,0.5087816119194031
1930,0.508370041847229
1931,0.5081139206886292
1932,0.5081605911254883
1933,0.5082547664642334
1934,0.508141815662384
1935,0.5078006386756897
1936,0.5075455904006958
1937,0.5075386762619019
1938,0.5076164603233337
1939,0.5075701475143433
1940,0.507310152053833
1941,0.5070573687553406
1942,0.5069898366928101
1943,0.5070211291313171
1944,0.5069905519485474
1945,0.5067841410636902
1946,0.5065507888793945
1947,0.5064501166343689
1948,0.5064467787742615
1949,0.5064287781715393
1950,0.5062660574913025
1951,0.5060500502586365
1952,0.505925178527832
1953,0.5058822631835938
1954,0.5058510899543762
1955,0.50572270154953
1956,0.5055459141731262
1957,0.5054261088371277
1958,0.5053648352622986
1959,0.5053218603134155
1960,0.505208432674408
1961,0.5050545930862427
1962,0.504941999912262
1963,0.5048691630363464
1964,0.5048103332519531
1965,0.5047135353088379
1966,0.5046089291572571
1967,0.5045532584190369
1968,0.5045541524887085
1969,0.5046133399009705
1970,0.504683256149292
1971,0.504833996295929
1972,0.5052310228347778
1973,0.5060312747955322
1974,0.5075236558914185
1975,0.5102773308753967
1976,0.5154086947441101
1977,0.5249815583229065
1978,0.5427963733673096
1979,0.575930118560791
1980,0.6348040699958801
1981,0.738434374332428
1982,0.912781834602356
1983,1.17279052734375
1984,1.461124062538147
1985,1.583827257156372
1986,1.3046448230743408
1987,0.7775759696960449
1988,0.532731294631958
1989,0.7625507712364197
1990,1.031512975692749
1991,0.9541332721710205
1992,0.6622998118400574
1993,0.5107839703559875
1994,0.6245145201683044
1995,0.778150200843811
1996,0.7305187582969666
1997,0.5605169534683228
1998,0.518539309501648
1999,0.6230504512786865
2000,0.6431877613067627
2001,0.5424613952636719
2002,0.5127158761024475
2003,0.5809028148651123
2004,0.6017839312553406
2005,0.5377567410469055
2006,0.5079121589660645
2007,0.5516858100891113
2008,0.5752516388893127
2009,0.5352770686149597
2010,0.5053974390029907
2011,0.5364291071891785
2012,0.5579661130905151
2013,0.528022050857544
2014,0.5057628750801086
2015,0.5269365906715393
2016,0.5466763973236084
2017,0.5282207131385803
2018,0.5082837343215942
2019,0.5173372030258179
2020,0.5317111611366272
2021,0.5255427360534668
2022,0.511472761631012
2023,0.5135838389396667
2024,0.5214557647705078
2025,0.5174753069877625
2026,0.5101075768470764
2027,0.5122373700141907
2028,0.5176212787628174
2029,0.5136815905570984
2030,0.5060720443725586
2031,0.5072138905525208
2032,0.5138971209526062
2033,0.5143002271652222
2034,0.5070021748542786
2035,0.5024759769439697
2036,0.5062981247901917
2037,0.5112091898918152
2038,0.5097886323928833
2039,0.5045521259307861
2040,0.5020778775215149
2041,0.5044535398483276
2042,0.5075151920318604
2043,0.5074602961540222
2044,0.504939079284668
2045,0.5022554993629456
2046,0.5020332932472229
2047,0.503979504108429
2048,0.5055513381958008
2049,0.5051180720329285
2050,0.5024603605270386
2051,0.5006774663925171
2052,0.5016261339187622
2053,0.5036870241165161
2054,0.5045531988143921
2055,0.5025807619094849
2056,0.5002397894859314
2057,0.5001000165939331
2058,0.5015636682510376
2059,0.502870500087738
2060,0.5019308924674988
2061,0.5000558495521545
2062,0.4994266927242279
2063,0.4999951422214508
2064,0.5008976459503174
2065,0.5005471706390381
2066,0.4994898736476898
2067,0.49902990460395813
2068,0.4991077780723572
2069,0.4994209408760071
2070,0.49914106726646423
2071,0.4986550807952881
2072,0.49857741594314575
2073,0.4986346960067749
2074,0.4986487627029419
2075,0.49823394417762756
2076,0.4979553520679474
2077,0.4981490671634674
2078,0.49837008118629456
2079,0.49836647510528564
2080,0.49777939915657043
2081,0.49737825989723206
2082,0.49761414527893066
2083,0.4980026185512543
2084,0.4981635808944702
2085,0.49753642082214355
2086,0.4968845248222351
2087,0.4969164729118347
2088,0.4972761273384094
2089,0.49755844473838806
2090,0.4970843195915222
2091,0.49639782309532166
2092,0.4962570071220398
2093,0.4964827597141266
2094,0.49675536155700684
2095,0.4964407682418823
2096,0.495879590511322
2097,0.49569830298423767
2098,0.49584269523620605
2099,0.496113657951355
2100,0.4959034323692322
2101,0.49542778730392456
2102,0.49521592259407043
2103,0.49526017904281616
2104,0.49547114968299866
2105,0.49532243609428406
2106,0.494930624961853
2107,0.4947226941585541
2108,0.4946792721748352
2109,0.49476152658462524
2110,0.49462077021598816
2111,0.4943518042564392
2112,0.4942351281642914
2113,0.49423331022262573
2114,0.494316965341568
2115,0.49416324496269226
2116,0.4938875436782837
2117,0.4937584400177002
2118,0.49372828006744385
2119,0.49376773834228516
2120,0.49361470341682434
2121,0.49338093400001526
2122,0.49328678846359253
2123,0.4932922124862671
2124,0.4933757185935974
2125,0.4932402968406677
2126,0.49296653270721436
2127,0.4928031265735626
2128,0.49271246790885925
2129,0.4926743805408478
2130,0.49255168437957764
2131,0.492440402507782
2132,0.49245965480804443
2133,0.49261733889579773
2134,0.4929710328578949
2135,0.4931008815765381
2136,0.49300697445869446
2137,0.49316567182540894
2138,0.49366483092308044
2139,0.4947358965873718
2140,0.49753838777542114
2141,0.5037544369697571
2142,0.5154582262039185
2143,0.5377131104469299
2144,0.5798361897468567
2145,0.6473516225814819
2146,0.7572144269943237
2147,0.9519911408424377
2148,1.250499963760376
2149,1.6234395503997803
2150,1.8049473762512207
2151,1.535570502281189
2152,0.8941275477409363
2153,0.5359700322151184
2154,0.7763728499412537
2155,1.0911571979522705
2156,1.0219988822937012
2157,0.7116002440452576
2158,0.5082406401634216
2159,0.5710646510124207
2160,0.7166601419448853
2161,0.7083386182785034
2162,0.577635645866394
2163,0.49830394983291626
2164,0.5561227798461914
2165,0.5905566811561584
2166,0.5285334587097168
2167,0.49737170338630676
2168,0.5330769419670105
2169,0.5650084018707275
2170,0.5255317687988281
2171,0.4983637034893036
2172,0.5339603424072266
2173,0.5643912553787231
2174,0.5402153134346008
2175,0.4953781068325043
2176,0.5316657423973083
2177,0.5839773416519165
2178,0.5568178296089172
2179,0.5012630224227905
2180,0.5128535032272339
2181,0.5914886593818665
2182,0.6034388542175293
2183,0.5345975756645203
2184,0.49405616521835327
2185,0.5395235419273376
2186,0.6039797067642212
2187,0.5758914947509766
2188,0.506826639175415
2189,0.5052788853645325
2190,0.5628089308738708
2191,0.5833632349967957
2192,0.531421959400177
2193,0.4943893253803253
2194,0.5200912356376648
2195,0.5582736730575562
2196,0.5490924119949341
2197,0.5068609118461609
2198,0.49548009037971497
2199,0.5213525295257568
2200,0.536573588848114
2201,0.5171471834182739
2202,0.4938949644565582
2203,0.49946096539497375
2204,0.5174328684806824
2205,0.5169426202774048
2206,0.49959230422973633
2207,0.4909243583679199
2208,0.4998290240764618
2209,0.5088752508163452
2210,0.5034918785095215
2211,0.49239277839660645
2212,0.4909844994544983
2213,0.49817460775375366
2214,0.5013652443885803
2215,0.49558570981025696
2216,0.4899061918258667
2217,0.49155479669570923
2218,0.496112197637558
2219,0.496336966753006
2220,0.4917636513710022
2221,0.48923778533935547
2222,0.4915231764316559
2223,0.49420297145843506
2224,0.49324437975883484
2225,0.4896935522556305
2226,0.4887045919895172
2227,0.49107638001441956
2228,0.4928819537162781
2229,0.491644948720932
2230,0.4886864125728607
2231,0.4881031811237335
2232,0.49018728733062744
2233,0.49170827865600586
2234,0.4907381236553192
2235,0.48819905519485474
2236,0.4875654876232147
2237,0.48927009105682373
2238,0.4906681478023529
2239,0.49000951647758484
2240,0.4877440333366394
2241,0.4869368076324463
2242,0.488337904214859
2243,0.48980802297592163
2244,0.4895855784416199
2245,0.48750579357147217
2246,0.4863017499446869
2247,0.48723357915878296
2248,0.48874419927597046
2249,0.4890669286251068
2250,0.48735931515693665
2251,0.4858699440956116
2252,0.4862588047981262
2253,0.4875945448875427
2254,0.48833024501800537
2255,0.4871083199977875
2256,0.4855296313762665
2257,0.4853988289833069
2258,0.4863424599170685
2259,0.48722490668296814
2260,0.48652592301368713
2261,0.48518043756484985
2262,0.4847908318042755
2263,0.48530125617980957
2264,0.4860198199748993
2265,0.48564374446868896
2266,0.4846705198287964
2267,0.4843026101589203
2268,0.4845532774925232
2269,0.48503103852272034
2270,0.48476386070251465
2271,0.4840831160545349
2272,0.48384183645248413
2273,0.48400434851646423
2274,0.48430871963500977
2275,0.4840419590473175
2276,0.48353204131126404
2277,0.4834136664867401
2278,0.48359641432762146
2279,0.48385563492774963
2280,0.48356300592422485
2281,0.4830743074417114
2282,0.4829726815223694
2283,0.48315712809562683
2284,0.4834231436252594
2285,0.48315343260765076
2286,0.48266229033470154
2287,0.4825216829776764
2288,0.48266544938087463
2289,0.4829418957233429
2290,0.4827660322189331
2291,0.4823569655418396
2292,0.4822447597980499
2293,0.48240357637405396
2294,0.48276761174201965
2295,0.48300474882125854
2296,0.4834519326686859
2297,0.48474904894828796
2298,0.4874110519886017
2299,0.4924277365207672
2300,0.5010374784469604
2301,0.5168975591659546
2302,0.5475961565971375
2303,0.6057389974594116
2304,0.7131606340408325
2305,0.8985059261322021
2306,1.1838710308074951
2307,1.5189003944396973
2308,1.689919114112854
2309,1.3974896669387817
2310,0.7841745615005493
2311,0.5198681354522705
2312,0.8219484686851501
2313,1.110904574394226
2314,0.9484272003173828
2315,0.5873458981513977
2316,0.5040138363838196
2317,0.7239606380462646
2318,0.8566474914550781
2319,0.6849185824394226
2320,0.4918801784515381
2321,0.5740392804145813
2322,0.6970428824424744
2323,0.5948955416679382
2324,0.4882428050041199
2325,0.5679910778999329
2326,0.6288025379180908
2327,0.5442941784858704
2328,0.48930516839027405
2329,0.5492207407951355
2330,0.5779335498809814
2331,0.515781581401825
2332,0.4900936186313629
2333,0.5354595184326172
2334,0.5378721952438354
2335,0.49292895197868347
2336,0.49727529287338257
2337,0.5278618335723877
2338,0.5119118094444275
2339,0.4849734902381897
2340,0.49853944778442383
2341,0.515672504901886
2342,0.49971306324005127
2343,0.4850848317146301
2344,0.49626269936561584
2345,0.5023444294929504
2346,0.49025365710258484
2347,0.48671311140060425
2348,0.4954822361469269
2349,0.4939712584018707
2350,0.4846048951148987
2351,0.4862188696861267
2352,0.493276447057724
2353,0.4903927445411682
2354,0.483130544424057
2355,0.4841540455818176
2356,0.48899123072624207
2357,0.487438827753067
2358,0.4831950068473816
2359,0.4836988151073456
2360,0.48574039340019226
2361,0.48436257243156433
2362,0.48245278000831604
2363,0.48343151807785034
2364,0.4844472408294678
2365,0.4827169179916382
2366,0.4810473620891571
2367,0.48199835419654846
2368,0.4833041727542877
2369,0.4824071526527405
2370,0.4806883931159973
2371,0.4806463122367859
2372,0.481585830450058
2373,0.48154833912849426
2374,0.4807189106941223
2375,0.48031577467918396
2376,0.48046794533729553
2377,0.48037001490592957
2378,0.4799458682537079
2379,0.47985783219337463
2380,0.4799935221672058
2381,0.47980228066444397
2382,0.4793018102645874
2383,0.4790174961090088
2384,0.4791911244392395
2385,0.4792868494987488
2386,0.4789729714393616
2387,0.4785831570625305
2388,0.47846269607543945
2389,0.47856155037879944
2390,0.4785052239894867
2391,0.47823697328567505
2392,0.478030800819397
2393,0.477992445230484
2394,0.47799840569496155
2395,0.4778631031513214
2396,0.47766342759132385
2397,0.4775618314743042
2398,0.47754618525505066
2399,0.477508544921875
2400,0.47734731435775757
2401,0.47717636823654175
2402,0.47710785269737244
2403,0.4770958721637726
2404,0.47705814242362976
2405,0.47690349817276
2406,0.47672951221466064
2407,0.4766409397125244
2408,0.47660163044929504
2409,0.47655853629112244
2410,0.47643473744392395
2411,0.4762877821922302
2412,0.47619518637657166
2413,0.47613251209259033
2414,0.4760684669017792
2415,0.475955992937088
2416,0.4758371412754059
2417,0.47576001286506653
2418,0.47570255398750305
2419,0.4756411910057068
2420,0.47552961111068726
2421,0.47541046142578125
2422,0.4753313660621643
2423,0.47527527809143066
2424,0.4752221405506134
2425,0.47511953115463257
2426,0.47499799728393555
2427,0.47490790486335754
2428,0.47483906149864197
2429,0.4747770428657532
2430,0.47468268871307373
2431,0.4745773375034332
2432,0.47449588775634766
2433,0.4744325876235962
2434,0.47437790036201477
2435,0.4742871820926666
2436,0.47417718172073364
2437,0.4740865230560303
2438,0.474011093378067
2439,0.4739452004432678
2440,0.473859965801239
2441,0.4737668037414551
2442,0.47368860244750977
2443,0.47362348437309265
2444,0.4735705554485321
2445,0.47348958253860474
2446,0.4733874499797821
2447,0.47329625487327576
2448,0.4732118546962738
2449,0.4731312394142151
2450,0.47305867075920105
2451,0.4730147421360016
2452,0.473003625869751
2453,0.4730415344238281
2454,0.47316059470176697
2455,0.4732743203639984
2456,0.47340357303619385
2457,0.47374820709228516
2458,0.4744654595851898
2459,0.4758637249469757
2460,0.4785841107368469
2461,0.4838092625141144
2462,0.49366500973701477
2463,0.5124014616012573
2464,0.5477666854858398
2465,0.606850802898407
2466,0.7062066793441772
2467,0.8834866881370544
2468,1.1609318256378174
2469,1.5261352062225342
2470,1.7376446723937988
2471,1.5426220893859863
2472,0.9434049129486084
2473,0.5258527398109436
2474,0.6853693723678589
2475,1.0095429420471191
2476,1.0143548250198364
2477,0.7504923343658447
2478,0.5151532292366028
2479,0.5075054168701172
2480,0.6299651265144348
2481,0.6584476828575134
2482,0.5683461427688599
2483,0.48335257172584534
2484,0.5092255473136902
2485,0.5475906133651733
2486,0.5104796886444092
2487,0.47681933641433716
2488,0.49157267808914185
2489,0.5217359066009521
2490,0.5038454532623291
2491,0.4789723753929138
2492,0.49413466453552246
2493,0.5160858035087585
2494,0.5081527233123779
2495,0.47820836305618286
2496,0.4992882311344147
2497,0.5369148850440979
2498,0.523382842540741
2499,0.48392489552497864
2500,0.4845038652420044
2501,0.5451663732528687
2502,0.5680162310600281
2503,0.520248293876648
2504,0.4760124683380127
2505,0.5000940561294556
2506,0.5650473833084106
2507,0.5609376430511475
2508,0.4981062710285187
2509,0.4758692979812622
2510,0.5234677195549011
2511,0.5684759616851807
2512,0.5370359420776367
2513,0.4819070100784302
2514,0.48065364360809326
2515,0.5263092517852783
2516,0.549861490726471
2517,0.5143764019012451
2518,0.47525709867477417
2519,0.4841611981391907
2520,0.5182793140411377
2521,0.5235520005226135
2522,0.4924408197402954
2523,0.47203296422958374
2524,0.4857243299484253
2525,0.5064813494682312
2526,0.5028326511383057
2527,0.48120880126953125
2528,0.4716300368309021
2529,0.4825078547000885
2530,0.493134468793869
2531,0.4873017966747284
2532,0.4745544195175171
2533,0.471744179725647
2534,0.47943800687789917
2535,0.48362454771995544
2536,0.47818878293037415
2537,0.4715810716152191
2538,0.47150954604148865
2539,0.47608956694602966
2540,0.4771764874458313
2541,0.4732978045940399
2542,0.47029221057891846
2543,0.47113528847694397
2544,0.473643034696579
2545,0.47329238057136536
2546,0.4707272946834564
2547,0.46970242261886597
2548,0.47078636288642883
2549,0.4720735251903534
2550,0.47115665674209595
2551,0.4695000648498535
2552,0.4694296419620514
2553,0.4704795777797699
2554,0.4710962176322937
2555,0.46995657682418823
2556,0.46884581446647644
2557,0.46927666664123535
2558,0.47030410170555115
2559,0.4705897569656372
2560,0.46930158138275146
2561,0.46839433908462524
2562,0.4690486490726471
2563,0.4701383709907532
2564,0.4703730642795563
2565,0.46897056698799133
2566,0.46797141432762146
2567,0.4686272442340851
2568,0.46983227133750916
2569,0.47024258971214294
2570,0.4688359498977661
2571,0.46757784485816956
2572,0.46799516677856445
2573,0.46922698616981506
2574,0.46994975209236145
2575,0.46876177191734314
2576,0.46728700399398804
2577,0.46729475259780884
2578,0.46831274032592773
2579,0.4692332148551941
2580,0.46843963861465454
2581,0.4670316278934479
2582,0.4667293429374695
2583,0.46737757325172424
2584,0.4682252109050751
2585,0.467773973941803
2586,0.46666303277015686
2587,0.4662986993789673
2588,0.46664679050445557
2589,0.4672560691833496
2590,0.46695676445961
2591,0.46616727113723755
2592,0.46592310070991516
2593,0.46616533398628235
2594,0.46658989787101746
2595,0.46630215644836426
2596,0.46569904685020447
2597,0.4655758738517761
2598,0.46582555770874023
2599,0.46619147062301636
2600,0.4658833146095276
2601,0.4653160274028778
2602,0.46521466970443726
2603,0.46546483039855957
2604,0.4658379852771759
2605,0.4655590057373047
2606,0.4649859666824341
2607,0.46482494473457336
2608,0.4649949073791504
2609,0.4653241038322449
2610,0.46511560678482056
2611,0.46462440490722656
2612,0.46445736289024353
2613,0.4645536541938782
2614,0.4647964835166931
2615,0.4646179676055908
2616,0.46422699093818665
2617,0.4641088843345642
2618,0.46420061588287354
2619,0.4644125998020172
2620,0.4642364978790283
2621,0.4638710916042328
2622,0.4637548327445984
2623,0.4638276994228363
2624,0.4640190303325653
2625,0.46386483311653137
2626,0.46352702379226685
2627,0.4634009003639221
2628,0.4634351432323456
2629,0.46358048915863037
2630,0.4634469151496887
2631,0.4631670415401459
2632,0.46306827664375305
2633,0.4631035327911377
2634,0.46323850750923157
2635,0.46312806010246277
2636,0.46289941668510437
2637,0.462856262922287
2638,0.46297553181648254
2639,0.46327054500579834
2640,0.46347591280937195
2641,0.4637877643108368
2642,0.4646857678890228
2643,0.46651455760002136
2644,0.46998804807662964
2645,0.47627076506614685
2646,0.4881491959095001
2647,0.5109273791313171
2648,0.5541219115257263
2649,0.6345517635345459
2650,0.7759942412376404
2651,1.0054579973220825
2652,1.320676326751709
2653,1.595833659172058
2654,1.5506224632263184
2655,1.046242356300354
2656,0.5462799668312073
2657,0.60085529088974
2658,0.9706414937973022
2659,1.0556052923202515
2660,0.7502031326293945
2661,0.4814700186252594
2662,0.5576371550559998
2663,0.7728334665298462
2664,0.7549459934234619
2665,0.5331248044967651
2666,0.48661959171295166
2667,0.6344459056854248
2668,0.6325458884239197
2669,0.49129563570022583
2670,0.49447736144065857
2671,0.5959842205047607
2672,0.5713226795196533
2673,0.4781751334667206
2674,0.4912693202495575
2675,0.5537727475166321
2676,0.5256657004356384
2677,0.4688034653663635
2678,0.493784099817276
2679,0.5256408452987671
2680,0.4895835518836975
2681,0.46708163619041443
2682,0.496938556432724
2683,0.5036916136741638
2684,0.47378483414649963
2685,0.4696403741836548
2686,0.490612655878067
2687,0.4870845079421997
2688,0.4682579040527344
2689,0.4721568524837494
2690,0.48285380005836487
2691,0.4743247330188751
2692,0.46611055731773376
2693,0.473904013633728
2694,0.47759586572647095
2695,0.4680235981941223
2696,0.46464410424232483
2697,0.4720273017883301
2698,0.47371891140937805
2699,0.46714019775390625
2700,0.46480661630630493
2701,0.4686650335788727
2702,0.46892011165618896
2703,0.46561533212661743
2704,0.465959370136261
2705,0.46770158410072327
2706,0.4658483862876892
2707,0.4632757306098938
2708,0.46456804871559143
2709,0.4670906364917755
2710,0.46566805243492126
2711,0.4625770151615143
2712,0.4624948799610138
2713,0.46432390809059143
2714,0.46462753415107727
2715,0.46299758553504944
2716,0.4621131122112274
2717,0.46258825063705444
2718,0.46267780661582947
2719,0.4622681438922882
2720,0.4619692265987396
2721,0.46193817257881165
2722,0.46171993017196655
2723,0.46121418476104736
2724,0.4611768424510956
2725,0.46134528517723083
2726,0.4611670970916748
2727,0.4607464373111725
2728,0.4605359137058258
2729,0.46077561378479004
2730,0.4607737958431244
2731,0.46038365364074707
2732,0.4601026475429535
2733,0.4601789712905884
2734,0.46045446395874023
2735,0.4602696895599365
2736,0.45979970693588257
2737,0.45960989594459534
2738,0.4597380459308624
2739,0.4599555730819702
2740,0.4597555100917816
2741,0.4593465030193329
2742,0.4591860771179199
2743,0.4592346251010895
2744,0.4593390226364136
2745,0.45917168259620667
2746,0.45889103412628174
2747,0.458793580532074
2748,0.4588196873664856
2749,0.45887550711631775
2750,0.4587163031101227
2751,0.45848581194877625
2752,0.4584116041660309
2753,0.45843741297721863
2754,0.4585012197494507
2755,0.45836207270622253
2756,0.45813047885894775
2757,0.45802411437034607
2758,0.4580017328262329
2759,0.4580240547657013
2760,0.4579095244407654
2761,0.4577362537384033
2762,0.4576617479324341
2763,0.4576548933982849
2764,0.45769205689430237
2765,0.45758476853370667
2766,0.4573989808559418
2767,0.4572962522506714
2768,0.45725035667419434
2769,0.4572444260120392
2770,0.45714882016181946
2771,0.4570184648036957
2772,0.45696020126342773
2773,0.4569588005542755
2774,0.45701172947883606
2775,0.45693570375442505
2776,0.4567602276802063
2777,0.45663782954216003
2778,0.4565449357032776
2779,0.4564683437347412
2780,0.45642369985580444
2781,0.4565087854862213
2782,0.4567497670650482
2783,0.4572237432003021
2784,0.45809030532836914
2785,0.4589312970638275
2786,0.45983120799064636
2787,0.46175962686538696
2788,0.46547383069992065
2789,0.4724745750427246
2790,0.4858606159687042
2791,0.5112767815589905
2792,0.5579749941825867
2793,0.6436009407043457
2794,0.7921671867370605
2795,1.0042777061462402
2796,1.2506977319717407
2797,1.480315923690796
2798,1.4616928100585938
2799,1.1009292602539062
2800,0.6297261714935303
2801,0.4901244342327118
2802,0.7252872586250305
2803,0.9947069883346558
2804,1.0333545207977295
2805,0.8049311637878418
2806,0.5363103151321411
2807,0.4647955596446991
2808,0.5976685285568237
2809,0.7043699026107788
2810,0.6065644025802612
2811,0.47205206751823425
2812,0.5012469291687012
2813,0.6034936904907227
2814,0.602096676826477
2815,0.49779167771339417
2816,0.4633726477622986
2817,0.5349171757698059
2818,0.5821183323860168
2819,0.5325299501419067
2820,0.4623187184333801
2821,0.4905083477497101
2822,0.5520398616790771
2823,0.5320165753364563
2824,0.4702425003051758
2825,0.46968555450439453
2826,0.528084933757782
2827,0.5395121574401855
2828,0.4881262183189392
2829,0.4581018388271332
2830,0.4884890019893646
2831,0.5222167372703552
2832,0.5000624060630798
2833,0.46192583441734314
2834,0.4670538306236267
2835,0.49634918570518494
2836,0.4963854253292084
2837,0.4683946371078491
2838,0.4576941728591919
2839,0.4745965003967285
2840,0.48577699065208435
2841,0.4730454385280609
2842,0.45772573351860046
2843,0.4609144628047943
2844,0.47244471311569214
2845,0.4709983468055725
2846,0.45974200963974
2847,0.45663636922836304
2848,0.4634701609611511
2849,0.46736466884613037
2850,0.46150481700897217
2851,0.4558051526546478
2852,0.45823392271995544
2853,0.46305325627326965
2854,0.46239155530929565
2855,0.45694878697395325
2856,0.45552900433540344
2857,0.4594249427318573
2858,0.4617135226726532
2859,0.4590248763561249
2860,0.45505040884017944
2861,0.45595526695251465
2862,0.45971500873565674
2863,0.46047577261924744
2864,0.45732611417770386
2865,0.45430758595466614
2866,0.4558676779270172
2867,0.45921555161476135
2868,0.4594501256942749
2869,0.45640936493873596
2870,0.4538176953792572
2871,0.4553537964820862
2872,0.4584418833255768
2873,0.45881664752960205
2874,0.45615509152412415
2875,0.4534733295440674
2876,0.45439136028289795
2877,0.45726385712623596
2878,0.4582117795944214
2879,0.4562070667743683
2880,0.4533420205116272
2881,0.4533957540988922
2882,0.45590028166770935
2883,0.457473486661911
2884,0.4563751816749573
2885,0.4534966051578522
2886,0.4525589644908905
2887,0.4543784558773041
2888,0.4563696086406708
2889,0.45632219314575195
2890,0.45381057262420654
2891,0.4520886242389679
2892,0.4529976546764374
2893,0.4549379348754883
2894,0.4557405412197113
2895,0.4539432227611542
2896,0.4519188404083252
2897,0.4519684314727783
2898,0.4534188508987427
2899,0.45460015535354614
2900,0.4535864293575287
2901,0.45177897810935974
2902,0.4513470232486725
2903,0.4521772563457489
2904,0.4532296657562256
2905,0.45273640751838684
2906,0.4514181315898895
2907,0.4509515166282654
2908,0.45137032866477966
2909,0.4520903527736664
2910,0.4517875015735626
2911,0.45090341567993164
2912,0.4506138861179352
2913,0.4508936405181885
2914,0.4513641893863678
2915,0.45106616616249084
2916,0.45043042302131653
2917,0.4503171443939209
2918,0.45061081647872925
2919,0.45099008083343506
2920,0.4506452679634094
2921,0.4500686526298523
2922,0.45002150535583496
2923,0.45035070180892944
2924,0.4507463872432709
2925,0.4503939747810364
2926,0.44977495074272156
2927,0.4496702551841736
2928,0.4499586224555969
2929,0.4503712058067322
2930,0.45009592175483704
2931,0.449496865272522
2932,0.4493197798728943
2933,0.449494332075119
2934,0.4498317241668701
2935,0.4496329724788666
2936,0.44915324449539185
2937,0.44900310039520264
2938,0.44912219047546387
2939,0.4493773877620697
2940,0.4491935670375824
2941,0.4488014280796051
2942,0.4487000107765198
2943,0.4488217234611511
2944,0.4490567147731781
2945,0.4488733112812042
2946,0.4484938979148865
2947,0.44838595390319824
2948,0.4484859108924866
2949,0.4487045407295227
2950,0.4485473930835724
2951,0.4481935203075409
2952,0.4480706453323364
2953,0.44812580943107605
2954,0.4482945501804352
2955,0.44815900921821594
2956,0.44786542654037476
2957,0.44776788353919983
2958,0.4478175640106201
2959,0.44796574115753174
2960,0.44783467054367065
2961,0.44755956530570984
2962,0.44746172428131104
2963,0.4474951922893524
2964,0.4476233124732971
2965,0.4475056827068329
2966,0.44725507497787476
2967,0.4471568763256073
2968,0.44716939330101013
2969,0.44726693630218506
2970,0.44715794920921326
2971,0.44694066047668457
2972,0.4468577206134796
2973,0.446871280670166
2974,0.4469641149044037
2975,0.4468625783920288
2976,0.4466497004032135
2977,0.446553498506546
2978,0.4465373754501343
2979,0.44658783078193665
2980,0.44649115204811096
2981,0.44632476568222046
2982,0.4462650716304779
2983,0.44628405570983887
2984,0.44638073444366455
2985,0.44630202651023865
2986,0.4460970461368561
2987,0.4459747076034546
2988,0.44589731097221375
2989,0.44584769010543823
2990,0.445779025554657
2991,0.44581156969070435
2992,0.446016401052475
2993,0.4464500844478607
2994,0.4472580850124359
2995,0.44791001081466675
2996,0.44843003153800964
2997,0.44973689317703247
2998,0.45236265659332275
2999,0.45740222930908203
3000,0.4677461087703705
3001,0.4882234036922455
3002,0.5261460542678833
3003,0.5965984463691711
3004,0.7216849327087402
3005,0.9056850075721741
3006,1.1371641159057617
3007,1.3979380130767822
3008,1.4875257015228271
3009,1.2479071617126465
3010,0.7537122368812561
3011,0.4738789498806
3012,0.6258302927017212
3013,0.9325164556503296
3014,1.0507457256317139
3015,0.8545961380004883
3016,0.560333788394928
3017,0.45192083716392517
3018,0.5794622898101807
3019,0.7030525207519531
3020,0.6037967205047607
3021,0.46094074845314026
3022,0.498811811208725
3023,0.6069352030754089
3024,0.5933864116668701
3025,0.47840163111686707
3026,0.4608282446861267
3027,0.5500855445861816
3028,0.5822712182998657
3029,0.5078406929969788
3030,0.44861850142478943
3031,0.5088323354721069
3032,0.5617620944976807
3033,0.5072952508926392
3034,0.44919121265411377
3035,0.4835612177848816
3036,0.5427502393722534
3037,0.5181227326393127
3038,0.45709601044654846
3039,0.4584817588329315
3040,0.504688560962677
3041,0.5083585977554321
3042,0.4639846980571747
3043,0.45009639859199524
3044,0.4795696437358856
3045,0.49035152792930603
3046,0.4636955261230469
3047,0.44700339436531067
3048,0.46270519495010376
3049,0.4763891100883484
3050,0.46348416805267334
3051,0.44722607731819153
3052,0.45230865478515625
3053,0.46439510583877563
3054,0.46077704429626465
3055,0.4483543336391449
3056,0.44785764813423157
3057,0.45680469274520874
3058,0.4580543041229248
3059,0.44989728927612305
3060,0.44557034969329834
3061,0.45054301619529724
3062,0.45474448800086975
3063,0.45107540488243103
3064,0.4456302523612976
3065,0.44617417454719543
3066,0.4503108859062195
3067,0.4505996108055115
3068,0.4467261731624603
3069,0.44449466466903687
3070,0.44624531269073486
3071,0.4482477307319641
3072,0.4472270607948303
3073,0.4447629451751709
3074,0.4441209137439728
3075,0.44538450241088867
3076,0.44601839780807495
3077,0.4450306296348572
3078,0.443782776594162
3079,0.4437218904495239
3080,0.44435596466064453
3081,0.44439074397087097
3082,0.4437633752822876
3083,0.44321808218955994
3084,0.44325366616249084
3085,0.4434541165828705
3086,0.44330406188964844
3087,0.4429744780063629
3088,0.4427730143070221
3089,0.44279906153678894
3090,0.4427916705608368
3091,0.44262194633483887
3092,0.44246187806129456
3093,0.4423922002315521
3094,0.4423789381980896
3095,0.44228678941726685
3096,0.4421536326408386
3097,0.44208693504333496
3098,0.44206079840660095
3099,0.4420129060745239
3100,0.44188451766967773
3101,0.44179102778434753
3102,0.44178247451782227
3103,0.4417732357978821
3104,0.4416969120502472
3105,0.44153517484664917
3106,0.44145306944847107
3107,0.4414842426776886
3108,0.4415009915828705
3109,0.44141727685928345
3110,0.4412163496017456
3111,0.4411095678806305
3112,0.44115814566612244
3113,0.44121691584587097
3114,0.44116321206092834
3115,0.4409385919570923
3116,0.44077375531196594
3117,0.44079557061195374
3118,0.44088199734687805
3119,0.44088512659072876
3120,0.4406777322292328
3121,0.4404638707637787
3122,0.44042807817459106
3123,0.44050055742263794
3124,0.4405457675457001
3125,0.4403892755508423
3126,0.4401709735393524
3127,0.44008684158325195
3128,0.4401158094406128
3129,0.4401642382144928
3130,0.44005727767944336
3131,0.43987277150154114
3132,0.43977758288383484
3133,0.43976953625679016
3134,0.43979355692863464
3135,0.43971899151802063
3136,0.4395987093448639
3137,0.4395564794540405
3138,0.43959954380989075
3139,0.43971309065818787
3140,0.4398135542869568
3141,0.4400022625923157
3142,0.44049546122550964
3143,0.441483736038208
3144,0.44331592321395874
3145,0.44663307070732117
3146,0.45284804701805115
3147,0.46460065245628357
3148,0.48667702078819275
3149,0.5278515815734863
3150,0.6017455458641052
3151,0.7304118871688843
3152,0.9382261037826538
3153,1.2177009582519531
3154,1.456666350364685
3155,1.410236120223999
3156,0.970260500907898
3157,0.5239549279212952
3158,0.5384166836738586
3159,0.8618155717849731
3160,1.0002038478851318
3161,0.7906430959701538
3162,0.5098031163215637
3163,0.47165438532829285
3164,0.6382192373275757
3165,0.693881094455719
3166,0.5427371263504028
3167,0.45293277502059937
3168,0.5445464849472046
3169,0.5949357748031616
3170,0.4991057217121124
3171,0.4478370249271393
3172,0.5168352723121643
3173,0.5510092973709106
3174,0.4867021143436432
3175,0.44497039914131165
3176,0.48995649814605713
3177,0.5125105381011963
3178,0.46544596552848816
3179,0.4469815194606781
3180,0.4827677309513092
3181,0.4880007803440094
3182,0.4521785378456116
3183,0.4478398263454437
3184,0.4736878275871277
3185,0.4719841480255127
3186,0.4476225674152374
3187,0.4470313787460327
3188,0.46379125118255615
3189,0.4589851200580597
3190,0.44315874576568604
3191,0.4467075765132904
3192,0.45738574862480164
3193,0.45156314969062805
3194,0.4407774806022644
3195,0.44395163655281067
3196,0.45149216055870056
3197,0.44825541973114014
3198,0.44089776277542114
3199,0.4415695369243622
3200,0.44575873017311096
3201,0.444820761680603
3202,0.44151657819747925
3203,0.4413374364376068
3204,0.44246116280555725
3205,0.4414726495742798
3206,0.440765380859375
3207,0.4417498707771301
3208,0.44172829389572144
3209,0.4397321939468384
3210,0.43868422508239746
3211,0.4404285252094269
3212,0.4415862262248993
3213,0.43987008929252625
3214,0.43784743547439575
3215,0.43830856680870056
3216,0.44009074568748474
3217,0.4400385320186615
3218,0.43835029006004333
3219,0.4374654293060303
3220,0.4381203353404999
3221,0.43883049488067627
3222,0.43834057450294495
3223,0.4375359117984772
3224,0.4374113380908966
3225,0.4376542866230011
3226,0.4375552833080292
3227,0.4371117353439331
3228,0.43698176741600037
3229,0.4371652901172638
3230,0.4370957612991333
3231,0.436649352312088
3232,0.43627122044563293
3233,0.4363757073879242
3234,0.4366593062877655
3235,0.43655475974082947
3236,0.43607890605926514
3237,0.435716450214386
3238,0.4357815384864807
3239,0.43603038787841797
3240,0.43599990010261536
3241,0.4356519877910614
3242,0.43532752990722656
3243,0.4352797567844391
3244,0.4354134202003479
3245,0.43542543053627014
3246,0.43522340059280396
3247,0.43498504161834717
3248,0.43488529324531555
3249,0.4349178373813629
3250,0.4349210560321808
3251,0.43480974435806274
3252,0.43464767932891846
3253,0.43454092741012573
3254,0.43451929092407227
3255,0.4345056414604187
3256,0.43444353342056274
3257,0.4343359172344208
3258,0.43423572182655334
3259,0.4341832399368286
3260,0.4341427981853485
3261,0.43409526348114014
3262,0.43402642011642456
3263,0.4339456260204315
3264,0.4338824152946472
3265,0.4338151514530182
3266,0.4337539076805115
3267,0.43369796872138977
3268,0.43363139033317566
3269,0.43356677889823914
3270,0.4334883391857147
3271,0.4334180951118469
3272,0.43336787819862366
3273,0.4333122968673706
3274,0.4332466721534729
3275,0.4331607222557068
3276,0.43308448791503906
3277,0.4330373704433441
3278,0.43299639225006104
3279,0.4329439401626587
3280,0.43285951018333435
3281,0.4327738583087921
3282,0.4327179789543152
3283,0.4326804280281067
3284,0.4326428174972534
3285,0.4325699806213379
3286,0.4324806332588196
3287,0.432410329580307
3288,0.4323593080043793
3289,0.43231913447380066
3290,0.4322583079338074
3291,0.43218183517456055
3292,0.4321136772632599
3293,0.4320555627346039
3294,0.43200621008872986
3295,0.4319450557231903
3296,0.43187668919563293
3297,0.4318162202835083
3298,0.43176183104515076
3299,0.43171226978302
3300,0.43164879083633423
3301,0.43157821893692017
3302,0.43151623010635376
3303,0.43146011233329773
3304,0.4314086139202118
3305,0.4313470423221588
3306,0.43128105998039246
3307,0.43122169375419617
3308,0.4311675727367401
3309,0.43111711740493774
3310,0.4310554265975952
3311,0.43098801374435425
3312,0.43092718720436096
3313,0.43087056279182434
3314,0.4308171272277832
3315,0.43075570464134216
3316,0.4306919276714325
3317,0.43063443899154663
3318,0.4305818974971771
3319,0.4305337965488434
3320,0.4304746389389038
3321,0.43040695786476135
3322,0.43034374713897705
3323,0.4302830398082733
3324,0.43022391200065613
3325,0.4301667809486389
3326,0.43011942505836487
3327,0.43008342385292053
3328,0.4300631582736969
3329,0.43006813526153564
3330,0.4300631582736969
3331,0.4300508201122284
3332,0.43009161949157715
3333,0.43021881580352783
3334,0.43049752712249756
3335,0.4310891330242157
3336,0.432256281375885
3337,0.43441909551620483
3338,0.43843841552734375
3339,0.44589006900787354
3340,0.4579644799232483
3341,0.4783972203731537
3342,0.5169936418533325
3343,0.5872187614440918
3344,0.7127959132194519
3345,0.895744800567627
3346,1.1394129991531372
3347,1.3706165552139282
3348,1.4337084293365479
3349,1.1206893920898438
3350,0.648282527923584
3351,0.4535667598247528
3352,0.6661701798439026
3353,0.9644870758056641
3354,1.0195614099502563
3355,0.7870779037475586
3356,0.497424840927124
3357,0.4492025673389435
3358,0.6129446029663086
3359,0.6904773116111755
3360,0.5453846454620361
3361,0.4358430504798889
3362,0.526905357837677
3363,0.623296856880188
3364,0.56169193983078
3365,0.4452342092990875
3366,0.4670185148715973
3367,0.5663673877716064
3368,0.5631995797157288
3369,0.46595343947410583
3370,0.44252270460128784
3371,0.5276075601577759
3372,0.5450249910354614
3373,0.4661794602870941
3374,0.43475621938705444
3375,0.4929620623588562
3376,0.5285386443138123
3377,0.4766433537006378
3378,0.43232905864715576
3379,0.46025732159614563
3380,0.4934065341949463
3381,0.46877726912498474
3382,0.433462917804718
3383,0.4466058909893036
3384,0.47161638736724854
3385,0.45849549770355225
3386,0.4334317445755005
3387,0.4378007650375366
3388,0.4559064507484436
3389,0.452597439289093
3390,0.4343794882297516
3391,0.4328135848045349
3392,0.44570961594581604
3393,0.44685909152030945
3394,0.43480297923088074
3395,0.4302506446838379
3396,0.4384455382823944
3397,0.4427007734775543
3398,0.4357188045978546
3399,0.4294055104255676
3400,0.4323653280735016
3401,0.43727031350135803
3402,0.4352604150772095
3403,0.42989581823349
3404,0.42931294441223145
3405,0.4325956702232361
3406,0.4331413805484772
3407,0.43018239736557007
3408,0.42824381589889526
3409,0.42950236797332764
3410,0.4307975769042969
3411,0.42968183755874634
3412,0.42804619669914246
3413,0.427978515625
3414,0.42898029088974
3415,0.42889073491096497
3416,0.42779025435447693
3417,0.42738041281700134
3418,0.42786601185798645
3419,0.42822375893592834
3420,0.4276028871536255
3421,0.4269895851612091
3422,0.42721736431121826
3423,0.4276562035083771
3424,0.4275358319282532
3425,0.4268205463886261
3426,0.426643043756485
3427,0.42715156078338623
3428,0.4274289608001709
3429,0.42702651023864746
3430,0.42632120847702026
3431,0.42639487981796265
3432,0.42702716588974
3433,0.42721793055534363
3434,0.42667898535728455
3435,0.4259437918663025
3436,0.4260924458503723
3437,0.4268037974834442
3438,0.4270254373550415
3439,0.4264579713344574
3440,0.4256325662136078
3441,0.4256998598575592
3442,0.4264504909515381
3443,0.42681583762168884
3444,0.4263441860675812
3445,0.4254070520401001
3446,0.42525574564933777
3447,0.4259580969810486
3448,0.4265052080154419
3449,0.42624911665916443
3450,0.4252704679965973
3451,0.42484304308891296
3452,0.4253785312175751
3453,0.42605048418045044
3454,0.42607924342155457
3455,0.4251825511455536
3456,0.42451581358909607
3457,0.4247945547103882
3458,0.4254601001739502
3459,0.4257354736328125
3460,0.42503249645233154
3461,0.4242609739303589
3462,0.42428985238075256
3463,0.42482489347457886
3464,0.425223171710968
3465,0.424744576215744
3466,0.4240146279335022
3467,0.42388662695884705
3468,0.4242444336414337
3469,0.42462751269340515
3470,0.42431721091270447
3471,0.42371854186058044
3472,0.423554390668869
3473,0.4237770140171051
3474,0.4240756332874298
3475,0.4238460063934326
3476,0.423380970954895
3477,0.42325273156166077
3478,0.423412561416626
3479,0.4236336648464203
3480,0.42342323064804077
3481,0.42304572463035583
3482,0.422964870929718
3483,0.42311206459999084
3484,0.4232955873012543
3485,0.42308083176612854
3486,0.42273497581481934
3487,0.4226750135421753
3488,0.4228229820728302
3489,0.42300301790237427
3490,0.42279183864593506
3491,0.42244479060173035
3492,0.4223707616329193
3493,0.4225025773048401
3494,0.4226849675178528
3495,0.4224998652935028
3496,0.42216119170188904
3497,0.42206239700317383
3498,0.42215585708618164
3499,0.42231881618499756
3500,0.42216554284095764
3501,0.42186394333839417
3502,0.4217630922794342
3503,0.4218253791332245
3504,0.4219568073749542
3505,0.4218202829360962
3506,0.4215579628944397
3507,0.4214699864387512
3508,0.42151913046836853
3509,0.4216298758983612
3510,0.4214992821216583
3511,0.42125850915908813
3512,0.421176940202713
3513,0.4212181270122528
3514,0.42131903767585754
3515,0.42119675874710083
3516,0.42096737027168274
3517,0.4208807647228241
3518,0.4209052622318268
3519,0.42099061608314514
3520,0.42088061571121216
3521,0.4206719696521759
3522,0.42058709263801575
3523,0.420597642660141
3524,0.4206652045249939
3525,0.4205627739429474
3526,0.42037487030029297
3527,0.4202970564365387
3528,0.42030251026153564
3529,0.4203609526157379
3530,0.42026570439338684
3531,0.4200928807258606
3532,0.42002084851264954
3533,0.42002782225608826
3534,0.42009395360946655
3535,0.42003923654556274
3536,0.41993802785873413
3537,0.41996851563453674
3538,0.42014560103416443
3539,0.420519083738327
3540,0.42104899883270264
3541,0.42202410101890564
3542,0.42402172088623047
3543,0.4278494715690613
3544,0.4350571632385254
3545,0.44823378324508667
3546,0.47267094254493713
3547,0.5183064341545105
3548,0.6010526418685913
3549,0.7431095838546753
3550,0.9563589096069336
3551,1.2049099206924438
3552,1.3417460918426514
3553,1.1608186960220337
3554,0.7120898962020874
3555,0.4398292601108551
3556,0.5888880491256714
3557,0.8642724752426147
3558,0.8953417539596558
3559,0.6554032564163208
3560,0.43857067823410034
3561,0.47627368569374084
3562,0.631084680557251
3563,0.6171097755432129
3564,0.46435263752937317
3565,0.4404955804347992
3566,0.542787492275238
3567,0.5488834381103516
3568,0.4524901807308197
3569,0.4291354715824127
3570,0.494194358587265
3571,0.507384717464447
3572,0.44614070653915405
3573,0.42541417479515076
3574,0.46693044900894165
3575,0.4712657332420349
3576,0.4310198426246643
3577,0.4282934367656708
3578,0.45666709542274475
3579,0.45192039012908936
3580,0.42495545744895935
3581,0.428140252828598
3582,0.4472002685070038
3583,0.4402619004249573
3584,0.422410249710083
3585,0.4272255003452301
3586,0.4396028518676758
3587,0.43217262625694275
3588,0.42095160484313965
3589,0.42613324522972107
3590,0.4334661364555359
3591,0.42760902643203735
3592,0.42020928859710693
3593,0.4238836169242859
3594,0.42867717146873474
3595,0.4244436025619507
3596,0.41930249333381653
3597,0.4216832220554352
3598,0.42515408992767334
3599,0.4226413071155548
3600,0.4189221262931824
3601,0.41975316405296326
3602,0.422061562538147
3603,0.4211274981498718
3604,0.41887038946151733
3605,0.4188527464866638
3606,0.4199437201023102
3607,0.41950732469558716
3608,0.4181895852088928
3609,0.41820481419563293
3610,0.4189172089099884
3611,0.4185734987258911
3612,0.41756367683410645
3613,0.4173106849193573
3614,0.4179220497608185
3615,0.41799625754356384
3616,0.41726407408714294
3617,0.41680946946144104
3618,0.4170268774032593
3619,0.41729649901390076
3620,0.41697654128074646
3621,0.4165153205394745
3622,0.41649895906448364
3623,0.41668328642845154
3624,0.41663435101509094
3625,0.4162942171096802
3626,0.41611117124557495
3627,0.4162139594554901
3628,0.4162665009498596
3629,0.4161163866519928
3630,0.4158702790737152
3631,0.41580528020858765
3632,0.41587555408477783
3633,0.41584399342536926
3634,0.41571131348609924
3635,0.41555213928222656
3636,0.4155007004737854
3637,0.41550102829933167
3638,0.41542044281959534
3639,0.41531404852867126
3640,0.4152144491672516
3641,0.4151719808578491
3642,0.41513964533805847
3643,0.4150434732437134
3644,0.4149465262889862
3645,0.4148651659488678
3646,0.41482672095298767
3647,0.4147936701774597
3648,0.414712518453598
3649,0.4146314859390259
3650,0.4145476520061493
3651,0.41449394822120667
3652,0.41445690393447876
3653,0.41438987851142883
3654,0.41432249546051025
3655,0.4142371118068695
3656,0.4141687750816345
3657,0.41412559151649475
3658,0.4140640199184418
3659,0.413997620344162
3660,0.4139101207256317
3661,0.41384005546569824
3662,0.41380271315574646
3663,0.413756400346756
3664,0.41370072960853577
3665,0.41360896825790405
3666,0.41352519392967224
3667,0.4134809374809265
3668,0.41344016790390015
3669,0.41339167952537537
3670,0.4133027195930481
3671,0.41321423649787903
3672,0.413164883852005
3673,0.4131282866001129
3674,0.4130886197090149
3675,0.41300520300865173
3676,0.4129122197628021
3677,0.41285374760627747
3678,0.4128142297267914
3679,0.41277846693992615
3680,0.41270360350608826
3681,0.4126136302947998
3682,0.4125501215457916
3683,0.4125063419342041
3684,0.4124729335308075
3685,0.41240599751472473
3686,0.41231977939605713
3687,0.4122515022754669
3688,0.41219842433929443
3689,0.41215673089027405
3690,0.4120933413505554
3691,0.41201886534690857
3692,0.41195881366729736
3693,0.41191214323043823
3694,0.41188111901283264
3695,0.4118238091468811
3696,0.41174352169036865
3697,0.4116736054420471
3698,0.4116092026233673
3699,0.4115481376647949
3700,0.4115087687969208
3701,0.4115282893180847
3702,0.411620557308197
3703,0.4118398129940033
3704,0.4122936725616455
3705,0.4128910005092621
3706,0.41377681493759155
3707,0.4156211316585541
3708,0.4192822575569153
3709,0.4264979362487793
3710,0.43997493386268616
3711,0.4657748341560364
3712,0.5156247019767761
3713,0.6114200353622437
3714,0.7831861972808838
3715,1.0377447605133057
3716,1.3240101337432861
3717,1.5441582202911377
3718,1.3808438777923584
3719,0.8628156185150146
3720,0.4619690477848053
3721,0.5559963583946228
3722,0.8986712694168091
3723,1.049049973487854
3724,0.8802011609077454
3725,0.5567341446876526
3726,0.41410818696022034
3727,0.5451436042785645
3728,0.6679700016975403
3729,0.5659562349319458
3730,0.4247472882270813
3731,0.4708133041858673
3732,0.576395571231842
3733,0.5448160171508789
3734,0.44041964411735535
3735,0.42505040764808655
3736,0.4893888235092163
3737,0.5027691125869751
3738,0.44186291098594666
3739,0.41860637068748474
3740,0.45565882325172424
3741,0.4616459310054779
3742,0.42691272497177124
3743,0.4161083698272705
3744,0.4402080476284027
3745,0.4438953101634979
3746,0.4207966923713684
3747,0.4153759181499481
3748,0.4303072690963745
3749,0.432971328496933
3750,0.4171122610569
3751,0.4166368246078491
3752,0.43015018105506897
3753,0.4293590188026428
3754,0.4162510931491852
3755,0.4142082631587982
3756,0.42787739634513855
3757,0.43100494146347046
3758,0.41845259070396423
3759,0.4116785526275635
3760,0.4204257130622864
3761,0.4287666976451874
3762,0.4212801456451416
3763,0.41143789887428284
3764,0.41386541724205017
3765,0.4221491813659668
3766,0.4223054051399231
3767,0.41398435831069946
3768,0.41022583842277527
3769,0.4147583842277527
3770,0.41849640011787415
3771,0.4153025150299072
3772,0.41028761863708496
3773,0.41051581501960754
3774,0.41402021050453186
3775,0.414460152387619
3776,0.4112597107887268
3777,0.40915900468826294
3778,0.41041019558906555
3779,0.4122313857078552
3780,0.411416620016098
3781,0.4092938005924225
3782,0.4088485538959503
3783,0.41006073355674744
3784,0.4107277989387512
3785,0.4096209406852722
3786,0.40843552350997925
3787,0.40868592262268066
3788,0.4095596671104431
3789,0.4096323251724243
3790,0.40860700607299805
3791,0.40801116824150085
3792,0.4085133969783783
3793,0.4091058373451233
3794,0.40888291597366333
3795,0.4079835116863251
3796,0.40771713852882385
3797,0.40829843282699585
3798,0.4087281823158264
3799,0.408389151096344
3800,0.40756145119667053
3801,0.4074229300022125
3802,0.40802308917045593
3803,0.4083973169326782
3804,0.40803292393684387
3805,0.4072263836860657
3806,0.4071009159088135
3807,0.40769779682159424
3808,0.40809980034828186
3809,0.4077860713005066
3810,0.40696173906326294
3811,0.4067462086677551
3812,0.40730124711990356
3813,0.40777307748794556
3814,0.4075711965560913
3815,0.40674105286598206
3816,0.4063926637172699
3817,0.40686118602752686
3818,0.4074018597602844
3819,0.4073575735092163
3820,0.4065599739551544
3821,0.4060620665550232
3822,0.4063923954963684
3823,0.406958669424057
3824,0.40707847476005554
3825,0.4063689112663269
3826,0.4057663083076477
3827,0.40594297647476196
3828,0.4064759314060211
3829,0.4067245125770569
3830,0.4061415195465088
3831,0.4054948687553406
3832,0.4055272936820984
3833,0.4059737026691437
3834,0.4062870144844055
3835,0.40583765506744385
3836,0.4052201509475708
3837,0.405161589384079
3838,0.40550556778907776
3839,0.4058191180229187
3840,0.40547582507133484
3841,0.4049275815486908
3842,0.40483203530311584
3843,0.40508946776390076
3844,0.4053659737110138
3845,0.4050874412059784
3846,0.40461716055870056
3847,0.40452566742897034
3848,0.4047301709651947
3849,0.4049655497074127
3850,0.4047184884548187
3851,0.4043060839176178
3852,0.4042283594608307
3853,0.4044046401977539
3854,0.4046129584312439
3855,0.40438172221183777
3856,0.40400272607803345
3857,0.403931587934494
3858,0.4040910601615906
3859,0.40428751707077026
3860,0.40407195687294006
3861,0.4037092328071594
3862,0.4036296010017395
3863,0.4037664234638214
3864,0.40395429730415344
3865,0.4037623405456543
3866,0.40341898798942566
3867,0.4033271372318268
3868,0.403434157371521
3869,0.40360480546951294
3870,0.40343865752220154
3871,0.40312495827674866
3872,0.40302830934524536
3873,0.4031060039997101
3874,0.4032515585422516
3875,0.40310439467430115
3876,0.4028247594833374
3877,0.40273454785346985
3878,0.40279415249824524
3879,0.40291815996170044
3880,0.40278151631355286
3881,0.40252685546875
3882,0.40244197845458984
3883,0.4024895131587982
3884,0.4025995433330536
3885,0.40247273445129395
3886,0.40223464369773865
3887,0.40214815735816956
3888,0.40217986702919006
3889,0.4022740423679352
3890,0.40215864777565
3891,0.4019407033920288
3892,0.4018558859825134
3893,0.40187400579452515
3894,0.4019516706466675
3895,0.40184497833251953
3896,0.40164637565612793
3897,0.4015648663043976
3898,0.401572585105896
3899,0.40163615345954895
3900,0.4015359878540039
3901,0.40135324001312256
3902,0.4012743830680847
3903,0.40127333998680115
3904,0.40132462978363037
3905,0.4012306332588196
3906,0.40106165409088135
3907,0.4009839594364166
3908,0.40097394585609436
3909,0.4010123014450073
3910,0.40092387795448303
3911,0.4007691740989685
3912,0.4006945788860321
3913,0.40067821741104126
3914,0.40070614218711853
3915,0.4006216824054718
3916,0.4004780948162079
3917,0.4004054665565491
3918,0.4003836214542389
3919,0.40040290355682373
3920,0.40032243728637695
3921,0.4001882076263428
3922,0.40011632442474365
3923,0.4000879228115082
3924,0.4000968635082245
3925,0.4000198245048523
3926,0.39989662170410156
3927,0.39982810616493225
3928,0.39979737997055054
3929,0.3998010754585266
3930,0.399726927280426
3931,0.3996093273162842
3932,0.39953917264938354
3933,0.3995003402233124
3934,0.39949050545692444
3935,0.3994174599647522
3936,0.39931389689445496
3937,0.3992542028427124
3938,0.3992263078689575
3939,0.399233341217041
3940,0.3991706073284149
3941,0.39905619621276855
3942,0.3989751636981964
3943,0.39890962839126587
3944,0.3988523781299591
3945,0.3988044261932373
3946,0.39884427189826965
3947,0.39901673793792725
3948,0.39941343665122986
3949,0.40024200081825256
3950,0.40129026770591736
3951,0.4028300344944
3952,0.40619659423828125
3953,0.4132479727268219
3954,0.4277236759662628
3955,0.45676466822624207
3956,0.5142056941986084
3957,0.6288228034973145
3958,0.8371140956878662
3959,1.180444359779358
3960,1.5027859210968018
3961,1.5643061399459839
3962,1.1111124753952026
3963,0.5447509288787842
3964,0.49236539006233215
3965,0.8213794827461243
3966,0.9512820243835449
3967,0.7556924223899841
3968,0.4823932945728302
3969,0.41392186284065247
3970,0.5236482620239258
3971,0.543235719203949
3972,0.45124495029449463
3973,0.40926986932754517
3974,0.46735283732414246
3975,0.46967536211013794
3976,0.41408875584602356
3977,0.41587206721305847
3978,0.45681801438331604
3979,0.4623675048351288
3980,0.41186708211898804
3981,0.42134302854537964
3982,0.47466883063316345
3983,0.4629758596420288
3984,0.41158154606819153
3985,0.41952767968177795
3986,0.49690333008766174
3987,0.5023453831672668
3988,0.43092799186706543
3989,0.4045712649822235
3990,0.46269285678863525
3991,0.5085930824279785
3992,0.4545138478279114
3993,0.4039732813835144
3994,0.43675315380096436
3995,0.48357903957366943
3996,0.4627092778682709
3997,0.409709632396698
3998,0.41299936175346375
3999,0.4501636028289795
4000,0.4531804025173187
4001,0.4177861213684082
4002,0.40139272809028625
4003,0.4241342842578888
4004,0.435852974653244
4005,0.41734442114830017
4006,0.3993436396121979
4007,0.4061831533908844
4008,0.42029356956481934
4009,0.4156094193458557
4010,0.401746541261673
4011,0.39821693301200867
4012,0.4056994318962097
4013,0.40905672311782837
4014,0.40280336141586304
4015,0.3977412283420563
4016,0.3988294303417206
4017,0.40171709656715393
4018,0.4011143147945404
4019,0.39826783537864685
4020,0.39732423424720764
4021,0.39780035614967346
4022,0.3980158269405365
4023,0.39734262228012085
4024,0.39677369594573975
4025,0.3968068063259125
4026,0.39666783809661865
4027,0.39637845754623413
4028,0.39615073800086975
4029,0.3961368501186371
4030,0.39612019062042236
4031,0.39603763818740845
4032,0.39598381519317627
4033,0.39588338136672974
4034,0.39574453234672546
4035,0.39565882086753845
4036,0.3958890438079834
4037,0.3960249722003937
4038,0.39577609300613403
4039,0.39541906118392944
4040,0.39539799094200134
4041,0.39592844247817993
4042,0.3961300849914551
4043,0.3956516981124878
4044,0.3950958549976349
4045,0.3951447308063507
4046,0.39588072896003723
4047,0.396145761013031
4048,0.39553871750831604
4049,0.3948257565498352
4050,0.3948287069797516
4051,0.39561426639556885
4052,0.39596253633499146
4053,0.3953673541545868
4054,0.3945746123790741
4055,0.3944733142852783
4056,0.3952105641365051
4057,0.3956499695777893
4058,0.3951658308506012
4059,0.39434340596199036
4060,0.3940746784210205
4061,0.39468201994895935
4062,0.39521878957748413
4063,0.3949365019798279
4064,0.39416489005088806
4065,0.3937196433544159
4066,0.39412203431129456
4067,0.3947007656097412
4068,0.3946532905101776
4069,0.39402052760124207
4070,0.3934383988380432
4071,0.3935932517051697
4072,0.3941381573677063
4073,0.3943004012107849
4074,0.39386680722236633
4075,0.39322540163993835
4076,0.39313939213752747
4077,0.39357370138168335
4078,0.3938746452331543
4079,0.3936592936515808
4080,0.393044650554657
4081,0.39276745915412903
4082,0.3930457830429077
4083,0.3933975100517273
4084,0.393372505903244
4085,0.39285147190093994
4086,0.3924626111984253
4087,0.3925817310810089
4088,0.39290592074394226
4089,0.39301085472106934
4090,0.39261385798454285
4091,0.39219239354133606
4092,0.3921847641468048
4093,0.3924317955970764
4094,0.39259007573127747
4095,0.3923085629940033
4096,0.39191991090774536
4097,0.39184272289276123
4098,0.39200466871261597
4099,0.39215537905693054
4100,0.3919529616832733
4101,0.39162638783454895
4102,0.39153289794921875
4103,0.3916342854499817
4104,0.3917524218559265
4105,0.3915901482105255
4106,0.3913208544254303
4107,0.39123669266700745
4108,0.3913038372993469
4109,0.391388475894928
4110,0.3912413716316223
4111,0.3910137116909027
4112,0.39094728231430054
4113,0.39100316166877747
4114,0.39107006788253784
4115,0.3909260332584381
4116,0.3907163441181183
4117,0.3906576633453369
4118,0.3907078802585602
4119,0.390767365694046
4120,0.39062729477882385
4121,0.39042502641677856
4122,0.3903656005859375
4123,0.3904123306274414
4124,0.3904782235622406
4125,0.390352725982666
4126,0.3901536166667938
4127,0.3900830149650574
4128,0.39011383056640625
4129,0.3901747167110443
4130,0.39008742570877075
4131,0.38995882868766785
4132,0.3899723291397095
4133,0.39013391733169556
4134,0.3904344439506531
4135,0.39071860909461975
4136,0.3911643922328949
4137,0.3921806812286377
4138,0.3941253423690796
4139,0.3976343870162964
4140,0.4039178192615509
4141,0.4153725802898407
4142,0.4362829625606537
4143,0.47364941239356995
4144,0.5391170382499695
4145,0.6433980464935303
4146,0.7951211929321289
4147,0.968742847442627
4148,1.0755163431167603
4149,0.9753857851028442
4150,0.6761419773101807
4151,0.4244149625301361
4152,0.44339802861213684
4153,0.6435574293136597
4154,0.776019811630249
4155,0.7008293867111206
4156,0.49653422832489014
4157,0.39437034726142883
4158,0.47773659229278564
4159,0.5636682510375977
4160,0.49809402227401733
4161,0.40081509947776794
4162,0.4246200621128082
4163,0.4986087381839752
4164,0.4891397953033447
4165,0.4158596396446228
4166,0.39736026525497437
4167,0.4444016218185425
4168,0.45700523257255554
4169,0.41284433007240295
4170,0.3941894769668579
4171,0.42576974630355835
4172,0.4382369816303253
4173,0.40901219844818115
4174,0.3915652334690094
4175,0.40984588861465454
4176,0.42387351393699646
4177,0.40694305300712585
4178,0.39080891013145447
4179,0.400547057390213
4180,0.4119611382484436
4181,0.4028225541114807
4182,0.3904171586036682
4183,0.3947737216949463
4184,0.40393611788749695
4185,0.4003358781337738
4186,0.3907586932182312
4187,0.3906235992908478
4188,0.397325336933136
4189,0.3974170684814453
4190,0.3907985985279083
4191,0.3885450065135956
4192,0.3927834928035736
4193,0.3951064944267273
4194,0.3916303515434265
4195,0.3879379630088806
4196,0.389010488986969
4197,0.391859233379364
4198,0.39157551527023315
4199,0.3889114558696747
4200,0.38768577575683594
4201,0.38889265060424805
4202,0.3899952471256256
4203,0.3893637955188751
4204,0.3882291316986084
4205,0.38778942823410034
4206,0.3880423605442047
4207,0.38822653889656067
4208,0.3880508244037628
4209,0.38793495297431946
4210,0.3876466155052185
4211,0.38724371790885925
4212,0.3870687186717987
4213,0.3872152268886566
4214,0.38754770159721375
4215,0.38730090856552124
4216,0.3866508901119232
4217,0.3863426148891449
4218,0.3865349590778351
4219,0.3869395852088928
4220,0.38675418496131897
4221,0.38616272807121277
4222,0.38588765263557434
4223,0.38603290915489197
4224,0.38634350895881653
4225,0.3861827552318573
4226,0.38572660088539124
4227,0.38553884625434875
4228,0.3856463134288788
4229,0.3858473300933838
4230,0.38567692041397095
4231,0.3853321969509125
4232,0.38523390889167786
4233,0.3853417932987213
4234,0.38548341393470764
4235,0.3852919340133667
4236,0.3849950432777405
4237,0.3849429190158844
4238,0.3850608766078949
4239,0.38518843054771423
4240,0.38498687744140625
4241,0.3846926987171173
4242,0.3846403658390045
4243,0.38475343585014343
4244,0.38488662242889404
4245,0.3847024142742157
4246,0.3844071924686432
4247,0.3843287527561188
4248,0.384408563375473
4249,0.3845289349555969
4250,0.38437578082084656
4251,0.3841102421283722
4252,0.38402536511421204
4253,0.3840735852718353
4254,0.3841652274131775
4255,0.3840297758579254
4256,0.38380110263824463
4257,0.3837273418903351
4258,0.383764386177063
4259,0.3838382959365845
4260,0.3837081491947174
4261,0.3834976255893707
4262,0.3834294080734253
4263,0.3834629952907562
4264,0.38353434205055237
4265,0.3834126591682434
4266,0.3832068145275116
4267,0.3831278681755066
4268,0.3831453323364258
4269,0.38320818543434143
4270,0.38310304284095764
4271,0.38291406631469727
4272,0.38283035159111023
4273,0.3828292489051819
4274,0.3828745186328888
4275,0.3827807903289795
4276,0.38261544704437256
4277,0.38253822922706604
4278,0.3825299143791199
4279,0.3825646936893463
4280,0.3824760615825653
4281,0.38232213258743286
4282,0.38224536180496216
4283,0.3822275996208191
4284,0.3822506070137024
4285,0.38216790556907654
4286,0.3820275068283081
4287,0.3819531202316284
4288,0.3819276988506317
4289,0.38193851709365845
4290,0.38185915350914
4291,0.38173165917396545
4292,0.3816623389720917
4293,0.3816347122192383
4294,0.3816398084163666
4295,0.3815631866455078
4296,0.3814414143562317
4297,0.3813706338405609
4298,0.38133543729782104
4299,0.3813292384147644
4300,0.3812549114227295
4301,0.38114532828330994
4302,0.38108107447624207
4303,0.38104912638664246
4304,0.3810461163520813
4305,0.38097599148750305
4306,0.380863755941391
4307,0.3807888627052307
4308,0.38073745369911194
4309,0.3807050585746765
4310,0.3806340992450714
4311,0.3805566430091858
4312,0.3805212080478668
4313,0.3805252015590668
4314,0.3805815279483795
4315,0.3805607557296753
4316,0.38046231865882874
4317,0.3804137706756592
4318,0.3804157078266144
4319,0.38049203157424927
4320,0.3808860182762146
4321,0.38193270564079285
4322,0.38395050168037415
4323,0.38784441351890564
4324,0.39535123109817505
4325,0.40729907155036926
4326,0.42751556634902954
4327,0.4675898849964142
4328,0.5430525541305542
4329,0.6822054982185364
4330,0.8879855871200562
4331,1.1551599502563477
4332,1.348780632019043
4333,1.280584454536438
4334,0.8294999003410339
4335,0.4380553960800171
4336,0.47745397686958313
4337,0.7907838225364685
4338,0.994187593460083
4339,0.8607994914054871
4340,0.5393054485321045
4341,0.3861437439918518
4342,0.5372117161750793
4343,0.6532038450241089
4344,0.5106697082519531
4345,0.3853190243244171
4346,0.4775029420852661
4347,0.5797976851463318
4348,0.5126095414161682
4349,0.39642009139060974
4350,0.4136802852153778
4351,0.4908723831176758
4352,0.4636598229408264
4353,0.39221668243408203
4354,0.40891942381858826
4355,0.4525691568851471
4356,0.42675334215164185
4357,0.3862731158733368
4358,0.4003196656703949
4359,0.4286248981952667
4360,0.4091053903102875
4361,0.38333603739738464
4362,0.3984079957008362
4363,0.41452062129974365
4364,0.3981361389160156
4365,0.38155466318130493
4366,0.39726144075393677
4367,0.4112336039543152
4368,0.3968706429004669
4369,0.38107308745384216
4370,0.3893429934978485
4371,0.4037986397743225
4372,0.3962797522544861
4373,0.3815058767795563
4374,0.3841070234775543
4375,0.39547199010849
4376,0.3943500220775604
4377,0.3830892741680145
4378,0.38015472888946533
4379,0.3872997760772705
4380,0.39005500078201294
4381,0.3837416470050812
4382,0.3791848123073578
4383,0.38241031765937805
4384,0.38605421781539917
4385,0.38342025876045227
4386,0.3792031407356262
4387,0.3797476887702942
4388,0.38278070092201233
4389,0.382772833108902
4390,0.37964990735054016
4391,0.37853971123695374
4392,0.380543053150177
4393,0.3817068338394165
4394,0.38010385632514954
4395,0.37818771600723267
4396,0.3788416385650635
4397,0.3804991841316223
4398,0.380312979221344
4399,0.378584086894989
4400,0.3777618110179901
4401,0.3788871169090271
4402,0.3798384368419647
4403,0.3790658712387085
4404,0.3777076005935669
4405,0.3775404691696167
4406,0.37857308983802795
4407,0.37900885939598083
4408,0.37816378474235535
4409,0.3771936893463135
4410,0.3772450387477875
4411,0.3780077397823334
4412,0.3781786859035492
4413,0.3774729371070862
4414,0.3768002688884735
4415,0.3768795132637024
4416,0.37738797068595886
4417,0.3774625062942505
4418,0.37695103883743286
4419,0.376464307308197
4420,0.37647849321365356
4421,0.37678927183151245
4422,0.3768421709537506
4423,0.37650659680366516
4424,0.37614747881889343
4425,0.37609249353408813
4426,0.37625688314437866
4427,0.37630772590637207
4428,0.37611064314842224
4429,0.37584543228149414
4430,0.37573760747909546
4431,0.37579548358917236
4432,0.37583670020103455
4433,0.3757345378398895
4434,0.3755473792552948
4435,0.3754161596298218
4436,0.3753982484340668
4437,0.3754163980484009
4438,0.37536969780921936
4439,0.37524664402008057
4440,0.37511706352233887
4441,0.375051349401474
4442,0.37503767013549805
4443,0.37501227855682373
4444,0.37493613362312317
4445,0.3748254179954529
4446,0.3747364580631256
4447,0.3746923506259918
4448,0.3746643364429474
4449,0.37461450695991516
4450,0.37452736496925354
4451,0.37443599104881287
4452,0.3743721544742584
4453,0.3743308484554291
4454,0.3742879331111908
4455,0.3742187023162842
4456,0.37413591146469116
4457,0.37406566739082336
4458,0.3740122318267822
4459,0.3739648163318634
4460,0.37390366196632385
4461,0.3738309144973755
4462,0.3737632632255554
4463,0.3737044930458069
4464,0.3736509084701538
4465,0.37359070777893066
4466,0.3735244870185852
4467,0.37346112728118896
4468,0.3734019994735718
4469,0.37334516644477844
4470,0.3732839822769165
4471,0.37322065234184265
4472,0.37316030263900757
4473,0.37310221791267395
4474,0.373044490814209
4475,0.372982382774353
4476,0.3729197680950165
4477,0.37286078929901123
4478,0.3728039860725403
4479,0.37274646759033203
4480,0.37268349528312683
4481,0.3726200461387634
4482,0.3725612163543701
4483,0.3725050389766693
4484,0.37244877219200134
4485,0.3723861277103424
4486,0.37232160568237305
4487,0.3722611963748932
4488,0.3722042739391327
4489,0.37214821577072144
4490,0.3720869719982147
4491,0.3720231354236603
4492,0.37196221947669983
4493,0.3719041049480438
4494,0.3718471825122833
4495,0.37178662419319153
4496,0.3717241883277893
4497,0.3716639280319214
4498,0.3716057240962982
4499,0.37154820561408997
4500,0.371487557888031
4501,0.3714258372783661
4502,0.3713661730289459
4503,0.3713081181049347
4504,0.37125059962272644
4505,0.37118998169898987
4506,0.37112823128700256
4507,0.37106841802597046
4508,0.3710102140903473
4509,0.370952844619751
4510,0.3708925247192383
4511,0.3708309531211853
4512,0.3707708716392517
4513,0.37071213126182556
4514,0.37065428495407104
4515,0.37059423327445984
4516,0.3705333173274994
4517,0.3704736530780792
4518,0.37041500210762024
4519,0.3703569769859314
4520,0.37029704451560974
4521,0.3702361583709717
4522,0.37017667293548584
4523,0.37011805176734924
4524,0.3700600564479828
4525,0.3700002133846283
4526,0.36993953585624695
4527,0.3698800206184387
4528,0.36982136964797974
4529,0.36976370215415955
4530,0.3697051703929901
4531,0.3696475923061371
4532,0.3695933520793915
4533,0.3695445954799652
4534,0.3695061206817627
4535,0.3694852292537689
4536,0.3695026636123657
4537,0.3696032166481018
4538,0.369876891374588
4539,0.3705156445503235
4540,0.37191659212112427
4541,0.37495478987693787
4542,0.381578266620636
4543,0.39595818519592285
4544,0.42713212966918945
4545,0.49242791533470154
4546,0.6247094869613647
4547,0.8659968376159668
4548,1.2204210758209229
4549,1.4961984157562256
4550,1.3075401782989502
4551,0.6763381958007812
4552,0.4078845977783203
4553,0.7670163512229919
4554,1.0309743881225586
4555,0.7705892324447632
4556,0.40683209896087646
4557,0.47166138887405396
4558,0.7095390558242798
4559,0.5985212326049805
4560,0.38470515608787537
4561,0.5023811459541321
4562,0.5962942838668823
4563,0.432646244764328
4564,0.39379218220710754
4565,0.5241015553474426
4566,0.4930042028427124
4567,0.3787079453468323
4568,0.43085578083992004
4569,0.47727838158607483
4570,0.3961590826511383
4571,0.3929796814918518
4572,0.447715163230896
4573,0.40670591592788696
4574,0.3756466507911682
4575,0.41735804080963135
4576,0.4123736321926117
4577,0.3739525377750397
4578,0.39139366149902344
4579,0.4064788818359375
4580,0.3783547878265381
4581,0.37854933738708496
4582,0.3974139094352722
4583,0.3828563094139099
4584,0.3715864419937134
4585,0.3864738941192627
4586,0.3861570358276367
4587,0.3712884485721588
4588,0.37615105509757996
4589,0.38364773988723755
4590,0.37422120571136475
4591,0.3705964982509613
4592,0.37810254096984863
4593,0.37631019949913025
4594,0.3697109520435333
4595,0.37253162264823914
4596,0.3753320574760437
4597,0.37094229459762573
4598,0.36955586075782776
4599,0.37291455268859863
4600,0.37186944484710693
4601,0.36885499954223633
4602,0.37029507756233215
4603,0.3717162311077118
4604,0.3695741295814514
4605,0.3686108887195587
4606,0.370321661233902
4607,0.37014952301979065
4608,0.3684050738811493
4609,0.36869513988494873
4610,0.36969876289367676
4611,0.3688400387763977
4612,0.36786678433418274
4613,0.3685067892074585
4614,0.36884549260139465
4615,0.36796438694000244
4616,0.3675558269023895
4617,0.368050754070282
4618,0.3680197596549988
4619,0.3674027919769287
4620,0.3673219084739685
4621,0.3675588071346283
4622,0.36735162138938904
4623,0.3670010268688202
4624,0.3670552968978882
4625,0.3671285808086395
4626,0.3668747544288635
4627,0.3666895925998688
4628,0.3667548596858978
4629,0.36674126982688904
4630,0.3665284514427185
4631,0.3664287328720093
4632,0.3664708435535431
4633,0.3663959801197052
4634,0.3662291467189789
4635,0.36617013812065125
4636,0.3661881387233734
4637,0.36609578132629395
4638,0.365949422121048
4639,0.36590376496315
4640,0.3659011721611023
4641,0.36581432819366455
4642,0.3656851351261139
4643,0.3656315505504608
4644,0.365617036819458
4645,0.3655422627925873
4646,0.3654293417930603
4647,0.3653617203235626
4648,0.36533233523368835
4649,0.3652738034725189
4650,0.3651820421218872
4651,0.36510518193244934
4652,0.36505675315856934
4653,0.36500176787376404
4654,0.36492982506752014
4655,0.364859014749527
4656,0.36479833722114563
4657,0.3647395670413971
4658,0.36467429995536804
4659,0.3646113872528076
4660,0.36455121636390686
4661,0.36448824405670166
4662,0.36442461609840393
4663,0.36436349153518677
4664,0.36430710554122925
4665,0.3642462193965912
4666,0.36418086290359497
4667,0.36411893367767334
4668,0.3640609681606293
4669,0.36400482058525085
4670,0.3639429807662964
4671,0.36387917399406433
4672,0.3638192415237427
4673,0.36376118659973145
4674,0.363703191280365
4675,0.3636423349380493
4676,0.3635811507701874
4677,0.363522469997406
4678,0.36346402764320374
4679,0.36340638995170593
4680,0.36334651708602905
4681,0.3632863461971283
4682,0.3632272183895111
4683,0.3631681203842163
4684,0.3631105124950409
4685,0.3630519211292267
4686,0.3629927635192871
4687,0.362933874130249
4688,0.36287516355514526
4689,0.36281827092170715
4690,0.3627602756023407
4691,0.3627011775970459
4692,0.3626422584056854
4693,0.3625835180282593
4694,0.36252647638320923
4695,0.36246901750564575
4696,0.36241093277931213
4697,0.3623529076576233
4698,0.36229535937309265
4699,0.36223962903022766
4700,0.3621825575828552
4701,0.3621240556240082
4702,0.36206555366516113
4703,0.3620069921016693
4704,0.36194923520088196
4705,0.3618929088115692
4706,0.36183974146842957
4707,0.36178961396217346
4708,0.3617447316646576
4709,0.36171048879623413
4710,0.3616792559623718
4711,0.36165496706962585
4712,0.3616649806499481
4713,0.36173975467681885
4714,0.36194127798080444
4715,0.36239102482795715
4716,0.36333557963371277
4717,0.3652905523777008
4718,0.369291752576828
4719,0.3775378167629242
4720,0.3925663232803345
4721,0.42163991928100586
4722,0.4806535542011261
4723,0.599628210067749
4724,0.8161401748657227
4725,1.1396920680999756
4726,1.4420887231826782
4727,1.52079176902771
4728,1.0491113662719727
4729,0.48332470655441284
4730,0.4569149315357208
4731,0.8005958795547485
4732,1.005053997039795
4733,0.8204560875892639
4734,0.48430371284484863
4735,0.370095431804657
4736,0.5029056072235107
4737,0.5754729509353638
4738,0.4481673836708069
4739,0.3702755272388458
4740,0.4387392997741699
4741,0.46690061688423157
4742,0.4121888279914856
4743,0.3694874346256256
4744,0.3969185948371887
4745,0.4108944535255432
4746,0.3777099847793579
4747,0.37241384387016296
4748,0.39472058415412903
4749,0.39320576190948486
4750,0.3672844171524048
4751,0.38051459193229675
4752,0.40844303369522095
4753,0.39716607332229614
4754,0.368063747882843
4755,0.3748595714569092
4756,0.41299259662628174
4757,0.40601015090942383
4758,0.36976808309555054
4759,0.36829450726509094
4760,0.40153613686561584
4761,0.41532230377197266
4762,0.3838973641395569
4763,0.3622599244117737
4764,0.3791835904121399
4765,0.4006224572658539
4766,0.39075541496276855
4767,0.36560022830963135
4768,0.36662155389785767
4769,0.3846956193447113
4770,0.3878529369831085
4771,0.37225186824798584
4772,0.3615553081035614
4773,0.3694588541984558
4774,0.3783031404018402
4775,0.3732348680496216
4776,0.36311137676239014
4777,0.3626222014427185
4778,0.3695968985557556
4779,0.3709474503993988
4780,0.36499232053756714
4781,0.3608930706977844
4782,0.36331045627593994
4783,0.36668696999549866
4784,0.3651694357395172
4785,0.36142468452453613
4786,0.36077189445495605
4787,0.36301833391189575
4788,0.3638942539691925
4789,0.36200961470603943
4790,0.36025282740592957
4791,0.3606715500354767
4792,0.3619091808795929
4793,0.36177143454551697
4794,0.36046332120895386
4795,0.35981836915016174
4796,0.3603162467479706
4797,0.3608223795890808
4798,0.36045268177986145
4799,0.35971152782440186
4800,0.35950490832328796
4801,0.35978543758392334
4802,0.35992977023124695
4803,0.35963916778564453
4804,0.35925886034965515
4805,0.3591770827770233
4806,0.35927730798721313
4807,0.35928159952163696
4808,0.3591029644012451
4809,0.3589073419570923
4810,0.35884207487106323
4811,0.35883790254592896
4812,0.358798086643219
4813,0.3586953282356262
4814,0.35858651995658875
4815,0.35852113366127014
4816,0.3584737479686737
4817,0.3584199547767639
4818,0.35835152864456177
4819,0.358279824256897
4820,0.35821712017059326
4821,0.3581582307815552
4822,0.35809993743896484
4823,0.358040988445282
4824,0.35798153281211853
4825,0.35792335867881775
4826,0.35786768794059753
4827,0.357810378074646
4828,0.35775095224380493
4829,0.35769137740135193
4830,0.35763460397720337
4831,0.357585072517395
4832,0.3575335741043091
4833,0.3574741780757904
4834,0.3574104309082031
4835,0.35734954476356506
4836,0.35730236768722534
4837,0.35725852847099304
4838,0.35720425844192505
4839,0.35713884234428406
4840,0.3570706248283386
4841,0.3570188879966736
4842,0.3569794297218323
4843,0.35693371295928955
4844,0.3568733036518097
4845,0.35680022835731506
4846,0.35673943161964417
4847,0.3566974699497223
4848,0.35665830969810486
4849,0.3566071391105652
4850,0.35653576254844666
4851,0.3564673960208893
4852,0.35641828179359436
4853,0.35637935996055603
4854,0.35633566975593567
4855,0.3562711775302887
4856,0.3562015891075134
4857,0.35614603757858276
4858,0.35610243678092957
4859,0.35606032609939575
4860,0.356002539396286
4861,0.355937123298645
4862,0.3558802306652069
4863,0.35583236813545227
4864,0.35578781366348267
4865,0.3557332754135132
4866,0.3556731045246124
4867,0.35561826825141907
4868,0.35556915402412415
4869,0.3555222451686859
4870,0.3554683029651642
4871,0.35541146993637085
4872,0.3553593158721924
4873,0.35531070828437805
4874,0.35526329278945923
4875,0.3552093505859375
4876,0.3551536798477173
4877,0.35510310530662537
4878,0.35505592823028564
4879,0.3550093173980713
4880,0.3549553453922272
4881,0.3548993766307831
4882,0.3548485338687897
4883,0.3548015356063843
4884,0.3547556400299072
4885,0.35470306873321533
4886,0.35464754700660706
4887,0.35459643602371216
4888,0.3545488715171814
4889,0.3545028567314148
4890,0.3544515073299408
4891,0.35439759492874146
4892,0.35434699058532715
4893,0.3542991578578949
4894,0.3542528748512268
4895,0.35420215129852295
4896,0.3541496694087982
4897,0.3541000485420227
4898,0.3540526330471039
4899,0.35400640964508057
4900,0.3539562225341797
4901,0.3539043366909027
4902,0.353855162858963
4903,0.35380807518959045
4904,0.3537624180316925
4905,0.3537128269672394
4906,0.3536614775657654
4907,0.35361236333847046
4908,0.3535650074481964
4909,0.3535189628601074
4910,0.35346999764442444
4911,0.3534198999404907
4912,0.3533717691898346
4913,0.3533250689506531
4914,0.3532794713973999
4915,0.35323095321655273
4916,0.3531811833381653
4917,0.3531332314014435
4918,0.3530864417552948
4919,0.3530407249927521
4920,0.35299283266067505
4921,0.35294395685195923
4922,0.35289666056632996
4923,0.35285043716430664
4924,0.3528051972389221
4925,0.3527577817440033
4926,0.35270920395851135
4927,0.35266202688217163
4928,0.35261544585227966
4929,0.3525697886943817
4930,0.3525227904319763
4931,0.352475643157959
4932,0.3524296283721924
4933,0.3523849546909332
4934,0.3523414731025696
4935,0.35229551792144775
4936,0.35224753618240356
4937,0.35220077633857727
4938,0.35215458273887634
4939,0.3521089553833008
4940,0.35206636786460876
4941,0.35203105211257935
4942,0.3520039916038513
4943,0.35199174284935
4944,0.3520065248012543
4945,0.3520408868789673
4946,0.35211411118507385
4947,0.3523029386997223
4948,0.35271137952804565
4949,0.35354894399642944
4950,0.3551328778266907
4951,0.35820624232292175
4952,0.3643631339073181
4953,0.3768026530742645
4954,0.4016433358192444
4955,0.44656771421432495
4956,0.5275307297706604
4957,0.6825833916664124
4958,0.9368534684181213
4959,1.29325532913208
4960,1.4725377559661865
4961,1.2330327033996582
4962,0.6379731297492981
4963,0.38360995054244995
4964,0.6866453886032104
4965,0.9488375186920166
4966,0.808910071849823
4967,0.47862696647644043
4968,0.36232584714889526
4969,0.5277891159057617
4970,0.5663064122200012
4971,0.40472108125686646
4972,0.3797897696495056
4973,0.4944564402103424
4974,0.5112757086753845
4975,0.3867633044719696
4976,0.38829731941223145
4977,0.5014362931251526
4978,0.48836055397987366
4979,0.3801380693912506
4980,0.3926337659358978
4981,0.5158059597015381
4982,0.484832227230072
4983,0.3683750629425049
4984,0.38763684034347534
4985,0.49001017212867737
4986,0.48106223344802856
4987,0.37618499994277954
4988,0.3731478154659271
4989,0.4441721439361572
4990,0.43676650524139404
4991,0.3683317303657532
4992,0.3654886782169342
4993,0.41441673040390015
4994,0.40769922733306885
4995,0.3648756742477417
4996,0.3573332726955414
4997,0.3823939263820648
4998,0.3832283914089203
4999,0.359210729598999
5000,0.3556400537490845
5001,0.36584845185279846
5002,0.36536189913749695
5003,0.3556525409221649
5004,0.35446637868881226
5005,0.35863786935806274
5006,0.3562120795249939
5007,0.3531569540500641
5008,0.35448071360588074
5009,0.35643699765205383
5010,0.35378125309944153
5011,0.35336554050445557
5012,0.35649293661117554
5013,0.35650041699409485
5014,0.35340142250061035
5015,0.3530917763710022
5016,0.358241468667984
5017,0.358978271484375
5018,0.35405439138412476
5019,0.3521723747253418
5020,0.35657569766044617
5021,0.36049985885620117
5022,0.35657569766044617
5023,0.351889044046402
5024,0.35350939631462097
5025,0.3580339848995209
5026,0.35801294445991516
5027,0.35316935181617737
5028,0.3515976071357727
5029,0.35461270809173584
5030,0.3566715717315674
5031,0.3545069992542267
5032,0.3514048755168915
5033,0.3519216477870941
5034,0.3541259467601776
5035,0.35419756174087524
5036,0.35207149386405945
5037,0.3508535921573639
5038,0.35192519426345825
5039,0.3529445230960846
5040,0.35225018858909607
5041,0.35089921951293945
5042,0.3506748676300049
5043,0.3514869809150696
5044,0.35175713896751404
5045,0.35105377435684204
5046,0.350370317697525
5047,0.35048460960388184
5048,0.350938618183136
5049,0.35089200735092163
5050,0.35038554668426514
5051,0.3500736653804779
5052,0.3502219319343567
5053,0.35042959451675415
5054,0.3502979874610901
5055,0.34996917843818665
5056,0.34982627630233765
5057,0.3499336540699005
5058,0.35001495480537415
5059,0.34988412261009216
5060,0.3496643900871277
5061,0.3495822250843048
5062,0.3496437072753906
5063,0.3496699929237366
5064,0.34956249594688416
5065,0.3494051694869995
5066,0.3493412435054779
5067,0.3493689298629761
5068,0.3493713140487671
5069,0.349286288022995
5070,0.3491646647453308
5071,0.3491048216819763
5072,0.3491102159023285
5073,0.34910207986831665
5074,0.3490336537361145
5075,0.34893205761909485
5076,0.3488718867301941
5077,0.3488636910915375
5078,0.3488523066043854
5079,0.3487972021102905
5080,0.34870827198028564
5081,0.3486451208591461
5082,0.34862634539604187
5083,0.3486129641532898
5084,0.34856870770454407
5085,0.3484898805618286
5086,0.34842440485954285
5087,0.3483969569206238
5088,0.34838128089904785
5089,0.348345547914505
5090,0.3482755422592163
5091,0.3482089638710022
5092,0.348174124956131
5093,0.34815487265586853
5094,0.34812456369400024
5095,0.348062664270401
5096,0.34799784421920776
5097,0.34795790910720825
5098,0.347934365272522
5099,0.34790629148483276
5100,0.347851425409317
5101,0.3477897346019745
5102,0.3477471172809601
5103,0.3477194607257843
5104,0.34769144654273987
5105,0.3476416766643524
5106,0.3475841283798218
5107,0.34754088521003723
5108,0.34750983119010925
5109,0.34748050570487976
5110,0.3474341034889221
5111,0.3473808467388153
5112,0.3473384976387024
5113,0.34730562567710876
5114,0.34727469086647034
5115,0.34723004698753357
5116,0.3471800982952118
5117,0.34713953733444214
5118,0.3471065163612366
5119,0.3470747470855713
5120,0.3470311164855957
5121,0.34698304533958435
5122,0.3469432294368744
5123,0.3469099700450897
5124,0.3468781113624573
5125,0.34683549404144287
5126,0.34678900241851807
5127,0.3467502295970917
5128,0.34671729803085327
5129,0.34668636322021484
5130,0.34664595127105713
5131,0.34660154581069946
5132,0.3465648293495178
5133,0.3465348184108734
5134,0.34650957584381104
5135,0.3464811146259308
5136,0.3464583456516266
5137,0.34645670652389526
5138,0.34648823738098145
5139,0.3465741276741028
5140,0.34674251079559326
5141,0.3470741808414459
5142,0.3477334678173065
5143,0.3490094542503357
5144,0.3514665961265564
5145,0.3561462461948395
5146,0.3651595413684845
5147,0.38260558247566223
5148,0.41630077362060547
5149,0.4796876311302185
5150,0.5925859808921814
5151,0.7713226079940796
5152,1.0004005432128906
5153,1.1431771516799927
5154,1.003243088722229
5155,0.5970255732536316
5156,0.3584583103656769
5157,0.5180853605270386
5158,0.7716372013092041
5159,0.763552725315094
5160,0.5041162371635437
5161,0.34920912981033325
5162,0.4687477946281433
5163,0.5739238262176514
5164,0.4557696580886841
5165,0.3515990078449249
5166,0.43740758299827576
5167,0.5063551664352417
5168,0.42206430435180664
5169,0.3507372736930847
5170,0.40476733446121216
5171,0.44437307119369507
5172,0.38419175148010254
5173,0.35318657755851746
5174,0.3994431793689728
5175,0.406521201133728
5176,0.3601866066455841
5177,0.3560120761394501
5178,0.38892662525177
5179,0.3826374411582947
5180,0.3517189919948578
5181,0.35750967264175415
5182,0.37743282318115234
5183,0.36518603563308716
5184,0.3480457663536072
5185,0.35825857520103455
5186,0.3686048090457916
5187,0.35698458552360535
5188,0.3477165699005127
5189,0.35605135560035706
5190,0.36074817180633545
5191,0.3519202172756195
5192,0.347900927066803
5193,0.3542945981025696
5194,0.3557874262332916
5195,0.3494196832180023
5196,0.3477743864059448
5197,0.3522390127182007
5198,0.3525722920894623
5199,0.348191499710083
5200,0.34746015071868896
5201,0.3505009710788727
5202,0.3504021465778351
5203,0.3473970890045166
5204,0.3470369875431061
5205,0.34904924035072327
5206,0.34896987676620483
5207,0.34694674611091614
5208,0.3466087281703949
5209,0.3479152321815491
5210,0.347912460565567
5211,0.3465670049190521
5212,0.34625309705734253
5213,0.3470954895019531
5214,0.34719422459602356
5215,0.34630584716796875
5216,0.34595298767089844
5217,0.34646108746528625
5218,0.34663110971450806
5219,0.3460831344127655
5220,0.34573137760162354
5221,0.3459935486316681
5222,0.3461777865886688
5223,0.3458659052848816
5224,0.3455490171909332
5225,0.34563127160072327
5226,0.34579047560691833
5227,0.34564295411109924
5228,0.34538185596466064
5229,0.34535306692123413
5230,0.3454636037349701
5231,0.34541913866996765
5232,0.3452279567718506
5233,0.3451288938522339
5234,0.34517720341682434
5235,0.3451897203922272
5236,0.34507572650909424
5237,0.34495651721954346
5238,0.3449389636516571
5239,0.3449596166610718
5240,0.3449101150035858
5241,0.3448094129562378
5242,0.3447495400905609
5243,0.3447447717189789
5244,0.34472939372062683
5245,0.34466418623924255
5246,0.3445919454097748
5247,0.34455785155296326
5248,0.34454435110092163
5249,0.3445102870464325
5250,0.344449520111084
5251,0.3443962633609772
5252,0.34436821937561035
5253,0.34434542059898376
5254,0.34430599212646484
5255,0.3442527949810028
5256,0.3442087173461914
5257,0.34417998790740967
5258,0.3441515564918518
5259,0.3441121578216553
5260,0.3440655767917633
5261,0.3440256714820862
5262,0.34399524331092834
5263,0.34396427869796753
5264,0.343926340341568
5265,0.34388405084609985
5266,0.34384626150131226
5267,0.34381476044654846
5268,0.3437829613685608
5269,0.34374698996543884
5270,0.34370747208595276
5271,0.34367063641548157
5272,0.3436383306980133
5273,0.34360671043395996
5274,0.34357261657714844
5275,0.3435351252555847
5276,0.3434988260269165
5277,0.34346577525138855
5278,0.34343406558036804
5279,0.3434012830257416
5280,0.3433656096458435
5281,0.34333011507987976
5282,0.3432968258857727
5283,0.3432650566101074
5284,0.34323304891586304
5285,0.3431990146636963
5286,0.34316450357437134
5287,0.3431313931941986
5288,0.34309956431388855
5289,0.34306827187538147
5290,0.343035489320755
5291,0.3430019021034241
5292,0.34296900033950806
5293,0.34293705224990845
5294,0.3429057002067566
5295,0.3428737223148346
5296,0.34284135699272156
5297,0.34280940890312195
5298,0.34277793765068054
5299,0.3427470028400421
5300,0.34271544218063354
5301,0.3426836431026459
5302,0.34265196323394775
5303,0.3426206111907959
5304,0.34258946776390076
5305,0.3425583243370056
5306,0.3425276279449463
5307,0.34249743819236755
5308,0.3424678146839142
5309,0.34243905544281006
5310,0.34240925312042236
5311,0.34237876534461975
5312,0.34234941005706787
5313,0.34232115745544434
5314,0.342294842004776
5315,0.3422740697860718
5316,0.3422636389732361
5317,0.3422681391239166
5318,0.3422998785972595
5319,0.3423815369606018
5320,0.34252142906188965
5321,0.34277111291885376
5322,0.343277245759964
5323,0.34427016973495483
5324,0.3462102711200714
5325,0.34966450929641724
5326,0.356111615896225
5327,0.36878833174705505
5328,0.39394426345825195
5329,0.4425797462463379
5330,0.5273470878601074
5331,0.6671490669250488
5332,0.9020800590515137
5333,1.1877355575561523
5334,1.3999838829040527
5335,1.1737779378890991
5336,0.6453450322151184
5337,0.3638458549976349
5338,0.599119246006012
5339,0.9627138376235962
5340,0.9350144267082214
5341,0.5797033905982971
5342,0.350544810295105
5343,0.4898543953895569
5344,0.6495726108551025
5345,0.47678589820861816
5346,0.35330092906951904
5347,0.5029532313346863
5348,0.5954670906066895
5349,0.4689445495605469
5350,0.3492960035800934
5351,0.4719119668006897
5352,0.5578045845031738
5353,0.42272868752479553
5354,0.3556961715221405
5355,0.47478941082954407
5356,0.5198743343353271
5357,0.39808738231658936
5358,0.353462815284729
5359,0.44075316190719604
5360,0.4650072455406189
5361,0.3784797489643097
5362,0.3538725674152374
5363,0.4165481925010681
5364,0.413720965385437
5365,0.35682234168052673
5366,0.35279688239097595
5367,0.39004456996917725
5368,0.38570988178253174
5369,0.3503965437412262
5370,0.35036078095436096
5371,0.3679426610469818
5372,0.3618345558643341
5373,0.34582260251045227
5374,0.3500370383262634
5375,0.35759004950523376
5376,0.34998881816864014
5377,0.3445349335670471
5378,0.3495809733867645
5379,0.3527635633945465
5380,0.3461930751800537
5381,0.34569716453552246
5382,0.352064311504364
5383,0.3512156307697296
5384,0.3450818657875061
5385,0.345623254776001
5386,0.35344502329826355
5387,0.3528807461261749
5388,0.34531915187835693
5389,0.3444311320781708
5390,0.35095441341400146
5391,0.3530024290084839
5392,0.3464338779449463
5393,0.34334641695022583
5394,0.3475882411003113
5395,0.3506582975387573
5396,0.34724998474121094
5397,0.3431028425693512
5398,0.3447166681289673
5399,0.3476514220237732
5400,0.3465549647808075
5401,0.34341153502464294
5402,0.3430509567260742
5403,0.3451443910598755
5404,0.3454243540763855
5405,0.34357619285583496
5406,0.342478483915329
5407,0.3433058261871338
5408,0.3441206216812134
5409,0.34339478611946106
5410,0.3423954248428345
5411,0.34238940477371216
5412,0.3429502248764038
5413,0.34295615553855896
5414,0.34236040711402893
5415,0.3420466184616089
5416,0.34219521284103394
5417,0.3423512279987335
5418,0.3421832323074341
5419,0.34190845489501953
5420,0.3418470323085785
5421,0.34189271926879883
5422,0.34187403321266174
5423,0.3417608141899109
5424,0.3416646420955658
5425,0.34163838624954224
5426,0.3416097164154053
5427,0.34156134724617004
5428,0.3415077328681946
5429,0.34146806597709656
5430,0.34143176674842834
5431,0.3413901925086975
5432,0.3413533568382263
5433,0.34131869673728943
5434,0.34128129482269287
5435,0.3412397801876068
5436,0.34121400117874146
5437,0.3411913812160492
5438,0.34115180373191833
5439,0.34110093116760254
5440,0.3410598933696747
5441,0.3410545587539673
5442,0.3410438597202301
5443,0.3409952223300934
5444,0.34092873334884644
5445,0.3408852517604828
5446,0.34089386463165283
5447,0.34089577198028564
5448,0.3408453166484833
5449,0.34076663851737976
5450,0.3407132625579834
5451,0.34072476625442505
5452,0.34074050188064575
5453,0.3406994640827179
5454,0.3406159281730652
5455,0.3405466377735138
5456,0.34054824709892273
5457,0.3405739665031433
5458,0.34055212140083313
5459,0.3404757082462311
5460,0.34039056301116943
5461,0.3403707444667816
5462,0.3403974771499634
5463,0.3403978645801544
5464,0.34034043550491333
5465,0.340247243642807
5466,0.34020113945007324
5467,0.3402162790298462
5468,0.3402325510978699
5469,0.34020137786865234
5470,0.3401132822036743
5471,0.3400447368621826
5472,0.34003832936286926
5473,0.34005632996559143
5474,0.340048223733902
5475,0.3399774730205536
5476,0.33990025520324707
5477,0.3398728370666504
5478,0.33987972140312195
5479,0.3398815095424652
5480,0.3398306369781494
5481,0.33975934982299805
5482,0.33972060680389404
5483,0.3397122919559479
5484,0.33971095085144043
5485,0.33967292308807373
5486,0.33961471915245056
5487,0.33957645297050476
5488,0.33955931663513184
5489,0.3395497500896454
5490,0.33951622247695923
5491,0.33946892619132996
5492,0.33943605422973633
5493,0.33941635489463806
5494,0.33940136432647705
5495,0.33936798572540283
5496,0.339326947927475
5497,0.3392986059188843
5498,0.33928024768829346
5499,0.3392638862133026
5500,0.3392295837402344
5501,0.33918970823287964
5502,0.3391631245613098
5503,0.3391459584236145
5504,0.3391309082508087
5505,0.3390970230102539
5506,0.33905625343322754
5507,0.33902814984321594
5508,0.3390100598335266
5509,0.3389955461025238
5510,0.3389643430709839
5511,0.33892467617988586
5512,0.33889520168304443
5513,0.3388741910457611
5514,0.33885759115219116
5515,0.33882853388786316
5516,0.3387928307056427
5517,0.33876484632492065
5518,0.3387431800365448
5519,0.33872491121292114
5520,0.3386962115764618
5521,0.338662713766098
5522,0.33863621950149536
5523,0.3386152982711792
5524,0.33859720826148987
5525,0.3385688364505768
5526,0.33853551745414734
5527,0.3385087549686432
5528,0.33848699927330017
5529,0.3384684920310974
5530,0.33844131231307983
5531,0.3384094536304474
5532,0.3383830487728119
5533,0.3383605480194092
5534,0.33834123611450195
5535,0.3383149206638336
5536,0.3382851779460907
5537,0.33826038241386414
5538,0.33823978900909424
5539,0.3382227420806885
5540,0.33820128440856934
5541,0.33817970752716064
5542,0.33816972374916077
5543,0.3381769061088562
5544,0.33821403980255127
5545,0.3382994532585144
5546,0.3384881913661957
5547,0.3388954699039459
5548,0.33974215388298035
5549,0.3414878845214844
5550,0.34503546357154846
5551,0.35234010219573975
5552,0.36753296852111816
5553,0.3990616500377655
5554,0.4632851183414459
5555,0.5873637199401855
5556,0.802830696105957
5557,1.1019741296768188
5558,1.3029158115386963
5559,1.1046689748764038
5560,0.5673891305923462
5561,0.3704168498516083
5562,0.6833876371383667
5563,0.9003790616989136
5564,0.6785025000572205
5565,0.36934465169906616
5566,0.4288683831691742
5567,0.6254509687423706
5568,0.5190505981445312
5569,0.35049042105674744
5570,0.4517507553100586
5571,0.5342651605606079
5572,0.408554345369339
5573,0.35135358572006226
5574,0.44854700565338135
5575,0.44994717836380005
5576,0.35425686836242676
5577,0.3746316134929657
5578,0.4288734793663025
5579,0.3755907714366913
5580,0.34516626596450806
5581,0.39442723989486694
5582,0.3928288221359253
5583,0.346112996339798
5584,0.3574363887310028
5585,0.3835276663303375
5586,0.3576338291168213
5587,0.3431353271007538
5588,0.36630216240882874
5589,0.36379700899124146
5590,0.34234750270843506
5591,0.3498324155807495
5592,0.3618335425853729
5593,0.3487471044063568
5594,0.3414674699306488
5595,0.35241299867630005
5596,0.3517850935459137
5597,0.3414524495601654
5598,0.34440839290618896
5599,0.35035547614097595
5600,0.3444783687591553
5601,0.3405064046382904
5602,0.3456115424633026
5603,0.34617042541503906
5604,0.3409266173839569
5605,0.3413451015949249
5606,0.3447137773036957
5607,0.3425397574901581
5608,0.33991122245788574
5609,0.34191960096359253
5610,0.3428652584552765
5611,0.34035709500312805
5612,0.33978548645973206
5613,0.3416425883769989
5614,0.34126096963882446
5615,0.3394191563129425
5616,0.33973684906959534
5617,0.3407977819442749
5618,0.3400864005088806
5619,0.3392218053340912
5620,0.3396904468536377
5621,0.33992892503738403
5622,0.33923622965812683
5623,0.339040070772171
5624,0.33955317735671997
5625,0.3394133150577545
5626,0.33878105878829956
5627,0.33879324793815613
5628,0.33917099237442017
5629,0.33905062079429626
5630,0.33863940834999084
5631,0.33863916993141174
5632,0.3387969434261322
5633,0.3386460244655609
5634,0.33847978711128235
5635,0.33853840827941895
5636,0.3385581374168396
5637,0.33836135268211365
5638,0.33823326230049133
5639,0.33834096789360046
5640,0.3383721113204956
5641,0.3381909430027008
5642,0.3380548059940338
5643,0.3381032943725586
5644,0.3381582200527191
5645,0.3380521535873413
5646,0.33792218565940857
5647,0.33791497349739075
5648,0.3379414975643158
5649,0.33790138363838196
5650,0.33781224489212036
5651,0.3377644419670105
5652,0.33775949478149414
5653,0.3377344012260437
5654,0.3376990258693695
5655,0.33765485882759094
5656,0.33761006593704224
5657,0.3375738561153412
5658,0.3375460207462311
5659,0.33753934502601624
5660,0.3375053405761719
5661,0.33744487166404724
5662,0.3374008238315582
5663,0.3373826742172241
5664,0.3373810648918152
5665,0.3373434245586395
5666,0.3372843563556671
5667,0.3372483551502228
5668,0.3372328281402588
5669,0.33722352981567383
5670,0.3371843099594116
5671,0.33713454008102417
5672,0.3371056914329529
5673,0.33708876371383667
5674,0.33707526326179504
5675,0.3370378613471985
5676,0.33699360489845276
5677,0.3369654715061188
5678,0.33694571256637573
5679,0.33693140745162964
5680,0.3368980884552002
5681,0.3368569314479828
5682,0.33682721853256226
5683,0.3368043005466461
5684,0.33678847551345825
5685,0.33675819635391235
5686,0.3367208242416382
5687,0.3366921544075012
5688,0.336669385433197
5689,0.3366537094116211
5690,0.3366248905658722
5691,0.33658865094184875
5692,0.33655962347984314
5693,0.33653587102890015
5694,0.33651912212371826
5695,0.33649149537086487
5696,0.3364578187465668
5697,0.3364303708076477
5698,0.33640775084495544
5699,0.336391419172287
5700,0.33636441826820374
5701,0.3363310694694519
5702,0.336303174495697
5703,0.3362787663936615
5704,0.3362593948841095
5705,0.3362327218055725
5706,0.3362034559249878
5707,0.3361797034740448
5708,0.33615946769714355
5709,0.3361448049545288
5710,0.3361196517944336
5711,0.33608686923980713
5712,0.33605870604515076
5713,0.3360314965248108
5714,0.336005300283432
5715,0.33598193526268005
5716,0.33597201108932495
5717,0.33597737550735474
5718,0.33600398898124695
5719,0.3360688388347626
5720,0.3361320495605469
5721,0.3362044095993042
5722,0.33638426661491394
5723,0.33675429224967957
5724,0.3374839723110199
5725,0.33893072605133057
5726,0.3417830169200897
5727,0.34730756282806396
5728,0.35815081000328064
5729,0.37919992208480835
5730,0.4156642556190491
5731,0.4789695739746094
5732,0.5985047817230225
5733,0.7943296432495117
5734,1.0804946422576904
5735,1.2729685306549072
5736,1.1891801357269287
5737,0.7419506311416626
5738,0.37777841091156006
5739,0.4555306136608124
5740,0.7395276427268982
5741,0.8446363210678101
5742,0.6726100444793701
5743,0.4170587956905365
5744,0.3570667505264282
5745,0.47067591547966003
5746,0.4747757911682129
5747,0.3761955797672272
5748,0.3459896147251129
5749,0.4117264449596405
5750,0.4241768419742584
5751,0.3630165159702301
5752,0.3423934280872345
5753,0.3769558072090149
5754,0.39239513874053955
5755,0.3499302268028259
5756,0.3522358536720276
5757,0.3994876742362976
5758,0.40341630578041077
5759,0.3614954948425293
5760,0.3413331210613251
5761,0.3977161943912506
5762,0.42996618151664734
5763,0.3814333975315094
5764,0.3393586575984955
5765,0.3757062256336212
5766,0.4414999485015869
5767,0.4247453808784485
5768,0.35682177543640137
5769,0.3423171639442444
5770,0.39590150117874146
5771,0.43046241998672485
5772,0.3850141763687134
5773,0.33910536766052246
5774,0.3606947958469391
5775,0.4045385420322418
5776,0.39835500717163086
5777,0.35251399874687195
5778,0.33971208333969116
5779,0.36862918734550476
5780,0.38411298394203186
5781,0.360601544380188
5782,0.33783552050590515
5783,0.3489019572734833
5784,0.3668004274368286
5785,0.3603357672691345
5786,0.34138375520706177
5787,0.3389993906021118
5788,0.35167938470840454
5789,0.35478195548057556
5790,0.3437178432941437
5791,0.33694887161254883
5792,0.3429391384124756
5793,0.3489168584346771
5794,0.3446713984012604
5795,0.33758461475372314
5796,0.3380947709083557
5797,0.3432576060295105
5798,0.34374216198921204
5799,0.33901333808898926
5800,0.3364887833595276
5801,0.3390296697616577
5802,0.3415200710296631
5803,0.3399491012096405
5804,0.3368842899799347
5805,0.33654916286468506
5806,0.3385395407676697
5807,0.33931592106819153
5808,0.3377504050731659
5809,0.33617180585861206
5810,0.3364734947681427
5811,0.3375965356826782
5812,0.3376898467540741
5813,0.3366541862487793
5814,0.33589428663253784
5815,0.33615878224372864
5816,0.3366747200489044
5817,0.33661168813705444
5818,0.33605509996414185
5819,0.335701048374176
5820,0.3358250856399536
5821,0.33601415157318115
5822,0.3359527289867401
5823,0.33569660782814026
5824,0.33552661538124084
5825,0.33554595708847046
5826,0.3355836570262909
5827,0.335543692111969
5828,0.3354414105415344
5829,0.3353613615036011
5830,0.3353368639945984
5831,0.33531665802001953
5832,0.33528441190719604
5833,0.3352419435977936
5834,0.33520203828811646
5835,0.33517053723335266
5836,0.33514004945755005
5837,0.33510977029800415
5838,0.3350794315338135
5839,0.3350488841533661
5840,0.335019588470459
5841,0.33499833941459656
5842,0.33497607707977295
5843,0.3349449336528778
5844,0.33490750193595886
5845,0.3348720669746399
5846,0.33485838770866394
5847,0.33485081791877747
5848,0.33482664823532104
5849,0.3347831070423126
5850,0.3347321152687073
5851,0.334710955619812
5852,0.33471399545669556
5853,0.33470630645751953
5854,0.33467039465904236
5855,0.33460670709609985
5856,0.33456552028656006
5857,0.33456364274024963
5858,0.3345695734024048
5859,0.33455243706703186
5860,0.3344913721084595
5861,0.33443233370780945
5862,0.33441299200057983
5863,0.3344171345233917
5864,0.3344147801399231
5865,0.33436891436576843
5866,0.33430802822113037
5867,0.3342747390270233
5868,0.3342662453651428
5869,0.3342639207839966
5870,0.33423131704330444
5871,0.33418095111846924
5872,0.33414608240127563
5873,0.33412837982177734
5874,0.33411815762519836
5875,0.33409005403518677
5876,0.33405032753944397
5877,0.3340209722518921
5878,0.3340017795562744
5879,0.33398666977882385
5880,0.3339579999446869
5881,0.33392369747161865
5882,0.33389922976493835
5883,0.33388209342956543
5884,0.3338664472103119
5885,0.3338365852832794
5886,0.33380255103111267
5887,0.33377909660339355
5888,0.33376339077949524
5889,0.3337496221065521
5890,0.3337203860282898
5891,0.3336847722530365
5892,0.3336591124534607
5893,0.33364152908325195
5894,0.3336275815963745
5895,0.3336010277271271
5896,0.33356764912605286
5897,0.3335416913032532
5898,0.33352214097976685
5899,0.33350610733032227
5900,0.33348071575164795
5901,0.33345043659210205
5902,0.3334263265132904
5903,0.3334069848060608
5904,0.3333902955055237
5905,0.33336496353149414
5906,0.3333356976509094
5907,0.3333124816417694
5908,0.33329349756240845
5909,0.33327716588974
5910,0.33325251936912537
5911,0.3332233726978302
5912,0.33319926261901855
5913,0.3331790864467621
5914,0.3331615626811981
5915,0.3331378102302551
5916,0.33311066031455994
5917,0.3330877721309662
5918,0.33306795358657837
5919,0.3330504298210144
5920,0.3330268859863281
5921,0.3330000638961792
5922,0.3329771161079407
5923,0.3329569399356842
5924,0.3329387605190277
5925,0.3329157829284668
5926,0.33289003372192383
5927,0.3328675627708435
5928,0.33284738659858704
5929,0.33282914757728577
5930,0.3328065276145935
5931,0.33278125524520874
5932,0.3327588438987732
5933,0.3327382206916809
5934,0.3327193558216095
5935,0.33269691467285156
5936,0.3326728343963623
5937,0.3326510787010193
5938,0.332631379365921
5939,0.332613468170166
5940,0.3325916826725006
5941,0.33256685733795166
5942,0.33254411816596985
5943,0.3325223922729492
5944,0.33250144124031067
5945,0.332479864358902
5946,0.33246058225631714
5947,0.332445353269577
5948,0.3324360251426697
5949,0.3324364423751831
5950,0.3324350416660309
5951,0.3324331045150757
5952,0.3324565589427948
5953,0.33252614736557007
5954,0.3326844871044159
5955,0.3330361247062683
5956,0.33377641439437866
5957,0.3352832496166229
5958,0.33834585547447205
5959,0.34464168548583984
5960,0.3560384213924408
5961,0.3780377507209778
5962,0.4229488968849182
5963,0.5143945217132568
5964,0.6841738820075989
5965,0.9493883848190308
5966,1.2283201217651367
5967,1.3703906536102295
5968,1.0355334281921387
5969,0.5051880478858948
5970,0.37744271755218506
5971,0.6689006090164185
5972,0.9122579097747803
5973,0.7835785150527954
5974,0.4629947543144226
5975,0.34721067547798157
5976,0.4900302290916443
5977,0.5508735775947571
5978,0.40920281410217285
5979,0.3447800278663635
5980,0.4289989471435547
5981,0.45596998929977417
5982,0.385717511177063
5983,0.3384699523448944
5984,0.37789463996887207
5985,0.3912447690963745
5986,0.3478288948535919
5987,0.34463179111480713
5988,0.37523984909057617
5989,0.3743974566459656
5990,0.34171468019485474
5991,0.3504023849964142
5992,0.3812248706817627
5993,0.37099140882492065
5994,0.34003424644470215
5995,0.3487308621406555
5996,0.3879574239253998
5997,0.3809618353843689
5998,0.3442768454551697
5999,0.33994260430336
6000,0.37073731422424316
6001,0.3836347162723541
6002,0.3537205457687378
6003,0.33689987659454346
6004,0.35549214482307434
6005,0.3701934814453125
6006,0.3557252883911133
6007,0.336941659450531
6008,0.3438437283039093
6009,0.35710886120796204
6010,0.3516457676887512
6011,0.33752307295799255
6012,0.3373922109603882
6013,0.34733787178993225
6014,0.34678491950035095
6015,0.33740851283073425
6016,0.3343547582626343
6017,0.33985385298728943
6018,0.3423815667629242
6019,0.3375001847743988
6020,0.3338486850261688
6021,0.33558356761932373
6022,0.3378942608833313
6023,0.3364841639995575
6024,0.3340572118759155
6025,0.33408570289611816
6026,0.3349364399909973
6027,0.3347082734107971
6028,0.33379676938056946
6029,0.3336760401725769
6030,0.33393388986587524
6031,0.3335670828819275
6032,0.3331673741340637
6033,0.33323410153388977
6034,0.333525151014328
6035,0.333313912153244
6036,0.33296746015548706
6037,0.3330381214618683
6038,0.33320608735084534
6039,0.3331270217895508
6040,0.33286312222480774
6041,0.33303144574165344
6042,0.33330783247947693
6043,0.333137184381485
6044,0.3327369689941406
6045,0.3326757252216339
6046,0.3332207202911377
6047,0.33344805240631104
6048,0.33297184109687805
6049,0.3324637711048126
6050,0.3326042890548706
6051,0.33328261971473694
6052,0.3333936035633087
6053,0.33277416229248047
6054,0.3322705328464508
6055,0.33250194787979126
6056,0.33316510915756226
6057,0.3332081139087677
6058,0.3325791358947754
6059,0.3321044445037842
6060,0.3323206603527069
6061,0.33290597796440125
6062,0.3329593539237976
6063,0.33241453766822815
6064,0.33196374773979187
6065,0.3320923447608948
6066,0.3325728178024292
6067,0.33267539739608765
6068,0.33226150274276733
6069,0.33183789253234863
6070,0.33184880018234253
6071,0.3322133719921112
6072,0.332377552986145
6073,0.33211687207221985
6074,0.33173778653144836
6075,0.3316322863101959
6076,0.33186718821525574
6077,0.3320692181587219
6078,0.3319629728794098
6079,0.3316636085510254
6080,0.33147189021110535
6081,0.33156973123550415
6082,0.33176374435424805
6083,0.33178216218948364
6084,0.33159035444259644
6085,0.33136487007141113
6086,0.3313390612602234
6087,0.3314788043498993
6088,0.33156999945640564
6089,0.3314903974533081
6090,0.3312852084636688
6091,0.3311740756034851
6092,0.33123505115509033
6093,0.33133935928344727
6094,0.33134549856185913
6095,0.33119651675224304
6096,0.331052303314209
6097,0.3310428559780121
6098,0.3311171531677246
6099,0.3311626613140106
6100,0.33107423782348633
6101,0.3309410512447357
6102,0.3308924436569214
6103,0.3309227228164673
6104,0.3309648931026459
6105,0.3309159278869629
6106,0.33081620931625366
6107,0.33076369762420654
6108,0.33076566457748413
6109,0.33078718185424805
6110,0.3307521343231201
6111,0.3306811451911926
6112,0.33064019680023193
6113,0.33063194155693054
6114,0.3306359350681305
6115,0.3306012749671936
6116,0.33054855465888977
6117,0.3305220603942871
6118,0.3305172324180603
6119,0.33051797747612
6120,0.3304823637008667
6121,0.3304363489151001
6122,0.33041971921920776
6123,0.33042436838150024
6124,0.33043551445007324
6125,0.3304241895675659
6126,0.3304314613342285
6127,0.33050984144210815
6128,0.3306858539581299
6129,0.3310067653656006
6130,0.33150824904441833
6131,0.3324047923088074
6132,0.3341560959815979
6133,0.33748549222946167
6134,0.343801349401474
6135,0.35565972328186035
6136,0.37811675667762756
6137,0.42000001668930054
6138,0.49634191393852234
6139,0.6231741309165955
6140,0.8031625747680664
6141,0.9687188863754272
6142,0.989743709564209
6143,0.7383103370666504
6144,0.4183991253376007
6145,0.35422855615615845
6146,0.5466581583023071
6147,0.7137185335159302
6148,0.6428967714309692
6149,0.4261898100376129
6150,0.3426324129104614
6151,0.45479556918144226
6152,0.5113146305084229
6153,0.4064103364944458
6154,0.33811697363853455
6155,0.4021766483783722
6156,0.45319074392318726
6157,0.39812877774238586
6158,0.3372076153755188
6159,0.3665185868740082
6160,0.40238556265830994
6161,0.3661799728870392
6162,0.33342790603637695
6163,0.3591434061527252
6164,0.38175076246261597
6165,0.35599368810653687
6166,0.33222314715385437
6167,0.34877505898475647
6168,0.36379754543304443
6169,0.34657758474349976
6170,0.33226799964904785
6171,0.34571129083633423
6172,0.35556739568710327
6173,0.3429359495639801
6174,0.332239031791687
6175,0.340314656496048
6176,0.34835898876190186
6177,0.34019187092781067
6178,0.3320372402667999
6179,0.3371630609035492
6180,0.3430943787097931
6181,0.33836129307746887
6182,0.3318401873111725
6183,0.3341286778450012
6184,0.33866745233535767
6185,0.33650732040405273
6186,0.3318059742450714
6187,0.33231422305107117
6188,0.3355415463447571
6189,0.3348713219165802
6190,0.33175623416900635
6191,0.33126935362815857
6192,0.3331957757472992
6193,0.33348017930984497
6194,0.33163073658943176
6195,0.3308308720588684
6196,0.3317696750164032
6197,0.3322668671607971
6198,0.3313731253147125
6199,0.3306151330471039
6200,0.33096447587013245
6201,0.3313705027103424
6202,0.33102598786354065
6203,0.33048251271247864
6204,0.33051303029060364
6205,0.33079302310943604
6206,0.3306787312030792
6207,0.33034244179725647
6208,0.3302457332611084
6209,0.33040350675582886
6210,0.3304128646850586
6211,0.33020249009132385
6212,0.33007970452308655
6213,0.33013787865638733
6214,0.3301909863948822
6215,0.3300783038139343
6216,0.32994577288627625
6217,0.3299480378627777
6218,0.3299979567527771
6219,0.32996073365211487
6220,0.32983899116516113
6221,0.32978665828704834
6222,0.32982543110847473
6223,0.32983270287513733
6224,0.3297540545463562
6225,0.32965773344039917
6226,0.32964953780174255
6227,0.3296869695186615
6228,0.32966482639312744
6229,0.3295765221118927
6230,0.32950133085250854
6231,0.3295106887817383
6232,0.32954007387161255
6233,0.3295048773288727
6234,0.32941851019859314
6235,0.3293551206588745
6236,0.3293655812740326
6237,0.3293886184692383
6238,0.32935377955436707
6239,0.3292742371559143
6240,0.3292132616043091
6241,0.32921668887138367
6242,0.32923611998558044
6243,0.32920917868614197
6244,0.32913923263549805
6245,0.32907596230506897
6246,0.3290662169456482
6247,0.32908162474632263
6248,0.3290666341781616
6249,0.3290102481842041
6250,0.32894524931907654
6251,0.3289194405078888
6252,0.32892653346061707
6253,0.328921914100647
6254,0.32888269424438477
6255,0.32882124185562134
6256,0.3287810683250427
6257,0.32877427339553833
6258,0.3287731409072876
6259,0.32875072956085205
6260,0.328700989484787
6261,0.32865336537361145
6262,0.3286304771900177
6263,0.3286231458187103
6264,0.328610360622406
6265,0.32857614755630493
6266,0.32853221893310547
6267,0.32849937677383423
6268,0.3284805417060852
6269,0.32846689224243164
6270,0.3284435570240021
6271,0.3284097909927368
6272,0.3283768892288208
6273,0.3283502459526062
6274,0.3283296525478363
6275,0.32830819487571716
6276,0.3282822370529175
6277,0.328254759311676
6278,0.32822802662849426
6279,0.3282034993171692
6280,0.3281797468662262
6281,0.3281554579734802
6282,0.3281311094760895
6283,0.32810676097869873
6284,0.32808271050453186
6285,0.3280586004257202
6286,0.32803478837013245
6287,0.32801103591918945
6288,0.3279871940612793
6289,0.3279634714126587
6290,0.3279394209384918
6291,0.32791581749916077
6292,0.3278929591178894
6293,0.3278701603412628
6294,0.32784712314605713
6295,0.32782289385795593
6296,0.3277983069419861
6297,0.3277745544910431
6298,0.3277517259120941
6299,0.32772907614707947
6300,0.32770586013793945
6301,0.32768234610557556
6302,0.32765933871269226
6303,0.3276370167732239
6304,0.327615886926651
6305,0.32759493589401245
6306,0.32757440209388733
6307,0.3275563716888428
6308,0.3275429606437683
6309,0.3275376856327057
6310,0.3275471031665802
6311,0.3275839686393738
6312,0.32767510414123535
6313,0.3278707265853882
6314,0.32827165722846985
6315,0.3289806544780731
6316,0.3303043246269226
6317,0.33298805356025696
6318,0.33845254778862
6319,0.3494989275932312
6320,0.3699715733528137
6321,0.40851739048957825
6322,0.48657193779945374
6323,0.6316523551940918
6324,0.8868410587310791
6325,1.170724630355835
6326,1.3398547172546387
6327,1.0883713960647583
6328,0.5797203183174133
6329,0.3503880202770233
6330,0.5818036794662476
6331,0.830471396446228
6332,0.7839204668998718
6333,0.5141013860702515
6334,0.3381814956665039
6335,0.4273293614387512
6336,0.4943925440311432
6337,0.4062735438346863
6338,0.3352454900741577
6339,0.3886781930923462
6340,0.4235817790031433
6341,0.36845821142196655
6342,0.33282971382141113
6343,0.36068034172058105
6344,0.38366955518722534
6345,0.34442245960235596
6346,0.34078627824783325
6347,0.3846030831336975
6348,0.3898012638092041
6349,0.35081231594085693
6350,0.33377498388290405
6351,0.38783949613571167
6352,0.41204434633255005
6353,0.3623587191104889
6354,0.3309732675552368
6355,0.37359070777893066
6356,0.4264257252216339
6357,0.3967810273170471
6358,0.3379068970680237
6359,0.34136784076690674
6360,0.3921899199485779
6361,0.40223225951194763
6362,0.35219553112983704
6363,0.3311702311038971
6364,0.363997220993042
6365,0.38736385107040405
6366,0.36239978671073914
6367,0.3309670686721802
6368,0.34125396609306335
6369,0.3635273575782776
6370,0.35645216703414917
6371,0.33365416526794434
6372,0.3323911726474762
6373,0.34836190938949585
6374,0.3493058383464813
6375,0.33527523279190063
6376,0.329142689704895
6377,0.3369807302951813
6378,0.3416571617126465
6379,0.3346245288848877
6380,0.32876691222190857
6381,0.33143723011016846
6382,0.3354364037513733
6383,0.3333691358566284
6384,0.32901081442832947
6385,0.32892581820487976
6386,0.3310340642929077
6387,0.3310353457927704
6388,0.32897597551345825
6389,0.32815009355545044
6390,0.3290162682533264
6391,0.3291996121406555
6392,0.32845547795295715
6393,0.32791468501091003
6394,0.3281959891319275
6395,0.32834383845329285
6396,0.3279518187046051
6397,0.32776424288749695
6398,0.3279153108596802
6399,0.3280290961265564
6400,0.3277346193790436
6401,0.3276340663433075
6402,0.3279076814651489
6403,0.32800495624542236
6404,0.3277290463447571
6405,0.32741987705230713
6406,0.3277558386325836
6407,0.328180193901062
6408,0.32799234986305237
6409,0.3274509906768799
6410,0.3272746801376343
6411,0.32789647579193115
6412,0.3283238410949707
6413,0.3279125392436981
6414,0.3272346556186676
6415,0.3271521031856537
6416,0.3278946876525879
6417,0.3283172845840454
6418,0.3278256356716156
6419,0.3270803689956665
6420,0.32697373628616333
6421,0.3277035057544708
6422,0.328168123960495
6423,0.32773759961128235
6424,0.3269772231578827
6425,0.326756089925766
6426,0.3273766338825226
6427,0.3279149830341339
6428,0.32766053080558777
6429,0.3269451856613159
6430,0.3265518546104431
6431,0.32697421312332153
6432,0.3275630474090576
6433,0.3275487422943115
6434,0.32696831226348877
6435,0.3264214098453522
6436,0.3265780210494995
6437,0.32713398337364197
6438,0.3273528218269348
6439,0.3269946575164795
6440,0.3263820707798004
6441,0.32626646757125854
6442,0.3266899585723877
6443,0.3270593583583832
6444,0.3269592523574829
6445,0.3263964354991913
6446,0.32606595754623413
6447,0.326285719871521
6448,0.3266792297363281
6449,0.32679566740989685
6450,0.3263791501522064
6451,0.32595425844192505
6452,0.3259773552417755
6453,0.3262813985347748
6454,0.32650208473205566
6455,0.3262549340724945
6456,0.32586002349853516
6457,0.3257687985897064
6458,0.3259451687335968
6459,0.326154887676239
6460,0.3260260820388794
6461,0.32572656869888306
6462,0.32561585307121277
6463,0.32569974660873413
6464,0.3258447051048279
6465,0.3257634937763214
6466,0.3255560100078583
6467,0.32547932863235474
6468,0.3255291283130646
6469,0.32562029361724854
6470,0.3255433738231659
6471,0.32539090514183044
6472,0.3253510594367981
6473,0.32540059089660645
6474,0.32546910643577576
6475,0.32538291811943054
6476,0.3252474069595337
6477,0.3252256512641907
6478,0.3252842426300049
6479,0.3253553807735443
6480,0.3252653479576111
6481,0.3251208961009979
6482,0.325088769197464
6483,0.32514140009880066
6484,0.32521852850914
6485,0.3251437246799469
6486,0.3250000774860382
6487,0.3249507248401642
6488,0.32497984170913696
6489,0.3250441551208496
6490,0.3249876797199249
6491,0.3248676061630249
6492,0.3248208463191986
6493,0.32483458518981934
6494,0.3248794972896576
6495,0.3248288333415985
6496,0.32473263144493103
6497,0.3247007131576538
6498,0.32471954822540283
6499,0.3247675597667694
6500,0.324728399515152
6501,0.32465308904647827
6502,0.32465219497680664
6503,0.3247247338294983
6504,0.32487574219703674
6505,0.32504984736442566
6506,0.32538020610809326
6507,0.3261352777481079
6508,0.32765644788742065
6509,0.33063367009162903
6510,0.3362320065498352
6511,0.34712937474250793
6512,0.3686782121658325
6513,0.41080141067504883
6514,0.48999476432800293
6515,0.6273407936096191
6516,0.8264440894126892
6517,1.026598572731018
6518,1.027809739112854
6519,0.7233083248138428
6520,0.37984347343444824
6521,0.3928205370903015
6522,0.6521469950675964
6523,0.7536087036132812
6524,0.5599544048309326
6525,0.34311965107917786
6526,0.39884939789772034
6527,0.540747880935669
6528,0.4677526354789734
6529,0.3354876637458801
6530,0.38389894366264343
6531,0.47653937339782715
6532,0.42469558119773865
6533,0.3331063389778137
6534,0.36376070976257324
6535,0.41716399788856506
6536,0.3700858950614929
6537,0.3284459710121155
6538,0.3675960302352905
6539,0.38793253898620605
6540,0.3463316559791565
6541,0.3293984830379486
6542,0.35983142256736755
6543,0.36306577920913696
6544,0.33308959007263184
6545,0.3329746127128601
6546,0.3548586666584015
6547,0.3477936089038849
6548,0.3283116817474365
6549,0.33403128385543823
6550,0.3467017710208893
6551,0.3381792902946472
6552,0.32694971561431885
6553,0.33382055163383484
6554,0.33989253640174866
6555,0.3316463530063629
6556,0.32639285922050476
6557,0.3325018286705017
6558,0.3349989056587219
6559,0.3286135196685791
6560,0.3261113464832306
6561,0.3304310739040375
6562,0.33109232783317566
6563,0.3268456757068634
6564,0.3261394202709198
6565,0.32890164852142334
6566,0.328560471534729
6567,0.32593485713005066
6568,0.32602280378341675
6569,0.3277616500854492
6570,0.3270408511161804
6571,0.3252841830253601
6572,0.3257156014442444
6573,0.32691285014152527
6574,0.3263320028781891
6575,0.3250666856765747
6576,0.32531917095184326
6577,0.32613101601600647
6578,0.32575738430023193
6579,0.32495489716529846
6580,0.3250581920146942
6581,0.3255566954612732
6582,0.32530102133750916
6583,0.3247324228286743
6584,0.3247988522052765
6585,0.3251536786556244
6586,0.32499971985816956
6587,0.32452192902565
6588,0.32445845007896423
6589,0.3247608542442322
6590,0.32477083802223206
6591,0.3244156241416931
6592,0.3242172300815582
6593,0.3243606388568878
6594,0.3244795501232147
6595,0.32430827617645264
6596,0.3240855038166046
6597,0.324080228805542
6598,0.3241729438304901
6599,0.3241400122642517
6600,0.3239859938621521
6601,0.32389622926712036
6602,0.32392486929893494
6603,0.3239372670650482
6604,0.3238685131072998
6605,0.3237728476524353
6606,0.3237346410751343
6607,0.3237399458885193
6608,0.3237164318561554
6609,0.32366448640823364
6610,0.32360631227493286
6611,0.32356998324394226
6612,0.3235500752925873
6613,0.32351940870285034
6614,0.32348859310150146
6615,0.32344719767570496
6616,0.32340362668037415
6617,0.3233695924282074
6618,0.32333871722221375
6619,0.32331737875938416
6620,0.3232825994491577
6621,0.3232378363609314
6622,0.3232017159461975
6623,0.3231724202632904
6624,0.32315242290496826
6625,0.32311874628067017
6626,0.323076069355011
6627,0.32304278016090393
6628,0.32301706075668335
6629,0.3229980170726776
6630,0.3229636251926422
6631,0.32292115688323975
6632,0.3228890001773834
6633,0.3228646516799927
6634,0.32284635305404663
6635,0.3228127956390381
6636,0.3227710723876953
6637,0.32273873686790466
6638,0.3227135241031647
6639,0.32269370555877686
6640,0.3226613998413086
6641,0.32262247800827026
6642,0.32259199023246765
6643,0.322567343711853
6644,0.32254713773727417
6645,0.3225152790546417
6646,0.3224772810935974
6647,0.32244741916656494
6648,0.32242298126220703
6649,0.3224027454853058
6650,0.3223717510700226
6651,0.3223349452018738
6652,0.3223048448562622
6653,0.32227957248687744
6654,0.32225796580314636
6655,0.3222276568412781
6656,0.3221931457519531
6657,0.3221646547317505
6658,0.32214072346687317
6659,0.32212066650390625
6660,0.3220914304256439
6661,0.3220560848712921
6662,0.32202568650245667
6663,0.32199832797050476
6664,0.32197311520576477
6665,0.3219442665576935
6666,0.3219159245491028
6667,0.32189396023750305
6668,0.32187846302986145
6669,0.3218722939491272
6670,0.3218550384044647
6671,0.3218260705471039
6672,0.3218080401420593
6673,0.3218042254447937
6674,0.32182401418685913
6675,0.321920245885849
6676,0.32216718792915344
6677,0.3226560354232788
6678,0.32361119985580444
6679,0.32548728585243225
6680,0.32855644822120667
6681,0.33402615785598755
6682,0.34502220153808594
6683,0.36726123094558716
6684,0.4108654260635376
6685,0.4892287850379944
6686,0.6207631826400757
6687,0.842901349067688
6688,1.1036100387573242
6689,1.2757670879364014
6690,1.0161774158477783
6691,0.5286626219749451
6692,0.3462362587451935
6693,0.6170727014541626
6694,0.9281952381134033
6695,0.8213977813720703
6696,0.46280255913734436
6697,0.34338879585266113
6698,0.5444401502609253
6699,0.6148039698600769
6700,0.3952479958534241
6701,0.3583783805370331
6702,0.5488147735595703
6703,0.5769720673561096
6704,0.4020506739616394
6705,0.342451810836792
6706,0.5056098699569702
6707,0.5140514969825745
6708,0.3529118299484253
6709,0.36181557178497314
6710,0.4923980236053467
6711,0.47051501274108887
6712,0.3438453674316406
6713,0.35244107246398926
6714,0.4345206916332245
6715,0.40322181582450867
6716,0.3288465738296509
6717,0.3571012616157532
6718,0.4045012295246124
6719,0.36579984426498413
6720,0.3252362906932831
6721,0.3474904000759125
6722,0.36832401156425476
6723,0.34211090207099915
6724,0.32530641555786133
6725,0.3426606059074402
6726,0.34470778703689575
6727,0.3282243609428406
6728,0.32662057876586914
6729,0.3381042182445526
6730,0.33323970437049866
6731,0.3239316940307617
6732,0.3300255537033081
6733,0.33505383133888245
6734,0.32800567150115967
6735,0.3238255977630615
6736,0.33305495977401733
6737,0.3356431722640991
6738,0.326462984085083
6739,0.32369232177734375
6740,0.3315240442752838
6741,0.3341941833496094
6742,0.3260718882083893
6743,0.32320719957351685
6744,0.32892611622810364
6745,0.331076443195343
6746,0.32575705647468567
6747,0.32258641719818115
6748,0.3261054754257202
6749,0.3279236853122711
6750,0.3247469365596771
6751,0.32228121161460876
6752,0.32391247153282166
6753,0.3255614936351776
6754,0.323932021856308
6755,0.32213324308395386
6756,0.3225516974925995
6757,0.32358816266059875
6758,0.32310643792152405
6759,0.3219766616821289
6760,0.3219345808029175
6761,0.32235848903656006
6762,0.3222656548023224
6763,0.32177093625068665
6764,0.3216281533241272
6765,0.32177624106407166
6766,0.3216819167137146
6767,0.32148492336273193
6768,0.32142844796180725
6769,0.3214878737926483
6770,0.321399062871933
6771,0.3212779760360718
6772,0.321300208568573
6773,0.32132506370544434
6774,0.3212364614009857
6775,0.3211047947406769
6776,0.32117828726768494
6777,0.32127484679222107
6778,0.3211643099784851
6779,0.32096806168556213
6780,0.32093819975852966
6781,0.3211454153060913
6782,0.3211871087551117
6783,0.3209492266178131
6784,0.32073965668678284
6785,0.3208087086677551
6786,0.32104775309562683
6787,0.32101958990097046
6788,0.3207297623157501
6789,0.32054081559181213
6790,0.3206462860107422
6791,0.32086122035980225
6792,0.3208041489124298
6793,0.3205243647098541
6794,0.3203534781932831
6795,0.3204438388347626
6796,0.3206202983856201
6797,0.3205748498439789
6798,0.32033801078796387
6799,0.3201735019683838
6800,0.32021960616111755
6801,0.3203555643558502
6802,0.32034215331077576
6803,0.3201639950275421
6804,0.3200049102306366
6805,0.31999728083610535
6806,0.3200908601284027
6807,0.32011014223098755
6808,0.3199962377548218
6809,0.31985169649124146
6810,0.31979525089263916
6811,0.3198402225971222
6812,0.3198767304420471
6813,0.3198232054710388
6814,0.3197099566459656
6815,0.3196224570274353
6816,0.3196169435977936
6817,0.3196479082107544
6818,0.3196384608745575
6819,0.3195677697658539
6820,0.31947457790374756
6821,0.31942713260650635
6822,0.3194328844547272
6823,0.31944161653518677
6824,0.3194110095500946
6825,0.31933486461639404
6826,0.3192664086818695
6827,0.3192422389984131
6828,0.31924375891685486
6829,0.31923478841781616
6830,0.3191840946674347
6831,0.3191177248954773
6832,0.3190753161907196
6833,0.3190586566925049
6834,0.3190494477748871
6835,0.31901612877845764
6836,0.31896424293518066
6837,0.3189210593700409
6838,0.31889230012893677
6839,0.31887286901474
6840,0.3188435137271881
6841,0.31880372762680054
6842,0.31876781582832336
6843,0.3187378942966461
6844,0.3187122642993927
6845,0.3186815083026886
6846,0.3186470866203308
6847,0.3186166286468506
6848,0.3185890018939972
6849,0.31856226921081543
6850,0.31852996349334717
6851,0.31849679350852966
6852,0.31846871972084045
6853,0.3184436559677124
6854,0.3184182941913605
6855,0.3183847963809967
6856,0.31834930181503296
6857,0.3183199465274811
6858,0.3182951807975769
6859,0.318271666765213
6860,0.3182400166988373
6861,0.31820398569107056
6862,0.31817278265953064
6863,0.31814563274383545
6864,0.3181207776069641
6865,0.3180907964706421
6866,0.318057656288147
6867,0.31802746653556824
6868,0.31799980998039246
6869,0.3179737329483032
6870,0.3179437518119812
6871,0.3179122805595398
6872,0.31788355112075806
6873,0.31785693764686584
6874,0.31783148646354675
6875,0.3178015351295471
6876,0.31776928901672363
6877,0.31773993372917175
6878,0.3177127540111542
6879,0.317687064409256
6880,0.3176579773426056
6881,0.317626953125
6882,0.31759804487228394
6883,0.31757107377052307
6884,0.3175458014011383
6885,0.31751906871795654
6886,0.3174935281276703
6887,0.3174743056297302
6888,0.31746533513069153
6889,0.31747573614120483
6890,0.31751924753189087
6891,0.317636638879776
6892,0.31791871786117554
6893,0.3185524642467499
6894,0.3199482560157776
6895,0.3229796290397644
6896,0.3296215236186981
6897,0.34432119131088257
6898,0.3766728937625885
6899,0.44644492864608765
6900,0.58585524559021
6901,0.8282135725021362
6902,1.1197413206100464
6903,1.2039940357208252
6904,0.8069703578948975
6905,0.36587488651275635
6906,0.4828009009361267
6907,0.8085524439811707
6908,0.7327903509140015
6909,0.395638108253479
6910,0.36420536041259766
6911,0.5755234956741333
6912,0.524149477481842
6913,0.33741289377212524
6914,0.41019755601882935
6915,0.5123893618583679
6916,0.39932161569595337
6917,0.32814139127731323
6918,0.4196596145629883
6919,0.426779180765152
6920,0.33276036381721497
6921,0.35632115602493286
6922,0.40989771485328674
6923,0.353849321603775
6924,0.32509174942970276
6925,0.3751862347126007
6926,0.37126055359840393
6927,0.3240104019641876
6928,0.3395766317844391
6929,0.3629629611968994
6930,0.3333798050880432
6931,0.3240121006965637
6932,0.34845197200775146
6933,0.34110069274902344
6934,0.3208206295967102
6935,0.33185872435569763
6936,0.3392667770385742
6937,0.3241608440876007
6938,0.3229449391365051
6939,0.3334140479564667
6940,0.3270348906517029
6941,0.32001492381095886
6942,0.32717370986938477
6943,0.32811567187309265
6944,0.3202691078186035
6945,0.3216919004917145
6946,0.3265949487686157
6947,0.3221328854560852
6948,0.31911540031433105
6949,0.32314303517341614
6950,0.323190301656723
6951,0.31919822096824646
6952,0.32003334164619446
6953,0.3222137689590454
6954,0.3199771046638489
6955,0.31857016682624817
6956,0.3203142583370209
6957,0.32026901841163635
6958,0.3184715807437897
6959,0.3188198506832123
6960,0.31972822546958923
6961,0.31873342394828796
6962,0.3180912137031555
6963,0.3188397288322449
6964,0.318834513425827
6965,0.3179613947868347
6966,0.3180987536907196
6967,0.31860262155532837
6968,0.31814101338386536
6969,0.31767016649246216
6970,0.3180212676525116
6971,0.3181914687156677
6972,0.3176878094673157
6973,0.3175145983695984
6974,0.3178141117095947
6975,0.3177662789821625
6976,0.31739768385887146
6977,0.3173648715019226
6978,0.3175440728664398
6979,0.3174121379852295
6980,0.3171745240688324
6981,0.3171863257884979
6982,0.3172568380832672
6983,0.3171336054801941
6984,0.316996306180954
6985,0.31700894236564636
6986,0.317005455493927
6987,0.31690514087677
6988,0.3168337345123291
6989,0.3168383240699768
6990,0.3168013393878937
6991,0.31671494245529175
6992,0.3166761100292206
6993,0.3166714012622833
6994,0.31662827730178833
6995,0.31655552983283997
6996,0.31652459502220154
6997,0.3165113627910614
6998,0.3164624571800232
6999,0.31640368700027466
7000,0.316375195980072
7001,0.31635817885398865
7002,0.31630924344062805
7003,0.3162515163421631
7004,0.31622278690338135
7005,0.31620413064956665
7006,0.3161627948284149
7007,0.3161064684391022
7008,0.3160702586174011
7009,0.3160496950149536
7010,0.3160161077976227
7011,0.3159671723842621
7012,0.31592509150505066
7013,0.31589847803115845
7014,0.31586992740631104
7015,0.31582891941070557
7016,0.3157864809036255
7017,0.31575319170951843
7018,0.31572481989860535
7019,0.31569111347198486
7020,0.315652072429657
7021,0.31561529636383057
7022,0.3155835270881653
7023,0.31555241346359253
7024,0.3155186176300049
7025,0.315483033657074
7026,0.3154484033584595
7027,0.3154159188270569
7028,0.31538382172584534
7029,0.315351277589798
7030,0.3153175711631775
7031,0.3152840733528137
7032,0.3152516186237335
7033,0.3152197599411011
7034,0.3151881992816925
7035,0.31515538692474365
7036,0.3151225447654724
7037,0.31509050726890564
7038,0.31505903601646423
7039,0.3150281012058258
7040,0.31499597430229187
7041,0.314963698387146
7042,0.3149319589138031
7043,0.3149006962776184
7044,0.3148699402809143
7045,0.3148384094238281
7046,0.31480672955513
7047,0.3147755563259125
7048,0.31474462151527405
7049,0.31471413373947144
7050,0.31468304991722107
7051,0.3146519660949707
7052,0.31462109088897705
7053,0.3145902454853058
7054,0.31455984711647034
7055,0.3145292401313782
7056,0.3144986033439636
7057,0.3144681751728058
7058,0.3144374489784241
7059,0.3144071698188782
7060,0.314376562833786
7061,0.3143465220928192
7062,0.31431668996810913
7063,0.314286470413208
7064,0.31425657868385315
7065,0.3142262101173401
7066,0.31419602036476135
7067,0.31416624784469604
7068,0.3141361176967621
7069,0.31410571932792664
7070,0.3140755295753479
7071,0.31404656171798706
7072,0.3140185475349426
7073,0.31399136781692505
7074,0.31396567821502686
7075,0.3139393925666809
7076,0.31391385197639465
7077,0.3138934373855591
7078,0.31388145685195923
7079,0.3138851225376129
7080,0.3139210641384125
7081,0.3140215277671814
7082,0.31424641609191895
7083,0.31472036242485046
7084,0.3156946301460266
7085,0.3174521028995514
7086,0.3207837641239166
7087,0.32777318358421326
7088,0.3422018587589264
7089,0.3723869323730469
7090,0.4273794889450073
7091,0.531532883644104
7092,0.7153921127319336
7093,1.0073881149291992
7094,1.2645436525344849
7095,1.2240791320800781
7096,0.7098044157028198
7097,0.34242305159568787
7098,0.522540271282196
7099,0.8789445161819458
7100,0.8669979572296143
7101,0.48813915252685547
7102,0.3275524079799652
7103,0.5237268209457397
7104,0.6051696538925171
7105,0.3918449282646179
7106,0.3532745838165283
7107,0.5463807582855225
7108,0.5683366656303406
7109,0.37891486287117004
7110,0.34675857424736023
7111,0.5219945907592773
7112,0.48564809560775757
7113,0.330247700214386
7114,0.3786768913269043
7115,0.4939863979816437
7116,0.4340229332447052
7117,0.3208571672439575
7118,0.3718358874320984
7119,0.4340912997722626
7120,0.36614274978637695
7121,0.3184567093849182
7122,0.37054330110549927
7123,0.38667288422584534
7124,0.33338871598243713
7125,0.3209759593009949
7126,0.34938713908195496
7127,0.34598758816719055
7128,0.3193703293800354
7129,0.32531747221946716
7130,0.33685848116874695
7131,0.3226742148399353
7132,0.3171851634979248
7133,0.3279034197330475
7134,0.3283582329750061
7135,0.31660792231559753
7136,0.3221922218799591
7137,0.33132171630859375
7138,0.3228423297405243
7139,0.315392404794693
7140,0.3244866728782654
7141,0.3322037160396576
7142,0.32165291905403137
7143,0.31525227427482605
7144,0.32306814193725586
7145,0.32722947001457214
7146,0.31960365176200867
7147,0.31489527225494385
7148,0.3206391930580139
7149,0.3227466940879822
7150,0.3175015449523926
7151,0.3145347237586975
7152,0.3174484968185425
7153,0.3189105987548828
7154,0.3158290684223175
7155,0.31425216794013977
7156,0.3153628706932068
7157,0.31595027446746826
7158,0.3147483468055725
7159,0.31402266025543213
7160,0.3144388496875763
7161,0.31433922052383423
7162,0.31391555070877075
7163,0.31384411454200745
7164,0.3140500485897064
7165,0.3138169050216675
7166,0.3136743903160095
7167,0.3139219582080841
7168,0.3139304220676422
7169,0.3136058449745178
7170,0.3135073781013489
7171,0.3140653669834137
7172,0.31416329741477966
7173,0.3135678172111511
7174,0.31325167417526245
7175,0.3137243688106537
7176,0.31429558992385864
7177,0.3138328194618225
7178,0.313118040561676
7179,0.3131961226463318
7180,0.3138211667537689
7181,0.31396669149398804
7182,0.31327202916145325
7183,0.312839150428772
7184,0.3131536841392517
7185,0.31357085704803467
7186,0.3133906424045563
7187,0.31281042098999023
7188,0.3126670718193054
7189,0.31297940015792847
7190,0.31314393877983093
7191,0.3128666877746582
7192,0.3124985992908478
7193,0.31249845027923584
7194,0.3127046227455139
7195,0.3127155303955078
7196,0.312472403049469
7197,0.3122701644897461
7198,0.31230777502059937
7199,0.31241318583488464
7200,0.3123604655265808
7201,0.3121831715106964
7202,0.31207555532455444
7203,0.3121051490306854
7204,0.3121442198753357
7205,0.3120751976966858
7206,0.311952143907547
7207,0.3118918836116791
7208,0.31190478801727295
7209,0.31190699338912964
7210,0.3118390440940857
7211,0.31175169348716736
7212,0.3117128908634186
7213,0.3117120862007141
7214,0.3116954267024994
7215,0.31163257360458374
7216,0.31156644225120544
7217,0.31153708696365356
7218,0.31152743101119995
7219,0.3115016222000122
7220,0.3114437162876129
7221,0.31138941645622253
7222,0.31136417388916016
7223,0.3113496005535126
7224,0.31132012605667114
7225,0.3112654685974121
7226,0.3112172484397888
7227,0.31119391322135925
7228,0.311177521944046
7229,0.3111472725868225
7230,0.31109464168548584
7231,0.3110484480857849
7232,0.31102505326271057
7233,0.31100866198539734
7234,0.31098005175590515
7235,0.31092920899391174
7236,0.3108823597431183
7237,0.31085729598999023
7238,0.31084102392196655
7239,0.3108157515525818
7240,0.3107675611972809
7241,0.31071922183036804
7242,0.31069090962409973
7243,0.31067365407943726
7244,0.3106517195701599
7245,0.3106074929237366
7246,0.31055888533592224
7247,0.31052711606025696
7248,0.3105071187019348
7249,0.31048673391342163
7250,0.3104471266269684
7251,0.31040045619010925
7252,0.31036612391471863
7253,0.31034255027770996
7254,0.31032127141952515
7255,0.31028538942337036
7256,0.31024229526519775
7257,0.31020790338516235
7258,0.3101816475391388
7259,0.3101581335067749
7260,0.31012406945228577
7261,0.31008467078208923
7262,0.31005170941352844
7263,0.31002452969551086
7264,0.3099994957447052
7265,0.3099658787250519
7266,0.30992841720581055
7267,0.30989691615104675
7268,0.3098698556423187
7269,0.309844434261322
7270,0.30981090664863586
7271,0.3097742795944214
7272,0.3097429871559143
7273,0.3097158968448639
7274,0.30969059467315674
7275,0.30965790152549744
7276,0.30962154269218445
7277,0.30958983302116394
7278,0.3095618188381195
7279,0.3095358908176422
7280,0.309503972530365
7281,0.309469074010849
7282,0.30943790078163147
7283,0.30940958857536316
7284,0.30938294529914856
7285,0.30935147404670715
7286,0.3093174993991852
7287,0.3092866539955139
7288,0.3092583417892456
7289,0.30923157930374146
7290,0.30920037627220154
7291,0.30916693806648254
7292,0.30913612246513367
7293,0.30910736322402954
7294,0.3090800642967224
7295,0.3090492784976959
7296,0.309016615152359
7297,0.30898621678352356
7298,0.30895745754241943
7299,0.30893000960350037
7300,0.30889928340911865
7301,0.30886706709861755
7302,0.3088369071483612
7303,0.3088083565235138
7304,0.3087810277938843
7305,0.30875083804130554
7306,0.3087190091609955
7307,0.3086889684200287
7308,0.30866023898124695
7309,0.3086329996585846
7310,0.3086053431034088
7311,0.3085797131061554
7312,0.30856046080589294
7313,0.3085514307022095
7314,0.3085615038871765
7315,0.3085995316505432
7316,0.30869707465171814
7317,0.3089286983013153
7318,0.30943563580513
7319,0.3105173707008362
7320,0.31279951333999634
7321,0.31763386726379395
7322,0.3279748558998108
7323,0.3499695658683777
7324,0.39625605940818787
7325,0.48718270659446716
7326,0.6495175361633301
7327,0.8750617504119873
7328,1.0277317762374878
7329,0.871512770652771
7330,0.4708878695964813
7331,0.336142361164093
7332,0.5750571489334106
7333,0.7012803554534912
7334,0.49810975790023804
7335,0.31844666600227356
7336,0.4299015998840332
7337,0.5291897058486938
7338,0.3968082368373871
7339,0.32295674085617065
7340,0.4295210838317871
7341,0.4542428255081177
7342,0.34630218148231506
7343,0.32467222213745117
7344,0.39946430921554565
7345,0.38383424282073975
7346,0.31634268164634705
7347,0.34104982018470764
7348,0.38061287999153137
7349,0.3424588441848755
7350,0.31271228194236755
7351,0.3441961407661438
7352,0.3530201315879822
7353,0.31963473558425903
7354,0.31879502534866333
7355,0.34177377820014954
7356,0.33083367347717285
7357,0.312172532081604
7358,0.32426607608795166
7359,0.3333297371864319
7360,0.3174682557582855
7361,0.31185439229011536
7362,0.3242765963077545
7363,0.3233480751514435
7364,0.3120257556438446
7365,0.31408563256263733
7366,0.32068932056427
7367,0.31601670384407043
7368,0.3114708960056305
7369,0.315571129322052
7370,0.31597983837127686
7371,0.3110888600349426
7372,0.3119560480117798
7373,0.31581592559814453
7374,0.31351974606513977
7375,0.3095659911632538
7376,0.31147539615631104
7377,0.3139413893222809
7378,0.3120494484901428
7379,0.31039077043533325
7380,0.31117358803749084
7381,0.31137189269065857
7382,0.31061264872550964
7383,0.31121668219566345
7384,0.3117940127849579
7385,0.3101043403148651
7386,0.30897393822669983
7387,0.31038475036621094
7388,0.31162938475608826
7389,0.31066855788230896
7390,0.3090627193450928
7391,0.3090907633304596
7392,0.3099708557128906
7393,0.3102951645851135
7394,0.3101840019226074
7395,0.30948299169540405
7396,0.3087345063686371
7397,0.3087896704673767
7398,0.30963459610939026
7399,0.3102245628833771
7400,0.30932116508483887
7401,0.30818647146224976
7402,0.30830779671669006
7403,0.3091535270214081
7404,0.30959373712539673
7405,0.30888810753822327
7406,0.308074414730072
7407,0.30805471539497375
7408,0.3084757328033447
7409,0.30888667702674866
7410,0.3085632622241974
7411,0.3079175353050232
7412,0.3077200651168823
7413,0.3079843521118164
7414,0.30841487646102905
7415,0.30819228291511536
7416,0.3076164722442627
7417,0.30746108293533325
7418,0.3077208697795868
7419,0.3080636262893677
7420,0.3078114688396454
7421,0.30734217166900635
7422,0.30728936195373535
7423,0.307536780834198
7424,0.3078043758869171
7425,0.3075498342514038
7426,0.30714666843414307
7427,0.307116836309433
7428,0.30733633041381836
7429,0.307595431804657
7430,0.30737394094467163
7431,0.30698198080062866
7432,0.30691593885421753
7433,0.30709779262542725
7434,0.30736327171325684
7435,0.3071892559528351
7436,0.306813508272171
7437,0.3067137897014618
7438,0.3068484961986542
7439,0.30708926916122437
7440,0.3069537281990051
7441,0.3066253364086151
7442,0.306528776884079
7443,0.3066312372684479
7444,0.30683204531669617
7445,0.3067117929458618
7446,0.3064316213130951
7447,0.3063560128211975
7448,0.30644842982292175
7449,0.30662602186203003
7450,0.3065111041069031
7451,0.3062543570995331
7452,0.3061847686767578
7453,0.3062649667263031
7454,0.306428462266922
7455,0.3063264489173889
7456,0.3060879409313202
7457,0.30601343512535095
7458,0.306069552898407
7459,0.3062072694301605
7460,0.3061208426952362
7461,0.3059149980545044
7462,0.30584844946861267
7463,0.30589035153388977
7464,0.30600613355636597
7465,0.3059270679950714
7466,0.30574554204940796
7467,0.30568647384643555
7468,0.30572065711021423
7469,0.3058239817619324
7470,0.30575263500213623
7471,0.30558544397354126
7472,0.3055243492126465
7473,0.3055415451526642
7474,0.30562204122543335
7475,0.30555757880210876
7476,0.305416464805603
7477,0.3053677976131439
7478,0.3053849935531616
7479,0.30546024441719055
7480,0.30540016293525696
7481,0.30526381731033325
7482,0.30520808696746826
7483,0.30520522594451904
7484,0.30524942278862
7485,0.3051910400390625
7486,0.3050871193408966
7487,0.3050589859485626
7488,0.3050823509693146
7489,0.30515971779823303
7490,0.30511367321014404
7491,0.30498161911964417
7492,0.304910272359848
7493,0.30486583709716797
7494,0.3048342764377594
7495,0.3047977089881897
7496,0.3048612177371979
7497,0.30507892370224
7498,0.305517315864563
7499,0.3063395619392395
7500,0.30714231729507446
7501,0.3080151081085205
7502,0.3100004196166992
7503,0.31398922204971313
7504,0.3219093680381775
7505,0.3375941812992096
7506,0.3688298463821411
7507,0.4273577928543091
7508,0.5369422435760498
7509,0.7123469114303589
7510,0.9241044521331787
7511,1.0216031074523926
7512,0.9219913482666016
7513,0.572024405002594
7514,0.32423117756843567
7515,0.3863251805305481
7516,0.5666664242744446
7517,0.6509475708007812
7518,0.533453106880188
7519,0.35943418741226196
7520,0.3265267312526703
7521,0.3953763246536255
7522,0.4223017692565918
7523,0.3668114244937897
7524,0.3162047564983368
7525,0.32056090235710144
7526,0.3362313508987427
7527,0.33416563272476196
7528,0.31635576486587524
7529,0.3100534677505493
7530,0.31464883685112
7531,0.31257927417755127
7532,0.3093629777431488
7533,0.3080240488052368
7534,0.309518039226532
7535,0.30805304646492004
7536,0.30805447697639465
7537,0.3116687834262848
7538,0.31287872791290283
7539,0.31038957834243774
7540,0.3071415424346924
7541,0.3147832751274109
7542,0.323596328496933
7543,0.32101038098335266
7544,0.3106701672077179
7545,0.30748826265335083
7546,0.3240624666213989
7547,0.33571022748947144
7548,0.3266024589538574
7549,0.3097486197948456
7550,0.30784809589385986
7551,0.329280823469162
7552,0.3404802680015564
7553,0.32591646909713745
7554,0.3073297142982483
7555,0.31077444553375244
7556,0.33522507548332214
7557,0.3434821665287018
7558,0.32552412152290344
7559,0.30663740634918213
7560,0.3116787374019623
7561,0.3345000445842743
7562,0.3393940329551697
7563,0.321215957403183
7564,0.3054186701774597
7565,0.31160372495651245
7566,0.33085766434669495
7567,0.3339719772338867
7568,0.31805238127708435
7569,0.3049265146255493
7570,0.31032589077949524
7571,0.3257112205028534
7572,0.32847487926483154
7573,0.3161773979663849
7574,0.3049803078174591
7575,0.3075786232948303
7576,0.31884998083114624
7577,0.3222157955169678
7578,0.31403976678848267
7579,0.30511730909347534
7580,0.30553027987480164
7581,0.3132728934288025
7582,0.31710225343704224
7583,0.31250685453414917
7584,0.30553820729255676
7585,0.30413225293159485
7586,0.30893221497535706
7587,0.3128002882003784
7588,0.3110102117061615
7589,0.3060331344604492
7590,0.30351635813713074
7591,0.30583709478378296
7592,0.3092249631881714
7593,0.3093695044517517
7594,0.3063173294067383
7595,0.3035412132740021
7596,0.3040776550769806
7597,0.30661770701408386
7598,0.30782923102378845
7599,0.3064073324203491
7600,0.3038780987262726
7601,0.30321720242500305
7602,0.3047759532928467
7603,0.3063468933105469
7604,0.3061583340167999
7605,0.3042335510253906
7606,0.30294033885002136
7607,0.303559809923172
7608,0.30495184659957886
7609,0.3054952025413513
7610,0.30429500341415405
7611,0.3029152452945709
7612,0.30289900302886963
7613,0.30385106801986694
7614,0.30461785197257996
7615,0.3039959967136383
7616,0.30285370349884033
7617,0.302569180727005
7618,0.3031027019023895
7619,0.3037600517272949
7620,0.30345863103866577
7621,0.3026486337184906
7622,0.30237069725990295
7623,0.30265572667121887
7624,0.3031052052974701
7625,0.302907794713974
7626,0.3023635447025299
7627,0.30220603942871094
7628,0.3024131953716278
7629,0.30271464586257935
7630,0.3025147616863251
7631,0.302114874124527
7632,0.3020636737346649
7633,0.3022769093513489
7634,0.302520751953125
7635,0.3022894561290741
7636,0.30192625522613525
7637,0.30192047357559204
7638,0.3021588623523712
7639,0.30241307616233826
7640,0.3021699786186218
7641,0.30177679657936096
7642,0.3017413914203644
7643,0.30196788907051086
7644,0.30224838852882385
7645,0.3020479679107666
7646,0.3016459047794342
7647,0.3015514612197876
7648,0.3017091155052185
7649,0.30196377635002136
7650,0.3018239736557007
7651,0.30148404836654663
7652,0.3013836741447449
7653,0.3014841675758362
7654,0.3016799986362457
7655,0.3015647530555725
7656,0.301296591758728
7657,0.3012295663356781
7658,0.3013209402561188
7659,0.30148860812187195
7660,0.30137306451797485
7661,0.30112966895103455
7662,0.30107468366622925
7663,0.3011634051799774
7664,0.301327109336853
7665,0.3012220859527588
7666,0.3009834587574005
7667,0.30091166496276855
7668,0.3009697198867798
7669,0.3011067807674408
7670,0.30102187395095825
7671,0.30081963539123535
7672,0.30075645446777344
7673,0.30079901218414307
7674,0.30091118812561035
7675,0.3008323311805725
7676,0.30065643787384033
7677,0.30060410499572754
7678,0.30064356327056885
7679,0.3007481098175049
7680,0.30067554116249084
7681,0.30050739645957947
7682,0.3004482090473175
7683,0.30046820640563965
7684,0.3005487620830536
7685,0.3004847764968872
7686,0.3003445267677307
7687,0.30029794573783875
7688,0.30031874775886536
7689,0.30039530992507935
7690,0.30033567547798157
7691,0.30019888281822205
7692,0.30014392733573914
7693,0.3001454472541809
7694,0.3001946210861206
7695,0.30013880133628845
7696,0.3000319004058838
7697,0.2999991774559021
7698,0.30002039670944214
7699,0.300096333026886
7700,0.3000528812408447
7701,0.299924373626709
7702,0.2998536229133606
7703,0.2998131215572357
7704,0.2997914254665375
7705,0.29975342750549316
7706,0.29978781938552856
7707,0.2999521791934967
7708,0.3003012239933014
7709,0.30097270011901855
7710,0.30160000920295715
7711,0.30223923921585083
7712,0.30375373363494873
7713,0.30685457587242126
7714,0.3130911886692047
7715,0.3257772922515869
7716,0.3515329957008362
7717,0.40071311593055725
7718,0.49469196796417236
7719,0.6511613726615906
7720,0.8513891100883484
7721,0.9716328978538513
7722,0.9247034788131714
7723,0.6078518629074097
7724,0.33468684554100037
7725,0.3574407696723938
7726,0.5298532247543335
7727,0.6223701238632202
7728,0.5155431032180786
7729,0.35029685497283936
7730,0.3204415738582611
7731,0.3881523013114929
7732,0.4140188694000244
7733,0.3592834770679474
7734,0.30974864959716797
7735,0.31494641304016113
7736,0.33143553137779236
7737,0.32891273498535156
7738,0.31038302183151245
7739,0.3044276535511017
7740,0.31017765402793884
7741,0.3085870146751404
7742,0.3042682409286499
7743,0.3020807206630707
7744,0.30421531200408936
7745,0.30354437232017517
7746,0.302678644657135
7747,0.3054400682449341
7748,0.30739283561706543
7749,0.30585014820098877
7750,0.30186727643013
7751,0.3074626326560974
7752,0.3158009946346283
7753,0.3144187331199646
7754,0.3052772581577301
7755,0.30181416869163513
7756,0.3166346251964569
7757,0.32806918025016785
7758,0.3205344080924988
7759,0.30486536026000977
7760,0.30227386951446533
7761,0.3218595087528229
7762,0.33280980587005615
7763,0.32003480195999146
7764,0.3026602566242218
7765,0.30471503734588623
7766,0.3270491063594818
7767,0.3354644179344177
7768,0.3192664682865143
7769,0.3015959560871124
7770,0.3062167167663574
7771,0.32797005772590637
7772,0.33313795924186707
7773,0.3160971701145172
7774,0.30051204562187195
7775,0.30581170320510864
7776,0.32428666949272156
7777,0.3275769054889679
7778,0.3125021159648895
7779,0.29987624287605286
7780,0.3048800826072693
7781,0.3196720778942108
7782,0.3224045932292938
7783,0.3105373680591583
7784,0.29986119270324707
7785,0.30271461606025696
7786,0.3137337565422058
7787,0.31662553548812866
7788,0.3083541989326477
7789,0.2998470664024353
7790,0.30074331164360046
7791,0.30838465690612793
7792,0.31149160861968994
7793,0.30642542243003845
7794,0.29992127418518066
7795,0.29941466450691223
7796,0.30438119173049927
7797,0.3074730336666107
7798,0.3049328923225403
7799,0.30015769600868225
7800,0.2986062467098236
7801,0.30140355229377747
7802,0.3042129576206207
7803,0.3034970462322235
7804,0.300326406955719
7805,0.2983258068561554
7806,0.2994821071624756
7807,0.30174750089645386
7808,0.3021867275238037
7809,0.3003982603549957
7810,0.298398494720459
7811,0.29841089248657227
7812,0.2999769449234009
7813,0.3009846806526184
7814,0.30031082034111023
7815,0.2986264228820801
7816,0.2979229986667633
7817,0.29875504970550537
7818,0.2998502254486084
7819,0.2999415695667267
7820,0.2987610101699829
7821,0.29777607321739197
7822,0.2980063557624817
7823,0.2988727390766144
7824,0.2993354797363281
7825,0.29864704608917236
7826,0.2977144122123718
7827,0.29760101437568665
7828,0.2981452941894531
7829,0.29865649342536926
7830,0.29830479621887207
7831,0.29758143424987793
7832,0.29737022519111633
7833,0.2976680099964142
7834,0.2980642020702362
7835,0.2978683114051819
7836,0.2973617613315582
7837,0.29719606041908264
7838,0.29737335443496704
7839,0.2976396083831787
7840,0.2974814474582672
7841,0.2971247732639313
7842,0.29704105854034424
7843,0.29718977212905884
7844,0.2973790764808655
7845,0.29720979928970337
7846,0.29692381620407104
7847,0.2968991994857788
7848,0.29705947637557983
7849,0.29722774028778076
7850,0.2970394790172577
7851,0.2967579662799835
7852,0.29674509167671204
7853,0.29691630601882935
7854,0.29710039496421814
7855,0.29691633582115173
7856,0.29661354422569275
7857,0.2965695559978485
7858,0.29672011733055115
7859,0.2969159185886383
7860,0.2967694103717804
7861,0.2964742183685303
7862,0.29639574885368347
7863,0.29649633169174194
7864,0.29666680097579956
7865,0.29655903577804565
7866,0.2963130474090576
7867,0.2962403893470764
7868,0.29631203413009644
7869,0.29645127058029175
7870,0.29636716842651367
7871,0.2961857318878174
7872,0.2961749732494354
7873,0.29632189869880676
7874,0.2966041564941406
7875,0.2968365550041199
7876,0.29730483889579773
7877,0.2986038327217102
7878,0.3014465570449829
7879,0.3073444962501526
7880,0.3191542625427246
7881,0.34340521693229675
7882,0.39292818307876587
7883,0.48834913969039917
7884,0.6500949859619141
7885,0.8592774271965027
7886,0.9809663891792297
7887,0.838744044303894
7888,0.47978439927101135
7889,0.30521395802497864
7890,0.47527045011520386
7891,0.6857167482376099
7892,0.6403231024742126
7893,0.39782074093818665
7894,0.31711113452911377
7895,0.45619532465934753
7896,0.4825288653373718
7897,0.3497133255004883
7898,0.31589943170547485
7899,0.40951886773109436
7900,0.4176911413669586
7901,0.3249762952327728
7902,0.3184952437877655
7903,0.38074010610580444
7904,0.35798245668411255
7905,0.3015602231025696
7906,0.32835879921913147
7907,0.36740684509277344
7908,0.33447834849357605
7909,0.29863351583480835
7910,0.3250141441822052
7911,0.34548500180244446
7912,0.3151973783969879
7913,0.30113065242767334
7914,0.32355767488479614
7915,0.328109472990036
7916,0.3063209652900696
7917,0.30262425541877747
7918,0.3178095519542694
7919,0.31380632519721985
7920,0.2992202341556549
7921,0.30275166034698486
7922,0.31255823373794556
7923,0.30665141344070435
7924,0.2972416877746582
7925,0.3009558916091919
7926,0.30583152174949646
7927,0.3013192117214203
7928,0.2974793612957001
7929,0.3005593419075012
7930,0.30160990357398987
7931,0.29821109771728516
7932,0.2977944612503052
7933,0.30019089579582214
7934,0.2993759214878082
7935,0.29657644033432007
7936,0.29745128750801086
7937,0.2996581196784973
7938,0.29855015873908997
7939,0.2963339686393738
7940,0.29682624340057373
7941,0.298415869474411
7942,0.29770317673683167
7943,0.2963173985481262
7944,0.296686589717865
7945,0.2975102365016937
7946,0.2969153821468353
7947,0.2959132194519043
7948,0.2962645888328552
7949,0.2969616949558258
7950,0.29651781916618347
7951,0.2956022620201111
7952,0.2955966293811798
7953,0.2962213456630707
7954,0.29622069001197815
7955,0.2956099212169647
7956,0.2952806353569031
7957,0.2954859733581543
7958,0.29563528299331665
7959,0.2954328656196594
7960,0.2952069342136383
7961,0.29516080021858215
7962,0.29517805576324463
7963,0.2950940430164337
7964,0.2949982285499573
7965,0.2949680685997009
7966,0.2949256896972656
7967,0.29485222697257996
7968,0.2947785258293152
7969,0.29475751519203186
7970,0.2947351336479187
7971,0.29466941952705383
7972,0.2946113049983978
7973,0.2945803701877594
7974,0.2945656180381775
7975,0.2945187985897064
7976,0.29446202516555786
7977,0.2944334149360657
7978,0.29441601037979126
7979,0.2943895757198334
7980,0.294333279132843
7981,0.29429033398628235
7982,0.2942734956741333
7983,0.29425323009490967
7984,0.29422226548194885
7985,0.29417091608047485
7986,0.29413357377052307
7987,0.2941092252731323
7988,0.29407593607902527
7989,0.29404422640800476
7990,0.29400724172592163
7991,0.29397836327552795
7992,0.29394593834877014
7993,0.2938982844352722
7994,0.2938598394393921
7995,0.2938310503959656
7996,0.2938134968280792
7997,0.2937847375869751
7998,0.29373443126678467
7999,0.2936899662017822
8000,0.2936597764492035
8001,0.29364705085754395
8002,0.29362574219703674
8003,0.2935797870159149
8004,0.29353365302085876
8005,0.2934969961643219
8006,0.29348132014274597
8007,0.2934650778770447
8008,0.29342514276504517
8009,0.29337793588638306
8010,0.29333439469337463
8011,0.2933136224746704
8012,0.2933019697666168
8013,0.2932702302932739
8014,0.2932230830192566
8015,0.2931715250015259
8016,0.29314351081848145
8017,0.29313576221466064
8018,0.2931177616119385
8019,0.2930806577205658
8020,0.29302430152893066
8021,0.29298165440559387
8022,0.2929663062095642
8023,0.2929542660713196
8024,0.29292839765548706
8025,0.2928767502307892
8026,0.29282641410827637
8027,0.29280078411102295
8028,0.29278841614723206
8029,0.2927733361721039
8030,0.2927328646183014
8031,0.29268133640289307
8032,0.29264453053474426
8033,0.29262199997901917
8034,0.29260537028312683
8035,0.29257479310035706
8036,0.29253360629081726
8037,0.29249823093414307
8038,0.2924717664718628
8039,0.2924540936946869
8040,0.29242709279060364
8041,0.2923892140388489
8042,0.29235410690307617
8043,0.2923213243484497
8044,0.2922908365726471
8045,0.29226693511009216
8046,0.29225954413414
8047,0.2922729551792145
8048,0.2923224866390228
8049,0.29243937134742737
8050,0.29259419441223145
8051,0.29282838106155396
8052,0.2933407425880432
8053,0.29438936710357666
8054,0.2965156137943268
8055,0.3005877137184143
8056,0.3086532950401306
8057,0.3248596787452698
8058,0.35788679122924805
8059,0.42183607816696167
8060,0.5308732390403748
8061,0.6903996467590332
8062,0.9127597808837891
8063,1.0403079986572266
8064,0.931262731552124
8065,0.5377489328384399
8066,0.3047284781932831
8067,0.45387744903564453
8068,0.7172669172286987
8069,0.7669843435287476
8070,0.49807262420654297
8071,0.31032833456993103
8072,0.43928632140159607
8073,0.5595946907997131
8074,0.44536733627319336
8075,0.3045288622379303
8076,0.37750089168548584
8077,0.49553704261779785
8078,0.42640671133995056
8079,0.3085959255695343
8080,0.3509407937526703
8081,0.4330395460128784
8082,0.3806890547275543
8083,0.3000352680683136
8084,0.33012738823890686
8085,0.38556796312332153
8086,0.35003501176834106
8087,0.2982628345489502
8088,0.32167163491249084
8089,0.35462644696235657
8090,0.3262845277786255
8091,0.29547932744026184
8092,0.3154328167438507
8093,0.3364578187465668
8094,0.3155507743358612
8095,0.29500851035118103
8096,0.312744677066803
8097,0.3259061872959137
8098,0.3078824281692505
8099,0.29406479001045227
8100,0.30644649267196655
8101,0.31638213992118835
8102,0.30352386832237244
8103,0.29367730021476746
8104,0.30240505933761597
8105,0.30800092220306396
8106,0.2992106080055237
8107,0.2932254374027252
8108,0.2989092469215393
8109,0.3026939034461975
8110,0.29662618041038513
8111,0.29298409819602966
8112,0.29737427830696106
8113,0.29956528544425964
8114,0.29534560441970825
8115,0.2925757169723511
8116,0.2957075834274292
8117,0.29776981472969055
8118,0.29476818442344666
8119,0.2922716736793518
8120,0.2940399944782257
8121,0.29601964354515076
8122,0.29443997144699097
8123,0.2921595275402069
8124,0.2926834225654602
8125,0.29422980546951294
8126,0.2937111258506775
8127,0.2921074330806732
8128,0.29196402430534363
8129,0.2930087745189667
8130,0.29302459955215454
8131,0.2919642925262451
8132,0.29159781336784363
8133,0.2921870946884155
8134,0.29246896505355835
8135,0.2918267250061035
8136,0.2913815379142761
8137,0.29173919558525085
8138,0.2920742630958557
8139,0.29176270961761475
8140,0.2912428379058838
8141,0.2913585901260376
8142,0.2917713522911072
8143,0.2917039096355438
8144,0.29123571515083313
8145,0.2910253703594208
8146,0.2913638651371002
8147,0.2915993630886078
8148,0.2913162410259247
8149,0.2909072935581207
8150,0.29089269042015076
8151,0.291231244802475
8152,0.2913145422935486
8153,0.2909866273403168
8154,0.29067638516426086
8155,0.29073071479797363
8156,0.29099446535110474
8157,0.2910054624080658
8158,0.290718674659729
8159,0.2904852628707886
8160,0.29053428769111633
8161,0.2907167673110962
8162,0.2907119393348694
8163,0.2904955744743347
8164,0.2903103530406952
8165,0.2903205454349518
8166,0.2904365062713623
8167,0.29044267535209656
8168,0.2902969717979431
8169,0.29014497995376587
8170,0.2901146411895752
8171,0.29017606377601624
8172,0.2901935279369354
8173,0.2901080250740051
8174,0.28998854756355286
8175,0.28992965817451477
8176,0.2899460196495056
8177,0.2899641692638397
8178,0.2899230420589447
8179,0.2898370921611786
8180,0.28976500034332275
8181,0.2897449731826782
8182,0.28975167870521545
8183,0.2897365093231201
8184,0.2896829843521118
8185,0.2896140217781067
8186,0.28957056999206543
8187,0.28955888748168945
8188,0.2895510792732239
8189,0.28952133655548096
8190,0.2894657254219055
8191,0.28941330313682556
8192,0.2893848419189453
8193,0.2893712520599365
8194,0.2893524765968323
8195,0.2893114686012268
8196,0.28926193714141846
8197,0.289224773645401
8198,0.289201557636261
8199,0.28918227553367615
8200,0.2891501784324646
8201,0.28910842537879944
8202,0.2890714406967163
8203,0.28904256224632263
8204,0.28901827335357666
8205,0.28898829221725464
8206,0.2889527976512909
8207,0.28891947865486145
8208,0.28888994455337524
8209,0.2888626456260681
8210,0.2888321578502655
8211,0.2887997031211853
8212,0.28876933455467224
8213,0.2887408435344696
8214,0.28871291875839233
8215,0.28868168592453003
8216,0.28865012526512146
8217,0.28862130641937256
8218,0.288594126701355
8219,0.2885667085647583
8220,0.288534939289093
8221,0.28850257396698
8222,0.2884737551212311
8223,0.28844738006591797
8224,0.28842124342918396
8225,0.2883898913860321
8226,0.2883567810058594
8227,0.2883266508579254
8228,0.2882993519306183
8229,0.2882731854915619
8230,0.28824323415756226
8231,0.2882111966609955
8232,0.28818124532699585
8233,0.28815311193466187
8234,0.2881260812282562
8235,0.28809669613838196
8236,0.2880658507347107
8237,0.28803685307502747
8238,0.28800901770591736
8239,0.28798186779022217
8240,0.28795233368873596
8241,0.2879219055175781
8242,0.287893146276474
8243,0.2878658175468445
8244,0.2878390848636627
8245,0.28780969977378845
8246,0.2877791225910187
8247,0.2877499759197235
8248,0.2877221703529358
8249,0.2876952588558197
8250,0.2876664698123932
8251,0.28763678669929504
8252,0.28760862350463867
8253,0.28758174180984497
8254,0.28755614161491394
8255,0.28753021359443665
8256,0.2875058650970459
8257,0.2874874472618103
8258,0.28747913241386414
8259,0.2874895930290222
8260,0.28753381967544556
8261,0.28764861822128296
8262,0.2879113554954529
8263,0.28847813606262207
8264,0.2896779775619507
8265,0.2921730875968933
8266,0.29740583896636963
8267,0.30849388241767883
8268,0.33183491230010986
8269,0.379941463470459
8270,0.4721868336200714
8271,0.6283238530158997
8272,0.8234115839004517
8273,0.9211000800132751
8274,0.7291771173477173
8275,0.3921864330768585
8276,0.3148203194141388
8277,0.5313763618469238
8278,0.666259765625
8279,0.5128388404846191
8280,0.3095680773258209
8281,0.35604047775268555
8282,0.48780229687690735
8283,0.4239439368247986
8284,0.29963219165802
8285,0.33926650881767273
8286,0.42415645718574524
8287,0.37369227409362793
8288,0.2938809394836426
8289,0.33199673891067505
8290,0.3739928603172302
8291,0.32261407375335693
8292,0.2912605404853821
8293,0.3319821357727051
8294,0.34450456500053406
8295,0.3021247982978821
8296,0.294741153717041
8297,0.3253515660762787
8298,0.3185386061668396
8299,0.2913067936897278
8300,0.2997545003890991
8301,0.31770631670951843
8302,0.3042907118797302
8303,0.28913697600364685
8304,0.3003176152706146
8305,0.3073343336582184
8306,0.2942826449871063
8307,0.28965023159980774
8308,0.29956433176994324
8309,0.29955992102622986
8310,0.2898801863193512
8311,0.29028022289276123
8312,0.2966234087944031
8313,0.29370561242103577
8314,0.28827378153800964
8315,0.29089173674583435
8316,0.29378676414489746
8317,0.2903551757335663
8318,0.28799861669540405
8319,0.2905997633934021
8320,0.291275292634964
8321,0.2884783148765564
8322,0.28806987404823303
8323,0.2900489270687103
8324,0.2897112965583801
8325,0.28769829869270325
8326,0.2879370152950287
8327,0.2892684042453766
8328,0.2886618971824646
8329,0.28742486238479614
8330,0.2877920866012573
8331,0.28856149315834045
8332,0.2879721522331238
8333,0.28720590472221375
8334,0.28757810592651367
8335,0.2880037724971771
8336,0.2874864339828491
8337,0.28694993257522583
8338,0.2872469127178192
8339,0.2875852584838867
8340,0.2872177064418793
8341,0.2867642045021057
8342,0.2868785858154297
8343,0.28712502121925354
8344,0.28696703910827637
8345,0.2866658568382263
8346,0.28664323687553406
8347,0.2867526710033417
8348,0.28667205572128296
8349,0.28651246428489685
8350,0.2864789366722107
8351,0.2865016758441925
8352,0.28643494844436646
8353,0.28632286190986633
8354,0.2863062024116516
8355,0.28631696105003357
8356,0.2862497866153717
8357,0.28615739941596985
8358,0.28612595796585083
8359,0.28614646196365356
8360,0.28610530495643616
8361,0.2860139310359955
8362,0.28596657514572144
8363,0.2859697639942169
8364,0.2859669327735901
8365,0.28589949011802673
8366,0.2858278453350067
8367,0.2858068645000458
8368,0.28580230474472046
8369,0.2857801020145416
8370,0.2857196629047394
8371,0.2856675684452057
8372,0.28564518690109253
8373,0.2856232225894928
8374,0.28559619188308716
8375,0.28555160760879517
8376,0.28550997376441956
8377,0.28547951579093933
8378,0.2854471802711487
8379,0.2854211926460266
8380,0.2853860557079315
8381,0.2853485643863678
8382,0.2853147089481354
8383,0.28528106212615967
8384,0.28525739908218384
8385,0.28522539138793945
8386,0.28518763184547424
8387,0.28515270352363586
8388,0.2851203382015228
8389,0.28509873151779175
8390,0.2850676476955414
8391,0.2850290834903717
8392,0.28499335050582886
8393,0.2849610149860382
8394,0.2849389612674713
8395,0.28490835428237915
8396,0.28487125039100647
8397,0.28483712673187256
8398,0.28480544686317444
8399,0.2847817838191986
8400,0.28475067019462585
8401,0.28471505641937256
8402,0.2846831679344177
8403,0.28465262055397034
8404,0.2846274971961975
8405,0.2845950424671173
8406,0.2845602333545685
8407,0.28453055024147034
8408,0.28450167179107666
8409,0.28447622060775757
8410,0.28444233536720276
8411,0.2844070494174957
8412,0.28437843918800354
8413,0.28435084223747253
8414,0.28432461619377136
8415,0.2842899262905121
8416,0.28425437211990356
8417,0.2842268645763397
8418,0.28420141339302063
8419,0.2841765880584717
8420,0.28414151072502136
8421,0.28410425782203674
8422,0.284075528383255
8423,0.2840504050254822
8424,0.28402629494667053
8425,0.2839922308921814
8426,0.2839552164077759
8427,0.283925861120224
8428,0.28390154242515564
8429,0.2838802635669708
8430,0.28384870290756226
8431,0.28381064534187317
8432,0.28377801179885864
8433,0.28374892473220825
8434,0.28372156620025635
8435,0.2836913466453552
8436,0.2836650013923645
8437,0.28364798426628113
8438,0.2836450934410095
8439,0.28366735577583313
8440,0.28368833661079407
8441,0.2837142050266266
8442,0.28381291031837463
8443,0.2840525805950165
8444,0.2845751941204071
8445,0.28570252656936646
8446,0.2880794107913971
8447,0.29308322072029114
8448,0.3035137951374054
8449,0.3256332278251648
8450,0.3655426502227783
8451,0.4420878291130066
8452,0.5837628841400146
8453,0.8297088146209717
8454,1.0991190671920776
8455,1.189604640007019
8456,0.7999786138534546
8457,0.36282920837402344
8458,0.37290191650390625
8459,0.7182887196540833
8460,0.8558686375617981
8461,0.5610074400901794
8462,0.30838704109191895
8463,0.4159238934516907
8464,0.5667239427566528
8465,0.4139940142631531
8466,0.29600968956947327
8467,0.43927016854286194
8468,0.5302404165267944
8469,0.3868029713630676
8470,0.3007865846157074
8471,0.45870402455329895
8472,0.4725182056427002
8473,0.3184877634048462
8474,0.31545305252075195
8475,0.44841277599334717
8476,0.45012223720550537
8477,0.31147703528404236
8478,0.31896963715553284
8479,0.4092212915420532
8480,0.3687315583229065
8481,0.29037025570869446
8482,0.3204329311847687
8483,0.3693600594997406
8484,0.32802078127861023
8485,0.28697219491004944
8486,0.3116973042488098
8487,0.32684218883514404
8488,0.2965506315231323
8489,0.2888745367527008
8490,0.30643603205680847
8491,0.2988075315952301
8492,0.2855476140975952
8493,0.2923949956893921
8494,0.2991160750389099
8495,0.28783097863197327
8496,0.2883157730102539
8497,0.2992103397846222
8498,0.2947867214679718
8499,0.285028338432312
8500,0.29104968905448914
8501,0.3015758693218231
8502,0.2927033603191376
8503,0.2844131290912628
8504,0.2917408347129822
8505,0.2978535592556
8506,0.29079461097717285
8507,0.2840326428413391
8508,0.2893999516963959
8509,0.2929080128669739
8510,0.28780972957611084
8511,0.28379273414611816
8512,0.28657767176628113
8513,0.28889814019203186
8514,0.28583699464797974
8515,0.2835555374622345
8516,0.28448930382728577
8517,0.2854626774787903
8518,0.2843354344367981
8519,0.28332823514938354
8520,0.2836965024471283
8521,0.28369373083114624
8522,0.28327783942222595
8523,0.28313982486724854
8524,0.2833438217639923
8525,0.2831471562385559
8526,0.2830069065093994
8527,0.2832469940185547
8528,0.2832486927509308
8529,0.28293171525001526
8530,0.28287041187286377
8531,0.28348013758659363
8532,0.28353050351142883
8533,0.28288304805755615
8534,0.2826298177242279
8535,0.2832057476043701
8536,0.2837490737438202
8537,0.28315407037734985
8538,0.28245750069618225
8539,0.28267061710357666
8540,0.2833241820335388
8541,0.2833349406719208
8542,0.2825627326965332
8543,0.28225216269493103
8544,0.28267112374305725
8545,0.2830139994621277
8546,0.28270331025123596
8547,0.2821415066719055
8548,0.28213247656822205
8549,0.28247153759002686
8550,0.2825287878513336
8551,0.2821802794933319
8552,0.28188106417655945
8553,0.28197768330574036
8554,0.28216034173965454
8555,0.2820819616317749
8556,0.2818209230899811
8557,0.28169143199920654
8558,0.28178107738494873
8559,0.28184589743614197
8560,0.2817355990409851
8561,0.2815682291984558
8562,0.2815162241458893
8563,0.28156670928001404
8564,0.2815684974193573
8565,0.281469464302063
8566,0.2813648283481598
8567,0.28133925795555115
8568,0.2813568413257599
8569,0.2813319265842438
8570,0.28125131130218506
8571,0.2811806797981262
8572,0.2811608910560608
8573,0.281157910823822
8574,0.2811235785484314
8575,0.28105688095092773
8576,0.2810036540031433
8577,0.2809835970401764
8578,0.28096938133239746
8579,0.28093236684799194
8580,0.2808750867843628
8581,0.2808300256729126
8582,0.28080785274505615
8583,0.28078794479370117
8584,0.2807513177394867
8585,0.2806999087333679
8586,0.2806582450866699
8587,0.28063440322875977
8588,0.2806119918823242
8589,0.2805767059326172
8590,0.28052854537963867
8591,0.28048789501190186
8592,0.28046247363090515
8593,0.2804390788078308
8594,0.2804056406021118
8595,0.28035980463027954
8596,0.28031912446022034
8597,0.28029200434684753
8598,0.2802683711051941
8599,0.2802369296550751
8600,0.2801929712295532
8601,0.2801516652107239
8602,0.28012266755104065
8603,0.2800985872745514
8604,0.28006935119628906
8605,0.2800273895263672
8606,0.2799853980541229
8607,0.27995428442955017
8608,0.2799293100833893
8609,0.2799016535282135
8610,0.27986207604408264
8611,0.2798202335834503
8612,0.27978724241256714
8613,0.2797605097293854
8614,0.27973341941833496
8615,0.27969619631767273
8616,0.27965542674064636
8617,0.27962133288383484
8618,0.2795928418636322
8619,0.27956530451774597
8620,0.2795296609401703
8621,0.2794906198978424
8622,0.27945640683174133
8623,0.27942657470703125
8624,0.2793979346752167
8625,0.27936312556266785
8626,0.27932560443878174
8627,0.2792920172214508
8628,0.27926158905029297
8629,0.2792321443557739
8630,0.2791976034641266
8631,0.2791609764099121
8632,0.27912771701812744
8633,0.27909716963768005
8634,0.27906739711761475
8635,0.27903297543525696
8636,0.27899667620658875
8637,0.2789633572101593
8638,0.2789325714111328
8639,0.2789026200771332
8640,0.2788684070110321
8641,0.2788323163986206
8642,0.27879902720451355
8643,0.2787679135799408
8644,0.2787378132343292
8645,0.2787037789821625
8646,0.278668075799942
8647,0.27863436937332153
8648,0.27860257029533386
8649,0.27857184410095215
8650,0.2785381078720093
8651,0.2785029411315918
8652,0.2784697711467743
8653,0.27843788266181946
8654,0.27840691804885864
8655,0.2783731520175934
8656,0.27833816409111023
8657,0.27830496430397034
8658,0.27827325463294983
8659,0.27824264764785767
8660,0.2782100439071655
8661,0.2781773507595062
8662,0.2781481146812439
8663,0.2781243324279785
8664,0.278110146522522
8665,0.2781115472316742
8666,0.2781486213207245
8667,0.2782655954360962
8668,0.2785525321960449
8669,0.279207319021225
8670,0.2806490659713745
8671,0.28383326530456543
8672,0.29093024134635925
8673,0.30669793486595154
8674,0.34137070178985596
8675,0.41357094049453735
8676,0.5515152812004089
8677,0.7623481750488281
8678,0.9478960037231445
8679,0.8595253229141235
8680,0.4889181852340698
8681,0.2910136878490448
8682,0.4941501021385193
8683,0.6883647441864014
8684,0.5442544221878052
8685,0.30552026629447937
8686,0.3531199097633362
8687,0.502260684967041
8688,0.41528892517089844
8689,0.28625836968421936
8690,0.3608003854751587
8691,0.4373703598976135
8692,0.3466731607913971
8693,0.28395208716392517
8694,0.35529813170433044
8695,0.3664986491203308
8696,0.29303085803985596
8697,0.29913708567619324
8698,0.34937888383865356
8699,0.3223172426223755
8700,0.28044217824935913
8701,0.3082214593887329
8702,0.32578009366989136
8703,0.29121673107147217
8704,0.28545892238616943
8705,0.3114820420742035
8706,0.3033241033554077
8707,0.2810647487640381
8708,0.29136237502098083
8709,0.30180537700653076
8710,0.28629833459854126
8711,0.2815471589565277
8712,0.29392746090888977
8713,0.29103535413742065
8714,0.27975282073020935
8715,0.2840149998664856
8716,0.2897290587425232
8717,0.2827894985675812
8718,0.2797071933746338
8719,0.28525346517562866
8720,0.28437379002571106
8721,0.2792944312095642
8722,0.28110289573669434
8723,0.2837035357952118
8724,0.28041332960128784
8725,0.27871957421302795
8726,0.2815474271774292
8727,0.2815023958683014
8728,0.27866658568382263
8729,0.27897408604621887
8730,0.28064343333244324
8731,0.27950721979141235
8732,0.2781563997268677
8733,0.27912911772727966
8734,0.2795722186565399
8735,0.27830439805984497
8736,0.2779604494571686
8737,0.2788398861885071
8738,0.2786916196346283
8739,0.27775508165359497
8740,0.27781468629837036
8741,0.27833402156829834
8742,0.27800944447517395
8743,0.27749207615852356
8744,0.27767160534858704
8745,0.277859628200531
8746,0.2775021195411682
8747,0.2772687077522278
8748,0.2774736285209656
8749,0.2775127589702606
8750,0.27720022201538086
8751,0.2770758271217346
8752,0.2772243022918701
8753,0.2772020101547241
8754,0.27698570489883423
8755,0.27691924571990967
8756,0.276999294757843
8757,0.27693819999694824
8758,0.27677685022354126
8759,0.2767449617385864
8760,0.2767893970012665
8761,0.2767222821712494
8762,0.27659037709236145
8763,0.27655526995658875
8764,0.2765791714191437
8765,0.27652737498283386
8766,0.2764233648777008
8767,0.27637675404548645
8768,0.27637672424316406
8769,0.2763364911079407
8770,0.2762581706047058
8771,0.27620917558670044
8772,0.2761925458908081
8773,0.27615615725517273
8774,0.2760936915874481
8775,0.276045024394989
8776,0.2760181128978729
8777,0.2759842276573181
8778,0.2759326994419098
8779,0.2758857011795044
8780,0.2758523225784302
8781,0.2758174538612366
8782,0.27577289938926697
8783,0.2757287323474884
8784,0.27569350600242615
8785,0.27565738558769226
8786,0.2756148874759674
8787,0.2755722403526306
8788,0.27553555369377136
8789,0.27550163865089417
8790,0.27546167373657227
8791,0.2754184603691101
8792,0.27537938952445984
8793,0.2753440737724304
8794,0.27530819177627563
8795,0.2752678096294403
8796,0.2752271592617035
8797,0.2751898169517517
8798,0.27515363693237305
8799,0.2751161754131317
8800,0.2750767171382904
8801,0.27503836154937744
8802,0.27500197291374207
8803,0.2749651074409485
8804,0.2749274969100952
8805,0.27488890290260315
8806,0.274851530790329
8807,0.2748152017593384
8808,0.2747783064842224
8809,0.27474117279052734
8810,0.27470332384109497
8811,0.2746661901473999
8812,0.27462950348854065
8813,0.2745925188064575
8814,0.27455559372901917
8815,0.27451837062835693
8816,0.27448153495788574
8817,0.27444520592689514
8818,0.27440840005874634
8819,0.2743717133998871
8820,0.2743346095085144
8821,0.27429813146591187
8822,0.274262011051178
8823,0.27422553300857544
8824,0.27418920397758484
8825,0.2741521894931793
8826,0.27411574125289917
8827,0.2740797996520996
8828,0.2740436792373657
8829,0.2740074396133423
8830,0.27397066354751587
8831,0.2739342153072357
8832,0.27389848232269287
8833,0.27386274933815
8834,0.2738269567489624
8835,0.2737902104854584
8836,0.27375370264053345
8837,0.273717999458313
8838,0.27368253469467163
8839,0.27364689111709595
8840,0.2736104130744934
8841,0.27357396483421326
8842,0.27353838086128235
8843,0.27350321412086487
8844,0.27346813678741455
8845,0.27343204617500305
8846,0.2733955979347229
8847,0.2733597457408905
8848,0.273324191570282
8849,0.273288756608963
8850,0.27325311303138733
8851,0.2732182741165161
8852,0.2731846868991852
8853,0.27315300703048706
8854,0.2731249928474426
8855,0.2730983793735504
8856,0.2730752229690552
8857,0.2730664610862732
8858,0.2730862498283386
8859,0.27316486835479736
8860,0.2733588218688965
8861,0.27379485964775085
8862,0.27476343512535095
8863,0.2768706977367401
8864,0.2814858853816986
8865,0.2903957962989807
8866,0.3088129460811615
8867,0.34843868017196655
8868,0.4342685639858246
8869,0.5992398858070374
8870,0.8631852269172668
8871,1.1062126159667969
8872,1.1630011796951294
8873,0.7403813600540161
8874,0.32338500022888184
8875,0.3920975923538208
8876,0.681352972984314
8877,0.7767058610916138
8878,0.5223249197006226
8879,0.2983637750148773
8880,0.3759467899799347
8881,0.4623032808303833
8882,0.37711331248283386
8883,0.28669074177742004
8884,0.3349606990814209
8885,0.3756118416786194
8886,0.3125194311141968
8887,0.28341811895370483
8888,0.32402852177619934
8889,0.3338189721107483
8890,0.28552401065826416
8891,0.2950480580329895
8892,0.3449140191078186
8893,0.3368745744228363
8894,0.28742465376853943
8895,0.29353877902030945
8896,0.3569142520427704
8897,0.3454740643501282
8898,0.287028431892395
8899,0.285551518201828
8900,0.33732306957244873
8901,0.34991756081581116
8902,0.2947624623775482
8903,0.2806544303894043
8904,0.3191269040107727
8905,0.3266795873641968
8906,0.2910037040710449
8907,0.2758876383304596
8908,0.300792396068573
8909,0.3071109652519226
8910,0.2842840254306793
8911,0.27510860562324524
8912,0.28901034593582153
8913,0.2925232946872711
8914,0.2788617014884949
8915,0.27415192127227783
8916,0.2796914577484131
8917,0.2809002101421356
8918,0.2752930223941803
8919,0.27390220761299133
8920,0.2763027846813202
8921,0.27501723170280457
8922,0.27316993474960327
8923,0.2737624943256378
8924,0.2749255895614624
8925,0.2734634280204773
8926,0.2732330560684204
8927,0.2750134766101837
8928,0.2749730944633484
8929,0.2731735408306122
8930,0.2730488181114197
8931,0.2761130928993225
8932,0.2764838933944702
8933,0.27355289459228516
8934,0.2724446654319763
8935,0.27507707476615906
8936,0.27739328145980835
8937,0.27495327591896057
8938,0.2721748948097229
8939,0.27320215106010437
8940,0.27586525678634644
8941,0.27577927708625793
8942,0.2728634774684906
8943,0.2719796299934387
8944,0.2737927734851837
8945,0.2749377489089966
8946,0.2735963463783264
8947,0.2717895209789276
8948,0.2721536457538605
8949,0.27343711256980896
8950,0.2733764350414276
8951,0.2720957100391388
8952,0.27143484354019165
8953,0.2720808982849121
8954,0.2726347744464874
8955,0.2721608579158783
8956,0.2713766396045685
8957,0.2713030278682709
8958,0.27177900075912476
8959,0.271883100271225
8960,0.2714203894138336
8961,0.2710389196872711
8962,0.2711488604545593
8963,0.27139952778816223
8964,0.2713163495063782
8965,0.27098262310028076
8966,0.27082523703575134
8967,0.2709456980228424
8968,0.27104660868644714
8969,0.27091896533966064
8970,0.27069661021232605
8971,0.27063238620758057
8972,0.27071765065193176
8973,0.27074429392814636
8974,0.27062278985977173
8975,0.2704688310623169
8976,0.27043652534484863
8977,0.27048957347869873
8978,0.2704848647117615
8979,0.2703806161880493
8980,0.2702639400959015
8981,0.27023810148239136
8982,0.27026858925819397
8983,0.2702542841434479
8984,0.27016809582710266
8985,0.27006977796554565
8986,0.2700387239456177
8987,0.2700543701648712
8988,0.2700410485267639
8989,0.2699713110923767
8990,0.26988235116004944
8991,0.2698425352573395
8992,0.2698473334312439
8993,0.26983797550201416
8994,0.2697833180427551
8995,0.26970088481903076
8996,0.2696516215801239
8997,0.269646018743515
8998,0.2696400582790375
8999,0.26959970593452454
9000,0.2695242464542389
9001,0.2694666087627411
9002,0.2694500684738159
9003,0.26944467425346375
9004,0.2694164216518402
9005,0.269349604845047
9006,0.2692874073982239
9007,0.26926079392433167
9008,0.2692520320415497
9009,0.26923176646232605
9010,0.2691747844219208
9011,0.269112229347229
9012,0.2690775990486145
9013,0.2690626382827759
9014,0.2690453827381134
9015,0.26899728178977966
9016,0.26893875002861023
9017,0.2689002752304077
9018,0.2688790559768677
9019,0.26886022090911865
9020,0.26881805062294006
9021,0.2687654495239258
9022,0.2687271237373352
9023,0.2687017619609833
9024,0.2686798870563507
9025,0.2686404287815094
9026,0.2685930132865906
9027,0.26855674386024475
9028,0.2685299515724182
9029,0.26850587129592896
9030,0.2684670388698578
9031,0.26842281222343445
9032,0.2683885395526886
9033,0.268361896276474
9034,0.2683371305465698
9035,0.2682986855506897
9036,0.26825547218322754
9037,0.26822173595428467
9038,0.26819515228271484
9039,0.2681708037853241
9040,0.2681331932544708
9041,0.2680903375148773
9042,0.2680560350418091
9043,0.2680286169052124
9044,0.2680039703845978
9045,0.2679678499698639
9046,0.267926424741745
9047,0.26789209246635437
9048,0.2678636312484741
9049,0.2678380310535431
9050,0.2678031027317047
9051,0.26776352524757385
9052,0.26772984862327576
9053,0.26770082116127014
9054,0.26767441630363464
9055,0.2676398754119873
9056,0.26760175824165344
9057,0.26756903529167175
9058,0.2675402760505676
9059,0.2675139904022217
9060,0.26747995615005493
9061,0.26744216680526733
9062,0.26740917563438416
9063,0.2673797607421875
9064,0.26735278964042664
9065,0.26731958985328674
9066,0.2672833800315857
9067,0.2672513425350189
9068,0.26722222566604614
9069,0.26719558238983154
9070,0.2671636939048767
9071,0.26713016629219055
9072,0.2671017646789551
9073,0.2670791745185852
9074,0.26706454157829285
9075,0.2670552432537079
9076,0.267063170671463
9077,0.26711422204971313
9078,0.2672467827796936
9079,0.2675397992134094
9080,0.2681448757648468
9081,0.26939401030540466
9082,0.27199453115463257
9083,0.27738630771636963
9084,0.288611501455307
9085,0.31128716468811035
9086,0.35659974813461304
9087,0.44118326902389526
9088,0.5797537565231323
9089,0.7380885481834412
9090,0.7908668518066406
9091,0.6042576432228088
9092,0.33492201566696167
9093,0.29471415281295776
9094,0.47552013397216797
9095,0.5733417272567749
9096,0.44241300225257874
9097,0.28468960523605347
9098,0.32249945402145386
9099,0.4294591546058655
9100,0.38784825801849365
9101,0.2828982472419739
9102,0.296032577753067
9103,0.36971908807754517
9104,0.35199499130249023
9105,0.27965274453163147
9106,0.2899515628814697
9107,0.3401627540588379
9108,0.3198324143886566
9109,0.2725173234939575
9110,0.28504082560539246
9111,0.319404274225235
9112,0.30133160948753357
9113,0.27013179659843445
9114,0.28403234481811523
9115,0.30438587069511414
9116,0.2877172827720642
9117,0.2684917449951172
9118,0.28030312061309814
9119,0.29157570004463196
9120,0.2782636880874634
9121,0.2681536376476288
9122,0.2778526544570923
9123,0.28268811106681824
9124,0.2723724842071533
9125,0.2679133117198944
9126,0.2746165692806244
9127,0.27588826417922974
9128,0.26916998624801636
9129,0.26817312836647034
9130,0.2726028263568878
9131,0.2716743052005768
9132,0.2675618529319763
9133,0.2680768668651581
9134,0.27076277136802673
9135,0.2693385183811188
9136,0.2669253945350647
9137,0.2680812478065491
9138,0.26953065395355225
9139,0.26809874176979065
9140,0.26662707328796387
9141,0.267799437046051
9142,0.26873064041137695
9143,0.26744550466537476
9144,0.26644423604011536
9145,0.26734286546707153
9146,0.26810383796691895
9147,0.2671332359313965
9148,0.26626235246658325
9149,0.26681041717529297
9150,0.26742321252822876
9151,0.2668707072734833
9152,0.2661192715167999
9153,0.266353577375412
9154,0.2668187618255615
9155,0.2665662169456482
9156,0.26601117849349976
9157,0.2659852206707001
9158,0.266308069229126
9159,0.2662472426891327
9160,0.2658863663673401
9161,0.2657453715801239
9162,0.26589295268058777
9163,0.2659378945827484
9164,0.2657376229763031
9165,0.2655850648880005
9166,0.2656058669090271
9167,0.2656453549861908
9168,0.26556238532066345
9169,0.2654420733451843
9170,0.2654094994068146
9171,0.2654123306274414
9172,0.265373170375824
9173,0.2652994394302368
9174,0.26525282859802246
9175,0.26523473858833313
9176,0.26520007848739624
9177,0.2651509642601013
9178,0.26510998606681824
9179,0.26508307456970215
9180,0.26504984498023987
9181,0.26500698924064636
9182,0.2649712562561035
9183,0.2649420499801636
9184,0.2649097144603729
9185,0.26486971974372864
9186,0.26483502984046936
9187,0.2648076117038727
9188,0.2647758722305298
9189,0.26473721861839294
9190,0.2646992802619934
9191,0.26467272639274597
9192,0.2646470069885254
9193,0.26461052894592285
9194,0.2645690143108368
9195,0.26453515887260437
9196,0.26451343297958374
9197,0.2644868493080139
9198,0.26444682478904724
9199,0.2644047439098358
9200,0.26437389850616455
9201,0.2643543481826782
9202,0.2643270790576935
9203,0.2642858326435089
9204,0.2642439305782318
9205,0.26421400904655457
9206,0.264195054769516
9207,0.2641684412956238
9208,0.2641281187534332
9209,0.26408612728118896
9210,0.2640552818775177
9211,0.26403579115867615
9212,0.264011025428772
9213,0.26397302746772766
9214,0.26393118500709534
9215,0.2638980746269226
9216,0.26387694478034973
9217,0.2638539969921112
9218,0.26381975412368774
9219,0.26377901434898376
9220,0.26374319195747375
9221,0.26371899247169495
9222,0.2636973261833191
9223,0.2636672854423523
9224,0.26362913846969604
9225,0.26359131932258606
9226,0.263562947511673
9227,0.2635405361652374
9228,0.26351433992385864
9229,0.2634803354740143
9230,0.26344239711761475
9231,0.2634100317955017
9232,0.2633848190307617
9233,0.2633603513240814
9234,0.2633307874202728
9235,0.2632952928543091
9236,0.26326075196266174
9237,0.2632318437099457
9238,0.26320624351501465
9239,0.2631794810295105
9240,0.26314783096313477
9241,0.2631140649318695
9242,0.2630828022956848
9243,0.26305484771728516
9244,0.26302823424339294
9245,0.26299959421157837
9246,0.26296889781951904
9247,0.26293888688087463
9248,0.2629111707210541
9249,0.2628864347934723
9250,0.2628639340400696
9251,0.26284483075141907
9252,0.2628347873687744
9253,0.26284265518188477
9254,0.26288560032844543
9255,0.262981653213501
9256,0.2631809413433075
9257,0.2636083960533142
9258,0.26449111104011536
9259,0.2663065791130066
9260,0.2696093022823334
9261,0.27599817514419556
9262,0.28908783197402954
9263,0.31628215312957764
9264,0.36998286843299866
9265,0.4652274549007416
9266,0.6122797727584839
9267,0.836426854133606
9268,1.0017590522766113
9269,0.9641107320785522
9270,0.5781421661376953
9271,0.2842838764190674
9272,0.39060676097869873
9273,0.6801155805587769
9274,0.788160502910614
9275,0.5159674882888794
9276,0.28873369097709656
9277,0.417838454246521
9278,0.5571733713150024
9279,0.43737637996673584
9280,0.2763764262199402
9281,0.36206668615341187
9282,0.4902326464653015
9283,0.3911375105381012
9284,0.2753174602985382
9285,0.3560175895690918
9286,0.4269758462905884
9287,0.33769604563713074
9288,0.2671043574810028
9289,0.32925179600715637
9290,0.37031090259552
9291,0.30190780758857727
9292,0.27070701122283936
9293,0.32238736748695374
9294,0.3308107256889343
9295,0.28008219599723816
9296,0.27136555314064026
9297,0.30775392055511475
9298,0.30471912026405334
9299,0.26985257863998413
9300,0.274719774723053
9301,0.29828909039497375
9302,0.28606536984443665
9303,0.2650487422943115
9304,0.2738749384880066
9305,0.28527671098709106
9306,0.27308616042137146
9307,0.2642078101634979
9308,0.27375683188438416
9309,0.27771666646003723
9310,0.26698577404022217
9311,0.2648114860057831
9312,0.2731708884239197
9313,0.27241235971450806
9314,0.2644684612751007
9315,0.2652064263820648
9316,0.27168720960617065
9317,0.26965412497520447
9318,0.2634483873844147
9319,0.2644983232021332
9320,0.2688082456588745
9321,0.2671399712562561
9322,0.26295286417007446
9323,0.2637794017791748
9324,0.26662522554397583
9325,0.2653965353965759
9326,0.26258349418640137
9327,0.2631310224533081
9328,0.265025794506073
9329,0.2642664611339569
9330,0.2623249292373657
9331,0.26267489790916443
9332,0.2640600800514221
9333,0.2636207044124603
9334,0.2621886432170868
9335,0.26217392086982727
9336,0.26318302750587463
9337,0.2631027102470398
9338,0.26207926869392395
9339,0.26181986927986145
9340,0.2624247372150421
9341,0.26255136728286743
9342,0.2619403004646301
9343,0.26159363985061646
9344,0.2618919312953949
9345,0.2620563209056854
9346,0.2617127001285553
9347,0.2614274024963379
9348,0.2615392506122589
9349,0.2617020905017853
9350,0.26151782274246216
9351,0.2612760066986084
9352,0.26131734251976013
9353,0.2614418864250183
9354,0.2613641321659088
9355,0.2611450254917145
9356,0.2611241042613983
9357,0.2612527906894684
9358,0.26123470067977905
9359,0.261050820350647
9360,0.2609354853630066
9361,0.2610359191894531
9362,0.2611120641231537
9363,0.26098811626434326
9364,0.26081156730651855
9365,0.2607871890068054
9366,0.26090168952941895
9367,0.26090940833091736
9368,0.26075512170791626
9369,0.2606198787689209
9370,0.26063433289527893
9371,0.26072004437446594
9372,0.2606903612613678
9373,0.26054811477661133
9374,0.26044735312461853
9375,0.26046454906463623
9376,0.2605166733264923
9377,0.26047641038894653
9378,0.2603611350059509
9379,0.2602817118167877
9380,0.26028522849082947
9381,0.26031017303466797
9382,0.260274201631546
9383,0.2601872384548187
9384,0.260120153427124
9385,0.2601070702075958
9386,0.26011231541633606
9387,0.26008424162864685
9388,0.260020911693573
9389,0.2599627673625946
9390,0.25993630290031433
9391,0.25992682576179504
9392,0.25990384817123413
9393,0.2598586082458496
9394,0.25980910658836365
9395,0.25977465510368347
9396,0.25975412130355835
9397,0.2597323954105377
9398,0.2596989572048187
9399,0.2596578598022461
9400,0.25962069630622864
9401,0.2595925033092499
9402,0.259568452835083
9403,0.2595407962799072
9404,0.25950706005096436
9405,0.2594713866710663
9406,0.25943928956985474
9407,0.25941193103790283
9408,0.25938546657562256
9409,0.25935637950897217
9410,0.2593236267566681
9411,0.259290874004364
9412,0.2592609226703644
9413,0.2592332363128662
9414,0.2592056691646576
9415,0.2591756582260132
9416,0.25914430618286133
9417,0.2591136693954468
9418,0.25908470153808594
9419,0.2590566873550415
9420,0.2590278685092926
9421,0.25899794697761536
9422,0.25896820425987244
9423,0.2589389681816101
9424,0.2589103877544403
9425,0.2588815987110138
9426,0.2588525414466858
9427,0.2588235139846802
9428,0.25879478454589844
9429,0.25876614451408386
9430,0.2587374448776245
9431,0.2587087154388428
9432,0.25868022441864014
9433,0.2586517930030823
9434,0.2586233615875244
9435,0.2585947513580322
9436,0.258566290140152
9437,0.25853806734085083
9438,0.25850993394851685
9439,0.2584817707538605
9440,0.2584531903266907
9441,0.25842463970184326
9442,0.25839659571647644
9443,0.25836870074272156
9444,0.25834083557128906
9445,0.258312463760376
9446,0.2582840323448181
9447,0.25825589895248413
9448,0.25822800397872925
9449,0.2582003176212311
9450,0.2581721842288971
9451,0.25814396142959595
9452,0.2581160068511963
9453,0.25808820128440857
9454,0.2580604553222656
9455,0.25803256034851074
9456,0.2580045163631439
9457,0.25797683000564575
9458,0.2579491436481476
9459,0.2579215466976166
9460,0.2578936815261841
9461,0.2578657865524292
9462,0.2578381896018982
9463,0.2578105926513672
9464,0.2577832043170929
9465,0.25775542855262756
9466,0.2577277421951294
9467,0.25770020484924316
9468,0.25767284631729126
9469,0.25764575600624084
9470,0.25761860609054565
9471,0.2575916647911072
9472,0.25756555795669556
9473,0.2575407326221466
9474,0.2575185000896454
9475,0.25750070810317993
9476,0.2574922740459442
9477,0.2575024664402008
9478,0.25755050778388977
9479,0.25767579674720764
9480,0.2579559087753296
9481,0.2585602402687073
9482,0.25985512137413025
9483,0.2626228928565979
9484,0.268527090549469
9485,0.28097784519195557
9486,0.3069763779640198
9487,0.3603508472442627
9488,0.4604794383049011
9489,0.6203039884567261
9490,0.7786141037940979
9491,0.783180832862854
9492,0.5354036092758179
9493,0.2859579622745514
9494,0.32790592312812805
9495,0.5313792824745178
9496,0.5754517316818237
9497,0.3997254967689514
9498,0.2671637535095215
9499,0.3518925607204437
9500,0.4342477023601532
9501,0.3491581976413727
9502,0.2638850808143616
9503,0.3126484751701355
9504,0.37090152502059937
9505,0.31584227085113525
9506,0.2623862326145172
9507,0.3055053949356079
9508,0.33353391289711
9509,0.2872353196144104
9510,0.2604542374610901
9511,0.29695138335227966
9512,0.310228556394577
9513,0.2731446623802185
9514,0.2631680965423584
9515,0.29151105880737305
9516,0.2925345301628113
9517,0.26503002643585205
9518,0.26370060443878174
9519,0.2824231684207916
9520,0.2779882252216339
9521,0.2604081630706787
9522,0.2643544375896454
9523,0.27570411562919617
9524,0.26827728748321533
9525,0.2582171559333801
9526,0.26311391592025757
9527,0.2684973180294037
9528,0.2623033821582794
9529,0.2580548822879791
9530,0.26245996356010437
9531,0.26350274682044983
9532,0.25903549790382385
9533,0.25825196504592896
9534,0.26135408878326416
9535,0.2605232298374176
9536,0.2576095163822174
9537,0.2585378587245941
9538,0.2603951692581177
9539,0.25901252031326294
9540,0.2571774423122406
9541,0.25844448804855347
9542,0.259607195854187
9543,0.2581952214241028
9544,0.2571137249469757
9545,0.2581554055213928
9546,0.2589109539985657
9547,0.25773486495018005
9548,0.256953626871109
9549,0.25775146484375
9550,0.25824663043022156
9551,0.25739210844039917
9552,0.2567022442817688
9553,0.2572364807128906
9554,0.2576766610145569
9555,0.2571508288383484
9556,0.25655248761177063
9557,0.256719708442688
9558,0.2570820748806
9559,0.2568802833557129
9560,0.2564797103404999
9561,0.2564214766025543
9562,0.25658291578292847
9563,0.2565471827983856
9564,0.2563556730747223
9565,0.25627708435058594
9566,0.2562824487686157
9567,0.2562486231327057
9568,0.2561640739440918
9569,0.2561347782611847
9570,0.2561194896697998
9571,0.2560502290725708
9572,0.25598543882369995
9573,0.25596821308135986
9574,0.2559789717197418
9575,0.2559252679347992
9576,0.2558484375476837
9577,0.25582394003868103
9578,0.2558255195617676
9579,0.2558095157146454
9580,0.25574570894241333
9581,0.2557009756565094
9582,0.25569048523902893
9583,0.25567060708999634
9584,0.2556404173374176
9585,0.2555970847606659
9586,0.2555707097053528
9587,0.25554388761520386
9588,0.25550398230552673
9589,0.2554805278778076
9590,0.2554582357406616
9591,0.25543248653411865
9592,0.25538718700408936
9593,0.25533878803253174
9594,0.2553240954875946
9595,0.2553131580352783
9596,0.25528377294540405
9597,0.2552298307418823
9598,0.25518131256103516
9599,0.2551713287830353
9600,0.2551627457141876
9601,0.2551305890083313
9602,0.2550758719444275
9603,0.25503021478652954
9604,0.2550209164619446
9605,0.2550105154514313
9606,0.25497785210609436
9607,0.25492623448371887
9608,0.25488266348838806
9609,0.25487104058265686
9610,0.25485819578170776
9611,0.25482702255249023
9612,0.2547804117202759
9613,0.25473812222480774
9614,0.2547224760055542
9615,0.25470682978630066
9616,0.25467821955680847
9617,0.2546370029449463
9618,0.2545950710773468
9619,0.2545737624168396
9620,0.25455453991889954
9621,0.25452959537506104
9622,0.2544954717159271
9623,0.2544555962085724
9624,0.2544288635253906
9625,0.2544043958187103
9626,0.2543811500072479
9627,0.2543542683124542
9628,0.2543186843395233
9629,0.2542884647846222
9630,0.2542576789855957
9631,0.25423288345336914
9632,0.25421154499053955
9633,0.254181832075119
9634,0.2541506886482239
9635,0.2541142404079437
9636,0.25408536195755005
9637,0.2540668547153473
9638,0.2540430426597595
9639,0.25401365756988525
9640,0.25397318601608276
9641,0.25393933057785034
9642,0.25392085313796997
9643,0.2539036273956299
9644,0.2538811266422272
9645,0.2538408935070038
9646,0.2537999451160431
9647,0.2537749707698822
9648,0.2537566125392914
9649,0.25373637676239014
9650,0.2537001371383667
9651,0.25366103649139404
9652,0.2536349594593048
9653,0.2536189556121826
9654,0.25360819697380066
9655,0.25357913970947266
9656,0.2535368800163269
9657,0.2535017132759094
9658,0.25347280502319336
9659,0.2534472644329071
9660,0.25342699885368347
9661,0.2534245550632477
9662,0.25344547629356384
9663,0.2535058856010437
9664,0.25363609194755554
9665,0.2537838816642761
9666,0.25397786498069763
9667,0.2543923854827881
9668,0.2552163600921631
9669,0.256799578666687
9670,0.2597634494304657
9671,0.26529762148857117
9672,0.2760664224624634
9673,0.2963423728942871
9674,0.33535027503967285
9675,0.39502063393592834
9676,0.4901825785636902
9677,0.6183215975761414
9678,0.7656847834587097
9679,0.7908061742782593
9680,0.637566328048706
9681,0.36628884077072144
9682,0.25870653986930847
9683,0.379278302192688
9684,0.5529151558876038
9685,0.5703234672546387
9686,0.39183127880096436
9687,0.2696095407009125
9688,0.33079299330711365
9689,0.4378831386566162
9690,0.403065949678421
9691,0.2842194437980652
9692,0.2650589048862457
9693,0.3369465470314026
9694,0.3594512343406677
9695,0.28406280279159546
9696,0.2630023956298828
9697,0.33280572295188904
9698,0.36861905455589294
9699,0.3144479990005493
9700,0.25599101185798645
9701,0.30434760451316833
9702,0.3635866045951843
9703,0.33009278774261475
9704,0.26356416940689087
9705,0.2743830680847168
9706,0.35257720947265625
9707,0.35577592253685
9708,0.2840465009212494
9709,0.2580356001853943
9710,0.313921183347702
9711,0.3511953353881836
9712,0.2994198203086853
9713,0.25433504581451416
9714,0.2812216281890869
9715,0.31784293055534363
9716,0.29735615849494934
9717,0.25698262453079224
9718,0.26650750637054443
9719,0.2959447205066681
9720,0.2877594232559204
9721,0.2591744661331177
9722,0.2576734125614166
9723,0.2772553563117981
9724,0.27748560905456543
9725,0.25898659229278564
9726,0.254472553730011
9727,0.26672229170799255
9728,0.2703843414783478
9729,0.2595506012439728
9730,0.25315791368484497
9731,0.25927475094795227
9732,0.26430022716522217
9733,0.2591807544231415
9734,0.25316959619522095
9735,0.25490885972976685
9736,0.25880610942840576
9737,0.2575937509536743
9738,0.2535446882247925
9739,0.2531075179576874
9740,0.25542184710502625
9741,0.25543004274368286
9742,0.25338026881217957
9743,0.25251293182373047
9744,0.2536667585372925
9745,0.2540425956249237
9746,0.25287309288978577
9747,0.2523321509361267
9748,0.2529454827308655
9749,0.2534186542034149
9750,0.2526874244213104
9751,0.25218451023101807
9752,0.2527441680431366
9753,0.25319862365722656
9754,0.25277140736579895
9755,0.25205180048942566
9756,0.25245556235313416
9757,0.2532563805580139
9758,0.25310173630714417
9759,0.2522391676902771
9760,0.2519136965274811
9761,0.2528255879878998
9762,0.25345414876937866
9763,0.2528388500213623
9764,0.25188785791397095
9765,0.2518855035305023
9766,0.252930611371994
9767,0.25334402918815613
9768,0.25254642963409424
9769,0.25165432691574097
9770,0.2517842650413513
9771,0.2527579069137573
9772,0.25306183099746704
9773,0.2522958219051361
9774,0.2514854073524475
9775,0.2515847086906433
9776,0.2524018883705139
9777,0.2526918351650238
9778,0.2520786225795746
9779,0.25135505199432373
9780,0.2513364553451538
9781,0.251961350440979
9782,0.25228267908096313
9783,0.2518797814846039
9784,0.2512580156326294
9785,0.25109899044036865
9786,0.2515212297439575
9787,0.25187110900878906
9788,0.25168508291244507
9789,0.25118908286094666
9790,0.25091347098350525
9791,0.2511320412158966
9792,0.2514685392379761
9793,0.2514694929122925
9794,0.2511289119720459
9795,0.2507917881011963
9796,0.25082388520240784
9797,0.2510955333709717
9798,0.25122350454330444
9799,0.2510473430156708
9800,0.25071537494659424
9801,0.25060170888900757
9802,0.2507686913013458
9803,0.2509480118751526
9804,0.25091463327407837
9805,0.25064340233802795
9806,0.25044751167297363
9807,0.25050589442253113
9808,0.2506696283817291
9809,0.2507261335849762
9810,0.2505382299423218
9811,0.25032415986061096
9812,0.25030186772346497
9813,0.2504129707813263
9814,0.2504993975162506
9815,0.2503834664821625
9816,0.25019657611846924
9817,0.250139057636261
9818,0.2501976490020752
9819,0.2502708435058594
9820,0.2501959502696991
9821,0.25005099177360535
9822,0.24999463558197021
9823,0.2500225901603699
9824,0.25007036328315735
9825,0.25000953674316406
9826,0.24989818036556244
9827,0.24985627830028534
9828,0.24987387657165527
9829,0.24990370869636536
9830,0.2498432695865631
9831,0.2497502714395523
9832,0.2497214823961258
9833,0.24974003434181213
9834,0.24976390600204468
9835,0.24970020353794098
9836,0.24961042404174805
9837,0.24958525598049164
9838,0.24960575997829437
9839,0.24963214993476868
9840,0.24956923723220825
9841,0.24947582185268402
9842,0.2494450956583023
9843,0.24946144223213196
9844,0.2494901418685913
9845,0.2494346648454666
9846,0.24934278428554535
9847,0.24930503964424133
9848,0.24931104481220245
9849,0.24933457374572754
9850,0.24928757548332214
9851,0.24920572340488434
9852,0.2491680085659027
9853,0.24916638433933258
9854,0.2491815686225891
9855,0.2491379678249359
9856,0.24906624853610992
9857,0.24903325736522675
9858,0.24903029203414917
9859,0.24904201924800873
9860,0.24899901449680328
9861,0.2489304542541504
9862,0.24889802932739258
9863,0.2488933950662613
9864,0.24890369176864624
9865,0.24886292219161987
9866,0.24879662692546844
9867,0.24876262247562408
9868,0.24875344336032867
9869,0.2487596720457077
9870,0.24872228503227234
9871,0.24866175651550293
9872,0.24862872064113617
9873,0.24861660599708557
9874,0.2486187219619751
9875,0.24858397245407104
9876,0.24853162467479706
9877,0.24850648641586304
9878,0.2485044151544571
9879,0.2485242784023285
9880,0.24852411448955536
9881,0.24853436648845673
9882,0.24862858653068542
9883,0.24886243045330048
9884,0.2493574470281601
9885,0.2503228485584259
9886,0.25229620933532715
9887,0.2564031481742859
9888,0.2649020254611969
9889,0.28224432468414307
9890,0.31654319167137146
9891,0.38040006160736084
9892,0.48810210824012756
9893,0.6233123540878296
9894,0.7077478766441345
9895,0.6119371652603149
9896,0.3803616166114807
9897,0.2523181736469269
9898,0.34800148010253906
9899,0.5012473464012146
9900,0.5017919540405273
9901,0.3503580689430237
9902,0.2570619285106659
9903,0.3305502235889435
9904,0.40722307562828064
9905,0.34904277324676514
9906,0.2593604326248169
9907,0.27400070428848267
9908,0.3353102207183838
9909,0.3180147707462311
9910,0.2572392225265503
9911,0.2669760286808014
9912,0.31244128942489624
9913,0.30058953166007996
9914,0.25644055008888245
9915,0.25785505771636963
9916,0.2896939516067505
9917,0.28328922390937805
9918,0.25344982743263245
9919,0.2558285892009735
9920,0.2776469588279724
9921,0.27392375469207764
9922,0.25291627645492554
9923,0.2531018555164337
9924,0.26724252104759216
9925,0.2644805312156677
9926,0.2510356307029724
9927,0.2515394687652588
9928,0.2608528137207031
9929,0.2588786482810974
9930,0.25005286931991577
9931,0.25033438205718994
9932,0.2562556564807892
9933,0.2550271153450012
9934,0.24940940737724304
9935,0.2494540810585022
9936,0.25292617082595825
9937,0.2522142827510834
9938,0.24892474710941315
9939,0.24910518527030945
9940,0.25114983320236206
9941,0.2504112422466278
9942,0.24835237860679626
9943,0.2485678493976593
9944,0.2500831186771393
9945,0.24961154162883759
9946,0.24803344905376434
9947,0.24808137118816376
9948,0.24916121363639832
9949,0.24915114045143127
9950,0.24807514250278473
9951,0.2478318065404892
9952,0.24848830699920654
9953,0.2485695630311966
9954,0.24796591699123383
9955,0.24768631160259247
9956,0.24807262420654297
9957,0.2482251673936844
9958,0.24778038263320923
9959,0.2474871277809143
9960,0.24770288169384003
9961,0.24793367087841034
9962,0.2476891577243805
9963,0.24733157455921173
9964,0.24738939106464386
9965,0.2476198524236679
9966,0.2475629299879074
9967,0.24725928902626038
9968,0.24714824557304382
9969,0.24733242392539978
9970,0.24740172922611237
9971,0.24720078706741333
9972,0.24699516594409943
9973,0.2470254749059677
9974,0.2471843659877777
9975,0.2471465915441513
9976,0.24693499505519867
9977,0.24681277573108673
9978,0.24687054753303528
9979,0.24697507917881012
9980,0.24690604209899902
9981,0.24673348665237427
9982,0.2466588318347931
9983,0.24670149385929108
9984,0.2467590719461441
9985,0.24668891727924347
9986,0.24656088650226593
9987,0.24651281535625458
9988,0.24653847515583038
9989,0.24657191336154938
9990,0.24650825560092926
9991,0.24640531837940216
9992,0.2463669627904892
9993,0.2463824301958084
9994,0.2464085817337036
9995,0.2463521957397461
9996,0.24626000225543976
9997,0.2462206333875656
9998,0.24622505903244019
9999,0.24624556303024292
10000,0.24619850516319275
10001,0.24611684679985046
10002,0.24607647955417633
10003,0.24607115983963013
10004,0.24608410894870758
10005,0.24604269862174988
10006,0.24597233533859253
10007,0.2459355741739273
10008,0.24592722952365875
10009,0.2459365725517273
10010,0.2458973377943039
10011,0.24583177268505096
10012,0.24579577147960663
10013,0.24578417837619781
10014,0.24579060077667236
10015,0.24575428664684296
10016,0.24569286406040192
10017,0.24565662443637848
10018,0.2456401139497757
10019,0.24563978612422943
10020,0.24560478329658508
10021,0.24555085599422455
10022,0.2455196976661682
10023,0.2455054521560669
10024,0.24550622701644897
10025,0.24547190964221954
10026,0.2454162985086441
10027,0.24538105726242065
10028,0.24535943567752838
10029,0.24534936249256134
10030,0.24531523883342743
10031,0.245271697640419
10032,0.24524851143360138
10033,0.2452409863471985
10034,0.2452501803636551
10035,0.2452220469713211
10036,0.24516378343105316
10037,0.24512150883674622
10038,0.2450871616601944
10039,0.24505653977394104
10040,0.24504266679286957
10041,0.24508163332939148
10042,0.24518412351608276
10043,0.24538841843605042
10044,0.24577081203460693
10045,0.24618743360042572
10046,0.24669557809829712
10047,0.24776415526866913
10048,0.24982978403568268
10049,0.25380977988243103
10050,0.26113414764404297
10051,0.27501988410949707
10052,0.30065351724624634
10053,0.34890037775039673
10054,0.4300912618637085
10055,0.5449656248092651
10056,0.6549035310745239
10057,0.7423597574234009
10058,0.6691910028457642
10059,0.4730375409126282
10060,0.28467047214508057
10061,0.26044052839279175
10062,0.37514936923980713
10063,0.4887031316757202
10064,0.4941830635070801
10065,0.36312973499298096
10066,0.2587815225124359
10067,0.29606592655181885
10068,0.3946813642978668
10069,0.42007845640182495
10070,0.330565869808197
10071,0.2528294622898102
10072,0.275875449180603
10073,0.33209797739982605
10074,0.32717832922935486
10075,0.26828253269195557
10076,0.2494581639766693
10077,0.28753551840782166
10078,0.31531381607055664
10079,0.29170575737953186
10080,0.25038942694664
10081,0.261197030544281
10082,0.3008687198162079
10083,0.3038599193096161
10084,0.2690938115119934
10085,0.24586959183216095
10086,0.2696040868759155
10087,0.29457736015319824
10088,0.27851402759552
10089,0.25018391013145447
10090,0.2507683038711548
10091,0.27744531631469727
10092,0.28547653555870056
10093,0.26267778873443604
10094,0.24558569490909576
10095,0.2570030391216278
10096,0.27564889192581177
10097,0.2710064649581909
10098,0.2512494623661041
10099,0.24560189247131348
10100,0.2578272819519043
10101,0.2654433250427246
10102,0.25662845373153687
10103,0.24562086164951324
10104,0.24726267158985138
10105,0.2554410994052887
10106,0.25623324513435364
10107,0.2492041438817978
10108,0.24449649453163147
10109,0.24738270044326782
10110,0.2512330710887909
10111,0.24957527220249176
10112,0.24550770223140717
10113,0.24436041712760925
10114,0.24666975438594818
10115,0.24766288697719574
10116,0.24571126699447632
10117,0.24413765966892242
10118,0.24464084208011627
10119,0.24595248699188232
10120,0.2455362230539322
10121,0.24418316781520844
10122,0.24406005442142487
10123,0.24491168558597565
10124,0.24535499513149261
10125,0.24441732466220856
10126,0.24378037452697754
10127,0.2444501519203186
10128,0.2452278882265091
10129,0.24501095712184906
10130,0.24386294186115265
10131,0.24383042752742767
10132,0.24498727917671204
10133,0.24561060965061188
10134,0.2449297457933426
10135,0.2436153143644333
10136,0.24388402700424194
10137,0.24535565078258514
10138,0.24599052965641022
10139,0.24506498873233795
10140,0.24349603056907654
10141,0.2437576800584793
10142,0.24545978009700775
10143,0.24632209539413452
10144,0.24538806080818176
10145,0.24350294470787048
10146,0.24347543716430664
10147,0.24527166783809662
10148,0.2465188056230545
10149,0.245852530002594
10150,0.2436913251876831
10151,0.24312648177146912
10152,0.24479253590106964
10153,0.2464345097541809
10154,0.24626560509204865
10155,0.24402476847171783
10156,0.2428516149520874
10157,0.2441401481628418
10158,0.24601039290428162
10159,0.24643467366695404
10160,0.24437165260314941
10161,0.24271735548973083
10162,0.24349334836006165
10163,0.2453412264585495
10164,0.2462620586156845
10165,0.24456597864627838
10166,0.24268224835395813
10167,0.2429753690958023
10168,0.24458707869052887
10169,0.24577732384204865
10170,0.24449920654296875
10171,0.24264661967754364
10172,0.24261726438999176
10173,0.2439078986644745
10174,0.24512825906276703
10175,0.24418573081493378
10176,0.24253568053245544
10177,0.24238520860671997
10178,0.2434043288230896
10179,0.2445133626461029
10180,0.2437659054994583
10181,0.2423558533191681
10182,0.2422271966934204
10183,0.24309177696704865
10184,0.24407945573329926
10185,0.243412584066391
10186,0.24217137694358826
10187,0.2420964539051056
10188,0.24289600551128387
10189,0.24382135272026062
10190,0.24319010972976685
10191,0.24202165007591248
10192,0.24195437133312225
10193,0.24270841479301453
10194,0.2436217963695526
10195,0.24304386973381042
10196,0.24190422892570496
10197,0.2417886108160019
10198,0.24246035516262054
10199,0.243354931473732
10200,0.24286451935768127
10201,0.24178646504878998
10202,0.24162374436855316
10203,0.2421855479478836
10204,0.24301546812057495
10205,0.24261021614074707
10206,0.24164092540740967
10207,0.24147643148899078
10208,0.24194949865341187
10209,0.24269719421863556
10210,0.24234417080879211
10211,0.24148130416870117
10212,0.2413410246372223
10213,0.24176350235939026
10214,0.2424529641866684
10215,0.24213287234306335
10216,0.24133774638175964
10217,0.24120217561721802
10218,0.24157604575157166
10219,0.24221910536289215
10220,0.2419385462999344
10221,0.24120303988456726
10222,0.24106033146381378
10223,0.24137330055236816
10224,0.2419542819261551
10225,0.24171316623687744
10226,0.2410554438829422
10227,0.2409248948097229
10228,0.24119414389133453
10229,0.24171856045722961
10230,0.24150432646274567
10231,0.240910604596138
10232,0.24079065024852753
10233,0.24102430045604706
10234,0.24150171875953674
10235,0.2413121610879898
10236,0.24077177047729492
10237,0.24065569043159485
10238,0.24085131287574768
10239,0.24127799272537231
10240,0.24111191928386688
10241,0.24062980711460114
10242,0.2405269294977188
10243,0.24069839715957642
10244,0.24108827114105225
10245,0.24094882607460022
10246,0.24052706360816956
10247,0.24045786261558533
10248,0.2406558096408844
10249,0.24110959470272064
10250,0.2411922663450241
10251,0.24121107161045074
10252,0.2419312298297882
10253,0.2436613291501999
10254,0.2471998631954193
10255,0.25354498624801636
10256,0.2661450505256653
10257,0.2916632294654846
10258,0.34067678451538086
10259,0.4245876967906952
10260,0.5416558980941772
10261,0.6370912194252014
10262,0.6186428070068359
10263,0.4440005421638489
10264,0.26926106214523315
10265,0.2686673104763031
10266,0.3982613682746887
10267,0.48199188709259033
10268,0.4184190034866333
10269,0.287044495344162
10270,0.2567405700683594
10271,0.33591341972351074
10272,0.3784099817276001
10273,0.31838634610176086
10274,0.2509547173976898
10275,0.2658928334712982
10276,0.3083336651325226
10277,0.29256370663642883
10278,0.2502796947956085
10279,0.2550704777240753
10280,0.28438499569892883
10281,0.2792090177536011
10282,0.25063079595565796
10283,0.24642643332481384
10284,0.2667573094367981
10285,0.2680330276489258
10286,0.24842673540115356
10287,0.24262908101081848
10288,0.2558446228504181
10289,0.2623293399810791
10290,0.24944190680980682
10291,0.24117794632911682
10292,0.24981172382831573
10293,0.2568766176700592
10294,0.2516080439090729
10295,0.2435384839773178
10296,0.24576248228549957
10297,0.25079119205474854
10298,0.24850143492221832
10299,0.24543043971061707
10300,0.24634315073490143
10301,0.24825632572174072
10302,0.24612244963645935
10303,0.24338792264461517
10304,0.24592278897762299
10305,0.24804028868675232
10306,0.24551722407341003
10307,0.24185645580291748
10308,0.24258078634738922
10309,0.24722820520401
10310,0.2473190724849701
10311,0.2426033765077591
10312,0.24005065858364105
10313,0.24245192110538483
10314,0.24639256298542023
10315,0.2451614886522293
10316,0.24089515209197998
10317,0.23972052335739136
10318,0.24190275371074677
10319,0.2443280667066574
10320,0.24283483624458313
10321,0.23993080854415894
10322,0.23973289132118225
10323,0.24152332544326782
10324,0.24322707951068878
10325,0.24180446565151215
10326,0.2395576536655426
10327,0.2396582067012787
10328,0.24124027788639069
10329,0.2428773194551468
10330,0.2416747361421585
10331,0.23951473832130432
10332,0.23935876786708832
10333,0.24058789014816284
10334,0.24222423136234283
10335,0.24137763679027557
10336,0.23941607773303986
10337,0.2390785962343216
10338,0.2399696558713913
10339,0.24140597879886627
10340,0.24076583981513977
10341,0.23915354907512665
10342,0.23892201483249664
10343,0.2397448867559433
10344,0.2411060631275177
10345,0.24051792919635773
10346,0.2390047013759613
10347,0.23876938223838806
10348,0.23952338099479675
10349,0.24085386097431183
10350,0.2403627336025238
10351,0.2389230579137802
10352,0.23860877752304077
10353,0.23916900157928467
10354,0.24030964076519012
10355,0.23991155624389648
10356,0.23871725797653198
10357,0.23850761353969574
10358,0.23903921246528625
10359,0.24010266363620758
10360,0.23971979320049286
10361,0.2385958880186081
10362,0.2383837252855301
10363,0.23883125185966492
10364,0.2397933006286621
10365,0.23946374654769897
10366,0.23845405876636505
10367,0.23825734853744507
10368,0.2386144995689392
10369,0.23942631483078003
10370,0.23911188542842865
10371,0.23824754357337952
10372,0.23814144730567932
10373,0.23852500319480896
10374,0.23932237923145294
10375,0.23901672661304474
10376,0.23814228177070618
10377,0.23797279596328735
10378,0.2382272481918335
10379,0.2388196587562561
10380,0.23851631581783295
10381,0.23784972727298737
10382,0.23787076771259308
10383,0.23834721744060516
10384,0.23923923075199127
10385,0.23903432488441467
10386,0.2381005585193634
10387,0.23773473501205444
10388,0.23766009509563446
10389,0.23772941529750824
10390,0.23758596181869507
10391,0.23800982534885406
10392,0.23952381312847137
10393,0.24247600138187408
10394,0.24771153926849365
10395,0.25188443064689636
10396,0.2548729181289673
10397,0.2624552547931671
10398,0.276804119348526
10399,0.3034782409667969
10400,0.35278111696243286
10401,0.44080978631973267
10402,0.5568637847900391
10403,0.6923059225082397
10404,0.7269701957702637
10405,0.5924996733665466
10406,0.34148451685905457
10407,0.24149811267852783
10408,0.3444524109363556
10409,0.5054426789283752
10410,0.5216045379638672
10411,0.3578774929046631
10412,0.2513655424118042
10413,0.30643364787101746
10414,0.40942585468292236
10415,0.3789602220058441
10416,0.2651773691177368
10417,0.24793587625026703
10418,0.3153153359889984
10419,0.3379848003387451
10420,0.26532691717147827
10421,0.24727576971054077
10422,0.31990349292755127
10423,0.3621008098125458
10424,0.3106779158115387
10425,0.24215522408485413
10426,0.2960638403892517
10427,0.37472572922706604
10428,0.34860143065452576
10429,0.2610827386379242
10430,0.2530449330806732
10431,0.35657167434692383
10432,0.3795933723449707
10433,0.2885352671146393
10434,0.2398642599582672
10435,0.31369826197624207
10436,0.3875434696674347
10437,0.32179492712020874
10438,0.24207119643688202
10439,0.2723032236099243
10440,0.3363323509693146
10441,0.31610339879989624
10442,0.24724064767360687
10443,0.2535396218299866
10444,0.3020802140235901
10445,0.2946675717830658
10446,0.24887508153915405
10447,0.24409061670303345
10448,0.276189386844635
10449,0.27711617946624756
10450,0.24723324179649353
10451,0.2394043356180191
10452,0.2582803964614868
10453,0.262535959482193
10454,0.24513135850429535
10455,0.2378908097743988
10456,0.24749714136123657
10457,0.25217756628990173
10458,0.24334684014320374
10459,0.23738902807235718
10460,0.24169786274433136
10461,0.2441047728061676
10462,0.24027618765830994
10463,0.23720142245292664
10464,0.2393244355916977
10465,0.24058601260185242
10466,0.2381497472524643
10467,0.23705731332302094
10468,0.23851481080055237
10469,0.23932772874832153
10470,0.23752012848854065
10471,0.23707856237888336
10472,0.23885095119476318
10473,0.23927100002765656
10474,0.23762516677379608
10475,0.2367686927318573
10476,0.23891590535640717
10477,0.24013134837150574
10478,0.2383524626493454
10479,0.23657719790935516
10480,0.23762200772762299
10481,0.240077942609787
10482,0.23960906267166138
10483,0.23715296387672424
10484,0.23647455871105194
10485,0.2383115589618683
10486,0.23976832628250122
10487,0.2383655160665512
10488,0.2364283800125122
10489,0.23661978542804718
10490,0.23821084201335907
10491,0.2386552393436432
10492,0.23721008002758026
10493,0.23608171939849854
10494,0.23660346865653992
10495,0.23759984970092773
10496,0.2374706119298935
10497,0.2364090234041214
10498,0.23591336607933044
10499,0.23641535639762878
10500,0.23688904941082
10501,0.2365674376487732
10502,0.23593264818191528
10503,0.2357911765575409
10504,0.23614144325256348
10505,0.2362849861383438
10506,0.23597224056720734
10507,0.23565393686294556
10508,0.23566877841949463
10509,0.23586627840995789
10510,0.23583975434303284
10511,0.23560357093811035
10512,0.23547935485839844
10513,0.23554392158985138
10514,0.235630065202713
10515,0.2355312705039978
10516,0.23537443578243256
10517,0.23535417020320892
10518,0.23542149364948273
10519,0.23543579876422882
10520,0.23530973494052887
10521,0.2352132797241211
10522,0.23524871468544006
10523,0.23530714213848114
10524,0.23527686297893524
10525,0.2351367026567459
10526,0.23507621884346008
10527,0.23514476418495178
10528,0.23520170152187347
10529,0.23514792323112488
10530,0.23499055206775665
10531,0.23493845760822296
10532,0.2350275218486786
10533,0.23509812355041504
10534,0.2350429743528366
10535,0.23486393690109253
10536,0.23479264974594116
10537,0.23488734662532806
10538,0.23498405516147614
10539,0.2349521815776825
10540,0.2347574681043625
10541,0.23464444279670715
10542,0.23472091555595398
10543,0.23484160006046295
10544,0.23485402762889862
10545,0.23466476798057556
10546,0.23450621962547302
10547,0.2345413863658905
10548,0.2346654087305069
10549,0.23472438752651215
10550,0.23456624150276184
10551,0.2343815118074417
10552,0.23436759412288666
10553,0.23446738719940186
10554,0.2345515489578247
10555,0.23443731665611267
10556,0.23425878584384918
10557,0.2342117428779602
10558,0.23427344858646393
10559,0.23435242474079132
10560,0.23427340388298035
10561,0.2341238260269165
10562,0.2340705841779709
10563,0.23410338163375854
10564,0.2341613620519638
10565,0.23409807682037354
10566,0.23397882282733917
10567,0.23393632471561432
10568,0.2339581847190857
10569,0.2339998334646225
10570,0.2339387983083725
10571,0.23383687436580658
10572,0.23380473256111145
10573,0.233826145529747
10574,0.233862966299057
10575,0.23380139470100403
10576,0.23370274901390076
10577,0.233671173453331
10578,0.2336907535791397
10579,0.23372845351696014
10580,0.23367194831371307
10581,0.2335737943649292
10582,0.23353515565395355
10583,0.23354408144950867
10584,0.2335759699344635
10585,0.23352810740470886
10586,0.23344062268733978
10587,0.2334020435810089
10588,0.23340272903442383
10589,0.23342502117156982
10590,0.23338103294372559
10591,0.233304962515831
10592,0.23327188193798065
10593,0.2332717925310135
10594,0.23329170048236847
10595,0.23325055837631226
10596,0.2331802248954773
10597,0.2331508994102478
10598,0.23315489292144775
10599,0.23318585753440857
10600,0.23317819833755493
10601,0.23317267000675201
10602,0.2332589328289032
10603,0.23348672688007355
10604,0.2339685708284378
10605,0.23486527800559998
10606,0.23668718338012695
10607,0.2405426949262619
10608,0.24854609370231628
10609,0.2650521397590637
10610,0.29739516973495483
10611,0.357668399810791
10612,0.4535026550292969
10613,0.5655064582824707
10614,0.6070044040679932
10615,0.49937552213668823
10616,0.3110940456390381
10617,0.23774701356887817
10618,0.3344036340713501
10619,0.45018935203552246
10620,0.4349367618560791
10621,0.3085249662399292
10622,0.23997342586517334
10623,0.3022070527076721
10624,0.3674502372741699
10625,0.3275447487831116
10626,0.247971311211586
10627,0.2465849369764328
10628,0.29849231243133545
10629,0.29746007919311523
10630,0.2474323809146881
10631,0.2391965389251709
10632,0.2750910520553589
10633,0.2828018367290497
10634,0.250137060880661
10635,0.2355014532804489
10636,0.25801002979278564
10637,0.2683824598789215
10638,0.24789853394031525
10639,0.2341163605451584
10640,0.24666260182857513
10641,0.25769931077957153
10642,0.24585846066474915
10643,0.23409807682037354
10644,0.2413017600774765
10645,0.24984358251094818
10646,0.24324539303779602
10647,0.23407067358493805
10648,0.23752878606319427
10649,0.24398544430732727
10650,0.2402382642030716
10651,0.23367345333099365
10652,0.23532982170581818
10653,0.24032045900821686
10654,0.23902779817581177
10655,0.2339753359556198
10656,0.23351825773715973
10657,0.23687955737113953
10658,0.2374134361743927
10659,0.23472777009010315
10660,0.23327988386154175
10661,0.23447063565254211
10662,0.2353144735097885
10663,0.23432967066764832
10664,0.23365384340286255
10665,0.2339794933795929
10666,0.23404212296009064
10667,0.23337385058403015
10668,0.2330135554075241
10669,0.23368628323078156
10670,0.23387151956558228
10671,0.233029305934906
10672,0.2323942929506302
10673,0.23271843791007996
10674,0.2334730625152588
10675,0.23324109613895416
10676,0.2323792725801468
10677,0.23213782906532288
10678,0.23257729411125183
10679,0.23301532864570618
10680,0.2326292097568512
10681,0.23205189406871796
10682,0.23207905888557434
10683,0.23242050409317017
10684,0.23261120915412903
10685,0.23224793374538422
10686,0.2319006770849228
10687,0.23200367391109467
10688,0.23223848640918732
10689,0.23237080872058868
10690,0.2320810705423355
10691,0.23179584741592407
10692,0.23185543715953827
10693,0.2320312261581421
10694,0.23219142854213715
10695,0.23197469115257263
10696,0.2316887527704239
10697,0.23167206346988678
10698,0.2317873239517212
10699,0.2319634109735489
10700,0.23181410133838654
10701,0.23154820501804352
10702,0.23149573802947998
10703,0.23157131671905518
10704,0.2317296862602234
10705,0.23160922527313232
10706,0.23137956857681274
10707,0.23133735358715057
10708,0.23140941560268402
10709,0.2315574735403061
10710,0.23143897950649261
10711,0.23121847212314606
10712,0.23118312656879425
10713,0.2312619686126709
10714,0.2314126342535019
10715,0.23129715025424957
10716,0.23107212781906128
10717,0.23102614283561707
10718,0.23109184205532074
10719,0.23122794926166534
10720,0.23112288117408752
10721,0.23091626167297363
10722,0.23087583482265472
10723,0.2309381365776062
10724,0.23106196522712708
10725,0.23096013069152832
10726,0.2307649403810501
10727,0.23072825372219086
10728,0.23079252243041992
10729,0.23091702163219452
10730,0.23082318902015686
10731,0.23062941431999207
10732,0.230580672621727
10733,0.23063026368618011
10734,0.23074324429035187
10735,0.23066376149654388
10736,0.2304903119802475
10737,0.23044300079345703
10738,0.23048639297485352
10739,0.23059684038162231
10740,0.23052993416786194
10741,0.230366051197052
10742,0.23030897974967957
10743,0.23032957315444946
10744,0.23041453957557678
10745,0.23035672307014465
10746,0.23022396862506866
10747,0.23018449544906616
10748,0.23021326959133148
10749,0.23030778765678406
10750,0.23025786876678467
10751,0.23011571168899536
10752,0.23005175590515137
10753,0.230034738779068
10754,0.23005568981170654
10755,0.23000141978263855
10756,0.22994932532310486
10757,0.22999872267246246
10758,0.23015272617340088
10759,0.23046272993087769
10760,0.2305949628353119
10761,0.23054589331150055
10762,0.2306881844997406
10763,0.2310972362756729
10764,0.23196518421173096
10765,0.23430252075195312
10766,0.23959705233573914
10767,0.25001704692840576
10768,0.2700120806694031
10769,0.3093756437301636
10770,0.36719033122062683
10771,0.45703446865081787
10772,0.5755001306533813
10773,0.7077878713607788
10774,0.7122477293014526
10775,0.5620044469833374
10776,0.3204420506954193
10777,0.23583564162254333
10778,0.35100436210632324
10779,0.5047655701637268
10780,0.5207874774932861
10781,0.3572259843349457
10782,0.2441822588443756
10783,0.3037581741809845
10784,0.41090404987335205
10785,0.38557350635528564
10786,0.2657492458820343
10787,0.23910705745220184
10788,0.3067883849143982
10789,0.32829636335372925
10790,0.2595767378807068
10791,0.23673918843269348
10792,0.29633140563964844
10793,0.3314984440803528
10794,0.2860756516456604
10795,0.23410815000534058
10796,0.277188241481781
10797,0.33165979385375977
10798,0.30527186393737793
10799,0.24242156744003296
10800,0.24478057026863098
10801,0.31253230571746826
10802,0.3158589005470276
10803,0.2538437843322754
10804,0.23345082998275757
10805,0.2829194664955139
10806,0.31621792912483215
10807,0.2716250717639923
10808,0.23148013651371002
10809,0.2544087767601013
10810,0.28605416417121887
10811,0.269164115190506
10812,0.23398888111114502
10813,0.23954015970230103
10814,0.26472771167755127
10815,0.25962868332862854
10816,0.23547278344631195
10817,0.23325634002685547
10818,0.2502415180206299
10819,0.2523352801799774
10820,0.2363312542438507
10821,0.23034946620464325
10822,0.24050964415073395
10823,0.24514083564281464
10824,0.2363324910402298
10825,0.22969619929790497
10826,0.23475027084350586
10827,0.2402365654706955
10828,0.2362588346004486
10829,0.23012270033359528
10830,0.23109567165374756
10831,0.23535728454589844
10832,0.23492655158042908
10833,0.23074258863925934
10834,0.2295343428850174
10835,0.23190592229366302
10836,0.23269107937812805
10837,0.23068004846572876
10838,0.22919724881649017
10839,0.2301664501428604
10840,0.23107269406318665
10841,0.23012863099575043
10842,0.2291177660226822
10843,0.22938810288906097
10844,0.2301206886768341
10845,0.22974827885627747
10846,0.22899462282657623
10847,0.22913458943367004
10848,0.2296675592660904
10849,0.22963398694992065
10850,0.228960320353508
10851,0.22891993820667267
10852,0.2295299768447876
10853,0.2296903431415558
10854,0.22914180159568787
10855,0.22865672409534454
10856,0.2291572093963623
10857,0.22977858781814575
10858,0.22952625155448914
10859,0.2287820428609848
10860,0.22856195271015167
10861,0.22929982841014862
10862,0.22979730367660522
10863,0.229324072599411
10864,0.22855056822299957
10865,0.22846999764442444
10866,0.2292388528585434
10867,0.22964879870414734
10868,0.22913238406181335
10869,0.2283904105424881
10870,0.22831906378269196
10871,0.22900471091270447
10872,0.2293941080570221
10873,0.22896601259708405
10874,0.22827975451946259
10875,0.22812563180923462
10876,0.22866901755332947
10877,0.22908233106136322
10878,0.22881844639778137
10879,0.22821354866027832
10880,0.22793929278850555
10881,0.22830131649971008
10882,0.22873248159885406
10883,0.22866550087928772
10884,0.22818666696548462
10885,0.22780348360538483
10886,0.2279582917690277
10887,0.22836171090602875
10888,0.22847560048103333
10889,0.22816818952560425
10890,0.22773456573486328
10891,0.22768600285053253
10892,0.22799712419509888
10893,0.22823010385036469
10894,0.2281126081943512
10895,0.22770637273788452
10896,0.2274993360042572
10897,0.2276737242937088
10898,0.22793926298618317
10899,0.22798305749893188
10900,0.22766797244548798
10901,0.22737909853458405
10902,0.22741572558879852
10903,0.22763460874557495
10904,0.22776859998703003
10905,0.227566659450531
10906,0.22727985680103302
10907,0.22722698748111725
10908,0.22736380994319916
10909,0.22750771045684814
10910,0.22739222645759583
10911,0.22715982794761658
10912,0.22708085179328918
10913,0.22715044021606445
10914,0.2272583693265915
10915,0.22718365490436554
10916,0.22701315581798553
10917,0.2269502729177475
10918,0.2269890159368515
10919,0.22705930471420288
10920,0.22699236869812012
10921,0.2268635332584381
10922,0.2268258035182953
10923,0.22686117887496948
10924,0.2269134372472763
10925,0.22684156894683838
10926,0.2267274111509323
10927,0.22670313715934753
10928,0.22674360871315002
10929,0.22679679095745087
10930,0.22672230005264282
10931,0.2266031801700592
10932,0.22657322883605957
10933,0.22661015391349792
10934,0.22666800022125244
10935,0.22660385072231293
10936,0.22648435831069946
10937,0.22644145786762238
10938,0.22646132111549377
10939,0.22651100158691406
10940,0.22646203637123108
10941,0.2263614535331726
10942,0.22632266581058502
10943,0.2263353317975998
10944,0.2263786792755127
10945,0.2263530045747757
10946,0.22630798816680908
10947,0.22635020315647125
10948,0.22649915516376495
10949,0.22680099308490753
10950,0.22726118564605713
10951,0.22815191745758057
10952,0.23006224632263184
10953,0.23398034274578094
10954,0.24186888337135315
10955,0.2574831247329712
10956,0.2875198721885681
10957,0.3426074981689453
10958,0.4281662404537201
10959,0.5263904333114624
10960,0.5609800815582275
10961,0.4672152101993561
10962,0.3025473952293396
10963,0.22885262966156006
10964,0.30305054783821106
10965,0.40631014108657837
10966,0.409768283367157
10967,0.31139519810676575
10968,0.233660027384758
10969,0.2653746008872986
10970,0.33204472064971924
10971,0.3265734612941742
10972,0.2601524591445923
10973,0.22826571762561798
10974,0.2614801228046417
10975,0.28508734703063965
10976,0.25678420066833496
10977,0.22825907170772552
10978,0.2398935705423355
10979,0.2624511122703552
10980,0.25413936376571655
10981,0.2312278300523758
10982,0.2317269742488861
10983,0.24823057651519775
10984,0.24909727275371552
10985,0.2327222228050232
10986,0.227603942155838
10987,0.23885470628738403
10988,0.2431541383266449
10989,0.2330455631017685
10990,0.22637313604354858
10991,0.23358093202114105
10992,0.2398039698600769
10993,0.2343064397573471
10994,0.22710609436035156
10995,0.2291906177997589
10996,0.23533904552459717
10997,0.23414771258831024
10998,0.22828231751918793
10999,0.22732268273830414
11000,0.23137348890304565
11001,0.23273636400699615
11002,0.2289087474346161
11003,0.22656826674938202
11004,0.22889956831932068
11005,0.23106476664543152
11006,0.22933650016784668
11007,0.22643999755382538
11008,0.2267187535762787
11009,0.2289971560239792
11010,0.22922390699386597
11011,0.22706128656864166
11012,0.2256823480129242
11013,0.22673878073692322
11014,0.22817352414131165
11015,0.22762750089168549
11016,0.22596272826194763
11017,0.22549216449260712
11018,0.22647307813167572
11019,0.2272021323442459
11020,0.22655150294303894
11021,0.22550134360790253
11022,0.22538864612579346
11023,0.22602804005146027
11024,0.2263895720243454
11025,0.2258930504322052
11026,0.22524414956569672
11027,0.2252397984266281
11028,0.22565093636512756
11029,0.22586260735988617
11030,0.22550193965435028
11031,0.22506749629974365
11032,0.22508056461811066
11033,0.22536523640155792
11034,0.22555214166641235
11035,0.2252912074327469
11036,0.22493140399456024
11037,0.22491051256656647
11038,0.2251281589269638
11039,0.2253284454345703
11040,0.22513869404792786
11041,0.22481396794319153
11042,0.22474990785121918
11043,0.22490085661411285
11044,0.22509901225566864
11045,0.22497256100177765
11046,0.22469249367713928
11047,0.22460803389549255
11048,0.22470472753047943
11049,0.22487518191337585
11050,0.22478505969047546
11051,0.22455891966819763
11052,0.22448542714118958
11053,0.22455306351184845
11054,0.2246963381767273
11055,0.22461840510368347
11056,0.22442638874053955
11057,0.22436682879924774
11058,0.2244214117527008
11059,0.22454628348350525
11060,0.224471777677536
11061,0.2242967039346695
11062,0.22424328327178955
11063,0.22428326308727264
11064,0.22438588738441467
11065,0.2243133932352066
11066,0.2241569608449936
11067,0.22411523759365082
11068,0.22415141761302948
11069,0.22423698008060455
11070,0.22416076064109802
11071,0.22401444613933563
11072,0.22398167848587036
11073,0.22402285039424896
11074,0.22410781681537628
11075,0.22403377294540405
11076,0.22388575971126556
11077,0.22384414076805115
11078,0.2238764464855194
11079,0.22395579516887665
11080,0.2238936573266983
11081,0.22375915944576263
11082,0.22371527552604675
11083,0.22373874485492706
11084,0.22381222248077393
11085,0.22376058995723724
11086,0.223638653755188
11087,0.22359240055084229
11088,0.22360213100910187
11089,0.22365938127040863
11090,0.2236126810312271
11091,0.2235085666179657
11092,0.22347107529640198
11093,0.22348062694072723
11094,0.2235339730978012
11095,0.2234899401664734
11096,0.2233884632587433
11097,0.22334538400173187
11098,0.22334015369415283
11099,0.2233687937259674
11100,0.2233247607946396
11101,0.22325094044208527
11102,0.22323539853096008
11103,0.22326600551605225
11104,0.22335374355316162
11105,0.2233402281999588
11106,0.22323685884475708
11107,0.22318148612976074
11108,0.22315222024917603
11109,0.22314384579658508
11110,0.22329890727996826
11111,0.22387069463729858
11112,0.22504881024360657
11113,0.2274368703365326
11114,0.23225031793117523
11115,0.23975281417369843
11116,0.252310186624527
11117,0.27892956137657166
11118,0.3303085267543793
11119,0.42904403805732727
11120,0.5652104616165161
11121,0.7298072576522827
11122,0.7772080898284912
11123,0.6467057466506958
11124,0.35622745752334595
11125,0.22843527793884277
11126,0.3385436534881592
11127,0.5086617469787598
11128,0.5555201768875122
11129,0.3943127989768982
11130,0.24753843247890472
11131,0.28778865933418274
11132,0.403901070356369
11133,0.4094867706298828
11134,0.290598601102829
11135,0.22780391573905945
11136,0.2780511677265167
11137,0.31406208872795105
11138,0.27000489830970764
11139,0.22734510898590088
11140,0.24544690549373627
11141,0.271892786026001
11142,0.2605498731136322
11143,0.23237279057502747
11144,0.23086051642894745
11145,0.24629077315330505
11146,0.24401699006557465
11147,0.2295691817998886
11148,0.22525538504123688
11149,0.2343883216381073
11150,0.23395377397537231
11151,0.22500626742839813
11152,0.2257944941520691
11153,0.23240137100219727
11154,0.23224729299545288
11155,0.22459815442562103
11156,0.2263050526380539
11157,0.2340088039636612
11158,0.23294934630393982
11159,0.2257978469133377
11160,0.22460781037807465
11161,0.23427534103393555
11162,0.2383708506822586
11163,0.23034809529781342
11164,0.2234768122434616
11165,0.2284475713968277
11166,0.238755464553833
11167,0.23716765642166138
11168,0.22672387957572937
11169,0.22322532534599304
11170,0.23055259883403778
11171,0.23712579905986786
11172,0.23231153190135956
11173,0.22411321103572845
11174,0.22401000559329987
11175,0.23049065470695496
11176,0.23334576189517975
11177,0.2282067835330963
11178,0.2229452282190323
11179,0.22438548505306244
11180,0.22890475392341614
11181,0.2292667031288147
11182,0.22515487670898438
11183,0.2225087583065033
11184,0.22419939935207367
11185,0.22654400765895844
11186,0.22576725482940674
11187,0.2232675403356552
11188,0.22239862382411957
11189,0.22374652326107025
11190,0.22463348507881165
11191,0.22362548112869263
11192,0.22237396240234375
11193,0.22239327430725098
11194,0.2232654094696045
11195,0.22332976758480072
11196,0.2225060760974884
11197,0.22208091616630554
11198,0.22239457070827484
11199,0.22281548380851746
11200,0.2225273847579956
11201,0.2220163196325302
11202,0.22204196453094482
11203,0.22239470481872559
11204,0.22251605987548828
11205,0.22208717465400696
11206,0.22183020412921906
11207,0.22211003303527832
11208,0.22242672741413116
11209,0.2223418802022934
11210,0.2218467742204666
11211,0.2217521220445633
11212,0.22217634320259094
11213,0.22247645258903503
11214,0.22227469086647034
11215,0.22170092165470123
11216,0.22165441513061523
11217,0.22218169271945953
11218,0.22253932058811188
11219,0.2223076969385147
11220,0.2216239720582962
11221,0.22150127589702606
11222,0.22207337617874146
11223,0.22255897521972656
11224,0.22241710126399994
11225,0.22163443267345428
11226,0.22131919860839844
11227,0.22183860838413239
11228,0.22246330976486206
11229,0.2225179374217987
11230,0.2217211127281189
11231,0.221170112490654
11232,0.22151650488376617
11233,0.22219854593276978
11234,0.22248876094818115
11235,0.2218026965856552
11236,0.22108599543571472
11237,0.22120289504528046
11238,0.22181253135204315
11239,0.22226174175739288
11240,0.2217654585838318
11241,0.221027210354805
11242,0.22096358239650726
11243,0.2214163839817047
11244,0.22189129889011383
11245,0.22156934440135956
11246,0.2209285944700241
11247,0.22079779207706451
11248,0.2211053967475891
11249,0.22151026129722595
11250,0.22128674387931824
11251,0.22077853977680206
11252,0.22066903114318848
11253,0.22089838981628418
11254,0.22122205793857574
11255,0.22102802991867065
11256,0.22061756253242493
11257,0.22055669128894806
11258,0.22076928615570068
11259,0.22105519473552704
11260,0.22086164355278015
11261,0.2204849123954773
11262,0.22044028341770172
11263,0.22064664959907532
11264,0.22092942893505096
11265,0.22074903547763824
11266,0.2203771322965622
11267,0.22031399607658386
11268,0.22049376368522644
11269,0.22077688574790955
11270,0.22064238786697388
11271,0.2203088253736496
11272,0.2202504277229309
11273,0.2204248458147049
11274,0.2207484245300293
11275,0.22081826627254486
11276,0.22089222073554993
11277,0.22151854634284973
11278,0.22296838462352753
11279,0.2258022278547287
11280,0.23071661591529846
11281,0.2401495724916458
11282,0.2589051425457001
11283,0.29424190521240234
11284,0.35415685176849365
11285,0.43846094608306885
11286,0.5126752257347107
11287,0.5131465196609497
11288,0.3999669551849365
11289,0.26149338483810425
11290,0.227250337600708
11291,0.3062613010406494
11292,0.3892388343811035
11293,0.3829095959663391
11294,0.29389598965644836
11295,0.22657808661460876
11296,0.25425034761428833
11297,0.31826311349868774
11298,0.3235029876232147
11299,0.26587656140327454
11300,0.22432559728622437
11301,0.2445443570613861
11302,0.27664488554000854
11303,0.26540160179138184
11304,0.23230837285518646
11305,0.22535340487957
11306,0.24529552459716797
11307,0.2534066438674927
11308,0.23632031679153442
11309,0.22388431429862976
11310,0.23217137157917023
11311,0.24169659614562988
11312,0.23592016100883484
11313,0.22564314305782318
11314,0.226786270737648
11315,0.23230595886707306
11316,0.23061057925224304
11317,0.22519077360630035
11318,0.22509178519248962
11319,0.2296837866306305
11320,0.22890247404575348
11321,0.22340936958789825
11322,0.22219012677669525
11323,0.22677984833717346
11324,0.2298646718263626
11325,0.22523970901966095
11326,0.22027219831943512
11327,0.2222963124513626
11328,0.22724002599716187
11329,0.22809052467346191
11330,0.22295044362545013
11331,0.2198510468006134
11332,0.22268883883953094
11333,0.22663158178329468
11334,0.22706080973148346
11335,0.22273844480514526
11336,0.22017990052700043
11337,0.22237034142017365
11338,0.22543808817863464
11339,0.22629894316196442
11340,0.22312097251415253
11341,0.22056595981121063
11342,0.22160938382148743
11343,0.22387509047985077
11344,0.22528226673603058
11345,0.22312064468860626
11346,0.2206500768661499
11347,0.22097063064575195
11348,0.22265705466270447
11349,0.22419625520706177
11350,0.22261396050453186
11351,0.22043707966804504
11352,0.22058804333209991
11353,0.222055122256279
11354,0.2236100435256958
11355,0.2221878468990326
11356,0.2201230227947235
11357,0.22030605375766754
11358,0.2218003123998642
11359,0.2234218418598175
11360,0.22202491760253906
11361,0.21988363564014435
11362,0.21999651193618774
11363,0.22148914635181427
11364,0.22319643199443817
11365,0.22186753153800964
11366,0.21966516971588135
11367,0.2196844518184662
11368,0.22110603749752045
11369,0.22281791269779205
11370,0.22158212959766388
11371,0.21941977739334106
11372,0.2193962037563324
11373,0.22073715925216675
11374,0.2224024385213852
11375,0.22123703360557556
11376,0.21914400160312653
11377,0.21912407875061035
11378,0.22043108940124512
11379,0.22207103669643402
11380,0.22096408903598785
11381,0.21890302002429962
11382,0.21884000301361084
11383,0.22010143101215363
11384,0.22174805402755737
11385,0.22074466943740845
11386,0.21871867775917053
11387,0.21856088936328888
11388,0.21971872448921204
11389,0.22135420143604279
11390,0.22050213813781738
11391,0.21857617795467377
11392,0.21833264827728271
11393,0.21935003995895386
11394,0.2209426611661911
11395,0.22025421261787415
11396,0.21847258508205414
11397,0.21816511452198029
11398,0.2190108597278595
11399,0.22049900889396667
11400,0.21995431184768677
11401,0.218357652425766
11402,0.21803992986679077
11403,0.2187250405550003
11404,0.22005416452884674
11405,0.21959665417671204
11406,0.2181931585073471
11407,0.21792270243167877
11408,0.2185133397579193
11409,0.21970565617084503
11410,0.21929360926151276
11411,0.21803072094917297
11412,0.21779316663742065
11413,0.21831154823303223
11414,0.21939238905906677
11415,0.21902678906917572
11416,0.21788892149925232
11417,0.21767431497573853
11418,0.21812283992767334
11419,0.21909597516059875
11420,0.21876837313175201
11421,0.21774719655513763
11422,0.21756277978420258
11423,0.21796675026416779
11424,0.2188650369644165
11425,0.21857519447803497
11426,0.21763084828853607
11427,0.21743571758270264
11428,0.21775630116462708
11429,0.21853283047676086
11430,0.2182781845331192
11431,0.21746861934661865
11432,0.21733307838439941
11433,0.21766534447669983
11434,0.21845608949661255
11435,0.2182580530643463
11436,0.21744407713413239
11437,0.2172001749277115
11438,0.21729841828346252
11439,0.2176956832408905
11440,0.21746091544628143
11441,0.2171110361814499
11442,0.2174491584300995
11443,0.21846598386764526
11444,0.22051115334033966
11445,0.2214401364326477
11446,0.2211611419916153
11447,0.22218027710914612
11448,0.22493284940719604
11449,0.23091420531272888
11450,0.24709676206111908
11451,0.2850933372974396
11452,0.35582053661346436
11453,0.48551321029663086
11454,0.662175178527832
11455,0.793465256690979
11456,0.669745683670044
11457,0.4155089855194092
11458,0.23013029992580414
11459,0.2979729175567627
11460,0.4483598470687866
11461,0.45239129662513733
11462,0.34976401925086975
11463,0.24212518334388733
11464,0.2589398920536041
11465,0.3122134506702423
11466,0.2854231297969818
11467,0.2363165020942688
11468,0.2224143147468567
11469,0.24951621890068054
11470,0.24473610520362854
11471,0.21971920132637024
11472,0.23028171062469482
11473,0.2532986104488373
11474,0.25412634015083313
11475,0.22505441308021545
11476,0.23303796350955963
11477,0.27025654911994934
11478,0.27660584449768066
11479,0.2444867640733719
11480,0.2195023000240326
11481,0.2680234909057617
11482,0.3146521747112274
11483,0.28639623522758484
11484,0.22725656628608704
11485,0.23749427497386932
11486,0.3264947533607483
11487,0.34273138642311096
11488,0.2683390974998474
11489,0.21907159686088562
11490,0.272133469581604
11491,0.34541985392570496
11492,0.30287066102027893
11493,0.22704942524433136
11494,0.23463007807731628
11495,0.29859185218811035
11496,0.3083452582359314
11497,0.2426096498966217
11498,0.22087623178958893
11499,0.2643297612667084
11500,0.28588342666625977
11501,0.25118371844291687
11502,0.21812626719474792
11503,0.23699158430099487
11504,0.2616075873374939
11505,0.24563725292682648
11506,0.2197416126728058
11507,0.2241939753293991
11508,0.2428373396396637
11509,0.23949351906776428
11510,0.22117848694324493
11511,0.2190990149974823
11512,0.2315724492073059
11513,0.23328332602977753
11514,0.22199219465255737
11515,0.2171092927455902
11516,0.22367793321609497
11517,0.22742223739624023
11518,0.22163645923137665
11519,0.2168540507555008
11520,0.2195511907339096
11521,0.22245372831821442
11522,0.2202761471271515
11523,0.21697096526622772
11524,0.21764759719371796
11525,0.21954363584518433
11526,0.21858000755310059
11527,0.21679921448230743
11528,0.21689288318157196
11529,0.2181384563446045
11530,0.2177569568157196
11531,0.2165505290031433
11532,0.2167334407567978
11533,0.21759846806526184
11534,0.2175498902797699
11535,0.21651895344257355
11536,0.2165900319814682
11537,0.2175852656364441
11538,0.21768726408481598
11539,0.21675780415534973
11540,0.21623583137989044
11541,0.21726414561271667
11542,0.2180625945329666
11543,0.21734802424907684
11544,0.2162467986345291
11545,0.21636362373828888
11546,0.2176797091960907
11547,0.2180175930261612
11548,0.21691450476646423
11549,0.21598316729068756
11550,0.2164374440908432
11551,0.21762239933013916
11552,0.21765048801898956
11553,0.21654389798641205
11554,0.21582500636577606
11555,0.21631811559200287
11556,0.21724694967269897
11557,0.21718086302280426
11558,0.21626229584217072
11559,0.21569466590881348
11560,0.21606400609016418
11561,0.21674425899982452
11562,0.2167179137468338
11563,0.21604937314987183
11564,0.21557626128196716
11565,0.2157648503780365
11566,0.21623457968235016
11567,0.21629059314727783
11568,0.21586863696575165
11569,0.21547622978687286
11570,0.2154991626739502
11571,0.21578998863697052
11572,0.21590743958950043
11573,0.21569493412971497
11574,0.2153947651386261
11575,0.21530301868915558
11576,0.21544092893600464
11577,0.21557103097438812
11578,0.21551187336444855
11579,0.2153184562921524
11580,0.21517574787139893
11581,0.21519289910793304
11582,0.2152884602546692
11583,0.21531537175178528
11584,0.21522504091262817
11585,0.21508939564228058
11586,0.21502822637557983
11587,0.21506266295909882
11588,0.21511131525039673
11589,0.21509672701358795
11590,0.21500377357006073
11591,0.21491453051567078
11592,0.21489393711090088
11593,0.21492038667201996
11594,0.21493659913539886
11595,0.2148885279893875
11596,0.21481069922447205
11597,0.21476541459560394
11598,0.214760422706604
11599,0.21476992964744568
11600,0.21474526822566986
11601,0.21469178795814514
11602,0.21464984118938446
11603,0.21462897956371307
11604,0.21462173759937286
11605,0.2146001160144806
11606,0.21456344425678253
11607,0.2145329713821411
11608,0.21451157331466675
11609,0.21449607610702515
11610,0.21447254717350006
11611,0.21444566547870636
11612,0.21442757546901703
11613,0.2144186645746231
11614,0.2144189327955246
11615,0.21442316472530365
11616,0.21445545554161072
11617,0.21455875039100647
11618,0.21479332447052002
11619,0.21528968214988708
11620,0.21631671488285065
11621,0.21849708259105682
11622,0.22314608097076416
11623,0.23305773735046387
11624,0.2537034749984741
11625,0.29496392607688904
11626,0.3688790202140808
11627,0.48071956634521484
11628,0.5777254700660706
11629,0.5677570700645447
11630,0.4032313823699951
11631,0.23885725438594818
11632,0.246180459856987
11633,0.38066330552101135
11634,0.4622160792350769
11635,0.3919574022293091
11636,0.25542503595352173
11637,0.23329177498817444
11638,0.3242030441761017
11639,0.35889866948127747
11640,0.27830296754837036
11641,0.21679258346557617
11642,0.2578216791152954
11643,0.2959330976009369
11644,0.25383731722831726
11645,0.21588923037052155
11646,0.24609161913394928
11647,0.2739594280719757
11648,0.2456434667110443
11649,0.2168216109275818
11650,0.23444543778896332
11651,0.2543284595012665
11652,0.23676200211048126
11653,0.21595776081085205
11654,0.2258388102054596
11655,0.24037721753120422
11656,0.229815274477005
11657,0.21537674963474274
11658,0.22225214540958405
11659,0.23208589851856232
11660,0.22488753497600555
11661,0.2149561196565628
11662,0.2191106677055359
11663,0.22555983066558838
11664,0.220772385597229
11665,0.21465472877025604
11666,0.21752536296844482
11667,0.22157487273216248
11668,0.21862713992595673
11669,0.2145993560552597
11670,0.21620158851146698
11671,0.2187407910823822
11672,0.21703839302062988
11673,0.21444404125213623
11674,0.21526038646697998
11675,0.2169581949710846
11676,0.21601222455501556
11677,0.21429455280303955
11678,0.21470995247364044
11679,0.2159031629562378
11680,0.21535979211330414
11681,0.2141358107328415
11682,0.21432796120643616
11683,0.21515917778015137
11684,0.21492956578731537
11685,0.2140282541513443
11686,0.21401263773441315
11687,0.21464280784130096
11688,0.2146560400724411
11689,0.21403737366199493
11690,0.21378657221794128
11691,0.21418146789073944
11692,0.21438249945640564
11693,0.21401703357696533
11694,0.21370019018650055
11695,0.21383997797966003
11696,0.214068204164505
11697,0.2139129936695099
11698,0.21362939476966858
11699,0.21363310515880585
11700,0.21379607915878296
11701,0.213773712515831
11702,0.21355469524860382
11703,0.21344871819019318
11704,0.2135535031557083
11705,0.21362155675888062
11706,0.2135009765625
11707,0.21333134174346924
11708,0.213316410779953
11709,0.21341465413570404
11710,0.2134172022342682
11711,0.21328802406787872
11712,0.2131776660680771
11713,0.21318721771240234
11714,0.2132469266653061
11715,0.21322470903396606
11716,0.21312379837036133
11717,0.21304969489574432
11718,0.21305358409881592
11719,0.2130843847990036
11720,0.21305710077285767
11721,0.21298225224018097
11722,0.21292921900749207
11723,0.21292464435100555
11724,0.21293644607067108
11725,0.212910458445549
11726,0.2128545045852661
11727,0.21281206607818604
11728,0.21280048787593842
11729,0.21280327439308167
11730,0.21277932822704315
11731,0.21273395419120789
11732,0.2126971334218979
11733,0.21268053352832794
11734,0.21267729997634888
11735,0.21265561878681183
11736,0.21261730790138245
11737,0.2125832885503769
11738,0.21256151795387268
11739,0.2125522494316101
11740,0.21253158152103424
11741,0.21250003576278687
11742,0.2124708741903305
11743,0.2124468833208084
11744,0.2124309092760086
11745,0.2124079018831253
11746,0.21238099038600922
11747,0.21235816180706024
11748,0.2123366743326187
11749,0.21231774985790253
11750,0.21229051053524017
11751,0.21226263046264648
11752,0.21224315464496613
11753,0.21222592890262604
11754,0.2122088223695755
11755,0.2121795266866684
11756,0.21214789152145386
11757,0.21212653815746307
11758,0.21211043000221252
11759,0.21209539473056793
11760,0.21206791698932648
11761,0.21203596889972687
11762,0.21201260387897491
11763,0.2119957059621811
11764,0.2119821012020111
11765,0.21195769309997559
11766,0.21192707121372223
11767,0.21190211176872253
11768,0.21188244223594666
11769,0.21186695992946625
11770,0.21184393763542175
11771,0.21181625127792358
11772,0.21179282665252686
11773,0.21177272498607635
11774,0.21175579726696014
11775,0.21173246204853058
11776,0.2117055207490921
11777,0.21168288588523865
11778,0.2116631269454956
11779,0.211646169424057
11780,0.21162334084510803
11781,0.21159721910953522
11782,0.21157453954219818
11783,0.21155405044555664
11784,0.2115355283021927
11785,0.21151238679885864
11786,0.2114877551794052
11787,0.21146701276302338
11788,0.2114495187997818
11789,0.21143609285354614
11790,0.2114161103963852
11791,0.21138989925384521
11792,0.21136753261089325
11793,0.2113482654094696
11794,0.2113332450389862
11795,0.21134048700332642
11796,0.21140143275260925
11797,0.211554154753685
11798,0.21190333366394043
11799,0.21268624067306519
11800,0.21409361064434052
11801,0.21689686179161072
11802,0.22323602437973022
11803,0.23771345615386963
11804,0.2694607973098755
11805,0.3331447243690491
11806,0.44723284244537354
11807,0.6495193839073181
11808,0.845899224281311
11809,0.8992882966995239
11810,0.5569185018539429
11811,0.24318186938762665
11812,0.32145121693611145
11813,0.6137000322341919
11814,0.7515168190002441
11815,0.4708474278450012
11816,0.24318350851535797
11817,0.40101194381713867
11818,0.5305004119873047
11819,0.3808450400829315
11820,0.22135543823242188
11821,0.3488670289516449
11822,0.4430636167526245
11823,0.2812953293323517
11824,0.2389814555644989
11825,0.3742278218269348
11826,0.36082398891448975
11827,0.23302112519741058
11828,0.2446756660938263
11829,0.32403457164764404
11830,0.2779589593410492
11831,0.21497146785259247
11832,0.2653787136077881
11833,0.29483115673065186
11834,0.23545800149440765
11835,0.21898439526557922
11836,0.25904548168182373
11837,0.24825133383274078
11838,0.21409520506858826
11839,0.23045574128627777
11840,0.24490483105182648
11841,0.22142675518989563
11842,0.21512719988822937
11843,0.23278093338012695
11844,0.22828292846679688
11845,0.21275539696216583
11846,0.22365039587020874
11847,0.23199580609798431
11848,0.21787111461162567
11849,0.2138121873140335
11850,0.22533227503299713
11851,0.22371511161327362
11852,0.21291802823543549
11853,0.21621567010879517
11854,0.2226366400718689
11855,0.21719609200954437
11856,0.2120887041091919
11857,0.21662506461143494
11858,0.21850918233394623
11859,0.21341513097286224
11860,0.21242184937000275
11861,0.21557413041591644
11862,0.21490821242332458
11863,0.21200893819332123
11864,0.2127455323934555
11865,0.21407607197761536
11866,0.21253377199172974
11867,0.2116631418466568
11868,0.21281173825263977
11869,0.21302694082260132
11870,0.21169179677963257
11871,0.21192967891693115
11872,0.21295951306819916
11873,0.21232740581035614
11874,0.21138392388820648
11875,0.21197418868541718
11876,0.21277689933776855
11877,0.2119797319173813
11878,0.21123048663139343
11879,0.21179206669330597
11880,0.21224980056285858
11881,0.21162347495555878
11882,0.21110229194164276
11883,0.21151310205459595
11884,0.21175207197666168
11885,0.21128976345062256
11886,0.21097826957702637
11887,0.21123600006103516
11888,0.21137039363384247
11889,0.2110537886619568
11890,0.2108585238456726
11891,0.21098589897155762
11892,0.21104614436626434
11893,0.21086950600147247
11894,0.21074889600276947
11895,0.2107987403869629
11896,0.21079550683498383
11897,0.21069951355457306
11898,0.210642471909523
11899,0.21066148579120636
11900,0.2106335312128067
11901,0.210560142993927
11902,0.21053975820541382
11903,0.21054808795452118
11904,0.21051733195781708
11905,0.21045231819152832
11906,0.21044380962848663
11907,0.21045739948749542
11908,0.21041689813137054
11909,0.21035313606262207
11910,0.21033623814582825
11911,0.2103632390499115
11912,0.2103358656167984
11913,0.2102605253458023
11914,0.21022216975688934
11915,0.21023932099342346
11916,0.21024450659751892
11917,0.2101847380399704
11918,0.2101210355758667
11919,0.21010960638523102
11920,0.21012119948863983
11921,0.21009761095046997
11922,0.21003736555576324
11923,0.2099980264902115
11924,0.20999491214752197
11925,0.20998825132846832
11926,0.20995086431503296
11927,0.20990431308746338
11928,0.20988105237483978
11929,0.20987363159656525
11930,0.20985350012779236
11931,0.20981629192829132
11932,0.20978285372257233
11933,0.20976503193378448
11934,0.20975056290626526
11935,0.20972439646720886
11936,0.20969168841838837
11937,0.20966623723506927
11938,0.2096489667892456
11939,0.20962956547737122
11940,0.2096020132303238
11941,0.2095738649368286
11942,0.20955222845077515
11943,0.20953358709812164
11944,0.20951147377490997
11945,0.2094842493534088
11946,0.20945924520492554
11947,0.2094392478466034
11948,0.2094195932149887
11949,0.20939625799655914
11950,0.2093697339296341
11951,0.20934653282165527
11952,0.20932725071907043
11953,0.20930713415145874
11954,0.20928330719470978
11955,0.2092573344707489
11956,0.20923487842082977
11957,0.20921596884727478
11958,0.20919589698314667
11959,0.20917221903800964
11960,0.2091464251279831
11961,0.20912398397922516
11962,0.20910529792308807
11963,0.20908591151237488
11964,0.20906290411949158
11965,0.20903705060482025
11966,0.20901429653167725
11967,0.2089957892894745
11968,0.20897749066352844
11969,0.20895645022392273
11970,0.20893198251724243
11971,0.20891018211841583
11972,0.2088945508003235
11973,0.20888303220272064
11974,0.20887456834316254
11975,0.20887131989002228
11976,0.20888690650463104
11977,0.2089417278766632
11978,0.2090674489736557
11979,0.20932637155056
11980,0.2098390758037567
11981,0.21086838841438293
11982,0.21297036111354828
11983,0.2172369658946991
11984,0.2259162962436676
11985,0.24294666945934296
11986,0.2755526900291443
11987,0.33167973160743713
11988,0.41277122497558594
11989,0.47871285676956177
11990,0.4660978317260742
11991,0.344461590051651
11992,0.22735431790351868
11993,0.22851993143558502
11994,0.3190019726753235
11995,0.3717336058616638
11996,0.3228660821914673
11997,0.23612940311431885
11998,0.21714913845062256
11999,0.2720692455768585
12000,0.30534952878952026
12001,0.26700446009635925
12002,0.2165127992630005
12003,0.21934741735458374
12004,0.2535051107406616
12005,0.25414273142814636
12006,0.2223631739616394
12007,0.2104792296886444
12008,0.2290550172328949
12009,0.24092480540275574
12010,0.22508062422275543
12011,0.20997807383537292
12012,0.21862122416496277
12013,0.2308555245399475
12014,0.22439423203468323
12015,0.21079270541667938
12016,0.21275374293327332
12017,0.22310493886470795
12018,0.22173474729061127
12019,0.21168817579746246
12020,0.210037961602211
12021,0.2180899977684021
12022,0.22033654153347015
12023,0.21333590149879456
12024,0.20895396173000336
12025,0.21322101354599
12026,0.2177906185388565
12027,0.2145550549030304
12028,0.20935317873954773
12029,0.2099856287240982
12030,0.2140142172574997
12031,0.21431313455104828
12032,0.21048343181610107
12033,0.20884421467781067
12034,0.2109927386045456
12035,0.21269047260284424
12036,0.21126249432563782
12037,0.20902544260025024
12038,0.20918084681034088
12039,0.21068128943443298
12040,0.21084734797477722
12041,0.20947787165641785
12042,0.20859500765800476
12043,0.20919986069202423
12044,0.20986826717853546
12045,0.20946384966373444
12046,0.20861481130123138
12047,0.2084551900625229
12048,0.20894187688827515
12049,0.20910656452178955
12050,0.20868481695652008
12051,0.2082490175962448
12052,0.20829465985298157
12053,0.20858119428157806
12054,0.20856726169586182
12055,0.2082621306180954
12056,0.20804452896118164
12057,0.2081117480993271
12058,0.2082553207874298
12059,0.20820514857769012
12060,0.2080213874578476
12061,0.20790162682533264
12062,0.2079310417175293
12063,0.20800000429153442
12064,0.20796719193458557
12065,0.2078598290681839
12066,0.20778007805347443
12067,0.20777788758277893
12068,0.20780520141124725
12069,0.2077876329421997
12070,0.20772889256477356
12071,0.20767119526863098
12072,0.2076471447944641
12073,0.2076493203639984
12074,0.20763970911502838
12075,0.20760686695575714
12076,0.2075655460357666
12077,0.20753411948680878
12078,0.20751944184303284
12079,0.20750792324543
12080,0.2074880599975586
12081,0.20745933055877686
12082,0.20742826163768768
12083,0.20740480720996857
12084,0.20738807320594788
12085,0.20737087726593018
12086,0.20735010504722595
12087,0.20732413232326508
12088,0.20729772746562958
12089,0.20727579295635223
12090,0.20725621283054352
12091,0.2072383016347885
12092,0.20721760392189026
12093,0.2071930319070816
12094,0.20716816186904907
12095,0.20714403688907623
12096,0.20712465047836304
12097,0.2071077525615692
12098,0.20708729326725006
12099,0.2070630043745041
12100,0.20703528821468353
12101,0.20701168477535248
12102,0.2069946825504303
12103,0.20697824656963348
12104,0.20695774257183075
12105,0.20693039894104004
12106,0.20690326392650604
12107,0.20688271522521973
12108,0.2068663239479065
12109,0.2068493515253067
12110,0.2068260908126831
12111,0.20679961144924164
12112,0.20677630603313446
12113,0.2067568153142929
12114,0.20673932135105133
12115,0.20671862363815308
12116,0.2066953331232071
12117,0.2066730409860611
12118,0.20665228366851807
12119,0.2066328525543213
12120,0.2066115438938141
12121,0.20658914744853973
12122,0.20656807720661163
12123,0.20654802024364471
12124,0.20652860403060913
12125,0.20650723576545715
12126,0.20648488402366638
12127,0.20646370947360992
12128,0.20644362270832062
12129,0.20642416179180145
12130,0.2064032256603241
12131,0.2063816785812378
12132,0.20636120438575745
12133,0.20634149014949799
12134,0.2063221037387848
12135,0.20630080997943878
12136,0.20627880096435547
12137,0.20625810325145721
12138,0.20623831450939178
12139,0.20621922612190247
12140,0.2061985433101654
12141,0.20617692172527313
12142,0.20615610480308533
12143,0.20613597333431244
12144,0.20611630380153656
12145,0.20609574019908905
12146,0.2060745358467102
12147,0.20605416595935822
12148,0.2060343623161316
12149,0.20601511001586914
12150,0.2059945911169052
12151,0.2059733271598816
12152,0.2059527486562729
12153,0.20593272149562836
12154,0.20591290295124054
12155,0.20589245855808258
12156,0.20587192475795746
12157,0.20585200190544128
12158,0.20583273470401764
12159,0.20581422746181488
12160,0.20579425990581512
12161,0.20577307045459747
12162,0.20575258135795593
12163,0.20573240518569946
12164,0.20571254193782806
12165,0.20569473505020142
12166,0.20568130910396576
12167,0.20567353069782257
12168,0.20567576587200165
12169,0.20569710433483124
12170,0.2057333141565323
12171,0.20579999685287476
12172,0.20595549046993256
12173,0.20628780126571655
12174,0.20697282254695892
12175,0.208273246884346
12176,0.21080662310123444
12177,0.21612802147865295
12178,0.22703009843826294
12179,0.24987956881523132
12180,0.2890627384185791
12181,0.3599148094654083
12182,0.47103437781333923
12183,0.625438928604126
12184,0.6972850561141968
12185,0.6008510589599609
12186,0.3361022472381592
12187,0.21089138090610504
12188,0.32165098190307617
12189,0.49114862084388733
12190,0.500532329082489
12191,0.31681370735168457
12192,0.21968956291675568
12193,0.3069409728050232
12194,0.3993840515613556
12195,0.3282155692577362
12196,0.2147110551595688
12197,0.2471107393503189
12198,0.32546302676200867
12199,0.2901425361633301
12200,0.21034453809261322
12201,0.25595876574516296
12202,0.3364868760108948
12203,0.30958446860313416
12204,0.22340722382068634
12205,0.2336803376674652
12206,0.32655030488967896
12207,0.3135835528373718
12208,0.22776934504508972
12209,0.21635858714580536
12210,0.2845068871974945
12211,0.3002168834209442
12212,0.22888490557670593
12213,0.21359501779079437
12214,0.2648334801197052
12215,0.271015465259552
12216,0.2239242047071457
12217,0.20978878438472748
12218,0.24275031685829163
12219,0.24620963633060455
12220,0.21489150822162628
12221,0.2093181163072586
12222,0.23019284009933472
12223,0.23009692132472992
12224,0.21063020825386047
12225,0.20847490429878235
12226,0.21926869451999664
12227,0.2182968407869339
12228,0.2080293595790863
12229,0.20779719948768616
12230,0.2133554071187973
12231,0.21080324053764343
12232,0.20623540878295898
12233,0.20768079161643982
12234,0.2108255922794342
12235,0.20812736451625824
12236,0.20585745573043823
12237,0.20861294865608215
12238,0.21001078188419342
12239,0.20731227099895477
12240,0.2058643251657486
12241,0.2094787359237671
12242,0.21082279086112976
12243,0.20745867490768433
12244,0.205640971660614
12245,0.20842081308364868
12246,0.21087105572223663
12247,0.20818690955638885
12248,0.20549625158309937
12249,0.2069515883922577
12250,0.209331214427948
12251,0.20842336118221283
12252,0.20574001967906952
12253,0.20579463243484497
12254,0.20766164362430573
12255,0.20776352286338806
12256,0.20601646602153778
12257,0.2052454799413681
12258,0.20629611611366272
12259,0.20689794421195984
12260,0.20599788427352905
12261,0.2051272988319397
12262,0.20547035336494446
12263,0.206105574965477
12264,0.20584148168563843
12265,0.2051401138305664
12266,0.20505374670028687
12267,0.20548658072948456
12268,0.20557036995887756
12269,0.20515045523643494
12270,0.20487742125988007
12271,0.20504702627658844
12272,0.20523981750011444
12273,0.2050914615392685
12274,0.20482280850410461
12275,0.20478606224060059
12276,0.20491281151771545
12277,0.20492926239967346
12278,0.20477977395057678
12279,0.2046615034341812
12280,0.20468227565288544
12281,0.20472165942192078
12282,0.20467813313007355
12283,0.20458732545375824
12284,0.20454472303390503
12285,0.20455226302146912
12286,0.20453916490077972
12287,0.20449496805667877
12288,0.20445093512535095
12289,0.2044321596622467
12290,0.20441898703575134
12291,0.20439012348651886
12292,0.20435898005962372
12293,0.2043359875679016
12294,0.2043193131685257
12295,0.20429471135139465
12296,0.2042670100927353
12297,0.20424656569957733
12298,0.20422866940498352
12299,0.20420652627944946
12300,0.20417769253253937
12301,0.20415684580802917
12302,0.20414364337921143
12303,0.2041250765323639
12304,0.20409706234931946
12305,0.20406576991081238
12306,0.20405030250549316
12307,0.20404286682605743
12308,0.2040240466594696
12309,0.20399110019207
12310,0.20395584404468536
12311,0.2039424180984497
12312,0.20394079387187958
12313,0.20392608642578125
12314,0.2038925588130951
12315,0.20385241508483887
12316,0.20383678376674652
12317,0.20384137332439423
12318,0.2038389891386032
12319,0.20381812751293182
12320,0.2037891447544098
12321,0.20379462838172913
12322,0.20385178923606873
12323,0.20395603775978088
12324,0.20412692427635193
12325,0.2044302076101303
12326,0.2050478309392929
12327,0.2062986195087433
12328,0.20873045921325684
12329,0.2134532779455185
12330,0.22248709201812744
12331,0.23981763422489166
12332,0.2717280983924866
12333,0.3267194628715515
12334,0.4035637378692627
12335,0.47776612639427185
12336,0.4793880879878998
12337,0.3819364309310913
12338,0.25033462047576904
12339,0.20686207711696625
12340,0.2724834978580475
12341,0.35352176427841187
12342,0.3643133044242859
12343,0.2891159951686859
12344,0.21425579488277435
12345,0.22269073128700256
12346,0.28091859817504883
12347,0.2996348738670349
12348,0.25367534160614014
12349,0.20906497538089752
12350,0.2193845808506012
12351,0.2498328536748886
12352,0.24669623374938965
12353,0.216972216963768
12354,0.2050940990447998
12355,0.22117817401885986
12356,0.2316715270280838
12357,0.21895551681518555
12358,0.20474450290203094
12359,0.20972542464733124
12360,0.2204899787902832
12361,0.21784572303295135
12362,0.20747137069702148
12363,0.20479656755924225
12364,0.2109154611825943
12365,0.21354040503501892
12366,0.20846065878868103
12367,0.20404277741909027
12368,0.2058739960193634
12369,0.2095603495836258
12370,0.20824691653251648
12371,0.20442084968090057
12372,0.20418019592761993
12373,0.206779345870018
12374,0.20753994584083557
12375,0.205222487449646
12376,0.20366612076759338
12377,0.20482836663722992
12378,0.20627348124980927
12379,0.20571044087409973
12380,0.20392003655433655
12381,0.20364677906036377
12382,0.20498666167259216
12383,0.2055758535861969
12384,0.20452603697776794
12385,0.20337192714214325
12386,0.20380331575870514
12387,0.20487935841083527
12388,0.20491527020931244
12389,0.20390750467777252
12390,0.20318539440631866
12391,0.20374490320682526
12392,0.20458441972732544
12393,0.20443713665008545
12394,0.20353873074054718
12395,0.20304615795612335
12396,0.20358362793922424
12397,0.2042236328125
12398,0.20404741168022156
12399,0.2033214271068573
12400,0.20292721688747406
12401,0.20334449410438538
12402,0.20388168096542358
12403,0.2037801295518875
12404,0.20318718254566193
12405,0.20280417799949646
12406,0.2030848115682602
12407,0.20354655385017395
12408,0.20355954766273499
12409,0.20311900973320007
12410,0.2027091532945633
12411,0.20281483232975006
12412,0.203201562166214
12413,0.20333310961723328
12414,0.2030559480190277
12415,0.20265449583530426
12416,0.20259088277816772
12417,0.2028539478778839
12418,0.20305971801280975
12419,0.20296059548854828
12420,0.20262902975082397
12421,0.20244023203849792
12422,0.20254836976528168
12423,0.20274631679058075
12424,0.202787384390831
12425,0.20258544385433197
12426,0.20236250758171082
12427,0.20232775807380676
12428,0.20244035124778748
12429,0.20253832638263702
12430,0.20247048139572144
12431,0.20230473577976227
12432,0.20220215618610382
12433,0.20220749080181122
12434,0.20226967334747314
12435,0.20227530598640442
12436,0.202200785279274
12437,0.20211760699748993
12438,0.20206989347934723
12439,0.2020663619041443
12440,0.20206774771213531
12441,0.20204317569732666
12442,0.20200657844543457
12443,0.2019694447517395
12444,0.20194143056869507
12445,0.20192141830921173
12446,0.20190033316612244
12447,0.2018788903951645
12448,0.20185735821723938
12449,0.20183561742305756
12450,0.20181472599506378
12451,0.20179586112499237
12452,0.2017771303653717
12453,0.20175708830356598
12454,0.20173528790473938
12455,0.20170976221561432
12456,0.20168787240982056
12457,0.2016722857952118
12458,0.2016586810350418
12459,0.20164284110069275
12460,0.20161694288253784
12461,0.20158661901950836
12462,0.20156140625476837
12463,0.20154160261154175
12464,0.20152513682842255
12465,0.20150581002235413
12466,0.2014823704957962
12467,0.20145924389362335
12468,0.20143695175647736
12469,0.20141571760177612
12470,0.2013949751853943
12471,0.20137424767017365
12472,0.2013540267944336
12473,0.20133408904075623
12474,0.2013140767812729
12475,0.2012925148010254
12476,0.20127078890800476
12477,0.20125050842761993
12478,0.2012312263250351
12479,0.20121243596076965
12480,0.20119193196296692
12481,0.20116983354091644
12482,0.20114831626415253
12483,0.201127290725708
12484,0.20110653340816498
12485,0.20108608901500702
12486,0.20106613636016846
12487,0.2010466754436493
12488,0.20102764666080475
12489,0.2010091245174408
12490,0.20098905265331268
12491,0.2009677141904831
12492,0.20094692707061768
12493,0.20092663168907166
12494,0.20090679824352264
12495,0.20088940858840942
12496,0.20087593793869019
12497,0.20086634159088135
12498,0.20086315274238586
12499,0.20087085664272308
12500,0.20088891685009003
12501,0.20092611014842987
12502,0.2010081708431244
12503,0.20117104053497314
12504,0.2014819234609604
12505,0.20208092033863068
12506,0.2032240629196167
12507,0.20538806915283203
12508,0.2095096856355667
12509,0.2173909991979599
12510,0.23189887404441833
12511,0.25834888219833374
12512,0.304477334022522
12513,0.37614190578460693
12514,0.4602135121822357
12515,0.5071418881416321
12516,0.4496117830276489
12517,0.31417059898376465
12518,0.2186541110277176
12519,0.24371348321437836
12520,0.3282957077026367
12521,0.3643914759159088
12522,0.3086976706981659
12523,0.22537177801132202
12524,0.21270133554935455
12525,0.2681336998939514
12526,0.30099332332611084
12527,0.2657047212123871
12528,0.2137945592403412
12529,0.21083609759807587
12530,0.24191047251224518
12531,0.24842505156993866
12532,0.22290381789207458
12533,0.2050658017396927
12534,0.21680442988872528
12535,0.23020169138908386
12536,0.21926763653755188
12537,0.20324695110321045
12538,0.2058449685573578
12539,0.21859832108020782
12540,0.21829600632190704
12541,0.20648664236068726
12542,0.20205485820770264
12543,0.20812928676605225
12544,0.21244212985038757
12545,0.20698636770248413
12546,0.20129479467868805
12547,0.20391184091567993
12548,0.2083689272403717
12549,0.20672747492790222
12550,0.20165510475635529
12551,0.20189768075942993
12552,0.2061508744955063
12553,0.2070418745279312
12554,0.20368164777755737
12555,0.2010628879070282
12556,0.20327812433242798
12557,0.206238254904747
12558,0.205339252948761
12559,0.20257318019866943
12560,0.20183219015598297
12561,0.20404967665672302
12562,0.20508745312690735
12563,0.20313216745853424
12564,0.20133745670318604
12565,0.20190875232219696
12566,0.20395663380622864
12567,0.2041432410478592
12568,0.20200632512569427
12569,0.2006201297044754
12570,0.20155069231987
12571,0.203408882021904
12572,0.20337818562984467
12573,0.20161738991737366
12574,0.20068641006946564
12575,0.20145918428897858
12576,0.20282237231731415
12577,0.2027316391468048
12578,0.20134994387626648
12579,0.20070399343967438
12580,0.20132100582122803
12581,0.20231613516807556
12582,0.20218884944915771
12583,0.20098981261253357
12584,0.20029373466968536
12585,0.20068657398223877
12586,0.20164036750793457
12587,0.2018207162618637
12588,0.20096850395202637
12589,0.20025897026062012
12590,0.20031972229480743
12591,0.20107029378414154
12592,0.2014792412519455
12593,0.20099695026874542
12594,0.2003503441810608
12595,0.20010125637054443
12596,0.20056258141994476
12597,0.20107580721378326
12598,0.2008792906999588
12599,0.20026825368404388
12600,0.19976389408111572
12601,0.1999916434288025
12602,0.2006247192621231
12603,0.2008548527956009
12604,0.20058153569698334
12605,0.19994044303894043
12606,0.19970795512199402
12607,0.20009039342403412
12608,0.20040567219257355
12609,0.20027384161949158
12610,0.1996951699256897
12611,0.19942033290863037
12612,0.1998133510351181
12613,0.20053347945213318
12614,0.2012283354997635
12615,0.20111244916915894
12616,0.20056754350662231
12617,0.20059610903263092
12618,0.20113535225391388
12619,0.2020283192396164
12620,0.20397062599658966
12621,0.20825180411338806
12622,0.2158975899219513
12623,0.2298344373703003
12624,0.2534095048904419
12625,0.2847204804420471
12626,0.32138532400131226
12627,0.3785296380519867
12628,0.4358723759651184
12629,0.485659122467041
12630,0.46021920442581177
12631,0.37660470604896545
12632,0.2625711262226105
12633,0.20317652821540833
12634,0.22279280424118042
12635,0.2785448133945465
12636,0.3147953152656555
12637,0.29958951473236084
12638,0.24916492402553558
12639,0.20593015849590302
12640,0.20573127269744873
12641,0.22841696441173553
12642,0.2461225688457489
12643,0.2454724907875061
12644,0.22513163089752197
12645,0.20545148849487305
12646,0.2001335769891739
12647,0.20928092300891876
12648,0.2200416475534439
12649,0.22232581675052643
12650,0.21733807027339935
12651,0.20711521804332733
12652,0.19988884031772614
12653,0.20234288275241852
12654,0.20925381779670715
12655,0.2128440886735916
12656,0.2108977735042572
12657,0.2052537500858307
12658,0.20015817880630493
12659,0.20039351284503937
12660,0.20440290868282318
12661,0.20671960711479187
12662,0.20580604672431946
12663,0.20290783047676086
12664,0.20003217458724976
12665,0.19932974874973297
12666,0.2009279429912567
12667,0.2025691717863083
12668,0.20253704488277435
12669,0.20137210190296173
12670,0.19993069767951965
12671,0.19900019466876984
12672,0.19932334125041962
12673,0.20031575858592987
12674,0.2007777839899063
12675,0.20047564804553986
12676,0.19981080293655396
12677,0.19909603893756866
12678,0.1988271325826645
12679,0.19915013015270233
12680,0.1994558721780777
12681,0.19943878054618835
12682,0.19928434491157532
12683,0.1990049183368683
12684,0.1987067610025406
12685,0.19862210750579834
12686,0.19866491854190826
12687,0.19869837164878845
12688,0.1987343579530716
12689,0.19873234629631042
12690,0.1986362636089325
12691,0.19851820170879364
12692,0.19845125079154968
12693,0.1984049677848816
12694,0.1983853280544281
12695,0.19841064512729645
12696,0.19842569530010223
12697,0.19840620458126068
12698,0.19838182628154755
12699,0.19833821058273315
12700,0.1982603222131729
12701,0.19820460677146912
12702,0.19818535447120667
12703,0.1981799453496933
12704,0.19818833470344543
12705,0.19817736744880676
12706,0.1981315165758133
12707,0.19808298349380493
12708,0.19804497063159943
12709,0.19801218807697296
12710,0.19798637926578522
12711,0.1979658603668213
12712,0.19794391095638275
12713,0.1979190558195114
12714,0.19789762794971466
12715,0.19787806272506714
12716,0.19785940647125244
12717,0.19784395396709442
12718,0.19782841205596924
12719,0.19780860841274261
12720,0.1977795511484146
12721,0.19774748384952545
12722,0.19771911203861237
12723,0.1976957768201828
12724,0.19767683744430542
12725,0.19765475392341614
12726,0.19763025641441345
12727,0.19760768115520477
12728,0.19758538901805878
12729,0.19756348431110382
12730,0.19754181802272797
12731,0.1975211352109909
12732,0.197502002120018
12733,0.1974848061800003
12734,0.1974690854549408
12735,0.19744709134101868
12736,0.19742067158222198
12737,0.19739603996276855
12738,0.1973724216222763
12739,0.19734975695610046
12740,0.1973310112953186
12741,0.19731789827346802
12742,0.1973089873790741
12743,0.19730646908283234
12744,0.19731344282627106
12745,0.19731450080871582
12746,0.19731149077415466
12747,0.19732776284217834
12748,0.19737441837787628
12749,0.1974707543849945
12750,0.19765852391719818
12751,0.19800397753715515
12752,0.19862839579582214
12753,0.19974331557750702
12754,0.2017768770456314
12755,0.20483866333961487
12756,0.20992915332317352
12757,0.21921826899051666
12758,0.2366144061088562
12759,0.2664951682090759
12760,0.31277769804000854
12761,0.37162792682647705
12762,0.45228034257888794
12763,0.5047471523284912
12764,0.5075690746307373
12765,0.3939976692199707
12766,0.2591859996318817
12767,0.19945542514324188
12768,0.2441401332616806
12769,0.33270272612571716
12770,0.35865041613578796
12771,0.3026302754878998
12772,0.2219303995370865
12773,0.20301835238933563
12774,0.25256118178367615
12775,0.28363755345344543
12776,0.2587130665779114
12777,0.2169632911682129
12778,0.20069268345832825
12779,0.21877877414226532
12780,0.23042312264442444
12781,0.21627618372440338
12782,0.20066866278648376
12783,0.1998612880706787
12784,0.2097485512495041
12785,0.20690084993839264
12786,0.1985473483800888
12787,0.20120035111904144
12788,0.20833928883075714
12789,0.21148698031902313
12790,0.20189683139324188
12791,0.19927071034908295
12792,0.2108495831489563
12793,0.22050823271274567
12794,0.21748870611190796
12795,0.20081490278244019
12796,0.20267699658870697
12797,0.22242052853107452
12798,0.23168185353279114
12799,0.22137553989887238
12800,0.19981545209884644
12801,0.2070801854133606
12802,0.23555777966976166
12803,0.24625153839588165
12804,0.2286619395017624
12805,0.19940853118896484
12806,0.21055838465690613
12807,0.2486133575439453
12808,0.26212078332901
12809,0.23870426416397095
12810,0.2005796879529953
12811,0.21272414922714233
12812,0.2582091689109802
12813,0.27233800292015076
12814,0.2422485053539276
12815,0.19991327822208405
12816,0.21738189458847046
12817,0.2673580050468445
12818,0.2751185894012451
12819,0.23609659075737
12820,0.1976560652256012
12821,0.2277299016714096
12822,0.27886340022087097
12823,0.27235984802246094
12824,0.22370846569538116
12825,0.19816459715366364
12826,0.2440519630908966
12827,0.28870221972465515
12828,0.26290011405944824
12829,0.2105535864830017
12830,0.20436322689056396
12831,0.2586255669593811
12832,0.2856675088405609
12833,0.2433221936225891
12834,0.2000684142112732
12835,0.21507374942302704
12836,0.2631814777851105
12837,0.2653765082359314
12838,0.21908894181251526
12839,0.19729849696159363
12840,0.22531139850616455
12841,0.253558874130249
12842,0.2362605482339859
12843,0.20198628306388855
12844,0.2020273655653
12845,0.22753316164016724
12846,0.23333057761192322
12847,0.21157673001289368
12848,0.1964789777994156
12849,0.20708417892456055
12850,0.22003494203090668
12851,0.2128879576921463
12852,0.19885866343975067
12853,0.19815586507320404
12854,0.20782677829265594
12855,0.20922091603279114
12856,0.2004236876964569
12857,0.19630485773086548
12858,0.20102524757385254
12859,0.2052290141582489
12860,0.2011684775352478
12861,0.19625939428806305
12862,0.1982070356607437
12863,0.2023494839668274
12864,0.20184186100959778
12865,0.19719403982162476
12866,0.1966479867696762
12867,0.20063529908657074
12868,0.20228151977062225
12869,0.19923235476016998
12870,0.19595344364643097
12871,0.19823485612869263
12872,0.2021365463733673
12873,0.2016533762216568
12874,0.19771654903888702
12875,0.19585764408111572
12876,0.19935719668865204
12877,0.20259153842926025
12878,0.2009747326374054
12879,0.1969757378101349
12880,0.19591574370861053
12881,0.19958290457725525
12882,0.20229490101337433
12883,0.20042729377746582
12884,0.196676105260849
12885,0.19579336047172546
12886,0.19907759130001068
12887,0.20156224071979523
12888,0.20003513991832733
12889,0.1966472864151001
12890,0.19552655518054962
12891,0.19814318418502808
12892,0.20058371126651764
12893,0.19973792135715485
12894,0.19683042168617249
12895,0.19529522955417633
12896,0.1970788687467575
12897,0.19947488605976105
12898,0.19943669438362122
12899,0.19715797901153564
12900,0.19523799419403076
12901,0.1961067169904709
12902,0.19831542670726776
12903,0.1990317553281784
12904,0.19752521812915802
12905,0.1954052895307541
12906,0.1953790932893753
12907,0.1971941441297531
12908,0.19846218824386597
12909,0.19780272245407104
12910,0.19575071334838867
12911,0.1949678361415863
12912,0.1962096244096756
12913,0.19771330058574677
12914,0.19781944155693054
12915,0.19609248638153076
12916,0.19482915103435516
12917,0.1954609602689743
12918,0.19690078496932983
12919,0.19757714867591858
12920,0.19633112847805023
12921,0.1949085295200348
12922,0.19505760073661804
12923,0.1962329000234604
12924,0.19718603789806366
12925,0.1965760737657547
12926,0.1956857293844223
12927,0.19627627730369568
12928,0.198398157954216
12929,0.2016371339559555
12930,0.20502324402332306
12931,0.21055160462856293
12932,0.22235088050365448
12933,0.24368825554847717
12934,0.27785956859588623
12935,0.32581692934036255
12936,0.3791753649711609
12937,0.41328221559524536
12938,0.3960133492946625
12939,0.3199746012687683
12940,0.231124609708786
12941,0.19603630900382996
12942,0.2285321056842804
12943,0.28736960887908936
12944,0.32191717624664307
12945,0.29603302478790283
12946,0.23261520266532898
12947,0.19675004482269287
12948,0.21738293766975403
12949,0.25836804509162903
12950,0.26669174432754517
12951,0.23636755347251892
12952,0.2037324160337448
12953,0.20366020500659943
12954,0.22914119064807892
12955,0.24059000611305237
12956,0.2246018499135971
12957,0.204008087515831
12958,0.2010820060968399
12959,0.2132900357246399
12960,0.21968160569667816
12961,0.21274226903915405
12962,0.20242725312709808
12963,0.2008664608001709
12964,0.20764075219631195
12965,0.20923742651939392
12966,0.2049357295036316
12967,0.20177976787090302
12968,0.20303452014923096
12969,0.20611673593521118
12970,0.2044771909713745
12971,0.20161259174346924
12972,0.20168465375900269
12973,0.2042727917432785
12974,0.20561400055885315
12975,0.20172710716724396
12976,0.19956372678279877
12977,0.20219813287258148
12978,0.20540685951709747
12979,0.20507116615772247
12980,0.19980883598327637
12981,0.19828613102436066
12982,0.20273704826831818
12983,0.20688274502754211
12984,0.20560325682163239
12985,0.1986522078514099
12986,0.19718411564826965
12987,0.20328743755817413
12988,0.20860202610492706
12989,0.20702645182609558
12990,0.19855225086212158
12991,0.19617509841918945
12992,0.2031252682209015
12993,0.209828719496727
12994,0.20863261818885803
12995,0.19896282255649567
12996,0.19536346197128296
12997,0.20254427194595337
12998,0.21035107970237732
12999,0.2099132239818573
13000,0.19950389862060547
13001,0.1947382539510727
13002,0.20193900167942047
13003,0.21075935661792755
13004,0.21124033629894257
13005,0.20023617148399353
13006,0.1942775547504425
13007,0.20139099657535553
13008,0.2112254947423935
13009,0.2127736210823059
13010,0.20119324326515198
13011,0.19393211603164673
13012,0.20090915262699127
13013,0.2117651402950287
13014,0.21447375416755676
13015,0.20236194133758545
13016,0.19369029998779297
13017,0.2003813236951828
13018,0.21214379370212555
13019,0.21598441898822784
13020,0.20340825617313385
13021,0.19351786375045776
13022,0.20005114376544952
13023,0.2126518189907074
13024,0.21745502948760986
13025,0.20432019233703613
13026,0.19337521493434906
13027,0.2000003457069397
13028,0.21354840695858002
13029,0.21920494735240936
13030,0.20525938272476196
13031,0.1932608038187027
13032,0.20027588307857513
13033,0.21502681076526642
13034,0.2215002477169037
13035,0.20639775693416595
13036,0.19317205250263214
13037,0.2008042335510254
13038,0.21704918146133423
13039,0.22434231638908386
13040,0.20771703124046326
13041,0.1930939108133316
13042,0.20162644982337952
13043,0.21966969966888428
13044,0.2276788055896759
13045,0.20906324684619904
13046,0.19299834966659546
13047,0.20294350385665894
13048,0.2232024073600769
13049,0.23170319199562073
13050,0.2104104459285736
13051,0.19289208948612213
13052,0.20502957701683044
13053,0.22809022665023804
13054,0.2366822212934494
13055,0.2117139995098114
13056,0.19281736016273499
13057,0.20832455158233643
13058,0.2349441945552826
13059,0.2428743541240692
13060,0.21282733976840973
13061,0.19289201498031616
13062,0.21352411806583405
13063,0.2445022165775299
13064,0.2502492368221283
13065,0.21324098110198975
13066,0.19345919787883759
13067,0.22197413444519043
13068,0.2578160762786865
13069,0.2583159804344177
13070,0.21205474436283112
13071,0.19549578428268433
13072,0.23595929145812988
13073,0.27584704756736755
13074,0.26533401012420654
13075,0.20802302658557892
13076,0.201527938246727
13077,0.25876033306121826
13078,0.2978387176990509
13079,0.26679590344429016
13080,0.20053529739379883
13081,0.21717816591262817
13082,0.29283496737480164
13083,0.31700795888900757
13084,0.25469720363616943
13085,0.19373026490211487
13086,0.25105705857276917
13087,0.33179619908332825
13088,0.314694344997406
13089,0.22443349659442902
13090,0.20289167761802673
13091,0.3031803369522095
13092,0.346905380487442
13093,0.2706906199455261
13094,0.19595344364643097
13095,0.242914080619812
13096,0.3364880084991455
13097,0.30111294984817505
13098,0.20974424481391907
13099,0.20927715301513672
13100,0.2819235026836395
13101,0.29587945342063904
13102,0.22197648882865906
13103,0.19721341133117676
13104,0.2459244281053543
13105,0.26249682903289795
13106,0.21911504864692688
13107,0.19356504082679749
13108,0.22285863757133484
13109,0.24054108560085297
13110,0.21194709837436676
13111,0.19263319671154022
13112,0.21077753603458405
13113,0.2235431969165802
13114,0.2068251371383667
13115,0.19248197972774506
13116,0.2027803510427475
13117,0.2127106785774231
13118,0.20273202657699585
13119,0.19267059862613678
13120,0.19790013134479523
13121,0.203701913356781
13122,0.198756143450737
13123,0.19265498220920563
13124,0.19540786743164062
13125,0.19872815907001495
13126,0.19529666006565094
13127,0.19224102795124054
13128,0.1942155361175537
13129,0.19649922847747803
13130,0.19402958452701569
13131,0.19197116792201996
13132,0.19402872025966644
13133,0.1956821084022522
13134,0.1939781904220581
13135,0.1919567584991455
13136,0.19378376007080078
13137,0.1957695633172989
13138,0.1943282186985016
13139,0.192128986120224
13140,0.19281227886676788
13141,0.195349782705307
13142,0.19502763450145721
13143,0.19253487884998322
13144,0.19188012182712555
13145,0.19374144077301025
13146,0.1949596405029297
13147,0.19335713982582092
13148,0.19159719347953796
13149,0.19211210310459137
13150,0.19360575079917908
13151,0.19359369575977325
13152,0.1920759081840515
13153,0.19135147333145142
13154,0.19212865829467773
13155,0.19282370805740356
13156,0.19230660796165466
13157,0.19140060245990753
13158,0.19133150577545166
13159,0.19190779328346252
13160,0.19202205538749695
13161,0.1914876252412796
13162,0.19110943377017975
13163,0.19128762185573578
13164,0.19159524142742157
13165,0.19144804775714874
13166,0.1910763680934906
13167,0.19100487232208252
13168,0.19120414555072784
13169,0.19130481779575348
13170,0.19107961654663086
13171,0.1908750683069229
13172,0.19095265865325928
13173,0.19110919535160065
13174,0.1910877674818039
13175,0.19085408747196198
13176,0.19075873494148254
13177,0.19089724123477936
13178,0.1910114735364914
13179,0.19092640280723572
13180,0.19069431722164154
13181,0.19065488874912262
13182,0.19082646071910858
13183,0.19093114137649536
13184,0.19082291424274445
13185,0.1905737668275833
13186,0.19053368270397186
13187,0.1907206028699875
13188,0.19085147976875305
13189,0.19076083600521088
13190,0.19048413634300232
13191,0.19039388000965118
13192,0.19057081639766693
13193,0.1907496303319931
13194,0.19072140753269196
13195,0.19043199717998505
13196,0.19025810062885284
13197,0.19038130342960358
13198,0.19059374928474426
13199,0.1906585991382599
13200,0.19040191173553467
13201,0.19015145301818848
13202,0.19018109142780304
13203,0.19037316739559174
13204,0.19051331281661987
13205,0.19033695757389069
13206,0.19007039070129395
13207,0.19001705944538116
13208,0.19014137983322144
13209,0.19029875099658966
13210,0.19020995497703552
13211,0.18999816477298737
13212,0.18993021547794342
13213,0.19000886380672455
13214,0.1901632696390152
13215,0.19020412862300873
13216,0.19023703038692474
13217,0.1905088573694229
13218,0.19114790856838226
13219,0.19236525893211365
13220,0.19439445436000824
13221,0.19817878305912018
13222,0.20565685629844666
13223,0.2199762463569641
13224,0.2465973049402237
13225,0.2920011281967163
13226,0.3605789542198181
13227,0.4383600950241089
13228,0.47913140058517456
13229,0.42538297176361084
13230,0.2932593822479248
13231,0.19735854864120483
13232,0.2190113067626953
13233,0.30682432651519775
13234,0.36058539152145386
13235,0.31997427344322205
13236,0.22613434493541718
13237,0.19560275971889496
13238,0.24918052554130554
13239,0.301909863948822
13240,0.28082937002182007
13241,0.21635159850120544
13242,0.1968524158000946
13243,0.22983451187610626
13244,0.25556981563568115
13245,0.22962650656700134
13246,0.19411036372184753
13247,0.20029394328594208
13248,0.22510547935962677
13249,0.2232612818479538
13250,0.19831304252147675
13251,0.192918598651886
13252,0.20924146473407745
13253,0.2177010178565979
13254,0.2041383981704712
13255,0.1908472776412964
13256,0.19863149523735046
13257,0.21168126165866852
13258,0.20751012861728668
13259,0.19386205077171326
13260,0.19159336388111115
13261,0.20211942493915558
13262,0.20637649297714233
13263,0.19811874628067017
13264,0.19115151464939117
13265,0.19395799934864044
13266,0.20140381157398224
13267,0.2010379433631897
13268,0.19439053535461426
13269,0.19148759543895721
13270,0.19482146203517914
13271,0.1987118273973465
13272,0.19758111238479614
13273,0.19374798238277435
13274,0.19215984642505646
13275,0.1935303956270218
13276,0.1955847144126892
13277,0.19547301530838013
13278,0.19366902112960815
13279,0.19235475361347198
13280,0.19199541211128235
13281,0.1929764300584793
13282,0.19388265907764435
13283,0.19361372292041779
13284,0.19227631390094757
13285,0.19087180495262146
13286,0.1911938637495041
13287,0.19259591400623322
13288,0.19319696724414825
13289,0.19214388728141785
13290,0.19025473296642303
13291,0.19002878665924072
13292,0.19152367115020752
13293,0.19263748824596405
13294,0.19203314185142517
13295,0.1900435984134674
13296,0.18932725489139557
13297,0.19056105613708496
13298,0.19198359549045563
13299,0.19193091988563538
13300,0.19008216261863708
13301,0.18895116448402405
13302,0.1897728443145752
13303,0.1912527233362198
13304,0.19172711670398712
13305,0.19021092355251312
13306,0.18880271911621094
13307,0.1891516149044037
13308,0.19047091901302338
13309,0.19129735231399536
13310,0.19019511342048645
13311,0.1887602061033249
13312,0.1887395679950714
13313,0.18975576758384705
13314,0.19068726897239685
13315,0.18995410203933716
13316,0.1886812001466751
13317,0.1884905844926834
13318,0.18920494616031647
13319,0.19003894925117493
13320,0.18953563272953033
13321,0.18850421905517578
13322,0.18832586705684662
13323,0.1888590306043625
13324,0.18954044580459595
13325,0.18911834061145782
13326,0.188277468085289
13327,0.18818360567092896
13328,0.18866224586963654
13329,0.18925628066062927
13330,0.18884681165218353
13331,0.18808886408805847
13332,0.1880379468202591
13333,0.18851009011268616
13334,0.18910060822963715
13335,0.1887175440788269
13336,0.18797139823436737
13337,0.18788476288318634
13338,0.18830807507038116
13339,0.18890723586082458
13340,0.18859730660915375
13341,0.18788288533687592
13342,0.18773993849754333
13343,0.1880590319633484
13344,0.18859906494617462
13345,0.18836547434329987
13346,0.1877487152814865
13347,0.18760976195335388
13348,0.18785212934017181
13349,0.1883068084716797
13350,0.18810847401618958
13351,0.18758906424045563
13352,0.18748769164085388
13353,0.18770691752433777
13354,0.18812158703804016
13355,0.18793970346450806
13356,0.18746381998062134
13357,0.18736712634563446
13358,0.18755483627319336
13359,0.18793700635433197
13360,0.1877833604812622
13361,0.18734586238861084
13362,0.18723741173744202
13363,0.18737070262432098
13364,0.18768662214279175
13365,0.1875569075345993
13366,0.1871965527534485
13367,0.18712404370307922
13368,0.1872594654560089
13369,0.187571719288826
13370,0.1874597817659378
13371,0.18710295855998993
13372,0.18699385225772858
13373,0.1870497167110443
13374,0.18724706768989563
13375,0.1871417909860611
13376,0.18691019713878632
13377,0.18691551685333252
13378,0.18710632622241974
13379,0.18751728534698486
13380,0.18751278519630432
13381,0.18715932965278625
13382,0.18699289858341217
13383,0.1869201809167862
13384,0.18690551817417145
13385,0.18737389147281647
13386,0.18916480243206024
13387,0.1929110735654831
13388,0.2004166841506958
13389,0.21588453650474548
13390,0.23749716579914093
13391,0.2715751528739929
13392,0.3267817795276642
13393,0.4093807339668274
13394,0.47159111499786377
13395,0.47545313835144043
13396,0.3624558746814728
13397,0.23368579149246216
13398,0.18972881138324738
13399,0.25003015995025635
13400,0.3314149081707001
13401,0.3454066514968872
13402,0.29463979601860046
13403,0.21297769248485565
13404,0.19145773351192474
13405,0.23059631884098053
13406,0.2556707262992859
13407,0.24585893750190735
13408,0.21095551550388336
13409,0.18984350562095642
13410,0.19737482070922852
13411,0.2074171006679535
13412,0.2051432579755783
13413,0.1936471313238144
13414,0.18860167264938354
13415,0.18978014588356018
13416,0.18886703252792358
13417,0.18888579308986664
13418,0.18854756653308868
13419,0.18731732666492462
13420,0.18731074035167694
13421,0.18861274421215057
13422,0.18922945857048035
13423,0.1893385499715805
13424,0.18869554996490479
13425,0.1870986372232437
13426,0.1905018836259842
13427,0.19531536102294922
13428,0.1952809989452362
13429,0.191078782081604
13430,0.18712571263313293
13431,0.1917186975479126
13432,0.2001911997795105
13433,0.20307864248752594
13434,0.19695305824279785
13435,0.18746595084667206
13436,0.19036641716957092
13437,0.20235970616340637
13438,0.20910939574241638
13439,0.2035127431154251
13440,0.18966299295425415
13441,0.18855524063110352
13442,0.20204192399978638
13443,0.21261203289031982
13444,0.20840127766132355
13445,0.19187556207180023
13446,0.1874540150165558
13447,0.20082643628120422
13448,0.21357889473438263
13449,0.21075907349586487
13450,0.19284217059612274
13451,0.18702872097492218
13452,0.20101194083690643
13453,0.21457265317440033
13454,0.21137890219688416
13455,0.19240422546863556
13456,0.18731467425823212
13457,0.2032526582479477
13458,0.21767017245292664
13459,0.21312741935253143
13460,0.19212386012077332
13461,0.187944695353508
13462,0.206685870885849
13463,0.22241587936878204
13464,0.21623201668262482
13465,0.19236533343791962
13466,0.18862144649028778
13467,0.21053585410118103
13468,0.22793042659759521
13469,0.21983852982521057
13470,0.19268734753131866
13471,0.1894017457962036
13472,0.21467149257659912
13473,0.23336072266101837
13474,0.22253093123435974
13475,0.19224320352077484
13476,0.19082202017307281
13477,0.22014661133289337
13478,0.23925480246543884
13479,0.2242645025253296
13480,0.19105757772922516
13481,0.19337192177772522
13482,0.22752979397773743
13483,0.24575644731521606
13484,0.224771648645401
13485,0.18927013874053955
13486,0.19781912863254547
13487,0.23718217015266418
13488,0.25216060876846313
13489,0.22320684790611267
13490,0.18722760677337646
13491,0.20482438802719116
13492,0.24820390343666077
13493,0.25601881742477417
13494,0.2179362177848816
13495,0.18571414053440094
13496,0.21508964896202087
13497,0.2585015594959259
13498,0.2539985775947571
13499,0.20835871994495392
13500,0.18659119307994843
13501,0.2279047966003418
13502,0.26396527886390686
13503,0.24352577328681946
13504,0.19674290716648102
13505,0.1918218582868576
13506,0.2393782138824463
13507,0.2594517767429352
13508,0.22528374195098877
13509,0.18780475854873657
13510,0.20059043169021606
13511,0.24276062846183777
13512,0.24284307658672333
13513,0.2050599306821823
13514,0.18538671731948853
13515,0.20796319842338562
13516,0.2337682545185089
13517,0.21937119960784912
13518,0.1906074434518814
13519,0.18843257427215576
13520,0.20878544449806213
13521,0.21621176600456238
13522,0.19894562661647797
13523,0.1851290762424469
13524,0.19207347929477692
13525,0.20295488834381104
13526,0.19914670288562775
13527,0.187712624669075
13528,0.18560844659805298
13529,0.19294174015522003
13530,0.19492831826210022
13531,0.18862797319889069
13532,0.184686079621315
13533,0.18761147558689117
13534,0.1913701444864273
13535,0.1887718141078949
13536,0.18479375541210175
13537,0.18579736351966858
13538,0.1889657974243164
13539,0.18914374709129333
13540,0.1855635643005371
13541,0.184811532497406
13542,0.18790897727012634
13543,0.1895100474357605
13544,0.18741066753864288
13545,0.18442946672439575
13546,0.1860276311635971
13547,0.1895938515663147
13548,0.1896442025899887
13549,0.18640808761119843
13550,0.18418331444263458
13551,0.18700018525123596
13552,0.1905214488506317
13553,0.1896984577178955
13554,0.1859888881444931
13555,0.1840924620628357
13556,0.18724681437015533
13557,0.19073829054832458
13558,0.18978694081306458
13559,0.1859893798828125
13560,0.1839333176612854
13561,0.1868143081665039
13562,0.19038903713226318
13563,0.18990108370780945
13564,0.18632204830646515
13565,0.18378441035747528
13566,0.1859457641839981
13567,0.1895895004272461
13568,0.18994095921516418
13569,0.1869143694639206
13570,0.18381765484809875
13571,0.1849459558725357
13572,0.18847256898880005
13573,0.18978486955165863
13574,0.18763169646263123
13575,0.18413150310516357
13576,0.18407613039016724
13577,0.18719114363193512
13578,0.189335897564888
13579,0.18827587366104126
13580,0.18468670547008514
13581,0.18350043892860413
13582,0.18592479825019836
13583,0.18858091533184052
13584,0.18864129483699799
13585,0.18531708419322968
13586,0.18324904143810272
13587,0.1848289668560028
13588,0.18758635222911835
13589,0.18856532871723175
13590,0.1857679933309555
13591,0.1832142323255539
13592,0.18401968479156494
13593,0.18655259907245636
13594,0.18810710310935974
13595,0.18591302633285522
13596,0.1832490712404251
13597,0.18349912762641907
13598,0.1856355220079422
13599,0.18738441169261932
13600,0.1857146918773651
13601,0.18327346444129944
13602,0.18334843218326569
13603,0.18528136610984802
13604,0.1872849464416504
13605,0.18628081679344177
13606,0.18456143140792847
13607,0.18547411262989044
13608,0.18879257142543793
13609,0.19367730617523193
13610,0.1987060010433197
13611,0.208390474319458
13612,0.2289152592420578
13613,0.26540932059288025
13614,0.3217361867427826
13615,0.3885684311389923
13616,0.44512635469436646
13617,0.45045122504234314
13618,0.3698199391365051
13619,0.24968110024929047
13620,0.18501262366771698
13621,0.21637070178985596
13622,0.2902199625968933
13623,0.323397159576416
13624,0.2810177505016327
13625,0.20875757932662964
13626,0.194148987531662
13627,0.23850400745868683
13628,0.2698969542980194
13629,0.2504730820655823
13630,0.20873548090457916
13631,0.1984403282403946
13632,0.22098758816719055
13633,0.23425284028053284
13634,0.21838334202766418
13635,0.1981712430715561
13636,0.2003915160894394
13637,0.21103304624557495
13638,0.20791172981262207
13639,0.1968095600605011
13640,0.19334758818149567
13641,0.19940859079360962
13642,0.20206573605537415
13643,0.19417041540145874
13644,0.1874876320362091
13645,0.1909271627664566
13646,0.19618776440620422
13647,0.19384118914604187
13648,0.18697983026504517
13649,0.18502895534038544
13650,0.1884462833404541
13651,0.1902647763490677
13652,0.18752071261405945
13653,0.18381960690021515
13654,0.1841070055961609
13655,0.1861858367919922
13656,0.18585087358951569
13657,0.1839938759803772
13658,0.18303132057189941
13659,0.18380685150623322
13660,0.18428972363471985
13661,0.18352042138576508
13662,0.1828017383813858
13663,0.18294472992420197
13664,0.1835959106683731
13665,0.1831716001033783
13666,0.18240009248256683
13667,0.1826060712337494
13668,0.1832636594772339
13669,0.183488667011261
13670,0.18256548047065735
13671,0.1820094734430313
13672,0.18273043632507324
13673,0.1836921125650406
13674,0.18374009430408478
13675,0.18239189684391022
13676,0.18181806802749634
13677,0.18283800780773163
13678,0.18405939638614655
13679,0.18422994017601013
13680,0.18265964090824127
13681,0.18171659111976624
13682,0.18262973427772522
13683,0.18404607474803925
13684,0.18455028533935547
13685,0.18303358554840088
13686,0.18175292015075684
13687,0.1823171079158783
13688,0.18364901840686798
13689,0.18440823256969452
13690,0.1831110119819641
13691,0.18171827495098114
13692,0.18203946948051453
13693,0.18318866193294525
13694,0.18397320806980133
13695,0.1828228235244751
13696,0.18143755197525024
13697,0.18167710304260254
13698,0.18280591070652008
13699,0.1836804449558258
13700,0.18263903260231018
13701,0.18119926750659943
13702,0.18126526474952698
13703,0.18234720826148987
13704,0.1834343671798706
13705,0.18264256417751312
13706,0.1811870038509369
13707,0.18100161850452423
13708,0.18185371160507202
13709,0.18301336467266083
13710,0.18251006305217743
13711,0.181162491440773
13712,0.18079128861427307
13713,0.18129965662956238
13714,0.18225440382957458
13715,0.18196320533752441
13716,0.18093489110469818
13717,0.18063044548034668
13718,0.18094047904014587
13719,0.18160167336463928
13720,0.18133576214313507
13721,0.18062083423137665
13722,0.18054616451263428
13723,0.1809430718421936
13724,0.18159140646457672
13725,0.1812668889760971
13726,0.18050920963287354
13727,0.18039962649345398
13728,0.18076926469802856
13729,0.18143901228904724
13730,0.1811952441930771
13731,0.1804456263780594
13732,0.18023182451725006
13733,0.18042096495628357
13734,0.18090979754924774
13735,0.18073497712612152
13736,0.18020646274089813
13737,0.18011943995952606
13738,0.18035665154457092
13739,0.18087680637836456
13740,0.1807292103767395
13741,0.18017303943634033
13742,0.17999720573425293
13743,0.18005703389644623
13744,0.18029163777828217
13745,0.18016421794891357
13746,0.18005472421646118
13747,0.18048717081546783
13748,0.18158277869224548
13749,0.18379426002502441
13750,0.1857612431049347
13751,0.1877829134464264
13752,0.19296446442604065
13753,0.2036639004945755
13754,0.22480808198451996
13755,0.26552364230155945
13756,0.3369458317756653
13757,0.4256227910518646
13758,0.5003234148025513
13759,0.46477609872817993
13760,0.32322007417678833
13761,0.1946425586938858
13762,0.2104073017835617
13763,0.3236488997936249
13764,0.41268789768218994
13765,0.37435364723205566
13766,0.23492790758609772
13767,0.18795041739940643
13768,0.269052654504776
13769,0.3485889136791229
13770,0.3024890124797821
13771,0.20127905905246735
13772,0.2052421271800995
13773,0.2687726318836212
13774,0.29883137345314026
13775,0.2365320771932602
13776,0.18303661048412323
13777,0.21720729768276215
13778,0.2553125321865082
13779,0.23667919635772705
13780,0.18411889672279358
13781,0.2107175886631012
13782,0.2656458616256714
13783,0.26309704780578613
13784,0.20351575314998627
13785,0.1930565983057022
13786,0.2622045576572418
13787,0.28311076760292053
13788,0.227229505777359
13789,0.1932690590620041
13790,0.22775444388389587
13791,0.26978904008865356
13792,0.23762375116348267
13793,0.20277553796768188
13794,0.21423430740833282
13795,0.23613283038139343
13796,0.22736629843711853
13797,0.20606094598770142
13798,0.2115006446838379
13799,0.21856187283992767
13800,0.20615851879119873
13801,0.19926145672798157
13802,0.20732279121875763
13803,0.20919811725616455
13804,0.19350992143154144
13805,0.18741749227046967
13806,0.1999262571334839
13807,0.2047560214996338
13808,0.19101710617542267
13809,0.18068328499794006
13810,0.18899887800216675
13811,0.19790643453598022
13812,0.19160088896751404
13813,0.18113656342029572
13814,0.18202455341815948
13815,0.1888209879398346
13816,0.18966631591320038
13817,0.18451911211013794
13818,0.18146343529224396
13819,0.1827075332403183
13820,0.1846693903207779
13821,0.185373917222023
13822,0.18409748375415802
13823,0.1817605197429657
13824,0.1806737780570984
13825,0.18215182423591614
13826,0.18435996770858765
13827,0.18351338803768158
13828,0.18045631051063538
13829,0.17937542498111725
13830,0.18133439123630524
13831,0.18304914236068726
13832,0.18175658583641052
13833,0.17949292063713074
13834,0.17918920516967773
13835,0.1805369257926941
13836,0.1810857057571411
13837,0.18015360832214355
13838,0.17917947471141815
13839,0.17920276522636414
13840,0.17960195243358612
13841,0.17952361702919006
13842,0.1792001575231552
13843,0.17905862629413605
13844,0.17905588448047638
13845,0.17891563475131989
13846,0.17870834469795227
13847,0.17871776223182678
13848,0.17884258925914764
13849,0.17879582941532135
13850,0.17856474220752716
13851,0.17842581868171692
13852,0.17850108444690704
13853,0.17858432233333588
13854,0.17851054668426514
13855,0.1783607006072998
13856,0.17834675312042236
13857,0.17842473089694977
13858,0.17841985821723938
13859,0.17829196155071259
13860,0.17816895246505737
13861,0.17821884155273438
13862,0.17833773791790009
13863,0.17834024131298065
13864,0.1782049685716629
13865,0.17803946137428284
13866,0.17803171277046204
13867,0.1781383454799652
13868,0.17818889021873474
13869,0.17812536656856537
13870,0.17797589302062988
13871,0.17790788412094116
13872,0.17794515192508698
13873,0.17796914279460907
13874,0.1779249906539917
13875,0.17781156301498413
13876,0.1777576208114624
13877,0.1777961552143097
13878,0.17782068252563477
13879,0.17776812613010406
13880,0.17763751745224
13881,0.1775628626346588
13882,0.177598237991333
13883,0.1776592880487442
13884,0.17766006290912628
13885,0.1775425374507904
13886,0.17743006348609924
13887,0.17742401361465454
13888,0.1774861067533493
13889,0.17754213511943817
13890,0.17746828496456146
13891,0.17733179032802582
13892,0.17726032435894012
13893,0.17725515365600586
13894,0.1772812306880951
13895,0.17725078761577606
13896,0.1771768480539322
13897,0.17712925374507904
13898,0.17711567878723145
13899,0.1771296262741089
13900,0.1771019995212555
13901,0.17703892290592194
13902,0.17699535191059113
13903,0.1769670993089676
13904,0.17694762349128723
13905,0.1769295036792755
13906,0.17694373428821564
13907,0.17701369524002075
13908,0.17716751992702484
13909,0.1774684488773346
13910,0.17784753441810608
13911,0.17845185101032257
13912,0.1797606498003006
13913,0.18248620629310608
13914,0.18798401951789856
13915,0.1991383582353592
13916,0.2205629050731659
13917,0.26154160499572754
13918,0.3247199058532715
13919,0.4063294529914856
13920,0.4314427971839905
13921,0.3690779209136963
13922,0.2448030710220337
13923,0.1789926439523697
13924,0.2174377590417862
13925,0.2894349992275238
13926,0.31757479906082153
13927,0.2727213501930237
13928,0.20258945226669312
13929,0.1801823377609253
13930,0.21486127376556396
13931,0.24136224389076233
13932,0.22586581110954285
13933,0.19217844307422638
13934,0.18012140691280365
13935,0.1956462413072586
13936,0.20674467086791992
13937,0.1965528130531311
13938,0.18031921982765198
13939,0.17985916137695312
13940,0.1889001876115799
13941,0.19083859026432037
13942,0.18502306938171387
13943,0.1797783076763153
13944,0.18087615072727203
13945,0.18436262011528015
13946,0.18630757927894592
13947,0.18506178259849548
13948,0.18326881527900696
13949,0.1824936717748642
13950,0.181277796626091
13951,0.18468137085437775
13952,0.1888996660709381
13953,0.18786072731018066
13954,0.18304970860481262
13955,0.17902638018131256
13956,0.18433550000190735
13957,0.1925474852323532
13958,0.1926572322845459
13959,0.18477648496627808
13960,0.1773887574672699
13961,0.18337105214595795
13962,0.19480964541435242
13963,0.19670552015304565
13964,0.1877346932888031
13965,0.17713116109371185
13966,0.1816110610961914
13967,0.19484204053878784
13968,0.1989494115114212
13969,0.1901974081993103
13970,0.17756050825119019
13971,0.18011154234409332
13972,0.19356879591941833
13973,0.19935715198516846
13974,0.1916002333164215
13975,0.17800559103488922
13976,0.17923104763031006
13977,0.19253677129745483
13978,0.19912691414356232
13979,0.19215521216392517
13980,0.17829369008541107
13981,0.17882272601127625
13982,0.1921309232711792
13983,0.19944162666797638
13984,0.19304947555065155
13985,0.17867499589920044
13986,0.17857427895069122
13987,0.19214802980422974
13988,0.2003217488527298
13989,0.19443143904209137
13990,0.1792048215866089
13991,0.17833414673805237
13992,0.19238018989562988
13993,0.2016165852546692
13994,0.1962423324584961
13995,0.17990073561668396
13996,0.17805321514606476
13997,0.19261041283607483
13998,0.20294325053691864
13999,0.19797565042972565
14000,0.18046687543392181
14001,0.17788845300674438
14002,0.19318588078022003
14003,0.20454904437065125
14004,0.19974704086780548
14005,0.1809197962284088
14006,0.177837073802948
14007,0.19421496987342834
14008,0.20659281313419342
14009,0.20158696174621582
14010,0.18119432032108307
14011,0.17800867557525635
14012,0.19602273404598236
14013,0.20942293107509613
14014,0.20371536910533905
14015,0.1813487559556961
14016,0.17843610048294067
14017,0.19870345294475555
14018,0.21306030452251434
14019,0.20597252249717712
14020,0.18125973641872406
14021,0.17928285896778107
14022,0.20252491533756256
14023,0.21752402186393738
14024,0.20810657739639282
14025,0.18081708252429962
14026,0.18075183033943176
14027,0.2076723873615265
14028,0.2226259857416153
14029,0.2096497118473053
14030,0.1798882633447647
14031,0.18325501680374146
14032,0.21449925005435944
14033,0.2281036078929901
14034,0.21002452075481415
14035,0.17849722504615784
14036,0.1873302161693573
14037,0.22308048605918884
14038,0.23317626118659973
14039,0.20842067897319794
14040,0.17692714929580688
14041,0.19360168278217316
14042,0.23289278149604797
14043,0.23628491163253784
14044,0.2039596289396286
14045,0.1759435534477234
14046,0.20232689380645752
14047,0.2420494109392166
14048,0.2350780963897705
14049,0.19641518592834473
14050,0.1768677979707718
14051,0.21257783472537994
14052,0.24697719514369965
14053,0.2273866832256317
14054,0.187211275100708
14055,0.1809319108724594
14056,0.22134891152381897
14057,0.24346327781677246
14058,0.21332517266273499
14059,0.17962604761123657
14060,0.18762853741645813
14061,0.2239847332239151
14062,0.2297576516866684
14063,0.1967146247625351
14064,0.17660287022590637
14065,0.19367295503616333
14066,0.21753346920013428
14067,0.20978038012981415
14068,0.1833658516407013
14069,0.1778489053249359
14070,0.19513943791389465
14071,0.2042197585105896
14072,0.19120270013809204
14073,0.17647197842597961
14074,0.18012607097625732
14075,0.1913052350282669
14076,0.19013658165931702
14077,0.1793736070394516
14078,0.17475856840610504
14079,0.18076704442501068
14080,0.18502329289913177
14081,0.18019624054431915
14082,0.17449697852134705
14083,0.17524223029613495
14084,0.1796049326658249
14085,0.17948070168495178
14086,0.17536048591136932
14087,0.17390169203281403
14088,0.17606617510318756
14089,0.17783889174461365
14090,0.1759592741727829
14091,0.1739700585603714
14092,0.17498807609081268
14093,0.17675980925559998
14094,0.17647549510002136
14095,0.17419441044330597
14096,0.1740228682756424
14097,0.17622734606266022
14098,0.17733779549598694
14099,0.17584754526615143
14100,0.17352648079395294
14101,0.17433901131153107
14102,0.17703425884246826
14103,0.17779158055782318
14104,0.17578125
14105,0.17339836061000824
14106,0.17451371252536774
14107,0.17741091549396515
14108,0.17815713584423065
14109,0.1760004460811615
14110,0.17338745296001434
14111,0.17437396943569183
14112,0.17746086418628693
14113,0.17856737971305847
14114,0.17650997638702393
14115,0.17341184616088867
14116,0.17381739616394043
14117,0.17703384160995483
14118,0.17888930439949036
14119,0.17736810445785522
14120,0.1737600415945053
14121,0.1731303185224533
14122,0.17610251903533936
14123,0.17877011001110077
14124,0.1782536655664444
14125,0.17448841035366058
14126,0.17269544303417206
14127,0.1749851256608963
14128,0.17814254760742188
14129,0.17878428101539612
14130,0.1753050982952118
14131,0.17255905270576477
14132,0.17391440272331238
14133,0.17708058655261993
14134,0.17868605256080627
14135,0.17584428191184998
14136,0.17263132333755493
14137,0.17312249541282654
14138,0.17587703466415405
14139,0.17795497179031372
14140,0.17580546438694
14141,0.1726534515619278
14142,0.17265816032886505
14143,0.17491790652275085
14144,0.17705145478248596
14145,0.1753913015127182
14146,0.17254476249217987
14147,0.17240534722805023
14148,0.174307718873024
14149,0.17633697390556335
14150,0.1749354898929596
14151,0.17237204313278198
14152,0.172238290309906
14153,0.17393016815185547
14154,0.17584964632987976
14155,0.1745801866054535
14156,0.17220665514469147
14157,0.1720961481332779
14158,0.17367050051689148
14159,0.17554976046085358
14160,0.17437754571437836
14161,0.1720852553844452
14162,0.17192555963993073
14163,0.1733858436346054
14164,0.1752895712852478
14165,0.17427021265029907
14166,0.17202219367027283
14167,0.17172031104564667
14168,0.17294205725193024
14169,0.17474053800106049
14170,0.17391204833984375
14171,0.17187808454036713
14172,0.17156392335891724
14173,0.17261449992656708
14174,0.17431223392486572
14175,0.1736321896314621
14176,0.17177841067314148
14177,0.17144571244716644
14178,0.1722857654094696
14179,0.17373336851596832
14180,0.1731751710176468
14181,0.1717597097158432
14182,0.17184507846832275
14183,0.17322462797164917
14184,0.1756853610277176
14185,0.17640531063079834
14186,0.17651543021202087
14187,0.17938005924224854
14188,0.18585090339183807
14189,0.19753849506378174
14190,0.21762588620185852
14191,0.25249144434928894
14192,0.3072792887687683
14193,0.37514394521713257
14194,0.42348840832710266
14195,0.3978120684623718
14196,0.29112425446510315
14197,0.19323144853115082
14198,0.18075494468212128
14199,0.24303749203681946
14200,0.2987250089645386
14201,0.2899182140827179
14202,0.22752068936824799
14203,0.17889618873596191
14204,0.19547094404697418
14205,0.23615413904190063
14206,0.2440270632505417
14207,0.21466359496116638
14208,0.1841461956501007
14209,0.18852443993091583
14210,0.20993603765964508
14211,0.21594899892807007
14212,0.20225127041339874
14213,0.19040971994400024
14214,0.19195231795310974
14215,0.19345824420452118
14216,0.19613933563232422
14217,0.1998576670885086
14218,0.2022862732410431
14219,0.1999579668045044
14220,0.18603558838367462
14221,0.18460682034492493
14222,0.2020387053489685
14223,0.2162104696035385
14224,0.20877689123153687
14225,0.18272274732589722
14226,0.17957399785518646
14227,0.20537523925304413
14228,0.22468751668930054
14229,0.21205735206604004
14230,0.1790456473827362
14231,0.17865726351737976
14232,0.2110055834054947
14233,0.230411559343338
14234,0.2118360549211502
14235,0.17590656876564026
14236,0.1811118721961975
14237,0.21891655027866364
14238,0.23522278666496277
14239,0.20860479772090912
14240,0.17288945615291595
14241,0.18841184675693512
14242,0.23104515671730042
14243,0.24084149301052094
14244,0.20487383008003235
14245,0.17166951298713684
14246,0.1989634782075882
14247,0.24301883578300476
14248,0.2414243519306183
14249,0.19703951478004456
14250,0.17267021536827087
14251,0.21196147799491882
14252,0.25013116002082825
14253,0.23339420557022095
14254,0.1864580512046814
14255,0.1770496666431427
14256,0.22294224798679352
14257,0.24659836292266846
14258,0.216045081615448
14259,0.1767808496952057
14260,0.18498392403125763
14261,0.22743888199329376
14262,0.23191094398498535
14263,0.19609162211418152
14264,0.1729733794927597
14265,0.19228650629520416
14266,0.2205250859260559
14267,0.20990309119224548
14268,0.18069647252559662
14269,0.1746094971895218
14270,0.19378064572811127
14271,0.20439349114894867
14272,0.18911196291446686
14273,0.17333941161632538
14274,0.177291601896286
14275,0.1884787529706955
14276,0.18716388940811157
14277,0.17617064714431763
14278,0.1720360368490219
14279,0.17778867483139038
14280,0.18067967891693115
14281,0.17572881281375885
14282,0.17139290273189545
14283,0.1729196459054947
14284,0.17620527744293213
14285,0.17450137436389923
14286,0.17093293368816376
14287,0.1712462455034256
14288,0.17371544241905212
14289,0.17408934235572815
14290,0.17115657031536102
14291,0.1702064722776413
14292,0.17260447144508362
14293,0.1740526705980301
14294,0.17248979210853577
14295,0.1698930710554123
14296,0.17098765075206757
14297,0.17397980391979218
14298,0.17422674596309662
14299,0.17162999510765076
14300,0.16955876350402832
14301,0.1717694103717804
14302,0.17489776015281677
14303,0.17447812855243683
14304,0.17138296365737915
14305,0.16942773759365082
14306,0.17195375263690948
14307,0.17524637281894684
14308,0.17484809458255768
14309,0.17161568999290466
14310,0.1693040430545807
14311,0.1715114563703537
14312,0.17502173781394958
14313,0.1752185821533203
14314,0.172227144241333
14315,0.16930074989795685
14316,0.17068839073181152
14317,0.17428112030029297
14318,0.1753966212272644
14319,0.1730642467737198
14320,0.1695653349161148
14321,0.16981938481330872
14322,0.17319078743457794
14323,0.17523235082626343
14324,0.17389117181301117
14325,0.17010068893432617
14326,0.16915254294872284
14327,0.17196844518184662
14328,0.1746819019317627
14329,0.17445866763591766
14330,0.17074212431907654
14331,0.1687718629837036
14332,0.170828714966774
14333,0.17384055256843567
14334,0.17461922764778137
14335,0.17126761376857758
14336,0.1686113178730011
14337,0.16990332305431366
14338,0.17288148403167725
14339,0.17439015209674835
14340,0.1715414822101593
14341,0.1685597002506256
14342,0.1692332774400711
14343,0.1719706505537033
14344,0.17390133440494537
14345,0.17155033349990845
14346,0.16852955520153046
14347,0.16879716515541077
14348,0.17122401297092438
14349,0.1733272820711136
14350,0.17136386036872864
14351,0.16845789551734924
14352,0.16852517426013947
14353,0.17068946361541748
14354,0.17282797396183014
14355,0.17111718654632568
14356,0.16834329068660736
14357,0.1683153212070465
14358,0.17028506100177765
14359,0.17242078483104706
14360,0.17088699340820312
14361,0.16822431981563568
14362,0.16813291609287262
14363,0.16994281113147736
14364,0.17206119000911713
14365,0.1706705391407013
14366,0.16810546815395355
14367,0.1679624319076538
14368,0.16963551938533783
14369,0.17173907160758972
14370,0.17047952115535736
14371,0.16799244284629822
14372,0.16778016090393066
14373,0.16931015253067017
14374,0.17139935493469238
14375,0.17029038071632385
14376,0.1678931564092636
14377,0.1675967425107956
14378,0.1689426302909851
14379,0.17096009850502014
14380,0.1700124442577362
14381,0.16776809096336365
14382,0.16742931306362152
14383,0.1685839146375656
14384,0.1704583466053009
14385,0.1696360856294632
14386,0.16759447753429413
14387,0.16729089617729187
14388,0.16832901537418365
14389,0.17009258270263672
14390,0.16935116052627563
14391,0.16744649410247803
14392,0.1671457439661026
14393,0.16807158291339874
14394,0.16974510252475739
14395,0.1691034883260727
14396,0.16732293367385864
14397,0.16699039936065674
14398,0.16775104403495789
14399,0.16925153136253357
14400,0.1687021255493164
14401,0.16713085770606995
14402,0.16686342656612396
14403,0.16756229102611542
14404,0.16898417472839355
14405,0.16850271821022034
14406,0.16702303290367126
14407,0.16671426594257355
14408,0.1672433614730835
14409,0.1684390753507614
14410,0.1680191457271576
14411,0.16680167615413666
14412,0.16666260361671448
14413,0.16732503473758698
14414,0.16876499354839325
14415,0.16859379410743713
14416,0.16743913292884827
14417,0.16732023656368256
14418,0.16800236701965332
14419,0.1695667952299118
14420,0.17176586389541626
14421,0.1770680844783783
14422,0.18895770609378815
14423,0.2119065374135971
14424,0.25530049204826355
14425,0.3118121027946472
14426,0.37832698225975037
14427,0.4175891876220703
14428,0.39022138714790344
14429,0.28225141763687134
14430,0.1872655600309372
14431,0.174653097987175
14432,0.23174311220645905
14433,0.29380154609680176
14434,0.2972564101219177
14435,0.23738999664783478
14436,0.17737776041030884
14437,0.1857972890138626
14438,0.2373751848936081
14439,0.26113155484199524
14440,0.22592218220233917
14441,0.17705528438091278
14442,0.180038720369339
14443,0.2223365157842636
14444,0.23723900318145752
14445,0.20315039157867432
14446,0.17106322944164276
14447,0.1793394833803177
14448,0.20576706528663635
14449,0.20935334265232086
14450,0.18312209844589233
14451,0.16707856953144073
14452,0.17974413931369781
14453,0.19394713640213013
14454,0.18952339887619019
14455,0.17328695952892303
14456,0.1685987114906311
14457,0.1788952648639679
14458,0.18561403453350067
14459,0.180631622672081
14460,0.17063751816749573
14461,0.17041362822055817
14462,0.17785494029521942
14463,0.18171344697475433
14464,0.18003039062023163
14465,0.17256058752536774
14466,0.17002305388450623
14467,0.17482545971870422
14468,0.1795722097158432
14469,0.1816837191581726
14470,0.17512448132038116
14471,0.16914980113506317
14472,0.17145609855651855
14473,0.17781488597393036
14474,0.18319590389728546
14475,0.17697623372077942
14476,0.1684977412223816
14477,0.16891495883464813
14478,0.17568889260292053
14479,0.1827455461025238
14480,0.17681202292442322
14481,0.16759999096393585
14482,0.16782186925411224
14483,0.17479199171066284
14484,0.18218329548835754
14485,0.17616702616214752
14486,0.16681163012981415
14487,0.16740918159484863
14488,0.17481321096420288
14489,0.18228723108768463
14490,0.1757502555847168
14491,0.16627635061740875
14492,0.16748113930225372
14493,0.17568068206310272
14494,0.18377050757408142
14495,0.17658475041389465
14496,0.16620461642742157
14497,0.16741089522838593
14498,0.17626464366912842
14499,0.18531380593776703
14500,0.177801713347435
14501,0.16638723015785217
14502,0.16724763810634613
14503,0.17648163437843323
14504,0.1864459067583084
14505,0.17890599370002747
14506,0.16668032109737396
14507,0.16704639792442322
14508,0.1762666404247284
14509,0.186738058924675
14510,0.17920160293579102
14511,0.16672176122665405
14512,0.16713277995586395
14513,0.17649133503437042
14514,0.1872486025094986
14515,0.17937235534191132
14516,0.16662059724330902
14517,0.16741181910037994
14518,0.17729362845420837
14519,0.18845359981060028
14520,0.17984111607074738
14521,0.16649477183818817
14522,0.16781671345233917
14523,0.1786784529685974
14524,0.190654456615448
14525,0.1810493767261505
14526,0.16651014983654022
14527,0.16810525953769684
14528,0.180090069770813
14529,0.19319479167461395
14530,0.18257780373096466
14531,0.16657595336437225
14532,0.16832709312438965
14533,0.18150417506694794
14534,0.19586247205734253
14535,0.1841883361339569
14536,0.16662295162677765
14537,0.16855666041374207
14538,0.18301591277122498
14539,0.1986197680234909
14540,0.18566429615020752
14541,0.16654285788536072
14542,0.16900372505187988
14543,0.18512162566184998
14544,0.20207320153713226
14545,0.1873456835746765
14546,0.16639643907546997
14547,0.16974709928035736
14548,0.1880936473608017
14549,0.206644207239151
14550,0.18947955965995789
14551,0.16624405980110168
14552,0.17091691493988037
14553,0.19223719835281372
14554,0.21270732581615448
14555,0.1922033578157425
14556,0.1661088913679123
14557,0.17276176810264587
14558,0.19802582263946533
14559,0.2206268012523651
14560,0.19541656970977783
14561,0.16595272719860077
14562,0.17588187754154205
14563,0.20647895336151123
14564,0.23109421133995056
14565,0.19892685115337372
14566,0.1657959371805191
14567,0.18148736655712128
14568,0.21934422850608826
14569,0.24491986632347107
14570,0.20205409824848175
14571,0.16593515872955322
14572,0.19227220118045807
14573,0.23964840173721313
14574,0.26256024837493896
14575,0.2030661255121231
14576,0.16793201863765717
14577,0.21421116590499878
14578,0.27160435914993286
14579,0.2814300060272217
14580,0.1981697678565979
14581,0.1781006157398224
14582,0.25944989919662476
14583,0.3165072202682495
14584,0.2884202003479004
14585,0.18419411778450012
14586,0.21650893986225128
14587,0.34212297201156616
14588,0.3534679412841797
14589,0.2543504238128662
14590,0.1817806512117386
14591,0.3151867091655731
14592,0.42740994691848755
14593,0.31459251046180725
14594,0.1946326643228531
14595,0.26300519704818726
14596,0.41149023175239563
14597,0.358989953994751
14598,0.21033331751823425
14599,0.2434145212173462
14600,0.3519890308380127
14601,0.3068636357784271
14602,0.21053969860076904
14603,0.24418136477470398
14604,0.2817552983760834
14605,0.23452356457710266
14606,0.20280370116233826
14607,0.23509739339351654
14608,0.23211517930030823
14609,0.1866544485092163
14610,0.19887641072273254
14611,0.21714149415493011
14612,0.18603141605854034
14613,0.16935868561267853
14614,0.19584840536117554
14615,0.1967334747314453
14616,0.16950476169586182
14617,0.17157191038131714
14618,0.1880081295967102
14619,0.18086494505405426
14620,0.17001578211784363
14621,0.18063659965991974
14622,0.18212834000587463
14623,0.17072072625160217
14624,0.17216096818447113
14625,0.181182861328125
14626,0.17542503774166107
14627,0.16576308012008667
14628,0.17179495096206665
14629,0.17621734738349915
14630,0.16913984715938568
14631,0.16394081711769104
14632,0.16854162514209747
14633,0.17084470391273499
14634,0.16551032662391663
14635,0.16360139846801758
14636,0.16561254858970642
14637,0.16577115654945374
14638,0.16374917328357697
14639,0.16363239288330078
14640,0.16431757807731628
14641,0.16354478895664215
14642,0.16328543424606323
14643,0.16379547119140625
14644,0.16377706825733185
14645,0.16311430931091309
14646,0.1639895886182785
14647,0.16473700106143951
14648,0.16376817226409912
14649,0.1629333198070526
14650,0.1639043539762497
14651,0.16541996598243713
14652,0.1645626276731491
14653,0.1630888730287552
14654,0.16336488723754883
14655,0.1646244078874588
14656,0.1648213267326355
14657,0.16364170610904694
14658,0.16320379078388214
14659,0.16370335221290588
14660,0.16396722197532654
14661,0.1636202186346054
14662,0.16326437890529633
14663,0.1634029895067215
14664,0.16338467597961426
14665,0.16301588714122772
14666,0.16283497214317322
14667,0.16306346654891968
14668,0.16327227652072906
14669,0.16295215487480164
14670,0.16244511306285858
14671,0.16236473619937897
14672,0.16270214319229126
14673,0.16292595863342285
14674,0.16268575191497803
14675,0.16224779188632965
14676,0.16206854581832886
14677,0.16223658621311188
14678,0.1624593734741211
14679,0.16245299577713013
14680,0.16221286356449127
14681,0.1619628518819809
14682,0.16189096868038177
14683,0.1619747132062912
14684,0.16207288205623627
14685,0.1620573252439499
14686,0.16192734241485596
14687,0.16178493201732635
14688,0.16170430183410645
14689,0.16169604659080505
14690,0.16171792149543762
14691,0.1617143303155899
14692,0.16166691482067108
14693,0.16159960627555847
14694,0.16154447197914124
14695,0.1615244299173355
14696,0.16152603924274445
14697,0.1615026593208313
14698,0.16144748032093048
14699,0.1613846868276596
14700,0.1613418608903885
14701,0.16134712100028992
14702,0.1613714098930359
14703,0.16137611865997314
14704,0.16134977340698242
14705,0.16128091514110565
14706,0.16122092306613922
14707,0.16120541095733643
14708,0.16121159493923187
14709,0.16121216118335724
14710,0.1611873060464859
14711,0.1611630618572235
14712,0.1611759513616562
14713,0.16125178337097168
14714,0.16142287850379944
14715,0.16165705025196075
14716,0.16202200949192047
14717,0.16275998950004578
14718,0.16422560811042786
14719,0.16708749532699585
14720,0.1726013571023941
14721,0.18289591372013092
14722,0.20154300332069397
14723,0.2301836460828781
14724,0.2648085355758667
14725,0.27950507402420044
14726,0.2558474540710449
14727,0.20324882864952087
14728,0.16509327292442322
14729,0.16936974227428436
14730,0.19913813471794128
14731,0.22156570851802826
14732,0.21900877356529236
14733,0.1938362866640091
14734,0.16740231215953827
14735,0.1624213606119156
14736,0.175070658326149
14737,0.1873580515384674
14738,0.1863948106765747
14739,0.17356909811496735
14740,0.16331711411476135
14741,0.16429366171360016
14742,0.17090120911598206
14743,0.1741679608821869
14744,0.17146721482276917
14745,0.16659671068191528
14746,0.16429322957992554
14747,0.1651703119277954
14748,0.16631364822387695
14749,0.16611209511756897
14750,0.16566559672355652
14751,0.1651168167591095
14752,0.16393472254276276
14753,0.1628641039133072
14754,0.162639319896698
14755,0.16348393261432648
14756,0.16429196298122406
14757,0.16340798139572144
14758,0.16157802939414978
14759,0.16093164682388306
14760,0.16180813312530518
14761,0.1628223955631256
14762,0.1626507192850113
14763,0.16129523515701294
14764,0.16030164062976837
14765,0.1605885773897171
14766,0.1613415628671646
14767,0.16159355640411377
14768,0.1610821932554245
14769,0.1603231132030487
14770,0.160057932138443
14771,0.16031019389629364
14772,0.16059762239456177
14773,0.16061213612556458
14774,0.16036012768745422
14775,0.16004815697669983
14776,0.15991196036338806
14777,0.1599598079919815
14778,0.16004019975662231
14779,0.16006943583488464
14780,0.1600019931793213
14781,0.15986773371696472
14782,0.15976350009441376
14783,0.1597122997045517
14784,0.15969346463680267
14785,0.15969082713127136
14786,0.15967321395874023
14787,0.15963734686374664
14788,0.15959708392620087
14789,0.15954622626304626
14790,0.15948845446109772
14791,0.15943780541419983
14792,0.15939803421497345
14793,0.159372940659523
14794,0.15936271846294403
14795,0.1593521684408188
14796,0.1593324840068817
14797,0.1593029797077179
14798,0.15926209092140198
14799,0.1592179387807846
14800,0.15917526185512543
14801,0.15913505852222443
14802,0.15910328924655914
14803,0.15907885134220123
14804,0.1590561419725418
14805,0.1590331494808197
14806,0.15900792181491852
14807,0.15898026525974274
14808,0.15895283222198486
14809,0.15892596542835236
14810,0.15890203416347504
14811,0.158885195851326
14812,0.1588742882013321
14813,0.15887248516082764
14814,0.1588866263628006
14815,0.15890930593013763
14816,0.15895219147205353
14817,0.15905430912971497
14818,0.1592642217874527
14819,0.15967419743537903
14820,0.16043487191200256
14821,0.16187040507793427
14822,0.16471755504608154
14823,0.17028085887432098
14824,0.18123094737529755
14825,0.1996287703514099
14826,0.2296946942806244
14827,0.2701584994792938
14828,0.31011533737182617
14829,0.3144494593143463
14830,0.27056753635406494
14831,0.2002418488264084
14832,0.16091124713420868
14833,0.1735788732767105
14834,0.21741101145744324
14835,0.2547916769981384
14836,0.2545950412750244
14837,0.2197888195514679
14838,0.1751762330532074
14839,0.16086521744728088
14840,0.17666925489902496
14841,0.19372107088565826
14842,0.19546543061733246
14843,0.17839962244033813
14844,0.16182644665241241
14845,0.1610836237668991
14846,0.16848543286323547
14847,0.17414207756519318
14848,0.17238546907901764
14849,0.16447287797927856
14850,0.15904171764850616
14851,0.16029143333435059
14852,0.16446366906166077
14853,0.16699407994747162
14854,0.1656864881515503
14855,0.16122251749038696
14856,0.1589808613061905
14857,0.16087916493415833
14858,0.16387639939785004
14859,0.16527287662029266
14860,0.16312207281589508
14861,0.1604304015636444
14862,0.16052669286727905
14863,0.1627281755208969
14864,0.16462726891040802
14865,0.16335438191890717
14866,0.16125914454460144
14867,0.16099636256694794
14868,0.16229045391082764
14869,0.16367599368095398
14870,0.161943718791008
14871,0.15999560058116913
14872,0.16064821183681488
14873,0.1624034196138382
14874,0.16366101801395416
14875,0.16118286550045013
14876,0.15836215019226074
14877,0.1591033637523651
14878,0.16165129840373993
14879,0.16357490420341492
14880,0.16119477152824402
14881,0.15793222188949585
14882,0.15820780396461487
14883,0.1608497053384781
14884,0.16336695849895477
14885,0.16139726340770721
14886,0.15813280642032623
14887,0.1581096649169922
14888,0.16050314903259277
14889,0.1631993055343628
14890,0.16139432787895203
14891,0.15802370011806488
14892,0.1578165739774704
14893,0.16003477573394775
14894,0.1628728210926056
14895,0.16133907437324524
14896,0.15790192782878876
14897,0.15736418962478638
14898,0.15916785597801208
14899,0.1618381142616272
14900,0.1606593281030655
14901,0.1577012687921524
14902,0.1572781354188919
14903,0.1588401198387146
14904,0.16119249165058136
14905,0.16000592708587646
14906,0.15736141800880432
14907,0.15721043944358826
14908,0.15890538692474365
14909,0.1613398790359497
14910,0.16011810302734375
14911,0.15731826424598694
14912,0.15698038041591644
14913,0.15852774679660797
14914,0.16103017330169678
14915,0.16005530953407288
14916,0.15731222927570343
14917,0.15675687789916992
14918,0.1579091101884842
14919,0.16008925437927246
14920,0.15931640565395355
14921,0.15701824426651
14922,0.15664014220237732
14923,0.1577027291059494
14924,0.15968948602676392
14925,0.15892548859119415
14926,0.15681004524230957
14927,0.15652278065681458
14928,0.1575859934091568
14929,0.15960267186164856
14930,0.15894187986850739
14931,0.15681341290473938
14932,0.1563209593296051
14933,0.1570155918598175
14934,0.15863104164600372
14935,0.1580924242734909
14936,0.15644283592700958
14937,0.15624907612800598
14938,0.1571030169725418
14939,0.15887640416622162
14940,0.15841297805309296
14941,0.15659168362617493
14942,0.15604665875434875
14943,0.1563204675912857
14944,0.15727318823337555
14945,0.15681451559066772
14946,0.15596053004264832
14947,0.15647579729557037
14948,0.158226877450943
14949,0.1616598516702652
14950,0.16268104314804077
14951,0.16129657626152039
14952,0.161652073264122
14953,0.16366316378116608
14954,0.1682123839855194
14955,0.18242330849170685
14956,0.2164008915424347
14957,0.2722240686416626
14958,0.35640695691108704
14959,0.4292433559894562
14960,0.41990193724632263
14961,0.29005998373031616
14962,0.18121099472045898
14963,0.1633988469839096
14964,0.22999447584152222
14965,0.28558534383773804
14966,0.26636096835136414
14967,0.21129457652568817
14968,0.1629284918308258
14969,0.1706990748643875
14970,0.1919955611228943
14971,0.1852187067270279
14972,0.17318104207515717
14973,0.16189543902873993
14974,0.16311202943325043
14975,0.16424457728862762
14976,0.15788346529006958
14977,0.15938159823417664
14978,0.16647762060165405
14979,0.16906194388866425
14980,0.16034509241580963
14981,0.16205623745918274
14982,0.1768202930688858
14983,0.18980909883975983
14984,0.1878090798854828
14985,0.1642434149980545
14986,0.16703243553638458
14987,0.1984734684228897
14988,0.21948525309562683
14989,0.20651456713676453
14990,0.16580279171466827
14991,0.17251627147197723
14992,0.22382065653800964
14993,0.2516428530216217
14994,0.22126135230064392
14995,0.16467221081256866
14996,0.1831611841917038
14997,0.252546101808548
14998,0.275579571723938
14999,0.22025808691978455
15000,0.16030903160572052
15001,0.20775540173053741
15002,0.28507640957832336
15003,0.27821069955825806
15004,0.19627930223941803
15005,0.16517192125320435
15006,0.252329021692276
15007,0.3031768500804901
15008,0.24397362768650055
15009,0.1671418696641922
15010,0.1988770067691803
15011,0.29132628440856934
15012,0.29996541142463684
15013,0.2132507562637329
15014,0.17123259603977203
15015,0.21323829889297485
15016,0.300977885723114
15017,0.3195260465145111
15018,0.2505798935890198
15019,0.17319728434085846
15020,0.2085692286491394
15021,0.2929234802722931
15022,0.2683471441268921
15023,0.18330955505371094
15024,0.180431067943573
15025,0.23333510756492615
15026,0.2309563159942627
15027,0.17513138055801392
15028,0.17295736074447632
15029,0.21307599544525146
15030,0.19609948992729187
15031,0.15991023182868958
15032,0.173326313495636
15033,0.1977091282606125
15034,0.1820480078458786
15035,0.15677472949028015
15036,0.16959430277347565
15037,0.18500354886054993
15038,0.17016713321208954
15039,0.15814530849456787
15040,0.16687984764575958
15041,0.17171813547611237
15042,0.1622040569782257
15043,0.15840652585029602
15044,0.16621339321136475
15045,0.16497930884361267
15046,0.1566697508096695
15047,0.15858697891235352
15048,0.16454780101776123
15049,0.16197752952575684
15050,0.15567857027053833
15051,0.1579791009426117
15052,0.16281326115131378
15053,0.16036412119865417
15054,0.15649199485778809
15055,0.15814024209976196
15056,0.16063429415225983
15057,0.15828974545001984
15058,0.1561039686203003
15059,0.15812811255455017
15060,0.15952949225902557
15061,0.15692898631095886
15062,0.15480704605579376
15063,0.15649138391017914
15064,0.1582634001970291
15065,0.15689273178577423
15066,0.15486088395118713
15067,0.1552015244960785
15068,0.15635593235492706
15069,0.15596047043800354
15070,0.15499480068683624
15071,0.1550256758928299
15072,0.15546932816505432
15073,0.1551194041967392
15074,0.15445774793624878
15075,0.15451498329639435
15076,0.15487469732761383
15077,0.15476228296756744
15078,0.154303178191185
15079,0.15415242314338684
15080,0.1543269008398056
15081,0.1543143093585968
15082,0.1541079878807068
15083,0.15401116013526917
15084,0.15407949686050415
15085,0.1540699303150177
15086,0.1539606899023056
15087,0.15392006933689117
15088,0.1539640724658966
15089,0.15396486222743988
15090,0.15382935106754303
15091,0.1537698656320572
15092,0.1538410633802414
15093,0.15389129519462585
15094,0.15384654700756073
15095,0.1537291556596756
15096,0.15372039377689362
15097,0.15376119315624237
15098,0.15370336174964905
15099,0.15358351171016693
15100,0.15351781249046326
15101,0.15360836684703827
15102,0.15368424355983734
15103,0.1535973846912384
15104,0.15342803299427032
15105,0.1533450484275818
15106,0.1534622609615326
15107,0.15358701348304749
15108,0.153544619679451
15109,0.15338270366191864
15110,0.15324191749095917
15111,0.15329566597938538
15112,0.1534343659877777
15113,0.15344826877117157
15114,0.15329720079898834
15115,0.1530945897102356
15116,0.15307925641536713
15117,0.15324823558330536
15118,0.15342287719249725
15119,0.15348516404628754
15120,0.15335722267627716
15121,0.15328867733478546
15122,0.1535184234380722
15123,0.1540265679359436
15124,0.1548137068748474
15125,0.15617135167121887
15126,0.1588902473449707
15127,0.1643335074186325
15128,0.17483943700790405
15129,0.19426709413528442
15130,0.2250519096851349
15131,0.26713845133781433
15132,0.3113536536693573
15133,0.3256489634513855
15134,0.2885558009147644
15135,0.21361041069030762
15136,0.1598728895187378
15137,0.1625325083732605
15138,0.20475798845291138
15139,0.2445119321346283
15140,0.24582701921463013
15141,0.20630215108394623
15142,0.16324076056480408
15143,0.15706674754619598
15144,0.18287892639636993
15145,0.20391550660133362
15146,0.19668881595134735
15147,0.1695263832807541
15148,0.15352337062358856
15149,0.16400200128555298
15150,0.17981937527656555
15151,0.17929266393184662
15152,0.16583676636219025
15153,0.15436546504497528
15154,0.15676452219486237
15155,0.16602951288223267
15156,0.16708162426948547
15157,0.16005060076713562
15158,0.15401771664619446
15159,0.15426428616046906
15160,0.15840047597885132
15161,0.15995031595230103
15162,0.15662500262260437
15163,0.15310996770858765
15164,0.1533629149198532
15165,0.15546700358390808
15166,0.15634436905384064
15167,0.1547594517469406
15168,0.15263664722442627
15169,0.15274564921855927
15170,0.1544012427330017
15171,0.1550920605659485
15172,0.15393143892288208
15173,0.15252317488193512
15174,0.15249647200107574
15175,0.1537570059299469
15176,0.1546400934457779
15177,0.15380859375
15178,0.1525740623474121
15179,0.15240907669067383
15180,0.15321294963359833
15181,0.15408289432525635
15182,0.15377642214298248
15183,0.1527596414089203
15184,0.15238559246063232
15185,0.152801051735878
15186,0.15346339344978333
15187,0.15348736941814423
15188,0.1528274118900299
15189,0.15234580636024475
15190,0.15242712199687958
15191,0.1529107391834259
15192,0.15309607982635498
15193,0.15269239246845245
15194,0.15217141807079315
15195,0.151967391371727
15196,0.1523308902978897
15197,0.15273700654506683
15198,0.15262150764465332
15199,0.15210933983325958
15200,0.1515740305185318
15201,0.1516312062740326
15202,0.15215100347995758
15203,0.15245671570301056
15204,0.15225203335285187
15205,0.1515953093767166
15206,0.15123577415943146
15207,0.15151524543762207
15208,0.15201455354690552
15209,0.15225094556808472
15210,0.15180039405822754
15211,0.15121304988861084
15212,0.15111055970191956
15213,0.1514274775981903
15214,0.15184444189071655
15215,0.15171802043914795
15216,0.15123103559017181
15217,0.1509496122598648
15218,0.15094296634197235
15219,0.1511349380016327
15220,0.15113013982772827
15221,0.15092411637306213
15222,0.1508045494556427
15223,0.15078236162662506
15224,0.1508416384458542
15225,0.1507890820503235
15226,0.15067724883556366
15227,0.15066039562225342
15228,0.15070754289627075
15229,0.15079407393932343
15230,0.15071146190166473
15231,0.15056487917900085
15232,0.15053772926330566
15233,0.15058599412441254
15234,0.15067479014396667
15235,0.15061143040657043
15236,0.15049593150615692
15237,0.15050971508026123
15238,0.15066641569137573
15239,0.15103372931480408
15240,0.15136097371578217
15241,0.15173357725143433
15242,0.15269921720027924
15243,0.15477752685546875
15244,0.15907920897006989
15245,0.16850988566875458
15246,0.18825417757034302
15247,0.22688913345336914
15248,0.29192981123924255
15249,0.37983018159866333
15250,0.42112767696380615
15251,0.36742281913757324
15252,0.23841223120689392
15253,0.15495041012763977
15254,0.18116086721420288
15255,0.2606537342071533
15256,0.3135077953338623
15257,0.2913181185722351
15258,0.2068656086921692
15259,0.15232586860656738
15260,0.18147234618663788
15261,0.22630175948143005
15262,0.22632884979248047
15263,0.18330663442611694
15264,0.15337930619716644
15265,0.17348907887935638
15266,0.19915375113487244
15267,0.18794706463813782
15268,0.16067500412464142
15269,0.15563428401947021
15270,0.16869889199733734
15271,0.17725840210914612
15272,0.17042109370231628
15273,0.15859515964984894
15274,0.15878647565841675
15275,0.1623864471912384
15276,0.1642734855413437
15277,0.1664278656244278
15278,0.16662929952144623
15279,0.1642443686723709
15280,0.15745267271995544
15281,0.15816473960876465
15282,0.16736720502376556
15283,0.17303112149238586
15284,0.1678551435470581
15285,0.15432782471179962
15286,0.15575209259986877
15287,0.17033100128173828
15288,0.17696481943130493
15289,0.16819313168525696
15290,0.15205737948417664
15291,0.15636752545833588
15292,0.1750572919845581
15293,0.18084588646888733
15294,0.1678963154554367
15295,0.15074744820594788
15296,0.15870845317840576
15297,0.1802263706922531
15298,0.18450641632080078
15299,0.16800329089164734
15300,0.15031655132770538
15301,0.1620902270078659
15302,0.1857633888721466
15303,0.18764439225196838
15304,0.16809022426605225
15305,0.15050479769706726
15306,0.16496039927005768
15307,0.18957021832466125
15308,0.18903106451034546
15309,0.16725356876850128
15310,0.150809645652771
15311,0.1674075573682785
15312,0.19149385392665863
15313,0.1883535236120224
15314,0.16544970870018005
15315,0.15107174217700958
15316,0.16894152760505676
15317,0.1911497265100479
15318,0.18549604713916779
15319,0.16272005438804626
15320,0.1514422744512558
15321,0.17005003988742828
15322,0.18931952118873596
15323,0.1813219040632248
15324,0.1597791612148285
15325,0.15192896127700806
15326,0.17018350958824158
15327,0.18591120839118958
15328,0.17644473910331726
15329,0.1571369618177414
15330,0.15236084163188934
15331,0.16911977529525757
15332,0.18125373125076294
15333,0.17154133319854736
15334,0.1551426649093628
15335,0.15241040289402008
15336,0.16658292710781097
15337,0.17561766505241394
15338,0.16690801084041595
15339,0.1536996215581894
15340,0.1520303338766098
15341,0.1631285399198532
15342,0.16979056596755981
15343,0.16289456188678741
15344,0.15271912515163422
15345,0.15131115913391113
15346,0.15936392545700073
15347,0.16439662873744965
15348,0.15961727499961853
15349,0.15206746757030487
15350,0.15049858391284943
15351,0.1559205800294876
15352,0.15988069772720337
15353,0.1570875495672226
15354,0.15167270600795746
15355,0.14979898929595947
15356,0.15311846137046814
15357,0.1563306599855423
15358,0.15514884889125824
15359,0.15143756568431854
15360,0.14934642612934113
15361,0.15107382833957672
15362,0.15366335213184357
15363,0.15363655984401703
15364,0.1512851119041443
15365,0.1491485834121704
15366,0.1497180461883545
15367,0.15172426402568817
15368,0.15241865813732147
15369,0.15113630890846252
15370,0.1491212546825409
15371,0.1488889455795288
15372,0.1503504514694214
15373,0.1514216661453247
15374,0.1509476900100708
15375,0.1491565704345703
15376,0.14838293194770813
15377,0.14934960007667542
15378,0.15056073665618896
15379,0.15068358182907104
15380,0.14917565882205963
15381,0.14805671572685242
15382,0.1485815793275833
15383,0.14976857602596283
15384,0.15031766891479492
15385,0.14914634823799133
15386,0.14786042273044586
15387,0.14799168705940247
15388,0.14900505542755127
15389,0.1498045176267624
15390,0.14901484549045563
15391,0.14777734875679016
15392,0.14762739837169647
15393,0.14835336804389954
15394,0.1491786539554596
15395,0.14870287477970123
15396,0.147684708237648
15397,0.14746180176734924
15398,0.14794597029685974
15399,0.14864225685596466
15400,0.1483033150434494
15401,0.14748309552669525
15402,0.14730188250541687
15403,0.147671177983284
15404,0.1482561230659485
15405,0.14797858893871307
15406,0.14729008078575134
15407,0.14713862538337708
15408,0.14742372930049896
15409,0.14790883660316467
15410,0.1476716548204422
15411,0.14710861444473267
15412,0.1470179706811905
15413,0.14728286862373352
15414,0.1477227509021759
15415,0.14749115705490112
15416,0.14695727825164795
15417,0.14685864746570587
15418,0.14709462225437164
15419,0.14754240214824677
15420,0.14737384021282196
15421,0.1468604952096939
15422,0.14669692516326904
15423,0.1467965990304947
15424,0.14709284901618958
15425,0.14696790277957916
15426,0.1466279923915863
15427,0.14657452702522278
15428,0.14672771096229553
15429,0.1470612734556198
15430,0.14694274961948395
15431,0.1465558260679245
15432,0.14641693234443665
15433,0.1464346945285797
15434,0.14658235013484955
15435,0.14647561311721802
15436,0.14630816876888275
15437,0.14640291035175323
15438,0.1467582732439041
15439,0.14753183722496033
15440,0.14793308079242706
15441,0.14803646504878998
15442,0.14895407855510712
15443,0.15138784050941467
15444,0.15696623921394348
15445,0.17134569585323334
15446,0.20390847325325012
15447,0.27110278606414795
15448,0.37303927540779114
15449,0.4879530370235443
15450,0.4629383087158203
15451,0.3147265911102295
15452,0.1696990430355072
15453,0.1741359829902649
15454,0.29833441972732544
15455,0.379280686378479
15456,0.3436223268508911
15457,0.20888839662075043
15458,0.15545733273029327
15459,0.2444329857826233
15460,0.2887342572212219
15461,0.2318679392337799
15462,0.1645136922597885
15463,0.1737537831068039
15464,0.2289307415485382
15465,0.2043728232383728
15466,0.15486514568328857
15467,0.17730288207530975
15468,0.21655263006687164
15469,0.1991722136735916
15470,0.1488562822341919
15471,0.18959762156009674
15472,0.25905999541282654
15473,0.23902133107185364
15474,0.1727011650800705
15475,0.1689852476119995
15476,0.2557392418384552
15477,0.2718036472797394
15478,0.1955033838748932
15479,0.17402037978172302
15480,0.22606955468654633
15481,0.2432323396205902
15482,0.19650626182556152
15483,0.18486091494560242
15484,0.213962584733963
15485,0.2083761990070343
15486,0.17296166718006134
15487,0.17892251908779144
15488,0.20818650722503662
15489,0.18728423118591309
15490,0.15392328798770905
15491,0.16511170566082
15492,0.18916061520576477
15493,0.17550230026245117
15494,0.14873306453227997
15495,0.15390431880950928
15496,0.17148247361183167
15497,0.16840724647045135
15498,0.15316206216812134
15499,0.15023846924304962
15500,0.15663625299930573
15501,0.16256272792816162
15502,0.1623210459947586
15503,0.1549411118030548
15504,0.14871715009212494
15505,0.1524646282196045
15506,0.1639942228794098
15507,0.16354143619537354
15508,0.15101061761379242
15509,0.1464138776063919
15510,0.15536145865917206
15511,0.16254781186580658
15512,0.15633559226989746
15513,0.1481272280216217
15514,0.1489737629890442
15515,0.15405456721782684
15516,0.15464089810848236
15517,0.15120503306388855
15518,0.1490676999092102
15519,0.14878246188163757
15520,0.14919018745422363
15521,0.14989706873893738
15522,0.15004600584506989
15523,0.14847823977470398
15524,0.1464388221502304
15525,0.14662869274616241
15526,0.14836950600147247
15527,0.14865341782569885
15528,0.1468178927898407
15529,0.14542628824710846
15530,0.14603738486766815
15531,0.14709389209747314
15532,0.14698241651058197
15533,0.14603297412395477
15534,0.1454775035381317
15535,0.14557887613773346
15536,0.14583419263362885
15537,0.14596064388751984
15538,0.14585405588150024
15539,0.14553715288639069
15540,0.14516834914684296
15541,0.1451367735862732
15542,0.14544466137886047
15543,0.14561708271503448
15544,0.14540717005729675
15545,0.1450377255678177
15546,0.14495839178562164
15547,0.14511732757091522
15548,0.14519751071929932
15549,0.14512145519256592
15550,0.14501382410526276
15551,0.14501070976257324
15552,0.14495901763439178
15553,0.14481407403945923
15554,0.1447417289018631
15555,0.1448293924331665
15556,0.14497466385364532
15557,0.14490726590156555
15558,0.1446532905101776
15559,0.14448383450508118
15560,0.1445489376783371
15561,0.1447305679321289
15562,0.14473843574523926
15563,0.144549161195755
15564,0.14437763392925262
15565,0.14438213407993317
15566,0.1445082277059555
15567,0.1445302814245224
15568,0.1443871259689331
15569,0.14421959221363068
15570,0.14417603611946106
15571,0.14427465200424194
15572,0.14435584843158722
15573,0.1443036049604416
15574,0.14415842294692993
15575,0.1440330445766449
15576,0.14403221011161804
15577,0.14410565793514252
15578,0.1441337764263153
15579,0.14406496286392212
15580,0.14392481744289398
15581,0.1438327580690384
15582,0.14384180307388306
15583,0.14389638602733612
15584,0.14392118155956268
15585,0.1438492238521576
15586,0.14373521506786346
15587,0.1436658650636673
15588,0.14365555346012115
15589,0.1436830759048462
15590,0.14367789030075073
15591,0.14362703263759613
15592,0.1435791403055191
15593,0.14355041086673737
15594,0.14355359971523285
15595,0.14361119270324707
15596,0.14375925064086914
15597,0.1440737545490265
15598,0.14472848176956177
15599,0.14609810709953308
15600,0.1487044394016266
15601,0.1539648324251175
15602,0.16507409512996674
15603,0.18820293247699738
15604,0.23231777548789978
15605,0.3022700548171997
15606,0.37420910596847534
15607,0.39860597252845764
15608,0.3138846158981323
15609,0.19108718633651733
15610,0.14562299847602844
15611,0.19987085461616516
15612,0.28324073553085327
15613,0.3151363134384155
15614,0.2621321976184845
15615,0.1701277494430542
15616,0.1532433032989502
15617,0.21347768604755402
15618,0.251891165971756
15619,0.2208774983882904
15620,0.16141417622566223
15621,0.1574697345495224
15622,0.20257984101772308
15623,0.21615201234817505
15624,0.17948849499225616
15625,0.14945702254772186
15626,0.16385912895202637
15627,0.18598493933677673
15628,0.1774357408285141
15629,0.1538039892911911
15630,0.1488558053970337
15631,0.16492635011672974
15632,0.17036786675453186
15633,0.1565222442150116
15634,0.1473095715045929
15635,0.1526206135749817
15636,0.16025182604789734
15637,0.1577872633934021
15638,0.14890559017658234
15639,0.14686225354671478
15640,0.1521715372800827
15641,0.15428493916988373
15642,0.15036338567733765
15643,0.14640533924102783
15644,0.1465497612953186
15645,0.1485246866941452
15646,0.14852598309516907
15647,0.14646656811237335
15648,0.14502842724323273
15649,0.1455022692680359
15650,0.14577721059322357
15651,0.14507849514484406
15652,0.14458119869232178
15653,0.14435403048992157
15654,0.14437423646450043
15655,0.14407497644424438
15656,0.14358480274677277
15657,0.14367938041687012
15658,0.14389826357364655
15659,0.1437000334262848
15660,0.14315436780452728
15661,0.14304910600185394
15662,0.1434311419725418
15663,0.14360176026821136
15664,0.14330045878887177
15665,0.14273962378501892
15666,0.1428585946559906
15667,0.14345045387744904
15668,0.14356757700443268
15669,0.14310863614082336
15670,0.14252832531929016
15671,0.14276349544525146
15672,0.1435018628835678
15673,0.14372223615646362
15674,0.14317560195922852
15675,0.1423923224210739
15676,0.14256702363491058
15677,0.14344754815101624
15678,0.1439265012741089
15679,0.14349991083145142
15680,0.14242950081825256
15681,0.14222879707813263
15682,0.1431034803390503
15683,0.14394155144691467
15684,0.14391101896762848
15685,0.14272576570510864
15686,0.14196698367595673
15687,0.14250905811786652
15688,0.14354181289672852
15689,0.14406035840511322
15690,0.14311937987804413
15691,0.1419604867696762
15692,0.1419309377670288
15693,0.14272725582122803
15694,0.14354698359966278
15695,0.14308738708496094
15696,0.1420169621706009
15697,0.14165528118610382
15698,0.14200584590435028
15699,0.14266230165958405
15700,0.1425083577632904
15701,0.14181412756443024
15702,0.1415283977985382
15703,0.1416601985692978
15704,0.1420300453901291
15705,0.14189761877059937
15706,0.14147831499576569
15707,0.1413925737142563
15708,0.14157162606716156
15709,0.1418752670288086
15710,0.1416880488395691
15711,0.14130018651485443
15712,0.14125686883926392
15713,0.14147266745567322
15714,0.14182978868484497
15715,0.14166781306266785
15716,0.1412314921617508
15717,0.14109209179878235
15718,0.14117905497550964
15719,0.14142395555973053
15720,0.14131873846054077
15721,0.14102312922477722
15722,0.14095190167427063
15723,0.1410473734140396
15724,0.14128316938877106
15725,0.14118734002113342
15726,0.14089737832546234
15727,0.1407986730337143
15728,0.14082567393779755
15729,0.14096149802207947
15730,0.1408742219209671
15731,0.14069390296936035
15732,0.14069059491157532
15733,0.140830397605896
15734,0.14116127789020538
15735,0.1411987841129303
15736,0.14096306264400482
15737,0.14090488851070404
15738,0.14099407196044922
15739,0.14131233096122742
15740,0.14281931519508362
15741,0.14742876589298248
15742,0.15796244144439697
15743,0.18227626383304596
15744,0.23385724425315857
15745,0.31267058849334717
15746,0.38312828540802
15747,0.40796327590942383
15748,0.3055099546909332
15749,0.1794309765100479
15750,0.1437913477420807
15751,0.19018764793872833
15752,0.25848114490509033
15753,0.29083460569381714
15754,0.2627538740634918
15755,0.18710912764072418
15756,0.1446983963251114
15757,0.16621984541416168
15758,0.2071768343448639
15759,0.21645067632198334
15760,0.17993704974651337
15761,0.1453973650932312
15762,0.1563606560230255
15763,0.18717965483665466
15764,0.1893749237060547
15765,0.1623414158821106
15766,0.14458851516246796
15767,0.15433336794376373
15768,0.1717364490032196
15769,0.16823463141918182
15770,0.1481008231639862
15771,0.1427605152130127
15772,0.15395958721637726
15773,0.15989980101585388
15774,0.15279677510261536
15775,0.1422869712114334
15776,0.14390814304351807
15777,0.15299230813980103
15778,0.15285354852676392
15779,0.14457671344280243
15780,0.14094364643096924
15781,0.14606322348117828
15782,0.15104879438877106
15783,0.14844396710395813
15784,0.1420965939760208
15785,0.14096656441688538
15786,0.14607490599155426
15787,0.14867177605628967
15788,0.14525538682937622
15789,0.14106465876102448
15790,0.1410382241010666
15791,0.14451083540916443
15792,0.14597035944461823
15793,0.1432565450668335
15794,0.140427365899086
15795,0.1407582014799118
15796,0.1428750902414322
15797,0.1435520052909851
15798,0.14188635349273682
15799,0.14010624587535858
15800,0.1402655839920044
15801,0.14152534306049347
15802,0.1419082134962082
15803,0.14099223911762238
15804,0.13995227217674255
15805,0.1398642361164093
15806,0.14050552248954773
15807,0.1408514827489853
15808,0.1404394507408142
15809,0.13982617855072021
15810,0.13961493968963623
15811,0.13982592523097992
15812,0.1400952935218811
15813,0.14003333449363708
15814,0.13971005380153656
15815,0.1394764930009842
15816,0.13945990800857544
15817,0.13958123326301575
15818,0.13965873420238495
15819,0.13956497609615326
15820,0.13938935101032257
15821,0.13927705585956573
15822,0.13926799595355988
15823,0.1393233686685562
15824,0.13934916257858276
15825,0.13927914202213287
15826,0.1391705423593521
15827,0.13909536600112915
15828,0.13907377421855927
15829,0.13909053802490234
15830,0.13908343017101288
15831,0.13903240859508514
15832,0.13897103071212769
15833,0.1389191597700119
15834,0.13888733088970184
15835,0.13886778056621552
15836,0.13884258270263672
15837,0.13881200551986694
15838,0.13877958059310913
15839,0.13874641060829163
15840,0.13871580362319946
15841,0.1386876404285431
15842,0.13865867257118225
15843,0.13862933218479156
15844,0.13860133290290833
15845,0.13857485353946686
15846,0.13855455815792084
15847,0.1385420709848404
15848,0.1385374814271927
15849,0.1385473757982254
15850,0.1385718733072281
15851,0.1386379450559616
15852,0.138813316822052
15853,0.13920749723911285
15854,0.14006230235099792
15855,0.14187133312225342
15856,0.14579537510871887
15857,0.15423063933849335
15858,0.17268294095993042
15859,0.21007096767425537
15860,0.2801654040813446
15861,0.37811118364334106
15862,0.45867079496383667
15863,0.4321328401565552
15864,0.27375325560569763
15865,0.14860165119171143
15866,0.17880180478096008
15867,0.2984144687652588
15868,0.36569374799728394
15869,0.30446237325668335
15870,0.17527168989181519
15871,0.15959984064102173
15872,0.2579776346683502
15873,0.2950845956802368
15874,0.21840117871761322
15875,0.1512281447649002
15876,0.18748557567596436
15877,0.23460692167282104
15878,0.19964255392551422
15879,0.14899905025959015
15880,0.16583038866519928
15881,0.19356700778007507
15882,0.16949260234832764
15883,0.1465388685464859
15884,0.1644459068775177
15885,0.17679233849048615
15886,0.1574409306049347
15887,0.14430946111679077
15888,0.15799112617969513
15889,0.16599273681640625
15890,0.1497916579246521
15891,0.14039404690265656
15892,0.15336115658283234
15893,0.15877315402030945
15894,0.14527274668216705
15895,0.13935284316539764
15896,0.14954379200935364
15897,0.15428665280342102
15898,0.14632320404052734
15899,0.14036110043525696
15900,0.14434866607189178
15901,0.14887091517448425
15902,0.14576536417007446
15903,0.14234451949596405
15904,0.14347191154956818
15905,0.14367075264453888
15906,0.1420941799879074
15907,0.14256952702999115
15908,0.14442028105258942
15909,0.14321210980415344
15910,0.13967463374137878
15911,0.13961581885814667
15912,0.14299578964710236
15913,0.1440788209438324
15914,0.14086128771305084
15915,0.13804073631763458
15916,0.13961175084114075
15917,0.14233607053756714
15918,0.142161026597023
15919,0.1398773342370987
15920,0.13835540413856506
15921,0.13920831680297852
15922,0.14075949788093567
15923,0.14106756448745728
15924,0.14016440510749817
15925,0.1387174278497696
15926,0.13833661377429962
15927,0.13938353955745697
15928,0.14058677852153778
15929,0.14057111740112305
15930,0.1388426274061203
15931,0.1376827210187912
15932,0.13848468661308289
15933,0.1400778591632843
15934,0.14064183831214905
15935,0.1389986276626587
15936,0.13743044435977936
15937,0.13783521950244904
15938,0.13932166993618011
15939,0.14025425910949707
15940,0.1390397846698761
15941,0.13741469383239746
15942,0.13739362359046936
15943,0.13850536942481995
15944,0.1395515650510788
15945,0.13880158960819244
15946,0.13738293945789337
15947,0.13712039589881897
15948,0.13781899213790894
15949,0.13872748613357544
15950,0.138276144862175
15951,0.1371878832578659
15952,0.13694435358047485
15953,0.13740627467632294
15954,0.1381077617406845
15955,0.1377609372138977
15956,0.13693226873874664
15957,0.13680168986320496
15958,0.13721054792404175
15959,0.13781195878982544
15960,0.13747556507587433
15961,0.13674575090408325
15962,0.13665780425071716
15963,0.137057825922966
15964,0.13767054677009583
15965,0.13737621903419495
15966,0.13664643466472626
15967,0.13647982478141785
15968,0.1367594450712204
15969,0.13730712234973907
15970,0.13711017370224
15971,0.13650032877922058
15972,0.1363312155008316
15973,0.13650073111057281
15974,0.13691359758377075
15975,0.13675040006637573
15976,0.1362905651330948
15977,0.13620896637439728
15978,0.1364031732082367
15979,0.1368281990289688
15980,0.1366848647594452
15981,0.13620525598526
15982,0.1360493153333664
15983,0.1361027956008911
15984,0.13633011281490326
15985,0.13619741797447205
15986,0.13593828678131104
15987,0.13599532842636108
15988,0.13632404804229736
15989,0.13702155649662018
15990,0.13717129826545715
15991,0.13679207861423492
15992,0.1367722749710083
15993,0.13709411025047302
15994,0.13797210156917572
15995,0.14134874939918518
15996,0.15073765814304352
15997,0.17069047689437866
15998,0.21279844641685486
15999,0.2899537980556488
16000,0.3798297047615051
16001,0.40622979402542114
16002,0.35531699657440186
16003,0.21959581971168518
16004,0.13900835812091827
16005,0.16076739132404327
16006,0.20947624742984772
16007,0.24363599717617035
16008,0.23172464966773987
16009,0.18416738510131836
16010,0.1467084288597107
16011,0.13957421481609344
16012,0.15009745955467224
16013,0.1636544167995453
16014,0.16751810908317566
16015,0.15898913145065308
16016,0.14605821669101715
16017,0.1383061707019806
16018,0.1398136466741562
16019,0.14676715433597565
16020,0.15453822910785675
16021,0.15436112880706787
16022,0.1445695161819458
16023,0.1375633031129837
16024,0.13790319859981537
16025,0.14477282762527466
16026,0.1521827131509781
16027,0.1497662514448166
16028,0.1414199024438858
16029,0.1365581750869751
16030,0.13890042901039124
16031,0.14592626690864563
16032,0.1488245725631714
16033,0.14417774975299835
16034,0.1376665234565735
16035,0.13638480007648468
16036,0.14112907648086548
16037,0.14566069841384888
16038,0.14489702880382538
16039,0.13954080641269684
16040,0.13579022884368896
16041,0.13812154531478882
16042,0.14266055822372437
16043,0.1440332680940628
16044,0.1408168375492096
16045,0.13629910349845886
16046,0.1363515406847
16047,0.1402154564857483
16048,0.14264221489429474
16049,0.14104315638542175
16050,0.13685853779315948
16051,0.13563820719718933
16052,0.13863195478916168
16053,0.14157092571258545
16054,0.14108586311340332
16055,0.13726384937763214
16056,0.13529933989048004
16057,0.1374499797821045
16058,0.14050529897212982
16059,0.14089351892471313
16060,0.13743425905704498
16061,0.13507519662380219
16062,0.1366916447877884
16063,0.13968722522258759
16064,0.14070956408977509
16065,0.13759317994117737
16066,0.13490259647369385
16067,0.13611114025115967
16068,0.13902157545089722
16069,0.1404464840888977
16070,0.13762204349040985
16071,0.13477161526679993
16072,0.13571012020111084
16073,0.13857965171337128
16074,0.1403290331363678
16075,0.13769350945949554
16076,0.13468939065933228
16077,0.1354072093963623
16078,0.1382586508989334
16079,0.1403392255306244
16080,0.13785207271575928
16081,0.1346363127231598
16082,0.13508738577365875
16083,0.13787022233009338
16084,0.1402914971113205
16085,0.13803036510944366
16086,0.13462309539318085
16087,0.1347637176513672
16088,0.13737183809280396
16089,0.14002594351768494
16090,0.13805292546749115
16091,0.13459992408752441
16092,0.13446898758411407
16093,0.13680846989154816
16094,0.13952720165252686
16095,0.13782498240470886
16096,0.13449451327323914
16097,0.13425388932228088
16098,0.1363762468099594
16099,0.13909073173999786
16100,0.1375788003206253
16101,0.13437506556510925
16102,0.13406504690647125
16103,0.13598807156085968
16104,0.138656884431839
16105,0.1373017281293869
16106,0.13423806428909302
16107,0.13389556109905243
16108,0.1356470137834549
16109,0.13824445009231567
16110,0.13701944053173065
16111,0.13409443199634552
16112,0.13373175263404846
16113,0.13534225523471832
16114,0.1378980427980423
16115,0.13680517673492432
16116,0.13398733735084534
16117,0.13355503976345062
16118,0.1349513977766037
16119,0.13735345005989075
16120,0.13639923930168152
16121,0.13381327688694
16122,0.13343903422355652
16123,0.1347615122795105
16124,0.13718129694461823
16125,0.13641835749149323
16126,0.13401570916175842
16127,0.13370737433433533
16128,0.1350359171628952
16129,0.1376311480998993
16130,0.13843145966529846
16131,0.13972662389278412
16132,0.1463412344455719
16133,0.16031025350093842
16134,0.18642108142375946
16135,0.21572086215019226
16136,0.24391914904117584
16137,0.2551940083503723
16138,0.23751580715179443
16139,0.19643975794315338
16140,0.15321093797683716
16141,0.1406918168067932
16142,0.1571412831544876
16143,0.184762641787529
16144,0.19434818625450134
16145,0.1761850118637085
16146,0.15013080835342407
16147,0.1444215178489685
16148,0.16091805696487427
16149,0.1811593919992447
16150,0.1758730709552765
16151,0.15078213810920715
16152,0.13730978965759277
16153,0.1449902057647705
16154,0.1646009385585785
16155,0.16582563519477844
16156,0.14818117022514343
16157,0.13580352067947388
16158,0.1374562382698059
16159,0.14968816936016083
16160,0.1503341645002365
16161,0.13979743421077728
16162,0.13501140475273132
16163,0.13757790625095367
16164,0.14513681828975677
16165,0.14246688783168793
16166,0.13479648530483246
16167,0.13546861708164215
16168,0.14198988676071167
16169,0.1490011066198349
16170,0.14259807765483856
16171,0.13332206010818481
16172,0.13557864725589752
16173,0.14520536363124847
16174,0.15457332134246826
16175,0.1463995724916458
16176,0.1338283270597458
16177,0.13504871726036072
16178,0.1455341875553131
16179,0.15702863037586212
16180,0.148994579911232
16181,0.1346246600151062
16182,0.1348600536584854
16183,0.14524154365062714
16184,0.15723921358585358
16185,0.1490141600370407
16186,0.13429997861385345
16187,0.13528141379356384
16188,0.1468794047832489
16189,0.1597040444612503
16190,0.15026359260082245
16191,0.13408806920051575
16192,0.13537438213825226
16193,0.1484619826078415
16194,0.16271603107452393
16195,0.1520749032497406
16196,0.13400261104106903
16197,0.13551296293735504
16198,0.15030378103256226
16199,0.16637948155403137
16200,0.1544383466243744
16201,0.13408055901527405
16202,0.13577932119369507
16203,0.15237772464752197
16204,0.17014998197555542
16205,0.15655358135700226
16206,0.1339976191520691
16207,0.13653357326984406
16208,0.15562990307807922
16209,0.17524927854537964
16210,0.15916472673416138
16211,0.13387401401996613
16212,0.13796240091323853
16213,0.16068816184997559
16214,0.182441845536232
16215,0.16254571080207825
16216,0.13371944427490234
16217,0.14035199582576752
16218,0.16821926832199097
16219,0.19223177433013916
16220,0.16655386984348297
16221,0.13342590630054474
16222,0.1447914093732834
16223,0.18032264709472656
16224,0.20616140961647034
16225,0.17106285691261292
16226,0.13310553133487701
16227,0.15340973436832428
16228,0.2000691294670105
16229,0.2249363660812378
16230,0.17417539656162262
16231,0.13350282609462738
16232,0.17190013825893402
16233,0.2335088849067688
16234,0.24794423580169678
16235,0.17174600064754486
16236,0.13959835469722748
16237,0.21282652020454407
16238,0.28568774461746216
16239,0.26290011405944824
16240,0.15639781951904297
16241,0.17132842540740967
16242,0.2942943871021271
16243,0.3383101522922516
16244,0.23643887042999268
16245,0.14701451361179352
16246,0.27668389678001404
16247,0.3881611227989197
16248,0.3030652701854706
16249,0.16415046155452728
16250,0.22820600867271423
16251,0.4043509364128113
16252,0.35084068775177
16253,0.19825373589992523
16254,0.2105843722820282
16255,0.29038751125335693
16256,0.376960426568985
16257,0.364132285118103
16258,0.3055015206336975
16259,0.19925399124622345
16260,0.2404155433177948
16261,0.3323318660259247
16262,0.29958415031433105
16263,0.19580289721488953
16264,0.19022291898727417
16265,0.25359922647476196
16266,0.2308160662651062
16267,0.1772758960723877
16268,0.18969981372356415
16269,0.19707782566547394
16270,0.18174850940704346
16271,0.1741347312927246
16272,0.16388574242591858
16273,0.16271677613258362
16274,0.1743302047252655
16275,0.15991820394992828
16276,0.13945777714252472
16277,0.15614542365074158
16278,0.1637202352285385
16279,0.1409337967634201
16280,0.13823115825653076
16281,0.15736745297908783
16282,0.1485234498977661
16283,0.1332228034734726
16284,0.14494435489177704
16285,0.1511836051940918
16286,0.13680458068847656
16287,0.13469259440898895
16288,0.14502160251140594
16289,0.1402943730354309
16290,0.1326129138469696
16291,0.13719859719276428
16292,0.14018236100673676
16293,0.13479265570640564
16294,0.13327442109584808
16295,0.1364869773387909
16296,0.1362144500017166
16297,0.1337692141532898
16298,0.13381406664848328
16299,0.13481926918029785
16300,0.13428038358688354
16301,0.1346621811389923
16302,0.13455550372600555
16303,0.13319697976112366
16304,0.13323329389095306
16305,0.1347547322511673
16306,0.13426318764686584
16307,0.1321772336959839
16308,0.13269536197185516
16309,0.13407932221889496
16310,0.1332540065050125
16311,0.1317584067583084
16312,0.13212870061397552
16313,0.133077472448349
16314,0.13242697715759277
16315,0.13152062892913818
16316,0.13173384964466095
16317,0.13215124607086182
16318,0.1317875236272812
16319,0.13139566779136658
16320,0.1315031349658966
16321,0.13149766623973846
16322,0.13132980465888977
16323,0.13126274943351746
16324,0.1313094049692154
16325,0.13122068345546722
16326,0.1311001181602478
16327,0.13114909827709198
16328,0.13117504119873047
16329,0.1310490071773529
16330,0.13097192347049713
16331,0.13109652698040009
16332,0.1311027556657791
16333,0.13093255460262299
16334,0.13084591925144196
16335,0.13093864917755127
16336,0.13102850317955017
16337,0.13088996708393097
16338,0.1307297646999359
16339,0.13074930012226105
16340,0.1308370977640152
16341,0.13080985844135284
16342,0.13066765666007996
16343,0.13059931993484497
16344,0.13063041865825653
16345,0.13064128160476685
16346,0.13057461380958557
16347,0.1304916888475418
16348,0.1304728388786316
16349,0.13047608733177185
16350,0.13043750822544098
16351,0.13037073612213135
16352,0.13032788038253784
16353,0.13032612204551697
16354,0.13031670451164246
16355,0.13026495277881622
16356,0.13019905984401703
16357,0.13016177713871002
16358,0.13015885651111603
16359,0.13015449047088623
16360,0.13011716306209564
16361,0.13005800545215607
16362,0.13000966608524323
16363,0.12998715043067932
16364,0.12997858226299286
16365,0.12996049225330353
16366,0.1299239844083786
16367,0.12988050282001495
16368,0.12984319031238556
16369,0.12981608510017395
16370,0.12979349493980408
16371,0.12976744771003723
16372,0.1297372430562973
16373,0.12970612943172455
16374,0.1296771615743637
16375,0.12965044379234314
16376,0.12962345778942108
16377,0.1295948624610901
16378,0.12956485152244568
16379,0.12953417003154755
16380,0.12950406968593597
16381,0.129475399851799
16382,0.12944766879081726
16383,0.12942081689834595
16384,0.12939417362213135
16385,0.12936733663082123
16386,0.12934042513370514
16387,0.12931326031684875
16388,0.12928630411624908
16389,0.12925979495048523
16390,0.12923415005207062
16391,0.12921065092086792
16392,0.12919063866138458
16393,0.12917666137218475
16394,0.1291738599538803
16395,0.12918974459171295
16396,0.1292431354522705
16397,0.12937773764133453
16398,0.12968255579471588
16399,0.13035422563552856
16400,0.13176128268241882
16401,0.13480021059513092
16402,0.14154765009880066
16403,0.1563897430896759
16404,0.18726485967636108
16405,0.24131233990192413
16406,0.3094622492790222
16407,0.3438042402267456
16408,0.27617716789245605
16409,0.16264648735523224
16410,0.13593538105487823
16411,0.2038360983133316
16412,0.2627040147781372
16413,0.2407793402671814
16414,0.16642358899116516
16415,0.1313457041978836
16416,0.16749243438243866
16417,0.20635317265987396
16418,0.18888218700885773
16419,0.14409835636615753
16420,0.13510796427726746
16421,0.1617112010717392
16422,0.17073991894721985
16423,0.1470763087272644
16424,0.13123220205307007
16425,0.14227156341075897
16426,0.1513897031545639
16427,0.14174939692020416
16428,0.1310177594423294
16429,0.1352318972349167
16430,0.14221401512622833
16431,0.1377183198928833
16432,0.1304803192615509
16433,0.13175641000270844
16434,0.13695397973060608
16435,0.13574008643627167
16436,0.13037657737731934
16437,0.12999843060970306
16438,0.1336778700351715
16439,0.13402137160301208
16440,0.13052786886692047
16441,0.1295013427734375
16442,0.13187676668167114
16443,0.1330469846725464
16444,0.13093818724155426
16445,0.1289886087179184
16446,0.13067322969436646
16447,0.13264159858226776
16448,0.13154606521129608
16449,0.12927967309951782
16450,0.12913772463798523
16451,0.131363645195961
16452,0.13224075734615326
16453,0.13046663999557495
16454,0.12874901294708252
16455,0.12932778894901276
16456,0.13121189177036285
16457,0.13144990801811218
16458,0.12985822558403015
16459,0.12866248190402985
16460,0.1292174756526947
16461,0.1306130588054657
16462,0.1307729184627533
16463,0.1296353042125702
16464,0.12868450582027435
16465,0.12889575958251953
16466,0.12986022233963013
16467,0.13017092645168304
16468,0.12953753769397736
16469,0.1287430375814438
16470,0.1285618543624878
16471,0.12913699448108673
16472,0.1296004056930542
16473,0.12942983210086823
16474,0.12884412705898285
16475,0.12836195528507233
16476,0.12854284048080444
16477,0.12903039157390594
16478,0.12921971082687378
16479,0.128933846950531
16480,0.12832747399806976
16481,0.1281318962574005
16482,0.128474161028862
16483,0.12885282933712006
16484,0.12888222932815552
16485,0.12834163010120392
16486,0.12790146470069885
16487,0.12801991403102875
16488,0.12839333713054657
16489,0.1286267191171646
16490,0.12825024127960205
16491,0.12773898243904114
16492,0.12767915427684784
16493,0.12793311476707458
16494,0.12820520997047424
16495,0.1279800534248352
16496,0.12753504514694214
16497,0.12740971148014069
16498,0.12755732238292694
16499,0.12778741121292114
16500,0.12766897678375244
16501,0.12735025584697723
16502,0.1272275596857071
16503,0.12729723751544952
16504,0.1274642050266266
16505,0.12739315629005432
16506,0.1271946132183075
16507,0.1271403580904007
16508,0.12720584869384766
16509,0.1273401975631714
16510,0.1272379457950592
16511,0.12701652944087982
16512,0.12694543600082397
16513,0.12699057161808014
16514,0.12711532413959503
16515,0.12705783545970917
16516,0.12688899040222168
16517,0.12682323157787323
16518,0.12682819366455078
16519,0.12688612937927246
16520,0.12681597471237183
16521,0.126697838306427
16522,0.1266850084066391
16523,0.12675507366657257
16524,0.12691758573055267
16525,0.12690061330795288
16526,0.12672942876815796
16527,0.126641184091568
16528,0.12659621238708496
16529,0.12658701837062836
16530,0.12680350244045258
16531,0.1276077777147293
16532,0.12931059300899506
16533,0.13293838500976562
16534,0.14050307869911194
16535,0.15280453860759735
16536,0.17206478118896484
16537,0.2096613347530365
16538,0.2583805024623871
16539,0.3038448691368103
16540,0.28001895546913147
16541,0.1969175934791565
16542,0.1326313465833664
16543,0.14829035103321075
16544,0.2086840122938156
16545,0.2307683676481247
16546,0.1995335817337036
16547,0.14836271107196808
16548,0.13150539994239807
16549,0.15569928288459778
16550,0.17326754331588745
16551,0.15950451791286469
16552,0.13562102615833282
16553,0.12840646505355835
16554,0.1417529284954071
16555,0.1465715765953064
16556,0.13560232520103455
16557,0.12952542304992676
16558,0.13410791754722595
16559,0.13954263925552368
16560,0.132468581199646
16561,0.1282629519701004
16562,0.1362725794315338
16563,0.14477677643299103
16564,0.14265064895153046
16565,0.12922726571559906
16566,0.13189798593521118
16567,0.14754770696163177
16568,0.15243923664093018
16569,0.14269256591796875
16570,0.13032516837120056
16571,0.1425582766532898
16572,0.16080929338932037
16573,0.15617528557777405
16574,0.1380048394203186
16575,0.1311521828174591
16576,0.15390585362911224
16577,0.17029421031475067
16578,0.15407118201255798
16579,0.13156265020370483
16580,0.13423681259155273
16581,0.16300415992736816
16582,0.1719084084033966
16583,0.14708715677261353
16584,0.12773579359054565
16585,0.1399884670972824
16586,0.16604702174663544
16587,0.1640433371067047
16588,0.13774147629737854
16589,0.1276349574327469
16590,0.14488698542118073
16591,0.1612042933702469
16592,0.15075251460075378
16593,0.13035179674625397
16594,0.12977449595928192
16595,0.1452731341123581
16596,0.1505318433046341
16597,0.13771051168441772
16598,0.12642772495746613
16599,0.13137289881706238
16600,0.14123733341693878
16601,0.13947725296020508
16602,0.12957176566123962
16603,0.1256905347108841
16604,0.13123458623886108
16605,0.1353227198123932
16606,0.13142062723636627
16607,0.12626902759075165
16608,0.12653638422489166
16609,0.13020829856395721
16610,0.13034741580486298
16611,0.12691183388233185
16612,0.12546394765377045
16613,0.12728659808635712
16614,0.12908300757408142
16615,0.12752921879291534
16616,0.12530742585659027
16617,0.12570209801197052
16618,0.1274050772190094
16619,0.12778803706169128
16620,0.12596826255321503
16621,0.12512220442295074
16622,0.12644213438034058
16623,0.12762337923049927
16624,0.12699878215789795
16625,0.1251560002565384
16626,0.12519985437393188
16627,0.12701737880706787
16628,0.1279565691947937
16629,0.12688684463500977
16630,0.12492111325263977
16631,0.12523199617862701
16632,0.12733906507492065
16633,0.12837859988212585
16634,0.12720724940299988
16635,0.12491955608129501
16636,0.12499168515205383
16637,0.12727399170398712
16638,0.12877623736858368
16639,0.12786704301834106
16640,0.12517406046390533
16641,0.1245855763554573
16642,0.12687665224075317
16643,0.12931619584560394
16644,0.1297854483127594
16645,0.12752577662467957
16646,0.126810684800148
16647,0.13048474490642548
16648,0.13765104115009308
16649,0.14771130681037903
16650,0.16548338532447815
16651,0.19929884374141693
16652,0.26053494215011597
16653,0.32475870847702026
16654,0.3449819087982178
16655,0.27312663197517395
16656,0.1597236841917038
16657,0.1279236525297165
16658,0.1867421567440033
16659,0.2660852372646332
16660,0.29143041372299194
16661,0.23082593083381653
16662,0.15525802969932556
16663,0.14424455165863037
16664,0.19405440986156464
16665,0.2106531262397766
16666,0.17054353654384613
16667,0.13909924030303955
16668,0.15668973326683044
16669,0.19251984357833862
16670,0.18053236603736877
16671,0.1407737135887146
16672,0.13553543388843536
16673,0.16433659195899963
16674,0.17442576587200165
16675,0.1439151167869568
16676,0.13047432899475098
16677,0.1563715934753418
16678,0.17411990463733673
16679,0.15208768844604492
16680,0.12582021951675415
16681,0.15031549334526062
16682,0.18101689219474792
16683,0.1657204031944275
16684,0.13068976998329163
16685,0.133890762925148
16686,0.17525576055049896
16687,0.18030938506126404
16688,0.14436005055904388
16689,0.1249820739030838
16690,0.14960835874080658
16691,0.17710798978805542
16692,0.1582738310098648
16693,0.12880070507526398
16694,0.1324978470802307
16695,0.15611504018306732
16696,0.15955138206481934
16697,0.13702531158924103
16698,0.12689365446567535
16699,0.13936340808868408
16700,0.14781156182289124
16701,0.13854935765266418
16702,0.12756682932376862
16703,0.13034796714782715
16704,0.1374809294939041
16705,0.1348068118095398
16706,0.12774236500263214
16707,0.12717843055725098
16708,0.1309354603290558
16709,0.13123150169849396
16710,0.12718310952186584
16711,0.12577271461486816
16712,0.12804517149925232
16713,0.12885965406894684
16714,0.12696965038776398
16715,0.12509526312351227
16716,0.1261138916015625
16717,0.12764045596122742
16718,0.12694616615772247
16719,0.1253274381160736
16720,0.1247587651014328
16721,0.12600596249103546
16722,0.12684223055839539
16723,0.12599501013755798
16724,0.12474421411752701
16725,0.12439881265163422
16726,0.12546546757221222
16727,0.12620937824249268
16728,0.1255406141281128
16729,0.12434937059879303
16730,0.12387001514434814
16731,0.12479881197214127
16732,0.12566311657428741
16733,0.12521930038928986
16734,0.1240352988243103
16735,0.1233527883887291
16736,0.12407897412776947
16737,0.1250467747449875
16738,0.12491299957036972
16739,0.12386316061019897
16740,0.12297477573156357
16741,0.12336517870426178
16742,0.1243298202753067
16743,0.12456271797418594
16744,0.12382316589355469
16745,0.12279875576496124
16746,0.12275625020265579
16747,0.12355755269527435
16748,0.12409206479787827
16749,0.12377963960170746
16750,0.1227739155292511
16751,0.12233350425958633
16752,0.1228470727801323
16753,0.1235232949256897
16754,0.12362045794725418
16755,0.12275905907154083
16756,0.12201786041259766
16757,0.1221923828125
16758,0.12286277860403061
16759,0.1233154833316803
16760,0.12275217473506927
16761,0.12187207490205765
16762,0.12164375185966492
16763,0.12201061099767685
16764,0.12253730744123459
16765,0.12235354632139206
16766,0.1217409148812294
16767,0.12147356569766998
16768,0.12159481644630432
16769,0.12192945927381516
16770,0.12187331914901733
16771,0.1215594932436943
16772,0.12149608880281448
16773,0.1217166855931282
16774,0.12220115214586258
16775,0.12271615117788315
16776,0.12372890114784241
16777,0.12633591890335083
16778,0.1319500058889389
16779,0.14420506358146667
16780,0.16760340332984924
16781,0.21275784075260162
16782,0.2687656283378601
16783,0.30955472588539124
16784,0.26207226514816284
16785,0.16362148523330688
16786,0.12306993454694748
16787,0.17204846441745758
16788,0.23787972331047058
16789,0.2573769688606262
16790,0.2018212378025055
16791,0.1427643895149231
16792,0.15099255740642548
16793,0.19391939043998718
16794,0.1917172074317932
16795,0.14518533647060394
16796,0.1283247321844101
16797,0.15835155546665192
16798,0.17961618304252625
16799,0.1568702906370163
16800,0.12456125766038895
16801,0.13072751462459564
16802,0.15435904264450073
16803,0.1516297459602356
16804,0.13024771213531494
16805,0.12481659650802612
16806,0.13869692385196686
16807,0.1435789167881012
16808,0.1324605643749237
16809,0.12631413340568542
16810,0.13196121156215668
16811,0.1352367103099823
16812,0.13004231452941895
16813,0.12719528377056122
16814,0.1309112310409546
16815,0.1309642344713211
16816,0.1259327083826065
16817,0.12440891563892365
16818,0.12913504242897034
16819,0.1318739652633667
16820,0.12605080008506775
16821,0.12118767946958542
16822,0.12445832043886185
16823,0.1298743486404419
16824,0.12953978776931763
16825,0.12334860861301422
16826,0.12074141949415207
16827,0.12448747456073761
16828,0.12820462882518768
16829,0.12761585414409637
16830,0.12307114154100418
16831,0.1210109144449234
16832,0.123377226293087
16833,0.1261926144361496
16834,0.12681996822357178
16835,0.12341388314962387
16836,0.12084555625915527
16837,0.12210342288017273
16838,0.12481832504272461
16839,0.1264537274837494
16840,0.12353622913360596
16841,0.12044189125299454
16842,0.12117089331150055
16843,0.12398164719343185
16844,0.12615378201007843
16845,0.12345265597105026
16846,0.12004334479570389
16847,0.12051001191139221
16848,0.12335570156574249
16849,0.12586858868598938
16850,0.12329132109880447
16851,0.11968876421451569
16852,0.11998142302036285
16853,0.12283743917942047
16854,0.1256685107946396
16855,0.1232462003827095
16856,0.11943080276250839
16857,0.11943638324737549
16858,0.12217412143945694
16859,0.12529821693897247
16860,0.12318624556064606
16861,0.1193183958530426
16862,0.11900666356086731
16863,0.12143167108297348
16864,0.12462994456291199
16865,0.12286758422851562
16866,0.11912718415260315
16867,0.11862186342477798
16868,0.1206967681646347
16869,0.12378402799367905
16870,0.12234693765640259
16871,0.11891385912895203
16872,0.118403859436512
16873,0.1202048808336258
16874,0.12312648445367813
16875,0.12197858095169067
16876,0.11923159658908844
16877,0.11953435093164444
16878,0.12270413339138031
16879,0.12860630452632904
16880,0.1340828686952591
16881,0.1444142907857895
16882,0.17238186299800873
16883,0.2200222909450531
16884,0.2811054587364197
16885,0.27697470784187317
16886,0.19760745763778687
16887,0.12683023512363434
16888,0.1418987214565277
16889,0.2128158062696457
16890,0.24654334783554077
16891,0.1983141452074051
16892,0.1320609599351883
16893,0.13104766607284546
16894,0.17655692994594574
16895,0.1799391806125641
16896,0.13619720935821533
16897,0.12341650575399399
16898,0.1497740000486374
16899,0.16382437944412231
16900,0.13770657777786255
16901,0.12043555080890656
16902,0.13888585567474365
16903,0.15585702657699585
16904,0.14444448053836823
16905,0.12074054032564163
16906,0.12652558088302612
16907,0.14682087302207947
16908,0.14918087422847748
16909,0.13554668426513672
16910,0.12568938732147217
16911,0.1340441256761551
16912,0.14204645156860352
16913,0.14097346365451813
16914,0.1416097730398178
16915,0.13774541020393372
16916,0.13075295090675354
16917,0.1293242871761322
16918,0.13855800032615662
16919,0.15123845636844635
16920,0.14170655608177185
16921,0.12297531962394714
16922,0.12307797372341156
16923,0.1408071219921112
16924,0.15355762839317322
16925,0.13660112023353577
16926,0.11813358217477798
16927,0.12510395050048828
16928,0.14359508454799652
16929,0.15180601179599762
16930,0.13255000114440918
16931,0.11804137378931046
16932,0.1284502148628235
16933,0.1455232948064804
16934,0.15316800773143768
16935,0.13339044153690338
16936,0.11906378716230392
16937,0.130327969789505
16938,0.14990609884262085
16939,0.16021308302879333
16940,0.1365654170513153
16941,0.11869341880083084
16942,0.13273024559020996
16943,0.1583690494298935
16944,0.170315220952034
16945,0.1385987401008606
16946,0.11757272481918335
16947,0.13965117931365967
16948,0.17310792207717896
16949,0.1829058676958084
16950,0.13872946798801422
16951,0.11791550368070602
16952,0.15449413657188416
16953,0.19556745886802673
16954,0.19665850698947906
16955,0.1364111602306366
16956,0.1235366091132164
16957,0.18187850713729858
16958,0.22503650188446045
16959,0.2050791084766388
16960,0.1292199194431305
16961,0.14247313141822815
16962,0.22985422611236572
16963,0.25503820180892944
16964,0.19232672452926636
16965,0.11990464478731155
16966,0.19162485003471375
16967,0.2949768304824829
16968,0.2545503079891205
16969,0.14680761098861694
16970,0.14044244587421417
16971,0.2704991400241852
16972,0.30833831429481506
16973,0.1810150444507599
16974,0.12337490171194077
16975,0.21914741396903992
16976,0.2830432653427124
16977,0.1951492577791214
16978,0.12107298523187637
16979,0.18433481454849243
16980,0.23751237988471985
16981,0.17261047661304474
16982,0.12025684118270874
16983,0.16773328185081482
16984,0.19110152125358582
16985,0.14533497393131256
16986,0.1203155368566513
16987,0.1543406993150711
16988,0.1644081473350525
16989,0.12954598665237427
16990,0.12146992236375809
16991,0.14203111827373505
16992,0.14047656953334808
16993,0.12067325413227081
16994,0.12180504202842712
16995,0.13123612105846405
16996,0.12470300495624542
16997,0.11653207242488861
16998,0.12186088413000107
16999,0.1258813887834549
17000,0.11840084195137024
17001,0.11667178571224213
17002,0.12405560165643692
17003,0.12331830710172653
17004,0.11631989479064941
17005,0.1167847216129303
17006,0.12480781227350235
17007,0.12383856624364853
17008,0.11589248478412628
17009,0.11587564647197723
17010,0.12226450443267822
17011,0.12278270721435547
17012,0.11622883379459381
17013,0.1146588921546936
17014,0.11898903548717499
17015,0.12037692964076996
17016,0.11619368195533752
17017,0.11389711499214172
17018,0.11632072925567627
17019,0.11801179498434067
17020,0.11581604182720184
17021,0.11365440487861633
17022,0.114565908908844
17023,0.11613021790981293
17024,0.11535713076591492
17025,0.11365196853876114
17026,0.11359643191099167
17027,0.11466427147388458
17028,0.11470537632703781
17029,0.11362210661172867
17030,0.11305908113718033
17031,0.11358660459518433
17032,0.11400629580020905
17033,0.1134936735033989
17034,0.11273370683193207
17035,0.11265305429697037
17036,0.11309922486543655
17037,0.11324217915534973
17038,0.11280462890863419
17039,0.11229249089956284
17040,0.11219687759876251
17041,0.11239298433065414
17042,0.11245996505022049
17043,0.11223288625478745
17044,0.11191290616989136
17045,0.11177235096693039
17046,0.11181750893592834
17047,0.11188815534114838
17048,0.11184341460466385
17049,0.11170391738414764
17050,0.11158834397792816
17051,0.11161364614963531
17052,0.11182966083288193
17053,0.11229304224252701
17054,0.11322804540395737
17055,0.11522400379180908
17056,0.11986064910888672
17057,0.13020087778568268
17058,0.1537114828824997
17059,0.19648566842079163
17060,0.2611537575721741
17061,0.2802049517631531
17062,0.21875600516796112
17063,0.129731222987175
17064,0.1341690570116043
17065,0.20124776661396027
17066,0.20314617455005646
17067,0.1366167664527893
17068,0.12104557454586029
17069,0.16482603549957275
17070,0.17130376398563385
17071,0.1259429007768631
17072,0.11790695786476135
17073,0.15078361332416534
17074,0.14770416915416718
17075,0.1193532794713974
17076,0.11813992261886597
17077,0.14220432937145233
17078,0.1383465975522995
17079,0.11677440255880356
17080,0.11632266640663147
17081,0.13447140157222748
17082,0.13065361976623535
17083,0.11397857964038849
17084,0.11561528593301773
17085,0.12701620161533356
17086,0.12356054037809372
17087,0.11238894611597061
17088,0.11579705029726028
17089,0.12174679338932037
17090,0.1171969622373581
17091,0.11152199655771255
17092,0.11515000462532043
17093,0.11766204982995987
17094,0.11333347856998444
17095,0.11080455034971237
17096,0.11379212886095047
17097,0.11494231969118118
17098,0.11156029999256134
17099,0.11018092185258865
17100,0.1121552437543869
17101,0.11286608129739761
17102,0.11083809286355972
17103,0.10989458113908768
17104,0.11081471294164658
17105,0.11118929088115692
17106,0.11015643924474716
17107,0.10975038260221481
17108,0.11022912710905075
17109,0.11024335771799088
17110,0.10942260921001434
17111,0.10910657048225403
17112,0.10968105494976044
17113,0.10994581878185272
17114,0.10936012119054794
17115,0.10859698057174683
17116,0.10868413001298904
17117,0.10917004197835922
17118,0.10924988240003586
17119,0.10876008868217468
17120,0.10830096900463104
17121,0.10831870883703232
17122,0.10855540633201599
17123,0.10847407579421997
17124,0.10813475400209427
17125,0.10780474543571472
17126,0.1078350692987442
17127,0.10803361237049103
17128,0.10804012417793274
17129,0.10773083567619324
17130,0.10731124877929688
17131,0.10710969567298889
17132,0.10721128433942795
17133,0.10738640278577805
17134,0.10743235796689987
17135,0.10718724131584167
17136,0.10682670027017593
17137,0.10657403618097305
17138,0.10648443549871445
17139,0.10651618987321854
17140,0.10653156042098999
17141,0.10645970702171326
17142,0.10636916011571884
17143,0.10626192390918732
17144,0.10616160929203033
17145,0.10615847259759903
17146,0.1063743606209755
17147,0.10698778927326202
17148,0.10865935683250427
17149,0.11308353394269943
17150,0.12302175164222717
17151,0.1463804990053177
17152,0.2079893946647644
17153,0.33344000577926636
17154,0.5268936157226562
17155,0.5415564775466919
17156,0.32842302322387695
17157,0.12855222821235657
17158,0.20821243524551392
17159,0.4075138568878174
17160,0.37487590312957764
17161,0.18081675469875336
17162,0.14568424224853516
17163,0.27983829379081726
17164,0.30053237080574036
17165,0.14003567397594452
17166,0.17292723059654236
17167,0.28576797246932983
17168,0.18843133747577667
17169,0.1203971803188324
17170,0.22147996723651886
17171,0.2468714714050293
17172,0.1389184594154358
17173,0.14106972515583038
17174,0.21072715520858765
17175,0.17404961585998535
17176,0.11354237794876099
17177,0.15230119228363037
17178,0.1714024394750595
17179,0.11975248903036118
17180,0.1205427423119545
17181,0.1429828256368637
17182,0.12144601345062256
17183,0.10972465574741364
17184,0.12862201035022736
17185,0.11945097148418427
17186,0.10698980838060379
17187,0.12197351455688477
17188,0.12228884547948837
17189,0.10756592452526093
17190,0.11353413760662079
17191,0.12723293900489807
17192,0.11485780030488968
17193,0.10600786656141281
17194,0.11755914241075516
17195,0.12026920914649963
17196,0.10805320739746094
17197,0.10737752169370651
17198,0.11595571041107178
17199,0.11140207946300507
17200,0.10493764281272888
17201,0.10732176154851913
17202,0.10960512608289719
17203,0.1061166375875473
17204,0.10462820529937744
17205,0.1062561497092247
17206,0.1053047850728035
17207,0.1042076125741005
17208,0.1047954335808754
17209,0.10511802136898041
17210,0.10395960509777069
17211,0.10480286180973053
17212,0.10569940507411957
17213,0.10429928451776505
17214,0.10336420685052872
17215,0.10483498126268387
17216,0.1061447411775589
17217,0.10428551584482193
17218,0.10283380001783371
17219,0.10397110134363174
17220,0.10524843633174896
17221,0.10422030836343765
17222,0.10244162380695343
17223,0.10276878625154495
17224,0.10386622697114944
17225,0.10361425578594208
17226,0.10232333093881607
17227,0.10180284082889557
17228,0.102463498711586
17229,0.1027553379535675
17230,0.10212027281522751
17231,0.10138512402772903
17232,0.10133662074804306
17233,0.10169780999422073
17234,0.1016722247004509
17235,0.10120125859975815
17236,0.10078094154596329
17237,0.10073959082365036
17238,0.10088539123535156
17239,0.10084649175405502
17240,0.10055724531412125
17241,0.10024363547563553
17242,0.10011295974254608
17243,0.10013371706008911
17244,0.10013238340616226
17245,0.09998312592506409
17246,0.09973972290754318
17247,0.0995393618941307
17248,0.09943562000989914
17249,0.099396713078022
17250,0.09933030605316162
17251,0.09919702261686325
17252,0.0990365520119667
17253,0.09887759387493134
17254,0.09873835742473602
17255,0.09862259775400162
17256,0.09851491451263428
17257,0.09841125458478928
17258,0.09831369668245316
17259,0.09822730720043182
17260,0.09816921502351761
17261,0.09817046672105789
17262,0.09829724580049515
17263,0.09871416538953781
17264,0.09985636919736862
17265,0.10271943360567093
17266,0.11026006191968918
17267,0.1289995014667511
17268,0.1780858337879181
17269,0.2754043936729431
17270,0.44009894132614136
17271,0.4569385051727295
17272,0.2466791570186615
17273,0.11148443073034286
17274,0.25268852710723877
17275,0.299178808927536
17276,0.15014851093292236
17277,0.13988611102104187
17278,0.24286171793937683
17279,0.19504624605178833
17280,0.10879248380661011
17281,0.15816906094551086
17282,0.19913208484649658
17283,0.13448640704154968
17284,0.10929764062166214
17285,0.16311869025230408
17286,0.14948001503944397
17287,0.1033347025513649
17288,0.12438967823982239
17289,0.14583733677864075
17290,0.11212446540594101
17291,0.10547676682472229
17292,0.12946544587612152
17293,0.11332480609416962
17294,0.10165183246135712
17295,0.11756955832242966
17296,0.11175113171339035
17297,0.09884241968393326
17298,0.10999206453561783
17299,0.11038225144147873
17300,0.09849581867456436
17301,0.10440516471862793
17302,0.10861202329397202
17303,0.09957639873027802
17304,0.09928522258996964
17305,0.10512331873178482
17306,0.10057470947504044
17307,0.09807594865560532
17308,0.10201011598110199
17309,0.09993033856153488
17310,0.09661854803562164
17311,0.09949944913387299
17312,0.10031210631132126
17313,0.09637653827667236
17314,0.09644515067338943
17315,0.09825056046247482
17316,0.09689239412546158
17317,0.09594370424747467
17318,0.09700463712215424
17319,0.09624604880809784
17320,0.0947503075003624
17321,0.0956161841750145
17322,0.09631916880607605
17323,0.09511327743530273
17324,0.09436250478029251
17325,0.09493842720985413
17326,0.09474550932645798
17327,0.09395898133516312
17328,0.09412062913179398
17329,0.0945938229560852
17330,0.09401106089353561
17331,0.09324184060096741
17332,0.09325379878282547
17333,0.09340781718492508
17334,0.09305870532989502
17335,0.09270349889993668
17336,0.0927562341094017
17337,0.09279702603816986
17338,0.0924937054514885
17339,0.09217563271522522
17340,0.09217870980501175
17341,0.09225165098905563
17342,0.09219677746295929
17343,0.0921814888715744
17344,0.09252441674470901
17345,0.09308239072561264
17346,0.09397397190332413
17347,0.09593585133552551
17348,0.10072382539510727
17349,0.11111119389533997
17350,0.1331009566783905
17351,0.17152974009513855
17352,0.25105521082878113
17353,0.3253153860569
17354,0.3566874861717224
17355,0.21337279677391052
17356,0.09624571353197098
17357,0.1610828936100006
17358,0.23400884866714478
17359,0.16943489015102386
17360,0.09707032144069672
17361,0.15676569938659668
17362,0.2049124836921692
17363,0.13864561915397644
17364,0.09786403179168701
17365,0.14359153807163239
17366,0.15957149863243103
17367,0.11539427191019058
17368,0.09818234294652939
17369,0.1306789517402649
17370,0.13132275640964508
17371,0.09853626787662506
17372,0.10273890197277069
17373,0.12316183745861053
17374,0.11103610694408417
17375,0.09388520568609238
17376,0.1080668494105339
17377,0.1152416318655014
17378,0.09939363598823547
17379,0.09419377148151398
17380,0.10617052018642426
17381,0.10577182471752167
17382,0.09353339672088623
17383,0.09484166651964188
17384,0.10258697718381882
17385,0.0980081707239151
17386,0.09111961722373962
17387,0.09472908079624176
17388,0.09814690053462982
17389,0.09354899078607559
17390,0.09014314413070679
17391,0.09340012073516846
17392,0.09480997920036316
17393,0.09114529192447662
17394,0.08956389129161835
17395,0.09167662262916565
17396,0.09182502329349518
17397,0.08958815783262253
17398,0.08891282230615616
17399,0.09017755091190338
17400,0.09000203013420105
17401,0.08853411674499512
17402,0.08838237822055817
17403,0.08915692567825317
17404,0.08903253078460693
17405,0.08787351101636887
17406,0.08779241144657135
17407,0.08857544511556625
17408,0.08853033185005188
17409,0.08748503774404526
17410,0.08693063259124756
17411,0.0876716673374176
17412,0.08818793296813965
17413,0.08746953308582306
17414,0.08643610030412674
17415,0.08634931594133377
17416,0.08717037737369537
17417,0.08744262158870697
17418,0.08669305592775345
17419,0.08576232939958572
17420,0.08559980243444443
17421,0.08620835095643997
17422,0.08661556243896484
17423,0.08626087009906769
17424,0.08545931428670883
17425,0.08487769961357117
17426,0.08498048037290573
17427,0.08545394241809845
17428,0.08571355789899826
17429,0.08547542989253998
17430,0.0847754180431366
17431,0.08417617529630661
17432,0.08406300842761993
17433,0.0843043252825737
17434,0.08462142944335938
17435,0.0845566838979721
17436,0.08413363993167877
17437,0.08372044563293457
17438,0.08338577300310135
17439,0.08315707743167877
17440,0.08301467448472977
17441,0.08290483057498932
17442,0.08280153572559357
17443,0.0826849415898323
17444,0.08255001902580261
17445,0.08240873366594315
17446,0.08234672248363495
17447,0.08237938582897186
17448,0.08251428604125977
17449,0.08282802253961563
17450,0.08318288624286652
17451,0.08376114815473557
17452,0.08543545752763748
17453,0.08938895165920258
17454,0.09897884726524353
17455,0.11932828277349472
17456,0.16651654243469238
17457,0.2524949908256531
17458,0.3974611759185791
17459,0.434357225894928
17460,0.28782135248184204
17461,0.09636420011520386
17462,0.16981132328510284
17463,0.30504298210144043
17464,0.2112378180027008
17465,0.09358938038349152
17466,0.18518303334712982
17467,0.24116751551628113
17468,0.15544170141220093
17469,0.0920260027050972
17470,0.17325064539909363
17471,0.1933411955833435
17472,0.10737478733062744
17473,0.10436176508665085
17474,0.16275379061698914
17475,0.12772154808044434
17476,0.08496538549661636
17477,0.12352853268384933
17478,0.12812873721122742
17479,0.0915173664689064
17480,0.09523501992225647
17481,0.12041230499744415
17482,0.09848000109195709
17483,0.08517570793628693
17484,0.10440374165773392
17485,0.10310345143079758
17486,0.08380535244941711
17487,0.09238457679748535
17488,0.10197819769382477
17489,0.08788339793682098
17490,0.08429408073425293
17491,0.0947989672422409
17492,0.09147381037473679
17493,0.0817112848162651
17494,0.08693132549524307
17495,0.08975069224834442
17496,0.08334764838218689
17497,0.08198598027229309
17498,0.0869300365447998
17499,0.08476738631725311
17500,0.08077161759138107
17501,0.08335642516613007
17502,0.08545516431331635
17503,0.08170343935489655
17504,0.0802992582321167
17505,0.08296898752450943
17506,0.08290394395589828
17507,0.0801718607544899
17508,0.07993081212043762
17509,0.08173525333404541
17510,0.08101173490285873
17511,0.0792483314871788
17512,0.07952406257390976
17513,0.08064588904380798
17514,0.07989010214805603
17515,0.07868897169828415
17516,0.07900529354810715
17517,0.07984647154808044
17518,0.07925505936145782
17519,0.07823974639177322
17520,0.0782245472073555
17521,0.0789487287402153
17522,0.0788121297955513
17523,0.07797878980636597
17524,0.07753178477287292
17525,0.07786844670772552
17526,0.0781288892030716
17527,0.07776704430580139
17528,0.07717171311378479
17529,0.07699918746948242
17530,0.0771784856915474
17531,0.07722432911396027
17532,0.07694075256586075
17533,0.07658398896455765
17534,0.07642851024866104
17535,0.07643952965736389
17536,0.07640223205089569
17537,0.076248399913311
17538,0.07604575157165527
17539,0.0758829265832901
17540,0.0757867619395256
17541,0.07569650560617447
17542,0.0755956619977951
17543,0.07547751814126968
17544,0.07535777986049652
17545,0.07524910569190979
17546,0.07514533400535583
17547,0.07503945380449295
17548,0.074931800365448
17549,0.07482288032770157
17550,0.07471468299627304
17551,0.07461237162351608
17552,0.07451125979423523
17553,0.07441174983978271
17554,0.07431275397539139
17555,0.07420996576547623
17556,0.0741095095872879
17557,0.07401961833238602
17558,0.07393717020750046
17559,0.07386305183172226
17560,0.07380149513483047
17561,0.07377707958221436
17562,0.07382866740226746
17563,0.07404723018407822
17564,0.07462762296199799
17565,0.07589071989059448
17566,0.07871029525995255
17567,0.08550982177257538
17568,0.10173127055168152
17569,0.13979697227478027
17570,0.21633648872375488
17571,0.3365158438682556
17572,0.4397420883178711
17573,0.35040774941444397
17574,0.13456694781780243
17575,0.10818982124328613
17576,0.23614105582237244
17577,0.20949791371822357
17578,0.09019196778535843
17579,0.12197147309780121
17580,0.19994907081127167
17581,0.15517014265060425
17582,0.09289634972810745
17583,0.12321757525205612
17584,0.15315872430801392
17585,0.10467741638422012
17586,0.0848393365740776
17587,0.13514269888401031
17588,0.14596283435821533
17589,0.0976003035902977
17590,0.08797506242990494
17591,0.1306820958852768
17592,0.11962182819843292
17593,0.08382073789834976
17594,0.0987502932548523
17595,0.12145097553730011
17596,0.09503476321697235
17597,0.07680398225784302
17598,0.10098263621330261
17599,0.10262089967727661
17600,0.0784413293004036
17601,0.07961000502109528
17602,0.09370274096727371
17603,0.08485119789838791
17604,0.07513587921857834
17605,0.08157070726156235
17606,0.08180922269821167
17607,0.07631099224090576
17608,0.07794159650802612
17609,0.07975320518016815
17610,0.07491237670183182
17611,0.07676856219768524
17612,0.08191484957933426
17613,0.07797262072563171
17614,0.07262992113828659
17615,0.07646147906780243
17616,0.08203653991222382
17617,0.07778525352478027
17618,0.07335180044174194
17619,0.07514346390962601
17620,0.07737035304307938
17621,0.07610155642032623
17622,0.07458647340536118
17623,0.07476629316806793
17624,0.07393114268779755
17625,0.07291072607040405
17626,0.07376480102539062
17627,0.07446053624153137
17628,0.07287423312664032
17629,0.07106474786996841
17630,0.0717153549194336
17631,0.07308773696422577
17632,0.0727023258805275
17633,0.07109809666872025
17634,0.07049199193716049
17635,0.0710344910621643
17636,0.07148817926645279
17637,0.0712883397936821
17638,0.07080953568220139
17639,0.07040484994649887
17640,0.07007545232772827
17641,0.07009507715702057
17642,0.07046495378017426
17643,0.0706271156668663
17644,0.07024398446083069
17645,0.06951740384101868
17646,0.06930506229400635
17647,0.06971711665391922
17648,0.07010049372911453
17649,0.06998924165964127
17650,0.0693727508187294
17651,0.06895775347948074
17652,0.0690266564488411
17653,0.069252610206604
17654,0.0693635642528534
17655,0.06911064684391022
17656,0.06880819797515869
17657,0.06866049766540527
17658,0.06854824721813202
17659,0.06846679002046585
17660,0.06832419335842133
17661,0.0682663694024086
17662,0.06830371916294098
17663,0.06821810454130173
17664,0.06799512356519699
17665,0.06769506633281708
17666,0.06759023666381836
17667,0.06772292405366898
17668,0.06786095350980759
17669,0.06784744560718536
17670,0.06752864271402359
17671,0.06718767434358597
17672,0.06709131598472595
17673,0.06718388944864273
17674,0.06734255701303482
17675,0.0672728642821312
17676,0.0670057013630867
17677,0.06677711009979248
17678,0.06661545485258102
17679,0.06652355939149857
17680,0.06648296862840652
17681,0.06653214991092682
17682,0.0666893720626831
17683,0.06702105700969696
17684,0.06769203394651413
17685,0.06841297447681427
17686,0.06931620836257935
17687,0.07160947471857071
17688,0.0765305757522583
17689,0.08762672543525696
17690,0.10853603482246399
17691,0.15273886919021606
17692,0.21901686489582062
17693,0.32091018557548523
17694,0.32807791233062744
17695,0.22151556611061096
17696,0.08346576243638992
17697,0.1220601350069046
17698,0.21387475728988647
17699,0.15005099773406982
17700,0.07469355314970016
17701,0.13826154172420502
17702,0.17718395590782166
17703,0.11529611796140671
17704,0.07188629359006882
17705,0.12612369656562805
17706,0.1487939953804016
17707,0.09192822873592377
17708,0.07327385991811752
17709,0.1167035847902298
17710,0.10912882536649704
17711,0.07299160212278366
17712,0.08128545433282852
17713,0.10469505190849304
17714,0.08642662316560745
17715,0.06887317448854446
17716,0.08731332421302795
17717,0.09508170932531357
17718,0.07296499609947205
17719,0.07072621583938599
17720,0.08533865958452225
17721,0.08082002401351929
17722,0.06753507256507874
17723,0.07228122651576996
17724,0.07930350303649902
17725,0.07191731035709381
17726,0.06645959615707397
17727,0.07318761944770813
17728,0.07451833039522171
17729,0.06753260642290115
17730,0.06720701605081558
17731,0.07257407158613205
17732,0.07062776386737823
17733,0.0658390074968338
17734,0.06734190136194229
17735,0.07007011026144028
17736,0.06771475821733475
17737,0.06523677706718445
17738,0.06687691807746887
17739,0.06828565150499344
17740,0.06613709777593613
17741,0.06486476212739944
17742,0.06642557680606842
17743,0.06701170653104782
17744,0.06537600606679916
17745,0.06453849375247955
17746,0.06582389771938324
17747,0.06634380668401718
17748,0.06499191373586655
17749,0.0641745924949646
17750,0.06493309885263443
17751,0.06551504135131836
17752,0.06473936140537262
17753,0.06388518214225769
17754,0.06411941349506378
17755,0.0646374300122261
17756,0.06434118747711182
17757,0.06369020789861679
17758,0.06355605274438858
17759,0.0638849064707756
17760,0.06386543810367584
17761,0.06344282627105713
17762,0.0632222443819046
17763,0.06335784494876862
17764,0.06345391273498535
17765,0.06320837140083313
17766,0.06294912099838257
17767,0.06298546493053436
17768,0.06309665739536285
17769,0.06302022188901901
17770,0.06274295598268509
17771,0.06264262646436691
17772,0.06276465207338333
17773,0.06282128393650055
17774,0.06266128271818161
17775,0.06239529699087143
17776,0.06236060708761215
17777,0.0625155121088028
17778,0.06255616992712021
17779,0.06237080693244934
17780,0.062079645693302155
17781,0.0620373897254467
17782,0.06221507489681244
17783,0.06231173127889633
17784,0.06216916814446449
17785,0.06183289363980293
17786,0.06169092282652855
17787,0.06183755770325661
17788,0.0620119571685791
17789,0.061988465487957
17790,0.061656635254621506
17791,0.061378683894872665
17792,0.061405833810567856
17793,0.06159239634871483
17794,0.06171272695064545
17795,0.06149125471711159
17796,0.06115744635462761
17797,0.06103973835706711
17798,0.061117857694625854
17799,0.061260417103767395
17800,0.061213258653879166
17801,0.06110343709588051
17802,0.0612466000020504
17803,0.061879172921180725
17804,0.063483826816082
17805,0.06669115275144577
17806,0.07392841577529907
17807,0.0912286639213562
17808,0.13245819509029388
17809,0.21702159941196442
17810,0.3665012717247009
17811,0.48017266392707825
17812,0.4067067503929138
17813,0.1458297073841095
17814,0.10914844274520874
17815,0.270580530166626
17816,0.22442671656608582
17817,0.0861920639872551
17818,0.12621888518333435
17819,0.21815916895866394
17820,0.16055189073085785
17821,0.07291285693645477
17822,0.12040060013532639
17823,0.16310150921344757
17824,0.09915735572576523
17825,0.07122930884361267
17826,0.1259002685546875
17827,0.12631362676620483
17828,0.07456856966018677
17829,0.08028615266084671
17830,0.11328557133674622
17831,0.09402142465114594
17832,0.06879006326198578
17833,0.08984933793544769
17834,0.09433168917894363
17835,0.06912029534578323
17836,0.07513922452926636
17837,0.08953674882650375
17838,0.072368323802948
17839,0.06440044194459915
17840,0.07994259148836136
17841,0.07689402252435684
17842,0.06299924850463867
17843,0.06878924369812012
17844,0.07413731515407562
17845,0.06603146344423294
17846,0.06547663360834122
17847,0.07018252462148666
17848,0.06574636697769165
17849,0.06262525916099548
17850,0.06762708723545074
17851,0.06744825094938278
17852,0.061518725007772446
17853,0.06277017295360565
17854,0.06633225828409195
17855,0.06344602257013321
17856,0.06092999503016472
17857,0.06297335773706436
17858,0.0632530003786087
17859,0.06130829080939293
17860,0.06157402694225311
17861,0.06208569183945656
17862,0.060824207961559296
17863,0.06055915728211403
17864,0.06162134185433388
17865,0.061033111065626144
17866,0.05984459072351456
17867,0.060350365936756134
17868,0.06097739189863205
17869,0.06029493734240532
17870,0.05973929911851883
17871,0.0601632297039032
17872,0.06019691377878189
17873,0.05970869958400726
17874,0.05975376069545746
17875,0.05995287746191025
17876,0.05958382785320282
17877,0.059205856174230576
17878,0.05948023870587349
17879,0.0597042553126812
17880,0.05930108577013016
17881,0.058907415717840195
17882,0.059024449437856674
17883,0.05919945240020752
17884,0.05907292291522026
17885,0.05883948877453804
17886,0.05873266980051994
17887,0.058697156608104706
17888,0.05864502117037773
17889,0.05865731090307236
17890,0.058611225336790085
17891,0.05844317376613617
17892,0.05831530690193176
17893,0.05829935148358345
17894,0.058342378586530685
17895,0.058263324201107025
17896,0.058129873126745224
17897,0.058075498789548874
17898,0.05805326998233795
17899,0.05802346393465996
17900,0.05794842541217804
17901,0.05789604038000107
17902,0.057861074805259705
17903,0.05780595541000366
17904,0.05777028203010559
17905,0.05773073807358742
17906,0.05768692120909691
17907,0.057617682963609695
17908,0.05754975602030754
17909,0.05754220113158226
17910,0.05752868205308914
17911,0.05746832862496376
17912,0.05736897513270378
17913,0.05729001760482788
17914,0.05727776885032654
17915,0.05726886913180351
17916,0.05722001940011978
17917,0.057134393602609634
17918,0.05707563832402229
17919,0.05708217993378639
17920,0.057075563818216324
17921,0.05701427534222603
17922,0.0569152794778347
17923,0.0568307526409626
17924,0.05679638311266899
17925,0.056798651814460754
17926,0.05682206153869629
17927,0.05684858188033104
17928,0.05696877837181091
17929,0.0573243610560894
17930,0.05783098563551903
17931,0.05858226865530014
17932,0.060256265103816986
17933,0.06389078497886658
17934,0.0721781775355339
17935,0.0882149413228035
17936,0.12252862006425858
17937,0.18353493511676788
17938,0.29487717151641846
17939,0.3775225281715393
17940,0.35494035482406616
17941,0.15443867444992065
17942,0.06484093517065048
17943,0.16858795285224915
17944,0.21272602677345276
17945,0.10327150672674179
17946,0.07702438533306122
17947,0.17147192358970642
17948,0.17814280092716217
17949,0.08167880773544312
17950,0.08790208399295807
17951,0.1704472005367279
17952,0.14157956838607788
17953,0.07362282276153564
17954,0.09635673463344574
17955,0.13252905011177063
17956,0.09900414943695068
17957,0.06879125535488129
17958,0.10324057936668396
17959,0.10775645077228546
17960,0.06854008883237839
17961,0.07196493446826935
17962,0.09810999035835266
17963,0.0778040662407875
17964,0.05958271399140358
17965,0.07728547602891922
17966,0.0801108181476593
17967,0.061204567551612854
17968,0.0633334219455719
17969,0.07421785593032837
17970,0.06557990610599518
17971,0.05935317277908325
17972,0.0676797404885292
17973,0.06715172529220581
17974,0.058922819793224335
17975,0.06187772378325462
17976,0.06778974831104279
17977,0.06167543679475784
17978,0.05739373341202736
17979,0.06267784535884857
17980,0.06385447084903717
17981,0.058225084096193314
17982,0.05753066763281822
17983,0.061455342918634415
17984,0.06059616431593895
17985,0.056997112929821014
17986,0.05782788619399071
17987,0.05980600416660309
17988,0.05827079713344574
17989,0.05661703646183014
17990,0.0576467365026474
17991,0.05808847025036812
17992,0.056819163262844086
17993,0.05638954043388367
17994,0.05727062001824379
17995,0.05702031031250954
17996,0.055995576083660126
17997,0.056089431047439575
17998,0.05676916241645813
17999,0.0564303919672966
18000,0.055681031197309494
18001,0.055838897824287415
18002,0.05635179579257965
18003,0.05602913349866867
18004,0.05547637492418289
18005,0.055560868233442307
18006,0.055963728576898575
18007,0.05574746057391167
18008,0.055291153490543365
18009,0.05527525767683983
18010,0.055558059364557266
18011,0.05548702925443649
18012,0.055135130882263184
18013,0.055015698075294495
18014,0.055188339203596115
18015,0.05520545318722725
18016,0.05497966706752777
18017,0.05481782183051109
18018,0.05487919971346855
18019,0.05493918061256409
18020,0.05481733754277229
18021,0.0546567402780056
18022,0.054636187851428986
18023,0.054686225950717926
18024,0.05464814975857735
18025,0.05451861768960953
18026,0.054440971463918686
18027,0.05446076765656471
18028,0.05446511507034302
18029,0.05439244955778122
18030,0.054286401718854904
18031,0.05425136163830757
18032,0.05426650121808052
18033,0.05424942821264267
18034,0.05417194217443466
18035,0.054085224866867065
18036,0.05405754595994949
18037,0.05406656861305237
18038,0.05404384434223175
18039,0.053975049406290054
18040,0.05389491096138954
18041,0.053861476480960846
18042,0.053863588720560074
18043,0.05384546518325806
18044,0.05378907173871994
18045,0.05371038615703583
18046,0.0536663681268692
18047,0.05366063117980957
18048,0.05365069583058357
18049,0.05360843613743782
18050,0.053532082587480545
18051,0.05347365513443947
18052,0.05345727875828743
18053,0.05345229059457779
18054,0.05342722684144974
18055,0.05335959792137146
18056,0.053290124982595444
18057,0.05325712263584137
18058,0.053247589617967606
18059,0.053235385566949844
18060,0.0531843900680542
18061,0.05311673879623413
18062,0.053070876747369766
18063,0.05304761230945587
18064,0.053033798933029175
18065,0.052995726466178894
18066,0.05294017121195793
18067,0.05289526656270027
18068,0.052862897515296936
18069,0.05283914878964424
18070,0.05280249938368797
18071,0.05275608226656914
18072,0.05271749943494797
18073,0.052686091512441635
18074,0.05265892669558525
18075,0.05262172222137451
18076,0.05257996916770935
18077,0.05254586413502693
18078,0.0525173582136631
18079,0.05249177664518356
18080,0.0524531826376915
18081,0.05240873619914055
18082,0.05237310379743576
18083,0.05234431475400925
18084,0.05232010409235954
18085,0.052284445613622665
18086,0.05224127322435379
18087,0.05220431834459305
18088,0.05217213183641434
18089,0.052143391221761703
18090,0.052108313888311386
18091,0.052070602774620056
18092,0.05203883722424507
18093,0.05201204493641853
18094,0.05199039354920387
18095,0.05195779353380203
18096,0.05191589519381523
18097,0.05187902972102165
18098,0.05184532701969147
18099,0.05181340128183365
18100,0.05179118365049362
18101,0.05179407820105553
18102,0.05183225870132446
18103,0.05193652585148811
18104,0.05217471346259117
18105,0.05252879112958908
18106,0.053144656121730804
18107,0.054506734013557434
18108,0.05751900002360344
18109,0.06391770392656326
18110,0.07697274535894394
18111,0.10208508372306824
18112,0.15531030297279358
18113,0.23944354057312012
18114,0.35992881655693054
18115,0.36125606298446655
18116,0.22599288821220398
18117,0.07025176286697388
18118,0.10129119455814362
18119,0.21053798496723175
18120,0.15377286076545715
18121,0.05959303304553032
18122,0.10037404298782349
18123,0.1687372773885727
18124,0.14172449707984924
18125,0.06190703064203262
18126,0.09542985260486603
18127,0.16315938532352448
18128,0.12366338819265366
18129,0.06132957711815834
18130,0.08949050307273865
18131,0.14973825216293335
18132,0.11561524122953415
18133,0.05824524164199829
18134,0.08570782095193863
18135,0.12258890271186829
18136,0.0827130377292633
18137,0.05557545647025108
18138,0.08764137327671051
18139,0.09200345724821091
18140,0.06004509702324867
18141,0.06076236441731453
18142,0.0816192626953125
18143,0.07270589470863342
18144,0.05489945411682129
18145,0.06320004910230637
18146,0.06678246706724167
18147,0.05663163214921951
18148,0.05505357310175896
18149,0.06415403634309769
18150,0.059904009103775024
18151,0.05350150167942047
18152,0.05809815227985382
18153,0.06008192524313927
18154,0.054636772722005844
18155,0.05373544991016388
18156,0.06097201630473137
18157,0.05958130210638046
18158,0.05280672758817673
18159,0.053992513567209244
18160,0.05972565710544586
18161,0.057890765368938446
18162,0.052310794591903687
18163,0.053735047578811646
18164,0.05738188326358795
18165,0.055654145777225494
18166,0.0519227497279644
18167,0.05270516127347946
18168,0.05512676015496254
18169,0.05402856692671776
18170,0.051733192056417465
18171,0.051851727068424225
18172,0.05297290161252022
18173,0.05260641127824783
18174,0.051383282989263535
18175,0.051356855779886246
18176,0.05170828476548195
18177,0.05153735354542732
18178,0.051152341067790985
18179,0.05113249272108078
18180,0.051219284534454346
18181,0.05098437890410423
18182,0.05091716721653938
18183,0.05098860338330269
18184,0.05104485899209976
18185,0.05086318776011467
18186,0.05088841915130615
18187,0.05103332921862602
18188,0.05090223252773285
18189,0.05066873878240585
18190,0.05067911371588707
18191,0.051079895347356796
18192,0.05112434923648834
18193,0.050779763609170914
18194,0.050615306943655014
18195,0.050923269242048264
18196,0.05134667083621025
18197,0.051179591566324234
18198,0.05071151629090309
18199,0.050670161843299866
18200,0.0512770339846611
18201,0.052068326622247696
18202,0.0525859072804451
18203,0.05346138775348663
18204,0.055585071444511414
18205,0.05928763747215271
18206,0.0643780529499054
18207,0.07212567329406738
18208,0.08267976343631744
18209,0.098289854824543
18210,0.11120039224624634
18211,0.11760232597589493
18212,0.1047169417142868
18213,0.07931868731975555
18214,0.056002382189035416
18215,0.05150782689452171
18216,0.06267660111188889
18217,0.0726715475320816
18218,0.069121815264225
18219,0.056922852993011475
18220,0.05084558576345444
18221,0.05495624989271164
18222,0.060778483748435974
18223,0.059889357537031174
18224,0.054201047867536545
18225,0.050969019532203674
18226,0.052327752113342285
18227,0.054775722324848175
18228,0.054309919476509094
18229,0.05178510770201683
18230,0.05049847438931465
18231,0.050901804119348526
18232,0.05163083225488663
18233,0.051286377012729645
18234,0.050295520573854446
18235,0.04980897530913353
18236,0.049867067486047745
18237,0.05008837953209877
18238,0.0499589778482914
18239,0.049641504883766174
18240,0.04944243282079697
18241,0.04933951050043106
18242,0.049393076449632645
18243,0.04945303872227669
18244,0.0494336374104023
18245,0.04930777847766876
18246,0.04919212684035301
18247,0.04918655753135681
18248,0.04927477985620499
18249,0.04937679320573807
18250,0.04928722232580185
18251,0.049178920686244965
18252,0.04912331700325012
18253,0.04909603297710419
18254,0.04914417490363121
18255,0.049137089401483536
18256,0.04918313026428223
18257,0.049188870936632156
18258,0.04904606565833092
18259,0.048894863575696945
18260,0.04883018508553505
18261,0.04903778061270714
18262,0.04924315959215164
18263,0.049159612506628036
18264,0.04889471083879471
18265,0.04865013435482979
18266,0.04882318526506424
18267,0.04918786883354187
18268,0.04927181825041771
18269,0.0490199439227581
18270,0.04858637601137161
18271,0.048571161925792694
18272,0.04896654933691025
18273,0.04922433942556381
18274,0.04906933009624481
18275,0.04851939529180527
18276,0.04829500988125801
18277,0.04863821715116501
18278,0.04908725619316101
18279,0.04922537878155708
18280,0.048719312995672226
18281,0.048224519938230515
18282,0.048297204077243805
18283,0.048658668994903564
18284,0.04888194426894188
18285,0.04858402535319328
18286,0.048267677426338196
18287,0.04847578704357147
18288,0.04925687983632088
18289,0.050522733479738235
18290,0.05142959952354431
18291,0.05224137008190155
18292,0.054715998470783234
18293,0.059813492000103
18294,0.06951012462377548
18295,0.08705919235944748
18296,0.11796130239963531
18297,0.16205266118049622
18298,0.21552637219429016
18299,0.23355735838413239
18300,0.18335163593292236
18301,0.0868154987692833
18302,0.05187887325882912
18303,0.09766272455453873
18304,0.13474920392036438
18305,0.0988457128405571
18306,0.05445011705160141
18307,0.07389324903488159
18308,0.11375471949577332
18309,0.10318689048290253
18310,0.0607474148273468
18311,0.06019493192434311
18312,0.09425050020217896
18313,0.09836181998252869
18314,0.06534358114004135
18315,0.05138054117560387
18316,0.08310066163539886
18317,0.09977664053440094
18318,0.07302598655223846
18319,0.04928390309214592
18320,0.06728768348693848
18321,0.09362465143203735
18322,0.0773053765296936
18323,0.0522577129304409
18324,0.05949381738901138
18325,0.0793943852186203
18326,0.07420749962329865
18327,0.05239059031009674
18328,0.051686592400074005
18329,0.0667712539434433
18330,0.0672614723443985
18331,0.05363556742668152
18332,0.04963379353284836
18333,0.05870173126459122
18334,0.06174205243587494
18335,0.05315728485584259
18336,0.04823213443160057
18337,0.05309551581740379
18338,0.05663753300905228
18339,0.05236268788576126
18340,0.048008084297180176
18341,0.050274331122636795
18342,0.05367925018072128
18343,0.051939573138952255
18344,0.04843815043568611
18345,0.048637036234140396
18346,0.050857946276664734
18347,0.050712794065475464
18348,0.048415832221508026
18349,0.04763513803482056
18350,0.04883705824613571
18351,0.04929526522755623
18352,0.04828229919075966
18353,0.04742369055747986
18354,0.047812569886446
18355,0.04830264300107956
18356,0.04790522903203964
18357,0.047380149364471436
18358,0.047454047948122025
18359,0.04787470027804375
18360,0.04775581136345863
18361,0.047309018671512604
18362,0.04726245626807213
18363,0.04747983068227768
18364,0.04750525578856468
18365,0.04720276594161987
18366,0.047173094004392624
18367,0.047535594552755356
18368,0.04782702028751373
18369,0.04782416671514511
18370,0.04763222858309746
18371,0.04786856099963188
18372,0.048403847962617874
18373,0.048683278262615204
18374,0.04873346909880638
18375,0.04928498715162277
18376,0.05100366473197937
18377,0.05365510657429695
18378,0.056873075664043427
18379,0.061299897730350494
18380,0.0661889985203743
18381,0.07285913079977036
18382,0.07947225123643875
18383,0.08507462590932846
18384,0.08491230756044388
18385,0.07996680587530136
18386,0.06938575953245163
18387,0.05757133290171623
18388,0.049214694648981094
18389,0.04769487306475639
18390,0.05203549936413765
18391,0.05755731090903282
18392,0.059474218636751175
18393,0.056168463081121445
18394,0.050567373633384705
18395,0.04689987003803253
18396,0.04738152027130127
18397,0.050551190972328186
18398,0.05301389843225479
18399,0.052583009004592896
18400,0.04952199012041092
18401,0.046740151941776276
18402,0.046426139771938324
18403,0.04809865728020668
18404,0.049795061349868774
18405,0.049499060958623886
18406,0.04770389199256897
18407,0.04633544385433197
18408,0.04629727825522423
18409,0.04723299294710159
18410,0.04768846556544304
18411,0.04719972983002663
18412,0.04651862010359764
18413,0.04616757854819298
18414,0.0463339127600193
18415,0.04643010348081589
18416,0.04621250927448273
18417,0.046038080006837845
18418,0.045972295105457306
18419,0.04604504257440567
18420,0.04599375277757645
18421,0.04579877108335495
18422,0.045704711228609085
18423,0.04570386931300163
18424,0.0457552932202816
18425,0.045705411583185196
18426,0.04567255079746246
18427,0.04574228450655937
18428,0.04582570493221283
18429,0.04585466906428337
18430,0.04563678801059723
18431,0.045496005564928055
18432,0.0456366166472435
18433,0.045893196016550064
18434,0.04609626159071922
18435,0.04583270475268364
18436,0.045432619750499725
18437,0.04534974694252014
18438,0.04551157355308533
18439,0.04576556012034416
18440,0.04566344991326332
18441,0.04535564035177231
18442,0.04523533582687378
18443,0.04530433937907219
18444,0.045510753989219666
18445,0.04546143487095833
18446,0.045220889151096344
18447,0.04511048272252083
18448,0.04509923607110977
18449,0.045142609626054764
18450,0.04508252441883087
18451,0.045062530785799026
18452,0.04523458331823349
18453,0.04560649394989014
18454,0.04621997848153114
18455,0.04653375595808029
18456,0.04664544016122818
18457,0.04731850326061249
18458,0.04877135530114174
18459,0.05150303244590759
18460,0.057134754955768585
18461,0.06831591576337814
18462,0.0880369246006012
18463,0.122250035405159
18464,0.17093384265899658
18465,0.2184392809867859
18466,0.22255787253379822
18467,0.177906334400177
18468,0.09655411541461945
18469,0.05014219507575035
18470,0.06726725399494171
18471,0.09512259066104889
18472,0.09535236656665802
18473,0.06957640498876572
18474,0.05433983355760574
18475,0.06163892149925232
18476,0.06991104036569595
18477,0.07239694893360138
18478,0.06992709636688232
18479,0.07289635390043259
18480,0.09140245616436005
18481,0.12094836682081223
18482,0.1551160216331482
18483,0.16790831089019775
18484,0.14531207084655762
18485,0.08527743071317673
18486,0.04690033197402954
18487,0.06489744782447815
18488,0.10137467086315155
18489,0.10268772393465042
18490,0.06339758634567261
18491,0.04811575636267662
18492,0.0762939378619194
18493,0.09791289269924164
18494,0.08142539858818054
18495,0.04922817647457123
18496,0.05582239478826523
18497,0.08745770901441574
18498,0.09472374618053436
18499,0.07161826640367508
18500,0.05055386945605278
18501,0.06563811749219894
18502,0.08642571419477463
18503,0.07861000299453735
18504,0.061857134103775024
18505,0.0616583451628685
18506,0.07625436782836914
18507,0.07498012483119965
18508,0.0625109001994133
18509,0.06506122648715973
18510,0.0740252137184143
18511,0.07103437930345535
18512,0.058238834142684937
18513,0.06017697602510452
18514,0.07367968559265137
18515,0.07058975100517273
18516,0.055297065526247025
18517,0.05207640677690506
18518,0.06641534715890884
18519,0.07383601367473602
18520,0.05882026255130768
18521,0.04635661095380783
18522,0.05456848815083504
18523,0.06843794882297516
18524,0.06630265712738037
18525,0.049962643533945084
18526,0.04574592038989067
18527,0.05813675746321678
18528,0.06715375930070877
18529,0.06131140887737274
18530,0.04743829742074013
18531,0.046875882893800735
18532,0.05953703075647354
18533,0.06729070097208023
18534,0.06121283397078514
18535,0.047257307916879654
18536,0.04719459265470505
18537,0.06122923642396927
18538,0.07025930285453796
18539,0.06327015906572342
18540,0.04718460142612457
18541,0.04779990762472153
18542,0.06438668072223663
18543,0.07399697601795197
18544,0.06424031406641006
18545,0.04644864425063133
18546,0.050159551203250885
18547,0.06971633434295654
18548,0.07789871841669083
18549,0.0637902319431305
18550,0.045557085424661636
18551,0.054141778498888016
18552,0.07600536942481995
18553,0.080593541264534
18554,0.06157224625349045
18555,0.04491114243865013
18556,0.059540167450904846
18557,0.0819125697016716
18558,0.080637626349926
18559,0.05733291432261467
18560,0.04515968635678291
18561,0.06593049317598343
18562,0.08550648391246796
18563,0.07647120952606201
18564,0.05166020616889
18565,0.04707856848835945
18566,0.07163044810295105
18567,0.084358349442482
18568,0.06825362145900726
18569,0.04668464884161949
18570,0.05042697489261627
18571,0.07360337674617767
18572,0.07735880464315414
18573,0.05839985981583595
18574,0.04419964924454689
18575,0.053342822939157486
18576,0.0700756162405014
18577,0.06663726270198822
18578,0.05029882863163948
18579,0.044142402708530426
18580,0.053850192576646805
18581,0.06242913380265236
18582,0.05613677203655243
18583,0.04562291130423546
18584,0.04493192210793495
18585,0.05180289223790169
18586,0.05419766157865524
18587,0.04874720424413681
18588,0.04382329806685448
18589,0.045293912291526794
18590,0.04868706688284874
18591,0.048090528696775436
18592,0.044885702431201935
18593,0.043509598821401596
18594,0.04507233574986458
18595,0.04601990059018135
18596,0.044746506959199905
18597,0.043521471321582794
18598,0.043732915073633194
18599,0.04467451944947243
18600,0.04437762498855591
18601,0.043460626155138016
18602,0.04350332170724869
18603,0.04415975138545036
18604,0.04442620277404785
18605,0.04358480125665665
18606,0.04324725270271301
18607,0.04405578225851059
18608,0.04474572837352753
18609,0.04445978254079819
18610,0.043270185589790344
18611,0.04334397241473198
18612,0.04469795525074005
18613,0.04546988755464554
18614,0.04482487216591835
18615,0.04320720583200455
18616,0.043331366032361984
18617,0.04511214792728424
18618,0.04621865972876549
18619,0.0455193892121315
18620,0.04337026923894882
18621,0.043110836297273636
18622,0.04511568695306778
18623,0.04678085073828697
18624,0.04642510786652565
18625,0.04380575940012932
18626,0.04280901327729225
18627,0.0447026789188385
18628,0.04694163426756859
18629,0.04727381095290184
18630,0.04445430636405945
18631,0.04261380061507225
18632,0.04405856132507324
18633,0.046635717153549194
18634,0.0477558895945549
18635,0.04508346691727638
18636,0.04259452968835831
18637,0.04344257712364197
18638,0.04601767286658287
18639,0.04772830754518509
18640,0.045417699962854385
18641,0.042642977088689804
18642,0.04301603510975838
18643,0.045376408845186234
18644,0.047354806214571
18645,0.04538451135158539
18646,0.04261353611946106
18647,0.04277360811829567
18648,0.04493654891848564
18649,0.046978581696748734
18650,0.04519576206803322
18651,0.04250945895910263
18652,0.04263565316796303
18653,0.04472050815820694
18654,0.04680847004055977
18655,0.04508199170231819
18656,0.04240945726633072
18657,0.0425385981798172
18658,0.04463515058159828
18659,0.04684041813015938
18660,0.045124925673007965
18661,0.04235333949327469
18662,0.04241250827908516
18663,0.04450900852680206
18664,0.046866536140441895
18665,0.04520967975258827
18666,0.04232706502079964
18667,0.042260099202394485
18668,0.044286951422691345
18669,0.046741798520088196
18670,0.04518462345004082
18671,0.042270880192518234
18672,0.04212028533220291
18673,0.044073548167943954
18674,0.046591125428676605
18675,0.04512356221675873
18676,0.042205892503261566
18677,0.0419926792383194
18678,0.04387425258755684
18679,0.04644269496202469
18680,0.0450592003762722
18681,0.04214537516236305
18682,0.041869621723890305
18683,0.04365617409348488
18684,0.04622303321957588
18685,0.04492034763097763
18686,0.0420566089451313
18687,0.0417640320956707
18688,0.0434870645403862
18689,0.04605875536799431
18690,0.04481705278158188
18691,0.04197937250137329
18692,0.04165389761328697
18693,0.04330822452902794
18694,0.04588790982961655
18695,0.044721249490976334
18696,0.04191320389509201
18697,0.04153875261545181
18698,0.04308640584349632
18699,0.04561173915863037
18700,0.04452509805560112
18701,0.041809409856796265
18702,0.04144079610705376
18703,0.04292960837483406
18704,0.045447200536727905
18705,0.04443173110485077
18706,0.04175384342670441
18707,0.04132849723100662
18708,0.04266887158155441
18709,0.04502777382731438
18710,0.04407256096601486
18711,0.04158467799425125
18712,0.041293319314718246
18713,0.04276592284440994
18714,0.045428164303302765
18715,0.04465293884277344
18716,0.04202451556921005
18717,0.04143953695893288
18718,0.04238959774374962
18719,0.044208403676748276
18720,0.04410841315984726
18721,0.04442274197936058
18722,0.048662759363651276
18723,0.05835994333028793
18724,0.07679329067468643
18725,0.09685435891151428
18726,0.12286143749952316
18727,0.16656941175460815
18728,0.22239628434181213
18729,0.2681758403778076
18730,0.26226603984832764
18731,0.18452779948711395
18732,0.08016272634267807
18733,0.049113187938928604
18734,0.10270814597606659
18735,0.1591871827840805
18736,0.14931102097034454
18737,0.08602707087993622
18738,0.05184803158044815
18739,0.07979036867618561
18740,0.11519476026296616
18741,0.10505010932683945
18742,0.06393711268901825
18743,0.049780797213315964
18744,0.07468892633914948
18745,0.09370166808366776
18746,0.07775551080703735
18747,0.05052964761853218
18748,0.05020463839173317
18749,0.07046668231487274
18750,0.0726124495267868
18751,0.05313409864902496
18752,0.0444396510720253
18753,0.05659857392311096
18754,0.06559518724679947
18755,0.054384149610996246
18756,0.04270963370800018
18757,0.04905007779598236
18758,0.059859417378902435
18759,0.05694328993558884
18760,0.044342633336782455
18761,0.043443698436021805
18762,0.05372726917266846
18763,0.0575454905629158
18764,0.05082451552152634
18765,0.043587543070316315
18766,0.047007352113723755
18767,0.0529492162168026
18768,0.052006371319293976
18769,0.048547886312007904
18770,0.04716521129012108
18771,0.04889983683824539
18772,0.04883895441889763
18773,0.0472547821700573
18774,0.048869550228118896
18775,0.04986785352230072
18776,0.04783128574490547
18777,0.04470235854387283
18778,0.04493770748376846
18779,0.04951198771595955
18780,0.0501459538936615
18781,0.04585089534521103
18782,0.04238785803318024
18783,0.04383818060159683
18784,0.04863633215427399
18785,0.04839006066322327
18786,0.0438557043671608
18787,0.041487738490104675
18788,0.043729621917009354
18789,0.04787406325340271
18790,0.0467558428645134
18791,0.042547427117824554
18792,0.04125675931572914
18793,0.04382362216711044
18794,0.04746617376804352
18795,0.04588916525244713
18796,0.04190915822982788
18797,0.041140198707580566
18798,0.04375762492418289
18799,0.04732412099838257
18800,0.045701202005147934
18801,0.04175291210412979
18802,0.04093180224299431
18803,0.043241117149591446
18804,0.04673512652516365
18805,0.045366719365119934
18806,0.04167301952838898
18807,0.040810808539390564
18808,0.04275812581181526
18809,0.04603000357747078
18810,0.04487193003296852
18811,0.04154084995388985
18812,0.04080212861299515
18813,0.04251406714320183
18814,0.04555613547563553
18815,0.04446753114461899
18816,0.04140709340572357
18817,0.04082992300391197
18818,0.04241255670785904
18819,0.04527495428919792
18820,0.0441681407392025
18821,0.04125337302684784
18822,0.040822047740221024
18823,0.04233623296022415
18824,0.045035820454359055
18825,0.04386367276310921
18826,0.04103415459394455
18827,0.040750082582235336
18828,0.0422709658741951
18829,0.044835254549980164
18830,0.0435553677380085
18831,0.04074086621403694
18832,0.04059550166130066
18833,0.04222682863473892
18834,0.04478736221790314
18835,0.04341427981853485
18836,0.04049390181899071
18837,0.04034623131155968
18838,0.04205772653222084
18839,0.044690731912851334
18840,0.04332643747329712
18841,0.04031137749552727
18842,0.04007752612233162
18843,0.041808366775512695
18844,0.044557612389326096
18845,0.043303102254867554
18846,0.0402383878827095
18847,0.03984556347131729
18848,0.04146219789981842
18849,0.0442446693778038
18850,0.04316151887178421
18851,0.040181227028369904
18852,0.03969000652432442
18853,0.04114232584834099
18854,0.04386314004659653
18855,0.0429270900785923
18856,0.040098752826452255
18857,0.039576634764671326
18858,0.04085852950811386
18859,0.04342694208025932
18860,0.042583584785461426
18861,0.03995342180132866
18862,0.0394914336502552
18863,0.04068939760327339
18864,0.04314620792865753
18865,0.042356085032224655
18866,0.0398489385843277
18867,0.03940306231379509
18868,0.04048100486397743
18869,0.04274194315075874
18870,0.041979312896728516
18871,0.03966731205582619
18872,0.03935524821281433
18873,0.04052003100514412
18874,0.04290829598903656
18875,0.04223351925611496
18876,0.03979481756687164
18877,0.039202574640512466
18878,0.03987633436918259
18879,0.04146822914481163
18880,0.040734659880399704
18881,0.03920700028538704
18882,0.03977838158607483
18883,0.042320672422647476
18884,0.04738578945398331
18885,0.04858681932091713
18886,0.04628553241491318
18887,0.046298377215862274
18888,0.048787835985422134
18889,0.054156653583049774
18890,0.07353556156158447
18891,0.12019935250282288
18892,0.2076745629310608
18893,0.3247033953666687
18894,0.47513148188591003
18895,0.4056563377380371
18896,0.20001128315925598
18897,0.053347282111644745
18898,0.11204393208026886
18899,0.2391105741262436
18900,0.16413164138793945
18901,0.05188944935798645
18902,0.09354928135871887
18903,0.1759014129638672
18904,0.15960004925727844
18905,0.056211311370134354
18906,0.10135135054588318
18907,0.20567534863948822
18908,0.15185178816318512
18909,0.05655179172754288
18910,0.09272842109203339
18911,0.20877858996391296
18912,0.1641414761543274
18913,0.05271061882376671
18914,0.09960103034973145
18915,0.184594988822937
18916,0.1191609799861908
18917,0.05012274160981178
18918,0.10953783988952637
18919,0.13268880546092987
18920,0.06805285811424255
18921,0.05012436583638191
18922,0.09635709226131439
18923,0.0917506217956543
18924,0.04568784311413765
18925,0.05270342528820038
18926,0.07187142223119736
18927,0.06125437840819359
18928,0.048891764134168625
18929,0.055262546986341476
18930,0.05164194107055664
18931,0.05153757333755493
18932,0.06392432749271393
18933,0.05939929559826851
18934,0.043638672679662704
18935,0.046886689960956573
18936,0.0699479728937149
18937,0.06627975404262543
18938,0.04560520872473717
18939,0.04659884795546532
18940,0.06133338809013367
18941,0.06159929558634758
18942,0.049340154975652695
18943,0.0485260933637619
18944,0.05187118425965309
18945,0.05098975449800491
18946,0.0489128939807415
18947,0.04914224520325661
18948,0.047385502606630325
18949,0.043468791991472244
18950,0.0449652336537838
18951,0.047890882939100266
18952,0.04546445235610008
18953,0.04064584895968437
18954,0.04123767465353012
18955,0.044913388788700104
18956,0.04464780539274216
18957,0.04094835743308067
18958,0.039663542062044144
18959,0.04170598089694977
18960,0.042942676693201065
18961,0.042081069201231
18962,0.040516797453165054
18963,0.04006455838680267
18964,0.040718719363212585
18965,0.041549235582351685
18966,0.041679300367832184
18967,0.04049826040863991
18968,0.03951363265514374
18969,0.03999050334095955
18970,0.04112834855914116
18971,0.041086338460445404
18972,0.03973899036645889
18973,0.039035022258758545
18974,0.03978674113750458
18975,0.04054331034421921
18976,0.04006814584136009
18977,0.03908029943704605
18978,0.03893145173788071
18979,0.03955173119902611
18980,0.039760567247867584
18981,0.039249617606401443
18982,0.038795359432697296
18983,0.038902781903743744
18984,0.03920147940516472
18985,0.039118729531764984
18986,0.03880768641829491
18987,0.03870079666376114
18988,0.03881220519542694
18989,0.03886584937572479
18990,0.03872142732143402
18991,0.03860246390104294
18992,0.03863920643925667
18993,0.03868313133716583
18994,0.0386183075606823
18995,0.0384947694838047
18996,0.03848797827959061
18997,0.03856419771909714
18998,0.0385565459728241
18999,0.03844641521573067
19000,0.038347579538822174
19001,0.038391366600990295
19002,0.0384770892560482
19003,0.03844767436385155
19004,0.038323353976011276
19005,0.038229621946811676
19006,0.03828474134206772
19007,0.03837786242365837
19008,0.038356419652700424
19009,0.03823229297995567
19010,0.03812301531434059
19011,0.03816381096839905
19012,0.038267429918050766
19013,0.03827625885605812
19014,0.038167454302310944
19015,0.038031239062547684
19016,0.038032416254282
19017,0.038137003779411316
19018,0.038189347833395004
19019,0.03811889886856079
19020,0.03796190768480301
19021,0.03790654242038727
19022,0.037989985197782516
19023,0.038079772144556046
19024,0.038066502660512924
19025,0.03791280835866928
19026,0.037800587713718414
19027,0.03783760964870453
19028,0.037936609238386154
19029,0.03797975555062294
19030,0.037859268486499786
19031,0.03771737962961197
19032,0.037702493369579315
19033,0.03777728229761124
19034,0.03784723952412605
19035,0.037771232426166534
19036,0.03763718903064728
19037,0.03759295120835304
19038,0.03763044252991676
19039,0.037691134959459305
19040,0.03764418512582779
19041,0.037539850920438766
19042,0.03749741613864899
19043,0.03751375898718834
19044,0.03755316883325577
19045,0.037513021379709244
19046,0.03743353113532066
19047,0.03740585222840309
19048,0.037420645356178284
19049,0.037450071424245834
19050,0.03740710765123367
19051,0.03733615577220917
19052,0.037316881120204926
19053,0.037336383014917374
19054,0.03736839443445206
19055,0.03732353076338768
19056,0.037247154861688614
19057,0.03722284734249115
19058,0.03723934665322304
19059,0.037274233996868134
19060,0.037236351519823074
19061,0.03716064989566803
19062,0.037129152566194534
19063,0.03713391721248627
19064,0.03715896233916283
19065,0.03712691739201546
19066,0.0370645672082901
19067,0.03703954070806503
19068,0.03704380244016647
19069,0.03706538677215576
19070,0.03703310713171959
19071,0.03697360306978226
19072,0.03694983944296837
19073,0.036953821778297424
19074,0.03697589784860611
19075,0.03694647550582886
19076,0.036887139081954956
19077,0.03685908019542694
19078,0.03685459494590759
19079,0.036866262555122375
19080,0.03683881834149361
19081,0.036791522055864334
19082,0.036773037165403366
19083,0.03677697479724884
19084,0.03679921105504036
19085,0.0367748886346817
19086,0.03671812266111374
19087,0.036685895174741745
19088,0.03666960820555687
19089,0.0366627462208271
19090,0.03664262965321541
19091,0.0366344079375267
19092,0.03666700795292854
19093,0.03675035759806633
19094,0.036911558359861374
19095,0.03703799098730087
19096,0.037147823721170425
19097,0.037440281361341476
19098,0.03804522380232811
19099,0.039204683154821396
19100,0.04162959009408951
19101,0.04641221463680267
19102,0.05556589737534523
19103,0.07201553881168365
19104,0.10146674513816833
19105,0.13941526412963867
19106,0.1816355288028717
19107,0.20296084880828857
19108,0.17746374011039734
19109,0.1046166718006134
19110,0.048601966351270676
19111,0.053836673498153687
19112,0.0987757220864296
19113,0.12589028477668762
19114,0.106848806142807
19115,0.08154811710119247
19116,0.08996519446372986
19117,0.1285477727651596
19118,0.14629068970680237
19119,0.12935735285282135
19120,0.09135563671588898
19121,0.07120302319526672
19122,0.06839295476675034
19123,0.06425756216049194
19124,0.05594895780086517
19125,0.05571454018354416
19126,0.0662306472659111
19127,0.06998351216316223
19128,0.05686986446380615
19129,0.0413937121629715
19130,0.04180899262428284
19131,0.05446474999189377
19132,0.06032808497548103
19133,0.05119691789150238
19134,0.03947581350803375
19135,0.03873947262763977
19136,0.045869894325733185
19137,0.04885798320174217
19138,0.044006019830703735
19139,0.03912991285324097
19140,0.039890725165605545
19141,0.04228946939110756
19142,0.04144764319062233
19143,0.03863576799631119
19144,0.03827013447880745
19145,0.04004663974046707
19146,0.040130890905857086
19147,0.038156285881996155
19148,0.03667765483260155
19149,0.03735779598355293
19150,0.03839436173439026
19151,0.037918321788311005
19152,0.03690100461244583
19153,0.03660308197140694
19154,0.03704534471035004
19155,0.037069171667099
19156,0.03655964881181717
19157,0.036401595920324326
19158,0.03665008395910263
19159,0.03682660311460495
19160,0.036507803946733475
19161,0.03631548210978508
19162,0.03659785911440849
19163,0.03686109557747841
19164,0.0367426797747612
19165,0.03627784177660942
19166,0.03627290576696396
19167,0.03673075884580612
19168,0.03696267679333687
19169,0.03676353767514229
19170,0.03634677082300186
19171,0.03643651679158211
19172,0.03683328628540039
19173,0.0368298664689064
19174,0.03641846776008606
19175,0.03604808822274208
19176,0.03637387603521347
19177,0.03693605214357376
19178,0.036928772926330566
19179,0.036370713263750076
19180,0.035868074744939804
19181,0.036227546632289886
19182,0.03694906830787659
19183,0.03711630776524544
19184,0.03660980239510536
19185,0.0359194353222847
19186,0.03605707734823227
19187,0.03677810728549957
19188,0.03709094598889351
19189,0.0366612933576107
19190,0.03584499657154083
19191,0.035788413137197495
19192,0.036509670317173004
19193,0.037048015743494034
19194,0.03684321045875549
19195,0.03595039248466492
19196,0.03559168055653572
19197,0.0361563116312027
19198,0.036837201565504074
19199,0.03692082315683365
19200,0.036096714437007904
19201,0.03548857197165489
19202,0.03580049052834511
19203,0.036469049751758575
19204,0.036766167730093
19205,0.03611815720796585
19206,0.035432204604148865
19207,0.035549528896808624
19208,0.03618132695555687
19209,0.03674033656716347
19210,0.03636902943253517
19211,0.03566186875104904
19212,0.03559727966785431
19213,0.03604012727737427
19214,0.03656959533691406
19215,0.036950595676898956
19216,0.03803445026278496
19217,0.04091370105743408
19218,0.04700303077697754
19219,0.05836281552910805
19220,0.07547397911548615
19221,0.1005861908197403
19222,0.14590346813201904
19223,0.20602186024188995
19224,0.26767292618751526
19225,0.26772844791412354
19226,0.1885586977005005
19227,0.0758601725101471
19228,0.0402335561811924
19229,0.09598291665315628
19230,0.1436299830675125
19231,0.11930011212825775
19232,0.061486996710300446
19233,0.043632764369249344
19234,0.07389654964208603
19235,0.08817905932664871
19236,0.06432681530714035
19237,0.042073577642440796
19238,0.049335747957229614
19239,0.07068827748298645
19240,0.06373004615306854
19241,0.041360095143318176
19242,0.038283489644527435
19243,0.05195091292262077
19244,0.05964900553226471
19245,0.045661527663469315
19246,0.03901566565036774
19247,0.050682634115219116
19248,0.05722591280937195
19249,0.04867955297231674
19250,0.037223029881715775
19251,0.04808938503265381
19252,0.06316523998975754
19253,0.056707754731178284
19254,0.04060647636651993
19255,0.0396408885717392
19256,0.06066691502928734
19257,0.06929324567317963
19258,0.052192993462085724
19259,0.037460505962371826
19260,0.04597778990864754
19261,0.06680743396282196
19262,0.06575621664524078
19263,0.04549601301550865
19264,0.03772595524787903
19265,0.05173566937446594
19266,0.06613387912511826
19267,0.05712699145078659
19268,0.03916975483298302
19269,0.03841422498226166
19270,0.052923183888196945
19271,0.059824176132678986
19272,0.04811633750796318
19273,0.035997357219457626
19274,0.03927359730005264
19275,0.05001480132341385
19276,0.05132715404033661
19277,0.041568126529455185
19278,0.03523878753185272
19279,0.03951125591993332
19280,0.04572160542011261
19281,0.04411381110548973
19282,0.037549328058958054
19283,0.03520462289452553
19284,0.038862451910972595
19285,0.041682541370391846
19286,0.039364319294691086
19287,0.03568825498223305
19288,0.03535199165344238
19289,0.037805572152137756
19290,0.03865533322095871
19291,0.036698125302791595
19292,0.03499774634838104
19293,0.03543268144130707
19294,0.03684917464852333
19295,0.03674956038594246
19296,0.03536272794008255
19297,0.03479088842868805
19298,0.035429392009973526
19299,0.03616828843951225
19300,0.03570229932665825
19301,0.03481152653694153
19302,0.034807901829481125
19303,0.03540344536304474
19304,0.035708244889974594
19305,0.035115715116262436
19306,0.03459387645125389
19307,0.03490782901644707
19308,0.03547403961420059
19309,0.03556342050433159
19310,0.03488823026418686
19311,0.03452198579907417
19312,0.034987904131412506
19313,0.03554648160934448
19314,0.03552684560418129
19315,0.03476739674806595
19316,0.03443143516778946
19317,0.03499159589409828
19318,0.035646550357341766
19319,0.03567175194621086
19320,0.03481684997677803
19321,0.03432759270071983
19322,0.03485104441642761
19323,0.035615820437669754
19324,0.0358002670109272
19325,0.034927353262901306
19326,0.03422553464770317
19327,0.03459731489419937
19328,0.03544170409440994
19329,0.03590788319706917
19330,0.0351664237678051
19331,0.03425249457359314
19332,0.03433355316519737
19333,0.03503261134028435
19334,0.03559098765254021
19335,0.035125430673360825
19336,0.034438133239746094
19337,0.03467045724391937
19338,0.03579452261328697
19339,0.037489648908376694
19340,0.038457777351140976
19341,0.03942239657044411
19342,0.042483337223529816
19343,0.048724085092544556
19344,0.058783020824193954
19345,0.07624897360801697
19346,0.100913405418396
19347,0.13277116417884827
19348,0.149738609790802
19349,0.13805216550827026
19350,0.0880107581615448
19351,0.04231937229633331
19352,0.03952906280755997
19353,0.06874683499336243
19354,0.08835799247026443
19355,0.06859055161476135
19356,0.039267487823963165
19357,0.0385400764644146
19358,0.05865113437175751
19359,0.06905319541692734
19360,0.05183364823460579
19361,0.03487337380647659
19362,0.04144661873579025
19363,0.05716922506690025
19364,0.059304364025592804
19365,0.042896147817373276
19366,0.035376425832509995
19367,0.046292029321193695
19368,0.05461525917053223
19369,0.04783560708165169
19370,0.03530772775411606
19371,0.03954816609621048
19372,0.05222420021891594
19373,0.05195126309990883
19374,0.04106544703245163
19375,0.0361730121076107
19376,0.04717528820037842
19377,0.05433052033185959
19378,0.04515126347541809
19379,0.03524063900113106
19380,0.03935367614030838
19381,0.051948681473731995
19382,0.05143100768327713
19383,0.03904698044061661
19384,0.035177771002054214
19385,0.0445641465485096
19386,0.05231717601418495
19387,0.04513521119952202
19388,0.03468375653028488
19389,0.03643210604786873
19390,0.04582507163286209
19391,0.04780761897563934
19392,0.03920839726924896
19393,0.033967819064855576
19394,0.038947805762290955
19395,0.04526355117559433
19396,0.043129969388246536
19397,0.03595771640539169
19398,0.03435254469513893
19399,0.03883206099271774
19400,0.042081110179424286
19401,0.04037541151046753
19402,0.03870939463376999
19403,0.04371657595038414
19404,0.054114460945129395
19405,0.06366457790136337
19406,0.07175479829311371
19407,0.08580987900495529
19408,0.10697513818740845
19409,0.13246317207813263
19410,0.13982850313186646
19411,0.1274995505809784
19412,0.09050099551677704
19413,0.05322432145476341
19414,0.036930475383996964
19415,0.045956823974847794
19416,0.06338952481746674
19417,0.06942029297351837
19418,0.05883004516363144
19419,0.042042046785354614
19420,0.03458916395902634
19421,0.03928776830434799
19422,0.0478639081120491
19423,0.05007830262184143
19424,0.043923329561948776
19425,0.036313533782958984
19426,0.033745456486940384
19427,0.03691576421260834
19428,0.040983907878398895
19429,0.04121832549571991
19430,0.03776279836893082
19431,0.034301336854696274
19432,0.03385515883564949
19433,0.03594439476728439
19434,0.0377531535923481
19435,0.037330519407987595
19436,0.035312455147504807
19437,0.0337633453309536
19438,0.033859506249427795
19439,0.03500429913401604
19440,0.03572371229529381
19441,0.035291336476802826
19442,0.03424748778343201
19443,0.03353771194815636
19444,0.033608291298151016
19445,0.034091703593730927
19446,0.03436687961220741
19447,0.034184493124485016
19448,0.03372865542769432
19449,0.03336818516254425
19450,0.033275920897722244
19451,0.03339945524930954
19452,0.03356080502271652
19453,0.0335773229598999
19454,0.03342064097523689
19455,0.03316841647028923
19456,0.03299146518111229
19457,0.032997000962495804
19458,0.0331127867102623
19459,0.03320414572954178
19460,0.03315335139632225
19461,0.03299951180815697
19462,0.03286571428179741
19463,0.032816819846630096
19464,0.032848943024873734
19465,0.03288140892982483
19466,0.03288476914167404
19467,0.032867759466171265
19468,0.032830797135829926
19469,0.03278757259249687
19470,0.032720353454351425
19471,0.032670438289642334
19472,0.03267430141568184
19473,0.032707199454307556
19474,0.03273666650056839
19475,0.03270319476723671
19476,0.03263306990265846
19477,0.032586123794317245
19478,0.03256743401288986
19479,0.032570771872997284
19480,0.03255057707428932
19481,0.032517947256565094
19482,0.03250732272863388
19483,0.03250928595662117
19484,0.03251289576292038
19485,0.03247901052236557
19486,0.03242885693907738
19487,0.032404519617557526
19488,0.03240157663822174
19489,0.0324116125702858
19490,0.03238891065120697
19491,0.03234679624438286
19492,0.032326992601156235
19493,0.03232322260737419
19494,0.03232923895120621
19495,0.03230751305818558
19496,0.03226767107844353
19497,0.03224625065922737
19498,0.03223773092031479
19499,0.03223852068185806
19500,0.03221563994884491
19501,0.0321793295443058
19502,0.032163139432668686
19503,0.03216015547513962
19504,0.03216744586825371
19505,0.032147958874702454
19506,0.03210896998643875
19507,0.03208775445818901
19508,0.0320771262049675
19509,0.032075121998786926
19510,0.032057035714387894
19511,0.03202849254012108
19512,0.03201701119542122
19513,0.03201591223478317
19514,0.032026104629039764
19515,0.032010048627853394
19516,0.03197024390101433
19517,0.03194586932659149
19518,0.031927768141031265
19519,0.031914662569761276
19520,0.031904518604278564
19521,0.03191003203392029
19522,0.031946469098329544
19523,0.03201990947127342
19524,0.032157111912965775
19525,0.03226865082979202
19526,0.03235824406147003
19527,0.03258153796195984
19528,0.03302832692861557
19529,0.03386565297842026
19530,0.03551546484231949
19531,0.03862180933356285
19532,0.044586922973394394
19533,0.055419813841581345
19534,0.0762813463807106
19535,0.1049891859292984
19536,0.14973236620426178
19537,0.20444414019584656
19538,0.27333250641822815
19539,0.2820833623409271
19540,0.22998130321502686
19541,0.10650916397571564
19542,0.037365298718214035
19543,0.06293986737728119
19544,0.12777021527290344
19545,0.14187492430210114
19546,0.08391626179218292
19547,0.04341743886470795
19548,0.05407870560884476
19549,0.08637146651744843
19550,0.08033083379268646
19551,0.04411371052265167
19552,0.03643229231238365
19553,0.05862349271774292
19554,0.07379765808582306
19555,0.05289998650550842
19556,0.034116148948669434
19557,0.048069823533296585
19558,0.06798555701971054
19559,0.06251973658800125
19560,0.036994218826293945
19561,0.041215479373931885
19562,0.06929732114076614
19563,0.07671678811311722
19564,0.05217603221535683
19565,0.03356202319264412
19566,0.059483665972948074
19567,0.08457020670175552
19568,0.07003272324800491
19569,0.040795814245939255
19570,0.0443020761013031
19571,0.0796593427658081
19572,0.08376363664865494
19573,0.052841782569885254
19574,0.03777654469013214
19575,0.06063206493854523
19576,0.08343657851219177
19577,0.06411941349506378
19578,0.036960262805223465
19579,0.04406372457742691
19580,0.06830161809921265
19581,0.06648783385753632
19582,0.04113313555717468
19583,0.03429577499628067
19584,0.05118380859494209
19585,0.05880485102534294
19586,0.04369795322418213
19587,0.03209272399544716
19588,0.03988909348845482
19589,0.04863861948251724
19590,0.04243528097867966
19591,0.03269847854971886
19592,0.0349033959209919
19593,0.041835978627204895
19594,0.03993590176105499
19595,0.03304855525493622
19596,0.03280933201313019
19597,0.03774474188685417
19598,0.038155168294906616
19599,0.03351815044879913
19600,0.031888511031866074
19601,0.03501354530453682
19602,0.036441508680582047
19603,0.03374939784407616
19604,0.031582608819007874
19605,0.03296160697937012
19606,0.0347132682800293
19607,0.03368012607097626
19608,0.031832143664360046
19609,0.03196941688656807
19610,0.033128656446933746
19611,0.032956793904304504
19612,0.031795669347047806
19613,0.03147590532898903
19614,0.032216209918260574
19615,0.03241628780961037
19616,0.03171813488006592
19617,0.03131594508886337
19618,0.031620848923921585
19619,0.03194182738661766
19620,0.03159526363015175
19621,0.031235311180353165
19622,0.03143460303544998
19623,0.03174249455332756
19624,0.03165212646126747
19625,0.031243694946169853
19626,0.03126418963074684
19627,0.031627386808395386
19628,0.03169246390461922
19629,0.03138656169176102
19630,0.031133923679590225
19631,0.031414613127708435
19632,0.03174164146184921
19633,0.0315726101398468
19634,0.031146548688411713
19635,0.031025560572743416
19636,0.03145373612642288
19637,0.03176470845937729
19638,0.03153658285737038
19639,0.031139375641942024
19640,0.031085487455129623
19641,0.03151397779583931
19642,0.03178727254271507
19643,0.031510889530181885
19644,0.031061556190252304
19645,0.031040295958518982
19646,0.031624384224414825
19647,0.032224152237176895
19648,0.03254122659564018
19649,0.03295351564884186
19650,0.033901944756507874
19651,0.03588041290640831
19652,0.0391279011964798
19653,0.04407833516597748
19654,0.052388764917850494
19655,0.06670758128166199
19656,0.09039700031280518
19657,0.12514421343803406
19658,0.16993634402751923
19659,0.20547997951507568
19660,0.20328563451766968
19661,0.1452590674161911
19662,0.07310587167739868
19663,0.0378631167113781
19664,0.056298814713954926
19665,0.08992664515972137
19666,0.09924326837062836
19667,0.08377629518508911
19668,0.05773365497589111
19669,0.042973943054676056
19670,0.0436876006424427
19671,0.05356290936470032
19672,0.06352636963129044
19673,0.06078262999653816
19674,0.04644528776407242
19675,0.03331432864069939
19676,0.03692391887307167
19677,0.05072843283414841
19678,0.054273948073387146
19679,0.04262189939618111
19680,0.031589772552251816
19681,0.03861101344227791
19682,0.05057197064161301
19683,0.04868834465742111
19684,0.03628838434815407
19685,0.032337360084056854
19686,0.04475138708949089
19687,0.05203196406364441
19688,0.04318253695964813
19689,0.032024942338466644
19690,0.035156168043613434
19691,0.04812999442219734
19692,0.049272261559963226
19693,0.03841397911310196
19694,0.03197506070137024
19695,0.03765986114740372
19696,0.04540744423866272
19697,0.04268061742186546
19698,0.03558420389890671
19699,0.03446364030241966
19700,0.038528431206941605
19701,0.039758920669555664
19702,0.03597138822078705
19703,0.03386577218770981
19704,0.03604988753795624
19705,0.03762641176581383
19706,0.03514368087053299
19707,0.03199232742190361
19708,0.032684341073036194
19709,0.0356234610080719
19710,0.03590591996908188
19711,0.03284992650151253
19712,0.03058311529457569
19713,0.03159397840499878
19714,0.03370249271392822
19715,0.03371289372444153
19716,0.03181041032075882
19717,0.03065570257604122
19718,0.031191186979413033
19719,0.03197866305708885
19720,0.03171356022357941
19721,0.03089451976120472
19722,0.030729472637176514
19723,0.031143896281719208
19724,0.031232304871082306
19725,0.03072386048734188
19726,0.030292559415102005
19727,0.030462028458714485
19728,0.030845697969198227
19729,0.030839068815112114
19730,0.0304439477622509
19731,0.030219946056604385
19732,0.030382463708519936
19733,0.030578048899769783
19734,0.030481446534395218
19735,0.030197517946362495
19736,0.03013458661735058
19737,0.030334921553730965
19738,0.0304733756929636
19739,0.030352525413036346
19740,0.030101913958787918
19741,0.030042115598917007
19742,0.030186748132109642
19743,0.03028205968439579
19744,0.030187955126166344
19745,0.03000192530453205
19746,0.02996726892888546
19747,0.030092502012848854
19748,0.030176494270563126
19749,0.030100112780928612
19750,0.029924027621746063
19751,0.02986474148929119
19752,0.029957806691527367
19753,0.03004467859864235
19754,0.030005663633346558
19755,0.029854316264390945
19756,0.029777590185403824
19757,0.029843244701623917
19758,0.02993347868323326
19759,0.029930032789707184
19760,0.02980378083884716
19761,0.029708029702305794
19762,0.029737329110503197
19763,0.029819821938872337
19764,0.02985050156712532
19765,0.029754342511296272
19766,0.029644422233104706
19767,0.029633916914463043
19768,0.029689189046621323
19769,0.02972923405468464
19770,0.029670240357518196
19771,0.02957957237958908
19772,0.029555581510066986
19773,0.02959279529750347
19774,0.02964191883802414
19775,0.02960965223610401
19776,0.029531896114349365
19777,0.029498672112822533
19778,0.029510870575904846
19779,0.029540574178099632
19780,0.029544735327363014
19781,0.029552500694990158
19782,0.02961891144514084
19783,0.029769759625196457
19784,0.030034249648451805
19785,0.03032461740076542
19786,0.03072735294699669
19787,0.03150384873151779
19788,0.03292324021458626
19789,0.0354192815721035
19790,0.039728060364723206
19791,0.04707011580467224
19792,0.060221828520298004
19793,0.0818193107843399
19794,0.11739104986190796
19795,0.1578059196472168
19796,0.19787192344665527
19797,0.20943649113178253
19798,0.17850032448768616
19799,0.10557057708501816
19800,0.04541260376572609
19801,0.03518499806523323
19802,0.06662625074386597
19803,0.09898902475833893
19804,0.09784568846225739
19805,0.0701165571808815
19806,0.042364344000816345
19807,0.038836199790239334
19808,0.0547008141875267
19809,0.06557845324277878
19810,0.05802903696894646
19811,0.04041663557291031
19812,0.03294108435511589
19813,0.04053189605474472
19814,0.05093344300985336
19815,0.04898849129676819
19816,0.03673260658979416
19817,0.029929324984550476
19818,0.03347446769475937
19819,0.040559519082307816
19820,0.0400678813457489
19821,0.0333210825920105
19822,0.030231421813368797
19823,0.032634105533361435
19824,0.035936139523983
19825,0.03402962535619736
19826,0.03012455254793167
19827,0.030158746987581253
19828,0.03295580670237541
19829,0.034590233117341995
19830,0.031940896064043045
19831,0.029635807499289513
19832,0.031265366822481155
19833,0.03416385501623154
19834,0.034892141819000244
19835,0.031418461352586746
19836,0.029385732486844063
19837,0.03186504542827606
19838,0.03525828570127487
19839,0.03594200313091278
19840,0.031984712928533554
19841,0.029666157439351082
19842,0.032285891473293304
19843,0.03576083108782768
19844,0.03638029098510742
19845,0.03201301023364067
19846,0.029306698590517044
19847,0.03214900195598602
19848,0.03630760684609413
19849,0.03747345879673958
19850,0.03267557546496391
19851,0.029048781841993332
19852,0.03167638182640076
19853,0.0365641824901104
19854,0.03894077613949776
19855,0.03414321690797806
19856,0.02918173372745514
19857,0.030778992921113968
19858,0.03561520203948021
19859,0.03895768150687218
19860,0.03479554131627083
19861,0.029354726895689964
19862,0.030165210366249084
19863,0.034538861364126205
19864,0.03824323043227196
19865,0.034639872610569
19866,0.029324114322662354
19867,0.02989591844379902
19868,0.03408074751496315
19869,0.038213733583688736
19870,0.0349973700940609
19871,0.029499536380171776
19872,0.029589636251330376
19873,0.03316616266965866
19874,0.037103235721588135
19875,0.03418489918112755
19876,0.029224181547760963
19877,0.02963721938431263
19878,0.03333486616611481
19879,0.03760794922709465
19880,0.03473883122205734
19881,0.029465695843100548
19882,0.02951648458838463
19883,0.032748740166425705
19884,0.03670293465256691
19885,0.03391231596469879
19886,0.029229989275336266
19887,0.029931744560599327
19888,0.03397727012634277
19889,0.03931698203086853
19890,0.03699224814772606
19891,0.03144069388508797
19892,0.03111175261437893
19893,0.033963434398174286
19894,0.03815023973584175
19895,0.03735397011041641
19896,0.037200845777988434
19897,0.04387125000357628
19898,0.05510014668107033
19899,0.07119747996330261
19900,0.07489186525344849
19901,0.07018232345581055
19902,0.06442057341337204
19903,0.05792224034667015
19904,0.051887497305870056
19905,0.04241892322897911
19906,0.03240591287612915
19907,0.02906346507370472
19908,0.031434521079063416
19909,0.038219839334487915
19910,0.04117906093597412
19911,0.04230126738548279
19912,0.04208217188715935
19913,0.03794877231121063
19914,0.03416753560304642
19915,0.029725991189479828
19916,0.03332940861582756
19917,0.043906766921281815
19918,0.05013788864016533
19919,0.04873492568731308
19920,0.03554693982005119
19921,0.028540929779410362
19922,0.03723336011171341
19923,0.049987517297267914
19924,0.05638721212744713
19925,0.04344846308231354
19926,0.029553577303886414
19927,0.033102694898843765
19928,0.04482034593820572
19929,0.05246858298778534
19930,0.040948234498500824
19931,0.02872874215245247
19932,0.03367527574300766
19933,0.04575228691101074
19934,0.05240914970636368
19935,0.03941180929541588
19936,0.028585124760866165
19937,0.03654910624027252
19938,0.04979325830936432
19939,0.054594025015830994
19940,0.0389697328209877
19941,0.029621636494994164
19942,0.041399817913770676
19943,0.0549435168504715
19944,0.05569788068532944
19945,0.036651019006967545
19946,0.03120281547307968
19947,0.04911407083272934
19948,0.06286986917257309
19949,0.05770603567361832
19950,0.03489331901073456
19951,0.03557433560490608
19952,0.0604725107550621
19953,0.07094281911849976
19954,0.056133121252059937
19955,0.03245864808559418
19956,0.045446477830410004
19957,0.07635500282049179
19958,0.07551400363445282
19959,0.04822799563407898
19960,0.03291541337966919
19961,0.06409010291099548
19962,0.09184978157281876
19963,0.06899812817573547
19964,0.03567267954349518
19965,0.04413951560854912
19966,0.08749474585056305
19967,0.09175745397806168
19968,0.04800078272819519
19969,0.03223426267504692
19970,0.06873141974210739
19971,0.09445756673812866
19972,0.0636402815580368
19973,0.029967037960886955
19974,0.048629697412252426
19975,0.08106487989425659
19976,0.0660812258720398
19977,0.03269897773861885
19978,0.037375010550022125
19979,0.060930073261260986
19980,0.0579308457672596
19981,0.03340062126517296
19982,0.031300485134124756
19983,0.04718819260597229
19984,0.04576440528035164
19985,0.032248545438051224
19986,0.028703482821583748
19987,0.03680672124028206
19988,0.03749116137623787
19989,0.03054034151136875
19990,0.02930210530757904
19991,0.031221680343151093
19992,0.031012501567602158
19993,0.02824750728905201
19994,0.028333060443401337
19995,0.029277540743350983
19996,0.02827940508723259
19997,0.028778325766324997
19998,0.03101539984345436
19999,0.034372199326753616
20000,0.03584819659590721
20001,0.03778694197535515
20002,0.04264654591679573
20003,0.04879005253314972
20004,0.0607837550342083
20005,0.08715309202671051
20006,0.13403530418872833
20007,0.18691736459732056
20008,0.2396618127822876
20009,0.23652490973472595
20010,0.15701261162757874
20011,0.05554504692554474
20012,0.038508765399456024
20013,0.0989520475268364
20014,0.14118711650371552
20015,0.10105659067630768
20016,0.0395781546831131
20017,0.04345805197954178
20018,0.08883024752140045
20019,0.09910333901643753
20020,0.05503527820110321
20021,0.03345483914017677
20022,0.06348642706871033
20023,0.08859686553478241
20024,0.06757848709821701
20025,0.03487590700387955
20026,0.049654923379421234
20027,0.08038924634456635
20028,0.07281257212162018
20029,0.039512112736701965
20030,0.03627204895019531
20031,0.07129891216754913
20032,0.07930176705121994
20033,0.048391178250312805
20034,0.0295274555683136
20035,0.050597868859767914
20036,0.07381458580493927
20037,0.05532600358128548
20038,0.0300378929823637
20039,0.03693456947803497
20040,0.05730196461081505
20041,0.05483810231089592
20042,0.03389032185077667
20043,0.029806477949023247
20044,0.043959975242614746
20045,0.04757501184940338
20046,0.03513532504439354
20047,0.028004547581076622
20048,0.03520378842949867
20049,0.04132186621427536
20050,0.03478062152862549
20051,0.02790362574160099
20052,0.031213102862238884
20053,0.03649848327040672
20054,0.03435664251446724
20055,0.02846425212919712
20056,0.02892610803246498
20057,0.03368571400642395
20058,0.033955276012420654
20059,0.029675070196390152
20060,0.027574976906180382
20061,0.03067881427705288
20062,0.03319529443979263
20063,0.030990809202194214
20064,0.027826081961393356
20065,0.0281438659876585
20066,0.03090640902519226
20067,0.03145488351583481
20068,0.02908363565802574
20069,0.027412395924329758
20070,0.02836240828037262
20071,0.029994698241353035
20072,0.029756560921669006
20073,0.028119562193751335
20074,0.027363425120711327
20075,0.02807970717549324
20076,0.02883833833038807
20077,0.02852599509060383
20078,0.027639439329504967
20079,0.027302440255880356
20080,0.027638820931315422
20081,0.02790556289255619
20082,0.02773009054362774
20083,0.027354422956705093
20084,0.027199991047382355
20085,0.027271481230854988
20086,0.027299057692289352
20087,0.027230581268668175
20088,0.027131780982017517
20089,0.027079973369836807
20090,0.027041591703891754
20091,0.026968752965331078
20092,0.026930224150419235
20093,0.02693774178624153
20094,0.026948517188429832
20095,0.026904067024588585
20096,0.02681649848818779
20097,0.026771042495965958
20098,0.026783227920532227
20099,0.02680934965610504
20100,0.026792146265506744
20101,0.026738522574305534
20102,0.02669774554669857
20103,0.026684021577239037
20104,0.026686010882258415
20105,0.026675116270780563
20106,0.02665812522172928
20107,0.026646463200449944
20108,0.026629814878106117
20109,0.026606157422065735
20110,0.026572026312351227
20111,0.026556994765996933
20112,0.026568209752440453
20113,0.02657436765730381
20114,0.02655714936554432
20115,0.02650614269077778
20116,0.02646809071302414
20117,0.02647162415087223
20118,0.02648942917585373
20119,0.026493363082408905
20120,0.026450736448168755
20121,0.026401683688163757
20122,0.026388775557279587
20123,0.026397598907351494
20124,0.026406442746520042
20125,0.02637503854930401
20126,0.026330044493079185
20127,0.026312796398997307
20128,0.026314806193113327
20129,0.02632138878107071
20130,0.026295427232980728
20131,0.026255888864398003
20132,0.02623751387000084
20133,0.026235174387693405
20134,0.02624015510082245
20135,0.026218494400382042
20136,0.026185518130660057
20137,0.026169368997216225
20138,0.026165181770920753
20139,0.02616829238831997
20140,0.02614639885723591
20141,0.026114167645573616
20142,0.026097429916262627
20143,0.02609127014875412
20144,0.026092935353517532
20145,0.026073090732097626
20146,0.02604483999311924
20147,0.026029501110315323
20148,0.026022249832749367
20149,0.026021558791399002
20150,0.026001280173659325
20151,0.025975409895181656
20152,0.025961892679333687
20153,0.025956684723496437
20154,0.025958914309740067
20155,0.025939254090189934
20156,0.02591068297624588
20157,0.025892797857522964
20158,0.025882527232170105
20159,0.025880003347992897
20160,0.025862276554107666
20161,0.025840340182185173
20162,0.025826746597886086
20163,0.02581944316625595
20164,0.025819353759288788
20165,0.025801651179790497
20166,0.02577734924852848
20167,0.025760550051927567
20168,0.02574929967522621
20169,0.02574380859732628
20170,0.025727853178977966
20171,0.025713996961712837
20172,0.02570989914238453
20173,0.02571822516620159
20174,0.025745876133441925
20175,0.025761844590306282
20176,0.025778857991099358
20177,0.02583763189613819
20178,0.025969527661800385
20179,0.026233041658997536
20180,0.026785708963871002
20181,0.027896642684936523
20182,0.03009861893951893
20183,0.034273166209459305
20184,0.042617324739694595
20185,0.055926233530044556
20186,0.07869261503219604
20187,0.10760624706745148
20188,0.13924264907836914
20189,0.13863331079483032
20190,0.09785039722919464
20191,0.044141218066215515
20192,0.03110590949654579
20193,0.061209142208099365
20194,0.08751830458641052
20195,0.07731319963932037
20196,0.052308760583400726
20197,0.06367788463830948
20198,0.11701130867004395
20199,0.18157421052455902
20200,0.20393088459968567
20201,0.20034334063529968
20202,0.16127637028694153
20203,0.10196896642446518
20204,0.05377431958913803
20205,0.050037726759910583
20206,0.08613277971744537
20207,0.12161488085985184
20208,0.10569961369037628
20209,0.05648794025182724
20210,0.028597993776202202
20211,0.04729040712118149
20212,0.07180652022361755
20213,0.06179952248930931
20214,0.03613068535923958
20215,0.0358150377869606
20216,0.05678217485547066
20217,0.05505501478910446
20218,0.03300542011857033
20219,0.030232205986976624
20220,0.04656846821308136
20221,0.04970446228981018
20222,0.03317251428961754
20223,0.02855592779815197
20224,0.03912559151649475
20225,0.03933146968483925
20226,0.0311939287930727
20227,0.03146807849407196
20228,0.036768149584531784
20229,0.03341993689537048
20230,0.027079077437520027
20231,0.030205106362700462
20232,0.03561844676733017
20233,0.03268769010901451
20234,0.027623888105154037
20235,0.02764103002846241
20236,0.030124954879283905
20237,0.030539192259311676
20238,0.0299469456076622
20239,0.0300937220454216
20240,0.027945006266236305
20241,0.026375610381364822
20242,0.02856859192252159
20243,0.03103705868124962
20244,0.030382152646780014
20245,0.027025612071156502
20246,0.026591027155518532
20247,0.028681306168437004
20248,0.029701687395572662
20249,0.029683880507946014
20250,0.028531335294246674
20251,0.02748674526810646
20252,0.026986030861735344
20253,0.02782549150288105
20254,0.029660183936357498
20255,0.029214592650532722
20256,0.026902412995696068
20257,0.025766275823116302
20258,0.02706877514719963
20259,0.02888931706547737
20260,0.02820238471031189
20261,0.02614939585328102
20262,0.025547171011567116
20263,0.026544420048594475
20264,0.02756601572036743
20265,0.026979846879839897
20266,0.025727543979883194
20267,0.025479646399617195
20268,0.026014452800154686
20269,0.026606431230902672
20270,0.026240365579724312
20271,0.025480419397354126
20272,0.025372417643666267
20273,0.025739576667547226
20274,0.026234963908791542
20275,0.02595970593392849
20276,0.02540566585958004
20277,0.02535243146121502
20278,0.02567104808986187
20279,0.026167405769228935
20280,0.025961734354496002
20281,0.025487737730145454
20282,0.02536196820437908
20283,0.025580044835805893
20284,0.026119377464056015
20285,0.02606949582695961
20286,0.025654563680291176
20287,0.02535305544734001
20288,0.02537819743156433
20289,0.02590956725180149
20290,0.026066970080137253
20291,0.02578519657254219
20292,0.02535529062151909
20293,0.02517685852944851
20294,0.02562475949525833
20295,0.02592986449599266
20296,0.025821873918175697
20297,0.02536851167678833
20298,0.02507232315838337
20299,0.025433862581849098
20300,0.02580537460744381
20301,0.025828391313552856
20302,0.0253921989351511
20303,0.02502378821372986
20304,0.025316983461380005
20305,0.025725524872541428
20306,0.025844326242804527
20307,0.0254213847219944
20308,0.024960482493042946
20309,0.025138545781373978
20310,0.025568971410393715
20311,0.025822920724749565
20312,0.02547415904700756
20313,0.02493235096335411
20314,0.024941232055425644
20315,0.025336675345897675
20316,0.02573991008102894
20317,0.025542110204696655
20318,0.024987898766994476
20319,0.024831531569361687
20320,0.02512258104979992
20321,0.025618838146328926
20322,0.025598198175430298
20323,0.025079216808080673
20324,0.0247481856495142
20325,0.02487083710730076
20326,0.025414803996682167
20327,0.025611553341150284
20328,0.025222036987543106
20329,0.02476539835333824
20330,0.024655761197209358
20331,0.0251412782818079
20332,0.02553630620241165
20333,0.025364037603139877
20334,0.02487914264202118
20335,0.02452058345079422
20336,0.0248296856880188
20337,0.02534382790327072
20338,0.025438159704208374
20339,0.025055652484297752
20340,0.024503080174326897
20341,0.024542680010199547
20342,0.02504105120897293
20343,0.02537517435848713
20344,0.025216886773705482
20345,0.0246004369109869
20346,0.024354534223675728
20347,0.024693865329027176
20348,0.025145597755908966
20349,0.02524418756365776
20350,0.024718912318348885
20351,0.02428441122174263
20352,0.02439850941300392
20353,0.02481801249086857
20354,0.0251130573451519
20355,0.02478106878697872
20356,0.024300990626215935
20357,0.024215027689933777
20358,0.024462291970849037
20359,0.02474147267639637
20360,0.02458135038614273
20361,0.024284377694129944
20362,0.024283889681100845
20363,0.02468610741198063
20364,0.025503503158688545
20365,0.02607753686606884
20366,0.026684388518333435
20367,0.028541885316371918
20368,0.03296400234103203
20369,0.04235879331827164
20370,0.06292493641376495
20371,0.10414784401655197
20372,0.18613454699516296
20373,0.30563655495643616
20374,0.4508054256439209
20375,0.4218900799751282
20376,0.23461484909057617
20377,0.04743250459432602
20378,0.07779726386070251
20379,0.22345396876335144
20380,0.19581924378871918
20381,0.06392817199230194
20382,0.04180532693862915
20383,0.12941871583461761
20384,0.15518049895763397
20385,0.055854640901088715
20386,0.04143459349870682
20387,0.12651199102401733
20388,0.12924447655677795
20389,0.05437271669507027
20390,0.04125123471021652
20391,0.12068049609661102
20392,0.12862710654735565
20393,0.0511462464928627
20394,0.05111859738826752
20395,0.10710257291793823
20396,0.09328979253768921
20397,0.04229789599776268
20398,0.05934927612543106
20399,0.08989053964614868
20400,0.0575728714466095
20401,0.03128109127283096
20402,0.06035560369491577
20403,0.0725751742720604
20404,0.0391509085893631
20405,0.027926262468099594
20406,0.04993382841348648
20407,0.05308803915977478
20408,0.0350508876144886
20409,0.03191279619932175
20410,0.038031209260225296
20411,0.03928190469741821
20412,0.038491684943437576
20413,0.036968350410461426
20414,0.03216054290533066
20415,0.029743198305368423
20416,0.04092688858509064
20417,0.044042062014341354
20418,0.03158792108297348
20419,0.02567649818956852
20420,0.03535731881856918
20421,0.04341180995106697
20422,0.034518636763095856
20423,0.02583327889442444
20424,0.02996763214468956
20425,0.035996630787849426
20426,0.033746298402547836
20427,0.02783602848649025
20428,0.02743716910481453
20429,0.029929939657449722
20430,0.030040115118026733
20431,0.02844136767089367
20432,0.026993440464138985
20433,0.026672465726733208
20434,0.027130380272865295
20435,0.027504101395606995
20436,0.02686971239745617
20437,0.02545149251818657
20438,0.025274548679590225
20439,0.026367951184511185
20440,0.02646401897072792
20441,0.02518819272518158
20442,0.024459201842546463
20443,0.025254422798752785
20444,0.025918101891875267
20445,0.025144536048173904
20446,0.024269329383969307
20447,0.024536430835723877
20448,0.02522430382668972
20449,0.025088321417570114
20450,0.024341030046343803
20451,0.02418128028512001
20452,0.02462313510477543
20453,0.024820107966661453
20454,0.024475635960698128
20455,0.024100182577967644
20456,0.02419295907020569
20457,0.02444765344262123
20458,0.02444337122142315
20459,0.024207619950175285
20460,0.024014867842197418
20461,0.024077894166111946
20462,0.02422509901225567
20463,0.02423725463449955
20464,0.024091852828860283
20465,0.023910842835903168
20466,0.023917870596051216
20467,0.024063680320978165
20468,0.024131642654538155
20469,0.024014653638005257
20470,0.02380225993692875
20471,0.023777373135089874
20472,0.023942826315760612
20473,0.024051964282989502
20474,0.02395552210509777
20475,0.02372397668659687
20476,0.02366521582007408
20477,0.02382241003215313
20478,0.023957593366503716
20479,0.02390439063310623
20480,0.023681912571191788
20481,0.023582404479384422
20482,0.023695338517427444
20483,0.023833060637116432
20484,0.023836420848965645
20485,0.023656563833355904
20486,0.023531801998615265
20487,0.023581748828291893
20488,0.023686479777097702
20489,0.023727327585220337
20490,0.023611370474100113
20491,0.023501109331846237
20492,0.02350342646241188
20493,0.02354848012328148
20494,0.023580266162753105
20495,0.02351471222937107
20496,0.023455975577235222
20497,0.02345905266702175
20498,0.02345770224928856
20499,0.023442920297384262
20500,0.023381240665912628
20501,0.023370683193206787
20502,0.023415833711624146
20503,0.02341631054878235
20504,0.023363718762993813
20505,0.023265674710273743
20506,0.02326175943017006
20507,0.023349305614829063
20508,0.023393509909510612
20509,0.023346036672592163
20510,0.02320379950106144
20511,0.02315884456038475
20512,0.02325577475130558
20513,0.023354422301054
20514,0.023356661200523376
20515,0.023193825036287308
20516,0.02307823672890663
20517,0.023134080693125725
20518,0.023256922140717506
20519,0.023325463756918907
20520,0.02319052256643772
20521,0.023027963936328888
20522,0.0230177640914917
20523,0.023112274706363678
20524,0.023211196064949036
20525,0.023129167035222054
20526,0.02297843061387539
20527,0.02293362468481064
20528,0.022985778748989105
20529,0.023074911907315254
20530,0.023027226328849792
20531,0.02291233092546463
20532,0.022868573665618896
20533,0.022896658629179
20534,0.02296515926718712
20535,0.02292720228433609
20536,0.022837547585368156
20537,0.022802844643592834
20538,0.022819332778453827
20539,0.02286599949002266
20540,0.022827204316854477
20541,0.02276064082980156
20542,0.022744622081518173
20543,0.02277090959250927
20544,0.022819167003035545
20545,0.02277427539229393
20546,0.022701269015669823
20547,0.022680599242448807
20548,0.02270454168319702
20549,0.0227517019957304
20550,0.022710377350449562
20551,0.022639667615294456
20552,0.022616034373641014
20553,0.02263939008116722
20554,0.0226955097168684
20555,0.022666947916150093
20556,0.022595025599002838
20557,0.02255728468298912
20558,0.022552425041794777
20559,0.022564271464943886
20560,0.022544801235198975
20561,0.022561071440577507
20562,0.02265237271785736
20563,0.022865697741508484
20564,0.02328057959675789
20565,0.023722626268863678
20566,0.02432948164641857
20567,0.025653060525655746
20568,0.028415203094482422
20569,0.033820923417806625
20570,0.04480581730604172
20571,0.06463447213172913
20572,0.10038284957408905
20573,0.1469515711069107
20574,0.19434748589992523
20575,0.1774866282939911
20576,0.09776315093040466
20577,0.03277076780796051
20578,0.04340769723057747
20579,0.09206097573041916
20580,0.09201915562152863
20581,0.044890038669109344
20582,0.02478737197816372
20583,0.05154140666127205
20584,0.07450416684150696
20585,0.050189971923828125
20586,0.02511276677250862
20587,0.04050483927130699
20588,0.06295318901538849
20589,0.05441088229417801
20590,0.02802378684282303
20591,0.03360087797045708
20592,0.05577588826417923
20593,0.049672599881887436
20594,0.030722465366125107
20595,0.03449501469731331
20596,0.054074693471193314
20597,0.04749930649995804
20598,0.025977758690714836
20599,0.029622074216604233
20600,0.047887977212667465
20601,0.0447726845741272
20602,0.025880707427859306
20603,0.026311254128813744
20604,0.039522685110569
20605,0.03833511471748352
20606,0.02552616596221924
20607,0.024474281817674637
20608,0.03346981108188629
20609,0.032312508672475815
20610,0.024637041613459587
20611,0.023371344432234764
20612,0.02756846882402897
20613,0.027568118646740913
20614,0.02430950663983822
20615,0.023847956210374832
20616,0.0242488794028759
20617,0.02362704649567604
20618,0.022925589233636856
20619,0.023895908147096634
20620,0.023861296474933624
20621,0.022618448361754417
20622,0.022603198885917664
20623,0.023183470591902733
20624,0.023447923362255096
20625,0.022940147668123245
20626,0.023447740823030472
20627,0.023814216256141663
20628,0.023064684122800827
20629,0.02302032895386219
20630,0.024031642824411392
20631,0.024865418672561646
20632,0.023595793172717094
20633,0.022397629916667938
20634,0.023454926908016205
20635,0.024949222803115845
20636,0.024578746408224106
20637,0.022673970088362694
20638,0.022390158846974373
20639,0.02386854961514473
20640,0.02454979717731476
20641,0.02346455119550228
20642,0.022173883393406868
20643,0.02264855057001114
20644,0.023782676085829735
20645,0.023764416575431824
20646,0.022722823545336723
20647,0.022029703482985497
20648,0.02251889556646347
20649,0.023095251992344856
20650,0.02289343997836113
20651,0.02228057011961937
20652,0.021984953433275223
20653,0.02239968813955784
20654,0.02285287156701088
20655,0.022766243666410446
20656,0.022326858714222908
20657,0.02199217863380909
20658,0.022084049880504608
20659,0.022243104875087738
20660,0.022355014458298683
20661,0.022621039301156998
20662,0.023142116144299507
20663,0.024494629353284836
20664,0.026917332783341408
20665,0.029695551842451096
20666,0.03301279619336128
20667,0.039072174578905106
20668,0.04989005625247955
20669,0.06891915947198868
20670,0.09632818400859833
20671,0.13527245819568634
20672,0.1697576493024826
20673,0.18724849820137024
20674,0.15119130909442902
20675,0.08124489337205887
20676,0.027955999597907066
20677,0.03520200774073601
20678,0.07877818495035172
20679,0.10038895905017853
20680,0.07423563301563263
20681,0.03255128115415573
20682,0.025848599150776863
20683,0.05094914510846138
20684,0.06841360032558441
20685,0.051861733198165894
20686,0.026857050135731697
20687,0.027365898713469505
20688,0.04542497545480728
20689,0.0524623766541481
20690,0.036485638469457626
20691,0.024445045739412308
20692,0.033673882484436035
20693,0.04682202637195587
20694,0.04365883767604828
20695,0.027566729113459587
20696,0.02654894068837166
20697,0.04135371744632721
20698,0.04829367995262146
20699,0.036937933415174484
20700,0.023165253922343254
20701,0.0318092480301857
20702,0.048614226281642914
20703,0.04845254495739937
20704,0.03161279857158661
20705,0.02229928784072399
20706,0.03745042532682419
20707,0.05251272767782211
20708,0.04603399708867073
20709,0.02764531597495079
20710,0.023396264761686325
20711,0.041305653750896454
20712,0.05227664113044739
20713,0.04143046960234642
20714,0.02464856393635273
20715,0.025248168036341667
20716,0.04257011041045189
20717,0.04859762266278267
20718,0.03605496138334274
20719,0.02293577417731285
20720,0.02643263339996338
20721,0.040618687868118286
20722,0.04296209663152695
20723,0.03140980377793312
20724,0.022147560492157936
20725,0.026432715356349945
20726,0.03661085292696953
20727,0.03667968139052391
20728,0.02757071517407894
20729,0.02176828682422638
20730,0.025610217824578285
20731,0.032075949013233185
20732,0.03125954419374466
20733,0.02497253566980362
20734,0.021595140919089317
20735,0.02428833767771721
20736,0.027941565960645676
20737,0.027130117639899254
20738,0.023350033909082413
20739,0.02146187797188759
20740,0.022976363077759743
20741,0.024829603731632233
20742,0.024367012083530426
20743,0.022397128865122795
20744,0.021350596100091934
20745,0.02199493907392025
20746,0.022822430357336998
20747,0.022683696821331978
20748,0.021832792088389397
20749,0.0212729312479496
20750,0.02143152803182602
20751,0.021728483960032463
20752,0.021743524819612503
20753,0.021474331617355347
20754,0.021219532936811447
20755,0.021191392093896866
20756,0.021250033751130104
20757,0.021291188895702362
20758,0.02125316858291626
20759,0.02116888016462326
20760,0.021111803129315376
20761,0.021099120378494263
20762,0.021121688187122345
20763,0.021131908521056175
20764,0.02111252397298813
20765,0.021070504561066628
20766,0.02106552943587303
20767,0.0210865531116724
20768,0.02108723297715187
20769,0.021061651408672333
20770,0.021009935066103935
20771,0.021024029701948166
20772,0.02107802778482437
20773,0.021091483533382416
20774,0.0210457444190979
20775,0.02094307728111744
20776,0.020931081846356392
20777,0.021016187965869904
20778,0.021085496991872787
20779,0.02106550894677639
20780,0.020916057750582695
20781,0.020826907828450203
20782,0.020887618884444237
20783,0.0210023932158947
20784,0.02105323225259781
20785,0.020919587463140488
20786,0.020770005881786346
20787,0.020763076841831207
20788,0.020859425887465477
20789,0.020952774211764336
20790,0.020873993635177612
20791,0.02072930335998535
20792,0.020684348419308662
20793,0.02073642611503601
20794,0.020817553624510765
20795,0.020771199837327003
20796,0.0206595566123724
20797,0.02061721682548523
20798,0.020645836368203163
20799,0.020702211186289787
20800,0.020664038136601448
20801,0.02058306522667408
20802,0.020559636875987053
20803,0.02058720774948597
20804,0.02062995918095112
20805,0.02058430202305317
20806,0.020513445138931274
20807,0.02050463855266571
20808,0.02054460160434246
20809,0.02059558965265751
20810,0.020543765276670456
20811,0.020458851009607315
20812,0.020440073683857918
20813,0.02047778107225895
20814,0.020537134259939194
20815,0.020495522767305374
20816,0.02040790021419525
20817,0.02037542127072811
20818,0.0203950684517622
20819,0.020440723747015
20820,0.020408067852258682
20821,0.020340273156762123
20822,0.02031782828271389
20823,0.020338576287031174
20824,0.020381225273013115
20825,0.020347602665424347
20826,0.020281875506043434
20827,0.0202597975730896
20828,0.020278533920645714
20829,0.020318245515227318
20830,0.02028651535511017
20831,0.020225411280989647
20832,0.020205849781632423
20833,0.020228514447808266
20834,0.02027873694896698
20835,0.020260609686374664
20836,0.02020675502717495
20837,0.020193319767713547
20838,0.02022325061261654
20839,0.020287783816456795
20840,0.020358897745609283
20841,0.020519277080893517
20842,0.020870590582489967
20843,0.021561019122600555
20844,0.022821735590696335
20845,0.024871472269296646
20846,0.028348226100206375
20847,0.035110656172037125
20848,0.047051623463630676
20849,0.06862790137529373
20850,0.10010606050491333
20851,0.1438368260860443
20852,0.17370747029781342
20853,0.16863980889320374
20854,0.11350654065608978
20855,0.06025446206331253
20856,0.05866935849189758
20857,0.09360654652118683
20858,0.10136065632104874
20859,0.06131860241293907
20860,0.026598576456308365
20861,0.03663407638669014
20862,0.05964498221874237
20863,0.05558587610721588
20864,0.030376285314559937
20865,0.026858795434236526
20866,0.046643950045108795
20867,0.05318901315331459
20868,0.0385209359228611
20869,0.026473987847566605
20870,0.034038200974464417
20871,0.040074098855257034
20872,0.03109448403120041
20873,0.021430617198348045
20874,0.024389348924160004
20875,0.030860483646392822
20876,0.027144569903612137
20877,0.021722549572587013
20878,0.023178674280643463
20879,0.02718012034893036
20880,0.025339946150779724
20881,0.0214837659150362
20882,0.022817550227046013
20883,0.025212276726961136
20884,0.02398483082652092
20885,0.02075844816863537
20886,0.021484604105353355
20887,0.024013785645365715
20888,0.023262226954102516
20889,0.021461648866534233
20890,0.021942347288131714
20891,0.02408439852297306
20892,0.023493563756346703
20893,0.02089737169444561
20894,0.02050727978348732
20895,0.022292418405413628
20896,0.02300623059272766
20897,0.021240975707769394
20898,0.020167067646980286
20899,0.021212324500083923
20900,0.02221127226948738
20901,0.02149793691933155
20902,0.02014150843024254
20903,0.020286107435822487
20904,0.021253053098917007
20905,0.021374395117163658
20906,0.02051628567278385
20907,0.01996828056871891
20908,0.020428134128451347
20909,0.020840782672166824
20910,0.02057737484574318
20911,0.02007252164185047
20912,0.020066622644662857
20913,0.020504003390669823
20914,0.020674986764788628
20915,0.020458027720451355
20916,0.020231328904628754
20917,0.020370623096823692
20918,0.02068539895117283
20919,0.020866384729743004
20920,0.02101149782538414
20921,0.021454080939292908
20922,0.022369565442204475
20923,0.023750822991132736
20924,0.025690706446766853
20925,0.028240304440259933
20926,0.03169969469308853
20927,0.037463173270225525
20928,0.045851461589336395
20929,0.058730579912662506
20930,0.07304636389017105
20931,0.09019175171852112
20932,0.1039409190416336
20933,0.11278607696294785
20934,0.10321753472089767
20935,0.07868610322475433
20936,0.04548750817775726
20937,0.02380167320370674
20938,0.02183591015636921
20939,0.035294435918331146
20940,0.048878878355026245
20941,0.05010135471820831
20942,0.04182752966880798
20943,0.02924501895904541
20944,0.020956847816705704
20945,0.020533984526991844
20946,0.024136865511536598
20947,0.027683429419994354
20948,0.028334753587841988
20949,0.026134822517633438
20950,0.023419799283146858
20951,0.021561304107308388
20952,0.02054079808294773
20953,0.020587066188454628
20954,0.021413831040263176
20955,0.022650405764579773
20956,0.023720985278487206
20957,0.02344755083322525
20958,0.0220464076846838
20959,0.020426392555236816
20960,0.019615069031715393
20961,0.02041960321366787
20962,0.021987002342939377
20963,0.022992972284555435
20964,0.022703267633914948
20965,0.021121341735124588
20966,0.019785786047577858
20967,0.019751321524381638
20968,0.0205896757543087
20969,0.02145802602171898
20970,0.02124389261007309
20971,0.02034984715282917
20972,0.019836945459246635
20973,0.01977340131998062
20974,0.019948115572333336
20975,0.019817862659692764
20976,0.01950065977871418
20977,0.019458549097180367
20978,0.019611256197094917
20979,0.01973319612443447
20980,0.019546836614608765
20981,0.01934373378753662
20982,0.01940593682229519
20983,0.01965194381773472
20984,0.019854987040162086
20985,0.019577158614993095
20986,0.019253456965088844
20987,0.01932406984269619
20988,0.01968923956155777
20989,0.02009650133550167
20990,0.0198680367320776
20991,0.01932821236550808
20992,0.019115956500172615
20993,0.019228404387831688
20994,0.019511062651872635
20995,0.019435934722423553
20996,0.019147470593452454
20997,0.01905636116862297
20998,0.01915118284523487
20999,0.01932063326239586
21000,0.019198888912796974
21001,0.019014449790120125
21002,0.019054941833019257
21003,0.019276434555649757
21004,0.019551189616322517
21005,0.0193764828145504
21006,0.019024992361664772
21007,0.018932560458779335
21008,0.019069600850343704
21009,0.019317010417580605
21010,0.019213266670703888
21011,0.018941380083560944
21012,0.01886679045855999
21013,0.018980979919433594
21014,0.01919097825884819
21015,0.019089434295892715
21016,0.01885981485247612
21017,0.018818829208612442
21018,0.01895841583609581
21019,0.019201187416911125
21020,0.019109558314085007
21021,0.018844500184059143
21022,0.018749134615063667
21023,0.018811076879501343
21024,0.01895643211901188
21025,0.01887209340929985
21026,0.018724676221609116
21027,0.01874815858900547
21028,0.018949976190924644
21029,0.019286395981907845
21030,0.019253291189670563
21031,0.018956156447529793
21032,0.01880592480301857
21033,0.01878080889582634
21034,0.018809830769896507
21035,0.01895010471343994
21036,0.019515492022037506
21037,0.02059672586619854
21038,0.02252778224647045
21039,0.025737863034009933
21040,0.029120180755853653
21041,0.03277546539902687
21042,0.04004928842186928
21043,0.052037909626960754
21044,0.0723159909248352
21045,0.10138765722513199
21046,0.14374041557312012
21047,0.18272027373313904
21048,0.2132578045129776
21049,0.19005507230758667
21050,0.12491738051176071
21051,0.04684040695428848
21052,0.02240322344005108
21053,0.05341685563325882
21054,0.0961015373468399
21055,0.09932193905115128
21056,0.05694756656885147
21057,0.023633956909179688
21058,0.02515247091650963
21059,0.049587685614824295
21060,0.05800935626029968
21061,0.03992697596549988
21062,0.02415006048977375
21063,0.025622664019465446
21064,0.03893842548131943
21065,0.03919880464673042
21066,0.025555582717061043
21067,0.019101958721876144
21068,0.023584920912981033
21069,0.031472958624362946
21070,0.028090480715036392
21071,0.020245062187314034
21072,0.02094903215765953
21073,0.026648662984371185
21074,0.02923111990094185
21075,0.022303998470306396
21076,0.019456667825579643
21077,0.02646462619304657
21078,0.034156061708927155
21079,0.033998388797044754
21080,0.02340264618396759
21081,0.021198777481913567
21082,0.03137948736548424
21083,0.039962008595466614
21084,0.0369262620806694
21085,0.023253293707966805
21086,0.022304058074951172
21087,0.03644227236509323
21088,0.04657571762800217
21089,0.040480561554431915
21090,0.02271590381860733
21091,0.022435182705521584
21092,0.04089919105172157
21093,0.05409989878535271
21094,0.046740371733903885
21095,0.02479672059416771
21096,0.023067466914653778
21097,0.044162970036268234
21098,0.05897102132439613
21099,0.04916232451796532
21100,0.024245932698249817
21101,0.024307068437337875
21102,0.04937915503978729
21103,0.06458267569541931
21104,0.05048603564500809
21105,0.023092227056622505
21106,0.02746397629380226
21107,0.056817375123500824
21108,0.06936073303222656
21109,0.048687346279621124
21110,0.021298691630363464
21111,0.03401605039834976
21112,0.06677232682704926
21113,0.07203584909439087
21114,0.04282614588737488
21115,0.019828353077173233
21116,0.04450473189353943
21117,0.07689763605594635
21118,0.06958980858325958
21119,0.033825866878032684
21120,0.022257070988416672
21121,0.058649756014347076
21122,0.0818510353565216
21123,0.05772368609905243
21124,0.02356530725955963
21125,0.030824191868305206
21126,0.0713520497083664
21127,0.07511404156684875
21128,0.0391961932182312
21129,0.01939786598086357
21130,0.043420955538749695
21131,0.07255898416042328
21132,0.055284831672906876
21133,0.02323933318257332
21134,0.024511901661753654
21135,0.050990380346775055
21136,0.05810222029685974
21137,0.03283115103840828
21138,0.01846426911652088
21139,0.03254487365484238
21140,0.046554695814847946
21141,0.03726780787110329
21142,0.020174166187644005
21143,0.022131476551294327
21144,0.03448454290628433
21145,0.03449877351522446
21146,0.023027926683425903
21147,0.018475810065865517
21148,0.02552468329668045
21149,0.029753124341368675
21150,0.024083949625492096
21151,0.018329983577132225
21152,0.020587075501680374
21153,0.02504745125770569
21154,0.023776551708579063
21155,0.019199423491954803
21156,0.01848725788295269
21157,0.021517813205718994
21158,0.022482138127088547
21159,0.019947919994592667
21160,0.01802273467183113
21161,0.01922133006155491
21162,0.02092018723487854
21163,0.020353540778160095
21164,0.018735243007540703
21165,0.018614940345287323
21166,0.01990395598113537
21167,0.02083141729235649
21168,0.020873621106147766
21169,0.021708283573389053
21170,0.025267161428928375
21171,0.03215422108769417
21172,0.043817080557346344
21173,0.06207559257745743
21174,0.09250518679618835
21175,0.12145949900150299
21176,0.1366378515958786
21177,0.11286348849534988
21178,0.06076106056571007
21179,0.022224238142371178
21180,0.026514701545238495
21181,0.04988395422697067
21182,0.05643971264362335
21183,0.038307756185531616
21184,0.02181737683713436
21185,0.02519119903445244
21186,0.034145548939704895
21187,0.03234834596514702
21188,0.02285725623369217
21189,0.019605962559580803
21190,0.024678578600287437
21191,0.028311949223279953
21192,0.024911977350711823
21193,0.0197276771068573
21194,0.019105810672044754
21195,0.021255353465676308
21196,0.022557925432920456
21197,0.022218918427824974
21198,0.022041799500584602
21199,0.022040780633687973
21200,0.020207485184073448
21201,0.018547073006629944
21202,0.019586456939578056
21203,0.022156795486807823
21204,0.023168474435806274
21205,0.02037443034350872
21206,0.017947979271411896
21207,0.01911729946732521
21208,0.021541627123951912
21209,0.02235351875424385
21210,0.020026972517371178
21211,0.018634431064128876
21212,0.01988033391535282
21213,0.021241972222924232
21214,0.021405614912509918
21215,0.01980512961745262
21216,0.019604284316301346
21217,0.020798493176698685
21218,0.021213820204138756
21219,0.020922627300024033
21220,0.01991889625787735
21221,0.02047683298587799
21222,0.02156231924891472
21223,0.021326014772057533
21224,0.020746992900967598
21225,0.020111195743083954
21226,0.021139727905392647
21227,0.022210106253623962
21228,0.021558713167905807
21229,0.020738821476697922
21230,0.02021627128124237
21231,0.021553516387939453
21232,0.022738613188266754
21233,0.021873530000448227
21234,0.020814670249819756
21235,0.02021012268960476
21236,0.021735668182373047
21237,0.023118318989872932
21238,0.022198503836989403
21239,0.02088839001953602
21240,0.020072652027010918
21241,0.021715406328439713
21242,0.023396693170070648
21243,0.022553088143467903
21244,0.020960740745067596
21245,0.019798042252659798
21246,0.021488409489393234
21247,0.02358485758304596
21248,0.022954842075705528
21249,0.02107030525803566
21250,0.019428065046668053
21251,0.021089162677526474
21252,0.023697443306446075
21253,0.02343035861849785
21254,0.02129003033041954
21255,0.019052550196647644
21256,0.020574580878019333
21257,0.023731384426355362
21258,0.023983675986528397
21259,0.021704599261283875
21260,0.018785586580634117
21261,0.02000131458044052
21262,0.023661203682422638
21263,0.024563193321228027
21264,0.02231643721461296
21265,0.01870177686214447
21266,0.019445044919848442
21267,0.023486101999878883
21268,0.025083454325795174
21269,0.02302682399749756
21270,0.018782828003168106
21271,0.01896861009299755
21272,0.02326391264796257
21273,0.025519588962197304
21274,0.023742787539958954
21275,0.01896289736032486
21276,0.01858706772327423
21277,0.023046528920531273
21278,0.02588248811662197
21279,0.024401450529694557
21280,0.01916581392288208
21281,0.01829373463988304
21282,0.02289889007806778
21283,0.026245053857564926
21284,0.0250242929905653
21285,0.0193687304854393
21286,0.01808144524693489
21287,0.02286234125494957
21288,0.026666006073355675
21289,0.025645427405834198
21290,0.019572028890252113
21291,0.017953338101506233
21292,0.022966768592596054
21293,0.027172153815627098
21294,0.02625415101647377
21295,0.019742989912629128
21296,0.017906734719872475
21297,0.023253105580806732
21298,0.0278068408370018
21299,0.02684776484966278
21300,0.01984957978129387
21301,0.01793772540986538
21302,0.02375878021121025
21303,0.028613489121198654
21304,0.027436189353466034
21305,0.019873982295393944
21306,0.01805618777871132
21307,0.02453453093767166
21308,0.029643021523952484
21309,0.02804076299071312
21310,0.019834265112876892
21311,0.018309161067008972
21312,0.02562764473259449
21313,0.03087443672120571
21314,0.028563547879457474
21315,0.019664684310555458
21316,0.01874779351055622
21317,0.027129964902997017
21318,0.032320424914360046
21319,0.0289362370967865
21320,0.01935844123363495
21321,0.019484156742691994
21322,0.02913149818778038
21323,0.03390613943338394
21324,0.028996163979172707
21325,0.01891099289059639
21326,0.020684808492660522
21327,0.031703218817710876
21328,0.03544671833515167
21329,0.02850126102566719
21330,0.0183626189827919
21331,0.02256079576909542
21332,0.034817516803741455
21333,0.03660634905099869
21334,0.02722937799990177
21335,0.017936794087290764
21336,0.025351259857416153
21337,0.03819369524717331
21338,0.0367889478802681
21339,0.02498532272875309
21340,0.017992906272411346
21341,0.02910221740603447
21342,0.041105594485998154
21343,0.03530373424291611
21344,0.022002339363098145
21345,0.019121775403618813
21346,0.0334162637591362
21347,0.04231764376163483
21348,0.03167593479156494
21349,0.019033702090382576
21350,0.02165481075644493
21351,0.03707563132047653
21352,0.0404992401599884
21353,0.0263813566416502
21354,0.01738550141453743
21355,0.02523067593574524
21356,0.038346752524375916
21357,0.035271055996418
21358,0.020984506234526634
21359,0.017714636400341988
21360,0.028170952573418617
21361,0.035914354026317596
21362,0.028089730069041252
21363,0.017511973157525063
21364,0.01963558793067932
21365,0.028982654213905334
21366,0.030606430023908615
21367,0.02168925292789936
21368,0.01645924150943756
21369,0.02104491926729679
21370,0.026720184832811356
21371,0.02442076802253723
21372,0.017957886680960655
21373,0.017461959272623062
21374,0.022273391485214233
21375,0.024679923430085182
21376,0.021431274712085724
21377,0.018410660326480865
21378,0.02058882638812065
21379,0.025252602994441986
21380,0.028839992359280586
21381,0.03410199284553528
21382,0.046918533742427826
21383,0.07242366671562195
21384,0.10912209749221802
21385,0.14916154742240906
21386,0.1704038381576538
21387,0.1711089313030243
21388,0.12371329963207245
21389,0.06211203336715698
21390,0.0231663566082716
21391,0.02591254934668541
21392,0.05343512073159218
21393,0.07213616371154785
21394,0.06565072387456894
21395,0.03919593244791031
21396,0.019681416451931
21397,0.020759623497724533
21398,0.03567421808838844
21399,0.04574940353631973
21400,0.038405854254961014
21401,0.023708626627922058
21402,0.016777856275439262
21403,0.02222118154168129
21404,0.030854802578687668
21405,0.03025382198393345
21406,0.022387990728020668
21407,0.0170530304312706
21408,0.01867755316197872
21409,0.02363348752260208
21410,0.023899678140878677
21411,0.019682127982378006
21412,0.016921615228056908
21413,0.017827771604061127
21414,0.020493224263191223
21415,0.02011016756296158
21416,0.01779925264418125
21417,0.017054639756679535
21418,0.018091758713126183
21419,0.01934628002345562
21420,0.018217740580439568
21421,0.017013002187013626
21422,0.017693202942609787
21423,0.019025731831789017
21424,0.019362343475222588
21425,0.01743505150079727
21426,0.016812285408377647
21427,0.01862739957869053
21428,0.02045457251369953
21429,0.020315932109951973
21430,0.017436524853110313
21431,0.016637900844216347
21432,0.019199978560209274
21433,0.02184678241610527
21434,0.021872159093618393
21435,0.01804344169795513
21436,0.016390133649110794
21437,0.019190311431884766
21438,0.02272138185799122
21439,0.023367486894130707
21440,0.01886332780122757
21441,0.016216186806559563
21442,0.018930377438664436
21443,0.023143084719777107
21444,0.02451290190219879
21445,0.01964464597404003
21446,0.016164181753993034
21447,0.018682811409235
21448,0.023347651585936546
21449,0.025301918387413025
21450,0.0201739352196455
21451,0.016165005043148994
21452,0.018656641244888306
21453,0.023698342964053154
21454,0.026014696806669235
21455,0.020529383793473244
21456,0.016170239076018333
21457,0.018872013315558434
21458,0.024331972002983093
21459,0.026820197701454163
21460,0.02078913524746895
21461,0.016177546232938766
21462,0.01935625448822975
21463,0.02538471482694149
21464,0.027922730892896652
21465,0.02107304334640503
21466,0.01621408946812153
21467,0.020116664469242096
21468,0.02688407152891159
21469,0.029370225965976715
21470,0.02142350748181343
21471,0.016318373382091522
21472,0.02121814712882042
21473,0.02884492836892605
21474,0.031048793345689774
21475,0.021713033318519592
21476,0.016546662896871567
21477,0.022858384996652603
21478,0.031410057097673416
21479,0.032886601984500885
21480,0.021824009716510773
21481,0.01703328639268875
21482,0.025356478989124298
21483,0.03473921865224838
21484,0.034665606915950775
21485,0.02154701203107834
21486,0.01804516837000847
21487,0.02921096235513687
21488,0.038958389312028885
21489,0.03597646206617355
21490,0.020760497078299522
21491,0.020242080092430115
21492,0.03506540507078171
21493,0.04376016557216644
21494,0.03590080142021179
21495,0.01960420049726963
21496,0.024845149368047714
21497,0.04329283535480499
21498,0.047693826258182526
21499,0.03295804560184479
21500,0.019018782302737236
21501,0.03343071788549423
21502,0.05272344499826431
21503,0.047465354204177856
21504,0.02647869847714901
21505,0.02179889939725399
21506,0.04619786888360977
21507,0.058301329612731934
21508,0.03902192413806915
21509,0.019651170819997787
21510,0.031111741438508034
21511,0.05740510672330856
21512,0.05169093981385231
21513,0.02426883578300476
21514,0.020333699882030487
21515,0.04333648085594177
21516,0.05483603477478027
21517,0.03253841772675514
21518,0.016066918149590492
21519,0.03003707528114319
21520,0.04515884816646576
21521,0.03598964959383011
21522,0.01730312779545784
21523,0.021276511251926422
21524,0.034924812614917755
21525,0.03226315230131149
21526,0.019038528203964233
21527,0.017086274921894073
21528,0.026434462517499924
21529,0.027347447350621223
21530,0.019420979544520378
21531,0.015828121453523636
21532,0.020698484033346176
21533,0.02255723625421524
21534,0.01861666329205036
21535,0.016023393720388412
21536,0.017470508813858032
21537,0.018822433426976204
21538,0.017156563699245453
21539,0.016094477847218513
21540,0.01647760719060898
21541,0.016695665195584297
21542,0.015925459563732147
21543,0.015753870829939842
21544,0.016342727467417717
21545,0.016187556087970734
21546,0.015627654269337654
21547,0.015604464337229729
21548,0.016062531620264053
21549,0.016069374978542328
21550,0.01574152149260044
21551,0.01603762060403824
21552,0.016388149932026863
21553,0.01604214683175087
21554,0.015710989013314247
21555,0.01611739583313465
21556,0.016964765265583992
21557,0.01665816828608513
21558,0.015642251819372177
21559,0.015623566694557667
21560,0.016633290797472
21561,0.01730705425143242
21562,0.016378475353121758
21563,0.015407722443342209
21564,0.015878994017839432
21565,0.016996297985315323
21566,0.01717338152229786
21567,0.015981366857886314
21568,0.015228910371661186
21569,0.015796029940247536
21570,0.016688786447048187
21571,0.016683151945471764
21572,0.01581370085477829
21573,0.015656083822250366
21574,0.016702380031347275
21575,0.017738109454512596
21576,0.017856109887361526
21577,0.01762400008738041
21578,0.018499447032809258
21579,0.02113030105829239
21580,0.026101820170879364
21581,0.034421406686306
21582,0.04940585792064667
21583,0.07452782988548279
21584,0.11617453396320343
21585,0.15969018638134003
21586,0.19551995396614075
21587,0.19279342889785767
21588,0.14783409237861633
21589,0.07068595290184021
21590,0.023128274828195572
21591,0.026219772174954414
21592,0.059713490307331085
21593,0.08527445793151855
21594,0.0752829909324646
21595,0.045367851853370667
21596,0.02047891728579998
21597,0.02136552706360817
21598,0.039795272052288055
21599,0.050792306661605835
21600,0.042300932109355927
21601,0.023592323064804077
21602,0.015994856134057045
21603,0.023755066096782684
21604,0.03370669484138489
21605,0.031889624893665314
21606,0.02124148979783058
21607,0.01576380617916584
21608,0.019427264109253883
21609,0.02558992989361286
21610,0.024748094379901886
21611,0.018553288653492928
21612,0.015723727643489838
21613,0.018173951655626297
21614,0.021677430719137192
21615,0.020387396216392517
21616,0.016856446862220764
21617,0.01628081500530243
21618,0.018360767513513565
21619,0.019976673647761345
21620,0.01805146038532257
21621,0.016275208443403244
21622,0.01743955910205841
21623,0.019432751461863518
21624,0.019639313220977783
21625,0.016959039494395256
21626,0.016249824315309525
21627,0.01881420984864235
21628,0.021035172045230865
21629,0.020329974591732025
21630,0.016674358397722244
21631,0.01618979126214981
21632,0.019780579954385757
21633,0.02265864796936512
21634,0.02167053520679474
21635,0.016966357827186584
21636,0.016004696488380432
21637,0.020251749083399773
21638,0.024001646786928177
21639,0.023119132965803146
21640,0.01748075522482395
21641,0.015828315168619156
21642,0.020494893193244934
21643,0.02504746988415718
21644,0.024425296112895012
21645,0.018032105639576912
21646,0.01577405259013176
21647,0.020779281854629517
21648,0.02592666819691658
21649,0.025443080812692642
21650,0.018430441617965698
21651,0.01590026542544365
21652,0.021389596164226532
21653,0.026930280029773712
21654,0.026277966797351837
21655,0.018669527024030685
21656,0.016248127445578575
21657,0.02242107316851616
21658,0.028082549571990967
21659,0.026835491880774498
21660,0.018641527742147446
21661,0.016861576586961746
21662,0.024036740884184837
21663,0.029503125697374344
21664,0.02712506428360939
21665,0.018383678048849106
21666,0.017873495817184448
21667,0.026296965777873993
21668,0.031054265797138214
21669,0.02697700448334217
21670,0.01799996756017208
21671,0.01955331861972809
21672,0.029208004474639893
21673,0.032349973917007446
21674,0.026046831160783768
21675,0.017643578350543976
21676,0.0221962109208107
21677,0.03256070613861084
21678,0.03277270868420601
21679,0.02410869300365448
21680,0.01775931566953659
21681,0.02597193792462349
21682,0.035606749355793
21683,0.03142385557293892
21684,0.02119624987244606
21685,0.018890023231506348
21686,0.03045538440346718
21687,0.03699227422475815
21688,0.027787640690803528
21689,0.018215086311101913
21690,0.02148461528122425
21691,0.03422161564230919
21692,0.03512349724769592
21693,0.022445082664489746
21694,0.016670025885105133
21695,0.024977024644613266
21696,0.03507193550467491
21697,0.02962569147348404
21698,0.017462600022554398
21699,0.017407221719622612
21700,0.027424335479736328
21701,0.031688954681158066
21702,0.022530633956193924
21703,0.015006286092102528
21704,0.01940860040485859
21705,0.026939410716295242
21706,0.025433482602238655
21707,0.01708032377064228
21708,0.015209129080176353
21709,0.02055923081934452
21710,0.023655734956264496
21711,0.019486434757709503
21712,0.014786051586270332
21713,0.016290295869112015
21714,0.019900256767868996
21715,0.01962437853217125
21716,0.015961790457367897
21717,0.014603977091610432
21718,0.016720052808523178
21719,0.01815008744597435
21720,0.016671929508447647
21721,0.014678744599223137
21722,0.014906917698681355
21723,0.01632494479417801
21724,0.01643742248415947
21725,0.015183503739535809
21726,0.014440947212278843
21727,0.014970262534916401
21728,0.015616065822541714
21729,0.015318486839532852
21730,0.014622081071138382
21731,0.014425407163798809
21732,0.014799672178924084
21733,0.015008225105702877
21734,0.014761212281882763
21735,0.01443758700042963
21736,0.014391310513019562
21737,0.014562439173460007
21738,0.014617323875427246
21739,0.01449974998831749
21740,0.014352970756590366
21741,0.014325076714158058
21742,0.014370759949088097
21743,0.014402450993657112
21744,0.014369392767548561
21745,0.01430497970432043
21746,0.014262267388403416
21747,0.01425335742533207
21748,0.014274097979068756
21749,0.014276877045631409
21750,0.014251933433115482
21751,0.014214212074875832
21752,0.014195854775607586
21753,0.014205914922058582
21754,0.014229058288037777
21755,0.014225096441805363
21756,0.014199253171682358
21757,0.014172234572470188
21758,0.014149951748549938
21759,0.01414127741008997
21760,0.014141797088086605
21761,0.014170145615935326
21762,0.014201078563928604
21763,0.01423673052340746
21764,0.014321094378829002
21765,0.014400845393538475
21766,0.014498766511678696
21767,0.014676799066364765
21768,0.014960202388465405
21769,0.015504440292716026
21770,0.0167982317507267
21771,0.019600864499807358
21772,0.02490108460187912
21773,0.03511402755975723
21774,0.05374468117952347
21775,0.08371333032846451
21776,0.12586115300655365
21777,0.18670791387557983
21778,0.23633858561515808
21779,0.24852144718170166
21780,0.17187052965164185
21781,0.0683850571513176
21782,0.01711704023182392
21783,0.05242626741528511
21784,0.11478114873170853
21785,0.11637212336063385
21786,0.06328706443309784
21787,0.01870996318757534
21788,0.0303400456905365
21789,0.0677688717842102
21790,0.06638288497924805
21791,0.03286971524357796
21792,0.016068020835518837
21793,0.031127341091632843
21794,0.04963763803243637
21795,0.037567123770713806
21796,0.018128912895917892
21797,0.022063860669732094
21798,0.03813442960381508
21799,0.041156355291604996
21800,0.02251588925719261
21801,0.01661835052073002
21802,0.032238103449344635
21803,0.04255268722772598
21804,0.03310901299118996
21805,0.01607344299554825
21806,0.023682717233896255
21807,0.04232962802052498
21808,0.04241972044110298
21809,0.026621565222740173
21810,0.016921598464250565
21811,0.032627806067466736
21812,0.0473090298473835
21813,0.03800784423947334
21814,0.022291021421551704
21815,0.021636223420500755
21816,0.038919128477573395
21817,0.045212291181087494
21818,0.03148386999964714
21819,0.02119344100356102
21820,0.02696692757308483
21821,0.03990868106484413
21822,0.038402702659368515
21823,0.02590814419090748
21824,0.02195185050368309
21825,0.029048200696706772
21826,0.03553364425897598
21827,0.030270271003246307
21828,0.02221512794494629
21829,0.023079579696059227
21830,0.02837320603430271
21831,0.02915162220597267
21832,0.023533552885055542
21833,0.020199207589030266
21834,0.02308560162782669
21835,0.025509487837553024
21836,0.023144280537962914
21837,0.019092360511422157
21838,0.019110240042209625
21839,0.022048411890864372
21840,0.0221085287630558
21841,0.018846893683075905
21842,0.01668192632496357
21843,0.018265075981616974
21844,0.020427225157618523
21845,0.019241027534008026
21846,0.016304239630699158
21847,0.015490048564970493
21848,0.017371095716953278
21849,0.01873069815337658
21850,0.017267422750592232
21851,0.015019921585917473
21852,0.014834403991699219
21853,0.016454949975013733
21854,0.017339903861284256
21855,0.016106586903333664
21856,0.014462005347013474
21857,0.014409174211323261
21858,0.015611916780471802
21859,0.01627620868384838
21860,0.01543442066758871
21861,0.014248841442167759
21862,0.014128094539046288
21863,0.014921644702553749
21864,0.015472589060664177
21865,0.015009586699306965
21866,0.01417792309075594
21867,0.013960144482553005
21868,0.01440526358783245
21869,0.014849493280053139
21870,0.014676504768431187
21871,0.014141259714961052
21872,0.01388191431760788
21873,0.014059475623071194
21874,0.014368847943842411
21875,0.01436909381300211
21876,0.014079291373491287
21877,0.013855043798685074
21878,0.013867114670574665
21879,0.014030979946255684
21880,0.014091060496866703
21881,0.01397496834397316
21882,0.013833865523338318
21883,0.013782135210931301
21884,0.013832381926476955
21885,0.013877895660698414
21886,0.013852298259735107
21887,0.01379285380244255
21888,0.013745399191975594
21889,0.013738318346440792
21890,0.013748299330472946
21891,0.013750347308814526
21892,0.013741079717874527
21893,0.013720654882490635
21894,0.01370061095803976
21895,0.013682033866643906
21896,0.013677987270057201
21897,0.013687996193766594
21898,0.013694052584469318
21899,0.013686499558389187
21900,0.013653918169438839
21901,0.013627198524773121
21902,0.013628719374537468
21903,0.013644865714013577
21904,0.013657226227223873
21905,0.013633228838443756
21906,0.013594982214272022
21907,0.01357833668589592
21908,0.013581973500549793
21909,0.013594460673630238
21910,0.013583479449152946
21911,0.013555984012782574
21912,0.013539209961891174
21913,0.013534817844629288
21914,0.013537852093577385
21915,0.013528168201446533
21916,0.01351070124655962
21917,0.013501600362360477
21918,0.013500237837433815
21919,0.013502640649676323
21920,0.013490751385688782
21921,0.013472611084580421
21922,0.013463914394378662
21923,0.013462926261126995
21924,0.013465634547173977
21925,0.013454360887408257
21926,0.013436522334814072
21927,0.013427471742033958
21928,0.013425275683403015
21929,0.013426067307591438
21930,0.013414522632956505
21931,0.0133982477709651
21932,0.013390900567173958
21933,0.013391368091106415
21934,0.01339658722281456
21935,0.01338663138449192
21936,0.013366930186748505
21937,0.013354416005313396
21938,0.013348204083740711
21939,0.013345465064048767
21940,0.01333689410239458
21941,0.01332818903028965
21942,0.01332736387848854
21943,0.013335891999304295
21944,0.013354831375181675
21945,0.013358964584767818
21946,0.013350940309464931
21947,0.013358213007450104
21948,0.01338617317378521
21949,0.013444655574858189
21950,0.013588625937700272
21951,0.013903256505727768
21952,0.014491168782114983
21953,0.015608269721269608
21954,0.017711380496621132
21955,0.021223150193691254
21956,0.027172356843948364
21957,0.03831689804792404
21958,0.05676845461130142
21959,0.08501175045967102
21960,0.11153897643089294
21961,0.12127134948968887
21962,0.09393617510795593
21963,0.04445727914571762
21964,0.015293929725885391
21965,0.02628425881266594
21966,0.05126302316784859
21967,0.058831989765167236
21968,0.0421886146068573
21969,0.02307284064590931
21970,0.022215865552425385
21971,0.03523091971874237
21972,0.04719188064336777
21973,0.0511288046836853
21974,0.05333251878619194
21975,0.06728145480155945
21976,0.08675919473171234
21977,0.0865023285150528
21978,0.06502754986286163
21979,0.03550006449222565
21980,0.018596792593598366
21981,0.020368361845612526
21982,0.03327532485127449
21983,0.045495808124542236
21984,0.051547545939683914
21985,0.04655957221984863
21986,0.03174830973148346
21987,0.018962891772389412
21988,0.014496480114758015
21989,0.019772259518504143
21990,0.025291308760643005
21991,0.02332901582121849
21992,0.018740976229310036
21993,0.01482090912759304
21994,0.013861971907317638
21995,0.014707809314131737
21996,0.015053283423185349
21997,0.014938097447156906
21998,0.014325406402349472
21999,0.013735105283558369
22000,0.013542646542191505
22001,0.01438853144645691
22002,0.015080716460943222
22003,0.01473610382527113
22004,0.013866202905774117
22005,0.013594639487564564
22006,0.01553158089518547
22007,0.017392614856362343
22008,0.017401032149791718
22009,0.016118930652737617
22010,0.014623204246163368
22011,0.015586050227284431
22012,0.01744087226688862
22013,0.017790362238883972
22014,0.017056366428732872
22015,0.01597391813993454
22016,0.016764122992753983
22017,0.017846643924713135
22018,0.01699220947921276
22019,0.015583734028041363
22020,0.015049717389047146
22021,0.017031434923410416
22022,0.018724974244832993
22023,0.01730835996568203
22024,0.01477617397904396
22025,0.013895315118134022
22026,0.016637885943055153
22027,0.019174616783857346
22028,0.018016498535871506
22029,0.01506330631673336
22030,0.013668099418282509
22031,0.01647283136844635
22032,0.019487861543893814
22033,0.01873108744621277
22034,0.01574823632836342
22035,0.013937549665570259
22036,0.016399819403886795
22037,0.01945113018155098
22038,0.01882549189031124
22039,0.01587577722966671
22040,0.013980504125356674
22041,0.016353607177734375
22042,0.019427582621574402
22043,0.01873723417520523
22044,0.015582127496600151
22045,0.013586354441940784
22046,0.01607806608080864
22047,0.019396305084228516
22048,0.01887723244726658
22049,0.015636377036571503
22050,0.013404604978859425
22051,0.015796838328242302
22052,0.019288519397377968
22053,0.01906433515250683
22054,0.01592744141817093
22055,0.013474592939019203
22056,0.015596957877278328
22057,0.01909453794360161
22058,0.01905401423573494
22059,0.01598403975367546
22060,0.013381597585976124
22061,0.01533297635614872
22062,0.01889759674668312
22063,0.019081927835941315
22064,0.01607612334191799
22065,0.01326688565313816
22066,0.01501030195504427
22067,0.0186743326485157
22068,0.019192920997738838
22069,0.016379524022340775
22070,0.013352432288229465
22071,0.014757907018065453
22072,0.0184136051684618
22073,0.0191933773458004
22074,0.016522303223609924
22075,0.013300944119691849
22076,0.014441478997468948
22077,0.01815480925142765
22078,0.019289055839180946
22079,0.016863306984305382
22080,0.013432597741484642
22081,0.0141989067196846
22082,0.017875343561172485
22083,0.019288141280412674
22084,0.017051737755537033
22085,0.01343133207410574
22086,0.013901240192353725
22087,0.01761108823120594
22088,0.01941627264022827
22089,0.017539989203214645
22090,0.013753123581409454
22091,0.01377762109041214
22092,0.017349326983094215
22093,0.0193119365721941
22094,0.01749548688530922
22095,0.013539477251470089
22096,0.01347376499325037
22097,0.01734349876642227
22098,0.020187245681881905
22099,0.019570812582969666
22100,0.015946093946695328
22101,0.015414596535265446
22102,0.019312798976898193
22103,0.022554893046617508
22104,0.0224800743162632
22105,0.02236142009496689
22106,0.030394311994314194
22107,0.04816838353872299
22108,0.07519403845071793
22109,0.10638648271560669
22110,0.13270457088947296
22111,0.1394537389278412
22112,0.13711275160312653
22113,0.10394996404647827
22114,0.05616962909698486
22115,0.021561283618211746
22116,0.01627541147172451
22117,0.03189792484045029
22118,0.047825101763010025
22119,0.049862779676914215
22120,0.04265462979674339
22121,0.037310242652893066
22122,0.0335192009806633
22123,0.029889939352869987
22124,0.02387213706970215
22125,0.02106596529483795
22126,0.028736520558595657
22127,0.03846042603254318
22128,0.039497293531894684
22129,0.02760200947523117
22130,0.01468394324183464
22131,0.016604596748948097
22132,0.029398374259471893
22133,0.037174567580223083
22134,0.03159468621015549
22135,0.018998144194483757
22136,0.015888722613453865
22137,0.02329949475824833
22138,0.02882618084549904
22139,0.027164388447999954
22140,0.021024079993367195
22141,0.020022829994559288
22142,0.022894253954291344
22143,0.022396385669708252
22144,0.020141921937465668
22145,0.019215330481529236
22146,0.022272953763604164
22147,0.02349323220551014
22148,0.019243232905864716
22149,0.015832098200917244
22150,0.017479047179222107
22151,0.02274412475526333
22152,0.023000173270702362
22153,0.01738954521715641
22154,0.01429658941924572
22155,0.017341487109661102
22156,0.022662682458758354
22157,0.021728841587901115
22158,0.01604953408241272
22159,0.014113345183432102
22160,0.01779916137456894
22161,0.022033343091607094
22162,0.02005763351917267
22163,0.015083064325153828
22164,0.01448285672813654
22165,0.018225375562906265
22166,0.02091754972934723
22167,0.018162760883569717
22168,0.014146792702376842
22169,0.01458052359521389
22170,0.018071457743644714
22171,0.01957601308822632
22172,0.016574176028370857
22173,0.013350598514080048
22174,0.014152005314826965
22175,0.017165111377835274
22176,0.01808585226535797
22177,0.015434575267136097
22178,0.01293679978698492
22179,0.013684535399079323
22180,0.016049079596996307
22181,0.016687605530023575
22182,0.014650840312242508
22183,0.012805910781025887
22184,0.013372009620070457
22185,0.015114367008209229
22186,0.015602643601596355
22187,0.01414602342993021
22188,0.012775463052093983
22189,0.013133376836776733
22190,0.014386634342372417
22191,0.014804938808083534
22192,0.013804050162434578
22193,0.012729582376778126
22194,0.01285484991967678
22195,0.013746241107583046
22196,0.014185791835188866
22197,0.013578374870121479
22198,0.012717392295598984
22199,0.012611296959221363
22200,0.013188240118324757
22201,0.013659359887242317
22202,0.013402961194515228
22203,0.012768765911459923
22204,0.012515174224972725
22205,0.01280662976205349
22206,0.013235026970505714
22207,0.013236108236014843
22208,0.012825433164834976
22209,0.012504727579653263
22210,0.012554763816297054
22211,0.012881558388471603
22212,0.013049923814833164
22213,0.012854862958192825
22214,0.012540939263999462
22215,0.012400556355714798
22216,0.012584136798977852
22217,0.012835508212447166
22218,0.012852699495851994
22219,0.01264902763068676
22220,0.012397436425089836
22221,0.01239330880343914
22222,0.01260447595268488
22223,0.012750622816383839
22224,0.01268722489476204
22225,0.012428207322955132
22226,0.012290514074265957
22227,0.01241012942045927
22228,0.01261356845498085
22229,0.012708162888884544
22230,0.012524517253041267
22231,0.012299461290240288
22232,0.012281951494514942
22233,0.012407844886183739
22234,0.012517731636762619
22235,0.012432924471795559
22236,0.012299733236432076
22237,0.012316538020968437
22238,0.012515191920101643
22239,0.012849454768002033
22240,0.012981032021343708
22241,0.012944789603352547
22242,0.013127350248396397
22243,0.013623030856251717
22244,0.014571450650691986
22245,0.016581587493419647
22246,0.020671909675002098
22247,0.028032144531607628
22248,0.04159477353096008
22249,0.06433938443660736
22250,0.09648320078849792
22251,0.13158400356769562
22252,0.17376160621643066
22253,0.19038106501102448
22254,0.17351146042346954
22255,0.10607734322547913
22256,0.040294766426086426
22257,0.014797543175518513
22258,0.0393422469496727
22259,0.079459048807621
22260,0.08732440322637558
22261,0.06126993149518967
22262,0.024972494691610336
22263,0.015036024153232574
22264,0.03300722315907478
22265,0.04780993610620499
22266,0.040684036910533905
22267,0.022210178896784782
22268,0.013125109486281872
22269,0.019506357610225677
22270,0.02732326276600361
22271,0.0254200492054224
22272,0.018436331301927567
22273,0.014050129801034927
22274,0.01577325537800789
22275,0.018039612099528313
22276,0.01704971306025982
22277,0.015359770506620407
22278,0.015040101483464241
22279,0.01636240817606449
22280,0.015444944612681866
22281,0.01323232613503933
22282,0.013141060248017311
22283,0.014900489710271358
22284,0.016689741984009743
22285,0.015044630505144596
22286,0.012769319117069244
22287,0.013110105879604816
22288,0.014997309073805809
22289,0.016561569646000862
22290,0.014769250527024269
22291,0.01319376565515995
22292,0.014304138720035553
22293,0.016297513619065285
22294,0.01723206788301468
22295,0.014523044228553772
22296,0.013103557750582695
22297,0.015353430062532425
22298,0.018252745270729065
22299,0.01902851276099682
22300,0.014934585429728031
22301,0.012663093395531178
22302,0.015569424256682396
22303,0.019741162657737732
22304,0.021244291216135025
22305,0.016132496297359467
22306,0.012382700107991695
22307,0.015074711292982101
22308,0.020258896052837372
22309,0.022969670593738556
22310,0.017486335709691048
22311,0.01242244616150856
22312,0.014512546360492706
22313,0.020168377086520195
22314,0.023880943655967712
22315,0.01842445693910122
22316,0.012589392252266407
22317,0.014176124706864357
22318,0.019977541640400887
22319,0.024326320737600327
22320,0.018937941640615463
22321,0.01269462425261736
22322,0.014043785631656647
22323,0.019988276064395905
22324,0.024709921330213547
22325,0.01917983777821064
22326,0.012678051367402077
22327,0.014123580418527126
22328,0.020435277372598648
22329,0.025543231517076492
22330,0.019633645191788673
22331,0.012665529735386372
22332,0.014234926551580429
22333,0.021039403975009918
22334,0.026661694049835205
22335,0.020304260775446892
22336,0.012698104605078697
22337,0.014315465465188026
22338,0.02164461463689804
22339,0.027849221602082253
22340,0.0210433267056942
22341,0.012741989456117153
22342,0.014382078312337399
22343,0.02228429540991783
22344,0.02914826199412346
22345,0.021858710795640945
22346,0.012807714752852917
22347,0.014497349970042706
22348,0.023046176880598068
22349,0.03062468394637108
22350,0.0227595753967762
22351,0.01289336010813713
22352,0.014680281281471252
22353,0.023977747187018394
22354,0.03232342749834061
22355,0.02372676134109497
22356,0.012965364381670952
22357,0.014977598562836647
22358,0.02521435171365738
22359,0.03438352420926094
22360,0.024784769862890244
22361,0.012996582314372063
22362,0.015447128564119339
22363,0.026909910142421722
22364,0.036968354135751724
22365,0.025976669043302536
22366,0.012966932728886604
22367,0.01616588793694973
22368,0.029261188581585884
22369,0.04029540717601776
22370,0.027377398684620857
22371,0.012893617153167725
22372,0.01725577935576439
22373,0.03249676525592804
22374,0.04455767571926117
22375,0.028982453048229218
22376,0.012785183265805244
22377,0.018984485417604446
22378,0.03706813603639603
22379,0.05005898326635361
22380,0.030697103589773178
22381,0.012657766230404377
22382,0.021902529522776604
22383,0.043802447617053986
22384,0.05724100023508072
22385,0.03224808722734451
22386,0.01261632889509201
22387,0.027157872915267944
22388,0.05407526716589928
22389,0.0664370208978653
22390,0.032935742288827896
22391,0.013171744532883167
22392,0.037126004695892334
22393,0.06977441906929016
22394,0.0768442153930664
22395,0.031103530898690224
22396,0.01634378358721733
22397,0.05673201382160187
22398,0.0924203023314476
22399,0.08401890844106674
22400,0.02450796775519848
22401,0.028923513367772102
22402,0.09365412592887878
22403,0.11721513420343399
22404,0.07528994977474213
22405,0.01590823009610176
22406,0.06657063961029053
22407,0.14675092697143555
22408,0.11834625899791718
22409,0.039082422852516174
22410,0.031249720603227615
22411,0.13409583270549774
22412,0.16376546025276184
22413,0.06214641034603119
22414,0.020709197968244553
22415,0.1001889631152153
22416,0.1505371779203415
22417,0.07276656478643417
22418,0.017581874504685402
22419,0.07793430984020233
22420,0.11950245499610901
22421,0.055080123245716095
22422,0.014200943522155285
22423,0.06209281459450722
22424,0.0782896876335144
22425,0.03376931697130203
22426,0.014522584155201912
22427,0.04309624806046486
22428,0.048110611736774445
22429,0.020226910710334778
22430,0.01797497272491455
22431,0.029163755476474762
22432,0.023352447897195816
22433,0.014261003583669662
22434,0.02051885798573494
22435,0.021348483860492706
22436,0.013368274085223675
22437,0.015098651871085167
22438,0.02090076170861721
22439,0.019034840166568756
22440,0.013833814300596714
22441,0.01978103630244732
22442,0.022981759160757065
22443,0.017163747921586037
22444,0.01632225327193737
22445,0.022527724504470825
22446,0.023793242871761322
22447,0.015799421817064285
22448,0.015115766786038876
22449,0.022152425721287727
22450,0.023080643266439438
22451,0.015995342284440994
22452,0.012575967237353325
22453,0.017738940194249153
22454,0.020226649940013885
22455,0.01629176363348961
22456,0.012684964574873447
22457,0.013801268301904202
22458,0.015640636906027794
22459,0.014684074558317661
22460,0.013333523645997047
22461,0.012734251096844673
22462,0.012811264023184776
22463,0.012775546871125698
22464,0.012833819724619389
22465,0.01272314041852951
22466,0.012276935391128063
22467,0.012156291864812374
22468,0.012309218756854534
22469,0.012549551203846931
22470,0.01252078078687191
22471,0.012648510746657848
22472,0.01254871767014265
22473,0.01236962340772152
22474,0.01256579253822565
22475,0.012984284199774265
22476,0.01328374445438385
22477,0.012688932940363884
22478,0.012239416129887104
22479,0.012720189057290554
22480,0.01347127091139555
22481,0.01344231329858303
22482,0.01241293828934431
22483,0.012043938040733337
22484,0.012770823203027248
22485,0.0134388767182827
22486,0.013069654814898968
22487,0.012106519192457199
22488,0.012029323726892471
22489,0.012692605145275593
22490,0.013029899448156357
22491,0.012568618170917034
22492,0.011930670589208603
22493,0.012054132297635078
22494,0.012543476186692715
22495,0.012643592432141304
22496,0.01222845446318388
22497,0.011846319772303104
22498,0.012012957595288754
22499,0.012339032255113125
22500,0.012344819493591785
22501,0.012034003622829914
22502,0.011798478662967682
22503,0.011908410117030144
22504,0.012094922363758087
22505,0.012087694369256496
22506,0.011899874545633793
22507,0.011760256253182888
22508,0.011827925220131874
22509,0.011951100081205368
22510,0.011953542940318584
22511,0.011831340380012989
22512,0.011725187301635742
22513,0.01174725592136383
22514,0.01182336825877428
22515,0.011839242652058601
22516,0.011772049590945244
22517,0.011696182191371918
22518,0.011697878129780293
22519,0.01175321638584137
22520,0.011778764426708221
22521,0.011739044450223446
22522,0.011675462126731873
22523,0.011653590947389603
22524,0.011677506379783154
22525,0.011710111983120441
22526,0.011725550517439842
22527,0.011737436056137085
22528,0.011806794442236423
22529,0.011982612311840057
22530,0.012245021760463715
22531,0.012627916410565376
22532,0.013335160911083221
22533,0.014700659550726414
22534,0.017391271889209747
22535,0.022410046309232712
22536,0.03187482804059982
22537,0.04837922006845474
22538,0.07587532699108124
22539,0.11026531457901001
22540,0.1368815004825592
22541,0.12401725351810455
22542,0.07279416173696518
22543,0.023580333217978477
22544,0.017416978254914284
22545,0.04383913800120354
22546,0.06053850054740906
22547,0.04800821840763092
22548,0.025322675704956055
22549,0.019024038687348366
22550,0.026373106986284256
22551,0.029964296147227287
22552,0.026315419003367424
22553,0.021506277844309807
22554,0.021994462236762047
22555,0.020649436861276627
22556,0.01660975068807602
22557,0.017586132511496544
22558,0.02185656875371933
22559,0.022559497505426407
22560,0.015309086069464684
22561,0.01280685793608427
22562,0.019752472639083862
22563,0.024382155388593674
22564,0.01988905668258667
22565,0.012407448142766953
22566,0.016682706773281097
22567,0.025144070386886597
22568,0.024176131933927536
22569,0.016260601580142975
22570,0.013456138782203197
22571,0.02265358343720436
22572,0.027947962284088135
22573,0.021143827587366104
22574,0.013844766654074192
22575,0.016703106462955475
22576,0.025905786082148552
22577,0.025636641308665276
22578,0.017090972512960434
22579,0.013995520770549774
22580,0.019474342465400696
22581,0.024209940806031227
22582,0.02004936710000038
22583,0.014408187940716743
22584,0.015356849879026413
22585,0.019539181143045425
22586,0.01954750530421734
22587,0.01517699845135212
22588,0.013566105626523495
22589,0.016119811683893204
22590,0.017436139285564423
22591,0.015016965568065643
22592,0.012580585666000843
22593,0.013575317338109016
22594,0.01562645472586155
22595,0.014898625202476978
22596,0.012474541552364826
22597,0.011875028721988201
22598,0.013448670506477356
22599,0.014371577650308609
22600,0.01312177162617445
22601,0.011696464382112026
22602,0.01198535691946745
22603,0.013069791719317436
22604,0.01315392181277275
22605,0.012179048731923103
22606,0.011725923046469688
22607,0.012238824740052223
22608,0.01265022438019514
22609,0.012296758592128754
22610,0.011740145273506641
22611,0.011874466203153133
22612,0.01235615648329258
22613,0.01235523447394371
22614,0.011849621310830116
22615,0.011529396288096905
22616,0.011864949949085712
22617,0.012293299660086632
22618,0.012181561440229416
22619,0.011696061119437218
22620,0.011449942365288734
22621,0.01174970529973507
22622,0.012102106586098671
22623,0.012026119977235794
22624,0.011660098098218441
22625,0.011453429237008095
22626,0.011648258194327354
22627,0.011903796344995499
22628,0.0118641322478652
22629,0.011608610861003399
22630,0.011446339078247547
22631,0.011581928469240665
22632,0.01177927479147911
22633,0.011753601022064686
22634,0.011544959619641304
22635,0.011389201506972313
22636,0.01149001158773899
22637,0.01168285496532917
22638,0.011703438125550747
22639,0.011530572548508644
22640,0.01134386658668518
22641,0.011380523443222046
22642,0.011564670130610466
22643,0.011651312932372093
22644,0.011546419933438301
22645,0.011346844024956226
22646,0.011309126392006874
22647,0.011453613638877869
22648,0.01158218178898096
22649,0.011553150601685047
22650,0.01136509794741869
22651,0.011265186592936516
22652,0.0113584715873003
22653,0.011505192145705223
22654,0.01154672633856535
22655,0.011389308609068394
22656,0.011242667213082314
22657,0.011273465119302273
22658,0.011402856558561325
22659,0.01148875430226326
22660,0.011380868963897228
22661,0.011230472475290298
22662,0.011219254694879055
22663,0.01131238043308258
22664,0.011402604170143604
22665,0.011331775225698948
22666,0.011204458773136139
22667,0.011183169670403004
22668,0.01125167217105627
22669,0.011333349160850048
22670,0.011279922910034657
22671,0.011173580773174763
22672,0.011155492626130581
22673,0.011211812496185303
22674,0.01128462329506874
22675,0.01123773492872715
22676,0.011144059710204601
22677,0.011129607446491718
22678,0.011178059503436089
22679,0.011240631341934204
22680,0.011194766499102116
22681,0.011112187057733536
22682,0.011106005869805813
22683,0.011158771812915802
22684,0.011226290836930275
22685,0.011180038563907146
22686,0.011090843006968498
22687,0.011077018454670906
22688,0.011123163625597954
22689,0.011190189979970455
22690,0.011151112616062164
22691,0.011066443286836147
22692,0.011049589142203331
22693,0.011089972220361233
22694,0.01115739718079567
22695,0.011126472614705563
22696,0.011045940220355988
22697,0.011023911647498608
22698,0.011050152592360973
22699,0.011099910363554955
22700,0.011073322966694832
22701,0.011020200327038765
22702,0.011027786880731583
22703,0.011093680746853352
22704,0.011210243217647076
22705,0.011242340318858624
22706,0.011233326978981495
22707,0.01133724581450224
22708,0.011590022593736649
22709,0.012066165916621685
22710,0.012996898964047432
22711,0.014896434731781483
22712,0.0185541994869709
22713,0.02554170973598957
22714,0.038417719304561615
22715,0.05955827236175537
22716,0.09132494032382965
22717,0.13522732257843018
22718,0.1771901547908783
22719,0.19187210500240326
22720,0.15208762884140015
22721,0.07683766633272171
22722,0.01917090266942978
22723,0.021259356290102005
22724,0.06416970491409302
22725,0.09189777076244354
22726,0.07521739602088928
22727,0.03293661028146744
22728,0.012417330406606197
22729,0.02881021983921528
22730,0.05086296796798706
22731,0.04749792441725731
22732,0.025390617549419403
22733,0.011928287334740162
22734,0.019599229097366333
22735,0.031459759920835495
22736,0.029290592297911644
22737,0.017984703183174133
22738,0.011788012459874153
22739,0.01642044074833393
22740,0.02220386639237404
22741,0.02028653584420681
22742,0.01454995945096016
22743,0.012349424883723259
22744,0.015154827386140823
22745,0.017026975750923157
22746,0.015242368914186954
22747,0.01311689056456089
22748,0.013186988420784473
22749,0.014741338789463043
22750,0.014336314052343369
22751,0.012760646641254425
22752,0.012653963640332222
22753,0.013940840028226376
22754,0.014925550669431686
22755,0.013277851045131683
22756,0.011662809178233147
22757,0.01250894833356142
22758,0.014530735090374947
22759,0.015356289222836494
22760,0.01304677315056324
22761,0.011261433362960815
22762,0.012466398067772388
22763,0.014777865260839462
22764,0.015659911558032036
22765,0.013166427612304688
22766,0.01126090344041586
22767,0.01252458244562149
22768,0.01489028800278902
22769,0.015886658802628517
22770,0.013355711475014687
22771,0.011383919976651669
22772,0.012668660841882229
22773,0.015048504807054996
22774,0.01605379953980446
22775,0.013410789892077446
22776,0.011450041085481644
22777,0.012902696616947651
22778,0.015383041463792324
22779,0.01633642427623272
22780,0.013435443863272667
22781,0.011431463994085789
22782,0.0131562864407897
22783,0.015940967947244644
22784,0.016976190730929375
22785,0.013663708232343197
22786,0.011328219436109066
22787,0.013250996358692646
22788,0.01650374010205269
22789,0.01786593347787857
22790,0.014123572036623955
22791,0.011220625601708889
22792,0.013165214098989964
22793,0.01693066582083702
22794,0.01883469708263874
22795,0.014780517667531967
22796,0.011178159154951572
22797,0.012923218309879303
22798,0.01710851863026619
22799,0.01966695860028267
22800,0.01548159122467041
22801,0.011212687008082867
22802,0.012643318623304367
22803,0.017091011628508568
22804,0.020258769392967224
22805,0.01607459783554077
22806,0.011285124346613884
22807,0.012410808354616165
22808,0.0169973224401474
22809,0.02065202035009861
22810,0.016500739380717278
22811,0.011347929015755653
22812,0.012280026450753212
22813,0.016982952132821083
22814,0.02102680504322052
22815,0.016850357875227928
22816,0.011400975286960602
22817,0.012237653136253357
22818,0.01710379123687744
22819,0.021515287458896637
22820,0.017236486077308655
22821,0.01146499440073967
22822,0.012240699492394924
22823,0.0173209086060524
22824,0.022118935361504555
22825,0.017677197232842445
22826,0.011535052210092545
22827,0.0122688552364707
22828,0.017616843804717064
22829,0.02284325286746025
22830,0.01818803884088993
22831,0.01160772331058979
22832,0.012302635237574577
22833,0.0179758183658123
22834,0.02368783950805664
22835,0.018772203475236893
22836,0.011679679155349731
22837,0.012335071340203285
22838,0.018388139083981514
22839,0.024642348289489746
22840,0.019427310675382614
22841,0.011751729995012283
22842,0.012362074106931686
22843,0.0188294630497694
22844,0.02565591037273407
22845,0.02010978013277054
22846,0.01181394886225462
22847,0.012405102141201496
22848,0.019326932728290558
22849,0.0267418771982193
22850,0.020810294896364212
22851,0.0118637103587389
22852,0.01249114703387022
22853,0.01994572952389717
22854,0.027991481125354767
22855,0.02158506028354168
22856,0.011917569674551487
22857,0.012632609345018864
22858,0.020727083086967468
22859,0.029468853026628494
22860,0.02246355637907982
22861,0.011978012509644032
22862,0.01285078376531601
22863,0.0217377170920372
22864,0.03127282112836838
22865,0.023499928414821625
22866,0.012051867321133614
22867,0.013159258291125298
22868,0.023035302758216858
22869,0.033493608236312866
22870,0.024730119854211807
22871,0.01213444396853447
22872,0.013587355613708496
22873,0.024714522063732147
22874,0.03624929487705231
22875,0.02617034688591957
22876,0.012197737582027912
22877,0.014206846244633198
22878,0.026973754167556763
22879,0.03975606709718704
22880,0.02786344662308693
22881,0.012207807041704655
22882,0.015129626728594303
22883,0.030096422880887985
22884,0.04428458213806152
22885,0.029804496094584465
22886,0.012109530158340931
22887,0.016613412648439407
22888,0.034624338150024414
22889,0.050300054252147675
22890,0.03199305757880211
22891,0.0118864756077528
22892,0.019174445420503616
22893,0.04142337292432785
22894,0.05832616612315178
22895,0.03418371081352234
22896,0.011581175029277802
22897,0.02397993579506874
22898,0.05211633816361427
22899,0.06900472939014435
22900,0.03568224981427193
22901,0.01160507369786501
22902,0.03367910534143448
22903,0.06936776638031006
22904,0.08212831616401672
22905,0.03456471115350723
22906,0.013928957283496857
22907,0.05423266813158989
22908,0.09611545503139496
22909,0.0932580977678299
22910,0.02737616002559662
22911,0.026433005928993225
22912,0.09660261124372482
22913,0.12825173139572144
22914,0.0860409066081047
22915,0.015844780951738358
22916,0.07077078521251678
22917,0.16359639167785645
22918,0.1318383812904358
22919,0.0412910096347332
22920,0.03457606956362724
22921,0.15658608078956604
22922,0.18558570742607117
22923,0.06134118139743805
22924,0.024814380332827568
22925,0.12478509545326233
22926,0.16505348682403564
22927,0.06504584103822708
22928,0.021848855540156364
22929,0.10064756125211716
22930,0.1272740662097931
22931,0.04262959584593773
22932,0.021072756499052048
22933,0.08233295381069183
22934,0.07467696070671082
22935,0.021804828196763992
22936,0.020388882607221603
22937,0.05054585635662079
22938,0.039879702031612396
22939,0.015060261823236942
22940,0.024057362228631973
22941,0.027475664392113686
22942,0.016541527584195137
22943,0.017132854089140892
22944,0.02661764621734619
22945,0.01720353588461876
22946,0.012708528898656368
22947,0.02371606044471264
22948,0.024531833827495575
22949,0.016599958762526512
22950,0.0175727941095829
22951,0.02733861282467842
22952,0.02281767502427101
22953,0.016658974811434746
22954,0.0226835235953331
22955,0.026749078184366226
22956,0.019231917336583138
22957,0.013826556503772736
22958,0.021682290360331535
22959,0.024954505264759064
22960,0.017289243638515472
22961,0.01163800060749054
22962,0.015590470284223557
22963,0.019907822832465172
22964,0.017230024561285973
22965,0.012920868583023548
22966,0.011924481019377708
22967,0.013678105548024178
22968,0.014874352142214775
22969,0.01499892771244049
22970,0.013084394857287407
22971,0.011283950880169868
22972,0.012273912318050861
22973,0.014274783432483673
22974,0.014802703633904457
22975,0.013060972094535828
22976,0.012569082900881767
22977,0.012998628430068493
22978,0.013583742082118988
22979,0.014434244483709335
22980,0.014575005508959293
22981,0.013748575001955032
22982,0.012139194644987583
22983,0.012675287202000618
22984,0.014796458184719086
22985,0.01504376158118248
22986,0.012954425066709518
22987,0.011206456460058689
22988,0.012344449758529663
22989,0.014192275702953339
22990,0.013930484652519226
22991,0.011982746422290802
22992,0.010958175174891949
22993,0.011914816685020924
22994,0.012903424911201
22995,0.01255334448069334
22996,0.011424168013036251
22997,0.01096278429031372
22998,0.011419878341257572
22999,0.011782057583332062
23000,0.011617775075137615
23001,0.011146397329866886
23002,0.01089464407414198
23003,0.011048618704080582
23004,0.011229751631617546
23005,0.011207475326955318
23006,0.010991525836288929
23007,0.01081780157983303
23008,0.010899864137172699
23009,0.011050891131162643
23010,0.011076790280640125
23011,0.010977242141962051
23012,0.010833869688212872
23013,0.010858844965696335
23014,0.011008045636117458
23015,0.011091065593063831
23016,0.011028687469661236
23017,0.010836122557520866
23018,0.010795501060783863
23019,0.01096568163484335
23020,0.011118330992758274
23021,0.011072848923504353
23022,0.010824785567820072
23023,0.010710539296269417
23024,0.010852734558284283
23025,0.011044817045331001
23026,0.011043483391404152
23027,0.010806611739099026
23028,0.010666065849363804
23029,0.010773519985377789
23030,0.010956306010484695
23031,0.010973526164889336
23032,0.010773589834570885
23033,0.010644243098795414
23034,0.0107320761308074
23035,0.010887593030929565
23036,0.010902819223701954
23037,0.010735929943621159
23038,0.010610559023916721
23039,0.010663439519703388
23040,0.010792174376547337
23041,0.010821826756000519
23042,0.010700373910367489
23043,0.010582425631582737
23044,0.010594003833830357
23045,0.010687327943742275
23046,0.01073073036968708
23047,0.01066113542765379
23048,0.010568313300609589
23049,0.010556758381426334
23050,0.010614361613988876
23051,0.010655468329787254
23052,0.010621176101267338
23053,0.01054745726287365
23054,0.010509840212762356
23055,0.010533660650253296
23056,0.010578244924545288
23057,0.010588906705379486
23058,0.01056651957333088
23059,0.010556839406490326
23060,0.01057986170053482
23061,0.010631580837070942
23062,0.010700136423110962
23063,0.010781824588775635
23064,0.010920971632003784
23065,0.011231101118028164
23066,0.011854107491672039
23067,0.012970605865120888
23068,0.014977646991610527
23069,0.01854671537876129
23070,0.02447815239429474
23071,0.03408963978290558
23072,0.05000186711549759
23073,0.0719292089343071
23074,0.09717249870300293
23075,0.10856637358665466
23076,0.0947980210185051
23077,0.05714333802461624
23078,0.021364877000451088
23079,0.013627000153064728
23080,0.03010581061244011
23081,0.046436600387096405
23082,0.04597504436969757
23083,0.030744820833206177
23084,0.017343349754810333
23085,0.015262046828866005
23086,0.02096794731914997
23087,0.025963708758354187
23088,0.024755923077464104
23089,0.01932087540626526
23090,0.014116824604570866
23091,0.013030282221734524
23092,0.01629066653549671
23093,0.019194461405277252
23094,0.018333574756979942
23095,0.01361319050192833
23096,0.010790812782943249
23097,0.013091282919049263
23098,0.016639094799757004
23099,0.016873786225914955
23100,0.01295489352196455
23101,0.011182235553860664
23102,0.013555382378399372
23103,0.01588227041065693
23104,0.015079393982887268
23105,0.012261333875358105
23106,0.012918313965201378
23107,0.015606682747602463
23108,0.01582452654838562
23109,0.013490061275660992
23110,0.011932885274291039
23111,0.01477610133588314
23112,0.017468448728322983
23113,0.015827640891075134
23114,0.012370303273200989
23115,0.011811555363237858
23116,0.015926165506243706
23117,0.018338309600949287
23118,0.015561077743768692
23119,0.011632932350039482
23120,0.011748522520065308
23121,0.01624787040054798
23122,0.018223391845822334
23123,0.015020478516817093
23124,0.011165047995746136
23125,0.011601717211306095
23126,0.015813274309039116
23127,0.017377367243170738
23128,0.014324468560516834
23129,0.010903128422796726
23130,0.011351136490702629
23131,0.014862457290291786
23132,0.016132544726133347
23133,0.013622799888253212
23134,0.010796408168971539
23135,0.011032494716346264
23136,0.013703860342502594
23137,0.014824047684669495
23138,0.013029979541897774
23139,0.010779487900435925
23140,0.010703605599701405
23141,0.012589354068040848
23142,0.013637167401611805
23143,0.012543698772788048
23144,0.010814324952661991
23145,0.010454079136252403
23146,0.011670351028442383
23147,0.012638582848012447
23148,0.012139198370277882
23149,0.010888375341892242
23150,0.010330223478376865
23151,0.01099790446460247
23152,0.011844281107187271
23153,0.011792419478297234
23154,0.010974123142659664
23155,0.010325074195861816
23156,0.010568290948867798
23157,0.011247305199503899
23158,0.011480307206511497
23159,0.011033421382308006
23160,0.01039688941091299
23161,0.010338871739804745
23162,0.010822640731930733
23163,0.011192917823791504
23164,0.011040935292840004
23165,0.010490106418728828
23166,0.010245377197861671
23167,0.010540795512497425
23168,0.010938231833279133
23169,0.010991457849740982
23170,0.010558164678514004
23171,0.010222140699625015
23172,0.010364802554249763
23173,0.010722585022449493
23174,0.010892310179769993
23175,0.01057297084480524
23176,0.010218920186161995
23177,0.010263694450259209
23178,0.010557321831583977
23179,0.01077023334801197
23180,0.01053616777062416
23181,0.010206877253949642
23182,0.010207734070718288
23183,0.010445194318890572
23184,0.010657747276127338
23185,0.010472789406776428
23186,0.010181115940213203
23187,0.010175500065088272
23188,0.010380337946116924
23189,0.010580245405435562
23190,0.010414914228022099
23191,0.010151038877665997
23192,0.010153683833777905
23193,0.010348285548388958
23194,0.01054436806589365
23195,0.01038361992686987
23196,0.010126565583050251
23197,0.01013103686273098
23198,0.010324226692318916
23199,0.010529902763664722
23200,0.010374171659350395
23201,0.010109351947903633
23202,0.01010211929678917
23203,0.010288715362548828
23204,0.01050802506506443
23205,0.010367223992943764
23206,0.01009636465460062
23207,0.010069393552839756
23208,0.010236906819045544
23209,0.010460088960826397
23210,0.01034139096736908
23211,0.010079917497932911
23212,0.010040055960416794
23213,0.01018313504755497
23214,0.010395379737019539
23215,0.010293800383806229
23216,0.010054273530840874
23217,0.0100173931568861
23218,0.010147671215236187
23219,0.010350897908210754
23220,0.010257734917104244
23221,0.010031445883214474
23222,0.009995264932513237
23223,0.01011486817151308
23224,0.010310845449566841
23225,0.010225559584796429
23226,0.010010524652898312
23227,0.009974413551390171
23228,0.010086734779179096
23229,0.010284677147865295
23230,0.010214933194220066
23231,0.01000932790338993
23232,0.009968585334718227
23233,0.010062944144010544
23234,0.010243133641779423
23235,0.010221361182630062
23236,0.01015434693545103
23237,0.010330632328987122
23238,0.010812648572027683
23239,0.011738544330000877
23240,0.012932520359754562
23241,0.01496614795178175
23242,0.01930982619524002
23243,0.02781318500638008
23244,0.044037677347660065
23245,0.07301349937915802
23246,0.12097784876823425
23247,0.18527525663375854
23248,0.24379447102546692
23249,0.24663668870925903
23250,0.16298940777778625
23251,0.05142761394381523
23252,0.0148693285882473
23253,0.06605318188667297
23254,0.12072974443435669
23255,0.10598770529031754
23256,0.0409889817237854
23257,0.01736448146402836
23258,0.05088663101196289
23259,0.07705313712358475
23260,0.04873029887676239
23261,0.014328372664749622
23262,0.022198079153895378
23263,0.047407105565071106
23264,0.043283648788928986
23265,0.017334463074803352
23266,0.013708900660276413
23267,0.032594114542007446
23268,0.03768368065357208
23269,0.022296397015452385
23270,0.011922361329197884
23271,0.02206055074930191
23272,0.03139440715312958
23273,0.024734489619731903
23274,0.015323872677981853
23275,0.01653885841369629
23276,0.02406023070216179
23277,0.024332720786333084
23278,0.019345810636878014
23279,0.01823584735393524
23280,0.019132044166326523
23281,0.020096536725759506
23282,0.020760901272296906
23283,0.02195322886109352
23284,0.021388361230492592
23285,0.015968136489391327
23286,0.016334041953086853
23287,0.022963061928749084
23288,0.025993812829256058
23289,0.019716106355190277
23290,0.011813638731837273
23291,0.017052801325917244
23292,0.02751067653298378
23293,0.026954801753163338
23294,0.016548573970794678
23295,0.010495985858142376
23296,0.019586175680160522
23297,0.0292956605553627
23298,0.025786861777305603
23299,0.015080382116138935
23300,0.011363876052200794
23301,0.02050560712814331
23302,0.028175894170999527
23303,0.02444860339164734
23304,0.015247669070959091
23305,0.012130110524594784
23306,0.019537683576345444
23307,0.025958552956581116
23308,0.023268137127161026
23309,0.01527550257742405
23310,0.011925801634788513
23311,0.018021898344159126
23312,0.02404075488448143
23313,0.022197358310222626
23314,0.014902384020388126
23315,0.011291737668216228
23316,0.01650361344218254
23317,0.022335287183523178
23318,0.02103206142783165
23319,0.014367712661623955
23320,0.010667920112609863
23321,0.015134895220398903
23322,0.020717261359095573
23323,0.019792567938566208
23324,0.013798560947179794
23325,0.010242415592074394
23326,0.01402610819786787
23327,0.019133146852254868
23328,0.01858203485608101
23329,0.013455264270305634
23330,0.01015684474259615
23331,0.013074583373963833
23332,0.017513267695903778
23333,0.01756587065756321
23334,0.013532198965549469
23335,0.010318477638065815
23336,0.012118913233280182
23337,0.015952786430716515
23338,0.01683013141155243
23339,0.01386507973074913
23340,0.010531513951718807
23341,0.011257216334342957
23342,0.01466379500925541
23343,0.016268618404865265
23344,0.014162148348987103
23345,0.010722396895289421
23346,0.010656081140041351
23347,0.013728504069149494
23348,0.015797920525074005
23349,0.014380653388798237
23350,0.010949252173304558
23351,0.01031438261270523
23352,0.013053362257778645
23353,0.015405114740133286
23354,0.014616711065173149
23355,0.011261679232120514
23356,0.010133331641554832
23357,0.012522608041763306
23358,0.015092315152287483
23359,0.014918457716703415
23360,0.011647538281977177
23361,0.010043513029813766
23362,0.012095587328076363
23363,0.014848928898572922
23364,0.015231698751449585
23365,0.01202977541834116
23366,0.01001966092735529
23367,0.01180617418140173
23368,0.01470097340643406
23369,0.015515385195612907
23370,0.01234699971973896
23371,0.010042671114206314
23372,0.011681313626468182
23373,0.014687078073620796
23374,0.015797313302755356
23375,0.012613624334335327
23376,0.010104537010192871
23377,0.011696252971887589
23378,0.01480812020599842
23379,0.016138507053256035
23380,0.012901151552796364
23381,0.010207274928689003
23382,0.0117869907990098
23383,0.015019586309790611
23384,0.016571898013353348
23385,0.013263678178191185
23386,0.010340314358472824
23387,0.0118890181183815
23388,0.015279200859367847
23389,0.017098205164074898
23390,0.013693142682313919
23391,0.010463433340191841
23392,0.011973429471254349
23393,0.015600048005580902
23394,0.017728403210639954
23395,0.014142248779535294
23396,0.010520103387534618
23397,0.012057166546583176
23398,0.01606173813343048
23399,0.018524285405874252
23400,0.014597024768590927
23401,0.010483910329639912
23402,0.012167195789515972
23403,0.0167185477912426
23404,0.019526692107319832
23405,0.015071675181388855
23406,0.010382081381976604
23407,0.01233819592744112
23408,0.017557289451360703
23409,0.020691756159067154
23410,0.015569272451102734
23411,0.010286626406013966
23412,0.01261057797819376
23413,0.018502801656723022
23414,0.021876610815525055
23415,0.01600511372089386
23416,0.010249669663608074
23417,0.013092195615172386
23418,0.019627727568149567
23419,0.023068618029356003
23420,0.016310187056660652
23421,0.010259918868541718
23422,0.013894946314394474
23423,0.02116531878709793
23424,0.024497613310813904
23425,0.016553107649087906
23426,0.01030233595520258
23427,0.015126804821193218
23428,0.02339506521821022
23429,0.02646803855895996
23430,0.016878072172403336
23431,0.01044732891023159
23432,0.016961757093667984
23433,0.02650081180036068
23434,0.02900880016386509
23435,0.01724843680858612
23436,0.010876850225031376
23437,0.01976393721997738
23438,0.03057374432682991
23439,0.03171057999134064
23440,0.017341744154691696
23441,0.01197779830545187
23442,0.024210216477513313
23443,0.035638704895973206
23444,0.03377764672040939
23445,0.016788050532341003
23446,0.014596391469240189
23447,0.03119809180498123
23448,0.04123874381184578
23449,0.03391542285680771
23450,0.01569240726530552
23451,0.02036849595606327
23452,0.04113759845495224
23453,0.04530886933207512
23454,0.030388999730348587
23455,0.01573139615356922
23456,0.0314091220498085
23457,0.05169178172945976
23458,0.043091729283332825
23459,0.023046694695949554
23460,0.021276861429214478
23461,0.04694657400250435
23462,0.054595328867435455
23463,0.030675005167722702
23464,0.01821814477443695
23465,0.03557427227497101
23466,0.05624131113290787
23467,0.04021916538476944
23468,0.01597498543560505
23469,0.025410812348127365
23470,0.0481727309525013
23471,0.04404093697667122
23472,0.017726045101881027
23473,0.015505092218518257
23474,0.03635720908641815
23475,0.04033944010734558
23476,0.020598160102963448
23477,0.010921952314674854
23478,0.02334706485271454
23479,0.030930552631616592
23480,0.02091110683977604
23481,0.011382165364921093
23482,0.015251739881932735
23483,0.020616481080651283
23484,0.01769227162003517
23485,0.01316387765109539
23486,0.012159905396401882
23487,0.013498985208570957
23488,0.013373839668929577
23489,0.013901934027671814
23490,0.013348562642931938
23491,0.010897062718868256
23492,0.010214505717158318
23493,0.01224509533494711
23494,0.014673562720417976
23495,0.012915131635963917
23496,0.010445178486406803
23497,0.010930993594229221
23498,0.012608790770173073
23499,0.014072982594370842
23500,0.013450246304273605
23501,0.012750601395964622
23502,0.011807176284492016
23503,0.011318991892039776
23504,0.013337332755327225
23505,0.014914639294147491
23506,0.01404094509780407
23507,0.011044706217944622
23508,0.01044300477951765
23509,0.013474351726472378
23510,0.015018053352832794
23511,0.012994234450161457
23512,0.01007345411926508
23513,0.010798516683280468
23514,0.0136634586378932
23515,0.013943526893854141
23516,0.011523526161909103
23517,0.009845057502388954
23518,0.011098798364400864
23519,0.013123634271323681
23520,0.012784957885742188
23521,0.010882827453315258
23522,0.009916417300701141
23523,0.010721080005168915
23524,0.012039448134601116
23525,0.01193948369473219
23526,0.010796322487294674
23527,0.010002346709370613
23528,0.010224212892353535
23529,0.011173024773597717
23530,0.011431138962507248
23531,0.010886969044804573
23532,0.010140827856957912
23533,0.010010702535510063
23534,0.010793293826282024
23535,0.01130492240190506
23536,0.011117755435407162
23537,0.010356219485402107
23538,0.009892175905406475
23539,0.010501496493816376
23540,0.0112261101603508
23541,0.01137092150747776
23542,0.01060391217470169
23543,0.009848724119365215
23544,0.010261227376759052
23545,0.011138307861983776
23546,0.011562845669686794
23547,0.010810285806655884
23548,0.009870958514511585
23549,0.010148996487259865
23550,0.011122358962893486
23551,0.011703134514391422
23552,0.010935790836811066
23553,0.009831658564507961
23554,0.009945792146027088
23555,0.010961990803480148
23556,0.011691978201270103
23557,0.01100523117929697
23558,0.009864441119134426
23559,0.009908672422170639
23560,0.010920362547039986
23561,0.011688776314258575
23562,0.011026693508028984
23563,0.009783179499208927
23564,0.009597940370440483
23565,0.010535103268921375
23566,0.011472824960947037
23567,0.011078252457082272
23568,0.010067974217236042
23569,0.010064824484288692
23570,0.011033318005502224
23571,0.011908454820513725
23572,0.011544877663254738
23573,0.010411140508949757
23574,0.010050561279058456
23575,0.011535410769283772
23576,0.014608165249228477
23577,0.018212484195828438
23578,0.02386775054037571
23579,0.034606654196977615
23580,0.04977601021528244
23581,0.06833913922309875
23582,0.09375569224357605
23583,0.11796483397483826
23584,0.13751660287380219
23585,0.1300053894519806
23586,0.09969569742679596
23587,0.04964330047369003
23588,0.015448360703885555
23589,0.014351759105920792
23590,0.03651489317417145
23591,0.056250352412462234
23592,0.0546247661113739
23593,0.03704085946083069
23594,0.016324680298566818
23595,0.010144966654479504
23596,0.017546435818076134
23597,0.027040252462029457
23598,0.028878193348646164
23599,0.021260935813188553
23600,0.013021176680922508
23601,0.010247377678751945
23602,0.013100462034344673
23603,0.01736142300069332
23604,0.018509196117520332
23605,0.015986250713467598
23606,0.01229550875723362
23607,0.010291751474142075
23608,0.01106386911123991
23609,0.013159211724996567
23610,0.01392296887934208
23611,0.012623824179172516
23612,0.010746811516582966
23613,0.009917047806084156
23614,0.010409667156636715
23615,0.01107579842209816
23616,0.011034462600946426
23617,0.010566627606749535
23618,0.010097677819430828
23619,0.009857320226728916
23620,0.009774156846106052
23621,0.009725390933454037
23622,0.00977905374020338
23623,0.009848320856690407
23624,0.0097798528149724
23625,0.00964281801134348
23626,0.00954202190041542
23627,0.009492889046669006
23628,0.009470867924392223
23629,0.009473376907408237
23630,0.009533905424177647
23631,0.009626048617064953
23632,0.009632624685764313
23633,0.009536243043839931
23634,0.00942663848400116
23635,0.009378279559314251
23636,0.009432259015738964
23637,0.009512828662991524
23638,0.009551805444061756
23639,0.009547237306833267
23640,0.009472922421991825
23641,0.009384621866047382
23642,0.009343964047729969
23643,0.009360143914818764
23644,0.009419579058885574
23645,0.009433135390281677
23646,0.009380804374814034
23647,0.00931935478001833
23648,0.009282824583351612
23649,0.009290126152336597
23650,0.009305505082011223
23651,0.009296233765780926
23652,0.009271706454455853
23653,0.009254286997020245
23654,0.009256662800908089
23655,0.009261387400329113
23656,0.00926322489976883
23657,0.009260274469852448
23658,0.00926194991916418
23659,0.009272227063775063
23660,0.009259793907403946
23661,0.009235291741788387
23662,0.00922100618481636
23663,0.009223921224474907
23664,0.009244839660823345
23665,0.009244623593986034
23666,0.009221859276294708
23667,0.009199774824082851
23668,0.009186774492263794
23669,0.00918942503631115
23670,0.009189896285533905
23671,0.00918460451066494
23672,0.00917766522616148
23673,0.009173372760415077
23674,0.009177804924547672
23675,0.009172843769192696
23676,0.009163356386125088
23677,0.00915701687335968
23678,0.009153883904218674
23679,0.00915978942066431
23680,0.009155611507594585
23681,0.009144720621407032
23682,0.009136047214269638
23683,0.009126776829361916
23684,0.00912248995155096
23685,0.009116791188716888
23686,0.009115944616496563
23687,0.0091195497661829
23688,0.009122174233198166
23689,0.00912795402109623
23690,0.009119480848312378
23691,0.009105951525270939
23692,0.009099433198571205
23693,0.009090299718081951
23694,0.009078645147383213
23695,0.009070316329598427
23696,0.009080605581402779
23697,0.009106038138270378
23698,0.00914156436920166
23699,0.009193114936351776
23700,0.00921599380671978
23701,0.009220118634402752
23702,0.009261244907975197
23703,0.009340303018689156
23704,0.009480577893555164
23705,0.009790603071451187
23706,0.010425466112792492
23707,0.011533758603036404
23708,0.013518311083316803
23709,0.01694183424115181
23710,0.021845456212759018
23711,0.028563620522618294
23712,0.0403849259018898
23713,0.05639221519231796
23714,0.0795329213142395
23715,0.09505201876163483
23716,0.1051134318113327
23717,0.09530667215585709
23718,0.07446709275245667
23719,0.04417259991168976
23720,0.021115250885486603
23721,0.013331949710845947
23722,0.020237840712070465
23723,0.03416585922241211
23724,0.04652351140975952
23725,0.05265725404024124
23726,0.04624976962804794
23727,0.035568807274103165
23728,0.01974605768918991
23729,0.011500767432153225
23730,0.014316173270344734
23731,0.02009030431509018
23732,0.021213369444012642
23733,0.017005544155836105
23734,0.01620529592037201
23735,0.021740637719631195
23736,0.027575111016631126
23737,0.03297403082251549
23738,0.03784952312707901
23739,0.04346160963177681
23740,0.040292754769325256
23741,0.026209240779280663
23742,0.01372220367193222
23743,0.010182371363043785
23744,0.015124795958399773
23745,0.021334443241357803
23746,0.02374846674501896
23747,0.023377511650323868
23748,0.020077364519238472
23749,0.015378104522824287
23750,0.011571252718567848
23751,0.009545229375362396
23752,0.009491208009421825
23753,0.010943431407213211
23754,0.012687734328210354
23755,0.01358591765165329
23756,0.013780627399682999
23757,0.013368216343224049
23758,0.012694946490228176
23759,0.011887012980878353
23760,0.010406704619526863
23761,0.009699666872620583
23762,0.01062590628862381
23763,0.012243681587278843
23764,0.013518841937184334
23765,0.012609213590621948
23766,0.010428800247609615
23767,0.009238753467798233
23768,0.009367606602609158
23769,0.010375367477536201
23770,0.010568130761384964
23771,0.009905334562063217
23772,0.009590091183781624
23773,0.0097349276766181
23774,0.010056267492473125
23775,0.009644441306591034
23776,0.009073729626834393
23777,0.009213044308125973
23778,0.009821425192058086
23779,0.010414187796413898
23780,0.009922545403242111
23781,0.009270249865949154
23782,0.00949415098875761
23783,0.01025736890733242
23784,0.01099503692239523
23785,0.0102918716147542
23786,0.009155658073723316
23787,0.009077688679099083
23788,0.009829441085457802
23789,0.010838446207344532
23790,0.01044638641178608
23791,0.009342849254608154
23792,0.009061160497367382
23793,0.009511936455965042
23794,0.010310213081538677
23795,0.01000261027365923
23796,0.009140590205788612
23797,0.008987931534647942
23798,0.009440830908715725
23799,0.010171893052756786
23800,0.009835563600063324
23801,0.009057464078068733
23802,0.009020714089274406
23803,0.00959303230047226
23804,0.010435025207698345
23805,0.010070625692605972
23806,0.009139062836766243
23807,0.008967350237071514
23808,0.00945748295634985
23809,0.01030641794204712
23810,0.0100316246971488
23811,0.009142874740064144
23812,0.008923615328967571
23813,0.009304133243858814
23814,0.01003364659845829
23815,0.009786802344024181
23816,0.009045812301337719
23817,0.008939327672123909
23818,0.009391769766807556
23819,0.010184084996581078
23820,0.009932528249919415
23821,0.009123513475060463
23822,0.008944409899413586
23823,0.009325487539172173
23824,0.010076720267534256
23825,0.009919890202581882
23826,0.009281525388360023
23827,0.009252024814486504
23828,0.009787593968212605
23829,0.010778097435832024
23830,0.010986164212226868
23831,0.010891185142099857
23832,0.011681968346238136
23833,0.013510903343558311
23834,0.01656319387257099
23835,0.020039238035678864
23836,0.024824608117341995
23837,0.03283873200416565
23838,0.044223636388778687
23839,0.0587783120572567
23840,0.07240961492061615
23841,0.08157555758953094
23842,0.08417759090662003
23843,0.07921569049358368
23844,0.07138509303331375
23845,0.05862943455576897
23846,0.04086774215102196
23847,0.03076663240790367
23848,0.02511598914861679
23849,0.02202952280640602
23850,0.02049289271235466
23851,0.016836296766996384
23852,0.013336868025362492
23853,0.01272975280880928
23854,0.014413200318813324
23855,0.018424170091748238
23856,0.022066738456487656
23857,0.02097533643245697
23858,0.016959302127361298
23859,0.013121549040079117
23860,0.01116738561540842
23861,0.014081357046961784
23862,0.018769236281514168
23863,0.02074643038213253
23864,0.01934421807527542
23865,0.01464600209146738
23866,0.012802701443433762
23867,0.015763739123940468
23868,0.01824674755334854
23869,0.017207317054271698
23870,0.011886227875947952
23871,0.009289028123021126
23872,0.012650649063289165
23873,0.017058879137039185
23874,0.017788201570510864
23875,0.012488877400755882
23876,0.009005122818052769
23877,0.012029770761728287
23878,0.017423804849386215
23879,0.01988259144127369
23880,0.014515316113829613
23881,0.009225736372172832
23882,0.010865488089621067
23883,0.01586451195180416
23884,0.01900159940123558
23885,0.014556679874658585
23886,0.009545364417135715
23887,0.010877019725739956
23888,0.015106000006198883
23889,0.017370911315083504
23890,0.012880337424576283
23891,0.008930879645049572
23892,0.011422177776694298
23893,0.01645156927406788
23894,0.019001955166459084
23895,0.013756468892097473
23896,0.009124591015279293
23897,0.011748367920517921
23898,0.017022237181663513
23899,0.019531484693288803
23900,0.013841914013028145
23901,0.009198120795190334
23902,0.012408019043505192
23903,0.018034160137176514
23904,0.020157843828201294
23905,0.013598551042377949
23906,0.00904189795255661
23907,0.013331335037946701
23908,0.01995125599205494
23909,0.022207994014024734
23910,0.014512848109006882
23911,0.009340453892946243
23912,0.014294550754129887
23913,0.021382387727499008
23914,0.02298033982515335
23915,0.014030346646904945
23916,0.009208274073898792
23917,0.015898102894425392
23918,0.02425292879343033
23919,0.025603920221328735
23920,0.01502230204641819
23921,0.009984108619391918
23922,0.018065009266138077
23923,0.026482759043574333
23924,0.025533601641654968
23925,0.013056489638984203
23926,0.010215051472187042
23927,0.022069767117500305
23928,0.03213365375995636
23929,0.030342504382133484
23930,0.016277050599455833
23931,0.014674229547381401
23932,0.02841673046350479
23933,0.034976568073034286
23934,0.025348801165819168
23935,0.010823305696249008
23936,0.020380403846502304
23937,0.045365989208221436
23938,0.059852950274944305
23939,0.059505075216293335
23940,0.05426830053329468
23941,0.06821326911449432
23942,0.08665463328361511
23943,0.0735011175274849
23944,0.04165462404489517
23945,0.03544937074184418
23946,0.06555292010307312
23947,0.07685481756925583
23948,0.051496706902980804
23949,0.023815050721168518
23950,0.027770157903432846
23951,0.04924524575471878
23952,0.04548884183168411
23953,0.02833346277475357
23954,0.03665584325790405
23955,0.058014094829559326
23956,0.054212622344493866
23957,0.022114655002951622
23958,0.010145340114831924
23959,0.028596770018339157
23960,0.03970545157790184
23961,0.02413628250360489
23962,0.010991989634931087
23963,0.019071081653237343
23964,0.02632974460721016
23965,0.018688468262553215
23966,0.010485573671758175
23967,0.014113551937043667
23968,0.019632549956440926
23969,0.015926074236631393
23970,0.010660676285624504
23971,0.010698501020669937
23972,0.013945803977549076
23973,0.014660858549177647
23974,0.01432665903121233
23975,0.013008229434490204
23976,0.010710136964917183
23977,0.00966833345592022
23978,0.010201391763985157
23979,0.01133066788315773
23980,0.010864432901144028
23981,0.009875847958028316
23982,0.009884217754006386
23983,0.009610891342163086
23984,0.00959749799221754
23985,0.009822366759181023
23986,0.010671435855329037
23987,0.010443276725709438
23988,0.009890527464449406
23989,0.010877608321607113
23990,0.011758021079003811
23991,0.011437181383371353
23992,0.009835107252001762
23993,0.009573065675795078
23994,0.011337686330080032
23995,0.012212853878736496
23996,0.011150699108839035
23997,0.009382733143866062
23998,0.009352696128189564
23999,0.010609717108309269
24000,0.011100390926003456
24001,0.010225831530988216
24002,0.009178037755191326
24003,0.009502541273832321
24004,0.010681762360036373
24005,0.010917292907834053
24006,0.009889964014291763
24007,0.008882717229425907
24008,0.00912429578602314
24009,0.010132715106010437
24010,0.010371900163590908
24011,0.009551234543323517
24012,0.008732698857784271
24013,0.008953751996159554
24014,0.009730075486004353
24015,0.00990630779415369
24016,0.009326097555458546
24017,0.008738194592297077
24018,0.00893610529601574
24019,0.009643842466175556
24020,0.009871500544250011
24021,0.009405932389199734
24022,0.008775596506893635
24023,0.008684035390615463
24024,0.00910869613289833
24025,0.009420025162398815
24026,0.009321228601038456
24027,0.00894488487392664
24028,0.009065046906471252
24029,0.009888268075883389
24030,0.01047510839998722
24031,0.010310357436537743
24032,0.009737865999341011
24033,0.00955619104206562
24034,0.010114673525094986
24035,0.011792740784585476
24036,0.014859961345791817
24037,0.01950293593108654
24038,0.027940433472394943
24039,0.04227111488580704
24040,0.0595344714820385
24041,0.0767216607928276
24042,0.09722554683685303
24043,0.11085433512926102
24044,0.11530396342277527
24045,0.09573537856340408
24046,0.06401528418064117
24047,0.027790283784270287
24048,0.009981526993215084
24049,0.015892935916781425
24050,0.03378065675497055
24051,0.0478803776204586
24052,0.04659494012594223
24053,0.033879779279232025
24054,0.01755310595035553
24055,0.009481852874159813
24056,0.01248568668961525
24057,0.020843815058469772
24058,0.02614770084619522
24059,0.023731578141450882
24060,0.016311010345816612
24061,0.010255078785121441
24062,0.009599491022527218
24063,0.013105268590152264
24064,0.01669885404407978
24065,0.016841094940900803
24066,0.01373229455202818
24067,0.01051023043692112
24068,0.009100455790758133
24069,0.009975027292966843
24070,0.011439780704677105
24071,0.011705569922924042
24072,0.010939287953078747
24073,0.009648721665143967
24074,0.008796058595180511
24075,0.008783598430454731
24076,0.009031146764755249
24077,0.009188965894281864
24078,0.009161870926618576
24079,0.009015640243887901
24080,0.008929056115448475
24081,0.008843371644616127
24082,0.008708169683814049
24083,0.008642450906336308
24084,0.008651556447148323
24085,0.00874114315956831
24086,0.008931598626077175
24087,0.009073713794350624
24088,0.009095855057239532
24089,0.008985122665762901
24090,0.008732904680073261
24091,0.008606716059148312
24092,0.00872531346976757
24093,0.008954687975347042
24094,0.00912940688431263
24095,0.009015760384500027
24096,0.008766760118305683
24097,0.008622782304883003
24098,0.008600663393735886
24099,0.008668419905006886
24100,0.008684310130774975
24101,0.008649519644677639
24102,0.00863379705697298
24103,0.008601308800280094
24104,0.008554316125810146
24105,0.008501110598444939
24106,0.008519851602613926
24107,0.008599878288805485
24108,0.008653393015265465
24109,0.008638550527393818
24110,0.008521604351699352
24111,0.00847361795604229
24112,0.008565045893192291
24113,0.00869606714695692
24114,0.008772135712206364
24115,0.008646955713629723
24116,0.008487613871693611
24117,0.008475298061966896
24118,0.008555134758353233
24119,0.008637286722660065
24120,0.008567704819142818
24121,0.008445929735898972
24122,0.008428522385656834
24123,0.008493202738463879
24124,0.008576464839279652
24125,0.008527984842658043
24126,0.008429348468780518
24127,0.008415949530899525
24128,0.008480901829898357
24129,0.008585140109062195
24130,0.008552186191082
24131,0.008437316864728928
24132,0.008387119509279728
24133,0.008396859280765057
24134,0.008446342311799526
24135,0.008427995257079601
24136,0.008381275460124016
24137,0.008384047076106071
24138,0.008427885361015797
24139,0.008504191413521767
24140,0.00847748201340437
24141,0.008396731689572334
24142,0.008367645554244518
24143,0.008369253017008305
24144,0.008390052244067192
24145,0.00836559385061264
24146,0.008356033824384212
24147,0.00840938463807106
24148,0.008516999892890453
24149,0.008690128102898598
24150,0.00872547272592783
24151,0.008651831187307835
24152,0.008657542988657951
24153,0.008722066879272461
24154,0.008861559443175793
24155,0.009301697835326195
24156,0.010324660688638687
24157,0.012084351852536201
24158,0.015092544257640839
24159,0.020170675590634346
24160,0.02670864760875702
24161,0.03493359312415123
24162,0.04852709174156189
24163,0.06598909944295883
24164,0.08822916448116302
24165,0.10291329771280289
24166,0.10883774608373642
24167,0.09278316795825958
24168,0.06425327807664871
24169,0.030858397483825684
24170,0.011375781148672104
24171,0.011680889874696732
24172,0.02594437450170517
24173,0.04201322793960571
24174,0.04837355762720108
24175,0.04195603355765343
24176,0.025221673771739006
24177,0.012365804985165596
24178,0.009581046178936958
24179,0.016166655346751213
24180,0.02324669621884823
24181,0.02322806790471077
24182,0.018123358488082886
24183,0.011612584814429283
24184,0.0089058056473732
24185,0.01020851731300354
24186,0.011832968331873417
24187,0.012287382036447525
24188,0.011544153094291687
24189,0.010662290267646313
24190,0.01033741608262062
24191,0.009849913418293
24192,0.008993248455226421
24193,0.008461658842861652
24194,0.008711236529052258
24195,0.00947097223252058
24196,0.010234921239316463
24197,0.010546468198299408
24198,0.010395646095275879
24199,0.010011712089180946
24200,0.009123466908931732
24201,0.008547038771212101
24202,0.008875844068825245
24203,0.009792827069759369
24204,0.010709480382502079
24205,0.010376691818237305
24206,0.009193111211061478
24207,0.008458849042654037
24208,0.008409183472394943
24209,0.00887562707066536
24210,0.009022846817970276
24211,0.008686142973601818
24212,0.008434874936938286
24213,0.00838437583297491
24214,0.008511737920343876
24215,0.008486329577863216
24216,0.008362704887986183
24217,0.008365707471966743
24218,0.008462796919047832
24219,0.008582809008657932
24220,0.008416127413511276
24221,0.008281320333480835
24222,0.008456798270344734
24223,0.00884717795997858
24224,0.0093081658706069
24225,0.00913004856556654
24226,0.00858699157834053
24227,0.00836009532213211
24228,0.008411484770476818
24229,0.008631906472146511
24230,0.008751622401177883
24231,0.008985990658402443
24232,0.00965137779712677
24233,0.010931525379419327
24234,0.013134078122675419
24235,0.015358351171016693
24236,0.017862312495708466
24237,0.022054579108953476
24238,0.027924228459596634
24239,0.0347098782658577
24240,0.041070811450481415
24241,0.0435347780585289
24242,0.03792808577418327
24243,0.026188816875219345
24244,0.014685338363051414
24245,0.01023370586335659
24246,0.01493753120303154
24247,0.022951902821660042
24248,0.02677053213119507
24249,0.023110281676054
24250,0.016168339177966118
24251,0.013339133933186531
24252,0.01775611937046051
24253,0.02767619863152504
24254,0.039060287177562714
24255,0.04374433308839798
24256,0.042855408042669296
24257,0.04108813405036926
24258,0.03985948488116264
24259,0.03791126608848572
24260,0.034507814794778824
24261,0.02896784618496895
24262,0.02037676051259041
24263,0.014640532433986664
24264,0.013308844529092312
24265,0.012922406196594238
24266,0.012500366196036339
24267,0.013727058656513691
24268,0.01734476536512375
24269,0.02227727696299553
24270,0.02270825393497944
24271,0.018606483936309814
24272,0.015127013437449932
24273,0.011774563230574131
24274,0.00922311656177044
24275,0.008464323356747627
24276,0.008990689180791378
24277,0.009219059720635414
24278,0.008682881481945515
24279,0.008259338326752186
24280,0.008808030746877193
24281,0.010673552751541138
24282,0.012133389711380005
24283,0.012769298627972603
24284,0.013046632520854473
24285,0.01159602589905262
24286,0.00996764563024044
24287,0.009902343153953552
24288,0.011102920398116112
24289,0.012458895333111286
24290,0.011310257017612457
24291,0.009055119007825851
24292,0.008753263391554356
24293,0.010344906710088253
24294,0.01195500884205103
24295,0.010919670574367046
24296,0.008900044485926628
24297,0.008913603611290455
24298,0.010828854516148567
24299,0.012907955795526505
24300,0.011882513761520386
24301,0.009271247312426567
24302,0.008559992536902428
24303,0.00931468978524208
24304,0.01021574530750513
24305,0.00943762343376875
24306,0.008415082469582558
24307,0.009002109989523888
24308,0.010721680708229542
24309,0.012526262551546097
24310,0.011648413725197315
24311,0.0096658393740654
24312,0.009433492086827755
24313,0.010206492617726326
24314,0.010858903639018536
24315,0.01035739853978157
24316,0.01069143321365118
24317,0.01331876590847969
24318,0.018024081364274025
24319,0.02390184812247753
24320,0.025241823866963387
24321,0.022920627146959305
24322,0.022504061460494995
24323,0.02300981432199478
24324,0.02292810194194317
24325,0.023171469569206238
24326,0.024738578125834465
24327,0.026671193540096283
24328,0.02942577749490738
24329,0.03129041567444801
24330,0.026713024824857712
24331,0.017137259244918823
24332,0.010963322594761848
24333,0.008287268690764904
24334,0.009087800979614258
24335,0.010025440715253353
24336,0.00937214121222496
24337,0.008722024969756603
24338,0.008594980463385582
24339,0.00900977198034525
24340,0.009075808338820934
24341,0.009999897330999374
24342,0.012244419194757938
24343,0.015479065477848053
24344,0.018709249794483185
24345,0.017004244029521942
24346,0.012490686029195786
24347,0.010774899274110794
24348,0.011097164824604988
24349,0.012037249282002449
24350,0.010860798880457878
24351,0.009283864870667458
24352,0.009923296980559826
24353,0.012564806267619133
24354,0.015669912099838257
24355,0.013983307406306267
24356,0.009683125652372837
24357,0.008154078386723995
24358,0.009074078872799873
24359,0.011204667389392853
24360,0.010561286471784115
24361,0.008405745960772038
24362,0.008181950077414513
24363,0.009619824588298798
24364,0.011745527386665344
24365,0.01069518830627203
24366,0.008344374597072601
24367,0.008240049704909325
24368,0.009897586889564991
24369,0.012291301041841507
24370,0.011226621456444263
24371,0.00855949055403471
24372,0.008168795146048069
24373,0.009513243101537228
24374,0.011566050350666046
24375,0.010516495443880558
24376,0.008333305828273296
24377,0.0085036251693964
24378,0.010718338191509247
24379,0.014226550236344337
24380,0.013739662244915962
24381,0.010563286021351814
24382,0.009575079195201397
24383,0.010190226137638092
24384,0.011482790112495422
24385,0.012545078992843628
24386,0.016552280634641647
24387,0.02575264871120453
24388,0.041873905807733536
24389,0.06580198556184769
24390,0.08347553014755249
24391,0.08789040148258209
24392,0.09477046132087708
24393,0.09157618880271912
24394,0.07995233684778214
24395,0.061766792088747025
24396,0.0439649298787117
24397,0.025421034544706345
24398,0.014766115695238113
24399,0.014681731350719929
24400,0.022593770176172256
24401,0.03895469754934311
24402,0.05281747877597809
24403,0.053921885788440704
24404,0.04209389537572861
24405,0.021410170942544937
24406,0.012564251199364662
24407,0.022524353116750717
24408,0.03653472661972046
24409,0.04392590373754501
24410,0.03460590913891792
24411,0.017716728150844574
24412,0.011267909780144691
24413,0.01715683378279209
24414,0.02913781628012657
24415,0.028626132756471634
24416,0.01563856564462185
24417,0.009981491602957249
24418,0.016799718141555786
24419,0.02613198757171631
24420,0.02108890190720558
24421,0.010282563045620918
24422,0.011490413919091225
24423,0.019335439428687096
24424,0.023707490414381027
24425,0.017431987449526787
24426,0.0109731899574399
24427,0.011882874183356762
24428,0.015711884945631027
24429,0.021053800359368324
24430,0.017969481647014618
24431,0.011064840480685234
24432,0.009933637455105782
24433,0.015913406386971474
24434,0.023879200220108032
24435,0.017224663868546486
24436,0.008406414650380611
24437,0.011772513389587402
24438,0.020880967378616333
24439,0.027128741145133972
24440,0.018019676208496094
24441,0.01001773402094841
24442,0.014206456020474434
24443,0.023349013179540634
24444,0.03182606026530266
24445,0.02391086146235466
24446,0.011081586591899395
24447,0.012822894379496574
24448,0.026154179126024246
24449,0.03656965494155884
24450,0.02437545731663704
24451,0.008612600155174732
24452,0.014356410130858421
24453,0.031165096908807755
24454,0.040449708700180054
24455,0.024951405823230743
24456,0.009239686653017998
24457,0.01689526066184044
24458,0.03613821417093277
24459,0.04796459898352623
24460,0.02727009356021881
24461,0.008390543051064014
24462,0.021270006895065308
24463,0.046800561249256134
24464,0.057849615812301636
24465,0.028529655188322067
24466,0.009160180576145649
24467,0.03147023916244507
24468,0.0635097324848175
24469,0.06812788546085358
24470,0.02793373540043831
24471,0.011825785040855408
24472,0.05105286091566086
24473,0.09143507480621338
24474,0.07561271637678146
24475,0.018626952543854713
24476,0.02523684874176979
24477,0.08990857750177383
24478,0.11673309653997421
24479,0.06371603906154633
24480,0.013293784111738205
24481,0.07364587485790253
24482,0.13770447671413422
24483,0.09791183471679688
24484,0.024895014241337776
24485,0.047518692910671234
24486,0.1419825255870819
24487,0.11657600849866867
24488,0.030899543315172195
24489,0.04467702656984329
24490,0.11236848682165146
24491,0.09157420694828033
24492,0.027316875755786896
24493,0.05602949112653732
24494,0.0869031697511673
24495,0.04014337807893753
24496,0.02056337147951126
24497,0.05993270501494408
24498,0.056740786880254745
24499,0.012591827660799026
24500,0.022737761959433556
24501,0.04547936096787453
24502,0.031596843153238297
24503,0.016406161710619926
24504,0.02545475959777832
24505,0.02183159813284874
24506,0.02479780837893486
24507,0.03485674411058426
24508,0.02570148929953575
24509,0.009645381942391396
24510,0.020923573523759842
24511,0.03722420334815979
24512,0.026607343927025795
24513,0.01471034437417984
24514,0.018017645925283432
24515,0.021837400272488594
24516,0.022280843928456306
24517,0.021164875477552414
24518,0.016374677419662476
24519,0.011515066958963871
24520,0.01580345258116722
24521,0.0206946711987257
24522,0.016250990331172943
24523,0.009726847521960735
24524,0.01101536676287651
24525,0.01515458058565855
24526,0.015794701874256134
24527,0.013048023916780949
24528,0.010225710459053516
24529,0.009800715371966362
24530,0.012726985849440098
24531,0.014532629400491714
24532,0.01108729187399149
24533,0.008433966897428036
24534,0.010301265865564346
24535,0.011935126036405563
24536,0.010852658189833164
24537,0.009691868908703327
24538,0.009121805429458618
24539,0.009130565449595451
24540,0.010029720142483711
24541,0.010206643491983414
24542,0.008836010470986366
24543,0.008258908055722713
24544,0.009041177108883858
24545,0.009453082457184792
24546,0.008926314301788807
24547,0.008466734550893307
24548,0.008376285433769226
24549,0.00860499031841755
24550,0.00873799528926611
24551,0.008554648607969284
24552,0.0082702012732625
24553,0.0082082599401474
24554,0.008336163125932217
24555,0.008419016376137733
24556,0.00826961174607277
24557,0.008107085712254047
24558,0.00811508484184742
24559,0.00825190544128418
24560,0.008201253600418568
24561,0.00809710193425417
24562,0.00809119176119566
24563,0.00811355747282505
24564,0.00811137817800045
24565,0.008116965182125568
24566,0.00808806624263525
24567,0.008031189441680908
24568,0.008045955561101437
24569,0.008111798204481602
24570,0.00807242002338171
24571,0.007992314174771309
24572,0.007994159124791622
24573,0.008053932338953018
24574,0.00806314405053854
24575,0.008001410402357578
24576,0.007950962521135807
24577,0.007971922867000103
24578,0.008015802130103111
24579,0.008021104149520397
24580,0.007964038290083408
24581,0.007922048680484295
24582,0.007937703281641006
24583,0.007974346168339252
24584,0.00798959843814373
24585,0.007947834208607674
24586,0.007900920696556568
24587,0.00790264643728733
24588,0.007936665788292885
24589,0.007961814291775227
24590,0.007932586595416069
24591,0.007891296409070492
24592,0.007878086529672146
24593,0.007893371395766735
24594,0.007922639138996601
24595,0.007916878908872604
24596,0.007881006225943565
24597,0.007851406931877136
24598,0.00785499531775713
24599,0.007882689125835896
24600,0.007885393686592579
24601,0.007856727577745914
24602,0.007827270776033401
24603,0.007827229797840118
24604,0.007846138440072536
24605,0.007847913540899754
24606,0.007825645618140697
24607,0.007804359309375286
24608,0.007806295063346624
24609,0.007818920537829399
24610,0.007816479541361332
24611,0.007798701524734497
24612,0.007784494664520025
24613,0.007787517737597227
24614,0.00779707171022892
24615,0.007793227676302195
24616,0.0077774240635335445
24617,0.007765003480017185
24618,0.007766928058117628
24619,0.007775150239467621
24620,0.0077726044692099094
24621,0.0077590057626366615
24622,0.007746144197881222
24623,0.007744360715150833
24624,0.007749525364488363
24625,0.007749257609248161
24626,0.007740163244307041
24627,0.007728631608188152
24628,0.007724651601165533
24629,0.007727854885160923
24630,0.0077285729348659515
24631,0.007722187787294388
24632,0.007711739744991064
24633,0.007706614676862955
24634,0.007708893157541752
24635,0.0077104330994188786
24636,0.007705619093030691
24637,0.007695279084146023
24638,0.007688281126320362
24639,0.007688939571380615
24640,0.007691178936511278
24641,0.007688465528190136
24642,0.007679171394556761
24643,0.007671082392334938
24644,0.007669853046536446
24645,0.007672051899135113
24646,0.0076712192967534065
24647,0.00766359455883503
24648,0.00765508646145463
24649,0.007652479689568281
24650,0.007654170040041208
24651,0.00765435304492712
24652,0.007648100145161152
24653,0.007638853043317795
24654,0.0076335216872394085
24655,0.007633842062205076
24656,0.007635797839611769
24657,0.0076329973526299
24658,0.007626388221979141
24659,0.007622207049280405
24660,0.007622083183377981
24661,0.00762418657541275
24662,0.007624153047800064
24663,0.00762050598859787
24664,0.007618471048772335
24665,0.007628668565303087
24666,0.007659014780074358
24667,0.007713392376899719
24668,0.007809622213244438
24669,0.007989778183400631
24670,0.008286820724606514
24671,0.008814007975161076
24672,0.009841241873800755
24673,0.011824083514511585
24674,0.01564774662256241
24675,0.022473100572824478
24676,0.034402940422296524
24677,0.054671965539455414
24678,0.08358403295278549
24679,0.11678321659564972
24680,0.13038907945156097
24681,0.11581522226333618
24682,0.07201433181762695
24683,0.027320371940732002
24684,0.009025674313306808
24685,0.02173992432653904
24686,0.044766005128622055
24687,0.05596671253442764
24688,0.0469585582613945
24689,0.02494186908006668
24690,0.0111393416300416
24691,0.012402339838445187
24692,0.021150264889001846
24693,0.02667807601392269
24694,0.023848053067922592
24695,0.017081106081604958
24696,0.011530029587447643
24697,0.010372200049459934
24698,0.01337860431522131
24699,0.01691335253417492
24700,0.01694650575518608
24701,0.013041744008660316
24702,0.009012693539261818
24703,0.008526287041604519
24704,0.011266490444540977
24705,0.013151753693819046
24706,0.011754482984542847
24707,0.00916631706058979
24708,0.007901026867330074
24709,0.00874943658709526
24710,0.009858377277851105
24711,0.009728866629302502
24712,0.008937928825616837
24713,0.008262831717729568
24714,0.00810746569186449
24715,0.008166119456291199
24716,0.00835928600281477
24717,0.0085741663351655
24718,0.008404972963035107
24719,0.007954695262014866
24720,0.00773110706359148
24721,0.008067265152931213
24722,0.008424725383520126
24723,0.008290227502584457
24724,0.00788041576743126
24725,0.0077574667520821095
24726,0.008233798667788506
24727,0.008582296781241894
24728,0.008312085643410683
24729,0.007809007074683905
24730,0.007728740107268095
24731,0.008324399590492249
24732,0.008748204447329044
24733,0.008474142290651798
24734,0.007902202196419239
24735,0.007702299859374762
24736,0.008222809061408043
24737,0.0087102260440588
24738,0.00856835674494505
24739,0.008050695061683655
24740,0.007748419884592295
24741,0.008105911314487457
24742,0.00857167225331068
24743,0.00852805282920599
24744,0.008084521628916264
24745,0.00774015299975872
24746,0.008007197640836239
24747,0.00847608782351017
24748,0.008500118739902973
24749,0.008075877092778683
24750,0.007652556989341974
24751,0.007836706936359406
24752,0.00835039746016264
24753,0.00851215235888958
24754,0.008153834380209446
24755,0.007632808294147253
24756,0.007674071937799454
24757,0.008183429017663002
24758,0.008493073284626007
24759,0.008274031803011894
24760,0.007701805327087641
24761,0.007576106581836939
24762,0.00802395399659872
24763,0.008446576073765755
24764,0.008396533317863941
24765,0.007821820676326752
24766,0.007527023553848267
24767,0.007856477983295918
24768,0.00832500122487545
24769,0.008430656045675278
24770,0.007915659807622433
24771,0.007516201119869947
24772,0.007725474890321493
24773,0.00817841850221157
24774,0.008379421196877956
24775,0.007938206195831299
24776,0.007502301130443811
24777,0.007633314933627844
24778,0.008064523339271545
24779,0.008336139842867851
24780,0.007957360707223415
24781,0.007501264102756977
24782,0.007570561952888966
24783,0.007970060221850872
24784,0.0082886116579175
24785,0.007966051809489727
24786,0.0075039430521428585
24787,0.0075235310941934586
24788,0.007874605245888233
24789,0.008195984177291393
24790,0.007917087525129318
24791,0.007485058158636093
24792,0.0074984170496463776
24793,0.007830069400370121
24794,0.00815948098897934
24795,0.007900593802332878
24796,0.007474422920495272
24797,0.007475811056792736
24798,0.0077897668816149235
24799,0.00812536384910345
24800,0.007883979007601738
24801,0.007463560905307531
24802,0.007454896345734596
24803,0.007755439728498459
24804,0.008099019527435303
24805,0.00787345040589571
24806,0.0074544367380440235
24807,0.007432715501636267
24808,0.007720850873738527
24809,0.008080359548330307
24810,0.007877063006162643
24811,0.007454576902091503
24812,0.007407452445477247
24813,0.007661646697670221
24814,0.008006463758647442
24815,0.007824886590242386
24816,0.007434512488543987
24817,0.0073999082669615746
24818,0.007667562458664179
24819,0.008068791590631008
24820,0.007931520231068134
24821,0.007520837709307671
24822,0.007438725791871548
24823,0.007621390745043755
24824,0.007906281389296055
24825,0.00791508611291647
24826,0.008075420744717121
24827,0.0089354133233428
24828,0.010841252282261848
24829,0.014407443813979626
24830,0.018883414566516876
24831,0.025479555130004883
24832,0.03820059448480606
24833,0.059634871780872345
24834,0.09050343930721283
24835,0.12768715620040894
24836,0.15694740414619446
24837,0.1583097130060196
24838,0.1286114603281021
24839,0.06763653457164764
24840,0.020568352192640305
24841,0.013796018436551094
24842,0.04499012231826782
24843,0.08266989886760712
24844,0.09056195616722107
24845,0.06851761043071747
24846,0.03441642224788666
24847,0.012757634744048119
24848,0.027636580169200897
24849,0.05804846063256264
24850,0.057558707892894745
24851,0.034895509481430054
24852,0.021409127861261368
24853,0.01587933860719204
24854,0.016508813947439194
24855,0.023895248770713806
24856,0.026643803343176842
24857,0.01605602726340294
24858,0.00879322923719883
24859,0.015969272702932358
24860,0.018262246623635292
24861,0.01239699311554432
24862,0.013677551411092281
24863,0.016141096130013466
24864,0.012474898248910904
24865,0.011150289326906204
24866,0.013724182732403278
24867,0.012679642997682095
24868,0.012649806216359138
24869,0.015600954182446003
24870,0.012667134404182434
24871,0.009982438758015633
24872,0.012411855161190033
24873,0.013115745037794113
24874,0.012617919594049454
24875,0.01121070422232151
24876,0.010017268359661102
24877,0.011277005076408386
24878,0.014570800587534904
24879,0.015039891004562378
24880,0.009946211241185665
24881,0.008372701704502106
24882,0.012957503087818623
24883,0.01710650883615017
24884,0.01709582656621933
24885,0.010527938604354858
24886,0.008213669992983341
24887,0.014631964266300201
24888,0.021250618621706963
24889,0.020541982725262642
24890,0.01094568707048893
24891,0.008787956088781357
24892,0.017824910581111908
24893,0.026317337527871132
24894,0.02442079968750477
24895,0.011610337533056736
24896,0.00897515844553709
24897,0.021476732566952705
24898,0.032234080135822296
24899,0.027989517897367477
24900,0.011664561927318573
24901,0.010080729611217976
24902,0.02624829299747944
24903,0.0381525456905365
24904,0.031192928552627563
24905,0.011390897445380688
24906,0.012405630201101303
24907,0.03320293873548508
24908,0.044355206191539764
24909,0.03195139765739441
24910,0.010666050016880035
24911,0.01741398125886917
24912,0.042000576853752136
24913,0.04918503016233444
24914,0.02952204830944538
24915,0.010249840095639229
24916,0.02611136995255947
24917,0.05085831135511398
24918,0.048373330384492874
24919,0.023822825402021408
24920,0.013614356517791748
24921,0.037746358662843704
24922,0.053884319961071014
24923,0.038976795971393585
24924,0.01878698542714119
24925,0.022856060415506363
24926,0.04488459229469299
24927,0.04419895261526108
24928,0.026064857840538025
24929,0.02114790305495262
24930,0.03210727125406265
24931,0.037521038204431534
24932,0.026308022439479828
24933,0.02142293192446232
24934,0.02832854725420475
24935,0.028960417956113815
24936,0.019909795373678207
24937,0.017000842839479446
24938,0.02553921937942505
24939,0.027385372668504715
24940,0.015757443383336067
24941,0.010207302868366241
24942,0.01889128051698208
24943,0.02535431645810604
24944,0.01758733205497265
24945,0.008074960671365261
24946,0.011198678985238075
24947,0.019318463280797005
24948,0.01873805746436119
24949,0.011652769520878792
24950,0.008464938029646873
24951,0.011908415704965591
24952,0.015424380078911781
24953,0.014665373601019382
24954,0.011723489500582218
24955,0.009053213521838188
24956,0.009879671037197113
24957,0.013230419717729092
24958,0.014863586984574795
24959,0.012364672496914864
24960,0.008114342577755451
24961,0.008922099135816097
24962,0.013642940670251846
24963,0.015398573130369186
24964,0.012058380991220474
24965,0.00791140552610159
24966,0.009502824395895004
24967,0.01383981667459011
24968,0.014927253127098083
24969,0.012029516510665417
24970,0.008814412169158459
24971,0.009852994233369827
24972,0.01284789014607668
24973,0.014072056859731674
24974,0.012549906969070435
24975,0.009746299125254154
24976,0.009377304464578629
24977,0.011326759122312069
24978,0.013281246647238731
24979,0.012965146452188492
24980,0.01014662254601717
24981,0.008584721945226192
24982,0.009981108829379082
24983,0.012460864149034023
24984,0.012873833999037743
24985,0.01014054287225008
24986,0.00801982544362545
24987,0.009006921201944351
24988,0.011534568853676319
24989,0.012354649603366852
24990,0.010009287856519222
24991,0.007788702845573425
24992,0.00833699107170105
24993,0.010557431727647781
24994,0.011627369560301304
24995,0.009850656613707542
24996,0.007777214050292969
24997,0.007899025455117226
24998,0.009655553847551346
24999,0.010843650437891483
25000,0.009654889814555645
25001,0.007867475040256977
25002,0.007663138210773468
25003,0.00892243068665266
25004,0.010094565339386463
25005,0.009411633014678955
25006,0.007999306544661522
25007,0.007599757052958012
25008,0.008400395512580872
25009,0.009440300054848194
25010,0.009145486168563366
25011,0.008142574690282345
25012,0.007663091644644737
25013,0.008071055635809898
25014,0.008908423595130444
25015,0.008891317062079906
25016,0.008279042318463326
25017,0.00780471321195364
25018,0.00788846705108881
25019,0.008495595306158066
25020,0.008660037070512772
25021,0.008399602957069874
25022,0.007994774729013443
25023,0.007825558073818684
25024,0.008189758285880089
25025,0.008447294123470783
25026,0.008488858118653297
25027,0.008202096447348595
25028,0.007851547561585903
25029,0.007967774756252766
25030,0.008235007524490356
25031,0.008524293079972267
25032,0.008404160849750042
25033,0.007947861216962337
25034,0.007817937061190605
25035,0.008011648431420326
25036,0.008485072292387486
25037,0.008577005006372929
25038,0.008101040497422218
25039,0.007743549533188343
25040,0.007782678119838238
25041,0.008361613377928734
25042,0.008693138137459755
25043,0.008294837549328804
25044,0.00775620061904192
25045,0.0075716134160757065
25046,0.008162288926541805
25047,0.008735445328056812
25048,0.008514105342328548
25049,0.007876032032072544
25050,0.007425851188600063
25051,0.007915861904621124
25052,0.008687407709658146
25053,0.008716657757759094
25054,0.008086871355772018
25055,0.007374456152319908
25056,0.007662721909582615
25057,0.008553155697882175
25058,0.008862137794494629
25059,0.008346384391188622
25060,0.007418672554194927
25061,0.007438871078193188
25062,0.00835287943482399
25063,0.008924881927669048
25064,0.008604330942034721
25065,0.00753736961632967
25066,0.007268124260008335
25067,0.008117597550153732
25068,0.008899851702153683
25069,0.008820299990475178
25070,0.007697493303567171
25071,0.007160929962992668
25072,0.007887479849159718
25073,0.008810977451503277
25074,0.008979257196187973
25075,0.007873437367379665
25076,0.007114759646356106
25077,0.007682007271796465
25078,0.008666280657052994
25079,0.009045922197401524
25080,0.008008348755538464
25081,0.007101728115230799
25082,0.0075216046534478664
25083,0.008513601496815681
25084,0.009055005386471748
25085,0.008102110587060452
25086,0.007105925120413303
25087,0.007404955103993416
25088,0.008372106589376926
25089,0.009024336002767086
25090,0.008152845315635204
25091,0.0071122730150818825
25092,0.007324831560254097
25093,0.008255336433649063
25094,0.008975612930953503
25095,0.008168035186827183
25096,0.00711146742105484
25097,0.007272464223206043
25098,0.008177125826478004
25099,0.008950578048825264
25100,0.008188032545149326
25101,0.007113426923751831
25102,0.007231942843645811
25103,0.008109204471111298
25104,0.008914351463317871
25105,0.008183330297470093
25106,0.007103055715560913
25107,0.007202740292996168
25108,0.008084069006145
25109,0.008958626538515091
25110,0.008260746486485004
25111,0.007130471058189869
25112,0.0071609835140407085
25113,0.007975238375365734
25114,0.00880953948944807
25115,0.00813257321715355
25116,0.007080103270709515
25117,0.00720251863822341
25118,0.008211956359446049
25119,0.00946456752717495
25120,0.009015758521854877
25121,0.007806863635778427
25122,0.0077892569825053215
25123,0.008645965717732906
25124,0.009739141911268234
25125,0.011000879108905792
25126,0.014886081218719482
25127,0.023971596732735634
25128,0.041654013097286224
25129,0.0717889815568924
25130,0.10683000832796097
25131,0.1360173523426056
25132,0.16201388835906982
25133,0.15349869430065155
25134,0.11239683628082275
25135,0.053099580109119415
25136,0.014255950227379799
25137,0.012655208818614483
25138,0.039272844791412354
25139,0.06475412100553513
25140,0.06589111685752869
25141,0.04563106596469879
25142,0.020381543785333633
25143,0.012159917503595352
25144,0.02467191591858864
25145,0.038803379982709885
25146,0.03632621094584465
25147,0.021889325231313705
25148,0.012698066420853138
25149,0.015591083094477654
25150,0.022363509982824326
25151,0.023780832067131996
25152,0.019663792103528976
25153,0.01441853679716587
25154,0.012007762677967548
25155,0.014032013714313507
25156,0.016481483355164528
25157,0.014779770746827126
25158,0.011316802352666855
25159,0.010686332359910011
25160,0.011751227080821991
25161,0.01178155280649662
25162,0.010932330042123795
25163,0.010289049707353115
25164,0.010248107835650444
25165,0.009655995294451714
25166,0.00946001335978508
25167,0.009809661656618118
25168,0.009733389131724834
25169,0.00953963678330183
25170,0.008971965871751308
25171,0.008549091406166553
25172,0.008717402815818787
25173,0.009219666011631489
25174,0.009660555981099606
25175,0.008741982281208038
25176,0.007644500583410263
25177,0.008058824576437473
25178,0.009276239201426506
25179,0.009737811982631683
25180,0.008387644775211811
25181,0.007256004959344864
25182,0.00787605531513691
25183,0.009156869724392891
25184,0.009744974784553051
25185,0.008427822962403297
25186,0.007163582369685173
25187,0.007698940113186836
25188,0.009129672311246395
25189,0.010026448406279087
25190,0.008644213899970055
25191,0.007145083975046873
25192,0.00762565853074193
25193,0.009175296872854233
25194,0.010292024351656437
25195,0.008922874927520752
25196,0.007236908655613661
25197,0.007560502737760544
25198,0.009136321023106575
25199,0.010490880347788334
25200,0.009205072186887264
25201,0.007295912131667137
25202,0.007424153853207827
25203,0.009029022417962551
25204,0.010572885163128376
25205,0.009327792562544346
25206,0.007274361327290535
25207,0.00732697919011116
25208,0.008934501558542252
25209,0.01055871695280075
25210,0.009325969032943249
25211,0.007238734047859907
25212,0.007294219918549061
25213,0.00890863873064518
25214,0.010597228072583675
25215,0.009355908259749413
25216,0.007224133238196373
25217,0.007279002107679844
25218,0.008928993716835976
25219,0.010734892450273037
25220,0.009481798857450485
25221,0.007238869089633226
25222,0.0072438656352460384
25223,0.008917398750782013
25224,0.01086497213691473
25225,0.00963055994361639
25226,0.0072760917246341705
25227,0.0072036487981677055
25228,0.008873301558196545
25229,0.010933438315987587
25230,0.009730487130582333
25231,0.007301660254597664
25232,0.007175588048994541
25233,0.008842174895107746
25234,0.01098904013633728
25235,0.009798646904528141
25236,0.007305885665118694
25237,0.0071593220345675945
25238,0.008856759406626225
25239,0.011108482256531715
25240,0.009913340210914612
25241,0.007322138175368309
25242,0.007134007290005684
25243,0.00885746069252491
25244,0.011221105232834816
25245,0.010033657774329185
25246,0.007344471290707588
25247,0.0071019986644387245
25248,0.008825695142149925
25249,0.01127614825963974
25250,0.01010976918041706
25251,0.007357480004429817
25252,0.007074163295328617
25253,0.008783858269453049
25254,0.01129237376153469
25255,0.010137533769011497
25256,0.007350660860538483
25257,0.007061464712023735
25258,0.008789137937128544
25259,0.011376870796084404
25260,0.01022144965827465
25261,0.007364090997725725
25262,0.0070391250774264336
25263,0.008766688406467438
25264,0.011432936415076256
25265,0.010298596695065498
25266,0.007383244577795267
25267,0.007012213114649057
25268,0.0087099839001894
25269,0.011418589390814304
25270,0.010310865938663483
25271,0.007381684612482786
25272,0.006998160853981972
25273,0.008687813766300678
25274,0.011447612196207047
25275,0.010356700979173183
25276,0.007392895873636007
25277,0.006979923229664564
25278,0.008646567352116108
25279,0.01144580077379942
25280,0.010379800572991371
25281,0.007399306632578373
25282,0.006964795291423798
25283,0.008609257638454437
25284,0.011445439420640469
25285,0.01040718425065279
25286,0.007411383092403412
25287,0.0069479672238230705
25288,0.008553528226912022
25289,0.011403357610106468
25290,0.010394847951829433
25291,0.0074103521183133125
25292,0.0069390637800097466
25293,0.008522764779627323
25294,0.011402852833271027
25295,0.010426919907331467
25296,0.0074318996630609035
25297,0.006921011954545975
25298,0.008434456773102283
25299,0.01127593219280243
25300,0.010326012969017029
25301,0.007398367393761873
25302,0.006933804601430893
25303,0.008490932174026966
25304,0.01146194338798523
25305,0.010581393726170063
25306,0.007549225352704525
25307,0.006907755509018898
25308,0.008160920813679695
25309,0.010700734332203865
25310,0.009813095442950726
25311,0.007439787499606609
25312,0.007687367033213377
25313,0.010406744666397572
25314,0.015630153939127922
25315,0.016855403780937195
25316,0.015270736068487167
25317,0.017672691494226456
25318,0.02422983944416046
25319,0.03531155735254288
25320,0.05399855226278305
25321,0.08219639956951141
25322,0.1170513853430748
25323,0.14852182567119598
25324,0.16778317093849182
25325,0.15451684594154358
25326,0.07784908264875412
25327,0.025683868676424026
25328,0.023467659950256348
25329,0.05069404095411301
25330,0.057303812354803085
25331,0.06527863442897797
25332,0.12183438241481781
25333,0.2161322385072708
25334,0.22995907068252563
25335,0.24558258056640625
25336,0.2608553171157837
25337,0.10340702533721924
25338,0.04059653729200363
25339,0.09236417710781097
25340,0.14669474959373474
25341,0.16310954093933105
25342,0.07917382568120956
25343,0.012668655253946781
25344,0.07794173806905746
25345,0.0975489392876625
25346,0.05649806186556816
25347,0.026987247169017792
25348,0.048918217420578
25349,0.07556931674480438
25350,0.027120495215058327
25351,0.03132183849811554
25352,0.05245613306760788
25353,0.03985384479165077
25354,0.024290315806865692
25355,0.02668793871998787
25356,0.045159269124269485
25357,0.025458721444010735
25358,0.018248936161398888
25359,0.029789898544549942
25360,0.028942983597517014
25361,0.01919250190258026
25362,0.015838295221328735
25363,0.025502437725663185
25364,0.018584206700325012
25365,0.012380578555166721
25366,0.017103226855397224
25367,0.018235452473163605
25368,0.013530721887946129
25369,0.010042557492852211
25370,0.015318910591304302
25371,0.013878333382308483
25372,0.009219005703926086
25373,0.01032080128788948
25374,0.012641983106732368
25375,0.011222442612051964
25376,0.007763170637190342
25377,0.009830662049353123
25378,0.011211195960640907
25379,0.00899678934365511
25380,0.00791225302964449
25381,0.00923541933298111
25382,0.010080600157380104
25383,0.008076329715549946
25384,0.007764020934700966
25385,0.00905146636068821
25386,0.008979241363704205
25387,0.007873624563217163
25388,0.007605279795825481
25389,0.008603543043136597
25390,0.0083775008097291
25391,0.00760230515152216
25392,0.0076901414431631565
25393,0.008099381811916828
25394,0.007989139296114445
25395,0.007438022643327713
25396,0.007615122944116592
25397,0.007852323353290558
25398,0.007616227492690086
25399,0.007383578922599554
25400,0.007466546259820461
25401,0.007665821351110935
25402,0.007435506209731102
25403,0.007266005501151085
25404,0.007381062489002943
25405,0.007467023096978664
25406,0.007352219428867102
25407,0.007182804401963949
25408,0.007265509106218815
25409,0.007347786799073219
25410,0.0072640893049538136
25411,0.007165173999965191
25412,0.007172495126724243
25413,0.0072501059621572495
25414,0.007204481400549412
25415,0.007129343692213297
25416,0.007132308557629585
25417,0.007165204267948866
25418,0.007155049126595259
25419,0.007098241709172726
25420,0.007092398591339588
25421,0.007117980159819126
25422,0.0071093495935201645
25423,0.007075264118611813
25424,0.00705481693148613
25425,0.007072016596794128
25426,0.007076788228005171
25427,0.007051499094814062
25428,0.007029169239103794
25429,0.00703046889975667
25430,0.007041131146252155
25431,0.007031598128378391
25432,0.007010289002209902
25433,0.007001866586506367
25434,0.007004897575825453
25435,0.007005142513662577
25436,0.006993671879172325
25437,0.006981395650655031
25438,0.006977404002100229
25439,0.006976827047765255
25440,0.006972630508244038
25441,0.006963974330574274
25442,0.0069569009356200695
25443,0.006953591946512461
25444,0.006949855014681816
25445,0.006944591179490089
25446,0.00693864282220602
25447,0.006934089586138725
25448,0.006930154748260975
25449,0.006925324909389019
25450,0.006920367944985628
25451,0.00691588269546628
25452,0.0069122700951993465
25453,0.006908128969371319
25454,0.006903080735355616
25455,0.006898391060531139
25456,0.0068947141990065575
25457,0.006891575176268816
25458,0.006887447088956833
25459,0.0068826074711978436
25460,0.006878138519823551
25461,0.006874875631183386
25462,0.0068720183335244656
25463,0.0068681673146784306
25464,0.006863490212708712
25465,0.006859008688479662
25466,0.0068559665232896805
25467,0.0068534547463059425
25468,0.006849974859505892
25469,0.006845496129244566
25470,0.006840875372290611
25471,0.0068378387950360775
25472,0.006835630163550377
25473,0.006832668092101812
25474,0.006828403100371361
25475,0.00682361563667655
25476,0.006820313166826963
25477,0.006818335969001055
25478,0.006815928500145674
25479,0.0068121706135571
25480,0.0068072066642344
25481,0.006803413387387991
25482,0.006801394280046225
25483,0.006799534894526005
25484,0.006796414963901043
25485,0.006791482213884592
25486,0.00678720697760582
25487,0.006784873083233833
25488,0.006783279590308666
25489,0.006780879572033882
25490,0.006776294205337763
25491,0.006771699991077185
25492,0.006768872495740652
25493,0.006767252925783396
25494,0.006765295285731554
25495,0.006761230528354645
25496,0.006756672635674477
25497,0.006753596011549234
25498,0.006751644425094128
25499,0.006749849766492844
25500,0.006746161263436079
25501,0.006741908844560385
25502,0.006738831289112568
25503,0.006736719980835915
25504,0.006734824273735285
25505,0.00673128105700016
25506,0.006727313157171011
25507,0.006724420003592968
25508,0.006722357589751482
25509,0.0067204199731349945
25510,0.006716878153383732
25511,0.006712987087666988
25512,0.006710236892104149
25513,0.006708295550197363
25514,0.006706478539854288
25515,0.006702981423586607
25516,0.006699020508676767
25517,0.006696250289678574
25518,0.006694377399981022
25519,0.006692726630717516
25520,0.006689323578029871
25521,0.006685351487249136
25522,0.006682544015347958
25523,0.006680645048618317
25524,0.006679083686321974
25525,0.006675843149423599
25526,0.00667194789275527
25527,0.006669045425951481
25528,0.006667004432529211
25529,0.006665331777185202
25530,0.006662189029157162
25531,0.006658520549535751
25532,0.0066558425314724445
25533,0.006653943564742804
25534,0.006652365438640118
25535,0.006649212911725044
25536,0.006645478308200836
25537,0.006642735563218594
25538,0.006640810053795576
25539,0.006639278493821621
25540,0.006636246107518673
25541,0.006632557138800621
25542,0.006629779003560543
25543,0.006627728696912527
25544,0.0066260844469070435
25545,0.006623119115829468
25546,0.0066196611151099205
25547,0.006617092527449131
25548,0.006615208927541971
25549,0.006613730452954769
25550,0.006610785610973835
25551,0.006607162766158581
25552,0.006604388821870089
25553,0.0066023110412061214
25554,0.006600683089345694
25555,0.006597886793315411
25556,0.006594508420675993
25557,0.006591919809579849
25558,0.006589886732399464
25559,0.006588283460587263
25560,0.00658543361350894
25561,0.006582087837159634
25562,0.006579538807272911
25563,0.006577599793672562
25564,0.006576163694262505
25565,0.006573389284312725
25566,0.006569956429302692
25567,0.006567223463207483
25568,0.006564977113157511
25569,0.006563097238540649
25570,0.0065603842958807945
25571,0.006557481363415718
25572,0.006555392872542143
25573,0.006553981453180313
25574,0.006553377024829388
25575,0.006551112048327923
25576,0.006547581870108843
25577,0.006544746458530426
25578,0.006542411167174578
25579,0.006540486589074135
25580,0.006541011389344931
25581,0.0065470486879348755
25582,0.006560270208865404
25583,0.006586585193872452
25584,0.006637385115027428
25585,0.0067065004259347916
25586,0.006812404375523329
25587,0.007028557825833559
25588,0.007455720100551844
25589,0.008300981484353542
25590,0.009806929156184196
25591,0.012623576447367668
25592,0.018073350191116333
25593,0.028538402169942856
25594,0.04682743921875954
25595,0.07211931049823761
25596,0.09670981019735336
25597,0.11479446291923523
25598,0.10028620809316635
25599,0.06124396622180939
25600,0.02021382376551628
25601,0.00788432452827692
25602,0.024816201999783516
25603,0.04891832172870636
25604,0.06096155196428299
25605,0.04722896218299866
25606,0.02473333850502968
25607,0.010980265215039253
25608,0.015103466808795929
25609,0.028413917869329453
25610,0.031348664313554764
25611,0.021190786734223366
25612,0.009902894496917725
25613,0.007452799938619137
25614,0.01336873508989811
25615,0.016402622684836388
25616,0.012523921206593513
25617,0.008174271322786808
25618,0.007436002604663372
25619,0.009891440160572529
25620,0.01025336142629385
25621,0.008007640950381756
25622,0.0068849376402795315
25623,0.007572907488793135
25624,0.008854785934090614
25625,0.007959104143083096
25626,0.00686286436393857
25627,0.007762438617646694
25628,0.009407369419932365
25629,0.010015496984124184
25630,0.007856477051973343
25631,0.0069572594948112965
25632,0.009031146764755249
25633,0.011344158090651035
25634,0.01159506943076849
25635,0.008173045702278614
25636,0.007053269073367119
25637,0.01030165795236826
25638,0.013750988990068436
25639,0.014025235548615456
25640,0.008986442349851131
25641,0.006802360061556101
25642,0.010749544948339462
25643,0.015622207894921303
25644,0.01656375639140606
25645,0.010189763270318508
25646,0.006694559473544359
25647,0.01102435402572155
25648,0.017134347930550575
25649,0.01873418316245079
25650,0.011192608624696732
25651,0.006715891417115927
25652,0.011618642136454582
25653,0.018728559836745262
25654,0.02053673379123211
25655,0.011691047810018063
25656,0.006740611977875233
25657,0.012811698950827122
25658,0.02111085318028927
25659,0.022831154987215996
25660,0.012181220576167107
25661,0.006809246260672808
25662,0.014550508931279182
25663,0.02437920868396759
25664,0.025890633463859558
25665,0.012882241979241371
25666,0.006985832005739212
25667,0.016856908798217773
25668,0.0284468661993742
25669,0.029409315437078476
25670,0.013454742729663849
25671,0.007352529559284449
25672,0.020203303545713425
25673,0.03367292881011963
25674,0.03321979194879532
25675,0.013560781255364418
25676,0.008164388127624989
25677,0.025360923260450363
25678,0.040515050292015076
25679,0.03701215237379074
25680,0.012903111055493355
25681,0.010081924498081207
25682,0.03343719244003296
25683,0.04905606806278229
25684,0.03963278979063034
25685,0.011045703664422035
25686,0.01448565348982811
25687,0.04575728625059128
25688,0.058215584605932236
25689,0.0386124849319458
25690,0.008141591213643551
25691,0.023916270583868027
25692,0.06255561858415604
25693,0.06400153040885925
25694,0.030681569129228592
25695,0.006909383460879326
25696,0.04091914743185043
25697,0.07864263653755188
25698,0.05832397937774658
25699,0.016262894496321678
25700,0.014039050787687302
25701,0.061538636684417725
25702,0.07888485491275787
25703,0.03619270771741867
25704,0.006829185876995325
25705,0.03252755105495453
25706,0.06791487336158752
25707,0.05132909491658211
25708,0.011869126930832863
25709,0.014882486313581467
25710,0.04565153270959854
25711,0.04592636227607727
25712,0.01693713665008545
25713,0.00829335767775774
25714,0.027727583423256874
25715,0.03456665575504303
25716,0.0163186676800251
25717,0.006960796657949686
25718,0.01845145970582962
25719,0.025042777881026268
25720,0.014289027079939842
25721,0.0067520723678171635
25722,0.014274319633841515
25723,0.01993308961391449
25724,0.01305775810033083
25725,0.0067101530730724335
25726,0.011740117333829403
25727,0.016836103051900864
25728,0.012493319809436798
25729,0.006898587569594383
25730,0.009191651828587055
25731,0.013793352991342545
25732,0.011774842627346516
25733,0.007239406928420067
25734,0.007627967745065689
25735,0.010728280991315842
25736,0.010275003500282764
25737,0.007352389395236969
25738,0.006935130804777145
25739,0.008931891061365604
25740,0.00899173691868782
25741,0.0071394476108253
25742,0.006767964456230402
25743,0.00800598505884409
25744,0.008374675177037716
25745,0.007090335711836815
25746,0.006710786372423172
25747,0.007764387875795364
25748,0.008145798929035664
25749,0.007241017185151577
25750,0.00659748911857605
25751,0.00747171975672245
25752,0.008213132619857788
25753,0.007539610378444195
25754,0.006642646621912718
25755,0.006910244002938271
25756,0.007887558080255985
25757,0.00785523559898138
25758,0.00692753866314888
25759,0.006571886595338583
25760,0.007179137319326401
25761,0.00767942750826478
25762,0.007245257496833801
25763,0.006607143208384514
25764,0.006666801404207945
25765,0.0071441554464399815
25766,0.007205951027572155
25767,0.006780569441616535
25768,0.006516622379422188
25769,0.006714567542076111
25770,0.006931284908205271
25771,0.006796269211918116
25772,0.0065486547537148
25773,0.0065252711065113544
25774,0.006687702611088753
25775,0.006710975430905819
25776,0.006560740992426872
25777,0.006484250072389841
25778,0.0065531497821211815
25779,0.00662885932251811
25780,0.006561579182744026
25781,0.006473085843026638
25782,0.006501888856291771
25783,0.006573677994310856
25784,0.006572929210960865
25785,0.006482162978500128
25786,0.006465248763561249
25787,0.006545305252075195
25788,0.006588257383555174
25789,0.006533247418701649
25790,0.0064453259110450745
25791,0.0064819385297596455
25792,0.006584600079804659
25793,0.006599888205528259
25794,0.006510655861347914
25795,0.006425634957849979
25796,0.006492036860436201
25797,0.006608945317566395
25798,0.0066126687452197075
25799,0.00650380551815033
25800,0.006410508416593075
25801,0.006483986508101225
25802,0.0066143725998699665
25803,0.0066263251937925816
25804,0.006511457730084658
25805,0.006398492027074099
25806,0.0064582666382193565
25807,0.006600316613912582
25808,0.006637635640799999
25809,0.006532338913530111
25810,0.006394270341843367
25811,0.006421945057809353
25812,0.006567379925400019
25813,0.006639883387833834
25814,0.006561261136084795
25815,0.006401584018021822
25816,0.006385583896189928
25817,0.006522550713270903
25818,0.006630617193877697
25819,0.006592267192900181
25820,0.006421560421586037
25821,0.006358099170029163
25822,0.006473704241216183
25823,0.006608696188777685
25824,0.006617481354624033
25825,0.006452072877436876
25826,0.00635123997926712
25827,0.006444182246923447
25828,0.0066059669479727745
25829,0.0066832490265369415
25830,0.00657225027680397
25831,0.006505971308797598
25832,0.006681869737803936
25833,0.007044242694973946
25834,0.0075188507325947285
25835,0.00809081643819809
25836,0.009228145703673363
25837,0.011584573425352573
25838,0.01599537581205368
25839,0.02374991402029991
25840,0.03704100474715233
25841,0.058807626366615295
25842,0.09337906539440155
25843,0.13568952679634094
25844,0.17245671153068542
25845,0.16708841919898987
25846,0.11147233098745346
25847,0.04131494462490082
25848,0.013717646710574627
25849,0.03696548566222191
25850,0.06781312823295593
25851,0.06861773133277893
25852,0.04399362951517105
25853,0.024840692058205605
25854,0.023673739284276962
25855,0.03056386671960354
25856,0.0330035425722599
25857,0.030127359554171562
25858,0.02440737932920456
25859,0.017526421695947647
25860,0.015125175938010216
25861,0.019900355488061905
25862,0.023907994851469994
25863,0.018648579716682434
25864,0.010050559416413307
25865,0.009749154560267925
25866,0.016200773417949677
25867,0.017603345215320587
25868,0.011420301161706448
25869,0.006882627960294485
25870,0.009473437443375587
25871,0.012784082442522049
25872,0.011029843240976334
25873,0.007384063675999641
25874,0.007170707918703556
25875,0.009102001786231995
25876,0.008870210498571396
25877,0.007319037802517414
25878,0.006885251495987177
25879,0.007711596786975861
25880,0.007660054136067629
25881,0.006803025491535664
25882,0.006776139605790377
25883,0.0073348223231732845
25884,0.007371322251856327
25885,0.0066911038011312485
25886,0.006753563415259123
25887,0.007461635395884514
25888,0.007516310550272465
25889,0.0068743666633963585
25890,0.0065843709744513035
25891,0.007410414982587099
25892,0.007971334271132946
25893,0.007435954641550779
25894,0.0067521557211875916
25895,0.006864177528768778
25896,0.007725328207015991
25897,0.007932874374091625
25898,0.007332113571465015
25899,0.006919194012880325
25900,0.007109492551535368
25901,0.0075783496722579
25902,0.007544689811766148
25903,0.007213097997009754
25904,0.007140645757317543
25905,0.007225195411592722
25906,0.0072427913546562195
25907,0.007074181921780109
25908,0.007023472338914871
25909,0.0072152987122535706
25910,0.007235143333673477
25911,0.006973741110414267
25912,0.006697721313685179
25913,0.006758844945579767
25914,0.007077611517161131
25915,0.00713874539360404
25916,0.006829525344073772
25917,0.0065045650117099285
25918,0.006515004206448793
25919,0.006801891140639782
25920,0.00692728953436017
25921,0.006724997889250517
25922,0.006449033506214619
25923,0.006383255589753389
25924,0.0065465220250189304
25925,0.00666891410946846
25926,0.006588350050151348
25927,0.006421624682843685
25928,0.006346271838992834
25929,0.006407388020306826
25930,0.0064793736673891544
25931,0.006454715505242348
25932,0.0063746292144060135
25933,0.006329706870019436
25934,0.006351646035909653
25935,0.00638589495792985
25936,0.006376845296472311
25937,0.00633916025981307
25938,0.006315582897514105
25939,0.006324338726699352
25940,0.006337921600788832
25941,0.006334227509796619
25942,0.00631996663287282
25943,0.006311194971203804
25944,0.006314465310424566
25945,0.006312825717031956
25946,0.006302562076598406
25947,0.006294537335634232
25948,0.006293885875493288
25949,0.006299607455730438
25950,0.006296718493103981
25951,0.006284110248088837
25952,0.006274009123444557
25953,0.006269980221986771
25954,0.006271664518862963
25955,0.006270491052418947
25956,0.006263819523155689
25957,0.006257861852645874
25958,0.0062540615908801556
25959,0.006252125836908817
25960,0.006249312311410904
25961,0.006245455704629421
25962,0.006242929957807064
25963,0.006241714581847191
25964,0.0062405625358223915
25965,0.006236436776816845
25966,0.006231589242815971
25967,0.006229296792298555
25968,0.006229172460734844
25969,0.00622955709695816
25970,0.006225901655852795
25971,0.006219677161425352
25972,0.006215425208210945
25973,0.0062132906168699265
25974,0.0062122768722474575
25975,0.00620960583910346
25976,0.006205493584275246
25977,0.006202394608408213
25978,0.006200432311743498
25979,0.006198910530656576
25980,0.006195970810949802
25981,0.006192323286086321
25982,0.006189895793795586
25983,0.006188589613884687
25984,0.00618773652240634
25985,0.006184819620102644
25986,0.006180468015372753
25987,0.006177196744829416
25988,0.006174915470182896
25989,0.006173074245452881
25990,0.006170306820422411
25991,0.006167244166135788
25992,0.006165063939988613
25993,0.006163711193948984
25994,0.0061627281829714775
25995,0.006159873679280281
25996,0.006155794486403465
25997,0.006152692250907421
25998,0.006150386296212673
25999,0.006148346234112978
26000,0.006145649589598179
26001,0.0061430842615664005
26002,0.006141649093478918
26003,0.0061414302326738834
26004,0.006142161320894957
26005,0.006140530575066805
26006,0.006136662792414427
26007,0.006134009454399347
26008,0.0061324420385062695
26009,0.006131779868155718
26010,0.0061355773359537125
26011,0.006147437263280153
26012,0.0061686085537076
26013,0.006205262150615454
26014,0.00626805704087019
26015,0.006350851617753506
26016,0.006471625994890928
26017,0.006689982954412699
26018,0.00708100525662303
26019,0.0077751572243869305
26020,0.00899349246174097
26021,0.011131626553833485
26022,0.014995568431913853
26023,0.021785620599985123
26024,0.033729732036590576
26025,0.05152092128992081
26026,0.07738170772790909
26027,0.10892178118228912
26028,0.1392585188150406
26029,0.14469371736049652
26030,0.11609780788421631
26031,0.059248119592666626
26032,0.015674486756324768
26033,0.01123926229774952
26034,0.038185760378837585
26035,0.06345982849597931
26036,0.06003328785300255
26037,0.03509325534105301
26038,0.011840573512017727
26039,0.010607242584228516
26040,0.023742735385894775
26041,0.030756525695323944
26042,0.02557256445288658
26043,0.014331115409731865
26044,0.008969486691057682
26045,0.011437628418207169
26046,0.014929475262761116
26047,0.015542086213827133
26048,0.012791851535439491
26049,0.0100261140614748
26050,0.008267482742667198
26051,0.008004069328308105
26052,0.009474215097725391
26053,0.01060034241527319
26054,0.010362314060330391
26055,0.00809424463659525
26056,0.006402113940566778
26057,0.00745823048055172
26058,0.009639921598136425
26059,0.010645217262208462
26060,0.00851130299270153
26061,0.006752999499440193
26062,0.007771970704197884
26063,0.010020778514444828
26064,0.011202385649085045
26065,0.008909585885703564
26066,0.00717212213203311
26067,0.008645525202155113
26068,0.011247808113694191
26069,0.012358147650957108
26070,0.009297954849898815
26071,0.0071698445826768875
26072,0.00921366736292839
26073,0.012654654681682587
26074,0.014032874256372452
26075,0.009945400059223175
26076,0.006789707578718662
26077,0.009159734472632408
26078,0.01362461969256401
26079,0.015608108602464199
26080,0.010705066844820976
26081,0.006453877780586481
26082,0.00896204449236393
26083,0.01437467709183693
26084,0.017074139788746834
26085,0.011505484580993652
26086,0.006318079773336649
26087,0.00899420864880085
26088,0.015279499813914299
26089,0.018617209047079086
26090,0.012342367321252823
26091,0.006320770364254713
26092,0.009328354150056839
26093,0.016592277213931084
26094,0.02047858014702797
26095,0.013237513601779938
26096,0.006328894291073084
26097,0.009945123456418514
26098,0.018434541299939156
26099,0.02284739911556244
26100,0.014251351356506348
26101,0.006307651754468679
26102,0.010853994637727737
26103,0.020918279886245728
26104,0.02580311894416809
26105,0.015355358831584454
26106,0.006278690882027149
26107,0.012276798486709595
26108,0.024398135021328926
26109,0.02954382821917534
26110,0.01650630123913288
26111,0.006273528095334768
26112,0.014573687687516212
26113,0.02934560552239418
26114,0.03418579697608948
26115,0.01745910756289959
26116,0.00641761627048254
26117,0.018509872257709503
26118,0.03656136989593506
26119,0.03971239551901817
26120,0.017718585208058357
26121,0.007176502607762814
26122,0.025580406188964844
26123,0.04700420796871185
26124,0.045259974896907806
26125,0.01628090813755989
26126,0.01005345769226551
26127,0.03847333416342735
26128,0.060940638184547424
26129,0.04791546240448952
26130,0.012385960668325424
26131,0.01924220472574234
26132,0.05996479466557503
26133,0.07383701205253601
26134,0.04129255935549736
26135,0.009359192103147507
26136,0.04242727905511856
26137,0.08506561070680618
26138,0.06978712975978851
26139,0.023213747888803482
26140,0.02224397473037243
26141,0.07732483744621277
26142,0.0844263881444931
26143,0.0364062674343586
26144,0.01983393356204033
26145,0.057438842952251434
26146,0.07764951884746552
26147,0.03666984289884567
26148,0.020479673519730568
26149,0.050457753241062164
26150,0.056259360164403915
26151,0.02307521365582943
26152,0.017176136374473572
26153,0.04498117044568062
26154,0.0417039580643177
26155,0.012014682404696941
26156,0.012490873225033283
26157,0.0336112417280674
26158,0.029575569555163383
26159,0.01167750172317028
26160,0.012142951600253582
26161,0.019501227885484695
26162,0.018211716786026955
26163,0.016196992248296738
26164,0.016784779727458954
26165,0.011054491624236107
26166,0.0100763700902462
26167,0.019465040415525436
26168,0.021934468299150467
26169,0.012987876310944557
26170,0.007288987748324871
26171,0.016421305015683174
26172,0.02182297222316265
26173,0.01759371906518936
26174,0.013162339106202126
26175,0.012329885736107826
26176,0.01352112926542759
26177,0.01638278178870678
26178,0.018962064757943153
26179,0.014728928916156292
26180,0.007834549993276596
26181,0.009843261912465096
26182,0.01710500381886959
26183,0.01765441708266735
26184,0.010634209029376507
26185,0.0064711556769907475
26186,0.010266013443470001
26187,0.015278981998562813
26188,0.014914748258888721
26189,0.010229453444480896
26190,0.006544353440403938
26191,0.009272774681448936
26192,0.014464029110968113
26193,0.014769459143280983
26194,0.010083448141813278
26195,0.006402483209967613
26196,0.009416651912033558
26197,0.013941330835223198
26198,0.014117855578660965
26199,0.010146569460630417
26200,0.007083221338689327
26201,0.008892001584172249
26202,0.012438715435564518
26203,0.013397770002484322
26204,0.010589980520308018
26205,0.007079044356942177
26206,0.007669379934668541
26207,0.011175915598869324
26208,0.012819507159292698
26209,0.0103659238666296
26210,0.00675266282632947
26211,0.006957510020583868
26212,0.010167487896978855
26213,0.011873532086610794
26214,0.010046507231891155
26215,0.006837208289653063
26216,0.0065505062229931355
26217,0.009152962826192379
26218,0.011028791777789593
26219,0.009976770728826523
26220,0.007085397839546204
26221,0.006344059947878122
26222,0.008365025743842125
26223,0.01030915230512619
26224,0.009913187474012375
26225,0.007451989687979221
26226,0.006357158534228802
26227,0.007717439904808998
26228,0.00956794060766697
26229,0.009790085256099701
26230,0.007838055491447449
26231,0.006435152608901262
26232,0.007117448374629021
26233,0.008821322582662106
26234,0.009537811391055584
26235,0.008067527785897255
26236,0.006475822068750858
26237,0.0066351210698485374
26238,0.008116028271615505
26239,0.009091122075915337
26240,0.008050584234297276
26241,0.00650381064042449
26242,0.006323921959847212
26243,0.007481783162802458
26244,0.008494648151099682
26245,0.0078433221206069
26246,0.006522430572658777
26247,0.006162372883409262
26248,0.006971796043217182
26249,0.007885432802140713
26250,0.007541936822235584
26251,0.00651937909424305
26252,0.006097891833633184
26253,0.006617110688239336
26254,0.00737583264708519
26255,0.007238621357828379
26256,0.0064948005601763725
26257,0.0060819159261882305
26258,0.00640140613541007
26259,0.007013387978076935
26260,0.006996095180511475
26261,0.006464716047048569
26262,0.00608451385051012
26263,0.006281554698944092
26264,0.006785954814404249
26265,0.006837178021669388
26266,0.006444789469242096
26267,0.0060897087678313255
26268,0.006209351122379303
26269,0.006646186579018831
26270,0.006743697915226221
26271,0.006436462514102459
26272,0.006089499685913324
26273,0.006147071253508329
26274,0.006536284927278757
26275,0.006675097160041332
26276,0.006431691348552704
26277,0.0060845972038805485
26278,0.006079511251300573
26279,0.006417945027351379
26280,0.006594830192625523
26281,0.006418831646442413
26282,0.00608221348375082
26283,0.006017401814460754
26284,0.0062934402376413345
26285,0.00649479404091835
26286,0.0063902586698532104
26287,0.006084156688302755
26288,0.005974907428026199
26289,0.0061867027543485165
26290,0.006394143216311932
26291,0.006352721713483334
26292,0.006089029833674431
26293,0.005952133797109127
26294,0.006106865126639605
26295,0.006307683885097504
26296,0.006314130965620279
26297,0.006093125324696302
26298,0.005936357192695141
26299,0.006036357022821903
26300,0.006223353091627359
26301,0.006271084304898977
26302,0.006096384022384882
26303,0.005926576908677816
26304,0.005969763733446598
26305,0.006133147981017828
26306,0.006218203343451023
26307,0.006098386365920305
26308,0.00592963770031929
26309,0.0059202685952186584
26310,0.006047717295587063
26311,0.006157112307846546
26312,0.006094605196267366
26313,0.005941800773143768
26314,0.005888877436518669
26315,0.005971279926598072
26316,0.006089792121201754
26317,0.006082046311348677
26318,0.005958394147455692
26319,0.005873162765055895
26320,0.0059044091030955315
26321,0.006016393192112446
26322,0.006057789083570242
26323,0.005977366119623184
26324,0.005878488998860121
26325,0.005857718177139759
26326,0.005943892989307642
26327,0.00601935014128685
26328,0.005989076569676399
26329,0.0058968630619347095
26330,0.005831752438098192
26331,0.005878291092813015
26332,0.0059690773487091064
26333,0.005989224184304476
26334,0.0059253559447824955
26335,0.005832086317241192
26336,0.005829655099660158
26337,0.005911136046051979
26338,0.005966769065707922
26339,0.005939785856753588
26340,0.005839349236339331
26341,0.0057969228364527225
26342,0.0058574676513671875
26343,0.0059378561563789845
26344,0.00596218416467309
26345,0.0058780210092663765
26346,0.005800074897706509
26347,0.005820832215249538
26348,0.005885744467377663
26349,0.005916820839047432
26350,0.005871910136193037
26351,0.005861095152795315
26352,0.005979330278933048
26353,0.006253218278288841
26354,0.006714835297316313
26355,0.007211223244667053
26356,0.007932072505354881
26357,0.009529823437333107
26358,0.012691463343799114
26359,0.018717000260949135
26360,0.029739223420619965
26361,0.049292225390672684
26362,0.08093137294054031
26363,0.12559853494167328
26364,0.1653892546892166
26365,0.17529934644699097
26366,0.12291226536035538
26367,0.05264436826109886
26368,0.010983116924762726
26369,0.0233132503926754
26370,0.05805416405200958
26371,0.06888116896152496
26372,0.05099453404545784
26373,0.01954905316233635
26374,0.008572776801884174
26375,0.020152051001787186
26376,0.030439605936408043
26377,0.028115717694163322
26378,0.015975043177604675
26379,0.008744248189032078
26380,0.010918454267084599
26381,0.016279779374599457
26382,0.017595767974853516
26383,0.013346480205655098
26384,0.008595757186412811
26385,0.007835902273654938
26386,0.012281768023967743
26387,0.015554966405034065
26388,0.012917709536850452
26389,0.0082556689158082
26390,0.007464129477739334
26391,0.013105597347021103
26392,0.016699975356459618
26393,0.013934041373431683
26394,0.009237207472324371
26395,0.008324097841978073
26396,0.0138853183016181
26397,0.017561916261911392
26398,0.015158011578023434
26399,0.011069687083363533
26400,0.00953621044754982
26401,0.013896883465349674
26402,0.01733117178082466
26403,0.01586483046412468
26404,0.012476744130253792
26405,0.01047791913151741
26406,0.013464590534567833
26407,0.016389623284339905
26408,0.015781765803694725
26409,0.013497808948159218
26410,0.01130882278084755
26411,0.012618163600564003
26412,0.01483013667166233
26413,0.01542733795940876
26414,0.014273717068135738
26415,0.011586261913180351
26416,0.011248623952269554
26417,0.0131720881909132
26418,0.015172217972576618
26419,0.014695791527628899
26420,0.011237837374210358
26421,0.009809105657041073
26422,0.011902475729584694
26423,0.014770186506211758
26424,0.014589359052479267
26425,0.010688219219446182
26426,0.008746406063437462
26427,0.010852621868252754
26428,0.014031004160642624
26429,0.014211436733603477
26430,0.010341322980821133
26431,0.008097689598798752
26432,0.009948906488716602
26433,0.013212688267230988
26434,0.013847362250089645
26435,0.010188686661422253
26436,0.007684315554797649
26437,0.009218703955411911
26438,0.012439342215657234
26439,0.013428366743028164
26440,0.01006066519767046
26441,0.007472877856343985
26442,0.00874407310038805
26443,0.01177180465310812
26444,0.012953253462910652
26445,0.009969179518520832
26446,0.007457583677023649
26447,0.008447738364338875
26448,0.011164562776684761
26449,0.012472260743379593
26450,0.009938964620232582
26451,0.0075693195685744286
26452,0.008259862661361694
26453,0.010629141703248024
26454,0.01203217078000307
26455,0.00993084441870451
26456,0.007730509154498577
26457,0.008174216374754906
26458,0.010191118344664574
26459,0.011576573364436626
26460,0.009810843504965305
26461,0.007888762280344963
26462,0.008266442455351353
26463,0.009941072203218937
26464,0.01112210750579834
26465,0.009546661749482155
26466,0.008034564554691315
26467,0.008557930588722229
26468,0.009922804310917854
26469,0.01072586141526699
26470,0.009190099313855171
26471,0.008167390711605549
26472,0.009010917507112026
26473,0.010123752057552338
26474,0.010451328940689564
26475,0.008818961679935455
26476,0.008286387659609318
26477,0.009567022323608398
26478,0.010517270304262638
26479,0.010338489897549152
26480,0.008483920246362686
26481,0.008385306224226952
26482,0.010172245092689991
26483,0.011064479127526283
26484,0.010392673313617706
26485,0.008210219442844391
26486,0.00846070982515812
26487,0.01079219114035368
26488,0.011718356981873512
26489,0.01058868132531643
26490,0.008007102645933628
26491,0.008534676395356655
26492,0.01142204087227583
26493,0.012436543591320515
26494,0.010876692831516266
26495,0.007863778620958328
26496,0.008640462532639503
26497,0.012085789814591408
26498,0.01319245994091034
26499,0.011201659217476845
26500,0.007767448667436838
26501,0.008822624571621418
26502,0.012820029631257057
26503,0.013958959840238094
26504,0.01149681769311428
26505,0.007699443958699703
26506,0.009132742881774902
26507,0.013666761107742786
26508,0.014702052809298038
26509,0.011683663353323936
26510,0.007640430238097906
26511,0.009621991775929928
26512,0.014652615413069725
26513,0.01537261437624693
26514,0.011692021042108536
26515,0.007597890216857195
26516,0.01033766195178032
26517,0.015752464532852173
26518,0.015867648646235466
26519,0.011442936025559902
26520,0.007592124864459038
26521,0.01130605861544609
26522,0.016889745369553566
26523,0.01606294885277748
26524,0.010896487161517143
26525,0.007683083415031433
26526,0.012518124654889107
26527,0.017904629930853844
26528,0.015801960602402687
26529,0.010057271458208561
26530,0.007948518730700016
26531,0.013882892206311226
26532,0.018547121435403824
26533,0.014942057430744171
26534,0.00900846067816019
26535,0.008454274386167526
26536,0.015203418210148811
26537,0.018534816801548004
26538,0.013450764119625092
26539,0.007938824594020844
26540,0.009204077534377575
26541,0.016164809465408325
26542,0.017640002071857452
26543,0.011482443660497665
26544,0.0071017504669725895
26545,0.010073835030198097
26546,0.016406383365392685
26547,0.015838010236620903
26548,0.009393061511218548
26549,0.006691379938274622
26550,0.010791424661874771
26551,0.015686819329857826
26552,0.013406621292233467
26553,0.0076193190179765224
26554,0.006712025962769985
26555,0.011044980958104134
26556,0.014072513207793236
26557,0.01086598914116621
26558,0.006464545615017414
26559,0.006965753622353077
26560,0.010685267858207226
26561,0.011964733712375164
26562,0.008725992403924465
26563,0.00593848479911685
26564,0.0071759894490242004
26565,0.009821956977248192
26566,0.009886471554636955
26567,0.007243969477713108
26568,0.0058191386051476
26569,0.00716886343434453
26570,0.008736483752727509
26571,0.008212383836507797
26572,0.006386237218976021
26573,0.005855705123394728
26574,0.006958166137337685
26575,0.007719802670180798
26576,0.007063597906380892
26577,0.005958310328423977
26578,0.005888983141630888
26579,0.006652687210589647
26580,0.006936863996088505
26581,0.006370105780661106
26582,0.005760854110121727
26583,0.005866012070327997
26584,0.0063467491418123245
26585,0.006405600346624851
26586,0.005987314507365227
26587,0.0056655374355614185
26588,0.005803038831800222
26589,0.006099898833781481
26590,0.006081814412027597
26591,0.005791999865323305
26592,0.0056115612387657166
26593,0.005722368136048317
26594,0.00591056514531374
26595,0.005885788705199957
26596,0.005694251507520676
26597,0.005579800345003605
26598,0.005653094034641981
26599,0.005783964414149523
26600,0.00577760161831975
26601,0.005651727318763733
26602,0.005561616737395525
26603,0.0055904691107571125
26604,0.005672967992722988
26605,0.00568427937105298
26606,0.005617955699563026
26607,0.005558687262237072
26608,0.00557555491104722
26609,0.005653435830026865
26610,0.0056868428364396095
26611,0.0056453305296599865
26612,0.0055893342941999435
26613,0.005570428911596537
26614,0.005598594434559345
26615,0.005695475731045008
26616,0.005900525487959385
26617,0.0062555293552577496
26618,0.0069533237256109715
26619,0.008310636505484581
26620,0.010324704460799694
26621,0.013533282093703747
26622,0.01972302421927452
26623,0.031269464641809464
26624,0.052132971584796906
26625,0.0829535722732544
26626,0.12538844347000122
26627,0.1642964631319046
26628,0.18814638257026672
26629,0.1513989269733429
26630,0.08100327849388123
26631,0.01745528355240822
26632,0.014527266845107079
26633,0.057291291654109955
26634,0.09066537022590637
26635,0.0777326226234436
26636,0.02891179732978344
26637,0.007242941297590733
26638,0.029360059648752213
26639,0.05506991595029831
26640,0.04581853747367859
26641,0.015290509909391403
26642,0.008630328811705112
26643,0.026486437767744064
26644,0.039001770317554474
26645,0.024174794554710388
26646,0.0075945560820400715
26647,0.015357915312051773
26648,0.029941750690340996
26649,0.02828781120479107
26650,0.011296692304313183
26651,0.009818041697144508
26652,0.025753162801265717
26653,0.03295893967151642
26654,0.020288925617933273
26655,0.006733119487762451
26656,0.017947282642126083
26657,0.03520050644874573
26658,0.031634703278541565
26659,0.013846069574356079
26660,0.008743133395910263
26661,0.027149390429258347
26662,0.037827007472515106
26663,0.025601521134376526
26664,0.010716862976551056
26665,0.014844485558569431
26666,0.03064599446952343
26667,0.030804922804236412
26668,0.018260419368743896
26669,0.012576373293995857
26670,0.019206469878554344
26671,0.025169849395751953
26672,0.02094893530011177
26673,0.015666108578443527
26674,0.014531521126627922
26675,0.01597517728805542
26676,0.017062420025467873
26677,0.016406139358878136
26678,0.014622563496232033
26679,0.011202397756278515
26680,0.01100916601717472
26681,0.014361086301505566
26682,0.014059475623071194
26683,0.009775840677320957
26684,0.007917096838355064
26685,0.011018614284694195
26686,0.01249471865594387
26687,0.008802327327430248
26688,0.006814278662204742
26689,0.00916289258748293
26690,0.01015044841915369
26691,0.007701737806200981
26692,0.006425689905881882
26693,0.00810018926858902
26694,0.0086550023406744
26695,0.0068488107062876225
26696,0.006216077599674463
26697,0.0073471651412546635
26698,0.0074486155062913895
26699,0.006428031250834465
26700,0.0062790983356535435
26701,0.006767584010958672
26702,0.006523867137730122
26703,0.00605791388079524
26704,0.006336981896311045
26705,0.006551182363182306
26706,0.006029272917658091
26707,0.005746454931795597
26708,0.006152037531137466
26709,0.006332750432193279
26710,0.005929174832999706
26711,0.005700218956917524
26712,0.0059208860620856285
26713,0.006018891464918852
26714,0.005842608865350485
26715,0.0057837930507957935
26716,0.005861396435648203
26717,0.0057967607863247395
26718,0.005690590478479862
26719,0.005758008919656277
26720,0.005836193449795246
26721,0.005738504696637392
26722,0.005628533195704222
26723,0.005678533110767603
26724,0.005750696640461683
26725,0.00569554278627038
26726,0.0056264689192175865
26727,0.005650334060192108
26728,0.005680400412529707
26729,0.005646222736686468
26730,0.0056093428283929825
26731,0.005624484270811081
26732,0.00563826085999608
26733,0.0056153107434511185
26734,0.005601201672106981
26735,0.005606025457382202
26736,0.005598931107670069
26737,0.005579045042395592
26738,0.005578278563916683
26739,0.005597140174359083
26740,0.005589539185166359
26741,0.005558272358030081
26742,0.005546977743506432
26743,0.005561865400522947
26744,0.0055733490735292435
26745,0.005557214841246605
26746,0.0055371420457959175
26747,0.005536040756851435
26748,0.005541360005736351
26749,0.005541355349123478
26750,0.005531955044716597
26751,0.005524130072444677
26752,0.005522704683244228
26753,0.005521682091057301
26754,0.005521843209862709
26755,0.00551639124751091
26756,0.005508910398930311
26757,0.005506271496415138
26758,0.005508183501660824
26759,0.005512345116585493
26760,0.005505095236003399
26761,0.005493711680173874
26762,0.005491348449140787
26763,0.005496933124959469
26764,0.005503663327544928
26765,0.005494965706020594
26766,0.005480904132127762
26767,0.005477516911923885
26768,0.005482469219714403
26769,0.005489353556185961
26770,0.0054820808582007885
26771,0.005469086114317179
26772,0.005465016234666109
26773,0.00546767795458436
26774,0.005472999997437
26775,0.005467244889587164
26776,0.005456717684864998
26777,0.00545326666906476
26778,0.005455190781503916
26779,0.005459815263748169
26780,0.005454306025058031
26781,0.005444616079330444
26782,0.005441760178655386
26783,0.00544428126886487
26784,0.005449831485748291
26785,0.005444393493235111
26786,0.00543368561193347
26787,0.005429812707006931
26788,0.005431772209703922
26789,0.0054374816827476025
26790,0.005432783160358667
26791,0.005422435235232115
26792,0.005418323911726475
26793,0.005419633816927671
26794,0.005424670875072479
26795,0.005420230794698
26796,0.005410807207226753
26797,0.005407370161265135
26798,0.005409010220319033
26799,0.005414228420704603
26800,0.005409799050539732
26801,0.0054001579992473125
26802,0.005396297667175531
26803,0.005397350527346134
26804,0.00540202809497714
26805,0.005397900938987732
26806,0.005389026366174221
26807,0.005385688040405512
26808,0.005386911332607269
26809,0.005391755606979132
26810,0.005387839395552874
26811,0.005378862842917442
26812,0.005374957341700792
26813,0.005375086795538664
26814,0.0053785862401127815
26815,0.005374822299927473
26816,0.005367441102862358
26817,0.005364967510104179
26818,0.005366599652916193
26819,0.005372118670493364
26820,0.0053688837215304375
26821,0.005359573755413294
26822,0.005354529712349176
26823,0.00535227544605732
26824,0.005351953208446503
26825,0.005348635371774435
26826,0.005347680766135454
26827,0.005353904329240322
26828,0.005369110964238644
26829,0.005398591049015522
26830,0.005415433086454868
26831,0.005419186782091856
26832,0.005444394424557686
26833,0.005503479391336441
26834,0.005623451434075832
26835,0.0058977133594453335
26836,0.006475389469414949
26837,0.007600827142596245
26838,0.009782595559954643
26839,0.014040598645806313
26840,0.020496387034654617
26841,0.030665580183267593
26842,0.04726426675915718
26843,0.07049275934696198
26844,0.09322692453861237
26845,0.10023146122694016
26846,0.08003640174865723
26847,0.05250862240791321
26848,0.024842947721481323
26849,0.01273969653993845
26850,0.015471920371055603
26851,0.027342047542333603
26852,0.04307389259338379
26853,0.04839097335934639
26854,0.04641685262322426
26855,0.0371873676776886
26856,0.028919773176312447
26857,0.023588329553604126
26858,0.019429156556725502
26859,0.019249342381954193
26860,0.020602013915777206
26861,0.018928280100226402
26862,0.014354802668094635
26863,0.01113935187458992
26864,0.013135286048054695
26865,0.016042716801166534
26866,0.013903817161917686
26867,0.009596645832061768
26868,0.00732844602316618
26869,0.007828421890735626
26870,0.00872721616178751
26871,0.00927889347076416
26872,0.010300887748599052
26873,0.010540715418756008
26874,0.008797098882496357
26875,0.006797020323574543
26876,0.006343758199363947
26877,0.006777596659958363
26878,0.006706043612211943
26879,0.006387398578226566
26880,0.006654403172433376
26881,0.006896340288221836
26882,0.006292486563324928
26883,0.005710389465093613
26884,0.0059432717971503735
26885,0.0064826589077711105
26886,0.006587596610188484
26887,0.006374977994710207
26888,0.006343334447592497
26889,0.006300532724708319
26890,0.005939767695963383
26891,0.0056618582457304
26892,0.005789981689304113
26893,0.0060087270103394985
26894,0.005944822449237108
26895,0.0056811789982020855
26896,0.005522020161151886
26897,0.005513282027095556
26898,0.005516750738024712
26899,0.005538245663046837
26900,0.005591071676462889
26901,0.0055978610180318356
26902,0.0055449362844228745
26903,0.005488857626914978
26904,0.005507899913936853
26905,0.005524365697056055
26906,0.005478932522237301
26907,0.005440761800855398
26908,0.005426616407930851
26909,0.005415977910161018
26910,0.005412217695266008
26911,0.005441274028271437
26912,0.005489889066666365
26913,0.005534229334443808
26914,0.005571549758315086
26915,0.005560905206948519
26916,0.005547126289457083
26917,0.005557316355407238
26918,0.005568376276642084
26919,0.005590721033513546
26920,0.005657791625708342
26921,0.005783711560070515
26922,0.005950575228780508
26923,0.006204631179571152
26924,0.006610444281250238
26925,0.0069684190675616264
26926,0.007291511166840792
26927,0.007755644619464874
26928,0.00849359855055809
26929,0.009513556957244873
26930,0.010948934592306614
26931,0.012678556144237518
26932,0.01476141344755888
26933,0.01669241115450859
26934,0.018419018015265465
26935,0.01810300163924694
26936,0.016299424692988396
26937,0.013552837073802948
26938,0.010868148878216743
26939,0.008793619461357594
26940,0.0075997961685061455
26941,0.006894838996231556
26942,0.00651444960385561
26943,0.006374403368681669
26944,0.0063443901017308235
26945,0.006471636239439249
26946,0.006687621586024761
26947,0.006865067407488823
26948,0.007068941369652748
26949,0.00733058201149106
26950,0.007574434392154217
26951,0.007909773848950863
26952,0.00831738580018282
26953,0.008664418943226337
26954,0.008824662305414677
26955,0.008655311539769173
26956,0.008313733153045177
26957,0.008042199537158012
26958,0.00789340864866972
26959,0.007888231426477432
26960,0.007776304148137569
26961,0.007494963705539703
26962,0.007227775175124407
26963,0.006966061424463987
26964,0.006711720488965511
26965,0.006580436136573553
26966,0.006560507696121931
26967,0.006527941208332777
26968,0.006459426134824753
26969,0.006359289400279522
26970,0.006061158142983913
26971,0.005720033776015043
26972,0.0055268690921366215
26973,0.0054601444862782955
26974,0.00548213068395853
26975,0.005476448684930801
26976,0.005410964135080576
26977,0.005360324867069721
26978,0.005327271297574043
26979,0.0053094616159796715
26980,0.005298364441841841
26981,0.005313390400260687
26982,0.005354755558073521
26983,0.005411404650658369
26984,0.005471842363476753
26985,0.0054216571152210236
26986,0.005317537114024162
26987,0.005268489010632038
26988,0.005264883395284414
26989,0.005294961854815483
26990,0.0052971020340919495
26991,0.0052804164588451385
26992,0.005291254725307226
26993,0.0053249020129442215
26994,0.00537796039134264
26995,0.005403338465839624
26996,0.005447390954941511
26997,0.005569694098085165
26998,0.005784186068922281
26999,0.0061258175410330296
27000,0.006523050833493471
27001,0.007076590321958065
27002,0.008026717230677605
27003,0.00960884802043438
27004,0.01214691437780857
27005,0.016282325610518456
27006,0.022826602682471275
27007,0.033073410391807556
27008,0.04803081974387169
27009,0.06862141191959381
27010,0.09045027941465378
27011,0.10790236294269562
27012,0.10927832126617432
27013,0.09064674377441406
27014,0.05484229326248169
27015,0.025199035182595253
27016,0.01725912094116211
27017,0.02959463745355606
27018,0.043856989592313766
27019,0.04193612188100815
27020,0.02489388734102249
27021,0.009967073798179626
27022,0.010390284471213818
27023,0.021704189479351044
27024,0.028845161199569702
27025,0.023490682244300842
27026,0.012339052744209766
27027,0.0068484339863061905
27028,0.009974278509616852
27029,0.015737494453787804
27030,0.01627201773226261
27031,0.011472860351204872
27032,0.0069150119088590145
27033,0.006795201450586319
27034,0.010046914219856262
27035,0.011346058920025826
27036,0.009090614505112171
27037,0.006382996682077646
27038,0.006408503279089928
27039,0.008700530044734478
27040,0.009037160314619541
27041,0.0069691636599600315
27042,0.005532349459826946
27043,0.006237206980586052
27044,0.0079731997102499
27045,0.007628235500305891
27046,0.005918553099036217
27047,0.005395634099841118
27048,0.006150529254227877
27049,0.0069503700360655785
27050,0.006246295291930437
27051,0.0053632925264537334
27052,0.005705756600946188
27053,0.006516708992421627
27054,0.0068978192284703255
27055,0.006032053381204605
27056,0.005458875559270382
27057,0.005997572559863329
27058,0.006654464174062014
27059,0.006890334654599428
27060,0.006104521453380585
27061,0.005657672416418791
27062,0.0061585381627082825
27063,0.006658243481069803
27064,0.006784666329622269
27065,0.006015659309923649
27066,0.0056274631060659885
27067,0.006209840532392263
27068,0.006917470600455999
27069,0.007293141447007656
27070,0.006429676432162523
27071,0.005663122981786728
27072,0.006043171044439077
27073,0.006826454773545265
27074,0.007341457065194845
27075,0.0064518628641963005
27076,0.005514142103493214
27077,0.005866904743015766
27078,0.006894084624946117
27079,0.007752915844321251
27080,0.006840523798018694
27081,0.0055254800245165825
27082,0.005611065309494734
27083,0.006587742827832699
27084,0.007505648769438267
27085,0.006660624872893095
27086,0.005379603244364262
27087,0.005519539583474398
27088,0.006679708603769541
27089,0.007943471893668175
27090,0.007169053889811039
27091,0.0055906400084495544
27092,0.00538876885548234
27093,0.006139475852251053
27094,0.0069333934225142
27095,0.006247423589229584
27096,0.005397344008088112
27097,0.005995273124426603
27098,0.0077604614198207855
27099,0.010098909959197044
27100,0.009979890659451485
27101,0.008416546508669853
27102,0.008289441466331482
27103,0.00916697271168232
27104,0.010299965739250183
27105,0.012879649177193642
27106,0.019238153472542763
27107,0.029850732535123825
27108,0.04522107169032097
27109,0.06584956496953964
27110,0.07459589838981628
27111,0.07294894754886627
27112,0.062008537352085114
27113,0.04811989143490791
27114,0.02879847213625908
27115,0.01652422733604908
27116,0.010629378259181976
27117,0.00801023468375206
27118,0.007737587206065655
27119,0.008976340293884277
27120,0.013337317854166031
27121,0.022087305784225464
27122,0.029229886829853058
27123,0.03167673945426941
27124,0.027519389986991882
27125,0.016331413760781288
27126,0.0086651761084795
27127,0.008889815770089626
27128,0.013072237372398376
27129,0.018853627145290375
27130,0.020025847479701042
27131,0.017391735687851906
27132,0.01213329192250967
27133,0.006684311665594578
27134,0.005647210404276848
27135,0.008141200989484787
27136,0.009267044253647327
27137,0.007240853272378445
27138,0.006028006784617901
27139,0.007616632618010044
27140,0.008295442909002304
27141,0.007759161293506622
27142,0.008183354511857033
27143,0.011109715327620506
27144,0.013924677856266499
27145,0.010242382064461708
27146,0.005682126618921757
27147,0.006388761103153229
27148,0.010653115808963776
27149,0.014272552914917469
27150,0.011095339432358742
27151,0.00648170430213213
27152,0.00609234906733036
27153,0.007977996952831745
27154,0.010137139819562435
27155,0.008589204400777817
27156,0.006054135970771313
27157,0.006091606337577105
27158,0.007595364470034838
27159,0.009723713621497154
27160,0.008264764212071896
27161,0.005770468153059483
27162,0.006180768366903067
27163,0.008815998211503029
27164,0.012018350884318352
27165,0.009873748756945133
27166,0.005872646346688271
27167,0.005843332037329674
27168,0.00874739047139883
27169,0.01207892969250679
27170,0.009675923734903336
27171,0.005598716903477907
27172,0.005906634032726288
27173,0.00916746910661459
27174,0.012795234099030495
27175,0.010199436917901039
27176,0.005835555028170347
27177,0.0059464797377586365
27178,0.009209195151925087
27179,0.013392647728323936
27180,0.010998189449310303
27181,0.006247832905501127
27182,0.005789849907159805
27183,0.008685745298862457
27184,0.012911004014313221
27185,0.010643146932125092
27186,0.006058255210518837
27187,0.005875362083315849
27188,0.009289047680795193
27189,0.014030903577804565
27190,0.011302338913083076
27191,0.006048163864761591
27192,0.005880394019186497
27193,0.009720711037516594
27194,0.014736487530171871
27195,0.011507217772305012
27196,0.005834847688674927
27197,0.0060472991317510605
27198,0.010553083382546902
27199,0.016001205891370773
27200,0.012172762304544449
27201,0.0058432286605238914
27202,0.006218559108674526
27203,0.011175684630870819
27204,0.016910571604967117
27205,0.012640412896871567
27206,0.005841471254825592
27207,0.006470274180173874
27208,0.012016480788588524
27209,0.01832931861281395
27210,0.01362704485654831
27211,0.006048897281289101
27212,0.00670001981779933
27213,0.012742258608341217
27214,0.01935419999063015
27215,0.013961211778223515
27216,0.005823859479278326
27217,0.0072547742165625095
27218,0.014990374445915222
27219,0.023222269490361214
27220,0.016711195930838585
27221,0.006549386773258448
27222,0.007788553833961487
27223,0.01595144532620907
27224,0.023106303066015244
27225,0.014905916526913643
27226,0.005947337951511145
27227,0.011551210656762123
27228,0.026063529774546623
27229,0.040527693927288055
27230,0.03106752410531044
27231,0.016753841191530228
27232,0.01941627636551857
27233,0.02996046654880047
27234,0.03455789387226105
27235,0.023194510489702225
27236,0.021217867732048035
27237,0.040813904255628586
27238,0.06826318800449371
27239,0.08758855611085892
27240,0.056087199598550797
27241,0.02599038928747177
27242,0.028772830963134766
27243,0.043168358504772186
27244,0.04391491413116455
27245,0.017094993963837624
27246,0.018463842570781708
27247,0.0500456839799881
27248,0.057864077389240265
27249,0.03079976886510849
27250,0.006619826424866915
27251,0.04418535530567169
27252,0.08180789649486542
27253,0.057146377861499786
27254,0.0243142731487751
27255,0.041618235409259796
27256,0.0836411714553833
27257,0.0630464255809784
27258,0.018230274319648743
27259,0.030644865706562996
27260,0.07124161720275879
27261,0.061435528099536896
27262,0.01980186253786087
27263,0.02631979063153267
27264,0.05069199204444885
27265,0.04245481640100479
27266,0.018266480416059494
27267,0.015374290756881237
27268,0.03320353478193283
27269,0.03181818127632141
27270,0.013776936568319798
27271,0.00993596762418747
27272,0.01939939334988594
27273,0.01603207178413868
27274,0.013677077367901802
27275,0.015087811276316643
27276,0.008800950832664967
27277,0.006897682324051857
27278,0.013945406302809715
27279,0.018135348334908485
27280,0.011765223927795887
27281,0.011724831536412239
27282,0.012949223630130291
27283,0.012033607810735703
27284,0.01803688332438469
27285,0.02019653096795082
27286,0.014887305907905102
27287,0.008956492878496647
27288,0.012683762237429619
27289,0.020852774381637573
27290,0.020269621163606644
27291,0.010992961004376411
27292,0.006174709647893906
27293,0.013077311217784882
27294,0.01944335177540779
27295,0.014285320416092873
27296,0.006541743408888578
27297,0.007490841206163168
27298,0.01241224817931652
27299,0.015524579212069511
27300,0.0122237429022789
27301,0.006606622599065304
27302,0.006112867966294289
27303,0.010836202651262283
27304,0.015255512669682503
27305,0.011870743706822395
27306,0.006865958217531443
27307,0.006465204060077667
27308,0.009791059419512749
27309,0.014818966388702393
27310,0.013199239037930965
27311,0.008250790648162365
27312,0.006463594734668732
27313,0.009819298051297665
27314,0.015370668843388557
27315,0.014075400307774544
27316,0.008519873023033142
27317,0.0059435246512293816
27318,0.010155722498893738
27319,0.01583896391093731
27320,0.013415971770882607
27321,0.007213362492620945
27322,0.005838354583829641
27323,0.010206727311015129
27324,0.014872822910547256
27325,0.012298938818275928
27326,0.006714166142046452
27327,0.005713765975087881
27328,0.0095971142873168
27329,0.013996444642543793
27330,0.011808745563030243
27331,0.006882627960294485
27332,0.0057096038945019245
27333,0.009010318666696548
27334,0.013479344546794891
27335,0.01187497191131115
27336,0.007286034058779478
27337,0.00571904331445694
27338,0.008669202215969563
27339,0.013187634758651257
27340,0.011989519000053406
27341,0.007537681609392166
27342,0.00568220904096961
27343,0.008454116061329842
27344,0.01293037086725235
27345,0.01189512386918068
27346,0.007463260553777218
27347,0.005576425697654486
27348,0.008350740186870098
27349,0.01259102113544941
27350,0.011498347856104374
27351,0.0072342101484537125
27352,0.005492202937602997
27353,0.008148722350597382
27354,0.012085115537047386
27355,0.011027943342924118
27356,0.007050388492643833
27357,0.005441503133624792
27358,0.007809138391166925
27359,0.011443579569458961
27360,0.010600055567920208
27361,0.007016148883849382
27362,0.005424046888947487
27363,0.0074560935609042645
27364,0.01085609383881092
27365,0.010273934341967106
27366,0.00706271268427372
27367,0.0054285163059830666
27368,0.007183832116425037
27369,0.010406691581010818
27370,0.01004281360656023
27371,0.00710633210837841
27372,0.005424322560429573
27373,0.006968121975660324
27374,0.010036544874310493
27375,0.009834478609263897
27376,0.007106158882379532
27377,0.005399829242378473
27378,0.006759420037269592
27379,0.009630858898162842
27380,0.009551722556352615
27381,0.007048521190881729
27382,0.005372298881411552
27383,0.006570375058799982
27384,0.009223700501024723
27385,0.009233469143509865
27386,0.0069620441645383835
27387,0.005350354127585888
27388,0.006394479889422655
27389,0.008834470063447952
27390,0.008923737332224846
27391,0.006882116198539734
27392,0.005335452035069466
27393,0.006221684627234936
27394,0.00845298171043396
27395,0.008625823073089123
27396,0.006814097054302692
27397,0.005328554194420576
27398,0.006056208163499832
27399,0.008089558221399784
27400,0.008346685208380222
27401,0.0067557962611317635
27402,0.005328986793756485
27403,0.005909829866141081
27404,0.0077683404088020325
27405,0.008104108273983002
27406,0.006711401976644993
27407,0.005332141183316708
27408,0.005777712445706129
27409,0.007475823629647493
27410,0.007881835103034973
27411,0.006668937858194113
27412,0.005335617810487747
27413,0.00565719697624445
27414,0.007201398257166147
27415,0.007663746364414692
27416,0.0066176895052194595
27417,0.005341317504644394
27418,0.0055608139373362064
27419,0.006970733404159546
27420,0.007477879989892244
27421,0.006573203019797802
27422,0.005344836041331291
27423,0.005460316315293312
27424,0.006727897562086582
27425,0.007269974797964096
27426,0.006511201616376638
27427,0.005352377891540527
27428,0.005392435006797314
27429,0.0065469201654195786
27430,0.007115896325558424
27431,0.006469746120274067
27432,0.005356644280254841
27433,0.005295727401971817
27434,0.006299576256424189
27435,0.006882095709443092
27436,0.006382649764418602
27437,0.0053726183250546455
27438,0.005288542248308659
27439,0.006243538577109575
27440,0.0068536195904016495
27441,0.006405951920896769
27442,0.005383026786148548
27443,0.005117123480886221
27444,0.00578722869977355
27445,0.006370940245687962
27446,0.006226308178156614
27447,0.0055776541121304035
27448,0.005719013512134552
27449,0.007036922499537468
27450,0.008096374571323395
27451,0.008036959916353226
27452,0.007559085264801979
27453,0.008016007021069527
27454,0.010112200863659382
27455,0.0151522820815444
27456,0.024549946188926697
27457,0.04089062288403511
27458,0.06808310747146606
27459,0.11261379718780518
27460,0.15207260847091675
27461,0.1759411096572876
27462,0.15773341059684753
27463,0.10385718196630478
27464,0.03780260309576988
27465,0.00938500463962555
27466,0.019660653546452522
27467,0.04408363252878189
27468,0.05829676613211632
27469,0.046392954885959625
27470,0.024913541972637177
27471,0.009475247003138065
27472,0.01025492325425148
27473,0.022743282839655876
27474,0.02924877032637596
27475,0.02454851008951664
27476,0.012338321655988693
27477,0.0057188114151358604
27478,0.009730835445225239
27479,0.016803665086627007
27480,0.017857205122709274
27481,0.011771484278142452
27482,0.006551926489919424
27483,0.006678259000182152
27484,0.01044820249080658
27485,0.011915519833564758
27486,0.009855246171355247
27487,0.007122412323951721
27488,0.006048310548067093
27489,0.007201473228633404
27490,0.008460285142064095
27491,0.008258114568889141
27492,0.006927726790308952
27493,0.005776194855570793
27494,0.0058807856403291225
27495,0.006808647885918617
27496,0.007141841109842062
27497,0.0063968077301979065
27498,0.005463271867483854
27499,0.005551579874008894
27500,0.0062700980342924595
27501,0.00658367108553648
27502,0.005979869514703751
27503,0.005328393075615168
27504,0.005547169595956802
27505,0.0061407871544361115
27506,0.006323840469121933
27507,0.0057724276557564735
27508,0.005382533650845289
27509,0.005643162410706282
27510,0.0060575311072170734
27511,0.006075812969356775
27512,0.005661241710186005
27513,0.005495439283549786
27514,0.005799821112304926
27515,0.006001885049045086
27516,0.005838054232299328
27517,0.005508927162736654
27518,0.005526938010007143
27519,0.005894000176340342
27520,0.005985499359667301
27521,0.005685583222657442
27522,0.00533795403316617
27523,0.005398110952228308
27524,0.005793665070086718
27525,0.005917606875300407
27526,0.005624026525765657
27527,0.005250668153166771
27528,0.005215257406234741
27529,0.005535594187676907
27530,0.005726980976760387
27531,0.005569906905293465
27532,0.00524621456861496
27533,0.00511705968528986
27534,0.005301487632095814
27535,0.005500277504324913
27536,0.005482825916260481
27537,0.005261731334030628
27538,0.00509993638843298
27539,0.0051818243227899075
27540,0.0053492053411901
27541,0.005416639149188995
27542,0.005289709661155939
27543,0.005131064914166927
27544,0.005145839415490627
27545,0.005267147906124592
27546,0.005372015759348869
27547,0.005314077250659466
27548,0.005168307106941938
27549,0.005131554789841175
27550,0.0052055250853300095
27551,0.00532501470297575
27552,0.005325703416019678
27553,0.005190269555896521
27554,0.005095168482512236
27555,0.005112793762236834
27556,0.005248188506811857
27557,0.005324885249137878
27558,0.005235978402197361
27559,0.005100333597511053
27560,0.005038033705204725
27561,0.005151703953742981
27562,0.005295116454362869
27563,0.005289602093398571
27564,0.005166716407984495
27565,0.0050275870598852634
27566,0.005066541954874992
27567,0.005227466579526663
27568,0.005299295764416456
27569,0.005223354324698448
27570,0.005041332915425301
27571,0.004997702781111002
27572,0.005137541331350803
27573,0.00526768621057272
27574,0.005261305719614029
27575,0.005075260531157255
27576,0.004958664532750845
27577,0.005047820974141359
27578,0.005204082001000643
27579,0.005276328418403864
27580,0.005126310512423515
27581,0.004959389567375183
27582,0.004975992254912853
27583,0.005104124546051025
27584,0.005210577975958586
27585,0.005115716718137264
27586,0.004959672223776579
27587,0.004941917024552822
27588,0.005043616518378258
27589,0.005176336970180273
27590,0.00512859458103776
27591,0.004979398101568222
27592,0.004923894070088863
27593,0.004959501791745424
27594,0.005029911175370216
27595,0.005007336847484112
27596,0.004959709942340851
27597,0.0050032539293169975
27598,0.005165085196495056
27599,0.0054550920613110065
27600,0.005602775141596794
27601,0.005628226790577173
27602,0.005859714932739735
27603,0.006383986212313175
27604,0.007371282204985619
27605,0.009447348304092884
27606,0.013578427955508232
27607,0.020899353548884392
27608,0.03356005251407623
27609,0.052862510085105896
27610,0.07424256205558777
27611,0.08739029616117477
27612,0.09449543058872223
27613,0.0808122381567955
27614,0.05403527617454529
27615,0.024952366948127747
27616,0.007699959445744753
27617,0.007688551209867001
27618,0.020311303436756134
27619,0.03409087657928467
27620,0.03891335427761078
27621,0.033845603466033936
27622,0.0210894625633955
27623,0.0106745520606637
27624,0.007666099816560745
27625,0.01203843392431736
27626,0.017931832000613213
27627,0.0194556824862957
27628,0.016078557819128036
27629,0.010457037948071957
27630,0.0069010695442557335
27631,0.006869161035865545
27632,0.00915596541017294
27633,0.01129979733377695
27634,0.011471357196569443
27635,0.009232014417648315
27636,0.006476340815424919
27637,0.005440445616841316
27638,0.006372684612870216
27639,0.007921084761619568
27640,0.008091911673545837
27641,0.0068365647457540035
27642,0.005608182866126299
27643,0.0052233194001019
27644,0.005610669031739235
27645,0.006013656035065651
27646,0.005991991609334946
27647,0.005690497811883688
27648,0.005287527106702328
27649,0.005050711799412966
27650,0.005119685549288988
27651,0.005446618888527155
27652,0.005679972469806671
27653,0.005582574754953384
27654,0.005302238743752241
27655,0.0050575947389006615
27656,0.005126453470438719
27657,0.005372237414121628
27658,0.0055666593834757805
27659,0.005676018539816141
27660,0.005519648548215628
27661,0.005270203575491905
27662,0.005108795594424009
27663,0.00509826373308897
27664,0.0053053731098771095
27665,0.00542948255315423
27666,0.0053522828966379166
27667,0.005164275877177715
27668,0.005005748942494392
27669,0.005042955745011568
27670,0.005132873542606831
27671,0.005150402430444956
27672,0.005080438684672117
27673,0.0050230068154633045
27674,0.005095611326396465
27675,0.005147491581737995
27676,0.005120262503623962
27677,0.005035292357206345
27678,0.005003959871828556
27679,0.005123809911310673
27680,0.005191071890294552
27681,0.005138636101037264
27682,0.005024195183068514
27683,0.004949025344103575
27684,0.005021743942052126
27685,0.005090718623250723
27686,0.005076674744486809
27687,0.0049942294135689735
27688,0.004928074311465025
27689,0.004988050553947687
27690,0.005052635911852121
27691,0.005060354247689247
27692,0.005003370810300112
27693,0.00494228582829237
27694,0.0049924179911613464
27695,0.005042557138949633
27696,0.005042846314609051
27697,0.004985685460269451
27698,0.004904121160507202
27699,0.004911643918603659
27700,0.004955756478011608
27701,0.005001139361411333
27702,0.004996493458747864
27703,0.004948137793689966
27704,0.004967358894646168
27705,0.004991444759070873
27706,0.005007362924516201
27707,0.0049885851331055164
27708,0.004903609864413738
27709,0.004846461117267609
27710,0.004849988967180252
27711,0.004941372200846672
27712,0.005035219248384237
27713,0.0050850193947553635
27714,0.005187906790524721
27715,0.005232386291027069
27716,0.005241931416094303
27717,0.005295436829328537
27718,0.005302344914525747
27719,0.005333061795681715
27720,0.005744996014982462
27721,0.006875636987388134
27722,0.00874470453709364
27723,0.0118211405351758
27724,0.016709258779883385
27725,0.022438308224081993
27726,0.027846265584230423
27727,0.03602542728185654
27728,0.04244346544146538
27729,0.04857442155480385
27730,0.049261968582868576
27731,0.05201251804828644
27732,0.05879130959510803
27733,0.06556995958089828
27734,0.07048028707504272
27735,0.05737680941820145
27736,0.045802004635334015
27737,0.039789196103811264
27738,0.02809068001806736
27739,0.01247300673276186
27740,0.009847527369856834
27741,0.02745598740875721
27742,0.052349191159009933
27743,0.090780109167099
27744,0.18498718738555908
27745,0.31822335720062256
27746,0.26125290989875793
27747,0.20388801395893097
27748,0.20829150080680847
27749,0.090310238301754
27750,0.018972111865878105
27751,0.08136383444070816
27752,0.09986864775419235
27753,0.0666939988732338
27754,0.07957860827445984
27755,0.02457563951611519
27756,0.04927004873752594
27757,0.08641375601291656
27758,0.07279907166957855
27759,0.06602552533149719
27760,0.029078656807541847
27761,0.027481339871883392
27762,0.05284840613603592
27763,0.03150859475135803
27764,0.02912459522485733
27765,0.0167500339448452
27766,0.03487705439329147
27767,0.028775766491889954
27768,0.014625911600887775
27769,0.024078713729977608
27770,0.022976044565439224
27771,0.02204609476029873
27772,0.015037095174193382
27773,0.021831713616847992
27774,0.021774601191282272
27775,0.009931180626153946
27776,0.01828460767865181
27777,0.01992269605398178
27778,0.019258737564086914
27779,0.006320921238511801
27780,0.013871915638446808
27781,0.02001751773059368
27782,0.0155033515766263
27783,0.008266163989901543
27784,0.009794583544135094
27785,0.015543276444077492
27786,0.01271685678511858
27787,0.009227346628904343
27788,0.008771143853664398
27789,0.010346747003495693
27790,0.010666324757039547
27791,0.008928263559937477
27792,0.008456696756184101
27793,0.007222597487270832
27794,0.008702033199369907
27795,0.008542511612176895
27796,0.007327565457671881
27797,0.00625860458239913
27798,0.007043125107884407
27799,0.008123447187244892
27800,0.0064113023690879345
27801,0.005844999570399523
27802,0.006406755652278662
27803,0.007296440191566944
27804,0.006109605077654123
27805,0.005443201400339603
27806,0.0061493562534451485
27807,0.006555504165589809
27808,0.005953141022473574
27809,0.0053394329734146595
27810,0.0057623544707894325
27811,0.0060372911393642426
27812,0.005638591013848782
27813,0.005382801406085491
27814,0.005473257973790169
27815,0.00568389194086194
27816,0.0053839064203202724
27817,0.005323827266693115
27818,0.0053649647161364555
27819,0.005414929706603289
27820,0.005282462574541569
27821,0.005216953344643116
27822,0.00530150905251503
27823,0.005276964046061039
27824,0.005216165911406279
27825,0.005175981670618057
27826,0.005216522142291069
27827,0.005228064954280853
27828,0.005170903168618679
27829,0.005163832567632198
27830,0.0051530092023313046
27831,0.005169210024178028
27832,0.005166623275727034
27833,0.005154731683433056
27834,0.005135964136570692
27835,0.005095916800200939
27836,0.005124344956129789
27837,0.005157386418431997
27838,0.005143570713698864
27839,0.005079674534499645
27840,0.005050095729529858
27841,0.005109237972646952
27842,0.005148869939148426
27843,0.0051093678921461105
27844,0.005035437643527985
27845,0.005023977719247341
27846,0.0050887600518763065
27847,0.005117389839142561
27848,0.005075389984995127
27849,0.00501113198697567
27850,0.005005514714866877
27851,0.00505337817594409
27852,0.005081343464553356
27853,0.005052139982581139
27854,0.005001096986234188
27855,0.004982502665370703
27856,0.0050127869471907616
27857,0.0050449492409825325
27858,0.005035960115492344
27859,0.004994816146790981
27860,0.0049626994878053665
27861,0.004975366406142712
27862,0.005010833963751793
27863,0.005019600037485361
27864,0.004990489222109318
27865,0.004948722664266825
27866,0.0049454825930297375
27867,0.004977124277502298
27868,0.004999276716262102
27869,0.0049847825430333614
27870,0.004941689781844616
27871,0.004923781845718622
27872,0.00494715292006731
27873,0.004975156858563423
27874,0.004975483752787113
27875,0.004937093239277601
27876,0.004909493029117584
27877,0.00492149218916893
27878,0.004948699381202459
27879,0.004959967918694019
27880,0.004930303432047367
27881,0.004899419378489256
27882,0.0049018245190382
27883,0.0049234903417527676
27884,0.004939281847327948
27885,0.004918249323964119
27886,0.0048901112750172615
27887,0.004887205548584461
27888,0.004902288783341646
27889,0.0049171457067132
27890,0.004901947919279337
27891,0.004879336338490248
27892,0.004876426421105862
27893,0.004886850714683533
27894,0.004898503888398409
27895,0.004885474685579538
27896,0.004868042189627886
27897,0.004867715295404196
27898,0.00487632118165493
27899,0.004884989932179451
27900,0.004871303215622902
27901,0.004857046529650688
27902,0.0048601096495985985
27903,0.0048693339340388775
27904,0.004876405466347933
27905,0.00486036529764533
27906,0.00484628276899457
27907,0.004851756151765585
27908,0.004862741567194462
27909,0.004869706928730011
27910,0.004850973375141621
27911,0.004835004918277264
27912,0.004842116963118315
27913,0.004855388775467873
27914,0.004863012582063675
27915,0.004841543268412352
27916,0.004822607152163982
27917,0.004830611404031515
27918,0.004847054369747639
27919,0.004856737330555916
27920,0.00483283493667841
27921,0.004809718579053879
27922,0.004817255772650242
27923,0.004837504122406244
27924,0.004851795732975006
27925,0.004827109631150961
27926,0.004798493813723326
27927,0.004802534822374582
27928,0.00482465885579586
27929,0.004844862036406994
27930,0.0048225317150354385
27931,0.004789672791957855
27932,0.004788391757756472
27933,0.004808920435607433
27934,0.0048332856968045235
27935,0.004815702326595783
27936,0.004782142583280802
27937,0.004776190500706434
27938,0.0047922986559569836
27939,0.004816659260541201
27940,0.0048032780177891254
27941,0.004772936925292015
27942,0.004766436759382486
27943,0.004779917653650045
27944,0.0048033674247562885
27945,0.004792036954313517
27946,0.004763724282383919
27947,0.004756873473525047
27948,0.004767581354826689
27949,0.004788209218531847
27950,0.004777769558131695
27951,0.004752981476485729
27952,0.004748490173369646
27953,0.004759772680699825
27954,0.004780396353453398
27955,0.0047697266563773155
27956,0.004744650796055794
27957,0.0047395904548466206
27958,0.004749514162540436
27959,0.004768524318933487
27960,0.00475804228335619
27961,0.004734760615974665
27962,0.004731271881610155
27963,0.004742929246276617
27964,0.004764975514262915
27965,0.004755555186420679
27966,0.004729364067316055
27967,0.004721426405012608
27968,0.004726964049041271
27969,0.004741375334560871
27970,0.0047325496561825275
27971,0.004715869203209877
27972,0.004718145355582237
27973,0.004737401846796274
27974,0.0047741420567035675
27975,0.004774458706378937
27976,0.004745148122310638
27977,0.004732939414680004
27978,0.004731976892799139
27979,0.004737955518066883
27980,0.0047857025638222694
27981,0.004939746111631393
27982,0.005238293670117855
27983,0.0058024427853524685
27984,0.006860990542918444
27985,0.00826467014849186
27986,0.01031683012843132
27987,0.014402193017303944
27988,0.021915031597018242
27989,0.03525761514902115
27990,0.053905997425317764
27991,0.07744310051202774
27992,0.09637708961963654
27993,0.10069950670003891
27994,0.07399345934391022
27995,0.03452342748641968
27996,0.008912401273846626
27997,0.013894809409976006
27998,0.03527957201004028
27999,0.047991298139095306
28000,0.040668949484825134
28001,0.023315392434597015
28002,0.015579343773424625
28003,0.01849239692091942
28004,0.023174211382865906
28005,0.01896747387945652
28006,0.01216116826981306
28007,0.013012733310461044
28008,0.017159901559352875
28009,0.017206821590662003
28010,0.009803816676139832
28011,0.005800823215395212
28012,0.010747812688350677
28013,0.015735803171992302
28014,0.013567009940743446
28015,0.006237952038645744
28016,0.006516061723232269
28017,0.013592168688774109
28018,0.015986010432243347
28019,0.010657891631126404
28020,0.004962810315191746
28021,0.009793264791369438
28022,0.017447464168071747
28023,0.01652875915169716
28024,0.009452016092836857
28025,0.006142128258943558
28026,0.012879645451903343
28027,0.018307363614439964
28028,0.014772072434425354
28029,0.009247157722711563
28030,0.009436985477805138
28031,0.015209830366075039
28032,0.01603281870484352
28033,0.011075716465711594
28034,0.009253164753317833
28035,0.012633075006306171
28036,0.01567479781806469
28037,0.012158198282122612
28038,0.007639882154762745
28039,0.009417283348739147
28040,0.013872619718313217
28041,0.013759378343820572
28042,0.008404124528169632
28043,0.005923368502408266
28044,0.009567401371896267
28045,0.012844753451645374
28046,0.010528525337576866
28047,0.005923737771809101
28048,0.005688618868589401
28049,0.009241059422492981
28050,0.01051018014550209
28051,0.0076211984269320965
28052,0.004919582046568394
28053,0.005934008862823248
28054,0.00829287339001894
28055,0.008138175122439861
28056,0.005858699791133404
28057,0.004777516704052687
28058,0.005965986289083958
28059,0.007128093391656876
28060,0.006480529438704252
28061,0.005087545141577721
28062,0.004854328464716673
28063,0.005724785849452019
28064,0.006188496481627226
28065,0.0055933790281414986
28066,0.0048382175154984
28067,0.004872222896665335
28068,0.005405988544225693
28069,0.005605096463114023
28070,0.005205914843827486
28071,0.004773904103785753
28072,0.004817969165742397
28073,0.005139122251421213
28074,0.005289631895720959
28075,0.005057998932898045
28076,0.004760954529047012
28077,0.0047487737610936165
28078,0.004948191810399294
28079,0.00510866753757
28080,0.004992916714400053
28081,0.004768641199916601
28082,0.0047088731080293655
28083,0.004825662821531296
28084,0.0049818092957139015
28085,0.0049425275065004826
28086,0.004787815734744072
28087,0.00471094623208046
28088,0.0047623529098927975
28089,0.00488904258236289
28090,0.0048953876830637455
28091,0.004813432693481445
28092,0.0047460137866437435
28093,0.004746642429381609
28094,0.004831021651625633
28095,0.004859683569520712
28096,0.00484320055693388
28097,0.004799376241862774
28098,0.004760269075632095
28099,0.004795789252966642
28100,0.004828435368835926
28101,0.004867282696068287
28102,0.0048578339628875256
28103,0.0047903419472277164
28104,0.004769742023199797
28105,0.004786316305398941
28106,0.00487113930284977
28107,0.0049123261123895645
28108,0.004838959779590368
28109,0.004762282129377127
28110,0.004737098701298237
28111,0.004847258795052767
28112,0.004951215349137783
28113,0.004904692526906729
28114,0.004789077676832676
28115,0.004699879325926304
28116,0.004800137598067522
28117,0.0049621728248894215
28118,0.004971247166395187
28119,0.0048456741496920586
28120,0.004684297367930412
28121,0.004738551564514637
28122,0.004939231090247631
28123,0.005021415650844574
28124,0.004920262843370438
28125,0.0046952394768595695
28126,0.004675108008086681
28127,0.0048838648945093155
28128,0.005041738506406546
28129,0.005000274628400803
28130,0.004736820235848427
28131,0.00462783919647336
28132,0.004808720201253891
28133,0.005023100413382053
28134,0.00506087951362133
28135,0.004794316831976175
28136,0.004604901187121868
28137,0.004731129389256239
28138,0.004968012683093548
28139,0.005079790484160185
28140,0.004840685985982418
28141,0.004600351210683584
28142,0.0046681128442287445
28143,0.004898253362625837
28144,0.005064288154244423
28145,0.004867399577051401
28146,0.004605746362358332
28147,0.004624038003385067
28148,0.00482418155297637
28149,0.0050088828429579735
28150,0.004850785713642836
28151,0.004600925836712122
28152,0.004601324442774057
28153,0.0047826822847127914
28154,0.004981991834938526
28155,0.0048513514921069145
28156,0.004605715628713369
28157,0.0045854030176997185
28158,0.004726160317659378
28159,0.0048835547640919685
28160,0.0047614253126084805
28161,0.004577295389026403
28162,0.00462428480386734
28163,0.0048598540015518665
28164,0.005186502821743488
28165,0.005158602260053158
28166,0.0049453796818852425
28167,0.005000159610062838
28168,0.0052768513560295105
28169,0.005704977549612522
28170,0.006575332954525948
28171,0.00868925265967846
28172,0.012844039127230644
28173,0.02067400887608528
28174,0.03450512886047363
28175,0.05355266481637955
28176,0.07745317369699478
28177,0.11215415596961975
28178,0.14261554181575775
28179,0.1569005697965622
28180,0.1257047802209854
28181,0.06746549159288406
28182,0.01593055948615074
28183,0.009245410561561584
28184,0.03998935595154762
28185,0.06612475961446762
28186,0.06104222685098648
28187,0.02959853783249855
28188,0.007358239032328129
28189,0.012998158112168312
28190,0.02956416830420494
28191,0.03132331743836403
28192,0.017672747373580933
28193,0.006098377984017134
28194,0.008386358618736267
28195,0.016473952680826187
28196,0.017025724053382874
28197,0.010655606165528297
28198,0.005610608495771885
28199,0.0069257174618542194
28200,0.0098507609218359
28201,0.009764958173036575
28202,0.007795295678079128
28203,0.006698331329971552
28204,0.007430597674101591
28205,0.007197798229753971
28206,0.006205636076629162
28207,0.006598436273634434
28208,0.007956676185131073
28209,0.008881577290594578
28210,0.006852400954812765
28211,0.004954027943313122
28212,0.006051479838788509
28213,0.008529828861355782
28214,0.009805294685065746
28215,0.007073177490383387
28216,0.004880114924162626
28217,0.006377052515745163
28218,0.009151292964816093
28219,0.010330026969313622
28220,0.007166820578277111
28221,0.005172966979444027
28222,0.0073090530931949615
28223,0.010351183824241161
28224,0.011174371466040611
28225,0.007304562721401453
28226,0.005482100881636143
28227,0.008524882607161999
28228,0.012040546163916588
28229,0.012487679719924927
28230,0.007516471669077873
28231,0.005625181365758181
28232,0.009812247939407825
28233,0.014187844470143318
28234,0.014381520450115204
28235,0.007936126552522182
28236,0.0056435177102684975
28237,0.011085525155067444
28238,0.016719438135623932
28239,0.016855966299772263
28240,0.008583718910813332
28241,0.005558814853429794
28242,0.01234006229788065
28243,0.019474120810627937
28244,0.019600875675678253
28245,0.009257009252905846
28246,0.005532961804419756
28247,0.014024198986589909
28248,0.022809430956840515
28249,0.022695474326610565
28250,0.009879565797746181
28251,0.005686301738023758
28252,0.016476552933454514
28253,0.026995621621608734
28254,0.026017092168331146
28255,0.010182913392782211
28256,0.006228364072740078
28257,0.020351257175207138
28258,0.03246951103210449
28259,0.029413962736725807
28260,0.00992507766932249
28261,0.007580052129924297
28262,0.02649744227528572
28263,0.03939564526081085
28264,0.03205091506242752
28265,0.00870032049715519
28266,0.010743837803602219
28267,0.03601132333278656
28268,0.04718673229217529
28269,0.032151591032743454
28270,0.006463216617703438
28271,0.01768014207482338
28272,0.04949204996228218
28273,0.05314165726304054
28274,0.026973193511366844
28275,0.004870138596743345
28276,0.030650349333882332
28277,0.06377459317445755
28278,0.050967395305633545
28279,0.015643281862139702
28280,0.008870459161698818
28281,0.04806438460946083
28282,0.0678415298461914
28283,0.03489780053496361
28284,0.005558028817176819
28285,0.02261248230934143
28286,0.0572676844894886
28287,0.04925299808382988
28288,0.012840662151575089
28289,0.008840926922857761
28290,0.03613801300525665
28291,0.043371573090553284
28292,0.018842993304133415
28293,0.00505533441901207
28294,0.020296508446335793
28295,0.03128388151526451
28296,0.01740342006087303
28297,0.0050344523042440414
28298,0.012490816414356232
28299,0.021412797272205353
28300,0.014243720099329948
28301,0.005142985377460718
28302,0.009584834799170494
28303,0.016253888607025146
28304,0.0121188685297966
28305,0.00520878192037344
28306,0.008049990981817245
28307,0.013613676652312279
28308,0.011140905320644379
28309,0.005475920159369707
28310,0.0063592977821826935
28311,0.011116311885416508
28312,0.010362434200942516
28313,0.005843556020408869
28314,0.005272397305816412
28315,0.008375918492674828
28316,0.0088334446772933
28317,0.005955225322395563
28318,0.004821328911930323
28319,0.006658447906374931
28320,0.0073369755409657955
28321,0.005636053159832954
28322,0.0047205183655023575
28323,0.0057474421337246895
28324,0.006498200353235006
28325,0.00545366108417511
28326,0.004702204372733831
28327,0.005466376431286335
28328,0.006086890120059252
28329,0.0054741520434618
28330,0.004693375900387764
28331,0.005245771259069443
28332,0.0060216705314815044
28333,0.005628034006804228
28334,0.004793200641870499
28335,0.00485910614952445
28336,0.005715088453143835
28337,0.005825652740895748
28338,0.005052732769399881
28339,0.0046537634916603565
28340,0.005130514036864042
28341,0.005622260272502899
28342,0.005300873424857855
28343,0.004725419916212559
28344,0.004736195784062147
28345,0.005150856915861368
28346,0.005231986753642559
28347,0.004867759067565203
28348,0.004628116264939308
28349,0.004795965738594532
28350,0.0049882614985108376
28351,0.004869710188359022
28352,0.004650236107409
28353,0.004633717238903046
28354,0.004780659452080727
28355,0.004799828864634037
28356,0.004664106760174036
28357,0.004597098100930452
28358,0.004661214537918568
28359,0.004727771505713463
28360,0.004666112828999758
28361,0.004591003526002169
28362,0.004621222149580717
28363,0.004684454761445522
28364,0.004677782766520977
28365,0.004595662001520395
28366,0.004586329218000174
28367,0.004661733750253916
28368,0.00469814520329237
28369,0.004645214416086674
28370,0.004567896015942097
28371,0.0046032690443098545
28372,0.0046930997632443905
28373,0.0047031911090016365
28374,0.004625408444553614
28375,0.004557517822831869
28376,0.004617946222424507
28377,0.004712119698524475
28378,0.004705830477178097
28379,0.004613053984940052
28380,0.004546394106000662
28381,0.004617057740688324
28382,0.004718659445643425
28383,0.004712299443781376
28384,0.004611489363014698
28385,0.004532771185040474
28386,0.004597315564751625
28387,0.0047092619352042675
28388,0.004720534197986126
28389,0.0046235560439527035
28390,0.004524626769125462
28391,0.004567313939332962
28392,0.004685700871050358
28393,0.004725486971437931
28394,0.0046458616852760315
28395,0.004526739474385977
28396,0.0045356168411672115
28397,0.004651099909096956
28398,0.004722136072814465
28399,0.004672488197684288
28400,0.004539921414107084
28401,0.0045089381746947765
28402,0.004610046744346619
28403,0.004706722218543291
28404,0.004694400355219841
28405,0.004559720866382122
28406,0.004491594620049
28407,0.004569843411445618
28408,0.004681005142629147
28409,0.004704855848103762
28410,0.004578153137117624
28411,0.004481964744627476
28412,0.004535334184765816
28413,0.00465025007724762
28414,0.004703588783740997
28415,0.004590783268213272
28416,0.00447711069136858
28417,0.004508061334490776
28418,0.004618466831743717
28419,0.004691906739026308
28420,0.004594235215336084
28421,0.00447310134768486
28422,0.004488206002861261
28423,0.004590407479554415
28424,0.004674025345593691
28425,0.00458824448287487
28426,0.0044669462367892265
28427,0.004474588669836521
28428,0.004570467863231897
28429,0.004658673424273729
28430,0.004579519387334585
28431,0.00445925397798419
28432,0.004464277997612953
28433,0.004557631444185972
28434,0.004650447051972151
28435,0.00457402179017663
28436,0.004451957065612078
28437,0.004454983398318291
28438,0.004548064898699522
28439,0.0046467832289636135
28440,0.0045724851079285145
28441,0.004445990547537804
28442,0.004444425459951162
28443,0.004536124411970377
28444,0.00464175408706069
28445,0.0045712850987911224
28446,0.004440689459443092
28447,0.004433604422956705
28448,0.004522005561739206
28449,0.004632684402167797
28450,0.004567369353026152
28451,0.004435185343027115
28452,0.0044230204075574875
28453,0.004506370518356562
28454,0.004619070328772068
28455,0.004558780696243048
28456,0.004428138490766287
28457,0.004413760732859373
28458,0.004493251442909241
28459,0.004607050679624081
28460,0.004550654906779528
28461,0.004421275574713945
28462,0.004404708277434111
28463,0.004479964729398489
28464,0.00459351297467947
28465,0.0045404196716845036
28466,0.0044135237112641335
28467,0.004396481439471245
28468,0.004469971638172865
28469,0.004586691036820412
28470,0.004538433626294136
28471,0.004411217290908098
28472,0.0043893964029848576
28473,0.0044539752416312695
28474,0.004561778623610735
28475,0.004522141069173813
28476,0.004425992723554373
28477,0.0044502150267362595
28478,0.004598695784807205
28479,0.004874369595199823
28480,0.005072201136499643
28481,0.005340619944036007
28482,0.0061172498390078545
28483,0.0077749742195010185
28484,0.01108573004603386
28485,0.017643213272094727
28486,0.03073340468108654
28487,0.05515790358185768
28488,0.09737984836101532
28489,0.1546456664800644
28490,0.20364338159561157
28491,0.19147427380084991
28492,0.11402352154254913
28493,0.02733141928911209
28494,0.014746475964784622
28495,0.0626596137881279
28496,0.08773979544639587
28497,0.05894273892045021
28498,0.020717911422252655
28499,0.023587197065353394
28500,0.04686608910560608
28501,0.04162001609802246
28502,0.01451103575527668
28503,0.01030013244599104
28504,0.028411567211151123
28505,0.03168383985757828
28506,0.013613911345601082
28507,0.0056295692920684814
28508,0.01733122020959854
28509,0.023711584508419037
28510,0.012188328430056572
28511,0.005631488747894764
28512,0.013173330575227737
28513,0.017235582694411278
28514,0.009819654747843742
28515,0.005176393780857325
28516,0.010534951463341713
28517,0.01398475468158722
28518,0.008819776587188244
28519,0.005074660759419203
28520,0.008401578292250633
28521,0.011374205350875854
28522,0.008082449436187744
28523,0.005331803113222122
28524,0.007428895682096481
28525,0.009082532487809658
28526,0.0068943556398153305
28527,0.0052751172333955765
28528,0.006967890076339245
28529,0.008057487197220325
28530,0.006063793320208788
28531,0.0047844089567661285
28532,0.006228010635823011
28533,0.0074048289097845554
28534,0.006305834744125605
28535,0.004837976768612862
28536,0.005265099927783012
28537,0.00632485281676054
28538,0.006245757918804884
28539,0.005585221573710442
28540,0.005292440764605999
28541,0.005422929767519236
28542,0.005446076858788729
28543,0.005453532095998526
28544,0.005765649490058422
28545,0.005627885460853577
28546,0.005028934217989445
28547,0.004790973849594593
28548,0.005279648583382368
28549,0.005867932923138142
28550,0.0054724919609725475
28551,0.004694276489317417
28552,0.004630245268344879
28553,0.005198798608034849
28554,0.0056246607564389706
28555,0.0051969485357403755
28556,0.004589501768350601
28557,0.004609677009284496
28558,0.005035520996898413
28559,0.005344357807189226
28560,0.0050126430578529835
28561,0.004549869801849127
28562,0.00457408744841814
28563,0.004898685496300459
28564,0.005181127693504095
28565,0.004918224178254604
28566,0.004519622307270765
28567,0.004535835236310959
28568,0.00484105758368969
28569,0.005140738096088171
28570,0.004892581608146429
28571,0.004500451497733593
28572,0.0045169866643846035
28573,0.004825756885111332
28574,0.00515531562268734
28575,0.004917311016470194
28576,0.004517464432865381
28577,0.004515127744525671
28578,0.0048083593137562275
28579,0.005160922184586525
28580,0.004957114811986685
28581,0.004565823823213577
28582,0.004525953438133001
28583,0.0047685992904007435
28584,0.0051185511983931065
28585,0.004968308378010988
28586,0.004623228684067726
28587,0.004559502005577087
28588,0.004731654189527035
28589,0.005049760453402996
28590,0.004950688220560551
28591,0.004680062644183636
28592,0.004617048427462578
28593,0.004724386613816023
28594,0.004997586831450462
28595,0.004932446405291557
28596,0.004738423507660627
28597,0.004692590329796076
28598,0.004746246617287397
28599,0.004967664368450642
28600,0.0049181142821908
28601,0.004794567357748747
28602,0.00478019006550312
28603,0.004786282777786255
28604,0.004940342623740435
28605,0.004884630907326937
28606,0.004831803031265736
28607,0.004876670893281698
28608,0.004852917045354843
28609,0.004920274950563908
28610,0.0048218658193945885
28611,0.004832250066101551
28612,0.004971207119524479
28613,0.0049598077312111855
28614,0.004942144267261028
28615,0.004755706060677767
28616,0.0047911168076097965
28617,0.005042793694883585
28618,0.0050949896685779095
28619,0.005021299701184034
28620,0.004711963701993227
28621,0.004713880829513073
28622,0.005067857913672924
28623,0.0052282968536019325
28624,0.005143570248037577
28625,0.00469875056296587
28626,0.004609455354511738
28627,0.005034528207033873
28628,0.005335667636245489
28629,0.005302170757204294
28630,0.0047367895022034645
28631,0.004503806121647358
28632,0.004944473970681429
28633,0.005388566758483648
28634,0.005466356873512268
28635,0.004826213698834181
28636,0.004424358252435923
28637,0.004815906286239624
28638,0.005366771947592497
28639,0.0055849142372608185
28640,0.0049306973814964294
28641,0.004378888290375471
28642,0.004680670332163572
28643,0.005290591157972813
28644,0.0056535061448812485
28645,0.005037801805883646
28646,0.0043715727515518665
28647,0.004560781177133322
28648,0.005168688949197531
28649,0.005636997986584902
28650,0.005091196857392788
28651,0.004374769516289234
28652,0.004475836176425219
28653,0.00505995424464345
28654,0.005609788000583649
28655,0.005139793734997511
28656,0.004396717995405197
28657,0.004414454102516174
28658,0.004928693175315857
28659,0.0054751490242779255
28660,0.005063120741397142
28661,0.004372436553239822
28662,0.0043992237187922
28663,0.004936695098876953
28664,0.005593038164079189
28665,0.0052480921149253845
28666,0.004484870005398989
28667,0.0043768142350018024
28668,0.00470422999933362
28669,0.005069606471806765
28670,0.004744373727589846
28671,0.0044561424292624
28672,0.005006847437471151
28673,0.0064333099871873856
28674,0.008762970566749573
28675,0.009926527738571167
28676,0.010228490456938744
28677,0.012490707449615002
28678,0.01716594025492668
28679,0.02512213960289955
28680,0.0400630459189415
28681,0.06536467373371124
28682,0.09703101962804794
28683,0.12958906590938568
28684,0.13372209668159485
28685,0.09945832192897797
28686,0.036105021834373474
28687,0.006078078877180815
28688,0.020486725494265556
28689,0.05418233573436737
28690,0.06340572237968445
28691,0.03688638657331467
28692,0.014758752658963203
28693,0.01198713481426239
28694,0.022990334779024124
28695,0.023922555148601532
28696,0.014023754745721817
28697,0.010978057980537415
28698,0.014330307021737099
28699,0.018567565828561783
28700,0.012326594442129135
28701,0.0074488259851932526
28702,0.013533664867281914
28703,0.020561393350362778
28704,0.01954188384115696
28705,0.008244568482041359
28706,0.009553102776408195
28707,0.02388790249824524
28708,0.030391862615942955
28709,0.02225687727332115
28710,0.008015467785298824
28711,0.016736408695578575
28712,0.036863766610622406
28713,0.03992025554180145
28714,0.02387268841266632
28715,0.010022136382758617
28716,0.026942329481244087
28717,0.04770488291978836
28718,0.042951177805662155
28719,0.022202828899025917
28720,0.015984054654836655
28721,0.03872786462306976
28722,0.050366535782814026
28723,0.03730000555515289
28724,0.022088296711444855
28725,0.02579224854707718
28726,0.04205679893493652
28727,0.03980138152837753
28728,0.03080745041370392
28729,0.028501449152827263
28730,0.027988258749246597
28731,0.028351198881864548
28732,0.02941986732184887
28733,0.03352229297161102
28734,0.027476783841848373
28735,0.013658648356795311
28736,0.018878208473324776
28737,0.033713020384311676
28738,0.028666092082858086
28739,0.010137425735592842
28740,0.008371236734092236
28741,0.0245470330119133
28742,0.02856631577014923
28743,0.015071921050548553
28744,0.007520592305809259
28745,0.01283736526966095
28746,0.019779834896326065
28747,0.019632723182439804
28748,0.014149731956422329
28749,0.0075815655291080475
28750,0.008600055240094662
28751,0.01702899858355522
28752,0.01762266829609871
28753,0.008991611190140247
28754,0.0046552931889891624
28755,0.01033972017467022
28756,0.014767293818295002
28757,0.010545414872467518
28758,0.006404001731425524
28759,0.006958303041756153
28760,0.008530786260962486
28761,0.009351147338747978
28762,0.008955888450145721
28763,0.006712326779961586
28764,0.0050849891267716885
28765,0.0065589724108576775
28766,0.008358258754014969
28767,0.007114085368812084
28768,0.004900978412479162
28769,0.005127212963998318
28770,0.006334306206554174
28771,0.006162621080875397
28772,0.005464357323944569
28773,0.005121869966387749
28774,0.004927359521389008
28775,0.005031802225857973
28776,0.005325081758201122
28777,0.005143264774233103
28778,0.004555373452603817
28779,0.004517781548202038
28780,0.004895221441984177
28781,0.004818711429834366
28782,0.004484492354094982
28783,0.004461499862372875
28784,0.004617885686457157
28785,0.004552136640995741
28786,0.004447020124644041
28787,0.004491105210036039
28788,0.004490258637815714
28789,0.004446377512067556
28790,0.004452137276530266
28791,0.004495435860008001
28792,0.004471756052225828
28793,0.004444701597094536
28794,0.004473994951695204
28795,0.0044564176350831985
28796,0.004455556161701679
28797,0.004500494804233313
28798,0.0045247976668179035
28799,0.004470556974411011
28800,0.00440575834363699
28801,0.004474999383091927
28802,0.00455445796251297
28803,0.004535497631877661
28804,0.004473255481570959
28805,0.004426510538905859
28806,0.004470002371817827
28807,0.004527839366346598
28808,0.004548168741166592
28809,0.004525110591202974
28810,0.004442385397851467
28811,0.004431263078004122
28812,0.00449133338406682
28813,0.004546256735920906
28814,0.004548780620098114
28815,0.00446367496624589
28816,0.004420633427798748
28817,0.004445166792720556
28818,0.004495727829635143
28819,0.004538917448371649
28820,0.004489075392484665
28821,0.0044251857325434685
28822,0.004403377883136272
28823,0.004431426525115967
28824,0.004492028616368771
28825,0.004478204995393753
28826,0.004430049564689398
28827,0.004392541013658047
28828,0.004382907412946224
28829,0.004419758450239897
28830,0.00442855479195714
28831,0.004423793405294418
28832,0.004402201622724533
28833,0.004363234620541334
28834,0.0043588606640696526
28835,0.004365694243460894
28836,0.0044000218622386456
28837,0.004414672031998634
28838,0.004373706877231598
28839,0.004333503544330597
28840,0.004314072895795107
28841,0.0043654670007526875
28842,0.004422285594046116
28843,0.004403584636747837
28844,0.004343907814472914
28845,0.004284809343516827
28846,0.004327153321355581
28847,0.0044179754331707954
28848,0.004436666611582041
28849,0.0043786983005702496
28850,0.004278847482055426
28851,0.004288483876734972
28852,0.004395094234496355
28853,0.0044553037732839584
28854,0.004418776836246252
28855,0.0042887357994914055
28856,0.004253453575074673
28857,0.004357047379016876
28858,0.004452983848750591
28859,0.004449740517884493
28860,0.0043051051907241344
28861,0.004225203301757574
28862,0.004311532247811556
28863,0.004432762041687965
28864,0.004469084553420544
28865,0.004325506743043661
28866,0.0042080990970134735
28867,0.004268115386366844
28868,0.0044016181491315365
28869,0.004478410817682743
28870,0.004349709954112768
28871,0.0042043947614729404
28872,0.0042315032333135605
28873,0.004359062295407057
28874,0.004465121775865555
28875,0.004361125640571117
28876,0.004205771721899509
28877,0.004205421078950167
28878,0.004314064048230648
28879,0.004429379012435675
28880,0.004348380491137505
28881,0.004201449919492006
28882,0.004190679173916578
28883,0.004283631220459938
28884,0.004397988319396973
28885,0.004329962655901909
28886,0.004193628206849098
28887,0.00418152566999197
28888,0.004265029914677143
28889,0.004376182798296213
28890,0.004314375575631857
28891,0.004185779951512814
28892,0.00417463481426239
28893,0.004251931328326464
28894,0.004358633887022734
28895,0.0042990222573280334
28896,0.004176837392151356
28897,0.004169612191617489
28898,0.004247792065143585
28899,0.004358286969363689
28900,0.004300022963434458
28901,0.004174294415861368
28902,0.004161374643445015
28903,0.004233282525092363
28904,0.004342679399996996
28905,0.004289649892598391
28906,0.0041683935560286045
28907,0.0041546630673110485
28908,0.0042250133119523525
28909,0.0043417601846158504
28910,0.004296689294278622
28911,0.004172328393906355
28912,0.004145764745771885
28913,0.00419445987790823
28914,0.0042877765372395515
28915,0.004247293341904879
28916,0.00415341230109334
28917,0.00415525957942009
28918,0.004237318877130747
28919,0.0043888818472623825
28920,0.0043726759031414986
28921,0.004244494251906872
28922,0.004199974704533815
28923,0.004208962433040142
28924,0.004245848394930363
28925,0.004326873458921909
28926,0.004646372981369495
28927,0.00532957399263978
28928,0.006621362641453743
28929,0.009033143520355225
28930,0.01186923123896122
28931,0.015770144760608673
28932,0.022714704275131226
28933,0.03483133763074875
28934,0.052060291171073914
28935,0.07461196929216385
28936,0.09221690148115158
28937,0.10042926669120789
28938,0.08364395797252655
28939,0.05051899701356888
28940,0.017133016139268875
28941,0.005591149441897869
28942,0.018579646944999695
28943,0.03987935930490494
28944,0.05160069465637207
28945,0.04105287417769432
28946,0.020945865660905838
28947,0.00792139582335949
28948,0.009915487840771675
28949,0.020609751343727112
28950,0.02469715103507042
28951,0.018306804820895195
28952,0.009126127697527409
28953,0.006328456569463015
28954,0.010497624054551125
28955,0.012430064380168915
28956,0.009463964030146599
28957,0.00664885900914669
28958,0.006887669675052166
28959,0.009091388434171677
28960,0.007772963028401136
28961,0.004962095990777016
28962,0.0049958196468651295
28963,0.007351700682193041
28964,0.009072871878743172
28965,0.006536553613841534
28966,0.004589536227285862
28967,0.006544136442244053
28968,0.009351068176329136
28969,0.010121488943696022
28970,0.006418516859412193
28971,0.0049788979813456535
28972,0.008303012698888779
28973,0.011861905455589294
28974,0.012612415477633476
28975,0.007790053263306618
28976,0.005385799799114466
28977,0.008893357589840889
28978,0.013356691226363182
28979,0.01485592033714056
28980,0.009297030046582222
28981,0.0056951530277729034
28982,0.009501973167061806
28983,0.015292984433472157
28984,0.01727069914340973
28985,0.00989011861383915
28986,0.00523018604144454
28987,0.010913610458374023
28988,0.019154787063598633
28989,0.020769454538822174
28990,0.009963199496269226
28991,0.0046535381115973
28992,0.013539155945181847
28993,0.024186648428440094
28994,0.024585634469985962
28995,0.010323412716388702
28996,0.005514773074537516
28997,0.01724350079894066
28998,0.028741970658302307
28999,0.027675630524754524
29000,0.011483999900519848
29001,0.008361639454960823
29002,0.021883554756641388
29003,0.03283904492855072
29004,0.0302609633654356
29005,0.01283313799649477
29006,0.012120967730879784
29007,0.027952373027801514
29008,0.03794474899768829
29009,0.03204118832945824
29010,0.012219982221722603
29011,0.01637127995491028
29012,0.0381377637386322
29013,0.044615939259529114
29014,0.029182612895965576
29015,0.008418741635978222
29016,0.025880232453346252
29017,0.05404570326209068
29018,0.045272983610630035
29019,0.0179812740534544
29020,0.011976055800914764
29021,0.043286293745040894
29022,0.05643889307975769
29023,0.029455851763486862
29024,0.014693908393383026
29025,0.031344518065452576
29026,0.045175664126873016
29027,0.03095884621143341
29028,0.018384387716650963
29029,0.024570196866989136
29030,0.0313837043941021
29031,0.02621874213218689
29032,0.01905951462686062
29033,0.018604110926389694
29034,0.018810709938406944
29035,0.021514110267162323
29036,0.019771303981542587
29037,0.009549412876367569
29038,0.011252849362790585
29039,0.020964019000530243
29040,0.015438983216881752
29041,0.004837901797145605
29042,0.008837128058075905
29043,0.015046844258904457
29044,0.010924126021564007
29045,0.007117045111954212
29046,0.007997330278158188
29047,0.0076744467951357365
29048,0.008166817016899586
29049,0.009721880778670311
29050,0.006897519342601299
29051,0.004633418750017881
29052,0.007050781045109034
29053,0.007897830568253994
29054,0.006684956606477499
29055,0.006567240227013826
29056,0.005682920105755329
29057,0.00484952237457037
29058,0.006504746153950691
29059,0.007631590124219656
29060,0.00569704407826066
29061,0.004640348255634308
29062,0.005343875382095575
29063,0.005906390026211739
29064,0.006773021072149277
29065,0.006078907288610935
29066,0.004625403322279453
29067,0.005016338545829058
29068,0.006396650802344084
29069,0.006851013749837875
29070,0.0057439664378762245
29071,0.0052691674791276455
29072,0.005659360438585281
29073,0.006421477068215609
29074,0.007090709637850523
29075,0.006062678527086973
29076,0.005621704738587141
29077,0.0064098043367266655
29078,0.006851834710687399
29079,0.00678621931001544
29080,0.00616683391854167
29081,0.0065976944752037525
29082,0.007139412686228752
29083,0.006805135868489742
29084,0.006532053463160992
29085,0.006490234285593033
29086,0.007579659577459097
29087,0.007708997465670109
29088,0.006446565501391888
29089,0.006119739264249802
29090,0.007097308523952961
29091,0.008400664664804935
29092,0.007464021444320679
29093,0.005666288547217846
29094,0.005971786566078663
29095,0.007691327016800642
29096,0.008408465422689915
29097,0.006506119854748249
29098,0.004881315864622593
29099,0.006048853974789381
29100,0.007883256301283836
29101,0.00755749735981226
29102,0.0053073950111866
29103,0.004540834575891495
29104,0.006129825487732887
29105,0.007307724561542273
29106,0.006304495967924595
29107,0.004534028470516205
29108,0.004532006569206715
29109,0.0059079378843307495
29110,0.006340918131172657
29111,0.005233930889517069
29112,0.004214106127619743
29113,0.004600801970809698
29114,0.005478788632899523
29115,0.005421306472271681
29116,0.004585872869938612
29117,0.004170787520706654
29118,0.0045903027057647705
29119,0.00502484105527401
29120,0.004808568395674229
29121,0.004297447856515646
29122,0.004186470992863178
29123,0.004500589333474636
29124,0.004690028261393309
29125,0.004484219942241907
29126,0.004193981643766165
29127,0.0041871522553265095
29128,0.0043837325647473335
29129,0.0044734966941177845
29130,0.004336967598646879
29131,0.004165960010141134
29132,0.0041624801233410835
29133,0.004272554535418749
29134,0.004333928227424622
29135,0.0042626396752893925
29136,0.004154522903263569
29137,0.004136336501687765
29138,0.004192988388240337
29139,0.0042420304380357265
29140,0.004212701693177223
29141,0.004145062528550625
29142,0.004120423458516598
29143,0.004149455577135086
29144,0.004191370215266943
29145,0.004183522891253233
29146,0.004140258301049471
29147,0.004114886280149221
29148,0.004127640277147293
29149,0.004162662196904421
29150,0.004166805185377598
29151,0.004141335841268301
29152,0.00411673029884696
29153,0.0041131749749183655
29154,0.0041354685090482235
29155,0.004147070925682783
29156,0.004141039680689573
29157,0.004123537335544825
29158,0.004108223598450422
29159,0.004114491865038872
29160,0.004125623498111963
29161,0.004136044066399336
29162,0.004131721332669258
29163,0.004112771712243557
29164,0.004104817286133766
29165,0.0041080983355641365
29166,0.004126973450183868
29167,0.004136800765991211
29168,0.004120203200727701
29169,0.004099380690604448
29170,0.004088922869414091
29171,0.0041100806556642056
29172,0.004136129282414913
29173,0.004131423309445381
29174,0.004105397500097752
29175,0.004077136516571045
29176,0.004089586436748505
29177,0.004126927815377712
29178,0.00413926038891077
29179,0.004116863943636417
29180,0.0040721772238612175
29181,0.004067886620759964
29182,0.004108780529350042
29183,0.004140245262533426
29184,0.0041327341459691525
29185,0.004078601486980915
29186,0.004051928408443928
29187,0.00408463180065155
29188,0.004127837717533112
29189,0.004137948155403137
29190,0.004084236454218626
29191,0.004040796309709549
29192,0.004061529878526926
29193,0.004111966583877802
29194,0.004146195016801357
29195,0.004103467799723148
29196,0.004045101348310709
29197,0.004044792614877224
29198,0.004080267157405615
29199,0.004108110908418894
29200,0.004082403611391783
29201,0.004062132444232702
29202,0.004112012218683958
29203,0.004244322422891855
29204,0.004470416810363531
29205,0.004666523076593876
29206,0.0049094753339886665
29207,0.005492958705872297
29208,0.00668009277433157
29209,0.00895194336771965
29210,0.013391248881816864
29211,0.021803583949804306
29212,0.037566639482975006
29213,0.06412172317504883
29214,0.1062612235546112
29215,0.14529377222061157
29216,0.16888196766376495
29217,0.14404883980751038
29218,0.08329609781503677
29219,0.021858002990484238
29220,0.007368890568614006
29221,0.03390956670045853
29222,0.06186193227767944
29223,0.05951949208974838
29224,0.02927260287106037
29225,0.006730895489454269
29226,0.011598026379942894
29227,0.028020232915878296
29228,0.032173942774534225
29229,0.01905645802617073
29230,0.00724018132314086
29231,0.008678081445395947
29232,0.016485970467329025
29233,0.01846902072429657
29234,0.011751491576433182
29235,0.006357457023113966
29236,0.007995919324457645
29237,0.012381549924612045
29238,0.012158028781414032
29239,0.007405815180391073
29240,0.005327615886926651
29241,0.007909218780696392
29242,0.010321635752916336
29243,0.008566102012991905
29244,0.005306555423885584
29245,0.004895554855465889
29246,0.007356851361691952
29247,0.008487997576594353
29248,0.006598517298698425
29249,0.0046162973158061504
29250,0.0048714918084442616
29251,0.006616838276386261
29252,0.007042413577437401
29253,0.0056465910747647285
29254,0.004519128240644932
29255,0.004861677996814251
29256,0.005849964916706085
29257,0.00594402477145195
29258,0.0051581962034106255
29259,0.0046213045716285706
29260,0.004793951287865639
29261,0.005187724716961384
29262,0.005197455175220966
29263,0.004902537912130356
29264,0.004705647937953472
29265,0.004688985645771027
29266,0.004739705007523298
29267,0.004744131583720446
29268,0.004699128679931164
29269,0.004701282829046249
29270,0.004623113665729761
29271,0.004508877173066139
29272,0.004472813103348017
29273,0.004521282855421305
29274,0.004625621717423201
29275,0.004558888264000416
29276,0.004393384791910648
29277,0.00431738281622529
29278,0.004376712255179882
29279,0.004505795426666737
29280,0.004465117119252682
29281,0.004316938575357199
29282,0.004245526157319546
29283,0.0042834035120904446
29284,0.004384850617498159
29285,0.004357227589935064
29286,0.0042567020282149315
29287,0.004212961997836828
29288,0.004239989444613457
29289,0.004301728680729866
29290,0.004262350499629974
29291,0.004193530883640051
29292,0.004194286186248064
29293,0.0042294287122786045
29294,0.0042691403068602085
29295,0.004206171724945307
29296,0.00414577592164278
29297,0.0041784849017858505
29298,0.004241995979100466
29299,0.004280861932784319
29300,0.004189227242022753
29301,0.004109456669539213
29302,0.004155347589403391
29303,0.004247666336596012
29304,0.004310485441237688
29305,0.0042036776430904865
29306,0.004088729619979858
29307,0.00412101810798049
29308,0.00422942079603672
29309,0.004321769345551729
29310,0.004219920374453068
29311,0.004078734200447798
29312,0.0040862481109797955
29313,0.004192621447145939
29314,0.0043059177696704865
29315,0.004220887087285519
29316,0.004071180243045092
29317,0.0040602898225188255
29318,0.0041562775149941444
29319,0.004278653301298618
29320,0.004210116341710091
29321,0.0040651969611644745
29322,0.00404492300003767
29323,0.004132324364036322
29324,0.004259254317730665
29325,0.004201853647828102
29326,0.004060227889567614
29327,0.004033633973449469
29328,0.004110854584723711
29329,0.004238163586705923
29330,0.004190860781818628
29331,0.004055383149534464
29332,0.004023566376417875
29333,0.004089334513992071
29334,0.004209678620100021
29335,0.004169577267020941
29336,0.004046025685966015
29337,0.0040176440961658955
29338,0.004078857135027647
29339,0.004196109715849161
29340,0.004159019328653812
29341,0.004040718078613281
29342,0.00401229178532958
29343,0.0040705325081944466
29344,0.004188349470496178
29345,0.004155706614255905
29346,0.004039095714688301
29347,0.004005595110356808
29348,0.004055794328451157
29349,0.004171420820057392
29350,0.004146279767155647
29351,0.00403673155233264
29352,0.004000703804194927
29353,0.004043397959321737
29354,0.004156822804361582
29355,0.004139804281294346
29356,0.004037261940538883
29357,0.003996601793915033
29358,0.004026342649012804
29359,0.004129298031330109
29360,0.004119349177926779
29361,0.004032243508845568
29362,0.0039967424236238
29363,0.004023476969450712
29364,0.004126438405364752
29365,0.004122264217585325
29366,0.004038344603031874
29367,0.0039952476508915424
29368,0.004002711735665798
29369,0.004083127249032259
29370,0.004082965664565563
29371,0.004026335198432207
29372,0.004004631657153368
29373,0.004030453506857157
29374,0.004144230857491493
29375,0.004159968812018633
29376,0.004080704879015684
29377,0.004017105791717768
29378,0.003966293763369322
29379,0.003958827815949917
29380,0.003986918833106756
29381,0.004130066372454166
29382,0.004399188794195652
29383,0.004901712294667959
29384,0.005898418370634317
29385,0.00685650110244751
29386,0.007886495441198349
29387,0.00992325134575367
29388,0.013961085118353367
29389,0.02099040150642395
29390,0.033606380224227905
29391,0.05178562179207802
29392,0.07717394828796387
29393,0.09797079861164093
29394,0.1102210134267807
29395,0.0880204439163208
29396,0.050583697855472565
29397,0.0221701730042696
29398,0.01835697516798973
29399,0.03473946452140808
29400,0.04540880396962166
29401,0.04173196479678154
29402,0.030180342495441437
29403,0.019137218594551086
29404,0.01542213000357151
29405,0.01342304702848196
29406,0.009352774359285831
29407,0.008634849451482296
29408,0.00795004889369011
29409,0.008984792046248913
29410,0.01063432265073061
29411,0.010140810161828995
29412,0.009801818057894707
29413,0.009177046827971935
29414,0.009024270810186863
29415,0.008047789335250854
29416,0.006455270107835531
29417,0.0070828162133693695
29418,0.008350773714482784
29419,0.009798083454370499
29420,0.008287089876830578
29421,0.005295120179653168
29422,0.005081699229776859
29423,0.006896669510751963
29424,0.00833775382488966
29425,0.006431552115827799
29426,0.004287144169211388
29427,0.0055930111557245255
29428,0.008291466161608696
29429,0.009619751945137978
29430,0.006432071793824434
29431,0.00532503379508853
29432,0.008586660958826542
29433,0.012060500681400299
29434,0.012314888648688793
29435,0.007279691752046347
29436,0.006468959152698517
29437,0.011179275810718536
29438,0.015261019580066204
29439,0.015493936836719513
29440,0.009435852989554405
29441,0.00787660013884306
29442,0.012176351621747017
29443,0.016942650079727173
29444,0.0184743981808424
29445,0.011847587302327156
29446,0.00846887193620205
29447,0.01232634112238884
29448,0.018709586933255196
29449,0.021474802866578102
29450,0.012439873069524765
29451,0.007453634403645992
29452,0.014067369513213634
29453,0.02330358326435089
29454,0.023942111060023308
29455,0.00974932499229908
29456,0.0068997726775705814
29457,0.020868264138698578
29458,0.030230674892663956
29459,0.024010218679904938
29460,0.006946568377315998
29461,0.011140961199998856
29462,0.02978793904185295
29463,0.03395545482635498
29464,0.023375574499368668
29465,0.01101633533835411
29466,0.01831895485520363
29467,0.0323491171002388
29468,0.03273046761751175
29469,0.022547904402017593
29470,0.013618561439216137
29471,0.022127721458673477
29472,0.035865236073732376
29473,0.03323318436741829
29474,0.014721742831170559
29475,0.01099025271832943
29476,0.03402499109506607
29477,0.03967442363500595
29478,0.01935655251145363
29479,0.008566655218601227
29480,0.023954877629876137
29481,0.038119591772556305
29482,0.024509813636541367
29483,0.012805938720703125
29484,0.017973387613892555
29485,0.024711336940526962
29486,0.025497304275631905
29487,0.0178668312728405
29488,0.009286697953939438
29489,0.013874122872948647
29490,0.02429189905524254
29491,0.018688451498746872
29492,0.0058279456570744514
29493,0.007432243786752224
29494,0.016567429527640343
29495,0.015407286584377289
29496,0.007714089937508106
29497,0.006504822056740522
29498,0.009690109640359879
29499,0.010493744164705276
29500,0.009125920943915844
29501,0.006274357903748751
29502,0.005190936382859945
29503,0.00772185018286109
29504,0.008431118912994862
29505,0.005471348762512207
29506,0.004316264297813177
29507,0.006001794245094061
29508,0.00616072490811348
29509,0.005175687372684479
29510,0.005019008181989193
29511,0.004708281252533197
29512,0.004445956088602543
29513,0.004972067661583424
29514,0.0053486814722418785
29515,0.004676131531596184
29516,0.004213690757751465
29517,0.0044511351734399796
29518,0.00461093382909894
29519,0.004974487237632275
29520,0.004984740633517504
29521,0.004548125434666872
29522,0.00426908116787672
29523,0.004481750540435314
29524,0.004858491010963917
29525,0.004838510882109404
29526,0.004845322575420141
29527,0.00462496280670166
29528,0.004276668187230825
29529,0.0045302254147827625
29530,0.005033562891185284
29531,0.005124048795551062
29532,0.0045537021942436695
29533,0.004212041851133108
29534,0.004631162621080875
29535,0.005158273037523031
29536,0.0051734559237957
29537,0.004488927777856588
29538,0.004133645910769701
29539,0.004655893426388502
29540,0.005228984635323286
29541,0.0050581833347678185
29542,0.0043009123764932156
29543,0.004076547920703888
29544,0.004600148648023605
29545,0.0050322734750807285
29546,0.0048180390149354935
29547,0.004203826189041138
29548,0.0040479013696312904
29549,0.004485348705202341
29550,0.004829397890716791
29551,0.004614831414073706
29552,0.004113597795367241
29553,0.004035566933453083
29554,0.004407746717333794
29555,0.004650609102100134
29556,0.004455688409507275
29557,0.0040693338960409164
29558,0.004000062122941017
29559,0.004272006452083588
29560,0.004466158337891102
29561,0.004332615062594414
29562,0.004038722719997168
29563,0.003977025859057903
29564,0.004179127048701048
29565,0.00433021504431963
29566,0.004240404814481735
29567,0.004022820852696896
29568,0.003956553526222706
29569,0.00409332849085331
29570,0.00422014482319355
29571,0.00417659617960453
29572,0.004013922065496445
29573,0.003939254209399223
29574,0.004025832284241915
29575,0.004132033325731754
29576,0.004122690297663212
29577,0.0040076435543596745
29578,0.003932617139071226
29579,0.003978119231760502
29580,0.004062335006892681
29581,0.004078540951013565
29582,0.004003348760306835
29583,0.003928259946405888
29584,0.0039370097219944
29585,0.003998349420726299
29586,0.004033813253045082
29587,0.003997255582362413
29588,0.00393674336373806
29589,0.0039278436452150345
29590,0.0039667123928666115
29591,0.004004291724413633
29592,0.003991930745542049
29593,0.003937434405088425
29594,0.0038971786852926016
29595,0.0039137196727097034
29596,0.00398285174742341
29597,0.00405350886285305
29598,0.004127485677599907
29599,0.004277171101421118
29600,0.004491796717047691
29601,0.0048328000120818615
29602,0.00547995138913393
29603,0.006677481345832348
29604,0.00895517598837614
29605,0.013374019414186478
29606,0.02155187353491783
29607,0.03696499019861221
29608,0.062367480248212814
29609,0.10283827036619186
29610,0.1383783519268036
29611,0.16028612852096558
29612,0.1370389759540558
29613,0.08144237101078033
29614,0.023420561105012894
29615,0.006609349511563778
29616,0.02978295087814331
29617,0.05826693773269653
29618,0.059907786548137665
29619,0.034092456102371216
29620,0.010551601648330688
29621,0.009896607138216496
29622,0.0225021131336689
29623,0.030502695590257645
29624,0.023689046502113342
29625,0.01272955909371376
29626,0.00866575725376606
29627,0.0118669793009758
29628,0.01579463854432106
29629,0.013917813077569008
29630,0.010367254726588726
29631,0.008348471485078335
29632,0.008493906818330288
29633,0.009316235780715942
29634,0.009308776818215847
29635,0.008374260738492012
29636,0.006790654268115759
29637,0.006146818399429321
29638,0.006476256996393204
29639,0.007106734439730644
29640,0.006576584652066231
29641,0.00544130289927125
29642,0.004988495260477066
29643,0.005428323522210121
29644,0.006166546605527401
29645,0.005569529719650745
29646,0.00450710067525506
29647,0.004529498517513275
29648,0.005398849491029978
29649,0.0058031752705574036
29650,0.004819551017135382
29651,0.00415419228374958
29652,0.004822700284421444
29653,0.005746545270085335
29654,0.005589976441115141
29655,0.0044569410383701324
29656,0.0042836908251047134
29657,0.0053160786628723145
29658,0.006036741193383932
29659,0.005599025171250105
29660,0.004440967924892902
29661,0.0045660375617444515
29662,0.0057587088085711
29663,0.006360937841236591
29664,0.005778360180556774
29665,0.0046033672988414764
29666,0.004844753537327051
29667,0.006043997127562761
29668,0.00656760623678565
29669,0.0060254111886024475
29670,0.00490858219563961
29671,0.0050745559856295586
29672,0.006127800792455673
29673,0.0066139912232756615
29674,0.006197845563292503
29675,0.005184237379580736
29676,0.0052844746969640255
29677,0.006160690449178219
29678,0.006544427014887333
29679,0.006212977692484856
29680,0.005358930677175522
29681,0.005487407557666302
29682,0.00622626394033432
29683,0.006406577304005623
29684,0.006065281108021736
29685,0.005386754404753447
29686,0.0056740902364254
29687,0.006366009823977947
29688,0.0063300360925495625
29689,0.00585216237232089
29690,0.0052749281749129295
29691,0.005788634065538645
29692,0.006567928474396467
29693,0.00636880099773407
29694,0.0056837815791368484
29695,0.005103535018861294
29696,0.00583253800868988
29697,0.006780983880162239
29698,0.006506107747554779
29699,0.005595292430371046
29700,0.004921749699860811
29701,0.005821343511343002
29702,0.006983933039009571
29703,0.006717754527926445
29704,0.005612514913082123
29705,0.004780151415616274
29706,0.005774983204901218
29707,0.007160359062254429
29708,0.006965821608901024
29709,0.005708787124603987
29710,0.004686123225837946
29711,0.0057148984633386135
29712,0.007300172466784716
29713,0.007208554074168205
29714,0.005841448903083801
29715,0.00462733581662178
29716,0.005652260035276413
29717,0.007419652305543423
29718,0.007437439635396004
29719,0.0059796106070280075
29720,0.004579558037221432
29721,0.005593718960881233
29722,0.007533742114901543
29723,0.007663930766284466
29724,0.006120750214904547
29725,0.004534692503511906
29726,0.005534793715924025
29727,0.007650068961083889
29728,0.007896153256297112
29729,0.006269664037972689
29730,0.0044955043122172356
29731,0.0054855672642588615
29732,0.007780115120112896
29733,0.008147602900862694
29734,0.006441187113523483
29735,0.004476082976907492
29736,0.0054534683004021645
29737,0.007924593053758144
29738,0.008407867513597012
29739,0.006621757056564093
29740,0.004472126252949238
29741,0.0054475716315209866
29742,0.00809427909553051
29743,0.008676457218825817
29744,0.006795935332775116
29745,0.004469905514270067
29746,0.005469558760523796
29747,0.008298859931528568
29748,0.008956968784332275
29749,0.006958172656595707
29750,0.004464162513613701
29751,0.0055209011770784855
29752,0.008542975410819054
29753,0.009250756353139877
29754,0.0071046180091798306
29755,0.004453282803297043
29756,0.005606977269053459
29757,0.008831475861370564
29758,0.009554851800203323
29759,0.007229004055261612
29760,0.004437912255525589
29761,0.005735707934945822
29762,0.009168709628283978
29763,0.009861530736088753
29764,0.0073166899383068085
29765,0.004414496012032032
29766,0.005913977511227131
29767,0.009553840383887291
29768,0.010155411437153816
29769,0.0073499358259141445
29770,0.004379203077405691
29771,0.006146998144686222
29772,0.009984182193875313
29773,0.010423596017062664
29774,0.007320221047848463
29775,0.00434027798473835
29776,0.006441387347877026
29777,0.010443197563290596
29778,0.010634630918502808
29779,0.007207709364593029
29780,0.004301783628761768
29781,0.006798436865210533
29782,0.010906953364610672
29783,0.010754816234111786
29784,0.00699967797845602
29785,0.004273843951523304
29786,0.007212952710688114
29787,0.01133902370929718
29788,0.010749639943242073
29789,0.0066970824263989925
29790,0.004276021849364042
29791,0.007670579943805933
29792,0.0116878692060709
29793,0.010578926652669907
29794,0.0063017006032168865
29795,0.004317563027143478
29796,0.008133931085467339
29797,0.011889721266925335
29798,0.010219565592706203
29799,0.005844159051775932
29800,0.004413948394358158
29801,0.008551175706088543
29802,0.01187879964709282
29803,0.009663145989179611
29804,0.005357749760150909
29805,0.004554981365799904
29806,0.008852696977555752
29807,0.011610468849539757
29808,0.008945908397436142
29809,0.004905470181256533
29810,0.00473398994654417
29811,0.00898023508489132
29812,0.011075918562710285
29813,0.008121365681290627
29814,0.00451149046421051
29815,0.00489117531105876
29816,0.008872736245393753
29817,0.010306407697498798
29818,0.007283646613359451
29819,0.004236058797687292
29820,0.005018550902605057
29821,0.008545600809156895
29822,0.00938537809997797
29823,0.006488216109573841
29824,0.0040163565427064896
29825,0.005009140819311142
29826,0.007989587262272835
29827,0.008406043983995914
29828,0.005852174945175648
29829,0.003983208443969488
29830,0.00502857007086277
29831,0.007408046163618565
29832,0.007511145900934935
29833,0.005298194475471973
29834,0.0037940966431051493
29835,0.004739865660667419
29836,0.006732744164764881
29837,0.006994225084781647
29838,0.005757046863436699
29839,0.005510779097676277
29840,0.0072580790147185326
29841,0.009996003471314907
29842,0.012341680005192757
29843,0.01525065302848816
29844,0.022202949970960617
29845,0.035735681653022766
29846,0.0582205206155777
29847,0.08740511536598206
29848,0.123416967689991
29849,0.14432036876678467
29850,0.13390956819057465
29851,0.0787266194820404
29852,0.024041058495640755
29853,0.006347238086163998
29854,0.030286606401205063
29855,0.05729159712791443
29856,0.052145302295684814
29857,0.026003964245319366
29858,0.006019551306962967
29859,0.011375277303159237
29860,0.024923671036958694
29861,0.023569777607917786
29862,0.01222008652985096
29863,0.005147620569914579
29864,0.008741764351725578
29865,0.013980159536004066
29866,0.011894060298800468
29867,0.006867131218314171
29868,0.005045375786721706
29869,0.007804106455296278
29870,0.009660766460001469
29871,0.008534867316484451
29872,0.0069254860281944275
29873,0.00713404081761837
29874,0.008517356589436531
29875,0.007978078909218311
29876,0.007440416142344475
29877,0.008567595854401588
29878,0.010446904227137566
29879,0.010591753758490086
29880,0.007310591638088226
29881,0.006267266348004341
29882,0.009462890215218067
29883,0.013075453229248524
29884,0.012495480477809906
29885,0.007087651174515486
29886,0.005539656151086092
29887,0.010242404416203499
29888,0.0150570934638381
29889,0.013698108494281769
29890,0.006681838538497686
29891,0.005100887268781662
29892,0.01141480915248394
29893,0.016914386302232742
29894,0.014274965971708298
29895,0.005963240284472704
29896,0.005291481502354145
29897,0.013215942308306694
29898,0.01881694421172142
29899,0.014853174798190594
29900,0.005806257016956806
29901,0.006147858686745167
29902,0.014982974156737328
29903,0.0201718732714653
29904,0.015444785356521606
29905,0.006423131562769413
29906,0.007760077714920044
29907,0.016620930284261703
29908,0.020905448123812675
29909,0.015732649713754654
29910,0.007280796766281128
29911,0.009792691096663475
29912,0.018457703292369843
29913,0.02143312618136406
29914,0.015565400943160057
29915,0.007825594395399094
29916,0.011800822801887989
29917,0.020370271056890488
29918,0.021849175915122032
29919,0.01510760560631752
29920,0.008323832415044308
29921,0.013628238812088966
29922,0.021707473322749138
29923,0.02167952060699463
29924,0.014643457718193531
29925,0.009040236473083496
29926,0.014797858893871307
29927,0.021836737170815468
29928,0.021013734862208366
29929,0.014436736702919006
29930,0.00956679880619049
29931,0.01464306190609932
29932,0.02086237072944641
29933,0.020301133394241333
29934,0.014401700347661972
29935,0.009518975391983986
29936,0.013285527005791664
29937,0.019092125818133354
29938,0.01942448318004608
29939,0.014111707918345928
29940,0.008850748650729656
29941,0.011287655681371689
29942,0.016984514892101288
29943,0.01828872412443161
29944,0.01325654424726963
29945,0.0075379181653261185
29946,0.009312820620834827
29947,0.015302920714020729
29948,0.017086144536733627
29949,0.011668424122035503
29950,0.005768005736172199
29951,0.008032544516026974
29952,0.014445174485445023
29953,0.01564960554242134
29954,0.009506979957222939
29955,0.004330224357545376
29956,0.00776846706867218
29957,0.013879352249205112
29958,0.01377435028553009
29959,0.0075784483924508095
29960,0.0038753116969019175
29961,0.007908981293439865
29962,0.012849085032939911
29963,0.011851450428366661
29964,0.006627179682254791
29965,0.004140391014516354
29966,0.007670741993933916
29967,0.011381806805729866
29968,0.010458070784807205
29969,0.006521511822938919
29970,0.0044396123848855495
29971,0.006985553540289402
29972,0.010028830729424953
29973,0.009655088186264038
29974,0.006585645489394665
29975,0.004423277452588081
29976,0.006269559729844332
29977,0.009144396521151066
29978,0.009178247302770615
29979,0.006447182968258858
29980,0.004198956768959761
29981,0.00576636241748929
29982,0.008602682501077652
29983,0.008794799447059631
29984,0.00623778160661459
29985,0.004044790752232075
29986,0.005397561937570572
29987,0.008055651560425758
29988,0.008403895422816277
29989,0.006218397058546543
29990,0.004131289664655924
29991,0.005013514310121536
29992,0.0072933039627969265
29993,0.007958577014505863
29994,0.006422016303986311
29995,0.004429683089256287
29996,0.004623511340469122
29997,0.006414306350052357
29998,0.007457630708813667
29999,0.006655266508460045
