step,loss
0,714.548828125
1,668.7986450195312
2,346.9963684082031
3,92.62162017822266
4,55.466819763183594
5,42.96904373168945
6,40.06146240234375
7,39.11220169067383
8,37.73052978515625
9,31.537927627563477
10,423.8717346191406
11,27.43751335144043
12,500.901123046875
13,26.02633285522461
14,24.25609588623047
15,17.68767738342285
16,14.343267440795898
17,12.328227043151855
18,11.984146118164062
19,10.98384952545166
20,10.125930786132812
21,8.765081405639648
22,9.360127449035645
23,8.188984870910645
24,7.362937927246094
25,6.941018104553223
26,6.8389081954956055
27,6.57651424407959
28,5.446134090423584
29,4.812749862670898
30,3.737461566925049
31,3.2985360622406006
32,3.0758354663848877
33,2.98595929145813
34,2.851206064224243
35,2.6974406242370605
36,2.321944236755371
37,2.010014057159424
38,1.9336891174316406
39,1.8801571130752563
40,1.8015625476837158
41,1.7788758277893066
42,1.7629508972167969
43,1.7576274871826172
44,1.7347259521484375
45,1.6896977424621582
46,1.589601993560791
47,1.416379451751709
48,1.1964375972747803
49,1.0609012842178345
50,1.029632329940796
51,1.0173794031143188
52,1.0110265016555786
53,1.0070027112960815
54,1.0011215209960938
55,0.9897558093070984
56,0.9618830680847168
57,0.9027771353721619
58,0.9335438013076782
59,0.8559375405311584
60,0.7466115951538086
61,0.6755229830741882
62,0.6420783996582031
63,0.6364437341690063
64,0.6340251564979553
65,0.631925642490387
66,0.6316125392913818
67,0.6287911534309387
68,0.6266525983810425
69,0.6191624402999878
70,0.5986049175262451
71,0.5703669190406799
72,0.5558855533599854
73,0.5261980295181274
74,0.518263041973114
75,0.5150215029716492
76,0.5139008164405823
77,0.5124043226242065
78,0.5096831917762756
79,0.5080005526542664
80,0.5067272186279297
81,0.5056031346321106
82,0.5044154524803162
83,0.5018633604049683
84,0.4971437454223633
85,0.48977112770080566
86,0.4785291850566864
87,0.4622132480144501
88,0.45085665583610535
89,0.4507681131362915
90,0.44618934392929077
91,0.44290801882743835
92,0.44168728590011597
93,0.441060870885849
94,0.44055989384651184
95,0.4397672414779663
96,0.4391113519668579
97,0.4380563199520111
98,0.43564915657043457
99,0.428777277469635
100,0.4180341958999634
101,0.40975984930992126
102,0.4184735119342804
103,0.39958834648132324
104,0.3885425329208374
105,0.3783542811870575
106,0.3740648031234741
107,0.3714272677898407
108,0.3695131838321686
109,0.368472158908844
110,0.3677922487258911
111,0.36714881658554077
112,0.3669082224369049
113,0.36674264073371887
114,0.36659327149391174
115,0.3664324879646301
116,0.3660076856613159
117,0.3652682602405548
118,0.36336833238601685
119,0.35914817452430725
120,0.35366883873939514
121,0.3500898480415344
122,0.3491646647453308
123,0.3476816415786743
124,0.34730011224746704
125,0.34688106179237366
126,0.346662312746048
127,0.3465054929256439
128,0.3464365601539612
129,0.346378356218338
130,0.3462763726711273
131,0.3460030257701874
132,0.345146119594574
133,0.3437034487724304
134,0.3406811058521271
135,0.33691084384918213
136,0.3356165587902069
137,0.33101657032966614
138,0.3299594521522522
139,0.32941344380378723
140,0.329228013753891
141,0.3291598856449127
142,0.32911357283592224
143,0.32901862263679504
144,0.32875925302505493
145,0.3283514082431793
146,0.327473908662796
147,0.32556334137916565
148,0.32222291827201843
149,0.31918051838874817
150,0.31734660267829895
151,0.31652525067329407
152,0.31614911556243896
153,0.31595733761787415
154,0.315788209438324
155,0.3156953454017639
156,0.3156077563762665
157,0.31552839279174805
158,0.3154662549495697
159,0.31537073850631714
160,0.31516212224960327
161,0.3149818778038025
162,0.31475797295570374
163,0.3143758475780487
164,0.313617080450058
165,0.3128039836883545
166,0.3112623989582062
167,0.3105742633342743
168,0.310427188873291
169,0.31026729941368103
170,0.310134619474411
171,0.3100157380104065
172,0.30994486808776855
173,0.30978915095329285
174,0.30940717458724976
175,0.308840811252594
176,0.3076176643371582
177,0.3049905002117157
178,0.30455833673477173
179,0.30408352613449097
180,0.3038734495639801
181,0.30304256081581116
182,0.3033783733844757
183,0.3029446601867676
184,0.3029148578643799
185,0.30280885100364685
186,0.30273473262786865
187,0.3026384711265564
188,0.3025403618812561
189,0.30239373445510864
190,0.3020799458026886
191,0.3012390732765198
192,0.29988428950309753
193,0.29798808693885803
194,0.29575708508491516
195,0.29409077763557434
196,0.29267412424087524
197,0.2910204231739044
198,0.28944429755210876
199,0.28828704357147217
200,0.2880210876464844
201,0.28783270716667175
202,0.287741094827652
203,0.28772929310798645
204,0.28763288259506226
205,0.2874627411365509
206,0.2873857915401459
207,0.2873530089855194
208,0.28728917241096497
209,0.2871512174606323
210,0.287026047706604
211,0.28690481185913086
212,0.286804735660553
213,0.286714106798172
214,0.2865886390209198
215,0.2862814962863922
216,0.285506010055542
217,0.2839573621749878
218,0.2814803123474121
219,0.2793913185596466
220,0.2839338481426239
221,0.27722275257110596
222,0.27473846077919006
223,0.2747371792793274
224,0.2737835943698883
225,0.27377766370773315
226,0.2733369469642639
227,0.2730051577091217
228,0.2727825343608856
229,0.2726077437400818
230,0.27237755060195923
231,0.27207863330841064
232,0.2720538377761841
233,0.2719615399837494
234,0.2718488276004791
235,0.2717903256416321
236,0.27175045013427734
237,0.27170881628990173
238,0.2716214954853058
239,0.2713545262813568
240,0.2709336578845978
241,0.26983320713043213
242,0.2678225636482239
243,0.26664191484451294
244,0.2705885171890259
245,0.2654702663421631
246,0.26477453112602234
247,0.2651464343070984
248,0.26424241065979004
249,0.26494279503822327
250,0.2638116180896759
251,0.2634117007255554
252,0.263626366853714
253,0.2630721628665924
254,0.2625395357608795
255,0.2622314691543579
256,0.26180973649024963
257,0.2611158788204193
258,0.26160168647766113
259,0.26044365763664246
260,0.259522944688797
261,0.25911134481430054
262,0.2586733400821686
263,0.25847533345222473
264,0.25830018520355225
265,0.25817444920539856
266,0.25810903310775757
267,0.25803375244140625
268,0.2579819858074188
269,0.2579258978366852
270,0.25783291459083557
271,0.25747382640838623
272,0.25694647431373596
273,0.2559112310409546
274,0.25442731380462646
275,0.25237390398979187
276,0.2505798041820526
277,0.2514342665672302
278,0.2495611160993576
279,0.24826844036579132
280,0.24712423980236053
281,0.24561233818531036
282,0.24335043132305145
283,0.24242129921913147
284,0.2427276223897934
285,0.23828044533729553
286,0.24033187329769135
287,0.2369968146085739
288,0.2353232055902481
289,0.23428845405578613
290,0.23360659182071686
291,0.2313031703233719
292,0.22906896471977234
293,0.2275952696800232
294,0.23047232627868652
295,0.2253737449645996
296,0.22410628199577332
297,0.22424714267253876
298,0.22335661947727203
299,0.22313857078552246
300,0.22288085520267487
301,0.22386178374290466
302,0.22254416346549988
303,0.22245298326015472
304,0.222233846783638
305,0.2220245599746704
306,0.2219204157590866
307,0.22173942625522614
308,0.2215532660484314
309,0.22132644057273865
310,0.2210356593132019
311,0.2208089381456375
312,0.22056205570697784
313,0.22023332118988037
314,0.21976667642593384
315,0.21909992396831512
316,0.21904940903186798
317,0.21854807436466217
318,0.218366339802742
319,0.2181035727262497
320,0.2178952991962433
321,0.21735556423664093
322,0.2165362536907196
323,0.21590033173561096
324,0.21548433601856232
325,0.21511834859848022
326,0.21494793891906738
327,0.21449494361877441
328,0.2154403179883957
329,0.2140285074710846
330,0.2143564075231552
331,0.21379998326301575
332,0.2134784460067749
333,0.21321648359298706
334,0.2129032164812088
335,0.21267056465148926
336,0.21213750541210175
337,0.2114216536283493
338,0.21100305020809174
339,0.21149511635303497
340,0.21060431003570557
341,0.2104945033788681
342,0.20994624495506287
343,0.20947150886058807
344,0.20858299732208252
345,0.20769652724266052
346,0.20697079598903656
347,0.20569771528244019
348,0.2081206738948822
349,0.20513871312141418
350,0.2051430344581604
351,0.20471642911434174
352,0.20480020344257355
353,0.20451906323432922
354,0.20438016951084137
355,0.2042573094367981
356,0.20403647422790527
357,0.20369908213615417
358,0.20318277180194855
359,0.20276771485805511
360,0.20239859819412231
361,0.20210213959217072
362,0.20182563364505768
363,0.201578751206398
364,0.20142045617103577
365,0.20131109654903412
366,0.20119984447956085
367,0.20104198157787323
368,0.20079666376113892
369,0.2004898190498352
370,0.2066587209701538
371,0.2003791630268097
372,0.20003575086593628
373,0.19968025386333466
374,0.19952216744422913
375,0.1995512843132019
376,0.19934166967868805
377,0.1992078423500061
378,0.1990344375371933
379,0.1988825798034668
380,0.1986784040927887
381,0.19858136773109436
382,0.1984560191631317
383,0.198348268866539
384,0.19825991988182068
385,0.19814592599868774
386,0.19804641604423523
387,0.19775992631912231
388,0.19733268022537231
389,0.19688363373279572
390,0.19663985073566437
391,0.20542970299720764
392,0.19645294547080994
393,0.19606192409992218
394,0.19554655253887177
395,0.1952303797006607
396,0.1960533857345581
397,0.194700688123703
398,0.19424201548099518
399,0.19354213774204254
400,0.19243565201759338
401,0.19250454008579254
402,0.19141194224357605
403,0.19029314815998077
404,0.19227130711078644
405,0.1894487589597702
406,0.18829861283302307
407,0.18772202730178833
408,0.18707968294620514
409,0.19006863236427307
410,0.18595218658447266
411,0.18594105541706085
412,0.18422935903072357
413,0.18911924958229065
414,0.18361416459083557
415,0.18253540992736816
416,0.18017779290676117
417,0.17920538783073425
418,0.1787112057209015
419,0.18037912249565125
420,0.17825162410736084
421,0.17811709642410278
422,0.17709040641784668
423,0.17605359852313995
424,0.17469996213912964
425,0.1734650880098343
426,0.17285597324371338
427,0.1719353348016739
428,0.17215053737163544
429,0.17144745588302612
430,0.17080940306186676
431,0.16961230337619781
432,0.16803663969039917
433,0.16597077250480652
434,0.16392232477664948
435,0.16366919875144958
436,0.16469784080982208
437,0.16339018940925598
438,0.16338738799095154
439,0.16303245723247528
440,0.16278624534606934
441,0.16227886080741882
442,0.161082923412323
443,0.16046102344989777
444,0.16035179793834686
445,0.15952585637569427
446,0.15914835035800934
447,0.15868227183818817
448,0.1581871211528778
449,0.15783601999282837
450,0.15742000937461853
451,0.15717637538909912
452,0.15730376541614532
453,0.15694808959960938
454,0.15671460330486298
455,0.15654899179935455
456,0.15633976459503174
457,0.15621516108512878
458,0.15601305663585663
459,0.15591950714588165
460,0.1557796746492386
461,0.1556902676820755
462,0.1556088775396347
463,0.15543268620967865
464,0.1548679620027542
465,0.15413378179073334
466,0.15317793190479279
467,0.1543859988451004
468,0.1526620239019394
469,0.15182453393936157
470,0.15401102602481842
471,0.15111123025417328
472,0.1501055508852005
473,0.1493503451347351
474,0.1490454524755478
475,0.14916272461414337
476,0.14882920682430267
477,0.14858418703079224
478,0.14835956692695618
479,0.14778445661067963
480,0.146931454539299
481,0.14628496766090393
482,0.14609314501285553
483,0.145737424492836
484,0.14548899233341217
485,0.14472036063671112
486,0.14418792724609375
487,0.14379234611988068
488,0.14374352991580963
489,0.1436948925256729
490,0.1436672955751419
491,0.143587127327919
492,0.1432102918624878
493,0.1424688696861267
494,0.1413978487253189
495,0.14452601969242096
496,0.14098386466503143
497,0.14054110646247864
498,0.14007386565208435
499,0.13998745381832123
500,0.1398274302482605
501,0.13973453640937805
502,0.13966664671897888
503,0.13962748646736145
504,0.1395803838968277
505,0.13951502740383148
506,0.1394120454788208
507,0.1392321139574051
508,0.13880860805511475
509,0.13808642327785492
510,0.13728299736976624
511,0.13790598511695862
512,0.1364923119544983
513,0.13530147075653076
514,0.13501480221748352
515,0.1372535526752472
516,0.13473860919475555
517,0.13475823402404785
518,0.13424454629421234
519,0.13462364673614502
520,0.13400794565677643
521,0.13363425433635712
522,0.1333896368741989
523,0.13335560262203217
524,0.13322585821151733
525,0.13318568468093872
526,0.13308681547641754
527,0.1329418271780014
528,0.13285395503044128
529,0.1328188180923462
530,0.13278773427009583
531,0.13275012373924255
532,0.13264302909374237
533,0.1324218511581421
534,0.1320939064025879
535,0.1317514032125473
536,0.13127818703651428
537,0.13107731938362122
538,0.13066460192203522
539,0.13029509782791138
540,0.12992635369300842
541,0.12965643405914307
542,0.12944592535495758
543,0.12914125621318817
544,0.1288691759109497
545,0.12850305438041687
546,0.12834738194942474
547,0.1281709223985672
548,0.128042072057724
549,0.12797440588474274
550,0.12788820266723633
551,0.12783974409103394
552,0.12779495120048523
553,0.12773969769477844
554,0.12766745686531067
555,0.12762199342250824
556,0.12757012248039246
557,0.12751351296901703
558,0.12746091187000275
559,0.12737688422203064
560,0.1272158920764923
561,0.12710100412368774
562,0.12697072327136993
563,0.12705492973327637
564,0.12689173221588135
565,0.12677697837352753
566,0.12660032510757446
567,0.12667837738990784
568,0.1265336275100708
569,0.12636427581310272
570,0.12600921094417572
571,0.12575998902320862
572,0.12655290961265564
573,0.12541557848453522
574,0.12609165906906128
575,0.12510842084884644
576,0.12448045611381531
577,0.12370265275239944
578,0.1237693801522255
579,0.12312890589237213
580,0.13010497391223907
581,0.12265410274267197
582,0.12206254154443741
583,0.12179949134588242
584,0.12183172255754471
585,0.12136650830507278
586,0.12146404385566711
587,0.12120691686868668
588,0.12104253470897675
589,0.12077818810939789
590,0.12056891620159149
591,0.12048697471618652
592,0.1202826201915741
593,0.12017231434583664
594,0.11999545246362686
595,0.11958056688308716
596,0.11926265060901642
597,0.11882024258375168
598,0.11826648563146591
599,0.1178661435842514
600,0.11760107427835464
601,0.11736691743135452
602,0.11707910150289536
603,0.117030568420887
604,0.11696310341358185
605,0.11688745766878128
606,0.11671724915504456
607,0.11648374050855637
608,0.11618690192699432
609,0.1160193607211113
610,0.11580381542444229
611,0.11560412496328354
612,0.11549224704504013
613,0.11530523002147675
614,0.11517941951751709
615,0.11506958305835724
616,0.11495163291692734
617,0.11485779285430908
618,0.11472849547863007
619,0.11443950980901718
620,0.11404333263635635
621,0.1136782318353653
622,0.11369696259498596
623,0.11338096857070923
624,0.11310084164142609
625,0.11284653097391129
626,0.11256557703018188
627,0.11219923943281174
628,0.11177939921617508
629,0.11187595129013062
630,0.11155632883310318
631,0.1112159788608551
632,0.11111895740032196
633,0.11087636649608612
634,0.11052238941192627
635,0.11009564250707626
636,0.10959936678409576
637,0.10953056812286377
638,0.1092485636472702
639,0.10874153673648834
640,0.10896772146224976
641,0.10852432996034622
642,0.10836735367774963
643,0.10817086696624756
644,0.1080494374036789
645,0.107887864112854
646,0.10766713321208954
647,0.10755178332328796
648,0.10748566687107086
649,0.10744278877973557
650,0.10737079381942749
651,0.10733427852392197
652,0.10726363211870193
653,0.10702954232692719
654,0.10675989836454391
655,0.10641130805015564
656,0.10596761107444763
657,0.10560409724712372
658,0.10562185943126678
659,0.105307437479496
660,0.10583134740591049
661,0.10501236468553543
662,0.10472740978002548
663,0.10449673235416412
664,0.10431092977523804
665,0.10413698107004166
666,0.10396835952997208
667,0.10381164401769638
668,0.10356926172971725
669,0.1032710149884224
670,0.10357071459293365
671,0.1030372753739357
672,0.10273618251085281
673,0.10247490555047989
674,0.1025092676281929
675,0.10218723118305206
676,0.1019543707370758
677,0.10159411281347275
678,0.10133655369281769
679,0.10112901031970978
680,0.10112414509057999
681,0.10098113864660263
682,0.10084597766399384
683,0.10059934854507446
684,0.1003447026014328
685,0.09999861568212509
686,0.09981680661439896
687,0.09959262609481812
688,0.09942277520895004
689,0.09921503067016602
690,0.09912131726741791
691,0.09897925704717636
692,0.09884995967149734
693,0.09876161068677902
694,0.09857048094272614
695,0.09850089251995087
696,0.09838727116584778
697,0.09830516576766968
698,0.09821624308824539
699,0.09810212254524231
700,0.09802522510290146
701,0.09797710180282593
702,0.09788387268781662
703,0.09782183915376663
704,0.09771645814180374
705,0.09758292883634567
706,0.09736945480108261
707,0.09707686305046082
708,0.09675752371549606
709,0.09691239148378372
710,0.096493199467659
711,0.0969296470284462
712,0.09631567448377609
713,0.09656303375959396
714,0.09611574560403824
715,0.09603629261255264
716,0.09584230929613113
717,0.09606828540563583
718,0.0956246629357338
719,0.09534104913473129
720,0.09493515640497208
721,0.09464488178491592
722,0.09429597854614258
723,0.09405961632728577
724,0.09388324618339539
725,0.09366399049758911
726,0.09338538348674774
727,0.09293945133686066
728,0.09271076321601868
729,0.09256064146757126
730,0.0923670157790184
731,0.09223585575819016
732,0.09203686565160751
733,0.09188958257436752
734,0.09170793741941452
735,0.09148767590522766
736,0.09131728112697601
737,0.09124740213155746
738,0.09109894186258316
739,0.09111228585243225
740,0.09098699688911438
741,0.09084564447402954
742,0.09071250259876251
743,0.09058339893817902
744,0.09051316976547241
745,0.09045712649822235
746,0.09038549661636353
747,0.09033886343240738
748,0.09029343724250793
749,0.09024936705827713
750,0.09013572335243225
751,0.08995769917964935
752,0.08968508988618851
753,0.08938823640346527
754,0.08911547064781189
755,0.08910349756479263
756,0.08896349370479584
757,0.0887778103351593
758,0.08864524960517883
759,0.08850276470184326
760,0.08836015313863754
761,0.08819344639778137
762,0.08808425813913345
763,0.08794493973255157
764,0.08769195526838303
765,0.08745675534009933
766,0.08729079365730286
767,0.08724114298820496
768,0.08717861771583557
769,0.08714962005615234
770,0.08712050318717957
771,0.08708661794662476
772,0.08698355406522751
773,0.08679834008216858
774,0.08640148490667343
775,0.08593466132879257
776,0.08672817051410675
777,0.08560199290513992
778,0.08530706912279129
779,0.08540847897529602
780,0.0851416289806366
781,0.08508370816707611
782,0.08508022874593735
783,0.08501521497964859
784,0.08491021394729614
785,0.08476676046848297
786,0.08466113358736038
787,0.08455067873001099
788,0.08446259051561356
789,0.0844242200255394
790,0.08429859578609467
791,0.08417950570583344
792,0.08388515561819077
793,0.08386378735303879
794,0.08371032774448395
795,0.08402127027511597
796,0.08356820791959763
797,0.08353263884782791
798,0.08342082798480988
799,0.08336054533720016
800,0.08327638357877731
801,0.08317116647958755
802,0.08312135934829712
803,0.08304858952760696
804,0.08299190551042557
805,0.0829513669013977
806,0.0829080119729042
807,0.08284051716327667
808,0.08278457075357437
809,0.08264259994029999
810,0.08252004534006119
811,0.08254992961883545
812,0.08244973421096802
813,0.0823579728603363
814,0.0822908952832222
815,0.0821947231888771
816,0.08201532810926437
817,0.08179756999015808
818,0.08156335353851318
819,0.08376911282539368
820,0.08146785944700241
821,0.08124736696481705
822,0.08103040605783463
823,0.08087466657161713
824,0.08064083009958267
825,0.08047671616077423
826,0.08030100911855698
827,0.08014672994613647
828,0.08003351092338562
829,0.07998231053352356
830,0.07988910377025604
831,0.0798327848315239
832,0.07975225150585175
833,0.07957995682954788
834,0.07965037971735
835,0.0794929638504982
836,0.0793398842215538
837,0.07925688475370407
838,0.0792706236243248
839,0.07904095202684402
840,0.07896334677934647
841,0.07891865074634552
842,0.07885067164897919
843,0.07878004759550095
844,0.07871820032596588
845,0.07868631184101105
846,0.0786454901099205
847,0.07860808819532394
848,0.07850722223520279
849,0.07834573835134506
850,0.07819560170173645
851,0.07806337624788284
852,0.0779837965965271
853,0.0779045894742012
854,0.07779715955257416
855,0.07761484384536743
856,0.07739143818616867
857,0.07730577141046524
858,0.07699187844991684
859,0.0768759474158287
860,0.07674571126699448
861,0.07659007608890533
862,0.07649017870426178
863,0.07638949155807495
864,0.07612740248441696
865,0.07590088993310928
866,0.07558856159448624
867,0.07521218806505203
868,0.07494960725307465
869,0.07497330009937286
870,0.07484231889247894
871,0.07463115453720093
872,0.0743674710392952
873,0.07407216727733612
874,0.07411213219165802
875,0.07387015223503113
876,0.07360771298408508
877,0.0732724741101265
878,0.07307130843400955
879,0.07292409986257553
880,0.07289190590381622
881,0.0728127583861351
882,0.07260973751544952
883,0.07247735559940338
884,0.07236740738153458
885,0.07226698100566864
886,0.07214788347482681
887,0.07202893495559692
888,0.07186953723430634
889,0.07158884406089783
890,0.07145268470048904
891,0.07126116007566452
892,0.07120814174413681
893,0.07097458094358444
894,0.07092481106519699
895,0.0708649605512619
896,0.0708087682723999
897,0.0707620307803154
898,0.0706961452960968
899,0.07062969356775284
900,0.07057919353246689
901,0.07054205238819122
902,0.07049870491027832
903,0.07042641937732697
904,0.07031939178705215
905,0.07019243389368057
906,0.07008402794599533
907,0.06992173194885254
908,0.06979706883430481
909,0.0697101503610611
910,0.06966360658407211
911,0.0695960596203804
912,0.06949857622385025
913,0.06940370053052902
914,0.06949379295110703
915,0.06930971145629883
916,0.06917612254619598
917,0.06906919181346893
918,0.06899996101856232
919,0.06900075078010559
920,0.06894071400165558
921,0.06885062903165817
922,0.06877884268760681
923,0.0687204971909523
924,0.0686829537153244
925,0.068643718957901
926,0.0685628205537796
927,0.0684710294008255
928,0.06854140758514404
929,0.06834525614976883
930,0.06809618324041367
931,0.06775753945112228
932,0.06763123720884323
933,0.06715080142021179
934,0.06736394017934799
935,0.06695923954248428
936,0.06688868999481201
937,0.0665680542588234
938,0.06637759506702423
939,0.06612244248390198
940,0.06573786586523056
941,0.06545605510473251
942,0.06508747488260269
943,0.06470903009176254
944,0.06407846510410309
945,0.06366672366857529
946,0.06337129324674606
947,0.06315252184867859
948,0.06294329464435577
949,0.06283002346754074
950,0.06266012787818909
951,0.062409304082393646
952,0.06227266043424606
953,0.0620047003030777
954,0.06185069680213928
955,0.061690185219049454
956,0.06158313527703285
957,0.06148883327841759
958,0.06140513718128204
959,0.061334218829870224
960,0.06128042936325073
961,0.06120308116078377
962,0.061107732355594635
963,0.06092444807291031
964,0.0606456957757473
965,0.06033045053482056
966,0.0599590428173542
967,0.06041448935866356
968,0.059662457555532455
969,0.059432897716760635
970,0.059036146849393845
971,0.058360692113637924
972,0.05800522863864899
973,0.057634565979242325
974,0.05764336884021759
975,0.05744866654276848
976,0.057333193719387054
977,0.057285748422145844
978,0.05716527998447418
979,0.05708461254835129
980,0.05698923394083977
981,0.056659527122974396
982,0.0564689002931118
983,0.05632547661662102
984,0.05618574097752571
985,0.056027431041002274
986,0.055946361273527145
987,0.05588356778025627
988,0.055817198008298874
989,0.055750347673892975
990,0.05567215383052826
991,0.05559251084923744
992,0.05549658089876175
993,0.05538412928581238
994,0.05523281916975975
995,0.0550348237156868
996,0.05477854609489441
997,0.05479752644896507
998,0.054623279720544815
999,0.05472201108932495
1000,0.05439562350511551
1001,0.054225292056798935
1002,0.05403892695903778
1003,0.0540272556245327
1004,0.05394687131047249
1005,0.05384509265422821
1006,0.05372583493590355
1007,0.05362147465348244
1008,0.05353144556283951
1009,0.053449250757694244
1010,0.05335020273923874
1011,0.053188178688287735
1012,0.052915059030056
1013,0.05285171791911125
1014,0.05275991931557655
1015,0.05265604704618454
1016,0.052505698055028915
1017,0.054045092314481735
1018,0.052403226494789124
1019,0.05230141803622246
1020,0.05219678580760956
1021,0.052113376557826996
1022,0.05203652009367943
1023,0.051916785538196564
1024,0.051875486969947815
1025,0.05184356868267059
1026,0.0517062172293663
1027,0.05164947733283043
1028,0.05156667158007622
1029,0.0515032596886158
1030,0.05145689845085144
1031,0.051398079842329025
1032,0.05128655955195427
1033,0.05116860568523407
1034,0.05091843381524086
1035,0.05068860575556755
1036,0.050965696573257446
1037,0.05037078633904457
1038,0.05074237659573555
1039,0.05024325102567673
1040,0.05110376700758934
1041,0.05009489879012108
1042,0.049947600811719894
1043,0.0497741736471653
1044,0.04969353228807449
1045,0.04939916357398033
1046,0.049281440675258636
1047,0.04910673946142197
1048,0.04940236359834671
1049,0.04896989464759827
1050,0.048838093876838684
1051,0.04865383729338646
1052,0.048387087881565094
1053,0.048016805201768875
1054,0.04744279012084007
1055,0.04666246101260185
1056,0.04828876256942749
1057,0.046415019780397415
1058,0.04646476358175278
1059,0.04606517776846886
1060,0.045978158712387085
1061,0.046003345400094986
1062,0.04571143165230751
1063,0.045562494546175
1064,0.04541520029306412
1065,0.04529990628361702
1066,0.04513822868466377
1067,0.045034244656562805
1068,0.044921644032001495
1069,0.044850610196590424
1070,0.044743411242961884
1071,0.044656697660684586
1072,0.04722817614674568
1073,0.044642187654972076
1074,0.04460351541638374
1075,0.04457009211182594
1076,0.04454294592142105
1077,0.0444994755089283
1078,0.04444171488285065
1079,0.0443529337644577
1080,0.04426296055316925
1081,0.04416349157691002
1082,0.04402470216155052
1083,0.04394661262631416
1084,0.04383257403969765
1085,0.04426076263189316
1086,0.04376339912414551
1087,0.04356451332569122
1088,0.04344986379146576
1089,0.04335333779454231
1090,0.04325724020600319
1091,0.043192267417907715
1092,0.04310792684555054
1093,0.04305686801671982
1094,0.042939186096191406
1095,0.042814161628484726
1096,0.0426284521818161
1097,0.042368341237306595
1098,0.04217734560370445
1099,0.04192947596311569
1100,0.04170103371143341
1101,0.041533466428518295
1102,0.041324060410261154
1103,0.041200801730155945
1104,0.04114406555891037
1105,0.04102072864770889
1106,0.04094619303941727
1107,0.04086724668741226
1108,0.040756482630968094
1109,0.04062097519636154
1110,0.040615182369947433
1111,0.040554165840148926
1112,0.040464866906404495
1113,0.04036819934844971
1114,0.040300704538822174
1115,0.0402349978685379
1116,0.04016229882836342
1117,0.04009835422039032
1118,0.04005863517522812
1119,0.04003782197833061
1120,0.040011607110500336
1121,0.0399969257414341
1122,0.039974093437194824
1123,0.03994368389248848
1124,0.03987240046262741
1125,0.03972252458333969
1126,0.039857275784015656
1127,0.03957561403512955
1128,0.03940030187368393
1129,0.03901253640651703
1130,0.03968353569507599
1131,0.03889717906713486
1132,0.03899579122662544
1133,0.03865732252597809
1134,0.03854624181985855
1135,0.03826949745416641
1136,0.038074083626270294
1137,0.037879619747400284
1138,0.0377209410071373
1139,0.0375838503241539
1140,0.03738056868314743
1141,0.03731382265686989
1142,0.03726388141512871
1143,0.03704535588622093
1144,0.03699860721826553
1145,0.03704659268260002
1146,0.036917537450790405
1147,0.036842867732048035
1148,0.03665892407298088
1149,0.03655308112502098
1150,0.0363088995218277
1151,0.03607383370399475
1152,0.03587057441473007
1153,0.035624295473098755
1154,0.03541745990514755
1155,0.03652108088135719
1156,0.035302769392728806
1157,0.03515114262700081
1158,0.03507590293884277
1159,0.034987397491931915
1160,0.034940119832754135
1161,0.03489510342478752
1162,0.034854963421821594
1163,0.03481229394674301
1164,0.03475978597998619
1165,0.034689415246248245
1166,0.0346134714782238
1167,0.0345286950469017
1168,0.03444458171725273
1169,0.03433700278401375
1170,0.03428197279572487
1171,0.03419771417975426
1172,0.03412624076008797
1173,0.03408310189843178
1174,0.034027401357889175
1175,0.033967144787311554
1176,0.03388873487710953
1177,0.033994223922491074
1178,0.033858008682727814
1179,0.03380639851093292
1180,0.03371664136648178
1181,0.03365589305758476
1182,0.03356021270155907
1183,0.03344900533556938
1184,0.033328693360090256
1185,0.03307778015732765
1186,0.03280114009976387
1187,0.03250771760940552
1188,0.03282339870929718
1189,0.03240746632218361
1190,0.03229609876871109
1191,0.032100893557071686
1192,0.03202133625745773
1193,0.03191098943352699
1194,0.03174508735537529
1195,0.031618162989616394
1196,0.03156742453575134
1197,0.031517527997493744
1198,0.031482525169849396
1199,0.031394850462675095
1200,0.03133143484592438
1201,0.03125528618693352
1202,0.03113800287246704
1203,0.03101678378880024
1204,0.030890902504324913
1205,0.03076362796127796
1206,0.030581029132008553
1207,0.030480636283755302
1208,0.03043658658862114
1209,0.030355369672179222
1210,0.030314045026898384
1211,0.030238216742873192
1212,0.030175818130373955
1213,0.030125556513667107
1214,0.030095884576439857
1215,0.030078895390033722
1216,0.030057262629270554
1217,0.03001290187239647
1218,0.029962841421365738
1219,0.029904644936323166
1220,0.029833504930138588
1221,0.02977793477475643
1222,0.029792774468660355
1223,0.029744070023298264
1224,0.029714075848460197
1225,0.029665041714906693
1226,0.029607923701405525
1227,0.029546037316322327
1228,0.029470521956682205
1229,0.029377475380897522
1230,0.029619619250297546
1231,0.029315905645489693
1232,0.02924116887152195
1233,0.029141152277588844
1234,0.02906392700970173
1235,0.029040729627013206
1236,0.029012808576226234
1237,0.028994442895054817
1238,0.028976526111364365
1239,0.02895321696996689
1240,0.028919117525219917
1241,0.028866637498140335
1242,0.028780044987797737
1243,0.02864036150276661
1244,0.028538260608911514
1245,0.02862413600087166
1246,0.02843514084815979
1247,0.028437983244657516
1248,0.028395097702741623
1249,0.02834027074277401
1250,0.028274185955524445
1251,0.028222449123859406
1252,0.028143521398305893
1253,0.028067776933312416
1254,0.02799997664988041
1255,0.027938583865761757
1256,0.027874141931533813
1257,0.02784685231745243
1258,0.027826709672808647
1259,0.027811599895358086
1260,0.027794573456048965
1261,0.02776895835995674
1262,0.02773543819785118
1263,0.027681643143296242
1264,0.02761773020029068
1265,0.0275461133569479
1266,0.027441995218396187
1267,0.027665112167596817
1268,0.02736671455204487
1269,0.027297822758555412
1270,0.027245132252573967
1271,0.027207691222429276
1272,0.027182048186659813
1273,0.02715168707072735
1274,0.027123358100652695
1275,0.027114206925034523
1276,0.027101190760731697
1277,0.0270665492862463
1278,0.027049986645579338
1279,0.027019280940294266
1280,0.026996027678251266
1281,0.026981107890605927
1282,0.026958942413330078
1283,0.026933765038847923
1284,0.02688278816640377
1285,0.026808468624949455
1286,0.026738684624433517
1287,0.026695311069488525
1288,0.0267049390822649
1289,0.026686199009418488
1290,0.026683760806918144
1291,0.026667077094316483
1292,0.02665833570063114
1293,0.026637157425284386
1294,0.026605049148201942
1295,0.026560736820101738
1296,0.02652928978204727
1297,0.026478219777345657
1298,0.026403378695249557
1299,0.026361487805843353
1300,0.026275375857949257
1301,0.026141585782170296
1302,0.026131296530365944
1303,0.026019062846899033
1304,0.025960789993405342
1305,0.025903241708874702
1306,0.025874758139252663
1307,0.025803374126553535
1308,0.025768950581550598
1309,0.02572626806795597
1310,0.02566153183579445
1311,0.025642523542046547
1312,0.02554885856807232
1313,0.025486035272479057
1314,0.025438830256462097
1315,0.025397218763828278
1316,0.025355851277709007
1317,0.025315837934613228
1318,0.025274746119976044
1319,0.025212252512574196
1320,0.025133449584245682
1321,0.025043735280632973
1322,0.02519744634628296
1323,0.025011759251356125
1324,0.024974992498755455
1325,0.02495225891470909
1326,0.02491365559399128
1327,0.024872733280062675
1328,0.024821177124977112
1329,0.024722987785935402
1330,0.024611325934529305
1331,0.024821344763040543
1332,0.0245659239590168
1333,0.024506501853466034
1334,0.024649862200021744
1335,0.024487704038619995
1336,0.024465303868055344
1337,0.02444726973772049
1338,0.024412697181105614
1339,0.02436954528093338
1340,0.02431238442659378
1341,0.024284811690449715
1342,0.02419114112854004
1343,0.024123838171362877
1344,0.024008432403206825
1345,0.024148205295205116
1346,0.02394699864089489
1347,0.023855920881032944
1348,0.023814579471945763
1349,0.023945705965161324
1350,0.023747868835926056
1351,0.02369340881705284
1352,0.02362869679927826
1353,0.023549778386950493
1354,0.02356872893869877
1355,0.023521117866039276
1356,0.023464009165763855
1357,0.023444905877113342
1358,0.02342189848423004
1359,0.023372916504740715
1360,0.023325307294726372
1361,0.023299003019928932
1362,0.023268526419997215
1363,0.023246999830007553
1364,0.023222768679261208
1365,0.023188363760709763
1366,0.02314729057252407
1367,0.02311660349369049
1368,0.023081105202436447
1369,0.023058362305164337
1370,0.023029830306768417
1371,0.022999942302703857
1372,0.022968757897615433
1373,0.022944806143641472
1374,0.022929050028324127
1375,0.022906731814146042
1376,0.02288014627993107
1377,0.022858496755361557
1378,0.02282615937292576
1379,0.022806556895375252
1380,0.022783871740102768
1381,0.022773053497076035
1382,0.022761467844247818
1383,0.02275308221578598
1384,0.022748062387108803
1385,0.022742481902241707
1386,0.02273501642048359
1387,0.022727446630597115
1388,0.022718016058206558
1389,0.02271139994263649
1390,0.022705575451254845
1391,0.02269972302019596
1392,0.02269040234386921
1393,0.022681675851345062
1394,0.022671787068247795
1395,0.022662200033664703
1396,0.02265370637178421
1397,0.022641507908701897
1398,0.022628119215369225
1399,0.022614410147070885
1400,0.02271459437906742
1401,0.02260749414563179
1402,0.0225965678691864
1403,0.022567063570022583
1404,0.022544004023075104
1405,0.022496040910482407
1406,0.02244744449853897
1407,0.022446665912866592
1408,0.022403445094823837
1409,0.022345250472426414
1410,0.022269710898399353
1411,0.02223661169409752
1412,0.022206230089068413
1413,0.022178666666150093
1414,0.02214151993393898
1415,0.022093934938311577
1416,0.022047927603125572
1417,0.02199409157037735
1418,0.021946649998426437
1419,0.021870898082852364
1420,0.021821562200784683
1421,0.02178083173930645
1422,0.0217656958848238
1423,0.021754799410700798
1424,0.02174764685332775
1425,0.021737948060035706
1426,0.02172299101948738
1427,0.02171402797102928
1428,0.021709196269512177
1429,0.021704168990254402
1430,0.021698376163840294
1431,0.021686863154172897
1432,0.021678859367966652
1433,0.021664829924702644
1434,0.02165118232369423
1435,0.021633978933095932
1436,0.021618584170937538
1437,0.021606814116239548
1438,0.021598557010293007
1439,0.02159249037504196
1440,0.02158982865512371
1441,0.021588176488876343
1442,0.02158629335463047
1443,0.02158377505838871
1444,0.021578161045908928
1445,0.021570801734924316
1446,0.021558012813329697
1447,0.021518686786293983
1448,0.02149035409092903
1449,0.021459383890032768
1450,0.02143895998597145
1451,0.02141476981341839
1452,0.0213958527892828
1453,0.021374262869358063
1454,0.0213546734303236
1455,0.021339356899261475
1456,0.02133069559931755
1457,0.021323993802070618
1458,0.02131165750324726
1459,0.021293656900525093
1460,0.021272724494338036
1461,0.021259985864162445
1462,0.021251225844025612
1463,0.021241523325443268
1464,0.021230095997452736
1465,0.021220745518803596
1466,0.0212128646671772
1467,0.02120322361588478
1468,0.021195704117417336
1469,0.02118610218167305
1470,0.02117760479450226
1471,0.021167593076825142
1472,0.021160054951906204
1473,0.021147893741726875
1474,0.02113664150238037
1475,0.02112424746155739
1476,0.021115411072969437
1477,0.021099528297781944
1478,0.02108476310968399
1479,0.021068206056952477
1480,0.021045751869678497
1481,0.021011197939515114
1482,0.020982908084988594
1483,0.020946204662322998
1484,0.02089802734553814
1485,0.020864596590399742
1486,0.020844750106334686
1487,0.02081955410540104
1488,0.020783789455890656
1489,0.0207577683031559
1490,0.020701849833130836
1491,0.020702246576547623
1492,0.020689914003014565
1493,0.02065512165427208
1494,0.020634962245821953
1495,0.020624343305826187
1496,0.02061881497502327
1497,0.02061126008629799
1498,0.020604003220796585
1499,0.020593706518411636
1500,0.02058541774749756
1501,0.02057570591568947
1502,0.020567359402775764
1503,0.020554130896925926
1504,0.02054247073829174
1505,0.020533155649900436
1506,0.02052982524037361
1507,0.020526336506009102
1508,0.020521732047200203
1509,0.02051711454987526
1510,0.02051192708313465
1511,0.020507531240582466
1512,0.0205006692558527
1513,0.02049162983894348
1514,0.02048322930932045
1515,0.020474955439567566
1516,0.020458994433283806
1517,0.020443227142095566
1518,0.020421022549271584
1519,0.020394574850797653
1520,0.020364098250865936
1521,0.020496493205428123
1522,0.02034536935389042
1523,0.02029567025601864
1524,0.020248666405677795
1525,0.02024090476334095
1526,0.020205233246088028
1527,0.020713621750473976
1528,0.020171068608760834
1529,0.02014985866844654
1530,0.0201374813914299
1531,0.02010873146355152
1532,0.020051749423146248
1533,0.02002929151058197
1534,0.019991856068372726
1535,0.01995185948908329
1536,0.019935907796025276
1537,0.019903840497136116
1538,0.019871987402439117
1539,0.019879844039678574
1540,0.019858749583363533
1541,0.019835585728287697
1542,0.019807305186986923
1543,0.019841648638248444
1544,0.019784046337008476
1545,0.01975259743630886
1546,0.019727764651179314
1547,0.019701318815350533
1548,0.019713548943400383
1549,0.019674085080623627
1550,0.01964460499584675
1551,0.01962519995868206
1552,0.019687820225954056
1553,0.019609834998846054
1554,0.019596146419644356
1555,0.01958753727376461
1556,0.019579268991947174
1557,0.019562367349863052
1558,0.01955483667552471
1559,0.019545117393136024
1560,0.019535569474101067
1561,0.019521858543157578
1562,0.01951124705374241
1563,0.019504152238368988
1564,0.019496886059641838
1565,0.019492626190185547
1566,0.019485292956233025
1567,0.01948055811226368
1568,0.019468698650598526
1569,0.019453922286629677
1570,0.019442202523350716
1571,0.019433120265603065
1572,0.019424792379140854
1573,0.019419608637690544
1574,0.01940969191491604
1575,0.019398288801312447
1576,0.0193831417709589
1577,0.019369924440979958
1578,0.01935514807701111
1579,0.019334666430950165
1580,0.019311917945742607
1581,0.019291993230581284
1582,0.019297834485769272
1583,0.019283773377537727
1584,0.01927691511809826
1585,0.01927109993994236
1586,0.019263282418251038
1587,0.01924949511885643
1588,0.0192312840372324
1589,0.01923154480755329
1590,0.019213147461414337
1591,0.01919652335345745
1592,0.019182734191417694
1593,0.019168978556990623
1594,0.01915884017944336
1595,0.019145596772432327
1596,0.01914289779961109
1597,0.019139297306537628
1598,0.019130108878016472
1599,0.019124450162053108
1600,0.01911671832203865
1601,0.019105125218629837
1602,0.019091280177235603
1603,0.01909538172185421
1604,0.01908336952328682
1605,0.01906741037964821
1606,0.01906406879425049
1607,0.01905801147222519
1608,0.019046161323785782
1609,0.01903269812464714
1610,0.019047902897000313
1611,0.019028574228286743
1612,0.019019370898604393
1613,0.019010310992598534
1614,0.019003499299287796
1615,0.018990036100149155
1616,0.018979113548994064
1617,0.01896675117313862
1618,0.01894938014447689
1619,0.018946709111332893
1620,0.018938079476356506
1621,0.018926499411463737
1622,0.018917793408036232
1623,0.0189089123159647
1624,0.018900545313954353
1625,0.01889253966510296
1626,0.018884295597672462
1627,0.018869293853640556
1628,0.018861785531044006
1629,0.018841499462723732
1630,0.018827171996235847
1631,0.01881910115480423
1632,0.01879633590579033
1633,0.018784338608384132
1634,0.01876930519938469
1635,0.018755977973341942
1636,0.018741728737950325
1637,0.018720034509897232
1638,0.01870616152882576
1639,0.018754657357931137
1640,0.01869511790573597
1641,0.018687287345528603
1642,0.018679175525903702
1643,0.018669089302420616
1644,0.018655240535736084
1645,0.018636565655469894
1646,0.018617955967783928
1647,0.018594231456518173
1648,0.018565107136964798
1649,0.01855093613266945
1650,0.018539996817708015
1651,0.018529271706938744
1652,0.018516838550567627
1653,0.01849517785012722
1654,0.01847386546432972
1655,0.0184621661901474
1656,0.0184470284730196
1657,0.01843959279358387
1658,0.018427256494760513
1659,0.018415968865156174
1660,0.018394717946648598
1661,0.018395638093352318
1662,0.0183767881244421
1663,0.01835259236395359
1664,0.01833273470401764
1665,0.018315069377422333
1666,0.018298599869012833
1667,0.018277689814567566
1668,0.018251214176416397
1669,0.01822018064558506
1670,0.018201259896159172
1671,0.018175657838582993
1672,0.018145419657230377
1673,0.018107522279024124
1674,0.018081074580550194
1675,0.01803787611424923
1676,0.018006624653935432
1677,0.017980454489588737
1678,0.017982136458158493
1679,0.017951466143131256
1680,0.017933543771505356
1681,0.017913542687892914
1682,0.01789863407611847
1683,0.01788453757762909
1684,0.017860587686300278
1685,0.017844010144472122
1686,0.017819710075855255
1687,0.01779153198003769
1688,0.017782062292099
1689,0.01775708980858326
1690,0.017738863825798035
1691,0.017723342403769493
1692,0.017711035907268524
1693,0.017700668424367905
1694,0.017682421952486038
1695,0.017673434689641
1696,0.017663298174738884
1697,0.017656294628977776
1698,0.017645688727498055
1699,0.01763077825307846
1700,0.017620380967855453
1701,0.017607398331165314
1702,0.017595091834664345
1703,0.017579752951860428
1704,0.017565308138728142
1705,0.017771638929843903
1706,0.017556721344590187
1707,0.01754061132669449
1708,0.017504507675766945
1709,0.01747916266322136
1710,0.017445478588342667
1711,0.01742522232234478
1712,0.01739834062755108
1713,0.01738405041396618
1714,0.017375240102410316
1715,0.017368339002132416
1716,0.017358534038066864
1717,0.01731754280626774
1718,0.017250481992959976
1719,0.017148595303297043
1720,0.017599761486053467
1721,0.017092851921916008
1722,0.01705489680171013
1723,0.01716635935008526
1724,0.01694670505821705
1725,0.016998793929815292
1726,0.016898522153496742
1727,0.01690642535686493
1728,0.01686856895685196
1729,0.01682942546904087
1730,0.01678154058754444
1731,0.01674235239624977
1732,0.01669713854789734
1733,0.016617190092802048
1734,0.016549156978726387
1735,0.016474133357405663
1736,0.016536667943000793
1737,0.016451390460133553
1738,0.016423380002379417
1739,0.016402030363678932
1740,0.01639034040272236
1741,0.016379809007048607
1742,0.016369272023439407
1743,0.016355415806174278
1744,0.016333449631929398
1745,0.016311967745423317
1746,0.016287462785840034
1747,0.01630587689578533
1748,0.01627424918115139
1749,0.016256246715784073
1750,0.01624327525496483
1751,0.0162308719009161
1752,0.016217906028032303
1753,0.016195297241210938
1754,0.01618362031877041
1755,0.01617094688117504
1756,0.01615925505757332
1757,0.016143914312124252
1758,0.016118120402097702
1759,0.01609453745186329
1760,0.016072476282715797
1761,0.016047965735197067
1762,0.016027336940169334
1763,0.016009312123060226
1764,0.0159948468208313
1765,0.01598874107003212
1766,0.015979904681444168
1767,0.01597263664007187
1768,0.015962550416588783
1769,0.015953829512000084
1770,0.0159466415643692
1771,0.01593470200896263
1772,0.01592150144279003
1773,0.015906590968370438
1774,0.015890980139374733
1775,0.015884453430771828
1776,0.015875549986958504
1777,0.015873420983552933
1778,0.01586814783513546
1779,0.015864327549934387
1780,0.01586025208234787
1781,0.015853965654969215
1782,0.01584918424487114
1783,0.015843676403164864
1784,0.01583663560450077
1785,0.015840526670217514
1786,0.01583128049969673
1787,0.015816356986761093
1788,0.015803121030330658
1789,0.01577904261648655
1790,0.015763450413942337
1791,0.015745025128126144
1792,0.015718886628746986
1793,0.0156943891197443
1794,0.01568392477929592
1795,0.01566828228533268
1796,0.015647951513528824
1797,0.015611943788826466
1798,0.015550208278000355
1799,0.015517890453338623
1800,0.01553003303706646
1801,0.015485220588743687
1802,0.015507928095757961
1803,0.015462180599570274
1804,0.015450870618224144
1805,0.015423140488564968
1806,0.01540826354175806
1807,0.015389143489301205
1808,0.015368596650660038
1809,0.015358364209532738
1810,0.015346531756222248
1811,0.015332866460084915
1812,0.015320420265197754
1813,0.01529791858047247
1814,0.015278017148375511
1815,0.01526069175451994
1816,0.01525075826793909
1817,0.015228419564664364
1818,0.015209298580884933
1819,0.015177696011960506
1820,0.015158252790570259
1821,0.01516480091959238
1822,0.015151742845773697
1823,0.015138721093535423
1824,0.015129685401916504
1825,0.015116526745259762
1826,0.015096447430551052
1827,0.015077426098287106
1828,0.015087965875864029
1829,0.015067663043737411
1830,0.015065346844494343
1831,0.015056854113936424
1832,0.015049805864691734
1833,0.015040447004139423
1834,0.015032189898192883
1835,0.0150273023173213
1836,0.015017708763480186
1837,0.015005412511527538
1838,0.014997364953160286
1839,0.014988849870860577
1840,0.014978627674281597
1841,0.014967044815421104
1842,0.014952600002288818
1843,0.014943121932446957
1844,0.014936921186745167
1845,0.014930937439203262
1846,0.01492153387516737
1847,0.014913342893123627
1848,0.014905493706464767
1849,0.014899853616952896
1850,0.014891383238136768
1851,0.014887106604874134
1852,0.014882069081068039
1853,0.014876507222652435
1854,0.014867770485579967
1855,0.01485756691545248
1856,0.014850071631371975
1857,0.014843940734863281
1858,0.014837317168712616
1859,0.01483200304210186
1860,0.014826541766524315
1861,0.014821426942944527
1862,0.01481577567756176
1863,0.01480843685567379
1864,0.01480093039572239
1865,0.014795085415244102
1866,0.01479265931993723
1867,0.01478559523820877
1868,0.014778738841414452
1869,0.014761005528271198
1870,0.014744133688509464
1871,0.014742692932486534
1872,0.014729071408510208
1873,0.014709839597344398
1874,0.014684893190860748
1875,0.014666490256786346
1876,0.01464431919157505
1877,0.014613945968449116
1878,0.014583384618163109
1879,0.014564989134669304
1880,0.014539153315126896
1881,0.014495637267827988
1882,0.014465242624282837
1883,0.014437970705330372
1884,0.014393814839422703
1885,0.014336503110826015
1886,0.014376030303537846
1887,0.014300347305834293
1888,0.014295876957476139
1889,0.014273668639361858
1890,0.014264004305005074
1891,0.014243957586586475
1892,0.0142148332670331
1893,0.014119072817265987
1894,0.01407400332391262
1895,0.014053749851882458
1896,0.014035174623131752
1897,0.014015313237905502
1898,0.014008685015141964
1899,0.013959615491330624
1900,0.013936302624642849
1901,0.013912070542573929
1902,0.013885744847357273
1903,0.013868436217308044
1904,0.013830858282744884
1905,0.013808338902890682
1906,0.013789198361337185
1907,0.01379256509244442
1908,0.0137763237580657
1909,0.013763791881501675
1910,0.013749674893915653
1911,0.013724849559366703
1912,0.013711733743548393
1913,0.013696674257516861
1914,0.01368200033903122
1915,0.013660782016813755
1916,0.013649622909724712
1917,0.013635586947202682
1918,0.013628710061311722
1919,0.013619261793792248
1920,0.01361138466745615
1921,0.013608057983219624
1922,0.013600043952465057
1923,0.01359585952013731
1924,0.013590032234787941
1925,0.01357529778033495
1926,0.013561849482357502
1927,0.013554086908698082
1928,0.013533048331737518
1929,0.013540946878492832
1930,0.01352269109338522
1931,0.013507741503417492
1932,0.013491489924490452
1933,0.013468500226736069
1934,0.013437911868095398
1935,0.01340796984732151
1936,0.013384504243731499
1937,0.01336395088583231
1938,0.01335749588906765
1939,0.01335553266108036
1940,0.013349241577088833
1941,0.013336882926523685
1942,0.013322222046554089
1943,0.013306841254234314
1944,0.013300140388309956
1945,0.013279473409056664
1946,0.01327377650886774
1947,0.013267827220261097
1948,0.013262061402201653
1949,0.013255584053695202
1950,0.013249184004962444
1951,0.013242402113974094
1952,0.013238167390227318
1953,0.013233296573162079
1954,0.013230246491730213
1955,0.013225069269537926
1956,0.013215790502727032
1957,0.013203322887420654
1958,0.013174714520573616
1959,0.013125627301633358
1960,0.01307830773293972
1961,0.013096660375595093
1962,0.013056766241788864
1963,0.01303128432482481
1964,0.013008828274905682
1965,0.012992801144719124
1966,0.012980474159121513
1967,0.012964466586709023
1968,0.012936212122440338
1969,0.012896827422082424
1970,0.012843790464103222
1971,0.01281718723475933
1972,0.012799029238522053
1973,0.01278610061854124
1974,0.012773117050528526
1975,0.012754298746585846
1976,0.012718562968075275
1977,0.012684381566941738
1978,0.012656772509217262
1979,0.012663480825722218
1980,0.012633195146918297
1981,0.012604509480297565
1982,0.01258386205881834
1983,0.012556616216897964
1984,0.012533781118690968
1985,0.012495818547904491
1986,0.01245220098644495
1987,0.012430637143552303
1988,0.012411978095769882
1989,0.012375337071716785
1990,0.012366562150418758
1991,0.012340137735009193
1992,0.012311886996030807
1993,0.012295493856072426
1994,0.012285147793591022
1995,0.012275454588234425
1996,0.012266768142580986
1997,0.012257309630513191
1998,0.012243854813277721
1999,0.012228141538798809
2000,0.01221378706395626
2001,0.012200593948364258
2002,0.012180863879621029
2003,0.012352743186056614
2004,0.012168126180768013
2005,0.012140610255300999
2006,0.012108364142477512
2007,0.012105515226721764
2008,0.012099280953407288
2009,0.012085964903235435
2010,0.012077301740646362
2011,0.012067168019711971
2012,0.012059561908245087
2013,0.012052669189870358
2014,0.012040296569466591
2015,0.01202748715877533
2016,0.01201395783573389
2017,0.012006602250039577
2018,0.011966862715780735
2019,0.01193607971072197
2020,0.011897653341293335
2021,0.011905036866664886
2022,0.01187171507626772
2023,0.011850818060338497
2024,0.011832157149910927
2025,0.011903921142220497
2026,0.01182593684643507
2027,0.0118036400526762
2028,0.011771688237786293
2029,0.011760342866182327
2030,0.01174069568514824
2031,0.011727064847946167
2032,0.011709262616932392
2033,0.011694599874317646
2034,0.011684957891702652
2035,0.011659739539027214
2036,0.011642779223620892
2037,0.011627981439232826
2038,0.011609054170548916
2039,0.011600179597735405
2040,0.011587955988943577
2041,0.011574383825063705
2042,0.011563917621970177
2043,0.011558334343135357
2044,0.011552701704204082
2045,0.0115446075797081
2046,0.011530943214893341
2047,0.01151593029499054
2048,0.011507697403430939
2049,0.011500922031700611
2050,0.011493698693811893
2051,0.011484104208648205
2052,0.011469070799648762
2053,0.011447514407336712
2054,0.011435547843575478
2055,0.01142676081508398
2056,0.011401982046663761
2057,0.0113900825381279
2058,0.011373871937394142
2059,0.011352983303368092
2060,0.011330521665513515
2061,0.011310260742902756
2062,0.01128613855689764
2063,0.011259197257459164
2064,0.011230530217289925
2065,0.011201891116797924
2066,0.011194509454071522
2067,0.011184356175363064
2068,0.01117266807705164
2069,0.011158893816173077
2070,0.011153634637594223
2071,0.011148885823786259
2072,0.011145469732582569
2073,0.011140379123389721
2074,0.011130759492516518
2075,0.011122015304863453
2076,0.011108070611953735
2077,0.011094513349235058
2078,0.011101428419351578
2079,0.011088789440691471
2080,0.011080935597419739
2081,0.011071230284869671
2082,0.011061545461416245
2083,0.01104926411062479
2084,0.0110386423766613
2085,0.011029506102204323
2086,0.011016208678483963
2087,0.010996495373547077
2088,0.01097923330962658
2089,0.010961445048451424
2090,0.010944481939077377
2091,0.010930963791906834
2092,0.010916304774582386
2093,0.010905250906944275
2094,0.010895466431975365
2095,0.010885363444685936
2096,0.010874452069401741
2097,0.010858985595405102
2098,0.010860557667911053
2099,0.010844796895980835
2100,0.01110222190618515
2101,0.010832294821739197
2102,0.010807890444993973
2103,0.010774834081530571
2104,0.010742880403995514
2105,0.010715239681303501
2106,0.010696296580135822
2107,0.0106979263946414
2108,0.01067794393748045
2109,0.010669678449630737
2110,0.010660032741725445
2111,0.010645880363881588
2112,0.010636277496814728
2113,0.010626628063619137
2114,0.010617953725159168
2115,0.010597238317131996
2116,0.010569361038506031
2117,0.01060000341385603
2118,0.010547648184001446
2119,0.010528686456382275
2120,0.010501537472009659
2121,0.010481607168912888
2122,0.01045987755060196
2123,0.010436263866722584
2124,0.010419233702123165
2125,0.010393486358225346
2126,0.010376762598752975
2127,0.010351302102208138
2128,0.01032276451587677
2129,0.010288973338901997
2130,0.01029367558658123
2131,0.010257630608975887
2132,0.010245182551443577
2133,0.010214568115770817
2134,0.010203473269939423
2135,0.01019238866865635
2136,0.01017866563051939
2137,0.010175292380154133
2138,0.010155965574085712
2139,0.010145865380764008
2140,0.010124399326741695
2141,0.010098874568939209
2142,0.010069508105516434
2143,0.010052754543721676
2144,0.010047469288110733
2145,0.01003981102257967
2146,0.010030983947217464
2147,0.010026316158473492
2148,0.010018487460911274
2149,0.010014361701905727
2150,0.010011907666921616
2151,0.010002954863011837
2152,0.00999677274376154
2153,0.00998696219176054
2154,0.009977554902434349
2155,0.009969954378902912
2156,0.009963283315300941
2157,0.009959051385521889
2158,0.009955632500350475
2159,0.009950850158929825
2160,0.009945092722773552
2161,0.009936278685927391
2162,0.00992830004543066
2163,0.009922539815306664
2164,0.00991795863956213
2165,0.009913426823914051
2166,0.009906582534313202
2167,0.00991114042699337
2168,0.009903253987431526
2169,0.009897551499307156
2170,0.00989177543669939
2171,0.009905419312417507
2172,0.00988420844078064
2173,0.009871077723801136
2174,0.009856674820184708
2175,0.009852920658886433
2176,0.009838857688009739
2177,0.0098336823284626
2178,0.009828675538301468
2179,0.009817925281822681
2180,0.00980874802917242
2181,0.009794395416975021
2182,0.009781396016478539
2183,0.009785997681319714
2184,0.009775799699127674
2185,0.009769337251782417
2186,0.009766016155481339
2187,0.009762939997017384
2188,0.009759332053363323
2189,0.009754481725394726
2190,0.009750342927873135
2191,0.00974209327250719
2192,0.009730875492095947
2193,0.009714527055621147
2194,0.009687680751085281
2195,0.009666439145803452
2196,0.009643749333918095
2197,0.009622633457183838
2198,0.009614860638976097
2199,0.00960210245102644
2200,0.009594707749783993
2201,0.009581049904227257
2202,0.009557577781379223
2203,0.009531394578516483
2204,0.00950746238231659
2205,0.009454760700464249
2206,0.009456221014261246
2207,0.009429148398339748
2208,0.009406158700585365
2209,0.009355767630040646
2210,0.009330027736723423
2211,0.009305515326559544
2212,0.009285960346460342
2213,0.009264439344406128
2214,0.00925312377512455
2215,0.009241902269423008
2216,0.009230944328010082
2217,0.00921705737709999
2218,0.009204955771565437
2219,0.009195202961564064
2220,0.009183100424706936
2221,0.009175497107207775
2222,0.009168419986963272
2223,0.009158212691545486
2224,0.009146812371909618
2225,0.009142369031906128
2226,0.009133478626608849
2227,0.009130829945206642
2228,0.009126652032136917
2229,0.00912239495664835
2230,0.009116007946431637
2231,0.009112203493714333
2232,0.009106510318815708
2233,0.009101429022848606
2234,0.009094683453440666
2235,0.009089693427085876
2236,0.009084227494895458
2237,0.009078928269445896
2238,0.00911601074039936
2239,0.009077250957489014
2240,0.009179666638374329
2241,0.009073639288544655
2242,0.009070653468370438
2243,0.009072719141840935
2244,0.009065899066627026
2245,0.009061448276042938
2246,0.009057223796844482
2247,0.009052262641489506
2248,0.009045733138918877
2249,0.009040123783051968
2250,0.00903442595154047
2251,0.009029682725667953
2252,0.009023106656968594
2253,0.009019681252539158
2254,0.009011340327560902
2255,0.009002899751067162
2256,0.00899350456893444
2257,0.008983011357486248
2258,0.008973571471869946
2259,0.008957394398748875
2260,0.008942889980971813
2261,0.008934106677770615
2262,0.008922790177166462
2263,0.008912988938391209
2264,0.008902284316718578
2265,0.00889198761433363
2266,0.00888114608824253
2267,0.00890255719423294
2268,0.008876588195562363
2269,0.008870545774698257
2270,0.008865447714924812
2271,0.008859420195221901
2272,0.008853047154843807
2273,0.008846682496368885
2274,0.008843791671097279
2275,0.008837459608912468
2276,0.008833041414618492
2277,0.00882693100720644
2278,0.00881762895733118
2279,0.008803222328424454
2280,0.008786904625594616
2281,0.008775983937084675
2282,0.008757838979363441
2283,0.008745613507926464
2284,0.008721076883375645
2285,0.008708052337169647
2286,0.00869674887508154
2287,0.008683009073138237
2288,0.008672027848660946
2289,0.008664107881486416
2290,0.00865582562983036
2291,0.00865115225315094
2292,0.008647821843624115
2293,0.008645002730190754
2294,0.008642347529530525
2295,0.008640381507575512
2296,0.008637414313852787
2297,0.008634435944259167
2298,0.008630435913801193
2299,0.008627026341855526
2300,0.008623111061751842
2301,0.008618693798780441
2302,0.008613482117652893
2303,0.008608277887105942
2304,0.008605331182479858
2305,0.00860302709043026
2306,0.008600777946412563
2307,0.00859895907342434
2308,0.008596823550760746
2309,0.00859540980309248
2310,0.008594034239649773
2311,0.008591788820922375
2312,0.008588415570557117
2313,0.008585524745285511
2314,0.008580578491091728
2315,0.008575712330639362
2316,0.008570820093154907
2317,0.008561970666050911
2318,0.008554118685424328
2319,0.00854462943971157
2320,0.008537985384464264
2321,0.008529468439519405
2322,0.00851570162922144
2323,0.008501782082021236
2324,0.008484109304845333
2325,0.008456195704638958
2326,0.00841488502919674
2327,0.008363202214241028
2328,0.009027501568198204
2329,0.008355842903256416
2330,0.008338455110788345
2331,0.008335498161613941
2332,0.008310455828905106
2333,0.008295990526676178
2334,0.008273465558886528
2335,0.008257970213890076
2336,0.008235215209424496
2337,0.00820874609053135
2338,0.008197159506380558
2339,0.008187682367861271
2340,0.008188500069081783
2341,0.00818022433668375
2342,0.008174864575266838
2343,0.00816957838833332
2344,0.008161681704223156
2345,0.008157721720635891
2346,0.00815502181649208
2347,0.008151566609740257
2348,0.008147133514285088
2349,0.008142789825797081
2350,0.008133403956890106
2351,0.008122982457280159
2352,0.008110878057777882
2353,0.008101377636194229
2354,0.008097545243799686
2355,0.008102936670184135
2356,0.00809020921587944
2357,0.008083677850663662
2358,0.008077802136540413
2359,0.008072193711996078
2360,0.008069762960076332
2361,0.008067183196544647
2362,0.00806600321084261
2363,0.008064868859946728
2364,0.00806336384266615
2365,0.008061444386839867
2366,0.00805816799402237
2367,0.00805562175810337
2368,0.008053609170019627
2369,0.008052203804254532
2370,0.008050777949392796
2371,0.008048630319535732
2372,0.008046302013099194
2373,0.00804429966956377
2374,0.008043375797569752
2375,0.008039996027946472
2376,0.008036844432353973
2377,0.008031416684389114
2378,0.008024667389690876
2379,0.008015656843781471
2380,0.008006884716451168
2381,0.007999137975275517
2382,0.007990989834070206
2383,0.007984197698533535
2384,0.007975650951266289
2385,0.00796707533299923
2386,0.007947905920445919
2387,0.007936234585940838
2388,0.00792244728654623
2389,0.008065149188041687
2390,0.007899850606918335
2391,0.007944910787045956
2392,0.007886368781328201
2393,0.007862920872867107
2394,0.007846198044717312
2395,0.007826952263712883
2396,0.007806023117154837
2397,0.0077882371842861176
2398,0.007776105776429176
2399,0.007769398856908083
2400,0.007758986204862595
2401,0.0077495030127465725
2402,0.007742251269519329
2403,0.007732955738902092
2404,0.007725932169705629
2405,0.007719763554632664
2406,0.00771511672064662
2407,0.007709436118602753
2408,0.007702189963310957
2409,0.007693287916481495
2410,0.0076835872605443
2411,0.0076751415617764
2412,0.007670560386031866
2413,0.0076658460311591625
2414,0.007660931441932917
2415,0.007652167696505785
2416,0.007648228667676449
2417,0.007637157570570707
2418,0.007629257161170244
2419,0.007620206102728844
2420,0.007606178987771273
2421,0.007585136219859123
2422,0.007544402964413166
2423,0.007528408896178007
2424,0.007787339389324188
2425,0.0075117237865924835
2426,0.007498471532016993
2427,0.007482156623154879
2428,0.007465045899152756
2429,0.007452106103301048
2430,0.0074395062401890755
2431,0.0074297357350587845
2432,0.00741851981729269
2433,0.007405516691505909
2434,0.007395237684249878
2435,0.007385442964732647
2436,0.007375871762633324
2437,0.007365092169493437
2438,0.007355538662523031
2439,0.007348703220486641
2440,0.007343674544245005
2441,0.007336447015404701
2442,0.007322029676288366
2443,0.007312950678169727
2444,0.0073008351027965546
2445,0.007282284554094076
2446,0.0072779604233801365
2447,0.00727092893794179
2448,0.007266445551067591
2449,0.007259962148964405
2450,0.007252098526805639
2451,0.007243472617119551
2452,0.00724348658695817
2453,0.007236432749778032
2454,0.007226133719086647
2455,0.007212659809738398
2456,0.007200184278190136
2457,0.007186842150986195
2458,0.007182127796113491
2459,0.0071637495420873165
2460,0.007154203485697508
2461,0.0071446094661951065
2462,0.007140796165913343
2463,0.007134613115340471
2464,0.0071298787370324135
2465,0.007124043069779873
2466,0.007117155939340591
2467,0.007109778933227062
2468,0.007102414965629578
2469,0.007092097774147987
2470,0.007080370094627142
2471,0.007071375381201506
2472,0.007061880547553301
2473,0.007059777155518532
2474,0.007053526584059
2475,0.00705099618062377
2476,0.007046589627861977
2477,0.007037519011646509
2478,0.007033183705061674
2479,0.00702883955091238
2480,0.0070235407911241055
2481,0.007017340045422316
2482,0.007009466178715229
2483,0.006998491007834673
2484,0.007026131730526686
2485,0.006995693314820528
2486,0.006987613160163164
2487,0.006980951875448227
2488,0.006969270296394825
2489,0.006958979181945324
2490,0.006943175569176674
2491,0.006917253602296114
2492,0.006886374671012163
2493,0.006886647082865238
2494,0.006877626292407513
2495,0.006865876726806164
2496,0.006854269187897444
2497,0.006843859795480967
2498,0.006831074599176645
2499,0.006815927103161812
2500,0.006804836913943291
2501,0.0067976792342960835
2502,0.006783433258533478
2503,0.006772156339138746
2504,0.006756371818482876
2505,0.0067335376515984535
2506,0.0067183636128902435
2507,0.0067078243009746075
2508,0.00669127469882369
2509,0.006689513102173805
2510,0.006672245915979147
2511,0.006660620681941509
2512,0.006650507915765047
2513,0.006643891800194979
2514,0.0066350772976875305
2515,0.006625291891396046
2516,0.006614405661821365
2517,0.006606937386095524
2518,0.006600625347346067
2519,0.006596261635422707
2520,0.006591474637389183
2521,0.0065871127881109715
2522,0.006581395864486694
2523,0.006575671955943108
2524,0.006571501959115267
2525,0.006568409502506256
2526,0.006565646734088659
2527,0.006562551483511925
2528,0.006557527929544449
2529,0.006552339065819979
2530,0.006547681521624327
2531,0.006541075184941292
2532,0.006533815059810877
2533,0.0065246825106441975
2534,0.006518515292555094
2535,0.006516765337437391
2536,0.006512979511171579
2537,0.006508519407361746
2538,0.006505507044494152
2539,0.006501740776002407
2540,0.006497375667095184
2541,0.006493648048490286
2542,0.006488159764558077
2543,0.006483133416622877
2544,0.006480362266302109
2545,0.00647825887426734
2546,0.006476580165326595
2547,0.006475124508142471
2548,0.006472647190093994
2549,0.00647000502794981
2550,0.006467578466981649
2551,0.006464979611337185
2552,0.006461971905082464
2553,0.0064595467410981655
2554,0.006456942763179541
2555,0.006453376729041338
2556,0.006449221633374691
2557,0.006444188766181469
2558,0.006438645999878645
2559,0.006433716509491205
2560,0.006428054999560118
2561,0.006418265402317047
2562,0.0064070820808410645
2563,0.006396935321390629
2564,0.006391709204763174
2565,0.006375225260853767
2566,0.0063660601153969765
2567,0.006356328260153532
2568,0.006352183874696493
2569,0.006348146125674248
2570,0.006344050634652376
2571,0.006340333726257086
2572,0.006337805185467005
2573,0.006335267331451178
2574,0.006331992335617542
2575,0.0063281371258199215
2576,0.006323123350739479
2577,0.00631921598687768
2578,0.006314218509942293
2579,0.006305452436208725
2580,0.006293992977589369
2581,0.00627368176355958
2582,0.006280763540416956
2583,0.006264436990022659
2584,0.006249681115150452
2585,0.006242220290005207
2586,0.006232753396034241
2587,0.006228110287338495
2588,0.006223089061677456
2589,0.006219740491360426
2590,0.0062174187041819096
2591,0.0062141939997673035
2592,0.006210313644260168
2593,0.006205832585692406
2594,0.006200589705258608
2595,0.006238101981580257
2596,0.006197753362357616
2597,0.006189408246427774
2598,0.006171596702188253
2599,0.006146298721432686
2600,0.00612555630505085
2601,0.00615970091894269
2602,0.006114237010478973
2603,0.00612321961671114
2604,0.006105520762503147
2605,0.006164443679153919
2606,0.006092286203056574
2607,0.00607835641130805
2608,0.0060655041597783566
2609,0.006053985562175512
2610,0.006045700050890446
2611,0.006038884166628122
2612,0.0060291048139333725
2613,0.006020593456923962
2614,0.006017145235091448
2615,0.00601405743509531
2616,0.006008146330714226
2617,0.006004554685205221
2618,0.006001530215144157
2619,0.0059984284453094006
2620,0.005997135769575834
2621,0.005996911320835352
2622,0.005995623301714659
2623,0.005993176717311144
2624,0.005991506390273571
2625,0.005988770164549351
2626,0.00598529540002346
2627,0.0059782275930047035
2628,0.006051798351109028
2629,0.0059747109189629555
2630,0.005965278949588537
2631,0.005959921516478062
2632,0.005957064684480429
2633,0.005953603889793158
2634,0.005982094444334507
2635,0.005950451362878084
2636,0.005945434328168631
2637,0.0059394980780780315
2638,0.00593126704916358
2639,0.0059250229969620705
2640,0.005916251335293055
2641,0.0059107220731675625
2642,0.00591121893376112
2643,0.005905364640057087
2644,0.0059110745787620544
2645,0.005901115480810404
2646,0.005892226938158274
2647,0.005882586352527142
2648,0.005874441005289555
2649,0.005869606509804726
2650,0.0058631147257983685
2651,0.005856479052454233
2652,0.0058457148261368275
2653,0.005833810660988092
2654,0.005828027613461018
2655,0.005818088073283434
2656,0.005808680318295956
2657,0.005801802966743708
2658,0.005795396864414215
2659,0.00578511506319046
2660,0.005778847727924585
2661,0.0057799722999334335
2662,0.005775255151093006
2663,0.0057708704844117165
2664,0.005767633207142353
2665,0.005763446446508169
2666,0.00575823662802577
2667,0.005750270560383797
2668,0.005739016458392143
2669,0.005731337238103151
2670,0.005724194925278425
2671,0.005719305481761694
2672,0.005715426057577133
2673,0.00570596382021904
2674,0.005696323700249195
2675,0.005683844909071922
2676,0.005667595192790031
2677,0.005678946617990732
2678,0.0056596132926642895
2679,0.005642344709485769
2680,0.005631978623569012
2681,0.005619965493679047
2682,0.005611725617200136
2683,0.005622196942567825
2684,0.0056011732667684555
2685,0.005591256078332663
2686,0.005581964738667011
2687,0.005572369322180748
2688,0.005563977174460888
2689,0.0055757565423846245
2690,0.005558622535318136
2691,0.005548849701881409
2692,0.005542214028537273
2693,0.005536842625588179
2694,0.005537309683859348
2695,0.005532353185117245
2696,0.005524015519768
2697,0.005519253667443991
2698,0.005515833850950003
2699,0.005511779338121414
2700,0.005507238209247589
2701,0.005503182299435139
2702,0.005535154137760401
2703,0.005501826759427786
2704,0.005498295649886131
2705,0.0054950532503426075
2706,0.0054926322773098946
2707,0.005489509552717209
2708,0.005485378671437502
2709,0.005481777247041464
2710,0.005479078274220228
2711,0.005478483159095049
2712,0.005477570462971926
2713,0.005475776270031929
2714,0.005475057754665613
2715,0.005474169738590717
2716,0.005473198834806681
2717,0.0054719275794923306
2718,0.005469983443617821
2719,0.005469703581184149
2720,0.005467044655233622
2721,0.005465998779982328
2722,0.005464522168040276
2723,0.005463597364723682
2724,0.005462499335408211
2725,0.005461498163640499
2726,0.005460693035274744
2727,0.005459869280457497
2728,0.005458501633256674
2729,0.00545718427747488
2730,0.00545525224879384
2731,0.0054537164978682995
2732,0.005452216602861881
2733,0.005451334174722433
2734,0.005449832882732153
2735,0.0054483129642903805
2736,0.005446536932140589
2737,0.005443465430289507
2738,0.005441272631287575
2739,0.005437356885522604
2740,0.005435035098344088
2741,0.005431795492768288
2742,0.005428118631243706
2743,0.005424557253718376
2744,0.005420002620667219
2745,0.005413344595581293
2746,0.005408543162047863
2747,0.0054048169404268265
2748,0.005402053240686655
2749,0.005398184061050415
2750,0.005386638455092907
2751,0.005380024667829275
2752,0.00537416385486722
2753,0.005367989651858807
2754,0.005362903233617544
2755,0.005354960914701223
2756,0.005348861217498779
2757,0.005342794116586447
2758,0.0053378562442958355
2759,0.005334941204637289
2760,0.005327798891812563
2761,0.005324258469045162
2762,0.005320446100085974
2763,0.00531793525442481
2764,0.005315087269991636
2765,0.0053139906376600266
2766,0.005312797147780657
2767,0.005311775021255016
2768,0.005310417152941227
2769,0.005309315398335457
2770,0.00530786719173193
2771,0.005306157283484936
2772,0.005302709527313709
2773,0.005297948606312275
2774,0.005292749032378197
2775,0.005288959015160799
2776,0.0052836304530501366
2777,0.005283343605697155
2778,0.005278496071696281
2779,0.005273111164569855
2780,0.005263923201709986
2781,0.005258998833596706
2782,0.005248068366199732
2783,0.0052430229261517525
2784,0.005239623598754406
2785,0.005233407951891422
2786,0.00523039698600769
2787,0.00522568030282855
2788,0.005231795832514763
2789,0.005222519394010305
2790,0.005219551268965006
2791,0.005217122379690409
2792,0.005213683471083641
2793,0.005209437105804682
2794,0.005205684807151556
2795,0.005202063359320164
2796,0.005198877304792404
2797,0.005192547105252743
2798,0.005183814093470573
2799,0.005178302526473999
2800,0.005174166522920132
2801,0.0051699066534638405
2802,0.005165884271264076
2803,0.005161252338439226
2804,0.005155328195542097
2805,0.005150182172656059
2806,0.005143646616488695
2807,0.005136605817824602
2808,0.005129307508468628
2809,0.005122804548591375
2810,0.0051194471307098866
2811,0.00511655630543828
2812,0.005114380270242691
2813,0.0051130796782672405
2814,0.005110584199428558
2815,0.005107881035655737
2816,0.005104964133352041
2817,0.005100646521896124
2818,0.005096630193293095
2819,0.005091778934001923
2820,0.005086712539196014
2821,0.005082526709884405
2822,0.005080230068415403
2823,0.005077057052403688
2824,0.00507420115172863
2825,0.005069127772003412
2826,0.005064751021564007
2827,0.005068352911621332
2828,0.005061281379312277
2829,0.005056435242295265
2830,0.005050314590334892
2831,0.005046607926487923
2832,0.005042186938226223
2833,0.005036125425249338
2834,0.005032659042626619
2835,0.00502901803702116
2836,0.005026508588343859
2837,0.0050235409289598465
2838,0.00502023147419095
2839,0.0050169420428574085
2840,0.005014108493924141
2841,0.005011500790715218
2842,0.005008777137845755
2843,0.005005905404686928
2844,0.005002726800739765
2845,0.0049981651827692986
2846,0.004992034286260605
2847,0.004986999090760946
2848,0.004980941768735647
2849,0.004979619290679693
2850,0.0049765948206186295
2851,0.004966690670698881
2852,0.004956413991749287
2853,0.004947789013385773
2854,0.00494483532384038
2855,0.004936560522764921
2856,0.0049299863167107105
2857,0.00492442399263382
2858,0.004921585321426392
2859,0.004919029306620359
2860,0.004916314501315355
2861,0.0049133324064314365
2862,0.004909242037683725
2863,0.004904944449663162
2864,0.004901316482573748
2865,0.004898057784885168
2866,0.004894764628261328
2867,0.004891321063041687
2868,0.004887810442596674
2869,0.004882464651018381
2870,0.004877174738794565
2871,0.004872820805758238
2872,0.004872209392488003
2873,0.004870289005339146
2874,0.004867476876825094
2875,0.004866482224315405
2876,0.0048643737100064754
2877,0.004863266833126545
2878,0.004862042609602213
2879,0.004861243534833193
2880,0.004859056323766708
2881,0.004857402294874191
2882,0.004853076301515102
2883,0.004846495110541582
2884,0.004837436601519585
2885,0.00482983747497201
2886,0.004836096428334713
2887,0.004824610892683268
2888,0.0048173037357628345
2889,0.004811681341379881
2890,0.00481435377150774
2891,0.00480829318985343
2892,0.004804803989827633
2893,0.0047991578467190266
2894,0.004795472137629986
2895,0.0047922804951667786
2896,0.004789506085216999
2897,0.004787590820342302
2898,0.004784972406923771
2899,0.0047817714512348175
2900,0.004777804482728243
2901,0.004770993255078793
2902,0.00476832315325737
2903,0.0047629051841795444
2904,0.004758396185934544
2905,0.004749638494104147
2906,0.0047444989904761314
2907,0.004742778837680817
2908,0.004739307798445225
2909,0.004738283343613148
2910,0.0047352067194879055
2911,0.004732172004878521
2912,0.004729219246655703
2913,0.004725100938230753
2914,0.004721621051430702
2915,0.004714851267635822
2916,0.004707143176347017
2917,0.004697388969361782
2918,0.004683582112193108
2919,0.004688715096563101
2920,0.004679694306105375
2921,0.004670563619583845
2922,0.004666021093726158
2923,0.004708246793597937
2924,0.004662561230361462
2925,0.004660069476813078
2926,0.0046544382348656654
2927,0.004651872906833887
2928,0.004649532027542591
2929,0.004647404421120882
2930,0.004645997658371925
2931,0.004643377382308245
2932,0.0046420893631875515
2933,0.004640156403183937
2934,0.004638339392840862
2935,0.004636714234948158
2936,0.004635367542505264
2937,0.004633630160242319
2938,0.004631521180272102
2939,0.00462917098775506
2940,0.004627646878361702
2941,0.004624788649380207
2942,0.004622592590749264
2943,0.004621102008968592
2944,0.004618578124791384
2945,0.0046168058179318905
2946,0.004613283555954695
2947,0.004608487710356712
2948,0.004605037160217762
2949,0.004601271357387304
2950,0.0045980727300047874
2951,0.004595763050019741
2952,0.004591699689626694
2953,0.004587925039231777
2954,0.004584610927850008
2955,0.004581640940159559
2956,0.004578608553856611
2957,0.004574769176542759
2958,0.004569812677800655
2959,0.004565197043120861
2960,0.004561435431241989
2961,0.004558080807328224
2962,0.004554171115159988
2963,0.004549009259790182
2964,0.004543572198599577
2965,0.00453609973192215
2966,0.004529664292931557
2967,0.004523774143308401
2968,0.0045213899575173855
2969,0.004518717061728239
2970,0.004515734035521746
2971,0.004512067884206772
2972,0.004508156329393387
2973,0.00450696749612689
2974,0.004503597505390644
2975,0.004500749055296183
2976,0.004498207941651344
2977,0.004494330380111933
2978,0.0044928304851055145
2979,0.004490347113460302
2980,0.0044883121736347675
2981,0.004485757555812597
2982,0.004484230652451515
2983,0.004481940530240536
2984,0.004479835741221905
2985,0.00447722477838397
2986,0.004477473441511393
2987,0.0044757225550711155
2988,0.004473181441426277
2989,0.0044731274247169495
2990,0.0044717867858707905
2991,0.004469757899641991
2992,0.004468202590942383
2993,0.004466382786631584
2994,0.004464136902242899
2995,0.004462110344320536
2996,0.0044606695882976055
2997,0.004459570627659559
2998,0.00445695361122489
2999,0.004454979673027992
3000,0.004452718421816826
3001,0.004450579173862934
3002,0.0044481465592980385
3003,0.00444469228386879
3004,0.004442343953996897
3005,0.004440452437847853
3006,0.004438324831426144
3007,0.0044360351748764515
3008,0.004434287082403898
3009,0.004432686138898134
3010,0.004431084264069796
3011,0.00445694662630558
3012,0.004430675879120827
3013,0.0044289883226156235
3014,0.00443267123773694
3015,0.004428280051797628
3016,0.004426668863743544
3017,0.004424693528562784
3018,0.004424711223691702
3019,0.004423945676535368
3020,0.004423277452588081
3021,0.004422276746481657
3022,0.0044210427440702915
3023,0.004419547040015459
3024,0.004417508374899626
3025,0.0044147539883852005
3026,0.004411666188389063
3027,0.004408634267747402
3028,0.0044051301665604115
3029,0.004401375539600849
3030,0.004401925951242447
3031,0.0043982830829918385
3032,0.004395533353090286
3033,0.004391919355839491
3034,0.004388113506138325
3035,0.004384963307529688
3036,0.004379296209663153
3037,0.0043767355382442474
3038,0.004377647303044796
3039,0.004372661001980305
3040,0.004369986243546009
3041,0.004367801360785961
3042,0.004363790154457092
3043,0.004403240047395229
3044,0.004362636245787144
3045,0.004358051344752312
3046,0.004354566801339388
3047,0.004352170508354902
3048,0.004350175149738789
3049,0.004347730427980423
3050,0.004345578141510487
3051,0.004343561362475157
3052,0.00434059789404273
3053,0.004338287748396397
3054,0.0043359603732824326
3055,0.004334471188485622
3056,0.0043331109918653965
3057,0.004331259056925774
3058,0.004330427385866642
3059,0.0043276222422719
3060,0.004326649010181427
3061,0.004325034096837044
3062,0.004323520231992006
3063,0.004321477375924587
3064,0.0043183439411222935
3065,0.004315570462495089
3066,0.004313894081860781
3067,0.004310538526624441
3068,0.004305093549191952
3069,0.004299430176615715
3070,0.004294650629162788
3071,0.004305017646402121
3072,0.004292245488613844
3073,0.004289004951715469
3074,0.004285217262804508
3075,0.004282723180949688
3076,0.004277998581528664
3077,0.004274782724678516
3078,0.004272603429853916
3079,0.004265917465090752
3080,0.004259966313838959
3081,0.004253037739545107
3082,0.00424239644780755
3083,0.0042294398881495
3084,0.004222058691084385
3085,0.0042153093963861465
3086,0.004214928485453129
3087,0.004212372936308384
3088,0.004204333294183016
3089,0.004199131391942501
3090,0.00419366080313921
3091,0.004191522020846605
3092,0.004186482634395361
3093,0.004183449316769838
3094,0.004179459996521473
3095,0.004175849258899689
3096,0.0041731479577720165
3097,0.0041701216250658035
3098,0.004165602382272482
3099,0.004163040779531002
3100,0.004160212818533182
3101,0.004157694056630135
3102,0.0041558328084647655
3103,0.004153454676270485
3104,0.004151208326220512
3105,0.0041496483609080315
3106,0.004148127511143684
3107,0.004146378021687269
3108,0.004144356586039066
3109,0.004141051787883043
3110,0.004137306474149227
3111,0.004133373498916626
3112,0.004129189997911453
3113,0.004123478662222624
3114,0.004122314043343067
3115,0.004119793884456158
3116,0.004115291405469179
3117,0.004108428955078125
3118,0.0041037024930119514
3119,0.0040967026725411415
3120,0.004092950373888016
3121,0.004089042544364929
3122,0.004084863234311342
3123,0.004081947263330221
3124,0.004087558947503567
3125,0.004079508129507303
3126,0.0040754894725978374
3127,0.004087170120328665
3128,0.004072424490004778
3129,0.0040661669336259365
3130,0.004059280268847942
3131,0.004051622003316879
3132,0.004045335575938225
3133,0.004040237981826067
3134,0.00403295224532485
3135,0.004027251619845629
3136,0.00401886785402894
3137,0.004012691788375378
3138,0.0040071820840239525
3139,0.004006936680525541
3140,0.004003925248980522
3141,0.0039991592057049274
3142,0.00399481225758791
3143,0.003987831529229879
3144,0.003978770226240158
3145,0.003975626081228256
3146,0.003973375074565411
3147,0.003970152232795954
3148,0.003967882599681616
3149,0.003964750096201897
3150,0.003961395937949419
3151,0.003959876950830221
3152,0.003957590088248253
3153,0.003954577259719372
3154,0.003951608203351498
3155,0.003950475715100765
3156,0.003948452416807413
3157,0.003947410266846418
3158,0.003946397919207811
3159,0.003945483826100826
3160,0.003944272641092539
3161,0.003943079616874456
3162,0.003941207192838192
3163,0.003939352929592133
3164,0.003937923815101385
3165,0.003936696797609329
3166,0.003935717977583408
3167,0.0039347386918962
3168,0.003936228342354298
3169,0.00393388606607914
3170,0.003931486513465643
3171,0.003928531426936388
3172,0.003925732336938381
3173,0.003922862466424704
3174,0.003919153939932585
3175,0.003915640525519848
3176,0.003916009329259396
3177,0.003914388362318277
3178,0.003912040498107672
3179,0.003910621162503958
3180,0.003908982500433922
3181,0.003908080980181694
3182,0.00390733452513814
3183,0.003906361758708954
3184,0.0039049782790243626
3185,0.0039032772183418274
3186,0.0039011661428958178
3187,0.0038992769550532103
3188,0.0038976750802248716
3189,0.003895584726706147
3190,0.003894141875207424
3191,0.0038924827240407467
3192,0.0038914054166525602
3193,0.003890358144417405
3194,0.0038884864188730717
3195,0.003892116481438279
3196,0.003887885482981801
3197,0.0038864081725478172
3198,0.003884668694809079
3199,0.0038830183912068605
3200,0.003880429780110717
3201,0.0038785510696470737
3202,0.0038776532746851444
3203,0.003876427188515663
3204,0.00387493590824306
3205,0.0038728131912648678
3206,0.0038713898975402117
3207,0.0038693456444889307
3208,0.0038662790320813656
3209,0.0038645886816084385
3210,0.0038621556013822556
3211,0.0038585071451961994
3212,0.0038563082925975323
3213,0.0038511583115905523
3214,0.003849240019917488
3215,0.0038469829596579075
3216,0.003843963611871004
3217,0.003842277219519019
3218,0.0038398236501961946
3219,0.0038364373613148928
3220,0.003834639210253954
3221,0.003833220573142171
3222,0.0038320969324558973
3223,0.003830903908237815
3224,0.003829567926004529
3225,0.0038288163486868143
3226,0.0038284091278910637
3227,0.003827995853498578
3228,0.0038274426478892565
3229,0.0038261250592768192
3230,0.0038237832486629486
3231,0.0038210065104067326
3232,0.00381860532797873
3233,0.003816603682935238
3234,0.0038150439504534006
3235,0.003814142197370529
3236,0.0038133563939481974
3237,0.0038124562706798315
3238,0.003811800619587302
3239,0.003810850903391838
3240,0.003810131223872304
3241,0.003809282323345542
3242,0.0038081686943769455
3243,0.0038070250302553177
3244,0.003805873915553093
3245,0.0038046040572226048
3246,0.0038029856514185667
3247,0.003801960963755846
3248,0.0038010976277291775
3249,0.003800289472565055
3250,0.0037995735183358192
3251,0.003798512276262045
3252,0.003797039622440934
3253,0.0037958770990371704
3254,0.0037947583477944136
3255,0.00379317463375628
3256,0.003791486145928502
3257,0.003789336886256933
3258,0.003786772023886442
3259,0.003783352905884385
3260,0.0037788974586874247
3261,0.003776491153985262
3262,0.0037719092797487974
3263,0.003772096009925008
3264,0.0037697097286581993
3265,0.0037649990990757942
3266,0.003755389479920268
3267,0.0037488217931240797
3268,0.0037716093938797712
3269,0.003744805231690407
3270,0.003739331616088748
3271,0.003737423801794648
3272,0.0037350812926888466
3273,0.003732765559107065
3274,0.0037290588952600956
3275,0.00372421951033175
3276,0.003719292115420103
3277,0.0037173444870859385
3278,0.0037146564573049545
3279,0.003710740013048053
3280,0.0037078538443893194
3281,0.003704401198774576
3282,0.003700826782733202
3283,0.00369810382835567
3284,0.0036955387331545353
3285,0.003693225095048547
3286,0.0036910767666995525
3287,0.003688870230689645
3288,0.003684928407892585
3289,0.0036825414281338453
3290,0.003686771262437105
3291,0.0036767134442925453
3292,0.0036706437822431326
3293,0.0036606083158403635
3294,0.0036567540373653173
3295,0.0036500694695860147
3296,0.003644652431830764
3297,0.003641163930296898
3298,0.0036347422283142805
3299,0.003631619270890951
3300,0.00362868863157928
3301,0.0036266958341002464
3302,0.0036254767328500748
3303,0.0036247256211936474
3304,0.0036237421445548534
3305,0.003623108845204115
3306,0.003622386371716857
3307,0.003622030606493354
3308,0.0036214475985616446
3309,0.003620648058131337
3310,0.0036199369933456182
3311,0.0036185719072818756
3312,0.0036174722481518984
3313,0.0036168410442769527
3314,0.003614844987168908
3315,0.003613133216276765
3316,0.0036113609094172716
3317,0.0036098137497901917
3318,0.0036120768636465073
3319,0.003609013743698597
3320,0.003607558785006404
3321,0.0036064463201910257
3322,0.003605104750022292
3323,0.0036040879786014557
3324,0.003603278659284115
3325,0.0036024877335876226
3326,0.0036017100792378187
3327,0.0036011338233947754
3328,0.0036005221772938967
3329,0.0035997626837342978
3330,0.003599134972319007
3331,0.0035984867718070745
3332,0.0035978166852146387
3333,0.0035988858435302973
3334,0.003597210394218564
3335,0.0035965105053037405
3336,0.003595105605199933
3337,0.003594221780076623
3338,0.0035932331811636686
3339,0.0035914366599172354
3340,0.003590161679312587
3341,0.003588625695556402
3342,0.0035868720151484013
3343,0.0035849723499268293
3344,0.0035833939909934998
3345,0.0035806498490273952
3346,0.003578821662813425
3347,0.003576901275664568
3348,0.003575834445655346
3349,0.0035752062685787678
3350,0.0035746139474213123
3351,0.0035735606215894222
3352,0.003572664689272642
3353,0.0035715617705136538
3354,0.0035700846929103136
3355,0.0035677715204656124
3356,0.003566447412595153
3357,0.00356379896402359
3358,0.003562377532944083
3359,0.0035600888077169657
3360,0.0035569416359066963
3361,0.0035521036479622126
3362,0.0035477220080792904
3363,0.0035429783165454865
3364,0.0035397245083004236
3365,0.003536343341693282
3366,0.003533900249749422
3367,0.0035336334258317947
3368,0.003532298607751727
3369,0.0035307053476572037
3370,0.0035288098733872175
3371,0.0035271081142127514
3372,0.0035247800406068563
3373,0.0035224754828959703
3374,0.0035194121301174164
3375,0.0035165343433618546
3376,0.00351252150721848
3377,0.0035108609590679407
3378,0.0035090709570795298
3379,0.0035077950451523066
3380,0.003506019013002515
3381,0.0035042271483689547
3382,0.003501316998153925
3383,0.0034999342169612646
3384,0.003498244099318981
3385,0.0034962294157594442
3386,0.003493843600153923
3387,0.0034917385783046484
3388,0.003489617956802249
3389,0.0034875983837991953
3390,0.0034862232860177755
3391,0.0034845182672142982
3392,0.0034825182519853115
3393,0.003481206251308322
3394,0.0034802360460162163
3395,0.003479110775515437
3396,0.003478422062471509
3397,0.003477836027741432
3398,0.0034771424252539873
3399,0.0034764385782182217
3400,0.0034743361175060272
3401,0.0036182033363729715
3402,0.0034735228400677443
3403,0.003471192205324769
3404,0.003465760964900255
3405,0.003469002665951848
3406,0.0034647162538021803
3407,0.0034631313756108284
3408,0.0034614752512425184
3409,0.00345927057787776
3410,0.003458240069448948
3411,0.0034563392400741577
3412,0.003454599529504776
3413,0.0034518383909016848
3414,0.0034492500126361847
3415,0.003446354065090418
3416,0.003444723319262266
3417,0.0034420997835695744
3418,0.0034386429470032454
3419,0.003434052923694253
3420,0.0034314445219933987
3421,0.0034274188801646233
3422,0.0034222144167870283
3423,0.003416529158130288
3424,0.003410945413634181
3425,0.0034043542109429836
3426,0.003404980292543769
3427,0.003401879221200943
3428,0.0034342079889029264
3429,0.003400584915652871
3430,0.003397430293262005
3431,0.0033972468227148056
3432,0.003392542712390423
3433,0.003399283392354846
3434,0.0033881976269185543
3435,0.0033848853781819344
3436,0.003379443660378456
3437,0.0033758284989744425
3438,0.003374588442966342
3439,0.0033729104325175285
3440,0.0033704210072755814
3441,0.003367799334228039
3442,0.003365932498127222
3443,0.0033637916203588247
3444,0.003361291717737913
3445,0.0033592870458960533
3446,0.0033575051929801702
3447,0.003354815300554037
3448,0.0033512033987790346
3449,0.0033454413060098886
3450,0.003342923242598772
3451,0.003364795818924904
3452,0.003341265255585313
3453,0.0033371723257005215
3454,0.003340490162372589
3455,0.003335440531373024
3456,0.0033320062793791294
3457,0.003329772036522627
3458,0.003327646991237998
3459,0.0033257773611694574
3460,0.0033233000431209803
3461,0.003321488853543997
3462,0.0033195908181369305
3463,0.0033173938281834126
3464,0.003315368667244911
3465,0.0033131991513073444
3466,0.0033109348732978106
3467,0.0033083967864513397
3468,0.003305929945781827
3469,0.003302740165963769
3470,0.0032992353662848473
3471,0.0032971235923469067
3472,0.0032940206583589315
3473,0.003291842294856906
3474,0.0032884988468140364
3475,0.0032861772924661636
3476,0.0032839777413755655
3477,0.00328277051448822
3478,0.0032780414912849665
3479,0.0032753024715930223
3480,0.0032731241080909967
3481,0.003270916873589158
3482,0.003269102657213807
3483,0.003265854436904192
3484,0.0032625277526676655
3485,0.003258591750636697
3486,0.0032553940545767546
3487,0.003252590773627162
3488,0.003250568639487028
3489,0.0032479576766490936
3490,0.003243672661483288
3491,0.003239378798753023
3492,0.0032405315432697535
3493,0.0032367652747780085
3494,0.0032329396344721317
3495,0.0032297063153237104
3496,0.003224523039534688
3497,0.0032198461703956127
3498,0.003212657989934087
3499,0.00320510589517653
3500,0.0032066626008599997
3501,0.003200404578819871
3502,0.003194612916558981
3503,0.003190495539456606
3504,0.0031885046046227217
3505,0.0031854521948844194
3506,0.003184437518939376
3507,0.003182432847097516
3508,0.0031815331894904375
3509,0.0031801783479750156
3510,0.003178899409249425
3511,0.003177698003128171
3512,0.003175558289512992
3513,0.0031742192804813385
3514,0.003172889119014144
3515,0.0031712516210973263
3516,0.00316994683817029
3517,0.0031687049195170403
3518,0.003167730523273349
3519,0.0031668595038354397
3520,0.003165949136018753
3521,0.0031645859126001596
3522,0.0031633165199309587
3523,0.0031621945090591908
3524,0.0031612657476216555
3525,0.0031605607364326715
3526,0.003161831758916378
3527,0.0031597441993653774
3528,0.0031585399992763996
3529,0.0031564750242978334
3530,0.0031544764060527086
3531,0.0031519175972789526
3532,0.003149701515212655
3533,0.0031471599359065294
3534,0.0031453988049179316
3535,0.0031433564145118
3536,0.0031417766585946083
3537,0.003139814594760537
3538,0.003137956140562892
3539,0.0031340362038463354
3540,0.00312882661819458
3541,0.0031238184310495853
3542,0.003133005928248167
3543,0.003119777189567685
3544,0.0031156374607235193
3545,0.003112298436462879
3546,0.0031112199649214745
3547,0.0031081526540219784
3548,0.0031058171298354864
3549,0.0031035305000841618
3550,0.003101462498307228
3551,0.003099380526691675
3552,0.003097426611930132
3553,0.0030940044671297073
3554,0.003090445650741458
3555,0.003084729425609112
3556,0.0030779957305639982
3557,0.0030731691513210535
3558,0.0030679155606776476
3559,0.0030647071544080973
3560,0.0030625425279140472
3561,0.003058680100366473
3562,0.0030566814821213484
3563,0.003054027445614338
3564,0.003051814390346408
3565,0.0030495955143123865
3566,0.0030465328600257635
3567,0.0030411914922297
3568,0.0030387144070118666
3569,0.0030386485159397125
3570,0.00303417700342834
3571,0.0030783002730458975
3572,0.0030318493954837322
3573,0.003032006323337555
3574,0.003030152292922139
3575,0.0030281441286206245
3576,0.0030262251384556293
3577,0.0030245441012084484
3578,0.0030224118381738663
3579,0.003019956173375249
3580,0.0030181959737092257
3581,0.0030152900144457817
3582,0.0030120890587568283
3583,0.003009228967130184
3584,0.0030064645688980818
3585,0.003003347897902131
3586,0.0030010247137397528
3587,0.0029992442578077316
3588,0.0029978379607200623
3589,0.0029966351576149464
3590,0.002995949937030673
3591,0.0029952204786241055
3592,0.002994394861161709
3593,0.0029936456121504307
3594,0.0029923662077635527
3595,0.002991284243762493
3596,0.00299053848721087
3597,0.0029886532574892044
3598,0.0029860164504498243
3599,0.002984160091727972
3600,0.0029822562355548143
3601,0.0029796918388456106
3602,0.0029748661909252405
3603,0.002971146022900939
3604,0.002966910135000944
3605,0.0029622542206197977
3606,0.002959341276437044
3607,0.002957706805318594
3608,0.0029513994231820107
3609,0.002947781467810273
3610,0.0029364065267145634
3611,0.0029323184862732887
3612,0.0029288544319570065
3613,0.0029229456558823586
3614,0.002914492739364505
3615,0.002909553237259388
3616,0.0029010893777012825
3617,0.002894272794947028
3618,0.0029059916269034147
3619,0.0028891137335449457
3620,0.002879703650251031
3621,0.002871583215892315
3622,0.0028639722149819136
3623,0.00286250957287848
3624,0.0028625314589589834
3625,0.0028572219889611006
3626,0.0028549220878630877
3627,0.0028487956151366234
3628,0.002844432834535837
3629,0.0028394863475114107
3630,0.0028338157571852207
3631,0.0028312779031693935
3632,0.0028285000007599592
3633,0.0028262296691536903
3634,0.002824685536324978
3635,0.0028229295276105404
3636,0.0028206228744238615
3637,0.0028181844390928745
3638,0.0028160533402115107
3639,0.0028140153735876083
3640,0.002812374150380492
3641,0.0028114481829106808
3642,0.0028106190729886293
3643,0.0028096928726881742
3644,0.0028091375716030598
3645,0.0028084630612283945
3646,0.0028076693415641785
3647,0.002806719159707427
3648,0.0028057631570845842
3649,0.0028047491796314716
3650,0.0028036010917276144
3651,0.0028026127256453037
3652,0.002801506780087948
3653,0.0028001104947179556
3654,0.002798808505758643
3655,0.0027976837009191513
3656,0.0027962778694927692
3657,0.002795396139845252
3658,0.0027942522428929806
3659,0.0027932231314480305
3660,0.0027925835456699133
3661,0.00279210414737463
3662,0.0027915353421121836
3663,0.0027910436037927866
3664,0.0027907718904316425
3665,0.0027905853930860758
3666,0.002790103666484356
3667,0.0027896766550838947
3668,0.002788953250274062
3669,0.002788637299090624
3670,0.002787909237667918
3671,0.0027874652296304703
3672,0.002786985831335187
3673,0.0027865851297974586
3674,0.002786316443234682
3675,0.002786035416647792
3676,0.002785688266158104
3677,0.002785244956612587
3678,0.0027846575248986483
3679,0.002783826319500804
3680,0.0027827685698866844
3681,0.0027822291012853384
3682,0.0027805184945464134
3683,0.002778444904834032
3684,0.0027753303293138742
3685,0.002772629028186202
3686,0.0027711382135748863
3687,0.0027698040939867496
3688,0.0027687454130500555
3689,0.0027675400488078594
3690,0.0027665332891047
3691,0.0027646205853670835
3692,0.0027630412951111794
3693,0.0027611651457846165
3694,0.00275920401327312
3695,0.0027575762942433357
3696,0.0027558174915611744
3697,0.0027545017655938864
3698,0.002753185573965311
3699,0.0027514512185007334
3700,0.0027494248934090137
3701,0.0027463517617434263
3702,0.002742177341133356
3703,0.002736380323767662
3704,0.0027324289549142122
3705,0.0027290608268231153
3706,0.002725559752434492
3707,0.0027225727681070566
3708,0.00271709356456995
3709,0.002711219247430563
3710,0.0027061232831329107
3711,0.002698124386370182
3712,0.002680150792002678
3713,0.0026799356564879417
3714,0.00267345504835248
3715,0.0026647308841347694
3716,0.002657623030245304
3717,0.002652519615367055
3718,0.0026465279515832663
3719,0.0026415465399622917
3720,0.002643476240336895
3721,0.002637706696987152
3722,0.0026340840850025415
3723,0.002627934329211712
3724,0.002619675127789378
3725,0.002614563563838601
3726,0.002606753958389163
3727,0.002604174893349409
3728,0.0025943415239453316
3729,0.0025890993420034647
3730,0.002582547487691045
3731,0.0025764910969883204
3732,0.002570932265371084
3733,0.0025689159519970417
3734,0.0025651550386101007
3735,0.0025622493121773005
3736,0.002561492845416069
3737,0.0025589473079890013
3738,0.002557484433054924
3739,0.00255590514279902
3740,0.0025536012835800648
3741,0.0025516862515360117
3742,0.002548820339143276
3743,0.002545783296227455
3744,0.0025429408997297287
3745,0.002540496876463294
3746,0.002537905238568783
3747,0.002535400679334998
3748,0.0025328840129077435
3749,0.00253031263127923
3750,0.002528382930904627
3751,0.0025265219155699015
3752,0.0025247540324926376
3753,0.002523096278309822
3754,0.002521496033295989
3755,0.002520509995520115
3756,0.0025192988105118275
3757,0.0025175316259264946
3758,0.0025153649039566517
3759,0.0025136759504675865
3760,0.0025110577698796988
3761,0.0025082353968173265
3762,0.0025043757632374763
3763,0.00250030099414289
3764,0.002495253924280405
3765,0.0025009000673890114
3766,0.0024930580984801054
3767,0.00248932559043169
3768,0.0024869206827133894
3769,0.0024841073900461197
3770,0.002481862436980009
3771,0.002478608163073659
3772,0.0024742570240050554
3773,0.0024697952903807163
3774,0.002465167548507452
3775,0.0024637782480567694
3776,0.002459494397044182
3777,0.0024563330225646496
3778,0.002452392829582095
3779,0.002450414001941681
3780,0.0024471262004226446
3781,0.002444824669510126
3782,0.002443205565214157
3783,0.0024415922816842794
3784,0.0024398036766797304
3785,0.002439642557874322
3786,0.002438649069517851
3787,0.002438246738165617
3788,0.0024372104089707136
3789,0.0024368681479245424
3790,0.0024360569659620523
3791,0.002438293071463704
3792,0.0024355652276426554
3793,0.002434565918520093
3794,0.002433563582599163
3795,0.0024319603107869625
3796,0.0024329654406756163
3797,0.002430928172543645
3798,0.0024289689026772976
3799,0.00242694653570652
3800,0.002425309969112277
3801,0.0024241330102086067
3802,0.00242317421361804
3803,0.002422223798930645
3804,0.0024215071462094784
3805,0.0024210764095187187
3806,0.0024206398520618677
3807,0.0024194514844566584
3808,0.002418592106550932
3809,0.0024170593824237585
3810,0.0024156731087714434
3811,0.0024138528387993574
3812,0.0024107859935611486
3813,0.002408309606835246
3814,0.0024066688492894173
3815,0.002405628329142928
3816,0.00240497337654233
3817,0.002404445316642523
3818,0.0024038341362029314
3819,0.002402935177087784
3820,0.002402189653366804
3821,0.0024016271345317364
3822,0.0024010210763663054
3823,0.0024125745985656977
3824,0.002400867873802781
3825,0.0023998157121241093
3826,0.0023988522589206696
3827,0.002398077864199877
3828,0.0023970615584403276
3829,0.0023960587568581104
3830,0.0023949649184942245
3831,0.002394216600805521
3832,0.0023936086799949408
3833,0.00239306571893394
3834,0.002392489928752184
3835,0.002392092952504754
3836,0.002391614718362689
3837,0.002391019370406866
3838,0.0023896025959402323
3839,0.00238846056163311
3840,0.002389303408563137
3841,0.002387380925938487
3842,0.0023862700909376144
3843,0.0023853464517742395
3844,0.0023844700772315264
3845,0.0023836956825107336
3846,0.0023827366530895233
3847,0.0023816381581127644
3848,0.002380490070208907
3849,0.0023790113627910614
3850,0.0023769675754010677
3851,0.002375506330281496
3852,0.002373703522607684
3853,0.0023713696282356977
3854,0.0023689717054367065
3855,0.0023678666912019253
3856,0.002365648979321122
3857,0.0023643230088055134
3858,0.0023629222996532917
3859,0.0023618359118700027
3860,0.0023611681535840034
3861,0.0023603562731295824
3862,0.002359712263569236
3863,0.0023587774485349655
3864,0.002357884543016553
3865,0.0023571280762553215
3866,0.0023559173569083214
3867,0.0023545431904494762
3868,0.002352851675823331
3869,0.0023511224426329136
3870,0.002349698916077614
3871,0.0023480847012251616
3872,0.0023469342850148678
3873,0.0023470723535865545
3874,0.0023465922567993402
3875,0.0023460921365767717
3876,0.0023456099443137646
3877,0.0023449414875358343
3878,0.0023439149372279644
3879,0.0023425319232046604
3880,0.0023435356561094522
3881,0.0023417032789438963
3882,0.0023399374913424253
3883,0.00233880034647882
3884,0.0023373086005449295
3885,0.0023353530559688807
3886,0.0023325677029788494
3887,0.0023300056345760822
3888,0.0023338787723332644
3889,0.0023287462536245584
3890,0.002327275462448597
3891,0.0023260407615453005
3892,0.0023246812634170055
3893,0.002322413260117173
3894,0.002320078434422612
3895,0.0023160043638199568
3896,0.002322007901966572
3897,0.0023135850206017494
3898,0.002307954942807555
3899,0.002303316490724683
3900,0.0022982910741120577
3901,0.0022968160919845104
3902,0.002293796045705676
3903,0.0022930994164198637
3904,0.0022911359556019306
3905,0.002288613934069872
3906,0.0022854451090097427
3907,0.0022790743969380856
3908,0.0022689856123179197
3909,0.002263370668515563
3910,0.002260154578834772
3911,0.0022557806223630905
3912,0.00225340249016881
3913,0.002250895369797945
3914,0.002248753560706973
3915,0.0022466282825917006
3916,0.0022444622591137886
3917,0.0022431593388319016
3918,0.002242134651169181
3919,0.0022404263727366924
3920,0.0022385024931281805
3921,0.0022367099300026894
3922,0.002234626328572631
3923,0.0022326125763356686
3924,0.0022312463261187077
3925,0.002229986945167184
3926,0.0022281331475824118
3927,0.0022259114775806665
3928,0.0022245689760893583
3929,0.0022233512718230486
3930,0.0022213340271264315
3931,0.0022191766183823347
3932,0.002217332599684596
3933,0.0022157414350658655
3934,0.0022137376945465803
3935,0.0022119528148323298
3936,0.0022104023955762386
3937,0.002214886946603656
3938,0.00220936699770391
3939,0.0022069872356951237
3940,0.0022053204011172056
3941,0.002203698270022869
3942,0.002201641444116831
3943,0.002199386479333043
3944,0.002196596236899495
3945,0.0021995864808559418
3946,0.002195479813963175
3947,0.0021937950514256954
3948,0.0021927799098193645
3949,0.002191804349422455
3950,0.0021906071342527866
3951,0.002189823193475604
3952,0.0021890762727707624
3953,0.0021886127069592476
3954,0.0021878655534237623
3955,0.0021871868520975113
3956,0.002186538651585579
3957,0.0021859898697584867
3958,0.002185388468205929
3959,0.0021846527233719826
3960,0.0021841907873749733
3961,0.002183557255193591
3962,0.0021828964818269014
3963,0.002181844785809517
3964,0.002184726996347308
3965,0.0021816235966980457
3966,0.0021809651516377926
3967,0.002180394483730197
3968,0.0021798736415803432
3969,0.0021794219501316547
3970,0.002179053146392107
3971,0.00217870413325727
3972,0.0021782435942441225
3973,0.0021781527902930975
3974,0.002177892252802849
3975,0.00217748642899096
3976,0.0021767173893749714
3977,0.0021760577801615
3978,0.0021752710454165936
3979,0.002174745313823223
3980,0.002174209337681532
3981,0.0021736822091042995
3982,0.002173139015212655
3983,0.0021724700927734375
3984,0.0021719366777688265
3985,0.0021715927869081497
3986,0.002171186963096261
3987,0.002170783234760165
3988,0.0021703257225453854
3989,0.002169774379581213
3990,0.0021689205896109343
3991,0.002171396976336837
3992,0.0021684395615011454
3993,0.0021669405978173018
3994,0.002166203921660781
3995,0.0021654823794960976
3996,0.0021619414910674095
3997,0.0021587172523140907
3998,0.0021563514601439238
3999,0.002157470677047968
4000,0.002152720931917429
4001,0.0021530883386731148
4002,0.002150346292182803
4003,0.002154757035896182
4004,0.0021477732807397842
4005,0.0021438885014504194
4006,0.002139993477612734
4007,0.002136212307959795
4008,0.0021331741008907557
4009,0.0021348989102989435
4010,0.002131127053871751
4011,0.0021274867467582226
4012,0.0021246892865747213
4013,0.002120095770806074
4014,0.0021127916406840086
4015,0.0021112950053066015
4016,0.0021078786812722683
4017,0.0021020229905843735
4018,0.0020959891844540834
4019,0.0020881511736661196
4020,0.002079557627439499
4021,0.002073136856779456
4022,0.002067822264507413
4023,0.0021221009083092213
4024,0.0020644827745854855
4025,0.0020631980150938034
4026,0.002055700169876218
4027,0.002053075935691595
4028,0.002048986265435815
4029,0.002043726621195674
4030,0.0020395570900291204
4031,0.0020404690876603127
4032,0.0020374301820993423
4033,0.002034565666690469
4034,0.0020325779914855957
4035,0.0020301146432757378
4036,0.0020287383813410997
4037,0.0020270911045372486
4038,0.0020270291715860367
4039,0.0020257176365703344
4040,0.002023347420617938
4041,0.002019212581217289
4042,0.0020182100124657154
4043,0.002014994388446212
4044,0.0020128563046455383
4045,0.002010731492191553
4046,0.0020084118004888296
4047,0.0020073112100362778
4048,0.002005533082410693
4049,0.0020036010537296534
4050,0.0020015861373394728
4051,0.001998591236770153
4052,0.001998515333980322
4053,0.0019972219597548246
4054,0.001994880847632885
4055,0.001988122472539544
4056,0.0019863834604620934
4057,0.001982960384339094
4058,0.001981559209525585
4059,0.0019792220555245876
4060,0.001977890031412244
4061,0.001975439954549074
4062,0.0019734709057956934
4063,0.0019713256042450666
4064,0.0019677651580423117
4065,0.0019655502401292324
4066,0.0019620219245553017
4067,0.0019588854629546404
4068,0.0019566663540899754
4069,0.0019552097655832767
4070,0.001953073893673718
4071,0.0019508192781358957
4072,0.001948002027347684
4073,0.0019446660298854113
4074,0.0019418316660448909
4075,0.002555858576670289
4076,0.00194127531722188
4077,0.0019380906596779823
4078,0.0019333860836923122
4079,0.0019279435509815812
4080,0.0019228452583774924
4081,0.001915364759042859
4082,0.0019103698432445526
4083,0.001913979183882475
4084,0.001907992409542203
4085,0.001904782373458147
4086,0.0019000055035576224
4087,0.001891814754344523
4088,0.00188900763168931
4089,0.0018834953662008047
4090,0.0018814613576978445
4091,0.0018794570351019502
4092,0.0018778450321406126
4093,0.0018764191772788763
4094,0.0018749597948044538
4095,0.0018743379041552544
4096,0.0018732507014647126
4097,0.0018719901563599706
4098,0.0018704336835071445
4099,0.0018685499671846628
4100,0.0018675047904253006
4101,0.0018663917435333133
4102,0.0018653327133506536
4103,0.00186394271440804
4104,0.0018619003240019083
4105,0.001859038951806724
4106,0.0018563877092674375
4107,0.0018536733696237206
4108,0.0018534058472141623
4109,0.0018523934995755553
4110,0.001850759144872427
4111,0.0018496927805244923
4112,0.0018484218744561076
4113,0.0018475557444617152
4114,0.0018467768095433712
4115,0.0018464233726263046
4116,0.001846011378802359
4117,0.0018457137048244476
4118,0.0018452353542670608
4119,0.0018446390749886632
4120,0.0018438289407640696
4121,0.0018428931944072247
4122,0.0018418061081320047
4123,0.0018407533643767238
4124,0.001840009936131537
4125,0.0018394608050584793
4126,0.0018387690652161837
4127,0.0018370987381786108
4128,0.0018349788151681423
4129,0.0018329403828829527
4130,0.0018310658633708954
4131,0.0018293177708983421
4132,0.0018273114692419767
4133,0.0018256227485835552
4134,0.0018237008480355144
4135,0.0018219150369986892
4136,0.0018217923352494836
4137,0.0018208525143563747
4138,0.0018204095540568233
4139,0.0018197400495409966
4140,0.001818191260099411
4141,0.0018175378208979964
4142,0.0018168255919590592
4143,0.0018153511919081211
4144,0.0018138207960873842
4145,0.001812006696127355
4146,0.0018121054163202643
4147,0.0018110403325408697
4148,0.0018098264699801803
4149,0.0018083850154653192
4150,0.0018069464713335037
4151,0.0018055179389193654
4152,0.0018046335317194462
4153,0.0018043041927739978
4154,0.001803381135687232
4155,0.0018029619241133332
4156,0.001802295446395874
4157,0.0018014509696513414
4158,0.0018120824825018644
4159,0.0018007202306762338
4160,0.0017989383777603507
4161,0.0017973888898268342
4162,0.0017966458108276129
4163,0.001795929274521768
4164,0.0017955861985683441
4165,0.0017951850313693285
4166,0.0017946354346349835
4167,0.0017941148253157735
4168,0.0017933663912117481
4169,0.0017926988657563925
4170,0.0017916812794283032
4171,0.001792226918041706
4172,0.0017910818569362164
4173,0.001789958099834621
4174,0.001789238303899765
4175,0.0017885947600007057
4176,0.0017882244428619742
4177,0.0017879203660413623
4178,0.001787519664503634
4179,0.001787021872587502
4180,0.0017866247799247503
4181,0.0017859800718724728
4182,0.001785488915629685
4183,0.0017847245326265693
4184,0.0017840196378529072
4185,0.0017828939016908407
4186,0.001780519145540893
4187,0.0017799095949158072
4188,0.0017779424088075757
4189,0.0017764806980267167
4190,0.001774671021848917
4191,0.001772211049683392
4192,0.0017692401306703687
4193,0.0017664209008216858
4194,0.0017621360020712018
4195,0.0017582313157618046
4196,0.0017562544671818614
4197,0.001754254219122231
4198,0.001751827192492783
4199,0.001749321585521102
4200,0.0017454324988648295
4201,0.0017418218776583672
4202,0.0017383549129590392
4203,0.0017353143775835633
4204,0.001730541349388659
4205,0.00172534363809973
4206,0.0017245429335162044
4207,0.001721489941701293
4208,0.0017171148210763931
4209,0.0017139544943347573
4210,0.0017130975611507893
4211,0.0017108209431171417
4212,0.0017082241829484701
4213,0.0017063366249203682
4214,0.0017031339230015874
4215,0.0017007355345413089
4216,0.001698130276054144
4217,0.0016965999966487288
4218,0.0016948262928053737
4219,0.0016942339716479182
4220,0.0016923242947086692
4221,0.0016905649099498987
4222,0.0016883077332749963
4223,0.00168570876121521
4224,0.0016841910546645522
4225,0.001682630623690784
4226,0.0016805805498734117
4227,0.0016792815877124667
4228,0.001677819760516286
4229,0.0016761814476922154
4230,0.0016741375438869
4231,0.0016725525492802262
4232,0.0016714800149202347
4233,0.0016700699925422668
4234,0.0016687314491719007
4235,0.001667817821726203
4236,0.0016668932512402534
4237,0.0016659098910167813
4238,0.0016641407273709774
4239,0.001661992515437305
4240,0.0016595367342233658
4241,0.0016567776910960674
4242,0.001653645420446992
4243,0.001651417464017868
4244,0.0016493430593982339
4245,0.001647676806896925
4246,0.00164614780806005
4247,0.0016447844682261348
4248,0.0016430388204753399
4249,0.0016406422946602106
4250,0.0016392868710681796
4251,0.0016376038547605276
4252,0.001635841210372746
4253,0.0016352831153199077
4254,0.0016334177926182747
4255,0.0016321106813848019
4256,0.0016306140460073948
4257,0.0016280688578262925
4258,0.0016265044687315822
4259,0.0016346254851669073
4260,0.0016254596412181854
4261,0.0016236151568591595
4262,0.001621923642233014
4263,0.001619928516447544
4264,0.0016172491014003754
4265,0.0016152722528204322
4266,0.001709385891444981
4267,0.0016148274298757315
4268,0.0016427631489932537
4269,0.0016144549008458853
4270,0.0016129661817103624
4271,0.0016119235660880804
4272,0.0016109384596347809
4273,0.0016099691856652498
4274,0.0016081189969554543
4275,0.0016071832505986094
4276,0.00160605413839221
4277,0.0016043869545683265
4278,0.0016031842678785324
4279,0.001601952943019569
4280,0.0016004167264327407
4281,0.00159930856898427
4282,0.0015961159951984882
4283,0.00160523084923625
4284,0.0015948564978316426
4285,0.0015912743983790278
4286,0.0015898452838882804
4287,0.0015882175648584962
4288,0.0015862820437178016
4289,0.001585311838425696
4290,0.0015843136934563518
4291,0.0015834085643291473
4292,0.0015823161229491234
4293,0.0015816382365301251
4294,0.0015810126205906272
4295,0.0015803305432200432
4296,0.0015793603379279375
4297,0.0015783666167408228
4298,0.0015771064208820462
4299,0.0015756770735606551
4300,0.001574778463691473
4301,0.0015736928908154368
4302,0.0015725446864962578
4303,0.00157112383749336
4304,0.0015722756506875157
4305,0.0015706295380368829
4306,0.001569674233905971
4307,0.0015690886648371816
4308,0.0015684867976233363
4309,0.0015672281151637435
4310,0.001565252081491053
4311,0.0015625893138349056
4312,0.0015584348002448678
4313,0.0015558975283056498
4314,0.0015572020784020424
4315,0.0015541564207524061
4316,0.0015527223004028201
4317,0.001549596549011767
4318,0.0015465194592252374
4319,0.0015440188581123948
4320,0.0015413459623232484
4321,0.00153873220551759
4322,0.0015346645377576351
4323,0.0015306809218600392
4324,0.0015294713666662574
4325,0.0015261799562722445
4326,0.0015226061223074794
4327,0.0015201476635411382
4328,0.0015188893303275108
4329,0.0015173731371760368
4330,0.001515969168394804
4331,0.001514895586296916
4332,0.0015136838192120194
4333,0.001512680435553193
4334,0.0015118229202926159
4335,0.0015106321079656482
4336,0.0015092012472450733
4337,0.0015076753916218877
4338,0.001505449996329844
4339,0.0015037006232887506
4340,0.0015021846629679203
4341,0.0015012446092441678
4342,0.0014994210796430707
4343,0.0014977933606132865
4344,0.0014961950946599245
4345,0.001495080767199397
4346,0.0014942946145310998
4347,0.0014936915831640363
4348,0.0014935132348909974
4349,0.0015012167859822512
4350,0.0014929622411727905
4351,0.0014928033342584968
4352,0.0014911068137735128
4353,0.0014904880663380027
4354,0.0014886644203215837
4355,0.0014864919940009713
4356,0.0014867717400193214
4357,0.0014858361100777984
4358,0.001484770211391151
4359,0.001483718864619732
4360,0.0014829327119514346
4361,0.0014818997588008642
4362,0.0014807998668402433
4363,0.001480060862377286
4364,0.001479382743127644
4365,0.001478538615629077
4366,0.0014776886673644185
4367,0.001475916593335569
4368,0.0014739356702193618
4369,0.001471550203859806
4370,0.0014705818612128496
4371,0.0014681166503578424
4372,0.0014663650654256344
4373,0.001464209402911365
4374,0.001463013468310237
4375,0.0014619342982769012
4376,0.001461138017475605
4377,0.0014602311421185732
4378,0.0014595062239095569
4379,0.0014588191406801343
4380,0.0014582291478291154
4381,0.0014575900277122855
4382,0.0014575275126844645
4383,0.001456995727494359
4384,0.0014560034032911062
4385,0.001455165445804596
4386,0.001454132841899991
4387,0.001453144708648324
4388,0.0014517398085445166
4389,0.001451292890124023
4390,0.0014501676196232438
4391,0.0014493184862658381
4392,0.0014485996216535568
4393,0.001447635586373508
4394,0.0014473359333351254
4395,0.001446329290047288
4396,0.001445574453100562
4397,0.0014447735156863928
4398,0.0014441561652347445
4399,0.0014435835182666779
4400,0.0014431116869673133
4401,0.0014421993400901556
4402,0.001441427506506443
4403,0.0014406646369025111
4404,0.0014397158520296216
4405,0.0014387645060196519
4406,0.001437439233995974
4407,0.0014362265355885029
4408,0.0014347222167998552
4409,0.0014334805309772491
4410,0.0014317898312583566
4411,0.001430197968147695
4412,0.0014286964433267713
4413,0.001427559764124453
4414,0.001426380011253059
4415,0.0014246903592720628
4416,0.0014227402862161398
4417,0.00142135308124125
4418,0.001420607091858983
4419,0.0014195096446201205
4420,0.0014190423535183072
4421,0.0014182396698743105
4422,0.0014174579409882426
4423,0.0014169379137456417
4424,0.0014163393061608076
4425,0.0014157738769426942
4426,0.0014148225309327245
4427,0.001413605990819633
4428,0.0014125470770522952
4429,0.0014119595289230347
4430,0.0014105098089203238
4431,0.0014097328530624509
4432,0.0014087979216128588
4433,0.0014080468099564314
4434,0.0014070316683501005
4435,0.0014054710045456886
4436,0.0014045457355678082
4437,0.0014028475852683187
4438,0.0014015912311151624
4439,0.0013997461646795273
4440,0.0013978385832160711
4441,0.0013963187811896205
4442,0.0013949419371783733
4443,0.001393641228787601
4444,0.001392639591358602
4445,0.0013914813753217459
4446,0.0013904441148042679
4447,0.0013882474740967155
4448,0.001387069933116436
4449,0.0013836291618645191
4450,0.0013818363659083843
4451,0.0013789527583867311
4452,0.0013763068709522486
4453,0.0013776073465123773
4454,0.0013750081416219473
4455,0.001373490784317255
4456,0.0013721734285354614
4457,0.0013698652619495988
4458,0.0013683784054592252
4459,0.0013668815372511744
4460,0.0013656028313562274
4461,0.001365019241347909
4462,0.0013641651021316648
4463,0.0013634737115353346
4464,0.0013625591527670622
4465,0.0013609720626845956
4466,0.0013616986107081175
4467,0.0013603337574750185
4468,0.001358883106149733
4469,0.0013564730761572719
4470,0.0013547216076403856
4471,0.0013528158888220787
4472,0.0013505513779819012
4473,0.0013473021099343896
4474,0.0013442380586639047
4475,0.00134041509591043
4476,0.0013525120448321104
4477,0.0013390209060162306
4478,0.0013360981829464436
4479,0.0013335887342691422
4480,0.0013317536795511842
4481,0.001329029444605112
4482,0.001325442804954946
4483,0.0013223654823377728
4484,0.001320356735959649
4485,0.0013190030585974455
4486,0.0013179716188460588
4487,0.001316953101195395
4488,0.0013159682275727391
4489,0.001314454828388989
4490,0.0013226522132754326
4491,0.0013141591334715486
4492,0.0013131402665749192
4493,0.0013119166251271963
4494,0.0013108056737110019
4495,0.0013104263925924897
4496,0.001309272600337863
4497,0.001308630802668631
4498,0.0013075645547360182
4499,0.0013068713014945388
4500,0.0013063927181065083
4501,0.0013059687335044146
4502,0.0013054391602054238
4503,0.0013048597611486912
4504,0.0013044028310105205
4505,0.0013039649929851294
4506,0.001303566968999803
4507,0.0013032450806349516
4508,0.0013030008412897587
4509,0.0013026937376707792
4510,0.0013023882638663054
4511,0.0013017074670642614
4512,0.0013012762647122145
4513,0.0013006783556193113
4514,0.0013002004707232118
4515,0.001299579511396587
4516,0.0012991708936169744
4517,0.0012986805522814393
4518,0.0012982800835743546
4519,0.0012976942816749215
4520,0.0012970154639333487
4521,0.0012956841383129358
4522,0.0012944031041115522
4523,0.0012931640958413482
4524,0.0012920029694214463
4525,0.001290706335566938
4526,0.0012895803665742278
4527,0.0012887594057247043
4528,0.0012880288995802402
4529,0.00128737383056432
4530,0.0012866439064964652
4531,0.001286173239350319
4532,0.0012855039676651359
4533,0.0012845676392316818
4534,0.0012831074418500066
4535,0.0012823264114558697
4536,0.001281327218748629
4537,0.0012806260492652655
4538,0.0012795667862519622
4539,0.001278768526390195
4540,0.0012778769014403224
4541,0.0012769046006724238
4542,0.0012757590739056468
4543,0.001273400499485433
4544,0.0012859806884080172
4545,0.0012723675463348627
4546,0.0012694555334746838
4547,0.0012666413094848394
4548,0.00127034995239228
4549,0.0012649274431169033
4550,0.0012628966942429543
4551,0.0012586838565766811
4552,0.001255735638551414
4553,0.0012551589170470834
4554,0.001252814196050167
4555,0.0012524371268227696
4556,0.001251276582479477
4557,0.0012502676108852029
4558,0.0012489897198975086
4559,0.0012466595508158207
4560,0.0012452147202566266
4561,0.0012435631360858679
4562,0.0012417513644322753
4563,0.001239993260242045
4564,0.0012387580936774611
4565,0.0012377842795103788
4566,0.0012365139555186033
4567,0.001235156669281423
4568,0.0012341014808043838
4569,0.001233007526025176
4570,0.001232168055139482
4571,0.0012320956448093057
4572,0.0012312831822782755
4573,0.0012294589541852474
4574,0.0012276017805561423
4575,0.0012258293572813272
4576,0.0012248301645740867
4577,0.0012241494841873646
4578,0.0012233133893460035
4579,0.001222381484694779
4580,0.0012212027795612812
4581,0.0012197510804980993
4582,0.0012180214980617166
4583,0.0012158786412328482
4584,0.0012139889877289534
4585,0.0012134636053815484
4586,0.0012120760511606932
4587,0.0012111131800338626
4588,0.0012099400628358126
4589,0.0012086582137271762
4590,0.001207589404657483
4591,0.0012069676304236054
4592,0.0012065942864865065
4593,0.0012062503956258297
4594,0.0012058307183906436
4595,0.0012050328077748418
4596,0.0012043764581903815
4597,0.0012037931010127068
4598,0.0012031387304887176
4599,0.0012026079930365086
4600,0.001202231622301042
4601,0.0012019103160127997
4602,0.0012016483815386891
4603,0.0012014849344268441
4604,0.0012012976221740246
4605,0.0012011523358523846
4606,0.001200943486765027
4607,0.0012007313780486584
4608,0.0012007965706288815
4609,0.0012005801545456052
4610,0.001200305763632059
4611,0.001200036727823317
4612,0.001199657446704805
4613,0.0011991943465545774
4614,0.0011986629106104374
4615,0.0011979960836470127
4616,0.0011975617380812764
4617,0.0011971178464591503
4618,0.0011968105100095272
4619,0.0011964698787778616
4620,0.0011961808195337653
4621,0.0011958900140598416
4622,0.0011956423986703157
4623,0.0011954234214499593
4624,0.0011952475178986788
4625,0.0011951158521696925
4626,0.00119493855163455
4627,0.0011946929153054953
4628,0.0011943349381908774
4629,0.0011939296964555979
4630,0.0011935310903936625
4631,0.0011930603068321943
4632,0.0011925252620130777
4633,0.0011921119876205921
4634,0.0011917067458853126
4635,0.0011911130277439952
4636,0.0011906790314242244
4637,0.001190001959912479
4638,0.001189848524518311
4639,0.001189009053632617
4640,0.0011886043939739466
4641,0.0011881550308316946
4642,0.0011874587507918477
4643,0.0011870672460645437
4644,0.001186506007798016
4645,0.001185909379273653
4646,0.0011848419671878219
4647,0.001184067688882351
4648,0.001183053245767951
4649,0.001181018422357738
4650,0.0011795494938269258
4651,0.0011775173479691148
4652,0.0011783895315602422
4653,0.0011758239706978202
4654,0.0011727542150765657
4655,0.001169808441773057
4656,0.0011676570866256952
4657,0.0011696817819029093
4658,0.0011665626661852002
4659,0.001166837872005999
4660,0.0011653091059997678
4661,0.0011662800097838044
4662,0.001164448563940823
4663,0.0011634451802819967
4664,0.00116202631033957
4665,0.001161013962700963
4666,0.0011600812431424856
4667,0.0011593186063691974
4668,0.0011582492152228951
4669,0.0011568991467356682
4670,0.0011550216004252434
4671,0.0011537952814251184
4672,0.0011524599976837635
4673,0.0011514837387949228
4674,0.0011501667322590947
4675,0.0011489776661619544
4676,0.0011477925581857562
4677,0.0011506685987114906
4678,0.001147327246144414
4679,0.0011461271205917
4680,0.0011449541198089719
4681,0.0011434518964961171
4682,0.0011424438562244177
4683,0.0011413168394938111
4684,0.001140223117545247
4685,0.0011390924919396639
4686,0.0011381119256839156
4687,0.0011370229767635465
4688,0.0011355157475918531
4689,0.0011341377394273877
4690,0.0011331412242725492
4691,0.0011323277140036225
4692,0.001131347264163196
4693,0.001129506970755756
4694,0.001128971460275352
4695,0.0011272872798144817
4696,0.001126191345974803
4697,0.0011251665418967605
4698,0.0011244550114497542
4699,0.0011238893494009972
4700,0.001123315072618425
4701,0.001128979492932558
4702,0.0011228767689317465
4703,0.0011222928296774626
4704,0.0011213860707357526
4705,0.0011208822252228856
4706,0.001120355911552906
4707,0.0011198846623301506
4708,0.001119324006140232
4709,0.0011189313372597098
4710,0.0011185024632140994
4711,0.0011180376168340445
4712,0.0011173933744430542
4713,0.0011167203774675727
4714,0.0011159719433635473
4715,0.0011153086088597775
4716,0.001114702201448381
4717,0.0011143132578581572
4718,0.0011138315312564373
4719,0.0011134262895211577
4720,0.0011130349012091756
4721,0.0011128110345453024
4722,0.001112604048103094
4723,0.0011120252311229706
4724,0.0011113411746919155
4725,0.0011101288255304098
4726,0.0011091562919318676
4727,0.0011079927207902074
4728,0.0011071241460740566
4729,0.0011066161096096039
4730,0.0011062483536079526
4731,0.0011058730306103826
4732,0.0011055682552978396
4733,0.001105282106436789
4734,0.0011050851317122579
4735,0.001104865106754005
4736,0.0011046366998925805
4737,0.0011044449638575315
4738,0.0011042780242860317
4739,0.0011039405362680554
4740,0.0011035773204639554
4741,0.0011030888417735696
4742,0.0011023085098713636
4743,0.0011017792858183384
4744,0.001101308036595583
4745,0.0011010377202183008
4746,0.0011008159490302205
4747,0.001100624562241137
4748,0.0011003513354808092
4749,0.001099982182495296
4750,0.0011002854444086552
4751,0.0010996623896062374
4752,0.0011006015120074153
4753,0.0010991959134116769
4754,0.0010985310655087233
4755,0.001096966676414013
4756,0.0010961444349959493
4757,0.0010956082260236144
4758,0.0010951985605061054
4759,0.0010950020514428616
4760,0.0010947841219604015
4761,0.0010946036782115698
4762,0.0010942034423351288
4763,0.0010934930760413408
4764,0.0010929276468232274
4765,0.0010933014564216137
4766,0.0010923994705080986
4767,0.001091084093786776
4768,0.0010888746473938227
4769,0.0010876235319301486
4770,0.001086210715584457
4771,0.001085300580598414
4772,0.0010845530778169632
4773,0.0010837162844836712
4774,0.001082305796444416
4775,0.0010797454742714763
4776,0.0010781283490359783
4777,0.0010794096160680056
4778,0.0010768339270725846
4779,0.0010752363596111536
4780,0.0010737588163465261
4781,0.0010718574048951268
4782,0.0010701240971684456
4783,0.001068334560841322
4784,0.0010667071910575032
4785,0.0010649653850123286
4786,0.0010638392996042967
4787,0.0010627210140228271
4788,0.0010618137894198298
4789,0.0010609669843688607
4790,0.0010598161024972796
4791,0.0010583822149783373
4792,0.0010562583338469267
4793,0.0010545839322730899
4794,0.0010533815948292613
4795,0.0010528602870181203
4796,0.001052111736498773
4797,0.0010503972880542278
4798,0.0010471720015630126
4799,0.0010447442764416337
4800,0.001042682328261435
4801,0.0010417202720418572
4802,0.0010425668442621827
4803,0.001040479401126504
4804,0.0010388538939878345
4805,0.0010374370031058788
4806,0.0010354398982599378
4807,0.0010333178797736764
4808,0.0010310118086636066
4809,0.0010294386884197593
4810,0.001028131227940321
4811,0.001027048914693296
4812,0.0010255168890580535
4813,0.0010236684465780854
4814,0.0010227769380435348
4815,0.0010214095236733556
4816,0.0010207373416051269
4817,0.0010199559619650245
4818,0.0010192441986873746
4819,0.0010183487320318818
4820,0.0010170505847781897
4821,0.001015530782751739
4822,0.0010138294892385602
4823,0.0010114337783306837
4824,0.0010090979048982263
4825,0.0010066772811114788
4826,0.0010042906505987048
4827,0.0010025572264567018
4828,0.0010007570963352919
4829,0.0009993179701268673
4830,0.0009980079485103488
4831,0.0009967793012037873
4832,0.0009987306548282504
4833,0.0009960447205230594
4834,0.0009947693906724453
4835,0.0009928152430802584
4836,0.0009905729675665498
4837,0.0009882893646135926
4838,0.0009966391371563077
4839,0.0009873976232483983
4840,0.0009841967839747667
4841,0.0009822807041928172
4842,0.000981946475803852
4843,0.0009812124771997333
4844,0.000980424229055643
4845,0.0009787998860701919
4846,0.000977667747065425
4847,0.0009760258835740387
4848,0.0009733890765346587
4849,0.0009721597889438272
4850,0.0009706821874715388
4851,0.00096989976009354
4852,0.0009690086008049548
4853,0.0009682441013865173
4854,0.0009677279740571976
4855,0.00096727698110044
4856,0.0009667358826845884
4857,0.0009663613745942712
4858,0.0009660997311584651
4859,0.0009657128248363733
4860,0.0009651223663240671
4861,0.0009647418046370149
4862,0.0009643139783293009
4863,0.0009638530318625271
4864,0.0009635219466872513
4865,0.0009631195571273565
4866,0.0009682512609288096
4867,0.0009629440610297024
4868,0.0009625562815926969
4869,0.0009616669267416
4870,0.0009610527195036411
4871,0.0009604360675439239
4872,0.0009598815231584013
4873,0.0009593940922059119
4874,0.000958855904173106
4875,0.0009580811602063477
4876,0.0009573126444593072
4877,0.0009565650834701955
4878,0.0009560085600242019
4879,0.00095552415587008
4880,0.0009551792172715068
4881,0.0009547885274514556
4882,0.0009543220512568951
4883,0.0009549679816700518
4884,0.0009540037717670202
4885,0.0009580147452652454
4886,0.0009535867720842361
4887,0.0009527666261419654
4888,0.000951782101765275
4889,0.0009510234231129289
4890,0.0009503340115770698
4891,0.000949439883697778
4892,0.0009485352202318609
4893,0.000947532884310931
4894,0.0009462932939641178
4895,0.0009446000913158059
4896,0.0009430524078197777
4897,0.0009421443101018667
4898,0.0009414515807293355
4899,0.0009408387122675776
4900,0.0009401360875926912
4901,0.0009394710068590939
4902,0.0009385821758769453
4903,0.0009380866540595889
4904,0.0009375709923915565
4905,0.0009371250635012984
4906,0.0009366943268105388
4907,0.0009358960669487715
4908,0.0009346456499770284
4909,0.000933072529733181
4910,0.000931933696847409
4911,0.0009312108741141856
4912,0.0009308053995482624
4913,0.000930396665353328
4914,0.0009295825148001313
4915,0.000928520574234426
4916,0.0009270820301026106
4917,0.0009258813224732876
4918,0.0009247190901078284
4919,0.0009241680381819606
4920,0.0009237186168320477
4921,0.0009233478340320289
4922,0.0009229389252141118
4923,0.0009225257090292871
4924,0.0009220074280165136
4925,0.0009216507314704359
4926,0.0009209323907271028
4927,0.000920137099456042
4928,0.0009190192213281989
4929,0.0009198203915730119
4930,0.0009184880182147026
4931,0.0009171252022497356
4932,0.0009162119822576642
4933,0.0009153321734629571
4934,0.0009146790252998471
4935,0.0009140923502855003
4936,0.0009133251733146608
4937,0.0009128734236583114
4938,0.0009121632319875062
4939,0.0009113841806538403
4940,0.0009101313189603388
4941,0.0009092158870771527
4942,0.0009083952754735947
4943,0.0009074567351490259
4944,0.0009078950388357043
4945,0.0009066874044947326
4946,0.0009050925145857036
4947,0.0009035420953296125
4948,0.0009019878343679011
4949,0.0009010543581098318
4950,0.0009001243743114173
4951,0.0008987960172817111
4952,0.000897845602594316
4953,0.0008970111957751215
4954,0.000896377197932452
4955,0.0008954309741966426
4956,0.0008930623298510909
4957,0.0008915655198507011
4958,0.0008905347203835845
4959,0.0008894814527593553
4960,0.0008888994925655425
4961,0.0008882932015694678
4962,0.0008876004721969366
4963,0.000886643654666841
4964,0.0008858080836944282
4965,0.0008854089537635446
4966,0.0008850037702359259
4967,0.0008845928823575377
4968,0.0008842562092468143
4969,0.0008839821093715727
4970,0.000883785542100668
4971,0.0008835582411848009
4972,0.0008832458406686783
4973,0.0008828729623928666
4974,0.0008821429219096899
4975,0.0008811418665573001
4976,0.0008801576332189143
4977,0.0008792177541181445
4978,0.000878580438438803
4979,0.0008780807256698608
4980,0.0008776257745921612
4981,0.0008770804852247238
4982,0.0008760963100939989
4983,0.0008748631807975471
4984,0.0008736466406844556
4985,0.0008727767271921039
4986,0.0008718219469301403
4987,0.0008709358517080545
4988,0.0008698748424649239
4989,0.0008691904949955642
4990,0.0008684808854013681
4991,0.0008679169113747776
4992,0.0008672333206050098
4993,0.000866463000420481
4994,0.0008656163117848337
4995,0.0008649386581964791
4996,0.0008643114706501365
4997,0.0008637034334242344
4998,0.0008632837561890483
4999,0.0008628618088550866
5000,0.0008625787450000644
5001,0.0008623006287962198
5002,0.0008619575528427958
5003,0.0008616498089395463
5004,0.0008610761724412441
5005,0.0008607455529272556
5006,0.0008602190646342933
5007,0.000859809631947428
5008,0.0008592913509346545
5009,0.0008588802302256227
5010,0.0008582978043705225
5011,0.000857167353387922
5012,0.0008562008733861148
5013,0.0008544660522602499
5014,0.0008534503285773098
5015,0.0008522273856215179
5016,0.0008514074143022299
5017,0.0008506506565026939
5018,0.0008496748050674796
5019,0.0008486113511025906
5020,0.0008471188484691083
5021,0.0008459691889584064
5022,0.0008451495668850839
5023,0.0008443798869848251
5024,0.0008436282514594495
5025,0.0008432607864961028
5026,0.0008428263245150447
5027,0.0008423724793829024
5028,0.0008419974474236369
5029,0.0008416203781962395
5030,0.0008412706083618104
5031,0.0008409194997511804
5032,0.0008404153632000089
5033,0.0008398705394938588
5034,0.0008394236210733652
5035,0.0008390262955799699
5036,0.0008387003326788545
5037,0.000838269479572773
5038,0.000837936473544687
5039,0.0008376644109375775
5040,0.0008377131307497621
5041,0.0008375127799808979
5042,0.0008372344891540706
5043,0.000836942985188216
5044,0.0008367636473849416
5045,0.0008365634130313993
5046,0.0008364029927179217
5047,0.0008362067746929824
5048,0.0008358876802958548
5049,0.0008352517033927143
5050,0.0008353489683941007
5051,0.0008348694536834955
5052,0.0008342071087099612
5053,0.0008335784659720957
5054,0.0008328041876666248
5055,0.0008321042987518013
5056,0.0008310387493111193
5057,0.0008301137131638825
5058,0.0008302132482640445
5059,0.0008294287836179137
5060,0.0008285872172564268
5061,0.0008278648019768298
5062,0.0008272642153315246
5063,0.0008268418605439365
5064,0.000826222007162869
5065,0.0008256988367065787
5066,0.0008252958650700748
5067,0.0008250030805356801
5068,0.0008247682126238942
5069,0.000824443472083658
5070,0.0008242049370892346
5071,0.0008240219904109836
5072,0.0008238367736339569
5073,0.0008236709400080144
5074,0.0008235082495957613
5075,0.0008233432308770716
5076,0.0008230251260101795
5077,0.0008227556245401502
5078,0.0008225625497289002
5079,0.0008224204648286104
5080,0.0008222496253438294
5081,0.0008220718591473997
5082,0.0008218695875257254
5083,0.0008216760470531881
5084,0.0008215132402256131
5085,0.00082135119009763
5086,0.0008211053791455925
5087,0.0008208108483813703
5088,0.0008204630576074123
5089,0.0008199689909815788
5090,0.0008195126429200172
5091,0.0008190551307052374
5092,0.0008182923193089664
5093,0.0008172751986421645
5094,0.0008160558063536882
5095,0.0008148426422849298
5096,0.0008143028244376183
5097,0.0008125899475999177
5098,0.0008116380777209997
5099,0.0008102091960608959
5100,0.0008108531474135816
5101,0.0008096298552118242
5102,0.0008086948073469102
5103,0.0008071917691268027
5104,0.0008054746431298554
5105,0.00080345559399575
5106,0.000801476591732353
5107,0.0008018030202947557
5108,0.000800187059212476
5109,0.000798124703578651
5110,0.0007966805715113878
5111,0.0007952909218147397
5112,0.0007940930081531405
5113,0.0007932924199849367
5114,0.0007922985241748393
5115,0.0007915495662018657
5116,0.0007904705707915127
5117,0.000789522600825876
5118,0.0007887309766374528
5119,0.0007966769626364112
5120,0.0007881573983468115
5121,0.0007867703097872436
5122,0.0007852460257709026
5123,0.0007843691855669022
5124,0.0007836935692466795
5125,0.0007831791299395263
5126,0.0007826390792615712
5127,0.0007820600876584649
5128,0.0007810751558281481
5129,0.000779377412982285
5130,0.0007781062740832567
5131,0.000776585889980197
5132,0.0007750741788186133
5133,0.0007739121792837977
5134,0.0007730289944447577
5135,0.0007720628054812551
5136,0.0007799883605912328
5137,0.0007716971449553967
5138,0.0007707201293669641
5139,0.000769368140026927
5140,0.0007679270929656923
5141,0.000766725221183151
5142,0.0007679600385017693
5143,0.0007658869144506752
5144,0.0007654373766854405
5145,0.0007644539000466466
5146,0.0007639083778485656
5147,0.0007631704793311656
5148,0.0007625597645528615
5149,0.00076233473373577
5150,0.000761721283197403
5151,0.0007613966008648276
5152,0.0007605693535879254
5153,0.0007597555522806942
5154,0.0007590125314891338
5155,0.0007596497889608145
5156,0.0007587193395011127
5157,0.0007580847013741732
5158,0.0007575714844278991
5159,0.0007571812020614743
5160,0.0007567282300442457
5161,0.0007563214167021215
5162,0.0007559395162388682
5163,0.0007555870106443763
5164,0.0007551781600341201
5165,0.000754762499127537
5166,0.0007542397943325341
5167,0.0007537464844062924
5168,0.0007533702300861478
5169,0.0007531194132752717
5170,0.0007526196422986686
5171,0.0007519989158026874
5172,0.0007515354664064944
5173,0.0007510326104238629
5174,0.0007506321417167783
5175,0.000750107632484287
5176,0.0007497791666537523
5177,0.0007494452875107527
5178,0.0007491461583413184
5179,0.0007488079718314111
5180,0.0007484814850613475
5181,0.0007481356151401997
5182,0.00074777688132599
5183,0.0007474779267795384
5184,0.000746640027500689
5185,0.0007459548651240766
5186,0.0007452713325619698
5187,0.0007448220276273787
5188,0.0007443991489708424
5189,0.0007439213804900646
5190,0.0007435412262566388
5191,0.000743217533454299
5192,0.0007428211392834783
5193,0.000742565025575459
5194,0.000742325559258461
5195,0.0007421441841870546
5196,0.0007420463371090591
5197,0.0007419789326377213
5198,0.0007419058820232749
5199,0.0007418036693707108
5200,0.0007417001761496067
5201,0.0007415792788378894
5202,0.0007413806742988527
5203,0.0007412111735902727
5204,0.0007409799727611244
5205,0.000740793882869184
5206,0.0007406279328279197
5207,0.0007404470234178007
5208,0.0007402200717478991
5209,0.0007399633177556098
5210,0.0007396729779429734
5211,0.000739363778848201
5212,0.0007390630780719221
5213,0.0007389189559035003
5214,0.0007387882214970887
5215,0.0007387237856164575
5216,0.0007386569050140679
5217,0.0007385296048596501
5218,0.0007386331562884152
5219,0.0007384600467048585
5220,0.000738279428333044
5221,0.0007383327465504408
5222,0.000738206785172224
5223,0.0007383127231150866
5224,0.0007380335009656847
5225,0.0007377600995823741
5226,0.0007373791886493564
5227,0.0007370187086053193
5228,0.0007366089266724885
5229,0.0007365242345258594
5230,0.0007358402945101261
5231,0.0007353950059041381
5232,0.0007347522187046707
5233,0.0007339888252317905
5234,0.0007327646599151194
5235,0.0007312312955036759
5236,0.0007300706347450614
5237,0.0007279443088918924
5238,0.0007262264844030142
5239,0.0007242853753268719
5240,0.0007235086522996426
5241,0.0007223753491416574
5242,0.0007209914037957788
5243,0.0007190631004050374
5244,0.0007180834654718637
5245,0.0007163397967815399
5246,0.0007149947341531515
5247,0.0007137942593544722
5248,0.0007132899481803179
5249,0.0007117553032003343
5250,0.0007104045944288373
5251,0.000708955863956362
5252,0.0007067048572935164
5253,0.0007052404689602554
5254,0.0007039541960693896
5255,0.0007031855639070272
5256,0.0007027618121355772
5257,0.0007021687924861908
5258,0.0007016471354290843
5259,0.0007011155248619616
5260,0.0007005002116784453
5261,0.0007000177283771336
5262,0.000699350202921778
5263,0.0006985960062593222
5264,0.0006977524026297033
5265,0.0006972740520723164
5266,0.0006970190443098545
5267,0.0006970145623199642
5268,0.0006967976805754006
5269,0.0006966315559111536
5270,0.0006965267821215093
5271,0.0006964176427572966
5272,0.0006963355699554086
5273,0.000696179922670126
5274,0.0006957927835173905
5275,0.0006953381234779954
5276,0.0006946690264157951
5277,0.0006938253063708544
5278,0.0007055302266962826
5279,0.0006937269354239106
5280,0.0006932261167094111
5281,0.0006928032380528748
5282,0.0006923495675437152
5283,0.000691794790327549
5284,0.0006914035766385496
5285,0.0006910290103405714
5286,0.0006908379727974534
5287,0.0006906377384439111
5288,0.0006904577021487057
5289,0.0006902374443598092
5290,0.0006899320869706571
5291,0.0006895916303619742
5292,0.0006893384852446616
5293,0.0006891112425364554
5294,0.0006889075157232583
5295,0.0006886002374812961
5296,0.0006882506422698498
5297,0.0006880069267936051
5298,0.0006875511608086526
5299,0.0006872303201816976
5300,0.000686975137796253
5301,0.0006867426563985646
5302,0.0006865611067041755
5303,0.0006863107555545866
5304,0.0006861246656626463
5305,0.0006858343840576708
5306,0.0006855484680272639
5307,0.0006853069644421339
5308,0.000685171689838171
5309,0.0006847984623163939
5310,0.0006845417083241045
5311,0.0006842352449893951
5312,0.0006840326241217554
5313,0.0006837989203631878
5314,0.000683486694470048
5315,0.000683466496411711
5316,0.0006832289509475231
5317,0.0006829320336692035
5318,0.0006826136959716678
5319,0.0006824135780334473
5320,0.0006822157301940024
5321,0.0006819763802923262
5322,0.0006817698595114052
5323,0.0006816312670707703
5324,0.0006815243978053331
5325,0.0006814512889832258
5326,0.000681319332215935
5327,0.0006811575731262565
5328,0.0006809773622080684
5329,0.0006807413301430643
5330,0.0006804282893426716
5331,0.0006800952833145857
5332,0.0006796768866479397
5333,0.0006795671069994569
5334,0.0006791005143895745
5335,0.0006788217579014599
5336,0.0006783466087654233
5337,0.0006777425878681242
5338,0.0006770338513888419
5339,0.0006761567783541977
5340,0.0006755235372111201
5341,0.0006745164282619953
5342,0.000673535221721977
5343,0.0006724733393639326
5344,0.000671153306029737
5345,0.0006705039995722473
5346,0.0006700493977405131
5347,0.0006694502662867308
5348,0.000668999447952956
5349,0.0006684701074846089
5350,0.0006678208010271192
5351,0.0006672211457043886
5352,0.0006665629334747791
5353,0.0006658972706645727
5354,0.0006654939497821033
5355,0.000665141036733985
5356,0.0006647693808190525
5357,0.0006643336964771152
5358,0.000663826591335237
5359,0.0006631186115555465
5360,0.0006621316424570978
5361,0.0006625963724218309
5362,0.0006616757018491626
5363,0.0006609412957914174
5364,0.000660461897496134
5365,0.000660084595438093
5366,0.0006598584004677832
5367,0.0006595120066776872
5368,0.0006591106066480279
5369,0.0006587734678760171
5370,0.0006583992508240044
5371,0.0006579671171493828
5372,0.0006577441236004233
5373,0.0006575069855898619
5374,0.0006572415586560965
5375,0.0006569555844180286
5376,0.0006566863739863038
5377,0.0006564019713550806
5378,0.0006561369518749416
5379,0.0006559399189427495
5380,0.0006556478329002857
5381,0.0006553230341523886
5382,0.0006548582459799945
5383,0.0006543297204189003
5384,0.0006538917659781873
5385,0.0006534949643537402
5386,0.0006530762184411287
5387,0.0006523517076857388
5388,0.000651661423034966
5389,0.0006510757375508547
5390,0.0006517686415463686
5391,0.0006507773068733513
5392,0.000650177535135299
5393,0.0006497451686300337
5394,0.0006491949898190796
5395,0.0006489611114375293
5396,0.0006487767677754164
5397,0.0006485286285169423
5398,0.0006482814787887037
5399,0.0006478993454948068
5400,0.0006474731490015984
5401,0.0006468365318141878
5402,0.0006462902529165149
5403,0.0006457744748331606
5404,0.0006454215617850423
5405,0.000645202468149364
5406,0.0006480521406047046
5407,0.0006451440858654678
5408,0.000644842570181936
5409,0.0006445740582421422
5410,0.0006443462334573269
5411,0.0006442002486437559
5412,0.0006440794677473605
5413,0.0006439940189011395
5414,0.0006438805721700191
5415,0.0006437542615458369
5416,0.0006435614195652306
5417,0.0006477993447333574
5418,0.0006434969836845994
5419,0.0006432557129301131
5420,0.0006429848144762218
5421,0.0006450891960412264
5422,0.0006429267814382911
5423,0.0006427373155020177
5424,0.0006425303290598094
5425,0.0006423208396881819
5426,0.0006420756108127534
5427,0.0006440785946324468
5428,0.0006419660057872534
5429,0.0006416604155674577
5430,0.0006412983639165759
5431,0.0006411118665710092
5432,0.0006408669287338853
5433,0.0006406236789189279
5434,0.0006403675652109087
5435,0.0006400640122592449
5436,0.0006397933466359973
5437,0.0006395603995770216
5438,0.0006392629584297538
5439,0.0006389013142324984
5440,0.0006386238383129239
5441,0.0006383066065609455
5442,0.0006382781430147588
5443,0.0006380117847584188
5444,0.0006374744698405266
5445,0.000636423472315073
5446,0.0006361111882142723
5447,0.0006355950608849525
5448,0.0006351949996314943
5449,0.0006347970338538289
5450,0.0006344761932268739
5451,0.0006341369007714093
5452,0.0006337835802696645
5453,0.0006333746132440865
5454,0.0006331118638627231
5455,0.0006327572627924383
5456,0.000632230716291815
5457,0.000631871575023979
5458,0.000631246599368751
5459,0.0006305658025667071
5460,0.0006301999092102051
5461,0.0006297960644587874
5462,0.0006295108469203115
5463,0.0006292651523835957
5464,0.0006288226577453315
5465,0.0006285027484409511
5466,0.000628188718110323
5467,0.000627668050583452
5468,0.0006274457555264235
5469,0.0006271945312619209
5470,0.0006268385332077742
5471,0.0006265143165364861
5472,0.0006262423703446984
5473,0.0006260289810597897
5474,0.0006252902676351368
5475,0.0006246752454899251
5476,0.0006239744834601879
5477,0.0006238445057533681
5478,0.0006234563188627362
5479,0.0006229186546988785
5480,0.0006222149240784347
5481,0.000621558167040348
5482,0.0006208939594216645
5483,0.0006202279473654926
5484,0.0006192210130393505
5485,0.0006187405670061707
5486,0.0006190053536556661
5487,0.0006183902733027935
5488,0.00061798031674698
5489,0.0006175248418003321
5490,0.0006170875858515501
5491,0.0006166866514831781
5492,0.0006163835641928017
5493,0.0006161046912893653
5494,0.0006157969473861158
5495,0.0006154373404569924
5496,0.0006150998524390161
5497,0.0006147628300823271
5498,0.0006142244092188776
5499,0.0006145160878077149
5500,0.0006137153250165284
5501,0.0006132165435701609
5502,0.0006127112428657711
5503,0.000612221541814506
5504,0.0006115059368312359
5505,0.0006152549176476896
5506,0.0006112271221354604
5507,0.000610915245488286
5508,0.0006106445216573775
5509,0.0006102140760049224
5510,0.0006099655875004828
5511,0.0006096258875913918
5512,0.000609279319178313
5513,0.0006090717506594956
5514,0.0006088893860578537
5515,0.0006086228531785309
5516,0.0006081819883547723
5517,0.0006121088517829776
5518,0.0006080098683014512
5519,0.0006072666728869081
5520,0.0006064680637791753
5521,0.0006055752746760845
5522,0.0006049068178981543
5523,0.0006069040391594172
5524,0.0006046146736480296
5525,0.0006040351581759751
5526,0.0006035214755684137
5527,0.0006030433578416705
5528,0.000602621294092387
5529,0.0006023095338605344
5530,0.0006020321743562818
5531,0.0006018218700774014
5532,0.0006014247774146497
5533,0.0006010529468767345
5534,0.0006007147603668272
5535,0.0006001710426062346
5536,0.0005995862884446979
5537,0.0005987703916616738
5538,0.0005998147535137832
5539,0.0005981238791719079
5540,0.0005973498919047415
5541,0.0005958856199868023
5542,0.0005948982434347272
5543,0.0005938824033364654
5544,0.0005925950827077031
5545,0.0005915539804846048
5546,0.0005902039119973779
5547,0.0005896263173781335
5548,0.000589025963563472
5549,0.0005880912649445236
5550,0.0005879101809114218
5551,0.0005867859581485391
5552,0.0005861406098119915
5553,0.0005852373433299363
5554,0.0005845243576914072
5555,0.000584083201829344
5556,0.0005833939067088068
5557,0.0005824357504025102
5558,0.0005809480207972229
5559,0.0005798632046207786
5560,0.0005792927113361657
5561,0.0005784162785857916
5562,0.0005778957274742424
5563,0.0005772236618213356
5564,0.0005764967645518482
5565,0.0005760219064541161
5566,0.0005756868049502373
5567,0.000575374171603471
5568,0.0005751873832195997
5569,0.0005749218398705125
5570,0.0005745413945987821
5571,0.0005741409258916974
5572,0.0005733194411732256
5573,0.0005725736264139414
5574,0.0005719131440855563
5575,0.0005761123029515147
5576,0.0005717318272218108
5577,0.0005712101701647043
5578,0.0005708690732717514
5579,0.0005714380531571805
5580,0.0005705139483325183
5581,0.0005700658657588065
5582,0.0005695998552255332
5583,0.0005691122496500611
5584,0.0005687745288014412
5585,0.0005682650371454656
5586,0.0005675175925716758
5587,0.0005675413995049894
5588,0.0005668767844326794
5589,0.000565888942219317
5590,0.000565177877433598
5591,0.0005651056417264044
5592,0.0005643814220093191
5593,0.0005641079624183476
5594,0.0005638101720251143
5595,0.0005635896814055741
5596,0.0005633673281408846
5597,0.0005630759987980127
5598,0.0005625880439765751
5599,0.0005620630690827966
5600,0.000561630935408175
5601,0.0005610399530269206
5602,0.0005605562473647296
5603,0.0005600518197752535
5604,0.000559171661734581
5605,0.0005588719504885375
5606,0.0005576846888288856
5607,0.0005570495850406587
5608,0.0005564137827605009
5609,0.0005558247794397175
5610,0.000555383856408298
5611,0.0005550030618906021
5612,0.0005545615567825735
5613,0.0005541113787330687
5614,0.000553700840100646
5615,0.000553373247385025
5616,0.0005529734771698713
5617,0.0005525623564608395
5618,0.0005520691047422588
5619,0.0005515461671166122
5620,0.0005511328927241266
5621,0.0005507151945494115
5622,0.0005502324784174562
5623,0.000549900927580893
5624,0.0005495998775586486
5625,0.0005493011558428407
5626,0.0005489051691256464
5627,0.0005485010915435851
5628,0.0005481386324390769
5629,0.0005479397368617356
5630,0.0005475671496242285
5631,0.0005478615639731288
5632,0.0005473638884723186
5633,0.0005468069575726986
5634,0.000546438037417829
5635,0.0005461421678774059
5636,0.0005459712701849639
5637,0.0005458306986838579
5638,0.0005457101506181061
5639,0.0005455351783894002
5640,0.0005453596240840852
5641,0.0005451978067867458
5642,0.0005450598546303809
5643,0.0005449618911370635
5644,0.0005448542069643736
5645,0.0005447009461931884
5646,0.000544572772923857
5647,0.0005444870912469923
5648,0.0005444187554530799
5649,0.000544344715308398
5650,0.0005441975663416088
5651,0.0005440174718387425
5652,0.0005437773652374744
5653,0.0005436251522041857
5654,0.0005434741033241153
5655,0.0005432927282527089
5656,0.0005431874888017774
5657,0.0005428737495094538
5658,0.0005426903953775764
5659,0.0005425274721346796
5660,0.000542403373401612
5661,0.0005422660615295172
5662,0.0005429795710369945
5663,0.0005422024405561388
5664,0.0005420966190285981
5665,0.0005419210065156221
5666,0.0005418504006229341
5667,0.000541740155313164
5668,0.0005416549975052476
5669,0.0005415127379819751
5670,0.000541637884452939
5671,0.0005413887556642294
5672,0.0005411297897808254
5673,0.0005415452760644257
5674,0.0005410683224909008
5675,0.0005408889264799654
5676,0.0005407672724686563
5677,0.0005406651762314141
5678,0.0005405411357060075
5679,0.0005403795512393117
5680,0.0005400949739851058
5681,0.0005398797220550478
5682,0.000539731583558023
5683,0.0005396117921918631
5684,0.0005394623731262982
5685,0.0005393302417360246
5686,0.0005391734302975237
5687,0.0005389739526435733
5688,0.0005387127166613936
5689,0.0005383147508837283
5690,0.0005381265073083341
5691,0.0005379717913456261
5692,0.0005377999041229486
5693,0.0005374865722842515
5694,0.0005370958824642003
5695,0.0005367674166336656
5696,0.0005364171811379492
5697,0.0005360859795473516
5698,0.0005357743939384818
5699,0.0005354436580091715
5700,0.0005351297440938652
5701,0.0005347789265215397
5702,0.0005342778167687356
5703,0.0005337728653103113
5704,0.0005332077853381634
5705,0.0005324059166014194
5706,0.0005317013710737228
5707,0.0005307145183905959
5708,0.0005297769675962627
5709,0.0005294103757478297
5710,0.0005289731780067086
5711,0.0005283687496557832
5712,0.0005278817261569202
5713,0.0005273502902127802
5714,0.0005269859684631228
5715,0.0005266290972940624
5716,0.0005263578495942056
5717,0.0005259829922579229
5718,0.0005256517906673253
5719,0.0005252380506135523
5720,0.0005247063236311078
5721,0.0005243500927463174
5722,0.000523724767845124
5723,0.0005232970579527318
5724,0.000523465103469789
5725,0.0005230065435171127
5726,0.0005227411747910082
5727,0.0005224351189099252
5728,0.000522083428222686
5729,0.0005215203273110092
5730,0.0005239616730250418
5731,0.0005212827818468213
5732,0.000521235866472125
5733,0.0005210194503888488
5734,0.0005205865600146353
5735,0.000520006287842989
5736,0.0005194982513785362
5737,0.0005190132069401443
5738,0.0005184406763873994
5739,0.000517488457262516
5740,0.0005170393851585686
5741,0.000516763364430517
5742,0.0005164629546925426
5743,0.0005162988090887666
5744,0.000516063068062067
5745,0.0005159732536412776
5746,0.0005158294225111604
5747,0.0005157033447176218
5748,0.0005156203405931592
5749,0.0005157496780157089
5750,0.0005155467079021037
5751,0.0005154236569069326
5752,0.0005152990925125778
5753,0.0005151386139914393
5754,0.0005148978671059012
5755,0.0005146038602106273
5756,0.0005170775693841279
5757,0.0005144303431734443
5758,0.0005142281879670918
5759,0.000513964390847832
5760,0.000513753853738308
5761,0.000513449078425765
5762,0.0005132844671607018
5763,0.0005131139769218862
5764,0.0005128668854013085
5765,0.0005126062897033989
5766,0.0005122976144775748
5767,0.0005120855057612062
5768,0.0005128395860083401
5769,0.0005119640845805407
5770,0.0005117453983984888
5771,0.0005114794475957751
5772,0.0005112828221172094
5773,0.0005110072088427842
5774,0.0005107805482111871
5775,0.0005105703021399677
5776,0.0005103686125949025
5777,0.000510023208335042
5778,0.0005096024251542985
5779,0.0005092232022434473
5780,0.0005092915380373597
5781,0.0005091183702461421
5782,0.0005089465412311256
5783,0.000508839963003993
5784,0.0005084595177322626
5785,0.0005082436837255955
5786,0.0005079971742816269
5787,0.0005078234826214612
5788,0.00050766282947734
5789,0.0005075501394458115
5790,0.0005074574728496373
5791,0.0005073494976386428
5792,0.0005071702762506902
5793,0.0005070475745014846
5794,0.0005069056642241776
5795,0.000506988144479692
5796,0.0005068137543275952
5797,0.0005066761514171958
5798,0.0005064908764325082
5799,0.0005063047865405679
5800,0.0005061593255959451
5801,0.0005058765527792275
5802,0.0005055678193457425
5803,0.0005053075146861374
5804,0.000505053554661572
5805,0.0005047025042586029
5806,0.0005045577418059111
5807,0.000504395691677928
5808,0.0005039255484007299
5809,0.0005033183842897415
5810,0.0005030962056480348
5811,0.0005028172163292766
5812,0.000502504117321223
5813,0.0005022253608331084
5814,0.0005019912496209145
5815,0.0005017723306082189
5816,0.0005016077193431556
5817,0.0005013884510844946
5818,0.0005011205794289708
5819,0.0005006344872526824
5820,0.0005003135302104056
5821,0.0004999731900170445
5822,0.0005008995649404824
5823,0.0004996495554223657
5824,0.0004992916365154088
5825,0.0004987956490367651
5826,0.0004985352861694992
5827,0.0004982307436875999
5828,0.000497737608384341
5829,0.0004973110626451671
5830,0.0004965802072547376
5831,0.0004961163504049182
5832,0.0004957430646754801
5833,0.0004954892210662365
5834,0.0004951750743202865
5835,0.0004949333379045129
5836,0.000494645326398313
5837,0.0004943114472553134
5838,0.000493870466016233
5839,0.0004938373458571732
5840,0.0004934882163070142
5841,0.0004927627742290497
5842,0.0004918599734082818
5843,0.000491165672428906
5844,0.0004912288277409971
5845,0.0004908352857455611
5846,0.0004902465734630823
5847,0.0004897614126093686
5848,0.0004891184507869184
5849,0.0004889399860985577
5850,0.000488386838696897
5851,0.0004881240311078727
5852,0.0004878345353063196
5853,0.0004876040620729327
5854,0.0004874216392636299
5855,0.0004871523124165833
5856,0.00048684241482988
5857,0.0004864271904807538
5858,0.00048599400906823575
5859,0.0004854834405705333
5860,0.00048528192564845085
5861,0.0004848076787311584
5862,0.0004844671057071537
5863,0.000483997690025717
5864,0.00048343813978135586
5865,0.0004830500402022153
5866,0.0004827814700547606
5867,0.00048256796435453
5868,0.0004822297196369618
5869,0.0004817517474293709
5870,0.0004814463609363884
5871,0.0004816422879230231
5872,0.00048120340215973556
5873,0.0004806793003808707
5874,0.000480402639368549
5875,0.0004802790062967688
5876,0.0004801381437573582
5877,0.0004800460010301322
5878,0.0004799276066478342
5879,0.0004796029534190893
5880,0.00047933764290064573
5881,0.0004789581580553204
5882,0.00047861484927125275
5883,0.000478285423014313
5884,0.00047797331353649497
5885,0.00047757753054611385
5886,0.00047714769607409835
5887,0.00047670520143583417
5888,0.000476321205496788
5889,0.0004759936418849975
5890,0.00047581869876012206
5891,0.0004756371781695634
5892,0.0004754106339532882
5893,0.0004752263193950057
5894,0.00047503242967650294
5895,0.0004748702922370285
5896,0.00047468661796301603
5897,0.00047730354708619416
5898,0.0004746022168546915
5899,0.00047432410065084696
5900,0.00047398378956131637
5901,0.00047538074431940913
5902,0.00047382753109559417
5903,0.00047359263407997787
5904,0.0004733616951853037
5905,0.0004731352673843503
5906,0.00047294257092289627
5907,0.000472738582175225
5908,0.0004726113984361291
5909,0.0004725102917291224
5910,0.00047242274740710855
5911,0.0004723424499388784
5912,0.0004722668381873518
5913,0.00047216471284627914
5914,0.0004720353754237294
5915,0.00047215420636348426
5916,0.00047195295337587595
5917,0.00047186491428874433
5918,0.0004717489064205438
5919,0.00047160490066744387
5920,0.00047142262337729335
5921,0.00047124046250246465
5922,0.0004711044311989099
5923,0.00047099642688408494
5924,0.0004708856577053666
5925,0.00047070084838196635
5926,0.0004705020983237773
5927,0.0004921516519971192
5928,0.000470449827844277
5929,0.00047032380825839937
5930,0.000470163970021531
5931,0.00047000587801449
5932,0.0004697690310422331
5933,0.0004694803792517632
5934,0.0004692450456786901
5935,0.0004690983041655272
5936,0.0004688743210863322
5937,0.00046860112342983484
5938,0.00046825874596834183
5939,0.00046795507660135627
5940,0.00046767888125032187
5941,0.00046749546891078353
5942,0.0004672958457376808
5943,0.00046700151870027184
5944,0.00046680768718943
5945,0.0004665662709157914
5946,0.0004665637679863721
5947,0.0004663693835027516
5948,0.0004660923150368035
5949,0.00046575540909543633
5950,0.0004655335214920342
5951,0.0004652101779356599
5952,0.0004649450711440295
5953,0.0004647085443139076
5954,0.0004645224253181368
5955,0.0004643260035663843
5956,0.0004641612758859992
5957,0.000464058481156826
5958,0.00046388746704906225
5959,0.00046378574916161597
5960,0.00046367256436496973
5961,0.00046356068924069405
5962,0.0004635322839021683
5963,0.0004633986682165414
5964,0.00046332419151440263
5965,0.0004632471245713532
5966,0.00046316656516864896
5967,0.0004631000920198858
5968,0.0004630448529496789
5969,0.00046299200039356947
5970,0.0004629242466762662
5971,0.0004633134522009641
5972,0.0004628880706150085
5973,0.0004627914750017226
5974,0.00046265075798146427
5975,0.0004624862631317228
5976,0.0004623557033482939
5977,0.0004622073902282864
5978,0.0004619254032149911
5979,0.00046164722880348563
5980,0.0004612991469912231
5981,0.00046094480785541236
5982,0.00046052559628151357
5983,0.0004600343818310648
5984,0.00045964724267832935
5985,0.0004593784105964005
5986,0.0004592131299432367
5987,0.0004590423486661166
5988,0.00045884179417043924
5989,0.00045853006304241717
5990,0.0004583671397995204
5991,0.0004581229295581579
5992,0.0004579754895530641
5993,0.0004578548250719905
5994,0.00045776768820360303
5995,0.000457667832961306
5996,0.00045750182471238077
5997,0.00045738823246210814
5998,0.0004572613397613168
5999,0.00045716765453107655
6000,0.00045707335812039673
6001,0.00045696162851527333
6002,0.00045682312338612974
6003,0.00045664174831472337
6004,0.0004564760020002723
6005,0.00045688371756114066
6006,0.00045638682786375284
6007,0.0004561911628115922
6008,0.0004560431989375502
6009,0.0004559476801659912
6010,0.0004558779764920473
6011,0.00045580751611851156
6012,0.0004556806816253811
6013,0.0004555350751616061
6014,0.00045542139559984207
6015,0.00045558036072179675
6016,0.0004553006147034466
6017,0.00045515838428400457
6018,0.0004549794248305261
6019,0.0004547621065285057
6020,0.00045453771599568427
6021,0.00045433605555444956
6022,0.0004541455127764493
6023,0.00045389318256638944
6024,0.0004537117783911526
6025,0.00045343939564190805
6026,0.0004531249578576535
6027,0.0004530065052676946
6028,0.0004527702694758773
6029,0.0004526094126049429
6030,0.000452394102467224
6031,0.00045208088704384863
6032,0.0004521583905443549
6033,0.00045189159573055804
6034,0.000451765488833189
6035,0.00045166403288021684
6036,0.0004515444743447006
6037,0.0004514074244070798
6038,0.00045129770296625793
6039,0.0004511127481237054
6040,0.0004507447883952409
6041,0.0004506085242610425
6042,0.00045012490591034293
6043,0.000449835933977738
6044,0.0004493483866099268
6045,0.0004489166021812707
6046,0.00044857701868750155
6047,0.00044818094465881586
6048,0.00044775818241760135
6049,0.000447522645117715
6050,0.00044728818465955555
6051,0.00044698812416754663
6052,0.0004465993552003056
6053,0.00044678038102574646
6054,0.00044628159957937896
6055,0.00044585991417989135
6056,0.0004453625879250467
6057,0.0004450347332749516
6058,0.00044463612721301615
6059,0.0004439408367034048
6060,0.000443680357420817
6061,0.000443511176854372
6062,0.00044343501213006675
6063,0.00044321821769699454
6064,0.0004431447305250913
6065,0.0004430320404935628
6066,0.00044293227256275713
6067,0.00044272775994613767
6068,0.0004458755429368466
6069,0.0004426098021212965
6070,0.00044227729085832834
6071,0.0004418539465405047
6072,0.0004415363073348999
6073,0.0004411037953104824
6074,0.0004407076339703053
6075,0.00044072719174437225
6076,0.00044045146205462515
6077,0.00044008780969306827
6078,0.0004396476433612406
6079,0.00043886725325137377
6080,0.00043823960004374385
6081,0.00043727323645725846
6082,0.000436980277299881
6083,0.00043650477891787887
6084,0.0004359587619546801
6085,0.0004356678400654346
6086,0.000435351743362844
6087,0.00043509493116289377
6088,0.000434772577136755
6089,0.00043463383917696774
6090,0.00043439146247692406
6091,0.0004341455060057342
6092,0.0004339433216955513
6093,0.00043374139931984246
6094,0.00043360242852941155
6095,0.0004333738179411739
6096,0.0004333215765655041
6097,0.00043560320045799017
6098,0.0004330939264036715
6099,0.000432943255873397
6100,0.00043230000301264226
6101,0.00043191283475607634
6102,0.00043173550511710346
6103,0.0004330530355218798
6104,0.0004310946096666157
6105,0.00043065790669061244
6106,0.0004302076995372772
6107,0.00042983272578567266
6108,0.00042954206583090127
6109,0.0004293419769965112
6110,0.0004292088851798326
6111,0.00042903414578177035
6112,0.0004288918571546674
6113,0.00042860922985710204
6114,0.0004282807349227369
6115,0.000428129656938836
6116,0.0004279499116819352
6117,0.00042779548675753176
6118,0.0004275851242709905
6119,0.00042741262586787343
6120,0.0004272492660675198
6121,0.0004270375648047775
6122,0.00042682542698457837
6123,0.00042658770689740777
6124,0.00042639343882910907
6125,0.0004261613357812166
6126,0.00042593717807903886
6127,0.00042565070907585323
6128,0.0004253822553437203
6129,0.00042511962237767875
6130,0.00042493053479120135
6131,0.0004247491015121341
6132,0.00042458318057470024
6133,0.0004243947332724929
6134,0.00042404531268402934
6135,0.0004236506938468665
6136,0.0004234397492837161
6137,0.00042456082883290946
6138,0.0004230607592035085
6139,0.0004227175086271018
6140,0.0004225399752613157
6141,0.0004224139847792685
6142,0.0004223173891659826
6143,0.00042221343028359115
6144,0.0004221236740704626
6145,0.000422037293901667
6146,0.0004219676775392145
6147,0.00042186235077679157
6148,0.0004217400273773819
6149,0.000421521021053195
6150,0.0004213239881210029
6151,0.00042340229265391827
6152,0.00042125096661038697
6153,0.0004210805054754019
6154,0.0004208404861856252
6155,0.0004206975281704217
6156,0.00042054825462400913
6157,0.00042044001747854054
6158,0.000420323689468205
6159,0.0004201991541776806
6160,0.00042019732063636184
6161,0.0004201118426863104
6162,0.0004199389077257365
6163,0.0004197214439045638
6164,0.00041961041279137135
6165,0.0004194893117528409
6166,0.00041935290209949017
6167,0.0004192235937807709
6168,0.00041897117625921965
6169,0.0004188113671261817
6170,0.00041858822805806994
6171,0.0004183952696621418
6172,0.0004182193079032004
6173,0.00041811467963270843
6174,0.00041796956793405116
6175,0.0004178480012342334
6176,0.00041768234223127365
6177,0.00041746438364498317
6178,0.0004172917688265443
6179,0.0004170978209003806
6180,0.0004168911254964769
6181,0.0004166413564234972
6182,0.0004163942066952586
6183,0.00041612578206695616
6184,0.000415852788137272
6185,0.0004156352370046079
6186,0.0004153944319114089
6187,0.0004152044130023569
6188,0.0004150900640524924
6189,0.00041500863153487444
6190,0.00041486043483018875
6191,0.000414728419855237
6192,0.00041447000694461167
6193,0.0004141425888519734
6194,0.00041366450022906065
6195,0.000413668982218951
6196,0.0004134360351599753
6197,0.0004131054738536477
6198,0.00041287450585514307
6199,0.0004126608546357602
6200,0.00041245220927521586
6201,0.0004122396348975599
6202,0.00041203125147148967
6203,0.0004118536307942122
6204,0.00041166742448695004
6205,0.0004115375631954521
6206,0.0004114662006031722
6207,0.00041142405825667083
6208,0.0004113609029445797
6209,0.0004112690803594887
6210,0.0004111665184609592
6211,0.00041101465467363596
6212,0.00041087486897595227
6213,0.00041070091538131237
6214,0.00041048176353797317
6215,0.0004101642407476902
6216,0.0004098121135029942
6217,0.00040951831033453345
6218,0.0004092398448847234
6219,0.0004089350113645196
6220,0.0004088465357199311
6221,0.0004086500848643482
6222,0.00040851757512427866
6223,0.0004083530802745372
6224,0.0004082357045263052
6225,0.00040808363701216877
6226,0.0004079443751834333
6227,0.00040781262214295566
6228,0.0004076959448866546
6229,0.0004075928882230073
6230,0.000407465297030285
6231,0.0004072515293955803
6232,0.0004075834003742784
6233,0.00040713552152737975
6234,0.000406777166062966
6235,0.0004064832755830139
6236,0.0004063062078785151
6237,0.0004062274529132992
6238,0.00040611744043417275
6239,0.00040600216016173363
6240,0.00040589747368358076
6241,0.0004057744226884097
6242,0.0004055769240949303
6243,0.00040539243491366506
6244,0.000405333936214447
6245,0.0004052208096254617
6246,0.00040515384171158075
6247,0.0004051153373438865
6248,0.00040503006312064826
6249,0.00040488457307219505
6250,0.0004047633847221732
6251,0.00040467290091328323
6252,0.0004046206595376134
6253,0.000404383143177256
6254,0.00040425831684842706
6255,0.0004041411739308387
6256,0.00040405933395959437
6257,0.00040396820986643434
6258,0.0004038369806949049
6259,0.00040364646702073514
6260,0.000403358309995383
6261,0.0004030752752441913
6262,0.00040289113530889153
6263,0.0004024876980111003
6264,0.0004022050998173654
6265,0.0004018576582893729
6266,0.0004016486927866936
6267,0.0004013619327452034
6268,0.0004010799457319081
6269,0.0004008396062999964
6270,0.0004003679205197841
6271,0.00040005112532526255
6272,0.0003997340681962669
6273,0.000399516400648281
6274,0.00039930117782205343
6275,0.00039916468085721135
6276,0.00039900466799736023
6277,0.00039890737389214337
6278,0.00039882943383418024
6279,0.0003987602540291846
6280,0.00039868929889053106
6281,0.0003985848743468523
6282,0.00039846665458753705
6283,0.0003986229421570897
6284,0.00039834922063164413
6285,0.0003981758782174438
6286,0.00039793094038031995
6287,0.00039773789467290044
6288,0.0003976580628659576
6289,0.0003975530562456697
6290,0.0003974909195676446
6291,0.00039737994666211307
6292,0.00039726568502373993
6293,0.0003971399855799973
6294,0.00039702482172288
6295,0.00039696236490271986
6296,0.0003968951932620257
6297,0.0003968657983932644
6298,0.00039733797893859446
6299,0.00039680441841483116
6300,0.00039675814332440495
6301,0.00039669600664637983
6302,0.0003966155927628279
6303,0.00039654524880461395
6304,0.0003964893112424761
6305,0.00039642685442231596
6306,0.0003963691706303507
6307,0.00039630994433537126
6308,0.000396363582694903
6309,0.0003962396876886487
6310,0.0003961863403674215
6311,0.00039612065302208066
6312,0.0003960550238844007
6313,0.0003959707682952285
6314,0.0003959095338359475
6315,0.0003958526358474046
6316,0.00039579145959578454
6317,0.000395728915464133
6318,0.00039569049840793014
6319,0.00039561919402331114
6320,0.00039552157977595925
6321,0.00039576098788529634
6322,0.00039549413486383855
6323,0.00039546791231259704
6324,0.0003954147978220135
6325,0.00039532413939014077
6326,0.00039526395266875625
6327,0.00039514736272394657
6328,0.00039504896267317235
6329,0.00039497201214544475
6330,0.00039489794289693236
6331,0.00039485300658270717
6332,0.000394786853576079
6333,0.00039472157368436456
6334,0.00039468726026825607
6335,0.00039456860395148396
6336,0.0003944901400245726
6337,0.00039436956285499036
6338,0.00039410090539604425
6339,0.00039396079955622554
6340,0.00039397337241098285
6341,0.0003938447334803641
6342,0.0003937342844437808
6343,0.0003936185094062239
6344,0.0003935120766982436
6345,0.0003933795087505132
6346,0.0003932438849005848
6347,0.0003931307001039386
6348,0.0003930645470973104
6349,0.00039297807961702347
6350,0.0003928392252419144
6351,0.00039270598790608346
6352,0.00039260651101358235
6353,0.00039243680657818913
6354,0.0003922232426702976
6355,0.00039206305518746376
6356,0.00039192731492221355
6357,0.00039176663267426193
6358,0.00039178880979306996
6359,0.0003916943969670683
6360,0.00039158258005045354
6361,0.00039149128133431077
6362,0.00039137506973929703
6363,0.00039133414975367486
6364,0.0003911763778887689
6365,0.0003910931118298322
6366,0.00039103024755604565
6367,0.00039096164982765913
6368,0.0003908962826244533
6369,0.0003907851641997695
6370,0.00039069290505722165
6371,0.0003907070495188236
6372,0.00039062713040038943
6373,0.0003904743934981525
6374,0.0003903533215634525
6375,0.0003902041062247008
6376,0.0003901046875398606
6377,0.0003899968578480184
6378,0.0003898924624081701
6379,0.0003897894057445228
6380,0.00038956289063207805
6381,0.0003894053807016462
6382,0.00038930316804908216
6383,0.00038919111830182374
6384,0.00038912813761271536
6385,0.0003892675449606031
6386,0.0003890542429871857
6387,0.00038974042399786413
6388,0.0003889584622811526
6389,0.0003888544160872698
6390,0.00038875616155564785
6391,0.00038867504918016493
6392,0.0003885921323671937
6393,0.0003884950128849596
6394,0.0003883449826389551
6395,0.00038817734457552433
6396,0.00038800309994257987
6397,0.00038781130569987
6398,0.00038765810313634574
6399,0.000387533160392195
6400,0.00038742940523661673
6401,0.0003873071982525289
6402,0.0003871929948218167
6403,0.00038706467603333294
6404,0.00038694709655828774
6405,0.00038687378400936723
6406,0.0003867940977215767
6407,0.0003871442168019712
6408,0.0003867661580443382
6409,0.0003866784682031721
6410,0.0003866127517540008
6411,0.0003864846075884998
6412,0.00038639409467577934
6413,0.0003862691519316286
6414,0.0003862048906739801
6415,0.00038614284130744636
6416,0.0003860745928250253
6417,0.0003860004071611911
6418,0.0003858484560623765
6419,0.00038573003257624805
6420,0.00038554027560167015
6421,0.00038534533814527094
6422,0.0003850755747407675
6423,0.0003849264467135072
6424,0.00038478858186863363
6425,0.00038467274862341583
6426,0.00038457827758975327
6427,0.0003844451857730746
6428,0.00038426945684477687
6429,0.00038414253504015505
6430,0.000383998965844512
6431,0.0003838839184027165
6432,0.00038376168231479824
6433,0.0003836049872916192
6434,0.00038330681854858994
