epoch,total,physics,heat,visc,ic,bc,bc_disp,bc_flux,data,data_temp,data_disp
0,334.4289855957031,0.7372013330459595,0.6873804330825806,0.049820899963378906,291461.0,3.8453731431116964e+18,3.8453731431116964e+18,0.002100969897583127,226251.671875,0.7689698934555054,226250.90625
1,450.6358337402344,0.3916967511177063,0.36522582173347473,0.026470951735973358,291345.8125,7.961111797447e+18,7.961111797447e+18,0.001987205818295479,13174406.0,0.7620554566383362,13174405.0
2,383.4309997558594,0.20152798295021057,0.1879083663225174,0.013619618490338326,291182.65625,2.0606075234376745e+18,2.0606075234376745e+18,0.0019011790864169598,8011132.5,0.7622482180595398,8011131.5
3,310.6402587890625,0.09431523829698563,0.08794136345386505,0.0063738711178302765,291009.03125,1.0515541603878175e+18,1.0515541603878175e+18,0.001878315582871437,1386393.125,0.761427104473114,1386392.375
4,304.9328918457031,0.07825657725334167,0.07296786457300186,0.005288714077323675,290816.625,1.1428492221821747e+18,1.1428492221821747e+18,0.0018378653330728412,906054.375,0.7611144781112671,906053.625
5,295.0982971191406,0.06391790509223938,0.059598084539175034,0.004319812636822462,290610.5,1.1457320042312499e+18,1.1457320042312499e+18,0.0017919957172125578,14616.85546875,0.7618348598480225,14616.09375
6,296.0899658203125,0.08634055405855179,0.08050537109375,0.005835170391947031,290403.21875,1.0600269282719826e+18,1.0600269282719826e+18,0.0017424930119886994,30970.693359375,0.7619799375534058,30969.931640625
7,296.8167419433594,0.07181420922279358,0.06696079671382904,0.004853406455367804,290207.0625,1.0642325602482258e+18,1.0642325602482258e+18,0.0017036334611475468,195473.6875,0.759914219379425,195472.921875
8,293.75030517578125,0.047445252537727356,0.04423880949616432,0.003206450492143631,290020.75,8.721687008772096e+17,8.721687008772096e+17,0.0016556688351556659,48513.24609375,0.7565205693244934,48512.48828125
9,298.1184387207031,0.03723428025841713,0.03471796214580536,0.0025163220707327127,289840.78125,1.1292784311968727e+18,1.1292784311968727e+18,0.0016139394138008356,528665.4375,0.753381609916687,528664.6875
10,292.4229431152344,0.03634640574455261,0.03389007970690727,0.00245632859878242,289667.1875,7.833077516683182e+17,7.833077516683182e+17,0.0015665909741073847,15512.7119140625,0.7491395473480225,15511.962890625
11,291.8795471191406,0.03717222437262535,0.034660033881664276,0.0025121886283159256,289497.3125,5.226625417095414e+17,5.226625417095414e+17,0.0015290632145479321,93.64933776855469,0.7445886135101318,92.90474700927734
12,292.37255859375,0.034021489322185516,0.03172214701771736,0.0022993406746536493,289331.34375,3.9454497293991936e+17,3.9454497293991936e+17,0.0015002297004684806,94558.296875,0.7398437857627869,94557.5546875
13,291.1202392578125,0.029164161533117294,0.027193013578653336,0.0019711486529558897,289169.8125,4.509142540364022e+17,4.509142540364022e+17,0.001473890501074493,4125.62109375,0.7349748015403748,4124.88623046875
14,291.1887512207031,0.030099716037511826,0.028065335005521774,0.002034379169344902,289012.21875,5.4090921205039104e+17,5.4090921205039104e+17,0.0014489259338006377,13061.5068359375,0.7307125926017761,13060.7763671875
15,290.7453308105469,0.027981430292129517,0.026090241968631744,0.0018911848310381174,288858.78125,4.7807091993214976e+17,4.7807091993214976e+17,0.0014272015541791916,940.9605712890625,0.7278206944465637,940.2327270507812
16,290.4855041503906,0.023714182898402214,0.022111430764198303,0.0016027499223127961,288708.84375,3.904925166773207e+17,3.904925166773207e+17,0.001406166353262961,20045.107421875,0.7257846593856812,20044.380859375
17,290.07904052734375,0.022861799225211143,0.021316684782505035,0.001545114442706108,288561.8125,3.60910396850176e+17,3.60910396850176e+17,0.001385563868097961,1320.7344970703125,0.7239366173744202,1320.0106201171875
18,289.95831298828125,0.020576773211359978,0.019186073914170265,0.0013906977837905288,288417.125,3.4616141043623526e+17,3.4616141043623526e+17,0.0013647368177771568,16616.732421875,0.721552312374115,16616.01171875
19,289.5018615722656,0.01817498728632927,0.016946572810411453,0.0012284149415791035,288273.8125,2.917721436229468e+17,2.917721436229468e+17,0.0013417172012850642,2750.38623046875,0.7181575894355774,2749.66796875
20,289.4681396484375,0.01938726380467415,0.018076887354254723,0.0013103776145726442,288128.625,2.898016469872804e+17,2.898016469872804e+17,0.0013199105160310864,8035.54931640625,0.7148312926292419,8034.83447265625
21,289.3543701171875,0.01842987909913063,0.01718420535326004,0.0012456742115318775,287979.71875,3.151550450939986e+17,3.151550450939986e+17,0.0012993208365514874,13796.0869140625,0.7119224071502686,13795.375
22,289.0060119628906,0.016667231917381287,0.015540717169642448,0.0011265154462307692,287824.4375,3.3924781875973325e+17,3.3924781875973325e+17,0.0012799372198060155,893.0760498046875,0.7093569040298462,892.36669921875
23,288.9054260253906,0.016135767102241516,0.015045219101011753,0.0010905492817983031,287660.6875,3.499043198158766e+17,3.499043198158766e+17,0.0012606927193701267,8802.30859375,0.7068844437599182,8801.6015625
24,288.69085693359375,0.01580837555229664,0.014739984646439552,0.001068391022272408,287487.5,3.434001244220293e+17,3.434001244220293e+17,0.00124020513612777,6953.01806640625,0.7041809558868408,6952.31396484375
25,288.3644714355469,0.014796248637139797,0.013796246610581875,0.0010000016773119569,287303.71875,3.053069943219159e+17,3.053069943219159e+17,0.0012209194246679544,1562.67138671875,0.7012483477592468,1561.9700927734375
26,288.0854187011719,0.01425923965871334,0.013295498676598072,0.0009637420880608261,287110.21875,2.4082359229035315e+17,2.4082359229035315e+17,0.0012023148592561483,2143.322021484375,0.6981590390205383,2142.623779296875
27,287.9131164550781,0.014835274778306484,0.01383256632834673,0.001002709032036364,286908.8125,1.810738798741422e+17,1.810738798741422e+17,0.0011845002882182598,8148.30712890625,0.695299506187439,8147.61181640625
28,287.7962951660156,0.015730183571577072,0.014666959643363953,0.0010632239282131195,286702.71875,1.3974797942993715e+17,1.3974797942993715e+17,0.001171736977994442,16733.98828125,0.6929194927215576,16733.294921875
29,287.55230712890625,0.015390457585453987,0.014350184239447117,0.0010402739280834794,286495.1875,1.2821639596710298e+17,1.2821639596710298e+17,0.0011564906453713775,15935.421875,0.6906635165214539,15934.7314453125
30,287.2617492675781,0.014552542939782143,0.013568914495408535,0.0009836280951276422,286288.21875,1.210027578753024e+17,1.210027578753024e+17,0.0011443826369941235,12487.77734375,0.6884386539459229,12487.0888671875
31,286.915283203125,0.013798320665955544,0.01286569144576788,0.0009326283470727503,286080.0625,1.2222935758536704e+17,1.2222935758536704e+17,0.001127893920056522,2308.314453125,0.6858775615692139,2307.628662109375
32,286.7056884765625,0.013689305633306503,0.012764060869812965,0.0009252461022697389,285869.09375,1.220154080844841e+17,1.220154080844841e+17,0.001110956771299243,3009.944091796875,0.6831862926483154,3009.260986328125
33,286.7223205566406,0.013970306143164635,0.013026057742536068,0.0009442511363886297,285654.84375,1.2201000501562573e+17,1.2201000501562573e+17,0.0010952790034934878,24695.14453125,0.680648684501648,24694.46484375
34,286.6136474609375,0.013771808706223965,0.012840934097766876,0.0009308743174187839,285438.71875,1.2380879744873267e+17,1.2380879744873267e+17,0.0010775699047371745,36253.22265625,0.6781714558601379,36252.54296875
35,286.2789611816406,0.014811132103204727,0.013809979893267155,0.0010011515114456415,285223.625,1.1783076990838374e+17,1.1783076990838374e+17,0.0010627728188410401,19694.484375,0.6758688688278198,19693.80859375
36,285.9115905761719,0.015048863366246223,0.014031634666025639,0.0010172304464504123,285011.15625,1.173552483092398e+17,1.173552483092398e+17,0.0010467192623764277,3063.68359375,0.6734015941619873,3063.01025390625
37,285.85333251953125,0.014639470726251602,0.013649926520884037,0.000989542342722416,284801.6875,1.2003995505655808e+17,1.2003995505655808e+17,0.001030480838380754,19964.3359375,0.6707926988601685,19963.666015625
38,285.4659423828125,0.014953608624637127,0.013942871242761612,0.0010107379639521241,284593.875,1.1898338451180749e+17,1.1898338451180749e+17,0.0010148575529456139,537.1721801757812,0.6681751012802124,536.5040283203125
39,285.3791809082031,0.015255221165716648,0.014224112965166569,0.0010311082005500793,284386.0625,1.2110183418088653e+17,1.2110183418088653e+17,0.0009996747830882668,10925.048828125,0.6655528545379639,10924.3828125
40,285.0771789550781,0.015181135386228561,0.014155013486742973,0.001026122597977519,284178.625,1.3475238270887526e+17,1.3475238270887526e+17,0.0009836176177486777,468.78790283203125,0.6628093719482422,468.1250915527344
41,285.0057373046875,0.015568070113658905,0.014515760354697704,0.0010523106902837753,283972.4375,1.471620035158999e+17,1.471620035158999e+17,0.0009674208122305572,10772.630859375,0.6601324081420898,10771.970703125
42,284.6927185058594,0.015871725976467133,0.014798875898122787,0.0010728518245741725,283768.84375,1.2194842377453568e+17,1.2194842377453568e+17,0.0009544297936372459,832.3621215820312,0.658052384853363,831.7040405273438
43,284.57763671875,0.016364241018891335,0.015258124098181725,0.0011061191326007247,283567.625,1.0621911107528294e+17,1.0621911107528294e+17,0.0009399618720635772,8557.544921875,0.6558929681777954,8556.888671875
44,284.33441162109375,0.016650179401040077,0.01552476454526186,0.001125418464653194,283367.5625,1.0704994672889037e+17,1.0704994672889037e+17,0.0009263690444640815,2726.192626953125,0.6535395383834839,2725.5390625
45,284.1584167480469,0.016728535294532776,0.015597816556692123,0.001130715012550354,283167.5625,1.0159688445119693e+17,1.0159688445119693e+17,0.0009129139361903071,5282.7568359375,0.6512169241905212,5282.10546875
46,283.94622802734375,0.016852468252182007,0.015713350847363472,0.0011391189182177186,282967.90625,8.93542090229678e+16,8.93542090229678e+16,0.0008988931658677757,4633.30126953125,0.6488918662071228,4632.65234375
47,283.727294921875,0.01702508144080639,0.01587427593767643,0.0011508058523759246,282769.34375,8.917773740670976e+16,8.917773740670976e+16,0.0008840276277624071,1751.4521484375,0.6462872624397278,1750.805908203125
48,283.56365966796875,0.016931969672441483,0.01578746736049652,0.0011445037089288235,282572.21875,9.481123126050816e+16,9.481123126050816e+16,0.0008682631305418909,5001.24853515625,0.6435146331787109,5000.60498046875
49,283.3095703125,0.01679098606109619,0.015656035393476486,0.0011349504347890615,282375.90625,9.16597474674606e+16,9.16597474674606e+16,0.0008523676078766584,244.0162353515625,0.6408252716064453,243.3754119873047
50,283.163818359375,0.016868438571691513,0.015728257596492767,0.001140181440860033,282179.65625,8.664263296024576e+16,8.664263296024576e+16,0.000836324819829315,5409.87744140625,0.638126015663147,5409.2392578125
51,282.9118347167969,0.016658097505569458,0.015532107092440128,0.0011259904131293297,281983.53125,8.596821142562406e+16,8.596821142562406e+16,0.0008196943672373891,940.278076171875,0.6352232694625854,939.6428833007812
52,282.7313232421875,0.016574785113334656,0.015454398468136787,0.0011203866451978683,281787.90625,8.369729041753702e+16,8.369729041753702e+16,0.0008026601281017065,3093.787353515625,0.6322454214096069,3093.155029296875
53,282.52996826171875,0.016488222405314445,0.015373685397207737,0.0011145337484776974,281593.28125,7.88748152382423e+16,7.88748152382423e+16,0.000785523559898138,3340.02294921875,0.6292492747306824,3339.393798828125
54,282.29962158203125,0.016308385878801346,0.015206036157906055,0.0011023500701412559,281399.625,8.100407963497267e+16,8.100407963497267e+16,0.0007664728909730911,356.3643493652344,0.6259911060333252,355.7383728027344
55,282.13238525390625,0.01615596003830433,0.0150639358907938,0.0010920268250629306,281205.59375,8.646265665067418e+16,8.646265665067418e+16,0.0007462273933924735,3252.87548828125,0.6226333379745483,3252.2529296875
56,281.9081115722656,0.01599057950079441,0.014909720048308372,0.0010808593360707164,281009.9375,8.544062623291802e+16,8.544062623291802e+16,0.0007273605442605913,1317.7008056640625,0.6193857192993164,1317.0814208984375
57,281.6954040527344,0.015782276168465614,0.014715475030243397,0.0010668012546375394,280812.84375,8.551770371601203e+16,8.551770371601203e+16,0.0007084597018547356,789.7130126953125,0.6158999800682068,789.0971069335938
58,281.51983642578125,0.015773765742778778,0.014707541093230247,0.0010662220884114504,280614.1875,8.677811340863078e+16,8.677811340863078e+16,0.0006891051889397204,3014.814208984375,0.6124188899993896,3014.201904296875
59,281.3000793457031,0.015853742137551308,0.014782124198973179,0.0010716186370700598,280414.21875,8.089298601089434e+16,8.089298601089434e+16,0.0006724190898239613,1224.6707763671875,0.6093673706054688,1224.0614013671875
60,281.0672912597656,0.015437892638146877,0.014394386671483517,0.001043505035340786,280213.09375,8.09172869358551e+16,8.09172869358551e+16,0.0006561937625519931,139.9127197265625,0.6063505411148071,139.30636596679688
61,280.8615417480469,0.015162370167672634,0.014137477613985538,0.0010248940670862794,280010.4375,8.24946222652457e+16,8.24946222652457e+16,0.0006399956764653325,1050.2584228515625,0.6032942533493042,1049.6551513671875
62,280.6471862792969,0.01505222637206316,0.014034757390618324,0.0010174722410738468,279805.59375,7.942695046401229e+16,7.942695046401229e+16,0.0006240303046070039,951.5166625976562,0.6002119779586792,950.9164428710938
63,280.4220886230469,0.014860616065561771,0.013856088742613792,0.001004526624456048,279598.03125,7.909196019479347e+16,7.909196019479347e+16,0.0006077977595850825,190.32284545898438,0.5969904661178589,189.72586059570312
64,280.2066955566406,0.014620157890021801,0.013631898909807205,0.0009882613085210323,279387.53125,8.003491167469568e+16,8.003491167469568e+16,0.0005911009502597153,807.5711669921875,0.5936554670333862,806.9775390625
65,279.979248046875,0.014334707520902157,0.01336574461311102,0.0009689637226983905,279174.28125,7.837147084095488e+16,7.837147084095488e+16,0.0005735793383792043,984.7175903320312,0.590222954750061,984.1273803710938
66,279.73883056640625,0.01395387016236782,0.01301063783466816,0.0009432328515686095,278958.15625,8.222616103944192e+16,8.222616103944192e+16,0.000556253595277667,75.5295181274414,0.58669513463974,74.94282531738281
67,279.51190185546875,0.013707698322832584,0.012781093828380108,0.0009266033885069191,278739.03125,8.611533982531584e+16,8.611533982531584e+16,0.0005392887396737933,133.3699951171875,0.5831050872802734,132.78689575195312
68,279.2834777832031,0.013496926054358482,0.012584580108523369,0.0009123474010266364,278516.25,8.826911130543718e+16,8.826911130543718e+16,0.0005237780278548598,410.9425048828125,0.579554557800293,410.3629455566406
69,279.05438232421875,0.013316045515239239,0.012415941804647446,0.0009001039434224367,278289.75,8.97940308539474e+16,8.97940308539474e+16,0.0005090247141197324,903.682861328125,0.5760176777839661,903.1068725585938
70,278.8306884765625,0.013271259143948555,0.012374172918498516,0.0008970844792202115,278060.21875,8.635727533309952e+16,8.635727533309952e+16,0.00049542635679245,2051.853271484375,0.5726311206817627,2051.28076171875
71,278.58154296875,0.0129943722859025,0.012115989811718464,0.0008783835801295936,277828.03125,8.429825942146253e+16,8.429825942146253e+16,0.00048030837206169963,1948.78125,0.5690662860870361,1948.212158203125
72,278.33807373046875,0.013120644725859165,0.012233732268214226,0.0008869125740602612,277592.96875,8.1467360577323e+16,8.1467360577323e+16,0.00046539306640625,755.7528686523438,0.5656582117080688,755.1871948242188
73,278.07330322265625,0.012767740525305271,0.01190469041466713,0.0008630484808236361,277354.21875,8.054253385940992e+16,8.054253385940992e+16,0.00044779220479540527,16.468700408935547,0.5619661808013916,15.906733512878418
74,277.8337097167969,0.012702733278274536,0.011844082735478878,0.000858650601003319,277111.3125,7.96262283566121e+16,7.96262283566121e+16,0.00043008927605114877,763.1234130859375,0.558266282081604,762.5651245117188
75,277.64044189453125,0.0124854426831007,0.011641478165984154,0.0008439645753242075,276864.1875,8.131580836131635e+16,8.131580836131635e+16,0.00041483662789687514,7065.27294921875,0.5548027753829956,7064.71826171875
76,277.63238525390625,0.01257504802197218,0.011725015006959438,0.0008500335388816893,276612.75,8.449861964582093e+16,8.449861964582093e+16,0.00040186833939515054,30636.11328125,0.551190972328186,30635.5625
77,277.3791809082031,0.012526385486125946,0.01167962048202753,0.0008467648876830935,276357.53125,8.292450554190234e+16,8.292450554190234e+16,0.00038929402944631875,31240.9921875,0.5481499433517456,31240.443359375
78,276.8304138183594,0.012491030618548393,0.01164663303643465,0.0008444006089121103,276099.90625,8.384981329615258e+16,8.384981329615258e+16,0.0003761633124668151,2209.621337890625,0.5445220470428467,2209.076904296875
79,276.67138671875,0.012325305491685867,0.011492108926177025,0.0008331967983394861,275838.875,8.4211002865877e+16,8.4211002865877e+16,0.00036153983091935515,13202.2626953125,0.5407270789146423,13201.7216796875
80,276.3740234375,0.012079617939889431,0.011263051070272923,0.0008165669860318303,275573.71875,8.127486873305088e+16,8.127486873305088e+16,0.00034610938746482134,11503.6220703125,0.5368938446044922,11503.0849609375
81,275.99468994140625,0.011732742190361023,0.010939637199044228,0.0007931057480163872,275304.75,8.068563357977805e+16,8.068563357977805e+16,0.000329739588778466,2261.295166015625,0.5326693654060364,2260.762451171875
82,275.8481140136719,0.011648617684841156,0.010861210525035858,0.000787408382166177,275031.625,8.519007502073856e+16,8.519007502073856e+16,0.00031362505978904665,14884.6875,0.5282714366912842,14884.1591796875
83,275.43316650390625,0.011528605595231056,0.010749297216534615,0.0007793089025653899,274753.96875,8.132740477301555e+16,8.132740477301555e+16,0.0002995943941641599,2146.31884765625,0.5241172909736633,2145.794677734375
84,275.1662902832031,0.011067016050219536,0.010318887419998646,0.0007481310167349875,274472.59375,8.277629481045197e+16,8.277629481045197e+16,0.00028619953081943095,5759.4150390625,0.5200115442276001,5758.89501953125
85,274.89404296875,0.0109327407553792,0.010193655267357826,0.0007390863611362875,274188.4375,8.675344311648256e+16,8.675344311648256e+16,0.000272816774668172,7221.05810546875,0.5158441066741943,7220.54248046875
86,274.5247497558594,0.010740375146269798,0.010014279745519161,0.0007260950515046716,273900.71875,8.565676616712192e+16,8.565676616712192e+16,0.0002585679176263511,135.65052795410156,0.5114527940750122,135.13906860351562
87,274.28662109375,0.010341846384108067,0.009642715565860271,0.0006991304690018296,273608.5625,8.49715299048489e+16,8.49715299048489e+16,0.00024353562912438065,7598.06103515625,0.5068599581718445,7597.55419921875
88,273.94366455078125,0.010408105328679085,0.009704523719847202,0.0007035825401544571,273312.5625,8.679567982487142e+16,8.679567982487142e+16,0.00022920526680536568,2388.64892578125,0.5025283694267273,2388.146484375
89,273.63043212890625,0.010352146811783314,0.009652345441281796,0.0006997995660640299,273012.8125,8.417697813495808e+16,8.417697813495808e+16,0.00021564288181252778,1584.503662109375,0.4983728229999542,1584.0052490234375
90,273.35589599609375,0.010308164171874523,0.0096113421022892,0.0006968216621316969,272708.0625,8.256754221999718e+16,8.256754221999718e+16,0.00020160552230663598,4982.2490234375,0.4938200116157532,4981.75537109375
91,273.0046081542969,0.010393750853836536,0.009691135957837105,0.0007026140810921788,272397.8125,8.53322040784978e+16,8.53322040784978e+16,0.00018910753715317696,177.9302215576172,0.4896913766860962,177.44053649902344
92,272.70660400390625,0.010428385809063911,0.009723437018692493,0.0007049476844258606,272083.71875,8.259797635825664e+16,8.259797635825664e+16,0.0001778444420779124,1884.14501953125,0.48550763726234436,1883.6595458984375
93,272.385009765625,0.01052312646061182,0.009811779484152794,0.0007113487226888537,271765.0,8.160175010401485e+16,8.160175010401485e+16,0.00016547637642361224,1224.0604248046875,0.48074907064437866,1223.5797119140625
94,272.0308532714844,0.010137888602912426,0.009452507831156254,0.0006853819359093904,271440.96875,8.140802130916147e+16,8.140802130916147e+16,0.00015505877672694623,155.2602996826172,0.47718513011932373,154.78311157226562
95,271.7228088378906,0.01005371380597353,0.009374030865728855,0.0006796825327910483,271114.4375,8.310360567814554e+16,8.310360567814554e+16,0.00014370179269462824,2259.3388671875,0.47300103306770325,2258.865966796875
96,271.40252685546875,0.010117381811141968,0.009433437138795853,0.0006839440320618451,270784.9375,7.911237846931866e+16,7.911237846931866e+16,0.00013221004337538034,3261.146728515625,0.46834173798561096,3260.678466796875
97,271.0813293457031,0.010524305514991283,0.009812921285629272,0.0007113838219083846,270449.21875,8.246464339351962e+16,8.246464339351962e+16,0.00012078970758011565,2345.05126953125,0.46379411220550537,2344.58740234375
98,270.8445739746094,0.012553264386951923,0.011704668402671814,0.0008485971484333277,270108.875,7.538897683113574e+16,7.538897683113574e+16,0.0001123551483033225,3264.25537109375,0.46027129888534546,3263.795166015625
99,270.6322937011719,0.014657234773039818,0.013666510581970215,0.000990722794085741,269764.09375,8.314651240143258e+16,8.314651240143258e+16,0.00010157796350540593,5217.087890625,0.4557743966579437,5216.63232421875
100,270.3144226074219,0.01545922365039587,0.01441414374858141,0.0010450772242620587,269418.625,7.433676997315789e+16,7.433676997315789e+16,9.453886741539463e-05,4850.43212890625,0.4522794485092163,4849.97998046875
101,269.7552490234375,0.012198837473988533,0.011374221183359623,0.0008246147190220654,269067.96875,7.710220492577178e+16,7.710220492577178e+16,8.636528218630701e-05,21.113956451416016,0.4479789137840271,20.665977478027344
102,269.40350341796875,0.010914944112300873,0.010177097283303738,0.000737847643904388,268715.34375,7.901310459523891e+16,7.901310459523891e+16,7.761580491205677e-05,6338.92236328125,0.44365981221199036,6338.478515625
103,269.25030517578125,0.012865318916738033,0.011995603330433369,0.0008697148296050727,268359.34375,7.372380942054195e+16,7.372380942054195e+16,6.932226824574172e-05,17396.287109375,0.43959715962409973,17395.84765625
104,268.8126525878906,0.01187226828187704,0.011069742031395435,0.0008025244460441172,267998.25,8.062816691735757e+16,8.062816691735757e+16,6.109561218181625e-05,14014.39453125,0.43472135066986084,14013.9599609375
105,268.38006591796875,0.013060730881989002,0.012177830561995506,0.0008829008438624442,267632.59375,7.213755773904486e+16,7.213755773904486e+16,5.535503078135662e-05,2226.33984375,0.4312373101711273,2225.90869140625
106,268.1059875488281,0.01507928129285574,0.014059927314519882,0.001019356190226972,267266.6875,7.25471430002606e+16,7.25471430002606e+16,4.8615718696964905e-05,1279.72119140625,0.4263172745704651,1279.294921875
107,267.6319885253906,0.012650804594159126,0.01179554220288992,0.0008552611107006669,266895.5625,7.119278948797645e+16,7.119278948797645e+16,4.255024396115914e-05,3267.219482421875,0.42281466722488403,3266.796630859375
108,267.2857666015625,0.013745652511715889,0.012816544622182846,0.0009291065507568419,266522.6875,7.013568636728115e+16,7.013568636728115e+16,3.5673649108503014e-05,563.6792602539062,0.4173838794231415,563.2619018554688
109,266.92242431640625,0.014184215106070042,0.013225340284407139,0.0009588751127012074,266145.53125,6.6537633349632e+16,6.6537633349632e+16,3.0326922569656745e-05,116.74364471435547,0.41310399770736694,116.3305435180664
110,266.4815673828125,0.013081863522529602,0.012197526171803474,0.0008843363029882312,265763.71875,6.250428539653325e+16,6.250428539653325e+16,2.447884799039457e-05,123.8084487915039,0.40875008702278137,123.39969635009766
111,266.14056396484375,0.013930611312389374,0.012988937087357044,0.0009416730608791113,265379.625,5.614178956371558e+16,5.614178956371558e+16,1.9624112610472366e-05,824.5457153320312,0.4038184881210327,824.1419067382812
112,265.8313903808594,0.014067393727600574,0.013116395100951195,0.0009509980445727706,264991.03125,5.945475124219085e+16,5.945475124219085e+16,1.5092280591488816e-05,7751.4541015625,0.39933696389198303,7751.0546875
113,265.5531921386719,0.012956172227859497,0.012080314569175243,0.000875855446793139,264597.25,5.246161247639962e+16,5.246161247639962e+16,1.1421685485402122e-05,25568.634765625,0.39506688714027405,25568.240234375
114,265.05377197265625,0.011682935059070587,0.010893117636442184,0.0007898205076344311,264200.59375,5.20194627731456e+16,5.20194627731456e+16,8.107853318506386e-06,21700.83203125,0.3895491659641266,21700.443359375
115,264.4697570800781,0.012318359687924385,0.011485638096928596,0.0008327211253345013,263799.65625,4.622015311695053e+16,4.622015311695053e+16,5.558151769946562e-06,794.443603515625,0.38441163301467896,794.0592041015625
116,264.1169738769531,0.012178170494735241,0.011354880407452583,0.0008232903783209622,263393.40625,4.498728704960102e+16,4.498728704960102e+16,3.497621037240606e-06,6964.4609375,0.38022205233573914,6964.08056640625
117,263.73431396484375,0.011971266008913517,0.011161946691572666,0.0008093169890344143,262982.5625,4.713331899865498e+16,4.713331899865498e+16,2.014900701396982e-06,10605.8212890625,0.3754948377609253,10605.4453125
118,263.3037414550781,0.013625241816043854,0.012704231776297092,0.0009210105636157095,262566.125,4.385145288340275e+16,4.385145288340275e+16,1.242759367414692e-06,1249.3602294921875,0.37026652693748474,1248.989990234375
119,262.8273010253906,0.012323991395533085,0.01149081066250801,0.0008331809658557177,262144.1875,4.270815835901133e+16,4.270815835901133e+16,1.1176515499755624e-06,2421.287841796875,0.3654218912124634,2420.92236328125
120,262.4147644042969,0.012227759696543217,0.011401088908314705,0.000826669973321259,261716.8125,4.275856409519718e+16,4.275856409519718e+16,1.5619757505191956e-06,4380.18212890625,0.3609563410282135,4379.8212890625
121,262.0024719238281,0.013489125296473503,0.012577246874570847,0.0009118759771808982,261285.359375,4.135276975960883e+16,4.135276975960883e+16,2.6893521862803027e-06,129.33831787109375,0.3558942973613739,128.982421875
122,261.52325439453125,0.012154349125921726,0.011332625523209572,0.0008217215654440224,260848.625,4.138773079339827e+16,4.138773079339827e+16,4.641663053917e-06,2550.414794921875,0.3507348895072937,2550.06396484375
123,261.1981506347656,0.014228598214685917,0.013266791589558125,0.0009618093026801944,260405.265625,4.308207391683379e+16,4.308207391683379e+16,7.620334145030938e-06,3835.171875,0.3451707661151886,3834.82666015625
124,260.7563781738281,0.014914949424564838,0.013906675390899181,0.0010082748485729098,259958.40625,4.453828257854259e+16,4.453828257854259e+16,1.0976017620123457e-05,770.3572998046875,0.3403990864753723,770.0169067382812
125,260.43731689453125,0.017647724598646164,0.016454879194498062,0.001192847965285182,259504.265625,4.410739427953869e+16,4.410739427953869e+16,1.5051434274937492e-05,657.4464721679688,0.3353807330131531,657.111083984375
126,260.84918212890625,0.03312833607196808,0.030888982117176056,0.0022393553517758846,259047.5,4.915572460906086e+16,4.915572460906086e+16,1.8997996448888443e-05,9609.8974609375,0.3313923478126526,9609.56640625
127,261.0802917480469,0.044936373829841614,0.041899457573890686,0.0030369162559509277,258585.90625,4.653904584874394e+16,4.653904584874394e+16,2.4940003640949726e-05,20102.537109375,0.32522210478782654,20102.2109375
128,259.9570007324219,0.03302990645170212,0.030797217041254044,0.0022326901089400053,258131.25,5.573368177124966e+16,5.573368177124966e+16,2.964627492474392e-05,11853.6279296875,0.3221557140350342,11853.3056640625
129,258.6395568847656,0.018397726118564606,0.01715397648513317,0.001243749400600791,257668.078125,5.143838376276787e+16,5.143838376276787e+16,3.5963232221547514e-05,10.970442771911621,0.3179393410682678,10.65250301361084
130,258.8856506347656,0.03090670332312584,0.028817899525165558,0.0020888028666377068,257199.90625,5.617755375638938e+16,5.617755375638938e+16,4.454892405192368e-05,8419.064453125,0.31125545501708984,8418.7529296875
131,257.9822082519531,0.022351348772644997,0.020840460434556007,0.001510887872427702,256732.75,6.29571381582889e+16,6.29571381582889e+16,5.18579690833576e-05,6894.986328125,0.30682435631752014,6894.6796875
132,258.2295227050781,0.03820446506142616,0.0356222465634346,0.0025822205934673548,256256.96875,5.762668001702707e+16,5.762668001702707e+16,5.810217044199817e-05,468.93695068359375,0.30398520827293396,468.6329650878906
133,257.47528076171875,0.03285516798496246,0.030634261667728424,0.0022209053859114647,255774.40625,5.798572210310349e+16,5.798572210310349e+16,6.663669046247378e-05,12.421212196350098,0.29899829626083374,12.122214317321777
134,257.0437316894531,0.0334828644990921,0.031219633296132088,0.002263233996927738,255295.6875,6.039492387825254e+16,6.039492387825254e+16,7.600188837386668e-05,1348.1171875,0.2940114140510559,1347.8231201171875
135,255.99095153808594,0.02126920036971569,0.019831489771604538,0.0014377118786796927,254816.4375,6.691970934531686e+16,6.691970934531686e+16,8.782825898379087e-05,4411.3056640625,0.2890603244304657,4411.0166015625
136,255.44158935546875,0.02066205069422722,0.01926530711352825,0.0013967392733320594,254330.15625,6.262429537271808e+16,6.262429537271808e+16,9.842764120548964e-05,1570.614501953125,0.2851814031600952,1570.329345703125
137,255.07681274414062,0.023537080734968185,0.02194603532552719,0.0015910471556708217,253833.546875,6.380784662557491e+16,6.380784662557491e+16,0.00011096811067545786,259.685546875,0.2805190980434418,259.405029296875
138,254.56301879882812,0.02253170870244503,0.02100858837366104,0.0015231226570904255,253334.0625,6.54004333838336e+16,6.54004333838336e+16,0.00012604401854332536,3696.3330078125,0.2752023935317993,3696.057861328125
139,253.9082794189453,0.01839413493871689,0.017150618135929108,0.0012435154058039188,252837.046875,6.321656277290189e+16,6.321656277290189e+16,0.00013956397015135735,8830.953125,0.2705109417438507,8830.6826171875
140,253.2946014404297,0.01679551601409912,0.015660138800740242,0.001135373953729868,252327.71875,6.861088278288794e+16,6.861088278288794e+16,0.0001561450626468286,5848.75439453125,0.26495662331581116,5848.4892578125
141,252.8250732421875,0.01891053467988968,0.01763228140771389,0.0012782519916072488,251807.5,6.534347782252134e+16,6.534347782252134e+16,0.0001742841413943097,669.2858276367188,0.2591055929660797,669.0267333984375
142,252.4286651611328,0.01885584369301796,0.017581012099981308,0.0012748339213430882,251285.53125,6.142979624822374e+16,6.142979624822374e+16,0.00018980811000801623,13889.3583984375,0.25447192788124084,13889.103515625
143,251.87831115722656,0.018211551010608673,0.016980290412902832,0.0012312622275203466,250756.75,6.556328565879603e+16,6.556328565879603e+16,0.00020964043505955487,14539.68359375,0.24926571547985077,14539.4345703125
144,251.186767578125,0.017348527908325195,0.016175812110304832,0.0011727181263267994,250222.015625,6.365938678602138e+16,6.365938678602138e+16,0.00022970084683038294,3364.077880859375,0.24349553883075714,3363.83447265625
145,250.54420471191406,0.01612093485891819,0.015031078830361366,0.0010898582404479384,249675.453125,6.22740236098601e+16,6.22740236098601e+16,0.00025231207837350667,42.524192810058594,0.23734956979751587,42.286842346191406
146,249.90855407714844,0.014124346897006035,0.013169336132705212,0.0009550100076012313,249120.890625,6.137760810061005e+16,6.137760810061005e+16,0.000274917169008404,2005.7833251953125,0.23233044147491455,2005.551025390625
147,249.4703369140625,0.015874555334448814,0.014801310375332832,0.0010732439113780856,248560.78125,5.991045586223104e+16,5.991045586223104e+16,0.00029936598730273545,5590.42236328125,0.2275194525718689,5590.19482421875
148,248.89501953125,0.015149523504078388,0.014125346206128597,0.0010241795098409057,247988.484375,6.559804482912256e+16,6.559804482912256e+16,0.00032727496000006795,8345.5625,0.22117753326892853,8345.341796875
149,248.5761260986328,0.020493891090154648,0.01910855807363987,0.0013853360433131456,247406.890625,6.897367437541376e+16,6.897367437541376e+16,0.0003540001926012337,7555.52099609375,0.21536822617053986,7555.3056640625
150,248.33621215820312,0.02871229313313961,0.026771536096930504,0.0019407565705478191,246814.859375,6.909613248295731e+16,6.909613248295731e+16,0.0003872691886499524,1664.1162109375,0.2096477448940277,1663.9066162109375
151,248.79165649414062,0.05005213990807533,0.046669088304042816,0.0033830523025244474,246220.1875,6.826737129855386e+16,6.826737129855386e+16,0.00040820668800733984,57.455810546875,0.20662829279899597,57.249183654785156
152,248.023193359375,0.04667946323752403,0.04352426528930664,0.0031551967840641737,245616.71875,6.231537984995328e+16,6.231537984995328e+16,0.0004446722159627825,1017.5374755859375,0.20035378634929657,1017.3370971679688
153,246.4033966064453,0.026047058403491974,0.024286562576889992,0.0017604969907552004,245006.375,7.16806419382272e+16,7.16806419382272e+16,0.00047588025336153805,2296.779296875,0.19459988176822662,2296.584716796875
154,245.61614990234375,0.02222098782658577,0.020718712359666824,0.0015022747684270144,244390.21875,7.450229801274573e+16,7.450229801274573e+16,0.0005088680773042142,4035.887939453125,0.19028547406196594,4035.69775390625
155,245.30538940429688,0.023941071704030037,0.02232275903224945,0.0016183080151677132,243762.171875,8.088320207539405e+16,8.088320207539405e+16,0.0005494907381944358,26527.8046875,0.18493646383285522,26527.619140625
156,245.88087463378906,0.029876582324504852,0.02785724401473999,0.0020193352829664946,243129.15625,7.256286258056397e+16,7.256286258056397e+16,0.0005825221305713058,118531.9296875,0.17931781709194183,118531.75
157,246.72764587402344,0.03007538802921772,0.02804216369986534,0.0020332238636910915,242475.46875,8.728830398378803e+16,8.728830398378803e+16,0.000612351403106004,266110.5,0.17585915327072144,266110.3125
158,247.0660400390625,0.043876465409994125,0.04091072827577591,0.002965739229694009,241833.703125,7.470025305541837e+16,7.470025305541837e+16,0.0006442053709179163,296381.25,0.1705523580312729,296381.09375
159,244.9275360107422,0.02982160449028015,0.027805712074041367,0.0020158938132226467,241179.21875,7.148839061212365e+16,7.148839061212365e+16,0.0006896555423736572,218574.03125,0.16476468741893768,218573.859375
160,243.11190795898438,0.029064133763313293,0.027099626138806343,0.001964508555829525,240533.0,6.454016431934669e+16,6.454016431934669e+16,0.0007219836115837097,106115.9375,0.16056516766548157,106115.7734375
161,245.8201904296875,0.08422999829053879,0.07853694260120392,0.00569305382668972,239873.015625,7.542916054515712e+16,7.542916054515712e+16,0.0007669497863389552,166023.90625,0.15537364780902863,166023.75
162,247.77609252929688,0.09168586134910583,0.08548873662948608,0.006197118200361729,239225.34375,6.98099732274217e+16,6.98099732274217e+16,0.0007936578476801515,389663.09375,0.15183615684509277,389662.9375
163,245.3302459716797,0.07420885562896729,0.06919370591640472,0.0050151413306593895,238571.09375,8.42102469516329e+16,8.42102469516329e+16,0.0008488098974339664,296447.125,0.14538240432739258,296446.96875
164,243.3431396484375,0.07712388038635254,0.0719108134508133,0.005213065538555384,237949.453125,6.173348909075661e+16,6.173348909075661e+16,0.0008734656148590147,147574.625,0.14375606179237366,147574.484375
165,240.85939025878906,0.06819385290145874,0.06358467042446136,0.004609187599271536,237311.8125,6.401968729751552e+16,6.401968729751552e+16,0.0008921772823669016,7383.4013671875,0.14120887219905853,7383.26025390625
166,241.03346252441406,0.04068462550640106,0.037934452295303345,0.0027501776348799467,236667.59375,6.663873258481254e+16,6.663873258481254e+16,0.0009381141280755401,226499.546875,0.1360306292772293,226499.40625
167,243.97607421875,0.07769986242055893,0.07244850695133209,0.005251357797533274,236026.09375,8.222658194623693e+16,8.222658194623693e+16,0.0009899468859657645,398274.53125,0.13166092336177826,398274.40625
168,239.56790161132812,0.07903918623924255,0.07369687408208847,0.005342309828847647,235384.546875,6.368894475095245e+16,6.368894475095245e+16,0.0010268023470416665,16769.736328125,0.12850533425807953,16769.607421875
169,242.38095092773438,0.06278926134109497,0.058545514941215515,0.004243743605911732,234722.640625,9.077957981949133e+16,9.077957981949133e+16,0.0010563033865764737,442804.84375,0.12548880279064178,442804.71875
170,237.34474182128906,0.06354405730962753,0.05924877151846886,0.004295293241739273,234090.921875,6.537872232415232e+16,6.537872232415232e+16,0.0010967227863147855,1122.4744873046875,0.12035772204399109,1122.3541259765625
171,236.4991455078125,0.04812752082943916,0.044874224811792374,0.003253296483308077,233467.109375,7.698337177062605e+16,7.698337177062605e+16,0.0011381894582882524,54868.14453125,0.11728975176811218,54868.02734375
172,238.62551879882812,0.07940629124641418,0.07403884083032608,0.005367438308894634,232837.390625,8.979740669824205e+16,8.979740669824205e+16,0.0011856111232191324,172799.90625,0.11406102031469345,172799.796875
173,237.8049774169922,0.07541719079017639,0.07031994313001633,0.0050972537137568,232193.40625,1.1872519684777574e+17,1.1872519684777574e+17,0.0012394620571285486,172196.65625,0.10914522409439087,172196.546875
174,242.2684326171875,0.1924685835838318,0.1794600486755371,0.013008511625230312,231561.578125,1.2671630991949824e+17,1.2671630991949824e+17,0.0012930483790114522,95671.6796875,0.10412875562906265,95671.578125
175,248.27096557617188,0.3430388271808624,0.31985676288604736,0.023182032629847527,230954.3125,1.3963994382257357e+17,1.3963994382257357e+17,0.0013330216752365232,2505.9375,0.10244644433259964,2505.8349609375
176,251.1471405029297,0.3562099039554596,0.3321340084075928,0.024075916036963463,230381.828125,1.635111057657692e+17,1.635111057657692e+17,0.001362912473268807,279129.25,0.09921752661466599,279129.15625
177,245.42758178710938,0.14780505001544952,0.1378147155046463,0.009990349411964417,229832.75,1.7566314879411814e+17,1.7566314879411814e+17,0.0013995339395478368,802890.0,0.09825565665960312,802889.875
178,245.68661499023438,0.3009716272354126,0.2806324362754822,0.020339203998446465,229292.734375,2.0911621956593254e+17,2.0911621956593254e+17,0.0014526373706758022,113617.6484375,0.09294304251670837,113617.5546875
179,241.51528930664062,0.23050564527511597,0.2149256318807602,0.015580011531710625,228802.578125,2.4815800486251725e+17,2.4815800486251725e+17,0.0015012139920145273,93927.1953125,0.08902458846569061,93927.109375
180,235.24893188476562,0.12032649666070938,0.11219432950019836,0.00813215784728527,228294.25,2.274496482461614e+17,2.274496482461614e+17,0.001551360241137445,71089.453125,0.0878220647573471,71089.3671875
181,237.4969482421875,0.1848088651895523,0.17231886088848114,0.012490002438426018,227785.625,2.0794779948285952e+17,2.0794779948285952e+17,0.0015922667225822806,26292.6484375,0.08572132140398026,26292.5625
182,233.08938598632812,0.05127003416419029,0.047804247587919235,0.003465791931375861,227265.765625,1.9169720660289126e+17,1.9169720660289126e+17,0.0016353223472833633,306840.25,0.08232369273900986,306840.15625
183,237.36354064941406,0.1565694510936737,0.14598770439624786,0.01058174204081297,226731.015625,1.7085141103306342e+17,1.7085141103306342e+17,0.0017002482200041413,263318.40625,0.07877741008996964,263318.3125
184,230.08932495117188,0.056672822684049606,0.05284101516008377,0.00383180333301425,226212.46875,1.7060798946659533e+17,1.7060798946659533e+17,0.0017381157958880067,87260.5546875,0.07677499949932098,87260.4765625
185,230.37002563476562,0.09127070754766464,0.08510170131921768,0.006168994586914778,225667.28125,1.3885249592859034e+17,1.3885249592859034e+17,0.0017884204862639308,33.818782806396484,0.07527249306440353,33.74351119995117
186,229.33447265625,0.0683186799287796,0.06370130926370621,0.004617356229573488,225096.5625,1.3833770114849178e+17,1.3833770114849178e+17,0.0018527685897424817,68362.171875,0.07246973365545273,68362.1015625
187,231.84767150878906,0.08459839224815369,0.0788806900382042,0.005717695225030184,224513.125,1.5257084481031373e+17,1.5257084481031373e+17,0.0019289468182250857,295203.6875,0.06742919236421585,295203.625
188,239.78451538085938,0.08167126774787903,0.07615090906620026,0.005520349368453026,223925.640625,2.2019154865291264e+17,2.2019154865291264e+17,0.001995721133425832,1155513.5,0.0636218935251236,1155513.375
189,231.22474670410156,0.08730889111757278,0.08140800148248672,0.00590088777244091,223334.09375,9.680454276245094e+16,9.680454276245094e+16,0.002039593178778887,342838.90625,0.06283872574567795,342838.84375
190,231.52622985839844,0.09534944593906403,0.08890483528375626,0.006444613449275494,222747.09375,8.850255995784397e+16,8.850255995784397e+16,0.002091328613460064,392315.46875,0.059267811477184296,392315.40625
191,228.41824340820312,0.06503620743751526,0.06064075976610184,0.004395443480461836,222141.515625,1.0621449828040704e+17,1.0621449828040704e+17,0.0021611519623547792,291869.21875,0.05483292415738106,291869.15625
192,231.45263671875,0.16619034111499786,0.1549571454524994,0.011233195662498474,221531.78125,9.271113828165222e+16,9.271113828165222e+16,0.0022130359429866076,151861.6875,0.05277736857533455,151861.640625
193,232.14694213867188,0.11894495785236359,0.11090630292892456,0.008038654923439026,220891.046875,1.1904341097473638e+17,1.1904341097473638e+17,0.0022965441457927227,518958.28125,0.049278296530246735,518958.21875
194,230.62721252441406,0.1872810274362564,0.17462345957756042,0.012657570652663708,220275.84375,1.1648001987366093e+17,1.1648001987366093e+17,0.0023732883855700493,87083.1015625,0.046676862984895706,87083.0546875
195,222.87213134765625,0.06123674288392067,0.05709801986813545,0.004138719290494919,219665.796875,1.4275198263597466e+17,1.4275198263597466e+17,0.0024396751541644335,174.29287719726562,0.04499964043498039,174.2478790283203
196,227.5046844482422,0.09517204761505127,0.08873971551656723,0.00643234234303236,219036.015625,1.5632229258493952e+17,1.5632229258493952e+17,0.0025017119478434324,355372.6875,0.042092252522706985,355372.65625
197,241.92628479003906,0.1799786537885666,0.16781383752822876,0.012164807878434658,218376.109375,2.772063289742459e+17,2.772063289742459e+17,0.002545537194237113,1427403.875,0.03980308398604393,1427403.875
198,238.87857055664062,0.41950830817222595,0.3911570608615875,0.02835119515657425,217736.171875,1.6074358345904947e+17,1.6074358345904947e+17,0.002625964814797044,624.302734375,0.037534136325120926,624.2651977539062
199,250.5791015625,0.36715152859687805,0.3423382043838501,0.02481333538889885,217145.828125,1.8065884859439514e+17,1.8065884859439514e+17,0.0027026101015508175,1489501.875,0.03720859810709953,1489501.875
200,224.33180236816406,0.1478705257177353,0.13787589967250824,0.009994621388614178,216583.765625,2.8922948862397645e+17,2.8922948862397645e+17,0.002768150297924876,6528.25146484375,0.03580312803387642,6528.2158203125
201,227.97764587402344,0.21352241933345795,0.1990930438041687,0.014429392293095589,215983.75,6.368637979648328e+17,6.368637979648328e+17,0.0028570047579705715,68089.203125,0.03272414952516556,68089.171875
202,228.96463012695312,0.22380496561527252,0.2086801528930664,0.015124818310141563,215412.71875,7.054046040613192e+17,7.054046040613192e+17,0.002890488365665078,165624.484375,0.03156189247965813,165624.453125
203,228.8655548095703,0.221379816532135,0.2064177244901657,0.014962086454033852,214838.15625,1.158764446835802e+18,1.158764446835802e+18,0.002941306447610259,179964.34375,0.031055770814418793,179964.3125
204,227.58740234375,0.22320556640625,0.2081184834241867,0.015087084844708443,214268.015625,8.770673000568586e+17,8.770673000568586e+17,0.002958252327516675,128204.5703125,0.030724499374628067,128204.5390625
205,222.97647094726562,0.16654546558856964,0.1552882343530655,0.0112572330981493,213680.28125,8.964370528060047e+17,8.964370528060047e+17,0.0030118401627987623,7247.08544921875,0.029301967471837997,7247.05615234375
206,223.57757568359375,0.1833137720823288,0.17092597484588623,0.01238781027495861,213096.609375,9.245556195773645e+17,9.245556195773645e+17,0.0030884805601090193,39070.05859375,0.02673320285975933,39070.03125
207,219.59950256347656,0.11642119288444519,0.10855375975370407,0.00786744337528944,212528.75,5.0533547540637286e+17,5.0533547540637286e+17,0.0031728260219097137,74433.828125,0.025236912071704865,74433.8046875
208,222.64193725585938,0.19986775517463684,0.18635812401771545,0.013509649783372879,211949.921875,4.2381895463337984e+17,4.2381895463337984e+17,0.0032172470819205046,27479.513671875,0.025139231234788895,27479.48828125
209,228.1048583984375,0.3297263979911804,0.30744248628616333,0.022283900529146194,211338.765625,2.6396984106339533e+17,2.6396984106339533e+17,0.003265725215896964,1578.4154052734375,0.025417016819119453,1578.3900146484375
210,244.70718383789062,0.6724298000335693,0.6269826292991638,0.04544719681143761,210774.921875,1.6076806477263667e+17,1.6076806477263667e+17,0.003250445006415248,14999.3486328125,0.023686228320002556,14999.3251953125
211,220.48284912109375,0.15138281881809235,0.14115189015865326,0.010230917483568192,210260.84375,2.236754371448668e+17,2.236754371448668e+17,0.0033258695621043444,242918.1875,0.02220246009528637,242918.171875
212,219.0377655029297,0.17474579811096191,0.16293655335903168,0.011809250339865685,209742.875,1.7842242476362957e+17,1.7842242476362957e+17,0.0033783733379095793,37916.35546875,0.021915772929787636,37916.33203125
213,219.58218383789062,0.20455366373062134,0.19072717428207397,0.013826508074998856,209195.328125,1.4542675082897e+17,1.4542675082897e+17,0.003425010945647955,1372.677734375,0.021805865690112114,1372.6558837890625
214,214.26748657226562,0.10665587335824966,0.0994449034333229,0.007210967130959034,208613.265625,1.1561538282743398e+17,1.1561538282743398e+17,0.003460601670667529,20579.56640625,0.02178306132555008,20579.544921875
215,222.58323669433594,0.2580353021621704,0.24059733748435974,0.017437975853681564,208029.453125,9.603778802089984e+16,9.603778802089984e+16,0.0035118877422064543,155597.53125,0.02107170596718788,155597.515625
216,228.92747497558594,0.15658986568450928,0.14600571990013123,0.010584140196442604,207484.9375,2.917009502450483e+17,2.917009502450483e+17,0.003540530102327466,1332131.625,0.02042582258582115,1332131.625
217,274.1318054199219,0.2064899504184723,0.19253410398960114,0.013955825939774513,206926.53125,4.0478761094742016e+17,4.0478761094742016e+17,0.0036081066355109215,5647598.5,0.02045062929391861,5647598.5
218,278.24798583984375,0.226472407579422,0.2111663669347763,0.015306048095226288,206339.078125,3.617473657170821e+17,3.617473657170821e+17,0.0037167593836784363,6022353.5,0.020484132692217827,6022353.5
219,225.289794921875,0.26325085759162903,0.245457723736763,0.01779313012957573,205922.09375,3.208603765707899e+17,3.208603765707899e+17,0.003701918525621295,588429.25,0.020992659032344818,588429.25
220,247.123046875,0.43018290400505066,0.40110716223716736,0.02907569706439972,205561.046875,3.041428176665313e+17,3.041428176665313e+17,0.0036880860570818186,1974872.25,0.021496083587408066,1974872.25
221,216.4822235107422,0.19052250683307648,0.1776449978351593,0.012877528555691242,205205.0625,3.174320993153843e+17,3.174320993153843e+17,0.0037022430915385485,143358.6875,0.020817477256059647,143358.671875
222,229.90658569335938,0.1697600930929184,0.15828655660152435,0.011473550461232662,204853.375,1.0705389466282885e+18,1.0705389466282885e+18,0.003754358971491456,1549465.375,0.020677100867033005,1549465.375
223,216.01458740234375,0.21192650496959686,0.1976030468940735,0.014323439449071884,204503.34375,5.4513824300846285e+17,5.4513824300846285e+17,0.0038001437205821276,36976.609375,0.02071337401866913,36976.58984375
224,224.05491638183594,0.22429543733596802,0.209136962890625,0.015158461406826973,204111.609375,7.436340048838e+17,7.436340048838e+17,0.0038363805506378412,798489.9375,0.019731789827346802,798489.9375
225,215.28561401367188,0.20544680953025818,0.19156022369861603,0.013886569067835808,203751.953125,5.310620546315059e+17,5.310620546315059e+17,0.0038544011767953634,73023.3828125,0.019324269145727158,73023.3671875
226,214.4875030517578,0.20821501314640045,0.19414308667182922,0.014071939513087273,203394.734375,5.8660326603332e+17,5.8660326603332e+17,0.0038816051091998816,9539.6943359375,0.01978541538119316,9539.6748046875
227,212.15206909179688,0.16119934618473053,0.1503022462129593,0.010897104628384113,203020.328125,4.4715327143437926e+17,4.4715327143437926e+17,0.0039116437546908855,62460.77734375,0.019584540277719498,62460.7578125
228,215.9998779296875,0.20175467431545258,0.18811747431755066,0.013637212105095387,202617.640625,2.8765227355367014e+17,2.8765227355367014e+17,0.0039771366864442825,300682.9375,0.018953053280711174,300682.90625
229,225.5188446044922,0.15498988330364227,0.14451515674591064,0.010474719107151031,202218.78125,3.311615979322081e+17,3.311615979322081e+17,0.0040719034150242805,1521939.375,0.01842699758708477,1521939.375
230,242.62635803222656,0.37799426913261414,0.35244664549827576,0.025547631084918976,201852.28125,5.780375894166077e+17,5.780375894166077e+17,0.004141998942941427,2129631.75,0.018706658855080605,2129631.75
231,234.39840698242188,0.564517617225647,0.5263662338256836,0.03815134987235069,201485.734375,2.9342330085022106e+17,2.9342330085022106e+17,0.004256281070411205,439336.25,0.018327414989471436,439336.21875
232,230.8648223876953,0.27242511510849,0.2540125250816345,0.01841258443892002,201112.296875,4.7617814502467174e+17,4.7617814502467174e+17,0.004264482297003269,1565507.0,0.01846298575401306,1565507.0
233,234.74220275878906,0.18286406993865967,0.1705033928155899,0.01236067432910204,200724.140625,6.717598918487572e+17,6.717598918487572e+17,0.004285842180252075,2420309.0,0.018953822553157806,2420309.0
234,212.15599060058594,0.19429783523082733,0.18116553127765656,0.013132309541106224,200400.109375,4.873158198569206e+17,4.873158198569206e+17,0.004348712973296642,155366.109375,0.018835801631212234,155366.09375
235,226.9146728515625,0.24142494797706604,0.22510698437690735,0.01631798967719078,200070.953125,3.604810375595295e+17,3.604810375595295e+17,0.004425222519785166,1441198.875,0.018995385617017746,1441198.875
236,216.17413330078125,0.08922800421714783,0.08319713175296783,0.006030868273228407,199677.375,3.165823829855437e+17,3.165823829855437e+17,0.004536543972790241,1171877.25,0.01950918138027191,1171877.25
237,215.22491455078125,0.19101811945438385,0.1781085878610611,0.012909532524645329,199248.046875,5.429840592114811e+17,5.429840592114811e+17,0.004601606633514166,588296.75,0.019827157258987427,588296.75
238,218.94894409179688,0.13264507055282593,0.12367924302816391,0.00896582193672657,198848.578125,8.551641350783631e+17,8.551641350783631e+17,0.0045914193615317345,1261295.25,0.020382409915328026,1261295.25
239,209.41990661621094,0.2005273848772049,0.18697401881217957,0.013553384691476822,198400.53125,5.182450475865211e+17,5.182450475865211e+17,0.004615181591361761,47474.359375,0.020860353484749794,47474.33984375
240,221.46800231933594,0.1709088683128357,0.15935644507408142,0.011552420444786549,197898.5625,5.789085400647598e+17,5.789085400647598e+17,0.004685784690082073,1444508.0,0.02167271450161934,1444508.0
241,214.42822265625,0.17888417840003967,0.16679450869560242,0.012089666910469532,197405.109375,6.269896337915904e+17,6.269896337915904e+17,0.004728926811367273,745190.9375,0.02216200903058052,745190.9375
242,202.2840576171875,0.09948088973760605,0.09275603294372559,0.006724854931235313,196862.671875,3.6015455132555674e+17,3.6015455132555674e+17,0.004790975246578455,8717.9208984375,0.02270263060927391,8717.8984375
243,213.1688232421875,0.16230301558971405,0.15133321285247803,0.010969805531203747,196335.765625,2.0092602617010586e+17,2.0092602617010586e+17,0.004850417375564575,851696.125,0.023520391434431076,851696.125
244,216.1533966064453,0.1001340001821518,0.09336692839860916,0.006767071317881346,195856.34375,3.5886561446015795e+17,3.5886561446015795e+17,0.0048852902837097645,1493147.25,0.02434650994837284,1493147.25
245,211.94602966308594,0.30232182145118713,0.28188908100128174,0.02043277584016323,195285.21875,2.7228022482403328e+17,2.7228022482403328e+17,0.004945570603013039,127243.5,0.025527967140078545,127243.4765625
246,212.19264221191406,0.3389456570148468,0.3160388469696045,0.02290680631995201,194729.546875,2.1706488118090138e+17,2.1706488118090138e+17,0.004993997048586607,29873.423828125,0.02677883580327034,29873.396484375
247,198.929443359375,0.09192629158496857,0.08571101725101471,0.006215261295437813,194189.0625,1.3050552763652506e+17,1.3050552763652506e+17,0.005044375546276569,1355.3043212890625,0.028073007240891457,1355.2762451171875
248,205.97801208496094,0.23434630036354065,0.2185063362121582,0.01583997532725334,193635.90625,1.4913150371915366e+17,1.4913150371915366e+17,0.005131561774760485,47566.5625,0.0294503141194582,47566.53125
249,196.53924560546875,0.06483571231365204,0.060454316437244415,0.00438139820471406,193094.609375,1.9949880853764506e+17,1.9949880853764506e+17,0.005239089019596577,333.8649597167969,0.030829520896077156,333.8341369628906
250,201.3585205078125,0.1635672003030777,0.1525137573480606,0.011053433641791344,192530.859375,2.2283260994256896e+17,2.2283260994256896e+17,0.005319233983755112,42645.1640625,0.032567303627729416,42645.1328125
251,195.46231079101562,0.0662616416811943,0.06178312003612518,0.004478521645069122,191945.421875,1.9744945630242406e+17,1.9744945630242406e+17,0.005375972483307123,634.9158935546875,0.03462531417608261,634.8812866210938
252,198.4452362060547,0.1321486085653305,0.12321529537439346,0.008933309465646744,191299.03125,1.4348631037444096e+17,1.4348631037444096e+17,0.00544397346675396,39526.15625,0.03685428574681282,39526.12109375
253,193.6059112548828,0.05666631832718849,0.05283470079302788,0.0038316156715154648,190633.03125,1.1769071102486118e+17,1.1769071102486118e+17,0.005532292649149895,2186.281982421875,0.03926968574523926,2186.24267578125
254,195.09576416015625,0.09164193272590637,0.08544810861349106,0.006193825043737888,189977.546875,1.21168964519723e+17,1.21168964519723e+17,0.005632409360259771,41494.5390625,0.0418337807059288,41494.49609375
255,192.37937927246094,0.05694954842329025,0.05310108885169029,0.0038484607357531786,189312.34375,1.2871121055934054e+17,1.2871121055934054e+17,0.0057263970375061035,9085.3564453125,0.04464707523584366,9085.3115234375
256,192.5460662841797,0.06823176145553589,0.06361972540616989,0.004612044431269169,188576.765625,1.4375228910914765e+17,1.4375228910914765e+17,0.005815429612994194,41395.921875,0.04784776642918587,41395.875
257,193.20675659179688,0.10222580283880234,0.09531735628843307,0.00690844003111124,187788.578125,1.4347827878559744e+17,1.4347827878559744e+17,0.005906212609261274,16341.2705078125,0.05140538886189461,16341.21875
258,205.3057098388672,0.3573942184448242,0.33323752880096436,0.024156691506505013,186965.03125,1.4535444075957453e+17,1.4535444075957453e+17,0.005982527509331703,32560.486328125,0.054764799773693085,32560.431640625
259,243.2554931640625,1.1333813667297363,1.0567905902862549,0.0765906497836113,186257.609375,1.2463870538940416e+17,1.2463870538940416e+17,0.006065053399652243,20417.228515625,0.05874244496226311,20417.169921875
260,238.61868286132812,1.0557721853256226,0.9844166040420532,0.07135561853647232,185535.609375,1.1059636135473971e+17,1.1059636135473971e+17,0.006116154137998819,18386.646484375,0.061397772282361984,18386.5859375
261,188.56243896484375,0.07018674165010452,0.06544192135334015,0.0047448137775063515,184897.140625,1.1994564616467251e+17,1.1994564616467251e+17,0.006156188901513815,3599.3515625,0.06393496692180634,3599.28759765625
262,208.7500457763672,0.4872256815433502,0.4542989730834961,0.032926734536886215,184227.671875,1.3485449126137037e+17,1.3485449126137037e+17,0.0062072728760540485,2623.478515625,0.06670745462179184,2623.411865234375
263,189.2694854736328,0.10882405191659927,0.1014692634344101,0.007354789413511753,183579.859375,1.8298196204506317e+17,1.8298196204506317e+17,0.006289245560765266,6543.59033203125,0.06950865685939789,6543.52099609375
264,201.66268920898438,0.36849671602249146,0.34359169006347656,0.024905003607273102,182942.1875,2.0569964180144128e+17,2.0569964180144128e+17,0.006340585649013519,8995.5966796875,0.07210071384906769,8995.5244140625
265,187.57110595703125,0.10032201558351517,0.09354058653116226,0.0067814369685947895,182325.515625,1.5819206364758016e+17,1.5819206364758016e+17,0.006353757344186306,7129.30908203125,0.0747789666056633,7129.234375
266,193.45713806152344,0.22991803288459778,0.21437892317771912,0.015539097599685192,181652.875,1.4547040487656653e+17,1.4547040487656653e+17,0.0063780867494642735,16288.681640625,0.07815548032522202,16288.603515625
267,190.2469940185547,0.17596662044525146,0.1640731692314148,0.0118934391066432,180957.296875,1.66865269065515e+17,1.66865269065515e+17,0.006419741082936525,32450.064453125,0.08177866041660309,32449.982421875
268,185.2232666015625,0.09500385075807571,0.08858202397823334,0.0064218235202133656,180295.078125,1.654156317037691e+17,1.654156317037691e+17,0.006487220525741577,1255.0704345703125,0.08567743748426437,1254.9847412109375
269,188.340576171875,0.16496291756629944,0.1538132280111313,0.011149669997394085,179639.203125,1.4233676237766656e+17,1.4233676237766656e+17,0.00657645333558321,31087.65234375,0.08999555557966232,31087.5625
270,184.14364624023438,0.10091481357812881,0.09409391134977341,0.006820908281952143,178956.421875,1.3633369517798195e+17,1.3633369517798195e+17,0.006656276527792215,512.376953125,0.0942867174744606,512.2826538085938
271,183.49082946777344,0.09671138226985931,0.09017419070005417,0.006537176668643951,178223.140625,1.2715532429662618e+17,1.2715532429662618e+17,0.006717848591506481,30495.58203125,0.09895404428243637,30495.482421875
272,184.94869995117188,0.14663559198379517,0.13672365248203278,0.009911944158375263,177473.421875,1.0446658402988851e+17,1.0446658402988851e+17,0.0067823235876858234,3903.50244140625,0.10464232414960861,3903.397705078125
273,180.36151123046875,0.06569743156433105,0.06125674396753311,0.004440695978701115,176762.34375,1.0164486782582784e+17,1.0164486782582784e+17,0.007457816507667303,21265.126953125,0.11057654768228531,21265.015625
274,180.957275390625,0.09309864044189453,0.0868062898516655,0.00629235478118062,176051.203125,1.053255946689577e+17,1.053255946689577e+17,0.018618213012814522,14580.345703125,0.11670508980751038,14580.228515625
275,180.24452209472656,0.09684105962514877,0.09029527008533478,0.006545779295265675,175286.890625,1.03484015771648e+17,1.03484015771648e+17,0.03674209862947464,1208.39501953125,0.12322992086410522,1208.2718505859375
276,178.624267578125,0.07772740721702576,0.07247268408536911,0.005254713818430901,174463.90625,8.405360949434778e+16,8.405360949434778e+16,0.07116356492042542,18993.125,0.13010235130786896,18992.994140625
277,180.12564086914062,0.12723134458065033,0.11863165348768234,0.00859969761222601,173632.75,8.98145350278185e+16,8.98145350278185e+16,0.12826131284236908,4150.2724609375,0.13822588324546814,4150.13427734375
278,178.6557159423828,0.10865375399589539,0.1013108491897583,0.0073429010808467865,172843.6875,8.274185776267264e+16,8.274185776267264e+16,0.4210371971130371,29659.03515625,0.14638645946979523,29658.888671875
279,178.61080932617188,0.11582420766353607,0.10799702256917953,0.00782717578113079,172021.4375,8.824960356397875e+16,8.824960356397875e+16,0.8884944319725037,70989.28125,0.15469799935817719,70989.125
280,177.76058959960938,0.12830573320388794,0.11963260173797607,0.008673137053847313,171132.625,7.762039273003418e+16,7.762039273003418e+16,0.9163331389427185,13505.6884765625,0.1625535488128662,13505.5263671875
281,174.79653930664062,0.08977685123682022,0.08370711654424667,0.0060697440057992935,170216.140625,7.3904996910891e+16,7.3904996910891e+16,0.9231917858123779,1764.4505615234375,0.17130766808986664,1764.279296875
282,171.55531311035156,0.04227585345506668,0.03941738232970238,0.0028584736865013838,169311.234375,6.623092544005734e+16,6.623092544005734e+16,0.9306616187095642,6402.822265625,0.18145538866519928,6402.640625
283,171.40536499023438,0.0583663284778595,0.05442262068390846,0.003943700343370438,168404.109375,6.37877762434007e+16,6.37877762434007e+16,0.9375973343849182,1914.940185546875,0.19225628674030304,1914.7479248046875
284,170.83277893066406,0.06631224602460861,0.061832040548324585,0.0044802092015743256,167451.0,6.56553439878185e+16,6.56553439878185e+16,0.9432879686355591,49.84483337402344,0.2029755413532257,49.6418571472168
285,168.28965759277344,0.03568332642316818,0.03327033296227455,0.0024129932280629873,166446.25,5.719952404460339e+16,5.719952404460339e+16,0.9476695656776428,203.49722290039062,0.21237465739250183,203.28485107421875
286,167.95542907714844,0.04938114807009697,0.04604046791791916,0.003340685972943902,165422.4375,5.578031223118234e+16,5.578031223118234e+16,0.952481746673584,814.6627807617188,0.22307543456554413,814.439697265625
287,166.47299194335938,0.03957812115550041,0.036901816725730896,0.0026763060595840216,164432.546875,5.433804503331635e+16,5.433804503331635e+16,0.9580049514770508,718.9766235351562,0.2357834279537201,718.7408447265625
288,165.27789306640625,0.03572969138622284,0.03331616148352623,0.0024135259445756674,163441.953125,4.855167181861683e+16,4.855167181861683e+16,0.9636197686195374,90.76954650878906,0.24953462183475494,90.52001190185547
289,164.38531494140625,0.03846653923392296,0.035868193954229355,0.0025983459781855345,162408.5625,4.610881897470362e+16,4.610881897470362e+16,0.968276858329773,731.5320434570312,0.26257795095443726,731.2694702148438
290,162.88182067871094,0.03017083741724491,0.028130508959293365,0.0020403286907821894,161326.859375,4.357484410463846e+16,4.357484410463846e+16,0.9720374941825867,282.5785827636719,0.2749626338481903,282.3036193847656
291,162.36712646484375,0.04155293107032776,0.0387418307363987,0.0028111024294048548,160240.640625,4.194653610337894e+16,4.194653610337894e+16,0.975354790687561,687.686279296875,0.28813591599464417,687.3981323242188
292,161.67007446289062,0.04812290146946907,0.044869422912597656,0.003253478556871414,159182.859375,4.364461584836198e+16,4.364461584836198e+16,0.9789212346076965,3742.632568359375,0.30456218123435974,3742.328125
293,163.5503692626953,0.10623924434185028,0.09906027466058731,0.007178958971053362,158129.859375,4.569938403734323e+16,4.569938403734323e+16,0.9822234511375427,6283.0419921875,0.31987541913986206,6282.72216796875
294,174.35987854003906,0.3439083397388458,0.3206666111946106,0.023241743445396423,157016.84375,4.510872295492813e+16,4.510872295492813e+16,0.9854239821434021,10251.0419921875,0.33713868260383606,10250.705078125
295,207.0531005859375,1.0179948806762695,0.9491957426071167,0.06879915297031403,155915.625,4.317357819507507e+16,4.317357819507507e+16,0.9869037866592407,19456.830078125,0.34797996282577515,19456.482421875
296,199.0381622314453,0.8812750577926636,0.8217136859893799,0.0595613494515419,154911.9375,5.012470359077683e+16,5.012470359077683e+16,0.9886184930801392,1234.192138671875,0.3636325001716614,1233.8284912109375
297,160.7123565673828,0.12892280519008636,0.12020856887102127,0.008714240975677967,154054.328125,6.222030215892173e+16,6.222030215892173e+16,0.9895240664482117,14965.7021484375,0.37109681963920593,14965.3310546875
298,181.02734375,0.548068642616272,0.5110292434692383,0.037039436399936676,153165.3125,8.415611318383411e+16,8.415611318383411e+16,0.9902787804603577,37445.30078125,0.3833317160606384,37444.91796875
299,167.39524841308594,0.27757519483566284,0.2588159441947937,0.01875925250351429,152267.625,9.940018906791936e+16,9.940018906791936e+16,0.9916547536849976,114946.125,0.3977995812892914,114945.7265625
300,187.24908447265625,0.6782321929931641,0.6323961019515991,0.04583614692091942,151377.9375,9.71616177535058e+16,9.71616177535058e+16,0.9921401143074036,186236.890625,0.40946534276008606,186236.484375
301,181.6738739013672,0.6155254244804382,0.573922872543335,0.041602496057748795,150561.078125,9.974215436402688e+16,9.974215436402688e+16,0.9920802116394043,23677.212890625,0.4151158034801483,23676.796875
302,169.42962646484375,0.3455246388912201,0.3221703767776489,0.023354295641183853,149813.390625,1.0615039159854694e+17,1.0615039159854694e+17,0.9918611645698547,223383.328125,0.4234960973262787,223382.90625
303,166.9613037109375,0.2420721799135208,0.2257128208875656,0.016359379515051842,149020.046875,9.408194581364736e+16,9.408194581364736e+16,0.992599606513977,574356.4375,0.44149768352508545,574356.0
304,166.61264038085938,0.3219890892505646,0.30022817850112915,0.021760905161499977,148277.515625,1.544879464125563e+17,1.544879464125563e+17,0.9928185343742371,208116.1875,0.4521287679672241,208115.734375
305,158.91006469726562,0.2237766832113266,0.2086515873670578,0.015125107951462269,147501.25,1.1492352372559053e+17,1.1492352372559053e+17,0.9925795197486877,10506.390625,0.46038544178009033,10505.9306640625
306,160.7225341796875,0.2702724039554596,0.25200581550598145,0.018266616389155388,146684.265625,1.3015611486712627e+17,1.3015611486712627e+17,0.9924983382225037,39448.61328125,0.4713374674320221,39448.140625
307,156.78091430664062,0.1759195178747177,0.16402818262577057,0.011891351081430912,145881.34375,2.627918861529252e+17,2.627918861529252e+17,0.9922866225242615,184080.90625,0.48764240741729736,184080.421875
308,164.92471313476562,0.2318284511566162,0.21615833044052124,0.015670130029320717,145118.53125,1.3238631099531264e+17,1.3238631099531264e+17,0.9915989637374878,808236.1875,0.5050384998321533,808235.6875
309,182.76272583007812,0.15009689331054688,0.13995243608951569,0.010144440457224846,144409.625,7.349668295999488e+17,7.349668295999488e+17,0.9906206130981445,3011326.25,0.5179928541183472,3011325.75
310,189.95179748535156,0.2512509226799011,0.23426948487758636,0.0169814582914114,143548.078125,2.1876570540998656e+17,2.1876570540998656e+17,0.9892957210540771,3362241.0,0.5372664928436279,3362240.5
311,151.9254150390625,0.1660110503435135,0.1547922044992447,0.011218871921300888,142794.5,2.2326648753881088e+17,2.2326648753881088e+17,0.9884398579597473,60708.2109375,0.5557277202606201,60707.65625
312,155.19850158691406,0.17069697380065918,0.15915726125240326,0.011539708822965622,142084.484375,5.6377420918502195e+17,5.6377420918502195e+17,0.9869840145111084,401538.65625,0.5676644444465637,401538.09375
313,157.38319396972656,0.1833137571811676,0.17092229425907135,0.012391466647386551,141413.890625,1.5731680428823675e+18,1.5731680428823675e+18,0.9853600859642029,523044.15625,0.5809230208396912,523043.5625
314,154.63455200195312,0.19606603682041168,0.18281355500221252,0.013252494856715202,140627.15625,1.6358652195551314e+18,1.6358652195551314e+18,0.9832521080970764,256822.953125,0.5986441373825073,256822.359375
315,174.64874267578125,0.46743735671043396,0.43584662675857544,0.03159074857831001,139863.0,1.2925578320669573e+18,1.2925578320669573e+18,0.980806291103363,1012130.8125,0.6175066828727722,1012130.1875
316,175.09031677246094,0.68896484375,0.6424046754837036,0.046560149639844894,139146.53125,1.1497931191479173e+18,1.1497931191479173e+18,0.9781391620635986,34573.28515625,0.6336790919303894,34572.65234375
317,178.19752502441406,0.6317480206489563,0.5890511870384216,0.042696867138147354,138492.328125,1.705188190735827e+18,1.705188190735827e+18,0.9762502312660217,641260.0625,0.6479986906051636,641259.4375
318,162.9761199951172,0.48860684037208557,0.455582857131958,0.03302397578954697,137720.71875,7.536938490831831e+17,7.536938490831831e+17,0.9740030765533447,7137.0849609375,0.6582211256027222,7136.4267578125
319,187.6334991455078,0.8685200214385986,0.8098213076591492,0.05869867652654648,136953.109375,4.265571165436641e+17,4.265571165436641e+17,0.9719501733779907,682782.5625,0.6757109761238098,682781.875
320,177.486328125,0.7476033568382263,0.6970794200897217,0.05052386224269867,136307.671875,3.342466901207941e+17,3.342466901207941e+17,0.9678955078125,346423.96875,0.6935492157936096,346423.28125
321,201.2494354248047,1.3003381490707397,1.2124561071395874,0.08788207918405533,135683.765625,2.1842800072143667e+17,2.1842800072143667e+17,0.9650024175643921,33032.1875,0.7099747061729431,33031.4765625
322,221.02171325683594,1.293493390083313,1.2060773372650146,0.0874158963561058,135094.046875,1.833973712819323e+17,1.833973712819323e+17,0.9618628025054932,2106960.25,0.7261644601821899,2106959.5
323,177.2431182861328,0.6207383871078491,0.5787849426269531,0.04195354878902435,134554.34375,2.997798180885627e+17,2.997798180885627e+17,0.9621541500091553,1135207.125,0.7239900231361389,1135206.375
324,183.19728088378906,0.8830333948135376,0.8233469724655151,0.05968645215034485,134023.59375,4.3645010985353216e+17,4.3645010985353216e+17,0.9629486203193665,458556.09375,0.7346708178520203,458555.34375
325,171.5009307861328,0.5156803131103516,0.48082923889160156,0.034851085394620895,133624.296875,1.8422336221242982e+17,1.8422336221242982e+17,0.9592930674552917,1190840.0,0.7437058091163635,1190839.25
326,150.075439453125,0.3294932246208191,0.3072259724140167,0.022267211228609085,133280.5,2.6002448410528973e+17,2.6002448410528973e+17,0.9568054676055908,6025.1474609375,0.7516353130340576,6024.39599609375
327,176.3572998046875,0.6295468807220459,0.5869979858398438,0.04254885017871857,132856.53125,5.258432914097439e+17,5.258432914097439e+17,0.9557822942733765,1149758.0,0.7613850235939026,1149757.25
328,143.03878784179688,0.13607917726039886,0.126883402466774,0.009195777587592602,132319.828125,3.623925728841564e+17,3.623925728841564e+17,0.9536536335945129,355260.125,0.7715524435043335,355259.34375
329,158.09400939941406,0.5165829658508301,0.4816741943359375,0.03490879386663437,131707.65625,5.2084590798228685e+17,5.2084590798228685e+17,0.9506956338882446,3636.82470703125,0.7829700112342834,3636.041748046875
330,140.8768768310547,0.13103638589382172,0.12217781692743301,0.008858570829033852,131111.53125,5.323901615986442e+17,5.323901615986442e+17,0.9486997127532959,268111.5,0.7946498394012451,268110.71875
331,161.8289337158203,0.538627564907074,0.5022168159484863,0.03641077131032944,130571.9765625,6.185928009292186e+17,6.185928009292186e+17,0.9449470639228821,370698.90625,0.8038822412490845,370698.09375
332,139.57913208007812,0.10775268822908401,0.1004679799079895,0.007284706458449364,130049.5859375,5.487385251141386e+17,5.487385251141386e+17,0.9416642189025879,359317.375,0.8250684142112732,359316.5625
333,145.43093872070312,0.30033794045448303,0.2800447642803192,0.02029317058622837,129506.2734375,6.794915888958013e+17,6.794915888958013e+17,0.9370894432067871,22827.474609375,0.8497070670127869,22826.625
334,144.9373321533203,0.2687651216983795,0.2506036162376404,0.018161507323384285,128906.09375,7.538682591151391e+17,7.538682591151391e+17,0.9321905970573425,183910.21875,0.8668704032897949,183909.359375
335,136.60556030273438,0.1276017129421234,0.1189773827791214,0.008624332025647163,128204.453125,7.332221108050985e+17,7.332221108050985e+17,0.927820086479187,128781.71875,0.8890856504440308,128780.828125
336,138.67124938964844,0.19553324580192566,0.18231302499771118,0.013220218941569328,127452.359375,8.549937794955346e+17,8.549937794955346e+17,0.922707200050354,58723.6328125,0.9046888947486877,58722.7265625
337,135.0545196533203,0.113365039229393,0.10569865256547928,0.007666392717510462,126669.984375,1.158177994821337e+18,1.158177994821337e+18,0.9171953201293945,155810.15625,0.9270413517951965,155809.234375
338,134.0325164794922,0.1466328203678131,0.13672427833080292,0.009908564388751984,125901.65625,7.801129831948616e+17,7.801129831948616e+17,0.9117801189422607,1910.9315185546875,0.9585175514221191,1909.9730224609375
339,134.2814178466797,0.14036092162132263,0.1308765709400177,0.009484359063208103,125162.53125,4.889653965362299e+17,4.889653965362299e+17,0.9049424529075623,161186.09375,0.9837535619735718,161185.109375
340,128.1293182373047,0.05735115334391594,0.053474828600883484,0.003876324277371168,124388.7109375,5.720022326527918e+17,5.720022326527918e+17,0.8970506191253662,30103.44140625,1.0095146894454956,30102.431640625
341,130.1708526611328,0.11268439888954163,0.10506723821163177,0.007617166265845299,123525.375,4.9131326617839206e+17,4.9131326617839206e+17,0.8884284496307373,51992.90625,1.0341269969940186,51991.87109375
342,128.1287078857422,0.0792163833975792,0.07386032491922379,0.005356051959097385,122581.25,2.8224704003178496e+17,2.8224704003178496e+17,0.8795714974403381,130439.3125,1.0608106851577759,130438.25
343,126.43629455566406,0.09069725126028061,0.08456668257713318,0.006130560301244259,121614.9765625,2.734453120124846e+17,2.734453120124846e+17,0.8719664812088013,1300.8677978515625,1.0959856510162354,1299.7718505859375
344,126.33036804199219,0.09273552149534225,0.08646771311759949,0.006267810706049204,120686.28125,2.8664749172457472e+17,2.8664749172457472e+17,0.8643097281455994,72066.6171875,1.1246405839920044,72065.4921875
345,122.71180725097656,0.05374181270599365,0.05010943114757538,0.0036323843523859978,119790.65625,2.018570376409252e+17,2.018570376409252e+17,0.8567760586738586,3219.7939453125,1.1553642749786377,3218.638671875
346,122.52461242675781,0.06264205276966095,0.05840746685862541,0.00423457333818078,118848.859375,1.633624139979817e+17,1.633624139979817e+17,0.8458616733551025,38028.96875,1.1881777048110962,38027.78125
347,122.20429229736328,0.07798156142234802,0.0727107971906662,0.005270767491310835,117820.0859375,1.6009853091079782e+17,1.6009853091079782e+17,0.832912266254425,32503.0625,1.224243402481079,32501.837890625
348,121.26397705078125,0.08628889918327332,0.08045762032270432,0.005831276066601276,116749.15625,1.442325094025134e+17,1.442325094025134e+17,0.8219226002693176,5613.5966796875,1.2609708309173584,5612.3359375
349,122.19818878173828,0.12705081701278687,0.11846393346786499,0.00858689472079277,115674.328125,1.2166710341664768e+17,1.2166710341664768e+17,0.813229501247406,4965.28857421875,1.2914750576019287,4963.9970703125
350,122.31319427490234,0.1428804099559784,0.13322363793849945,0.009656785055994987,114644.5,1.352768669351936e+17,1.352768669351936e+17,0.8078580498695374,38938.59765625,1.3267321586608887,38937.26953125
351,120.79094696044922,0.13750778138637543,0.1282113641500473,0.009296403266489506,113604.2890625,1.2911342565667635e+17,1.2911342565667635e+17,0.7963076829910278,18215.314453125,1.3601075410842896,18213.955078125
352,115.3555908203125,0.05182487517595291,0.04832163080573082,0.0035032432060688734,112527.171875,1.3674633845591245e+17,1.3674633845591245e+17,0.7813629508018494,10041.7197265625,1.4023102521896362,10040.3173828125
353,115.16718292236328,0.060949668288230896,0.056831784546375275,0.004117877688258886,111406.5,1.2584655327225446e+17,1.2584655327225446e+17,0.7668378949165344,58735.16796875,1.443358302116394,58733.7265625
354,117.42601013183594,0.12841454148292542,0.11973515152931213,0.008679384365677834,110287.9375,1.1511881588853965e+17,1.1511881588853965e+17,0.7549289464950562,60221.640625,1.478114366531372,60220.1640625
355,120.03526306152344,0.20117565989494324,0.18758030235767365,0.01359534915536642,109188.265625,1.1129732578725069e+17,1.1129732578725069e+17,0.7506250143051147,67690.765625,1.5219353437423706,67689.2421875
356,134.66209411621094,0.5117733478546143,0.4771803617477417,0.03459297865629196,108081.3828125,1.0268786627392307e+17,1.0268786627392307e+17,0.7365455627441406,88934.5078125,1.5507014989852905,88932.9609375
357,152.637939453125,0.8889553546905518,0.8288806080818176,0.06007479131221771,106965.796875,1.1391384563377766e+17,1.1391384563377766e+17,0.726384162902832,111046.1015625,1.6039546728134155,111044.5
358,143.85728454589844,0.7384631633758545,0.6885520219802856,0.04991113394498825,105959.828125,1.0698507554285158e+17,1.0698507554285158e+17,0.706247091293335,86730.9765625,1.6277071237564087,86729.3515625
359,114.283203125,0.17805713415145874,0.1660231351852417,0.01203400269150734,105020.0703125,1.4262285014925312e+17,1.4262285014925312e+17,0.7024571895599365,21764.98828125,1.6708842515945435,21763.318359375
360,127.28709411621094,0.46088430285453796,0.42973917722702026,0.03114510327577591,104075.859375,1.576937959016366e+17,1.576937959016366e+17,0.6955952048301697,932.2224731445312,1.7040743827819824,930.5183715820312
361,110.21019744873047,0.13741613924503326,0.1281248927116394,0.009291241876780987,103151.859375,1.84341302014378e+17,1.84341302014378e+17,0.6888058185577393,318.6232604980469,1.7263035774230957,316.8969421386719
362,119.83004760742188,0.3481532335281372,0.32461920380592346,0.0235340166836977,102192.8125,2.2224720590012416e+17,2.2224720590012416e+17,0.6794589161872864,732.0703735351562,1.7593103647232056,730.31103515625
363,108.20948028564453,0.1325036734342575,0.12354907393455505,0.00895459484308958,101222.59375,2.3762751814683853e+17,2.3762751814683853e+17,0.6636787056922913,12407.4658203125,1.8029136657714844,12405.6630859375
364,111.81732177734375,0.20641447603702545,0.19246551394462585,0.013948976993560791,100306.421875,3.063938272062341e+17,3.063938272062341e+17,0.651503324508667,88377.40625,1.8434661626815796,88375.5625
365,105.41220092773438,0.09943416714668274,0.09271325916051865,0.006720912642776966,99422.84375,2.989943544694702e+17,2.989943544694702e+17,0.6443761587142944,71864.53125,1.8787657022476196,71862.65625
366,108.76283264160156,0.19931422173976898,0.18584157526493073,0.013472650200128555,98450.0546875,3.1346038843795046e+17,3.1346038843795046e+17,0.6357182264328003,3359.727294921875,1.915102243423462,3357.812255859375
367,102.03441619873047,0.08545580506324768,0.07967732846736908,0.005778471473604441,97446.90625,2.922946178045706e+17,2.922946178045706e+17,0.6220434308052063,2241.789306640625,1.9565550088882446,2239.832763671875
368,104.70166778564453,0.15808825194835663,0.14740252494812012,0.010685733519494534,96483.234375,3.056037593822003e+17,3.056037593822003e+17,0.6058122515678406,841.8888549804688,2.008852005004883,839.8800048828125
369,100.04215240478516,0.08369903266429901,0.07804226875305176,0.005656769033521414,95565.3359375,2.8661009114936115e+17,2.8661009114936115e+17,0.5913709402084351,524.5215454101562,2.057926654815674,522.463623046875
370,100.44038391113281,0.11073286086320877,0.10324960201978683,0.007483253721147776,94628.625,2.4867920773382144e+17,2.4867920773382144e+17,0.5799351334571838,2642.671875,2.1049342155456543,2640.56689453125
371,100.36111450195312,0.12757213413715363,0.11894996464252472,0.008622176013886929,93622.625,2.357787752440791e+17,2.357787752440791e+17,0.5683988332748413,12409.8720703125,2.153981924057007,12407.7177734375
372,99.62730407714844,0.13491088151931763,0.1257908046245575,0.009120067581534386,92575.265625,2.3347275576324915e+17,2.3347275576324915e+17,0.5526019930839539,7301.3017578125,2.2118937969207764,7299.08984375
373,111.48225402832031,0.39215007424354553,0.365645170211792,0.0265048835426569,91548.25,2.1217088620619366e+17,2.1217088620619366e+17,0.5363523960113525,11431.6591796875,2.253932476043701,11429.4052734375
374,129.87718200683594,0.7563893795013428,0.7052698135375977,0.05111957713961601,90613.15625,2.3143177012432077e+17,2.3143177012432077e+17,0.5222486257553101,121312.1171875,2.3262441158294678,121309.7890625
375,172.08792114257812,1.5733623504638672,1.467035174369812,0.10632726550102234,89725.78125,1.8484297137441997e+17,1.8484297137441997e+17,0.511008620262146,350917.34375,2.359555959701538,350914.96875
376,140.14756774902344,0.8503453135490417,0.7928750514984131,0.05747029930353165,88901.6484375,2.8081082014787174e+17,2.8081082014787174e+17,0.5051687359809875,844785.25,2.409536838531494,844782.8125
377,110.53644561767578,0.19723448157310486,0.18390129506587982,0.013333183713257313,88177.96875,3.025007657699246e+17,3.025007657699246e+17,0.49413761496543884,1219425.5,2.4344074726104736,1219423.125
378,137.1842041015625,0.7156860828399658,0.667315661907196,0.04837043210864067,87441.2734375,3.251608414249288e+17,3.251608414249288e+17,0.48490989208221436,1363345.625,2.464219093322754,1363343.125
379,112.76139831542969,0.23503278195858002,0.2191479206085205,0.015884825959801674,86814.8515625,2.819042672818258e+17,2.819042672818258e+17,0.48166975378990173,1391299.875,2.500821828842163,1391297.375
380,113.8543701171875,0.47375473380088806,0.4417402446269989,0.03201448172330856,86159.0703125,2.4370822976530022e+17,2.4370822976530022e+17,0.47525662183761597,376385.25,2.544255018234253,376382.71875
381,99.68669128417969,0.26552119851112366,0.247574582695961,0.01794658787548542,85514.1328125,2.8189650198095462e+17,2.8189650198095462e+17,0.4648963212966919,61459.4140625,2.5644309520721436,61456.8515625
382,104.72377014160156,0.27077600359916687,0.25247523188591003,0.01830081082880497,84807.8984375,2.212670600034386e+17,2.212670600034386e+17,0.4577731192111969,615579.6875,2.5908660888671875,615577.125
383,98.5382080078125,0.2472480982542038,0.23053720593452454,0.016710881143808365,84039.2734375,3.415320541664379e+17,3.415320541664379e+17,0.4505845904350281,179500.046875,2.632582902908325,179497.421875
384,100.21895599365234,0.3214075565338135,0.2996808588504791,0.021726693958044052,83361.6796875,3.245907446459269e+17,3.245907446459269e+17,0.44055989384651184,46229.3203125,2.6691482067108154,46226.65234375
385,92.14907836914062,0.13262920081615448,0.12366478890180588,0.0089644156396389,82713.96875,2.4540383131415347e+17,2.4540383131415347e+17,0.4293098449707031,255823.6875,2.7106449604034424,255820.984375
386,97.1668930053711,0.2811734974384308,0.26217445731163025,0.018999051302671432,81957.5390625,3.7945730258488525e+17,3.7945730258488525e+17,0.4134308099746704,77121.9765625,2.762927532196045,77119.2109375
387,88.61534118652344,0.1375366896390915,0.12824185192584991,0.009294825606048107,81161.59375,3.429628280318198e+17,3.429628280318198e+17,0.4036785364151001,23394.451171875,2.809814214706421,23391.640625
388,90.06880187988281,0.16103950142860413,0.15015196800231934,0.010887539014220238,80371.28125,2.749677748397015e+17,2.749677748397015e+17,0.3971194326877594,137056.75,2.8478150367736816,137053.90625
389,89.51070404052734,0.18062390387058258,0.16841185092926025,0.012212038040161133,79579.15625,3.6899885106069504e+17,3.6899885106069504e+17,0.3855074942111969,53134.6875,2.89730167388916,53131.7890625
390,83.5687255859375,0.08951790630817413,0.0834680050611496,0.006049892865121365,78758.4921875,3.329569286216745e+17,3.329569286216745e+17,0.3721882700920105,137.3428955078125,2.9655237197875977,134.3773651123047
391,86.1557846069336,0.1559005230665207,0.1453673094511032,0.010533230379223824,77916.7421875,3.230399522144256e+17,3.230399522144256e+17,0.3577699661254883,12097.2412109375,3.0288822650909424,12094.2119140625
392,81.63753509521484,0.08193229138851166,0.07639525085687637,0.005537041462957859,77053.2265625,3.708439346513183e+17,3.708439346513183e+17,0.34602734446525574,11685.1259765625,3.084045648574829,11682.0419921875
393,84.69435119628906,0.16241298615932465,0.1514354944229126,0.01097748801112175,76111.5234375,2.866187326235607e+17,2.866187326235607e+17,0.33776986598968506,17555.298828125,3.1440882682800293,17552.154296875
394,83.03359985351562,0.14853747189044952,0.1384936273097992,0.01004386879503727,75187.2890625,3.329129825163018e+17,3.329129825163018e+17,0.324942946434021,8651.6357421875,3.2062509059906006,8648.4296875
395,93.46995544433594,0.37675216794013977,0.3512911796569824,0.025461016222834587,74240.1171875,3.205649859000402e+17,3.205649859000402e+17,0.31113630533218384,7166.50244140625,3.277127504348755,7163.22509765625
396,111.86380767822266,0.7275784015655518,0.6784049272537231,0.04917347431182861,73390.796875,2.1878726614581248e+17,2.1878726614581248e+17,0.29890111088752747,187529.625,3.3396897315979004,187526.28125
397,113.61351776123047,0.7220865488052368,0.6732902526855469,0.04879627376794815,72446.7109375,3.3236546008540774e+17,3.3236546008540774e+17,0.28557801246643066,473010.8125,3.4088642597198486,473007.40625
398,95.02487182617188,0.3660610616207123,0.3413201570510864,0.02474091574549675,71604.0390625,2.901908741035131e+17,2.901908741035131e+17,0.27572911977767944,482758.53125,3.469804286956787,482755.0625
399,88.08306121826172,0.3032747805118561,0.28277039527893066,0.020504383370280266,70790.859375,2.7646946720507494e+17,2.7646946720507494e+17,0.268692284822464,185199.34375,3.5029947757720947,185195.84375
400,89.41343688964844,0.38340869545936584,0.3574989438056946,0.02590971067547798,69955.6640625,2.5329167619221094e+17,2.5329167619221094e+17,0.2654862403869629,3405.107421875,3.5547099113464355,3401.552734375
401,84.2824478149414,0.27786722779273987,0.25908687710762024,0.018780380487442017,69150.9765625,2.853251056538747e+17,2.853251056538747e+17,0.2532291114330292,95278.2265625,3.6178171634674072,95274.609375
402,94.31730651855469,0.42751961946487427,0.39862585067749023,0.02889382094144821,68366.203125,2.8440270129751654e+17,2.8440270129751654e+17,0.24222208559513092,429072.09375,3.6830568313598633,429068.40625
403,103.0780029296875,0.5340864658355713,0.49799200892448425,0.03609449043869972,67632.7734375,2.9870879068389376e+17,2.9870879068389376e+17,0.22959114611148834,844219.6875,3.708543062210083,844216.0
404,113.17230987548828,0.7818784713745117,0.7290420532226562,0.05283648520708084,66802.34375,2.990014669353124e+17,2.990014669353124e+17,0.2331242710351944,697703.375,3.774182081222534,697699.625
405,110.96952819824219,0.8688123822212219,0.8100864291191101,0.0587259866297245,66117.2265625,2.2016713605880218e+17,2.2016713605880218e+17,0.22606441378593445,119150.515625,3.806586265563965,119146.7109375
406,78.00174713134766,0.21491387486457825,0.20038554072380066,0.014528347179293633,65478.27734375,2.2932347375792947e+17,2.2932347375792947e+17,0.22369205951690674,154844.75,3.848273277282715,154840.90625
407,89.29207611083984,0.3357647657394409,0.31307652592658997,0.022688277065753937,64820.53515625,4.201047356352758e+17,4.201047356352758e+17,0.21143314242362976,726318.875,3.908640146255493,726314.9375
408,87.02920532226562,0.38116827607154846,0.3554081916809082,0.025760028511285782,64124.734375,3.219753500808315e+17,3.219753500808315e+17,0.19887544214725494,352408.1875,3.9771487712860107,352404.21875
409,71.40547943115234,0.14526177942752838,0.1354425549507141,0.009819232858717442,63435.25,3.983303853159219e+17,3.983303853159219e+17,0.19607840478420258,30880.498046875,4.028878211975098,30876.46875
410,82.71246337890625,0.2757122218608856,0.2570774555206299,0.018634771928191185,62740.0625,6.670974127911731e+17,6.670974127911731e+17,0.19494840502738953,551968.5,4.066842555999756,551964.4375
411,78.71024322509766,0.17089736461639404,0.1593455821275711,0.011551786214113235,62066.21875,3.728233648189604e+17,3.728233648189604e+17,0.18526822328567505,772632.5625,4.122915744781494,772628.4375
412,87.70341491699219,0.4544737637042999,0.42375433444976807,0.030719438567757607,61333.73828125,5.919057982972232e+17,5.919057982972232e+17,0.17012320458889008,305408.875,4.19795560836792,305404.6875
413,75.38402557373047,0.2852597236633301,0.2659836411476135,0.019276022911071777,60665.05859375,3.3889745250759475e+17,3.3889745250759475e+17,0.16273026168346405,11708.2431640625,4.27952766418457,11703.9638671875
414,76.35533905029297,0.31570956110954285,0.2943742275238037,0.021335318684577942,60030.40625,3.207859190177464e+17,3.207859190177464e+17,0.16142486035823822,21866.228515625,4.327116966247559,21861.90234375
415,68.40655517578125,0.13858725130558014,0.12921756505966187,0.009369684383273125,59356.79296875,2.6912746113073152e+17,2.6912746113073152e+17,0.15443255007266998,185127.453125,4.37171745300293,185123.078125
416,71.8047103881836,0.1849517673254013,0.1724492907524109,0.012502467259764671,58598.70703125,2.710536680636416e+17,2.710536680636416e+17,0.14284175634384155,368735.28125,4.4477858543396,368730.84375
417,69.16178894042969,0.18705227971076965,0.1744113266468048,0.012640928849577904,57862.69921875,2.2148936751067955e+17,2.2148936751067955e+17,0.1348710060119629,172498.421875,4.534936904907227,172493.890625
418,62.58163070678711,0.10197911411523819,0.09508633613586426,0.006892775651067495,57202.79296875,2.2735143093403648e+17,2.2735143093403648e+17,0.130738765001297,5252.44140625,4.593910217285156,5247.84765625
419,64.66741943359375,0.14505860209465027,0.13525401055812836,0.009804567322134972,56489.39453125,2.203871071038341e+17,2.203871071038341e+17,0.12461385130882263,70470.359375,4.652283668518066,70465.7109375
420,62.51243591308594,0.09732770919799805,0.09075181186199188,0.006575899198651314,55651.9140625,1.8814224499212288e+17,1.8814224499212288e+17,0.11535731703042984,180599.125,4.7429327964782715,180594.375
421,61.22496032714844,0.09871658682823181,0.09204398095607758,0.00667260168120265,54844.31640625,2.3604662658452685e+17,2.3604662658452685e+17,0.10735765099525452,120876.546875,4.822293281555176,120871.7265625
422,58.45277786254883,0.08387461304664612,0.0782017782330513,0.005672832019627094,54094.93359375,1.6177588743857766e+17,1.6177588743857766e+17,0.10221517831087112,233.3341827392578,4.885061740875244,228.44912719726562
423,58.300113677978516,0.0782756507396698,0.07298580557107925,0.005289836786687374,53308.9296875,2.011948395832279e+17,2.011948395832279e+17,0.09734942764043808,87620.1484375,4.96703577041626,87615.1796875
424,56.770042419433594,0.06317213177680969,0.05890557914972305,0.00426655076444149,52457.25,1.8922785810572902e+17,1.8922785810572902e+17,0.09023746848106384,96495.6015625,5.065855026245117,96490.5390625
425,55.48867416381836,0.07425742596387863,0.06923718750476837,0.005020243115723133,51607.984375,1.5811425602004582e+17,1.5811425602004582e+17,0.081950344145298,970.2398071289062,5.154263973236084,965.0855712890625
426,53.82167053222656,0.04531462863087654,0.04224955663084984,0.0030650740955024958,50776.7578125,2.031771731487621e+17,2.031771731487621e+17,0.07610379904508591,57600.125,5.230131149291992,57594.89453125
427,55.037635803222656,0.08886685222387314,0.08286271244287491,0.006004147697240114,49947.00390625,1.3751923500069683e+17,1.3751923500069683e+17,0.07235743850469589,50976.37890625,5.322208404541016,50971.05859375
428,54.2060546875,0.09941726177930832,0.0926947072148323,0.006722548045217991,49093.6328125,1.3346279300844749e+17,1.3346279300844749e+17,0.06775236129760742,809.6580200195312,5.402117729187012,804.2559204101562
429,70.77632141113281,0.4408838450908661,0.4110890030860901,0.029794856905937195,48210.66796875,1.966979057451008e+17,1.966979057451008e+17,0.05952613800764084,32476.314453125,5.539037704467773,32470.775390625
430,131.1762237548828,1.6734755039215088,1.5603770017623901,0.11309856176376343,47392.11328125,1.0410194130645811e+17,1.0410194130645811e+17,0.05465829744935036,623.5474853515625,5.5721540451049805,617.975341796875
431,180.4268341064453,2.633026123046875,2.4550867080688477,0.17793971300125122,46714.03515625,1.2318361341919232e+17,1.2318361341919232e+17,0.05266374722123146,193830.46875,5.708827495574951,193824.765625
432,111.35455322265625,1.1220107078552246,1.0461777448654175,0.07583311200141907,46304.9609375,2.5813466413531136e+17,2.5813466413531136e+17,0.05227090045809746,869092.125,5.686009407043457,869086.4375
433,162.9267578125,2.0911636352539062,1.9498270750045776,0.14133654534816742,46009.33984375,5.4728012601910886e+17,5.4728012601910886e+17,0.051739826798439026,1181195.0,5.681816577911377,1181189.375
434,169.34585571289062,2.404771089553833,2.242248773574829,0.16252243518829346,45662.59375,4.8271518832839885e+17,4.8271518832839885e+17,0.049092069268226624,296199.5,5.75252103805542,296193.75
435,229.62571716308594,3.6612863540649414,3.4138591289520264,0.24742724001407623,45611.80078125,4.598500881145528e+17,4.598500881145528e+17,0.04517761245369911,48974.66796875,5.72907829284668,48968.9375
436,193.8990936279297,2.805772066116333,2.616143226623535,0.18962904810905457,45667.9375,1.1492138139590328e+18,1.1492138139590328e+18,0.0449906624853611,679332.8125,5.7005815505981445,679327.125
437,252.79507446289062,3.6989564895629883,3.448981285095215,0.24997520446777344,45796.8125,7.666735838490788e+17,7.666735838490788e+17,0.05743301287293434,2128374.5,5.635663986206055,2128368.75
438,229.6416473388672,2.253824472427368,2.101487398147583,0.15233708918094635,46470.21875,1.2541101094668861e+18,1.2541101094668861e+18,0.06472858786582947,6922610.5,5.488618850708008,6922605.0
439,389.46600341796875,2.3486242294311523,2.189890146255493,0.15873391926288605,47037.88671875,4.5708432846241137e+18,4.5708432846241137e+18,0.06602266430854797,22042604.0,5.384829044342041,22042598.0
440,413.1250915527344,3.1299538612365723,2.918426752090454,0.2115270346403122,47750.69140625,8.325922058961682e+18,8.325922058961682e+18,0.07824788987636566,20055078.0,5.272365093231201,20055072.0
441,216.37258911132812,2.719285488128662,2.535484790802002,0.18380093574523926,48517.765625,2.6770821152159826e+18,2.6770821152159826e+18,0.08335578441619873,2921346.0,5.149309158325195,2921340.75
442,123.96833801269531,1.44767165184021,1.3498320579528809,0.09783950448036194,49528.01953125,1.5381231713313096e+18,1.5381231713313096e+18,0.086704321205616,51860.85546875,5.081668853759766,51855.7734375
443,520.3159790039062,8.16627311706543,7.614381313323975,0.5518908500671387,50461.99609375,1.6371266342700974e+18,1.6371266342700974e+18,0.09191811084747314,5990320.0,5.009019374847412,5990315.0
444,522.5477905273438,8.619475364685059,8.036951065063477,0.5825241804122925,51581.7265625,2.4110797410092974e+18,2.4110797410092974e+18,0.09595318138599396,3758122.75,4.835435390472412,3758118.0
445,508.8931884765625,8.989137649536133,8.381606101989746,0.607531726360321,52985.80078125,1.4943239881998991e+18,1.4943239881998991e+18,0.11586909741163254,495617.25,4.667070388793945,495612.59375
446,1262.959716796875,24.04198455810547,22.417177200317383,1.6248102188110352,54831.80078125,3.449041257618211e+18,3.449041257618211e+18,0.1329030990600586,257963.09375,4.476889610290527,257958.609375
447,431.43359375,5.5359907150268555,5.161843776702881,0.37414678931236267,57428.3359375,6.685817947203568e+18,6.685817947203568e+18,0.16240982711315155,9051991.0,4.143289089202881,9051987.0
448,574.1024780273438,10.085140228271484,9.403545379638672,0.6815953254699707,60254.3671875,2.036768736957956e+18,2.036768736957956e+18,0.20775698125362396,755434.875,3.8595681190490723,755431.0
449,557.1995239257812,9.677777290344238,9.023721694946289,0.6540558934211731,63502.234375,6.730852843965645e+18,6.730852843965645e+18,0.25402557849884033,307759.9375,3.542128562927246,307756.40625
450,1448.00341796875,27.412887573242188,25.560256958007812,1.8526309728622437,67537.46875,2.5250408226933965e+18,2.5250408226933965e+18,0.3013846278190613,729650.6875,3.3087801933288574,729647.375
451,828.9931640625,15.021385192871094,14.006235122680664,1.0151503086090088,71476.3046875,3.063645939408306e+18,3.063645939408306e+18,0.3368225693702698,338388.5625,3.084136486053467,338385.46875
452,804.80615234375,14.48075008392334,13.502124786376953,0.9786266684532166,75227.296875,3.122695486255923e+18,3.122695486255923e+18,0.36127692461013794,241870.546875,2.8439080715179443,241867.703125
453,1191.1561279296875,21.81768798828125,20.343196868896484,1.474491000175476,78936.2734375,2.768785508141105e+18,2.768785508141105e+18,0.41151174902915955,1856663.875,2.576610565185547,1856661.25
454,1096.24462890625,20.169147491455078,18.806047439575195,1.363100528717041,82717.1875,2.644476647650099e+18,2.644476647650099e+18,0.4739544987678528,242556.140625,2.384479522705078,242553.75
455,568.9539794921875,9.502140998840332,8.859953880310059,0.6421874165534973,86949.3359375,4.110971721673081e+18,4.110971721673081e+18,0.52867591381073,278660.9375,2.2774267196655273,278658.65625
456,460.3893127441406,7.183028697967529,6.69758939743042,0.4854397475719452,91188.328125,8.687097335034937e+18,8.687097335034937e+18,0.5651049017906189,136246.25,2.121163845062256,136244.125
457,903.514404296875,15.948165893554688,14.870370864868164,1.077795386314392,95183.0703125,7.608959113791275e+18,7.608959113791275e+18,0.584709644317627,331401.34375,1.9351825714111328,331399.40625
458,547.9765014648438,8.491549491882324,7.917660236358643,0.5738891363143921,98567.421875,4.014581110678749e+18,4.014581110678749e+18,0.6272852420806885,2081701.75,1.7725605964660645,2081700.0
459,401.24920654296875,5.6576619148254395,5.2752909660339355,0.38237065076828003,101590.2734375,7.684444435328795e+18,7.684444435328795e+18,0.6753950715065002,909138.9375,1.6448391675949097,909137.3125
460,282.3927307128906,2.8134851455688477,2.6233298778533936,0.1901549994945526,104280.609375,9.646564166781108e+18,9.646564166781108e+18,0.7162135243415833,2779131.75,1.5605219602584839,2779130.25
461,419.4566955566406,5.731527805328369,5.344184398651123,0.38734328746795654,106843.4921875,4.585150954558456e+18,4.585150954558456e+18,0.747387707233429,2145165.25,1.4912924766540527,2145163.75
462,422.4917907714844,6.226032733917236,5.805265426635742,0.4207679331302643,109189.4140625,1.565967753548923e+18,1.565967753548923e+18,0.7652548551559448,43476.50390625,1.4229044914245605,43475.08203125
463,367.3883361816406,4.648830413818359,4.334659099578857,0.3141719102859497,111330.5390625,1.9619203075308257e+18,1.9619203075308257e+18,0.7899336814880371,2165435.0,1.3578284978866577,2165433.75
464,715.7916870117188,11.759920120239258,10.965152740478516,0.7947684526443481,113360.8125,3.7595032091277394e+18,3.7595032091277394e+18,0.8030802607536316,1067530.25,1.3095842599868774,1067529.0
465,444.9786376953125,6.441592693328857,6.006266117095947,0.4353259801864624,115201.7421875,5.686844563159777e+18,5.686844563159777e+18,0.8211770057678223,201040.9375,1.2590903043746948,201039.671875
466,251.72940063476562,2.279836416244507,2.125765085220337,0.15407131612300873,116821.2578125,6.332118800443376e+18,6.332118800443376e+18,0.8262732625007629,1458419.25,1.1935449838638306,1458418.0
467,204.84275817871094,1.606674313545227,1.4980891942977905,0.10858520120382309,118345.65625,4.864124542315921e+18,4.864124542315921e+18,0.836205244064331,129925.5,1.1278293132781982,129924.375
468,284.3219909667969,3.098170518875122,2.8887832164764404,0.20938724279403687,119859.21875,4.171742553973981e+18,4.171742553973981e+18,0.8487677574157715,538247.5,1.0782064199447632,538246.4375
469,183.20758056640625,1.1217082738876343,1.0458999872207642,0.07580827921628952,121370.796875,3.6202041568594493e+18,3.6202041568594493e+18,0.8601627349853516,213114.703125,1.0383490324020386,213113.671875
470,226.73167419433594,2.0056660175323486,1.8701190948486328,0.13554692268371582,122691.625,3.090649670108578e+18,3.090649670108578e+18,0.8726842403411865,66608.4375,0.9993177652359009,66607.4375
471,185.07518005371094,1.0644166469573975,0.9924777150154114,0.07193897664546967,123809.3671875,2.8036100650497475e+18,2.8036100650497475e+18,0.8850612044334412,524136.96875,0.9631587266921997,524136.0
472,188.66262817382812,1.1910570859909058,1.1105595827102661,0.08049743622541428,124816.0546875,2.474920959530762e+18,2.474920959530762e+18,0.8958582282066345,181879.9375,0.931739091873169,181879.0
473,177.12924194335938,0.9850663542747498,0.9184917211532593,0.0665745809674263,125826.4375,1.983749049316016e+18,1.983749049316016e+18,0.9058689475059509,6571.61865234375,0.9062602519989014,6570.71240234375
474,164.56056213378906,0.7224558591842651,0.6736286878585815,0.048827193677425385,126851.4765625,1.4715065105834312e+18,1.4715065105834312e+18,0.916630208492279,11477.08203125,0.885318398475647,11476.1962890625
475,163.779541015625,0.6914466023445129,0.6447164416313171,0.0467301644384861,127855.4765625,1.229437480856453e+18,1.229437480856453e+18,0.9261336922645569,12230.07421875,0.8659955859184265,12229.2080078125
476,162.89804077148438,0.6365396976470947,0.5935230255126953,0.043016668409109116,128754.8828125,1.3353607202246492e+18,1.3353607202246492e+18,0.9328871965408325,98081.3359375,0.8472697734832764,98080.4921875
477,155.4397735595703,0.4776425063610077,0.44536256790161133,0.032279934734106064,129478.8359375,1.4821206460821668e+18,1.4821206460821668e+18,0.9377039074897766,59669.3125,0.8309852480888367,59668.48046875
478,152.8079833984375,0.42327412962913513,0.39466673135757446,0.02860739640891552,130041.9140625,1.578167797131772e+18,1.578167797131772e+18,0.94181889295578,2418.932373046875,0.818375289440155,2418.114013671875
479,155.29208374023438,0.46247342228889465,0.43121781945228577,0.031255584210157394,130515.3984375,1.6019014428120842e+18,1.6019014428120842e+18,0.9453372359275818,5110.2353515625,0.8072981238365173,5109.42822265625
480,154.29258728027344,0.43293070793151855,0.40367141366004944,0.029259275645017624,130957.15625,1.535478158671741e+18,1.535478158671741e+18,0.9483460783958435,15340.7314453125,0.7964684367179871,15339.9345703125
481,149.38975524902344,0.33066749572753906,0.3083184063434601,0.02234911173582077,131391.0625,1.3940050970374308e+18,1.3940050970374308e+18,0.9509570002555847,7130.65966796875,0.7891345620155334,7129.87060546875
482,147.0280303955078,0.27843230962753296,0.25961339473724365,0.018818896263837814,131806.984375,1.2954587560578908e+18,1.2954587560578908e+18,0.9529566764831543,396.0735168457031,0.785020649433136,395.2884826660156
483,150.77774047851562,0.3467807173728943,0.3233448565006256,0.023435872048139572,132159.953125,1.2387100747303485e+18,1.2387100747303485e+18,0.9543619751930237,4003.58056640625,0.7818934917449951,4002.798583984375
484,145.30191040039062,0.2304997593164444,0.21492382884025574,0.015575933270156384,132403.625,1.1833515884171756e+18,1.1833515884171756e+18,0.9551362991333008,18993.40234375,0.7784643769264221,18992.623046875
485,146.80552673339844,0.26277580857276917,0.24501726031303406,0.017758572474122047,132521.828125,1.1343246398125507e+18,1.1343246398125507e+18,0.9554604291915894,1057.959228515625,0.7747458815574646,1057.1844482421875
486,144.6765899658203,0.21701864898204803,0.2023506462574005,0.014668038114905357,132546.171875,1.0836650538796319e+18,1.0836650538796319e+18,0.9558136463165283,19582.0,0.7725322246551514,19581.2265625
487,143.77049255371094,0.19907717406749725,0.18562130630016327,0.013455861248075962,132525.296875,1.0104787424363151e+18,1.0104787424363151e+18,0.9562661647796631,28085.384765625,0.7723596096038818,28084.61328125
488,142.29931640625,0.17737509310245514,0.1653863489627838,0.011988748796284199,132502.375,9.022563555349627e+17,9.022563555349627e+17,0.9564919471740723,2593.07275390625,0.7729042172431946,2592.2998046875
489,142.22434997558594,0.17679622769355774,0.16484688222408295,0.011949368752539158,132505.53125,7.877896359410401e+17,7.877896359410401e+17,0.956347644329071,9120.193359375,0.77364581823349,9119.419921875
490,141.0792694091797,0.14574401080608368,0.1358940154314041,0.009849995374679565,132534.21875,7.049513303927685e+17,7.049513303927685e+17,0.9560205936431885,55288.40625,0.7752047777175903,55287.6328125
491,138.6456756591797,0.10599251091480255,0.09882920980453491,0.007163279224187136,132542.921875,6.749712217161073e+17,6.749712217161073e+17,0.9553256034851074,12815.3037109375,0.777795135974884,12814.5263671875
492,139.87657165527344,0.13274413347244263,0.12377269566059113,0.008971434086561203,132487.03125,6.469731889069425e+17,6.469731889069425e+17,0.9545769691467285,10536.8583984375,0.7807865738868713,10536.0771484375
493,138.3023681640625,0.09751848131418228,0.09092745929956436,0.006591033656150103,132354.625,5.952862467968205e+17,5.952862467968205e+17,0.9538958072662354,47650.96875,0.783930242061615,47650.18359375
494,137.3245391845703,0.08793900161981583,0.08199536800384521,0.005943638738244772,132163.3125,5.268517153711063e+17,5.268517153711063e+17,0.9532063007354736,23740.40234375,0.7875896096229553,23739.615234375
495,137.09002685546875,0.09332441538572311,0.0870167464017868,0.006307676900178194,131947.640625,4.646531672215388e+17,4.646531672215388e+17,0.9523615837097168,1149.98193359375,0.7921202778816223,1149.1898193359375
496,136.56961059570312,0.08037622272968292,0.07494335621595383,0.005432868842035532,131742.375,4.2271233053976166e+17,4.2271233053976166e+17,0.9512950778007507,38570.27734375,0.7973182201385498,38569.48046875
497,136.3963623046875,0.0808747187256813,0.07540784776210785,0.005466864909976721,131560.4375,3.97596048987521e+17,3.97596048987521e+17,0.950040340423584,39459.4921875,0.8027212023735046,39458.69140625
498,135.3043975830078,0.07035581022500992,0.06559976935386658,0.004756048321723938,131386.90625,3.816030338862285e+17,3.816030338862285e+17,0.948685348033905,1807.4390869140625,0.8082832098007202,1806.630859375
499,134.8137664794922,0.061229392886161804,0.057090602815151215,0.004138793796300888,131196.75,3.7337593813139456e+17,3.7337593813139456e+17,0.9472846388816833,18216.671875,0.8143653273582458,18215.857421875
500,135.10350036621094,0.06810314953327179,0.06350065022706985,0.004602500237524509,130973.8984375,3.701782147204383e+17,3.701782147204383e+17,0.9458332657814026,35426.80078125,0.8210866451263428,35425.98046875
501,134.1595001220703,0.05991525948047638,0.05586649477481842,0.0040487670339643955,130712.890625,3.6931461705629696e+17,3.6931461705629696e+17,0.9443048238754272,8154.390625,0.8281131386756897,8153.5625
502,133.44041442871094,0.05217963084578514,0.04865306615829468,0.0035265672486275434,130417.1328125,3.7160321614977434e+17,3.7160321614977434e+17,0.9427117705345154,4269.20556640625,0.8351332545280457,4268.37060546875
503,133.6209259033203,0.05819108709692955,0.05425742268562317,0.003933662548661232,130100.5625,3.743385949212508e+17,3.743385949212508e+17,0.9411064386367798,23645.41796875,0.8422166705131531,23644.576171875
504,132.91482543945312,0.052366405725479126,0.048826251178979874,0.0035401589702814817,129780.6875,3.7255240392219034e+17,3.7255240392219034e+17,0.9394843578338623,14324.3623046875,0.8496395349502563,14323.5126953125
505,132.26023864746094,0.048496101051568985,0.04521791636943817,0.0032781814225018024,129467.234375,3.675091846037504e+17,3.675091846037504e+17,0.937755823135376,69.05683135986328,0.8575223684310913,68.19931030273438
506,132.1674346923828,0.05075262114405632,0.04732223227620125,0.0034303911961615086,129160.6953125,3.6123193528182374e+17,3.6123193528182374e+17,0.9358823299407959,10786.1953125,0.865710437297821,10785.330078125
507,131.6232452392578,0.045422233641147614,0.042352065443992615,0.0030701730865985155,128854.1171875,3.53027826191958e+17,3.53027826191958e+17,0.9339368939399719,14496.9833984375,0.8740181922912598,14496.109375
508,131.10107421875,0.043924517929553986,0.04095538333058357,0.0029691276140511036,128536.0703125,3.444992237329449e+17,3.444992237329449e+17,0.931977391242981,2427.169677734375,0.8824707865715027,2426.287109375
509,130.8055877685547,0.044881708920001984,0.04184778779745102,0.0030339215882122517,128199.5390625,3.384113309291643e+17,3.384113309291643e+17,0.9299713969230652,2356.14111328125,0.8911975026130676,2355.25
510,130.28607177734375,0.040076568722724915,0.0373675636947155,0.0027090064249932766,127848.0390625,3.342466901207941e+17,3.342466901207941e+17,0.9278689622879028,9995.50390625,0.9001736640930176,9994.603515625
511,129.9832763671875,0.04207778722047806,0.03923380747437477,0.002843972761183977,127489.5234375,3.2954675894838886e+17,3.2954675894838886e+17,0.9256715178489685,6032.36376953125,0.9092035889625549,6031.45458984375
512,129.54335021972656,0.041801705956459045,0.038976315408945084,0.0028253926429897547,127129.1640625,3.232617786853294e+17,3.232617786853294e+17,0.9234182834625244,84.17672729492188,0.9181571006774902,83.2585678100586
513,129.03138732910156,0.037901006639003754,0.03533882647752762,0.0025621838867664337,126769.4765625,3.166869396693975e+17,3.166869396693975e+17,0.9211361408233643,5016.5166015625,0.9271280765533447,5015.58935546875
514,128.78184509277344,0.03982707858085632,0.037134528160095215,0.0026925434358417988,126410.2109375,3.120811198203822e+17,3.120811198203822e+17,0.9188226461410522,6818.45556640625,0.9363465309143066,6817.51904296875
515,128.27281188964844,0.0380861833691597,0.03551148995757103,0.0025746943429112434,126047.6484375,3.099559700023214e+17,3.099559700023214e+17,0.9164498448371887,1089.60595703125,0.945939302444458,1088.6600341796875
516,127.87867736816406,0.037523046135902405,0.03498668596148491,0.0025363657623529434,125679.234375,3.0878564295376896e+17,3.0878564295376896e+17,0.9139866232872009,1450.1407470703125,0.9557558298110962,1449.1849365234375
517,127.55596160888672,0.03774154186248779,0.035190511494874954,0.0025510331615805626,125307.8671875,3.068790897912054e+17,3.068790897912054e+17,0.9114327430725098,5413.052734375,0.9655096530914307,5412.08740234375
518,127.04251098632812,0.03547993674874306,0.033081602305173874,0.002398335374891758,124937.171875,3.0297121930765926e+17,3.0297121930765926e+17,0.9088129997253418,2836.495361328125,0.9751428365707397,2835.520263671875
519,126.69625854492188,0.03660785034298897,0.03413303568959236,0.002474813489243388,124567.03125,2.97196893476225e+17,2.97196893476225e+17,0.9061811566352844,163.40029907226562,0.9848973155021667,162.4154052734375
520,126.33214569091797,0.03615650162100792,0.033712200820446014,0.002444299403578043,124196.1015625,2.915874943889572e+17,2.915874943889572e+17,0.9035969972610474,3663.208984375,0.9949530363082886,3662.214111328125
521,125.86689758300781,0.03438379243016243,0.032059576362371445,0.002324213506653905,123823.2421875,2.8760523507184435e+17,2.8760523507184435e+17,0.9010180830955505,3685.15234375,1.0052144527435303,3684.147216796875
522,125.48284912109375,0.03497622162103653,0.03261207416653633,0.0023641507141292095,123446.8984375,2.8526671127851827e+17,2.8526671127851827e+17,0.8983222842216492,187.28836059570312,1.0155012607574463,186.27285766601562
523,125.12600708007812,0.03498764708638191,0.03262253478169441,0.002365114400163293,123067.0390625,2.8422366988075008e+17,2.8422366988075008e+17,0.8955073356628418,2534.928955078125,1.0257792472839355,2533.903076171875
524,124.70796203613281,0.03396011143922806,0.031664278358221054,0.002295837504789233,122685.8125,2.8250078669963264e+17,2.8250078669963264e+17,0.8927021622657776,4163.01416015625,1.0361603498458862,4161.97802734375
525,124.3211898803711,0.034616004675626755,0.03227577731013298,0.0023402252700179815,122305.8046875,2.794294040466555e+17,2.794294040466555e+17,0.889924168586731,515.6334228515625,1.0467220544815063,514.5867309570312
526,123.91912078857422,0.03396952152252197,0.03167300298810005,0.0022965148091316223,121928.96875,2.7686274877043507e+17,2.7686274877043507e+17,0.8871077299118042,1480.10400390625,1.057440161705017,1479.0465087890625
527,123.55571746826172,0.03384252265095711,0.03155473992228508,0.0022877787705510855,121555.3515625,2.7544781474444083e+17,2.7544781474444083e+17,0.8842279314994812,3279.210693359375,1.068298101425171,3278.142333984375
528,123.15489959716797,0.033843860030174255,0.03155610337853432,0.0022877517621964216,121182.46875,2.74659705425494e+17,2.74659705425494e+17,0.8812481760978699,557.7405395507812,1.079312801361084,556.6612548828125
529,122.73846435546875,0.03292064368724823,0.030695218592882156,0.002225423464551568,120807.4921875,2.7393693114905395e+17,2.7393693114905395e+17,0.8781783580780029,1100.440673828125,1.0904542207717896,1099.3502197265625
530,122.39932250976562,0.033407919108867645,0.03114948235452175,0.00225843652151525,120429.3203125,2.722596777004892e+17,2.722596777004892e+17,0.8751287460327148,2733.409912109375,1.101645588874817,2732.308349609375
531,121.97177124023438,0.032982926815748215,0.030753199011087418,0.0022297289688140154,120048.0234375,2.6949959427712614e+17,2.6949959427712614e+17,0.8721438050270081,509.92950439453125,1.112855315208435,508.816650390625
532,121.58345031738281,0.032863467931747437,0.030641775578260422,0.0022216904908418655,119665.203125,2.6680943292134195e+17,2.6680943292134195e+17,0.8691372871398926,826.4172973632812,1.1241375207901,825.2931518554688
533,121.22515869140625,0.03312085196375847,0.030881723389029503,0.002239128341898322,119284.5546875,2.6492739543210394e+17,2.6492739543210394e+17,0.8660244941711426,1962.5576171875,1.1355581283569336,1961.422119140625
534,120.80928039550781,0.03268292173743248,0.030473383143544197,0.0022095406893640757,118908.25,2.6380594511137997e+17,2.6380594511137997e+17,0.8628023862838745,306.86065673828125,1.147136926651001,305.7135314941406
535,120.4411392211914,0.032712459564208984,0.030500924214720726,0.0022115344181656837,118535.9453125,2.6283801410168422e+17,2.6283801410168422e+17,0.8595463633537292,672.573974609375,1.1588228940963745,671.4151611328125
536,120.05240631103516,0.03224542737007141,0.030065512284636497,0.00217991229146719,118165.625,2.613502717900882e+17,2.613502717900882e+17,0.8563286066055298,1314.5135498046875,1.1705658435821533,1313.343017578125
537,119.66536712646484,0.03218561038374901,0.030009839683771133,0.0021757616195827723,117794.2109375,2.5956842729793126e+17,2.5956842729793126e+17,0.8531218767166138,229.93484497070312,1.1823562383651733,228.7524871826172
538,119.28778839111328,0.03214181587100029,0.02996903657913208,0.0021727823186665773,117418.9140625,2.5799689876432486e+17,2.5799689876432486e+17,0.8498491644859314,377.54266357421875,1.1941953897476196,376.3484802246094
539,118.89456939697266,0.03181425482034683,0.029663505032658577,0.002150752115994692,117040.2734375,2.565376406758359e+17,2.565376406758359e+17,0.8465003371238708,704.3800048828125,1.2060668468475342,703.1739501953125
540,118.51459503173828,0.03193894028663635,0.029779639095067978,0.0021593053825199604,116661.4140625,2.5502692887914086e+17,2.5502692887914086e+17,0.8431122303009033,119.96524810791016,1.2179787158966064,118.74726867675781
541,118.12940216064453,0.03174958750605583,0.029603026807308197,0.0021465590689331293,116285.109375,2.5358766815838208e+17,2.5358766815838208e+17,0.839699387550354,322.3334045410156,1.2300033569335938,321.1033935546875
542,117.7470703125,0.03153517097234726,0.029403172433376312,0.0021319985389709473,115912.390625,2.523429522762629e+17,2.523429522762629e+17,0.8362592458724976,556.6583862304688,1.24220609664917,555.4161987304688
543,117.36161041259766,0.03133213520050049,0.02921397052705288,0.002118161413818598,115542.2578125,2.5123704973715046e+17,2.5123704973715046e+17,0.8327783346176147,150.0919189453125,1.2545331716537476,148.83738708496094
544,116.97797393798828,0.0310945063829422,0.028992414474487305,0.002102087950333953,115171.75,2.5005498883794534e+17,2.5005498883794534e+17,0.829231858253479,144.37057495117188,1.2668790817260742,143.10369873046875
545,116.60243225097656,0.031050102785229683,0.028950953856110573,0.002099149627611041,114798.2890625,2.487150964805468e+17,2.487150964805468e+17,0.8256309032440186,291.0870666503906,1.2792381048202515,289.8078308105469
546,116.21556854248047,0.03091971017420292,0.028829358518123627,0.002090351888909936,114421.4765625,2.4739003035025408e+17,2.4739003035025408e+17,0.8220103979110718,71.4154281616211,1.2917169332504272,70.12371063232422
547,115.83472442626953,0.030866345390677452,0.028779610991477966,0.0020867350976914167,114042.984375,2.4621894738745754e+17,2.4621894738745754e+17,0.8183748126029968,219.59860229492188,1.3043607473373413,218.2942352294922
548,115.45942687988281,0.030910268425941467,0.02882053330540657,0.002089735586196184,113665.3046875,2.4518812087667917e+17,2.4518812087667917e+17,0.8147057294845581,340.73089599609375,1.3170959949493408,339.4137878417969
549,115.07313537597656,0.030755482614040375,0.02867615781724453,0.002079324098303914,113290.2421875,2.442178362249052e+17,2.442178362249052e+17,0.8109972476959229,90.1983871459961,1.3298591375350952,88.8685302734375
550,114.69677734375,0.030706996098160744,0.028630930930376053,0.0020760702900588512,112917.0625,2.432008051490816e+17,2.432008051490816e+17,0.8072449564933777,115.64330291748047,1.342715859413147,114.30059051513672
551,114.31426239013672,0.030533554032444954,0.028469247743487358,0.0020643037278205156,112543.890625,2.4211211683889152e+17,2.4211211683889152e+17,0.8034467697143555,157.23764038085938,1.3557552099227905,155.8818817138672
552,113.93450164794922,0.030466429889202118,0.02840675413608551,0.002059679012745619,112169.734375,2.40938233557418e+17,2.40938233557418e+17,0.7996147274971008,50.43669128417969,1.3689392805099487,49.067752838134766
553,113.55455780029297,0.030361531302332878,0.028308939188718796,0.0020525907166302204,111794.6171875,2.395879989187707e+17,2.395879989187707e+17,0.7957620620727539,227.14398193359375,1.3821524381637573,225.76182556152344
554,113.17292022705078,0.030275540426373482,0.02822866290807724,0.0020468777511268854,111419.171875,2.381950035857244e+17,2.381950035857244e+17,0.7918917536735535,177.26675415039062,1.3953710794448853,175.8713836669922
555,112.79452514648438,0.030252976343035698,0.028207579627633095,0.0020453999750316143,111044.375,2.370607370825892e+17,2.370607370825892e+17,0.7879908084869385,43.12479019165039,1.408684253692627,41.71610641479492
556,112.41220092773438,0.030090533196926117,0.02805614285171032,0.0020343896467238665,110670.71875,2.3603473811505152e+17,2.3603473811505152e+17,0.7840405106544495,91.63895416259766,1.4221476316452026,90.21680450439453
557,112.0341796875,0.03000994399189949,0.027981024235486984,0.0020289213862270117,110298.515625,2.3466022832124723e+17,2.3466022832124723e+17,0.7800460457801819,50.59368896484375,1.4357112646102905,49.15797805786133
558,111.65180969238281,0.02980700694024563,0.027791790664196014,0.0020152158103883266,109927.6328125,2.3296259954783027e+17,2.3296259954783027e+17,0.7760223150253296,86.10662841796875,1.4493244886398315,84.65730285644531
559,111.27271270751953,0.02964869514107704,0.027644159272313118,0.002004534238949418,109557.203125,2.3145199083035034e+17,2.3145199083035034e+17,0.771966278553009,161.3843536376953,1.4630122184753418,159.9213409423828
560,110.89116668701172,0.029472071677446365,0.02747948095202446,0.001992591191083193,109186.5859375,2.303904123537326e+17,2.303904123537326e+17,0.7678779363632202,57.67714309692383,1.476812481880188,56.2003288269043
561,110.51087188720703,0.02930065616965294,0.027319682762026787,0.0019809729419648647,108815.9609375,2.2941390858931405e+17,2.2941390858931405e+17,0.7637632489204407,45.77685546875,1.4907041788101196,44.28615188598633
562,110.13014221191406,0.02912183292210102,0.027152936905622482,0.0019688953179866076,108445.5703125,2.2801503774100685e+17,2.2801503774100685e+17,0.759610652923584,46.747032165527344,1.5046496391296387,45.24238204956055
563,109.74833679199219,0.028919272124767303,0.026964010670781136,0.001955255400389433,108075.65625,2.2628028327028326e+17,2.2628028327028326e+17,0.7554192543029785,43.84976577758789,1.518668532371521,42.33109664916992
564,109.36852264404297,0.028726443648338318,0.026784203946590424,0.0019422373734414577,107706.25,2.2472038550811443e+17,2.2472038550811443e+17,0.7512096166610718,122.42800903320312,1.532814383506775,120.89519500732422
565,108.98721313476562,0.028518108651041985,0.026589971035718918,0.0019281356362625957,107337.125,2.235326552520786e+17,2.235326552520786e+17,0.7469823360443115,64.65083312988281,1.5470871925354004,63.1037483215332
566,108.60688781738281,0.02832389809191227,0.026408907026052475,0.0019149938598275185,106967.9765625,2.224090746275758e+17,2.224090746275758e+17,0.7427179217338562,30.662078857421875,1.561449646949768,29.100629806518555
567,108.22627258300781,0.028127016499638557,0.02622533217072487,0.0019016868900507689,106598.59375,2.2095107066953728e+17,2.2095107066953728e+17,0.7384107112884521,36.87387466430664,1.575893759727478,35.29798126220703
568,107.84613037109375,0.027958525344729424,0.02606821432709694,0.0018903134623542428,106228.6484375,2.1921221021007872e+17,2.1921221021007872e+17,0.7340707778930664,33.50010681152344,1.5904484987258911,31.909658432006836
569,107.46614074707031,0.027784468606114388,0.025905916467308998,0.0018785509746521711,105858.3515625,2.176081773639762e+17,2.176081773639762e+17,0.7297183871269226,95.29044342041016,1.605118989944458,93.6853256225586
570,107.08573913574219,0.0276221614331007,0.025754591450095177,0.0018675705650821328,105487.7890625,2.16270277871403e+17,2.16270277871403e+17,0.7253583669662476,56.7696647644043,1.6198838949203491,55.1497802734375
571,106.70625305175781,0.02748941443860531,0.025630800053477287,0.0018586142687126994,105116.6484375,2.1491646981996544e+17,2.1491646981996544e+17,0.7209706902503967,20.963882446289062,1.6347306966781616,19.329151153564453
572,106.32630157470703,0.02736063487827778,0.025510702282190323,0.0018499305006116629,104744.6875,2.133326405000233e+17,2.133326405000233e+17,0.7165385484695435,24.642574310302734,1.6496784687042236,22.992895126342773
573,105.9467544555664,0.02725515328347683,0.02541235089302063,0.0018428004113957286,104372.140625,2.1159108280110285e+17,2.1159108280110285e+17,0.7120717167854309,26.068666458129883,1.6647381782531738,24.403928756713867
574,105.56716918945312,0.02714458853006363,0.02530926838517189,0.0018353195628151298,103999.4296875,2.0987833574280397e+17,2.0987833574280397e+17,0.7075937390327454,62.67012023925781,1.679898738861084,60.9902229309082
575,105.18768310546875,0.02704622596502304,0.025217564776539803,0.0018286604899913073,103626.6484375,2.0830737414488064e+17,2.0830737414488064e+17,0.7031096816062927,41.44984436035156,1.695146918296814,39.754695892333984
576,104.80810546875,0.026958296075463295,0.025135571137070656,0.001822720980271697,103253.234375,2.067964561897554e+17,2.067964561897554e+17,0.6985979080200195,15.53867244720459,1.7104756832122803,13.82819652557373
577,104.42876434326172,0.02689160406589508,0.025073373690247536,0.0018182300264015794,102878.859375,2.0516782177098138e+17,2.0516782177098138e+17,0.6940540075302124,15.089035034179688,1.7258810997009277,13.363153457641602
578,104.049072265625,0.026833748444914818,0.025019420310854912,0.0018143280176445842,102503.7890625,2.034110598878331e+17,2.034110598878331e+17,0.6894926428794861,18.441152572631836,1.7413768768310547,16.69977569580078
579,103.66946411132812,0.0267790537327528,0.02496841363608837,0.001810639863833785,102128.421875,2.016955125108572e+17,2.016955125108572e+17,0.6849156618118286,38.85947036743164,1.7569806575775146,37.10248947143555
580,103.2896957397461,0.02672186866402626,0.024915095418691635,0.001806776155717671,101753.171875,2.001189674554491e+17,2.001189674554491e+17,0.6803194284439087,30.988304138183594,1.7726911306381226,29.215612411499023
581,102.9098892211914,0.026658523827791214,0.024856029078364372,0.001802492537535727,101378.21875,1.986098018469806e+17,1.986098018469806e+17,0.6757013201713562,12.997748374938965,1.7884846925735474,11.209263801574707
582,102.52999114990234,0.026593178510665894,0.024795103818178177,0.0017980767879635096,101003.15625,1.9706612188132147e+17,1.9706612188132147e+17,0.6710583567619324,10.404111862182617,1.8043733835220337,8.599738121032715
583,102.14982604980469,0.02652851864695549,0.024734819307923317,0.0017936972435563803,100627.765625,1.954882196162478e+17,1.954882196162478e+17,0.6663971543312073,14.826831817626953,1.8203777074813843,13.006454467773438
584,101.76971435546875,0.02646832913160324,0.02467869408428669,0.0017896356293931603,100252.03125,1.9395079312297165e+17,1.9395079312297165e+17,0.6617198586463928,30.258831024169922,1.836491584777832,28.422338485717773
585,101.38941192626953,0.026407390832901,0.024621855467557907,0.0017855360638350248,99876.3125,1.9250156807808614e+17,1.9250156807808614e+17,0.6570267081260681,22.225767135620117,1.8526955842971802,20.373071670532227
586,101.00914764404297,0.026342282071709633,0.024561136960983276,0.0017811439465731382,99500.8046875,1.911333461164032e+17,1.911333461164032e+17,0.6523115038871765,9.295289039611816,1.8690121173858643,7.426276683807373
587,100.62879180908203,0.026263192296028137,0.024487394839525223,0.0017757966415956616,99125.7890625,1.897629423113339e+17,1.897629423113339e+17,0.6475731730461121,7.516044616699219,1.8854585886001587,5.63058614730835
588,100.24825286865234,0.02617119811475277,0.024401629343628883,0.0017695673741400242,98751.2109375,1.8833027866034176e+17,1.8833027866034176e+17,0.6428185701370239,14.744587898254395,1.9020284414291382,12.842559814453125
589,99.86785888671875,0.02607772871851921,0.024314479902386665,0.0017632499802857637,98376.8046875,1.8692360815142502e+17,1.8692360815142502e+17,0.6380466222763062,24.211381912231445,1.9186993837356567,22.292682647705078
590,99.48736572265625,0.02598453499376774,0.024227572605013847,0.0017569591291248798,98002.359375,1.8562254229838234e+17,1.8562254229838234e+17,0.633259654045105,14.903170585632324,1.9354732036590576,12.967697143554688
591,99.10697174072266,0.02589261904358864,0.024141861125826836,0.0017507539596408606,97627.90625,1.843594267763671e+17,1.843594267763671e+17,0.6284605264663696,6.6951212882995605,1.9523621797561646,4.7427592277526855
592,98.72650909423828,0.02579379826784134,0.024049710482358932,0.0017440863884985447,97253.7109375,1.830454760214364e+17,1.830454760214364e+17,0.6236441135406494,6.401960372924805,1.9693599939346313,4.432600498199463
593,98.3461685180664,0.025685997679829597,0.023949196562170982,0.0017368036787956953,96880.0234375,1.8169314543874867e+17,1.8169314543874867e+17,0.6188105940818787,14.846325874328613,1.9864625930786133,12.85986328125
594,97.96578216552734,0.025567494332790375,0.023838698863983154,0.0017287957016378641,96506.8046875,1.8039659789130138e+17,1.8039659789130138e+17,0.6139643788337708,19.749313354492188,2.0036706924438477,17.745641708374023
595,97.58545684814453,0.025445062667131424,0.023724542930722237,0.0017205181065946817,96133.90625,1.7918416298337894e+17,1.7918416298337894e+17,0.6091110110282898,10.890427589416504,2.0209856033325195,8.869441986083984
596,97.20499420166016,0.025317871943116188,0.0236059483140707,0.0017119258409366012,95761.0703125,1.7797777538940928e+17,1.7797777538940928e+17,0.6042481660842896,4.78566312789917,2.0383989810943604,2.7472641468048096
597,96.82443237304688,0.025188589468598366,0.023485397920012474,0.0017031970201060176,95388.1953125,1.7673352336375808e+17,1.7673352336375808e+17,0.5993732810020447,6.511152744293213,2.0559091567993164,4.4552435874938965
598,96.44367980957031,0.025051213800907135,0.023357298225164413,0.0016939189517870545,95015.4453125,1.755042693639045e+17,1.755042693639045e+17,0.594488263130188,16.276683807373047,2.073521614074707,14.20316219329834
599,96.06291198730469,0.024906715378165245,0.023222556337714195,0.0016841604374349117,94643.0703125,1.743424978902057e+17,1.743424978902057e+17,0.5895975828170776,15.856842041015625,2.091237783432007,13.765604019165039
600,95.68201446533203,0.02475298009812832,0.02307921089231968,0.001673771650530398,94271.0625,1.7323415580966912e+17,1.7323415580966912e+17,0.5847038626670837,6.909526824951172,2.1090614795684814,4.8004655838012695
601,95.30120849609375,0.02459903061389923,0.022935660555958748,0.001663369475863874,93899.078125,1.7213661986684928e+17,1.7213661986684928e+17,0.5797998905181885,4.005794525146484,2.1269948482513428,1.8787997961044312
602,94.92044067382812,0.024446213617920876,0.022793177515268326,0.0016530364518985152,93527.0078125,1.7102164635680768e+17,1.7102164635680768e+17,0.5748845338821411,9.135717391967773,2.1450347900390625,6.990683078765869
603,94.53982543945312,0.024298593401908875,0.02265552245080471,0.0016430692048743367,93154.828125,1.6992356065817395e+17,1.6992356065817395e+17,0.5699600577354431,14.669692039489746,2.1631765365600586,12.506515502929688
604,94.15937805175781,0.02415119670331478,0.022518089041113853,0.001633110106922686,92782.8203125,1.6888270110379213e+17,1.6888270110379213e+17,0.5650357007980347,11.631282806396484,2.1814284324645996,9.449853897094727
605,93.77920532226562,0.02400805614888668,0.022384613752365112,0.0016234447248280048,92410.84375,1.6790511500761498e+17,1.6790511500761498e+17,0.5601018071174622,4.740180015563965,2.199791431427002,2.540388822555542
606,93.39918518066406,0.023866703733801842,0.022252818569540977,0.0016138843493536115,92038.8828125,1.6690186218687693e+17,1.6690186218687693e+17,0.5551579594612122,6.1602067947387695,2.218264579772949,3.941941976547241
607,93.01937866210938,0.02373282052576542,0.022127974778413773,0.0016048498218879104,91666.7578125,1.6588788912776806e+17,1.6588788912776806e+17,0.5501987934112549,9.209434509277344,2.236845016479492,6.972589015960693
608,92.6398696899414,0.023601766675710678,0.02200578898191452,0.0015959790907800198,91294.7109375,1.6491243333536973e+17,1.6491243333536973e+17,0.545238196849823,14.921067237854004,2.255546808242798,12.665520668029785
609,92.26072692871094,0.023484108969569206,0.021896062418818474,0.0015880484133958817,90922.453125,1.640165203372933e+17,1.640165203372933e+17,0.540264368057251,5.632472038269043,2.2743568420410156,3.3581154346466064
610,91.88225555419922,0.023372909054160118,0.021792404353618622,0.0015805053990334272,90550.4296875,1.6309294774983066e+17,1.6309294774983066e+17,0.5352924466133118,8.616690635681152,2.293280601501465,6.3234100341796875
611,91.50530242919922,0.023300325497984886,0.021724676713347435,0.0015756505308672786,90178.0390625,1.6220830474593894e+17,1.6220830474593894e+17,0.5302955508232117,3.9129700660705566,2.312304735183716,1.6006654500961304
612,91.13202667236328,0.023287158459424973,0.021712470799684525,0.0015746877761557698,89806.125,1.6126911565738803e+17,1.6126911565738803e+17,0.5253187417984009,26.547269821166992,2.331469774246216,24.21579933166504
613,90.76900482177734,0.023502150550484657,0.021912813186645508,0.0015893381787464023,89433.34375,1.605128062763008e+17,1.605128062763008e+17,0.5202988386154175,3.163248062133789,2.3507156372070312,0.8125324249267578
614,90.4358139038086,0.024273794144392014,0.022632503882050514,0.0016412925906479359,89062.0546875,1.595557844835369e+17,1.595557844835369e+17,0.5153411626815796,51.19525909423828,2.370126724243164,48.825130462646484
615,90.19326782226562,0.0269058495759964,0.02508634887635708,0.001819500233978033,88688.5078125,1.5900276449450394e+17,1.5900276449450394e+17,0.5102699995040894,45.71315383911133,2.389569044113159,43.323585510253906
616,90.24199676513672,0.035235922783613205,0.032854024320840836,0.0023818910121917725,88319.21875,1.577753143809147e+17,1.577753143809147e+17,0.5053924322128296,320.50555419921875,2.409269332885742,318.0962829589844
617,91.22166442871094,0.062297847121953964,0.058086082339286804,0.00421176478266716,87943.3359375,1.579319776080036e+17,1.579319776080036e+17,0.5001896023750305,550.6723022460938,2.428797483444214,548.2435302734375
618,95.41761016845703,0.15309007465839386,0.14274419844150543,0.010345861315727234,87581.3046875,1.560625673226158e+17,1.560625673226158e+17,0.4956042468547821,2574.531494140625,2.4488492012023926,2572.082763671875
619,109.08016967773438,0.43319082260131836,0.4039122462272644,0.029278608039021492,87199.734375,1.591520403778437e+17,1.591520403778437e+17,0.4900248050689697,6173.43994140625,2.4679107666015625,6170.97216796875
620,151.2755889892578,1.2797151803970337,1.1932326555252075,0.08648240566253662,86874.828125,1.5721779326615552e+17,1.5721779326615552e+17,0.4865470230579376,25777.548828125,2.488030433654785,25775.060546875
621,203.56539916992188,2.3314316272735596,2.1738646030426025,0.1575670838356018,86505.765625,1.71247630356054e+17,1.71247630356054e+17,0.48047590255737305,31680.173828125,2.503310203552246,31677.669921875
622,192.46023559570312,2.104640245437622,1.9624085426330566,0.14223188161849976,86315.0234375,1.73735722090496e+17,1.73735722090496e+17,0.4803583025932312,73947.40625,2.5189881324768066,73944.890625
623,90.99803161621094,0.09395503252744675,0.08760393410921097,0.006351096089929342,86092.4921875,2.029610503944274e+17,2.029610503944274e+17,0.4768868386745453,481.5295715332031,2.5265517234802246,479.0030212402344
624,145.55734252929688,1.178067922592163,1.0984488725662231,0.07961903512477875,85864.8359375,2.500172274854789e+17,2.500172274854789e+17,0.4740596413612366,53909.51171875,2.535893201828003,53906.9765625
625,96.93163299560547,0.22011253237724304,0.20523551106452942,0.014877011999487877,85694.109375,2.3164146760758067e+17,2.3164146760758067e+17,0.4742218852043152,25.19509506225586,2.5484299659729004,22.646665573120117
626,110.55032348632812,0.49243658781051636,0.4591580033302307,0.033278580754995346,85515.171875,2.2108007430723994e+17,2.2108007430723994e+17,0.4733874499797821,19224.056640625,2.5575900077819824,19221.5
627,109.35079956054688,0.4758570194244385,0.443698525428772,0.032158493995666504,85308.546875,2.358633002004644e+17,2.358633002004644e+17,0.47122496366500854,1354.0484619140625,2.564375638961792,1351.484130859375
628,92.77140045166016,0.14865002036094666,0.13860221207141876,0.010047796182334423,85080.515625,2.4395848891970355e+17,2.4395848891970355e+17,0.46843111515045166,1441.7486572265625,2.5725903511047363,1439.176025390625
629,110.38335418701172,0.5053967237472534,0.4712381362915039,0.03415858745574951,84848.3515625,2.5506185555319194e+17,2.5506185555319194e+17,0.4668836295604706,1010.2706909179688,2.5838329792022705,1007.6868286132812
630,98.2132797241211,0.2660072147846222,0.24802745878696442,0.01797974482178688,84649.984375,2.6288149635058893e+17,2.6288149635058893e+17,0.46647176146507263,5.652783393859863,2.5952274799346924,3.05755615234375
631,93.38371276855469,0.17324690520763397,0.16153785586357117,0.01170905027538538,84460.71875,2.536910566111314e+17,2.536910566111314e+17,0.4648068845272064,695.0214233398438,2.6034445762634277,692.41796875
632,102.31661224365234,0.35661640763282776,0.3325163722038269,0.024100059643387794,84222.9921875,2.406454026871767e+17,2.406454026871767e+17,0.46162229776382446,2214.9345703125,2.613053560256958,2212.321533203125
633,93.93688201904297,0.1944098025560379,0.18127162754535675,0.013138143345713615,83942.5703125,2.457695048297349e+17,2.457695048297349e+17,0.45816197991371155,2804.732421875,2.626227617263794,2802.106201171875
634,91.37081909179688,0.1480085551738739,0.13800452649593353,0.010004039853811264,83670.1015625,2.6639112028658074e+17,2.6639112028658074e+17,0.45493414998054504,3389.97900390625,2.6387224197387695,3387.34033203125
635,95.61956787109375,0.23864544928073883,0.22251439094543457,0.016131050884723663,83422.1640625,2.6208971053963674e+17,2.6208971053963674e+17,0.4523792564868927,303.9811096191406,2.6526527404785156,301.3284606933594
636,92.13005828857422,0.17294883728027344,0.16125765442848206,0.011691173538565636,83191.7265625,2.5003375451963392e+17,2.5003375451963392e+17,0.4496074914932251,4085.4140625,2.6671547889709473,4082.746826171875
637,88.1024398803711,0.09761770814657211,0.09101957827806473,0.006598128005862236,82949.3125,2.644905457184932e+17,2.644905457184932e+17,0.4459392726421356,775.0287475585938,2.6806559562683105,772.3480834960938
638,91.99462127685547,0.18100854754447937,0.16877636313438416,0.012232191860675812,82658.46875,2.7085656342449357e+17,2.7085656342449357e+17,0.4420646131038666,1486.4688720703125,2.6960134506225586,1483.7728271484375
639,89.52194213867188,0.13738146424293518,0.12809695303440094,0.009284524247050285,82341.1640625,2.613358922395812e+17,2.613358922395812e+17,0.43763381242752075,5035.88623046875,2.712130308151245,5033.17431640625
640,86.46046447753906,0.08265877515077591,0.0770706981420517,0.005588070023804903,82040.90625,2.588091629793444e+17,2.588091629793444e+17,0.4329899847507477,2780.184814453125,2.7283291816711426,2777.45654296875
641,88.15623474121094,0.12226789444684982,0.1140022724866867,0.008265627548098564,81762.9921875,2.544708165136548e+17,2.544708165136548e+17,0.4293473958969116,2537.7216796875,2.746833562850952,2534.974853515625
642,87.81503295898438,0.12069352716207504,0.1125350147485733,0.008158504962921143,81488.984375,2.5435220669680845e+17,2.5435220669680845e+17,0.42530012130737305,3701.841552734375,2.766050100326538,3699.075439453125
643,85.19900512695312,0.07480739802122116,0.06975097209215164,0.005056428257375956,81198.3125,2.5705319137017856e+17,2.5705319137017856e+17,0.4202103614807129,326.37640380859375,2.784376382827759,323.592041015625
644,84.9656982421875,0.07591322809457779,0.07078223675489426,0.005131004843860865,80888.828125,2.4922841379189555e+17,2.4922841379189555e+17,0.4154890775680542,3197.638916015625,2.8029849529266357,3194.8359375
645,86.0844955444336,0.10513849556446075,0.09803208708763123,0.007106397766619921,80581.1328125,2.462910512984228e+17,2.462910512984228e+17,0.41060972213745117,14.096842765808105,2.821676015853882,11.275166511535645
646,83.8348388671875,0.0661328062415123,0.0616622231900692,0.004470592364668846,80279.4453125,2.4561863121856102e+17,2.4561863121856102e+17,0.4054281413555145,313.0570373535156,2.841850519180298,310.2151794433594
647,83.02082061767578,0.05599827691912651,0.05221262574195862,0.003785646054893732,79977.6328125,2.3789002654797005e+17,2.3789002654797005e+17,0.4006567895412445,538.01953125,2.8637194633483887,535.1558227539062
648,84.04521942138672,0.08265989273786545,0.07707276195287704,0.0055871340446174145,79675.0625,2.3697392720360243e+17,2.3697392720360243e+17,0.39574527740478516,18.36769676208496,2.8844149112701416,15.483281135559082
649,82.49015045166016,0.057828813791275024,0.05391935631632805,0.003909451421350241,79357.859375,2.329404546964521e+17,2.329404546964521e+17,0.3908090889453888,790.2774047851562,2.9048426151275635,787.37255859375
650,81.57655334472656,0.046305179595947266,0.043174028396606445,0.003131150733679533,79033.515625,2.2752819460807066e+17,2.2752819460807066e+17,0.38583216071128845,24.562599182128906,2.9257147312164307,21.636884689331055
651,81.89771270751953,0.05881700664758682,0.054841022938489914,0.003975982777774334,78722.2578125,2.2937087301700813e+17,2.2937087301700813e+17,0.3808498978614807,523.3820190429688,2.946812391281128,520.4351806640625
652,81.57291412353516,0.05852095037698746,0.054565709084272385,0.003955240827053785,78415.1796875,2.257952268437422e+17,2.257952268437422e+17,0.37635311484336853,589.0016479492188,2.969395399093628,586.0322265625
653,80.13473510742188,0.03625097498297691,0.03380068019032478,0.002450290136039257,78098.8515625,2.2310554652429517e+17,2.2310554652429517e+17,0.3715513050556183,22.848003387451172,2.991769552230835,19.856233596801758
654,79.87354278564453,0.03776976093649864,0.0352160707116127,0.0025536837056279182,77762.828125,2.1965605213044736e+17,2.1965605213044736e+17,0.36668696999549866,256.37115478515625,3.0136215686798096,253.35752868652344
655,80.27144622802734,0.05291743949055672,0.049339499324560165,0.003577937139198184,77411.421875,2.1380037961842688e+17,2.1380037961842688e+17,0.36203548312187195,35.09568405151367,3.0359787940979004,32.0597038269043
656,79.29589080810547,0.04028962552547455,0.03756548464298248,0.002724145771935582,77066.2421875,2.145189104671785e+17,2.145189104671785e+17,0.35702359676361084,64.61663055419922,3.0585381984710693,61.5580940246582
657,78.37787628173828,0.028643431141972542,0.02670682594180107,0.0019366048509255052,76733.140625,2.113300175089828e+17,2.113300175089828e+17,0.3524133265018463,122.65162658691406,3.0822877883911133,119.5693359375
658,78.34452819824219,0.03463340923190117,0.03229229524731636,0.0023411132860928774,76403.390625,2.0847089213977395e+17,2.0847089213977395e+17,0.3479483127593994,98.55145263671875,3.105938673019409,95.44551086425781
659,78.17972564697266,0.038369789719581604,0.03577609732747078,0.0025936963502317667,76053.921875,2.0606605405139763e+17,2.0606605405139763e+17,0.3432345390319824,125.06285095214844,3.129399538040161,121.9334487915039
660,77.3309097290039,0.02879958599805832,0.02685222402215004,0.0019473619759082794,75682.2890625,2.0113721830198477e+17,2.0113721830198477e+17,0.33852651715278625,750.7828369140625,3.1534998416900635,747.6293334960938
661,76.94095611572266,0.028362680226564407,0.02644479088485241,0.0019178842194378376,75313.5078125,2.0054227943214285e+17,2.0054227943214285e+17,0.3337456285953522,876.939697265625,3.1773838996887207,873.7623291015625
662,76.78019714355469,0.03242955356836319,0.03023686446249485,0.002192694926634431,74953.5625,1.977839998950441e+17,1.977839998950441e+17,0.32925230264663696,737.0588989257812,3.201993703842163,733.85693359375
663,76.10630798339844,0.02588181383907795,0.02413174882531166,0.0017500687390565872,74599.46875,1.949395461341184e+17,1.949395461341184e+17,0.3246546685695648,1780.3822021484375,3.2265801429748535,1777.1556396484375
664,75.55626678466797,0.02246381901204586,0.020944740623235703,0.0015190753620117903,74237.5546875,1.9033429322078618e+17,1.9033429322078618e+17,0.3201470971107483,518.4373779296875,3.251537799835205,515.1858520507812
665,75.39949035644531,0.026503773406147957,0.024711735546588898,0.0017920351820066571,73862.984375,1.87043025422123e+17,1.87043025422123e+17,0.3156301975250244,2426.69873046875,3.2767117023468018,2423.422119140625
666,75.12337493896484,0.028956087306141853,0.026998575776815414,0.001957513391971588,73487.8125,1.873130929656955e+17,1.873130929656955e+17,0.3108871281147003,43.53406524658203,3.3013107776641846,40.23275375366211
667,74.49809265136719,0.023707926273345947,0.022104892879724503,0.0016030393308028579,73117.3125,1.8388405979604582e+17,1.8388405979604582e+17,0.30644336342811584,1149.4703369140625,3.326554298400879,1146.143798828125
668,74.13302612304688,0.024009432643651962,0.02238582633435726,0.0016236061928793788,72751.1640625,1.812857248410501e+17,1.812857248410501e+17,0.3019097149372101,10.608552932739258,3.3516509532928467,7.256901741027832
669,73.8616943359375,0.025977257639169693,0.02422049455344677,0.0017567608738318086,72376.859375,1.773792459269079e+17,1.773792459269079e+17,0.2975158095359802,859.394775390625,3.3774094581604004,856.0173950195312
670,73.30437469482422,0.02249039337038994,0.020969461649656296,0.0015209321863949299,72002.078125,1.7674173534122803e+17,1.7674173534122803e+17,0.293009489774704,103.2222671508789,3.4026668071746826,99.8196029663086
671,72.8340835571289,0.020513206720352173,0.01912599615752697,0.0013872126583009958,71629.0625,1.7521772632578458e+17,1.7521772632578458e+17,0.2884979844093323,414.4969177246094,3.428332805633545,411.0685729980469
672,72.5453109741211,0.02220667153596878,0.020705144852399826,0.0015015250537544489,71259.7578125,1.7351729723369062e+17,1.7351729723369062e+17,0.2838527262210846,170.44908142089844,3.4540369510650635,166.9950408935547
673,72.15167236328125,0.02170216105878353,0.020234735682606697,0.0014674256090074778,70889.4609375,1.70530181839061e+17,1.70530181839061e+17,0.27941715717315674,657.103515625,3.479987144470215,653.62353515625
674,71.65258026123047,0.01924215629696846,0.017940793186426163,0.0013013617135584354,70515.109375,1.6837826578481152e+17,1.6837826578481152e+17,0.2751396596431732,698.3070678710938,3.5061073303222656,694.8009643554688
675,71.35794830322266,0.02094314806163311,0.019526679068803787,0.001416469574905932,70139.796875,1.681397061213225e+17,1.681397061213225e+17,0.27075693011283875,285.6604309082031,3.5322067737579346,282.12823486328125
676,71.01436614990234,0.021516280248761177,0.0200610663741827,0.0014552150387316942,69767.0234375,1.661561699649454e+17,1.661561699649454e+17,0.2663384675979614,536.7429809570312,3.558657169342041,533.184326171875
677,70.60678100585938,0.020834609866142273,0.019425664097070694,0.0014089469332247972,69398.3359375,1.6424896396735283e+17,1.6424896396735283e+17,0.26177701354026794,246.5686492919922,3.585010528564453,242.983642578125
678,70.30960845947266,0.022302111610770226,0.020794013515114784,0.0015080972807481885,69027.078125,1.6185139296364134e+17,1.6185139296364134e+17,0.2574327886104584,557.3159790039062,3.612177848815918,553.7037963867188
679,70.16856384277344,0.026954613626003265,0.02513217180967331,0.00182244461029768,68658.2421875,1.6235893783894426e+17,1.6235893783894426e+17,0.2530975639820099,21.915163040161133,3.6385581493377686,18.2766056060791
680,70.18030548095703,0.03468048572540283,0.032335665076971054,0.002344819251447916,68284.2578125,1.590158040152146e+17,1.590158040152146e+17,0.2489711493253708,299.95654296875,3.666168451309204,296.2903747558594
681,70.75377655029297,0.05347103998064995,0.04985655099153519,0.0036144887562841177,67919.0546875,1.6024455979886182e+17,1.6024455979886182e+17,0.24437223374843597,91.17707061767578,3.6920955181121826,87.48497772216797
682,72.7939682006836,0.10179172456264496,0.0949111357331276,0.006880584638565779,67546.4921875,1.538182407520256e+17,1.538182407520256e+17,0.2404896765947342,407.63433837890625,3.7209484577178955,403.91339111328125
683,77.77418518066406,0.20838941633701324,0.19430553913116455,0.014083873480558395,67193.40625,1.610410872537088e+17,1.610410872537088e+17,0.23586632311344147,25.932872772216797,3.74515438079834,22.187719345092773
684,89.37470245361328,0.4480026662349701,0.41772404313087463,0.03027857281267643,66821.59375,1.4917105177801523e+17,1.4917105177801523e+17,0.23270095884799957,380.425537109375,3.7760627269744873,376.64947509765625
685,106.50023651123047,0.7966029047966003,0.7427669167518616,0.053836043924093246,66503.6796875,1.646625864978268e+17,1.646625864978268e+17,0.22777394950389862,173.94924926757812,3.7950387001037598,170.15420532226562
686,116.51490783691406,1.0043244361877441,0.9364482164382935,0.06787622720003128,66152.9921875,1.4378223362113536e+17,1.4378223362113536e+17,0.22582294046878815,190.8243865966797,3.827119827270508,186.9972686767578
687,91.5657730102539,0.5102794766426086,0.4757930636405945,0.03448640555143356,65889.390625,1.60984806002262e+17,1.60984806002262e+17,0.22149056196212769,141.90170288085938,3.8390581607818604,138.06263732910156
688,68.55397033691406,0.05611582100391388,0.05232253670692444,0.0037932824343442917,65590.40625,1.575289894165545e+17,1.575289894165545e+17,0.21944816410541534,23.527904510498047,3.8631250858306885,19.664779663085938
689,83.61637115478516,0.36339569091796875,0.3388352692127228,0.024560416117310524,65282.625,1.5186001054295654e+17,1.5186001054295654e+17,0.21702136099338531,1209.3243408203125,3.887171506881714,1205.4371337890625
690,78.3559341430664,0.2632734179496765,0.24547994136810303,0.017793482169508934,65027.0703125,1.644528890145669e+17,1.644528890145669e+17,0.2134995311498642,73.49433898925781,3.9017891883850098,69.5925521850586
691,70.78915405273438,0.11713334172964096,0.10921666026115417,0.007916676811873913,64743.69140625,1.7011202382312243e+17,1.7011202382312243e+17,0.2111988514661789,1868.0350341796875,3.925391435623169,1864.109619140625
692,75.77510070800781,0.22311708331108093,0.2080371230840683,0.015079967677593231,64431.5625,1.69251123398443e+17,1.69251123398443e+17,0.2085357904434204,1842.9774169921875,3.9504432678222656,1839.0269775390625
693,70.83162689208984,0.13002552092075348,0.12123693525791168,0.008788598701357841,64151.859375,1.7404674644220314e+17,1.7404674644220314e+17,0.20530261099338531,443.7015075683594,3.9677233695983887,439.7337951660156
694,71.9426498413086,0.15679699182510376,0.1461995244026184,0.01059747114777565,63880.51953125,1.8271593177074893e+17,1.8271593177074893e+17,0.20249812304973602,3955.711669921875,3.9886114597320557,3951.72314453125
695,69.48741149902344,0.11420298367738724,0.10648353397846222,0.0077194469049572945,63583.5234375,1.8725944023423386e+17,1.8725944023423386e+17,0.1994267702102661,647.8110961914062,4.014562129974365,643.7965087890625
696,69.60795593261719,0.12236006557941437,0.11408936977386475,0.008270682767033577,63285.3125,1.8553030358073344e+17,1.8553030358073344e+17,0.19618436694145203,1910.18310546875,4.037021636962891,1906.1461181640625
697,68.16891479492188,0.09876227378845215,0.0920872911810875,0.006674992851912975,63003.09765625,1.8603058137137152e+17,1.8603058137137152e+17,0.19328661262989044,4167.06201171875,4.057904243469238,4163.00390625
698,67.35153198242188,0.08872257173061371,0.08272570371627808,0.005996869411319494,62720.515625,1.933160313163612e+17,1.933160313163612e+17,0.19006168842315674,157.0237579345703,4.081632137298584,152.94212341308594
699,67.24113464355469,0.09162243455648422,0.08542883396148682,0.0061935968697071075,62423.62890625,1.94805989831082e+17,1.94805989831082e+17,0.18659651279449463,4157.31640625,4.106780052185059,4153.20947265625
700,65.9378433227539,0.07222189009189606,0.06733977049589157,0.004882119596004486,62120.31640625,1.891520948826276e+17,1.891520948826276e+17,0.18362145125865936,1727.536865234375,4.131380558013916,1723.405517578125
701,65.7547378540039,0.07426374405622482,0.06924405694007874,0.005019696429371834,61825.2890625,1.920528814346076e+17,1.920528814346076e+17,0.18054960668087006,2420.988037109375,4.1560540199279785,2416.83203125
702,65.11267852783203,0.06661497801542282,0.06211187317967415,0.0045031048357486725,61536.921875,1.9912504330367795e+17,1.9912504330367795e+17,0.17687880992889404,4587.52099609375,4.181765079498291,4583.33935546875
703,64.29283142089844,0.05713857710361481,0.05327587202191353,0.003862702753394842,61238.66015625,1.959573503040553e+17,1.959573503040553e+17,0.17331711947917938,128.2968292236328,4.208758354187012,124.08806610107422
704,64.21045684814453,0.06034979596734047,0.05627052113413811,0.0040792664512991905,60928.21875,1.9193664243970867e+17,1.9193664243970867e+17,0.17023642361164093,7280.638671875,4.236461162567139,7276.40234375
705,63.167484283447266,0.04695013165473938,0.04377613961696625,0.0031739906407892704,60619.30078125,1.9659640707796173e+17,1.9659640707796173e+17,0.16707223653793335,407.5089416503906,4.263922214508057,403.2450256347656
706,63.11915969848633,0.0509738065302372,0.04752736911177635,0.0034464376512914896,60315.8203125,1.990893607153828e+17,1.990893607153828e+17,0.16352282464504242,5555.71044921875,4.291399002075195,5551.4189453125
707,62.3187370300293,0.041859205812215805,0.039029043167829514,0.002830162411555648,60010.40234375,1.930225991506985e+17,1.930225991506985e+17,0.15997572243213654,2234.826416015625,4.319852352142334,2230.506591796875
708,62.12644958496094,0.043857309967279434,0.0408928245306015,0.0029644835740327835,59695.38671875,1.9057335110048154e+17,1.9057335110048154e+17,0.15679650008678436,4761.90576171875,4.349375247955322,4757.55615234375
709,61.402347564697266,0.03626234829425812,0.033810969442129135,0.00245137931779027,59373.63671875,1.934117060078469e+17,1.934117060078469e+17,0.15374773740768433,2218.013427734375,4.378946781158447,2213.634521484375
710,61.24687957763672,0.03946308046579361,0.036794718354940414,0.0026683611795306206,59056.12109375,1.912353601796178e+17,1.912353601796178e+17,0.15045323967933655,2636.3173828125,4.407520294189453,2631.909912109375
711,60.4409065246582,0.029828835278749466,0.0278116874396801,0.0020171490032225847,58742.984375,1.8528567942342246e+17,1.8528567942342246e+17,0.14701519906520844,2118.934326171875,4.4360198974609375,2114.498291015625
712,60.43080139160156,0.03601903095841408,0.03358419984579086,0.002434832975268364,58419.1484375,1.8258179135216026e+17,1.8258179135216026e+17,0.14382192492485046,2811.432861328125,4.466181755065918,2806.966796875
713,59.58979034423828,0.0262618251144886,0.024486390873789787,0.0017754359869286418,58085.48828125,1.821468657838981e+17,1.821468657838981e+17,0.14081767201423645,906.0193481445312,4.496892929077148,901.5224609375
714,59.55701446533203,0.03174731880426407,0.029600560665130615,0.002146757673472166,57760.109375,1.7947257862723994e+17,1.7947257862723994e+17,0.13764555752277374,3006.2900390625,4.525973796844482,3001.76416015625
715,58.80888366699219,0.023715199902653694,0.0221113208681345,0.001603878801688552,57441.36328125,1.743692469465252e+17,1.743692469465252e+17,0.13432292640209198,738.845703125,4.55515718460083,734.29052734375
716,58.680625915527344,0.026996223255991936,0.02517123706638813,0.001824982580728829,57111.57421875,1.712161740155781e+17,1.712161740155781e+17,0.13118164241313934,4802.4833984375,4.586393356323242,4797.89697265625
717,58.100582122802734,0.023036159574985504,0.02147880382835865,0.0015573542332276702,56773.171875,1.7063966914537062e+17,1.7063966914537062e+17,0.12825925648212433,495.9789733886719,4.617560386657715,491.3614196777344
718,57.78385925292969,0.02240436151623726,0.020889045670628548,0.0015153184067457914,56442.2734375,1.6851890019395174e+17,1.6851890019395174e+17,0.1253148317337036,5284.99755859375,4.647322654724121,5280.35009765625
719,57.46051788330078,0.023371251299977303,0.02179059386253357,0.001580659649334848,56119.80078125,1.637551801672663e+17,1.637551801672663e+17,0.12226314097642899,839.6096801757812,4.677861213684082,834.9318237304688
720,56.890281677246094,0.017553452402353287,0.016366630792617798,0.0011868197470903397,55791.8671875,1.6152923605670298e+17,1.6152923605670298e+17,0.11927954107522964,5920.9033203125,4.710027694702148,5916.193359375
721,56.76747131347656,0.02294280007481575,0.02139177732169628,0.0015510206576436758,55453.09765625,1.608782049139753e+17,1.608782049139753e+17,0.11647473275661469,635.0300903320312,4.742053031921387,630.2880249023438
722,56.14733123779297,0.016341712325811386,0.01523622591048479,0.0011054854840040207,55117.9609375,1.5851666009594266e+17,1.5851666009594266e+17,0.11371619254350662,5376.68115234375,4.773050785064697,5371.908203125
723,55.95371627807617,0.01996239647269249,0.018612273037433624,0.0013501228531822562,54794.41796875,1.545449320386396e+17,1.545449320386396e+17,0.11087596416473389,662.9805297851562,4.804472923278809,658.1760864257812
724,55.48299026489258,0.016068657860159874,0.014982190914452076,0.001086465665139258,54466.57421875,1.5273099555084698e+17,1.5273099555084698e+17,0.10807530581951141,6024.8544921875,4.837281703948975,6020.01708984375
725,55.153263092041016,0.01741584949195385,0.016238192096352577,0.0011776587925851345,54126.40625,1.5153575769197773e+17,1.5153575769197773e+17,0.10542988777160645,452.9072265625,4.869811058044434,448.03741455078125
726,54.80813217163086,0.016199341043829918,0.015103480778634548,0.0010958608472719789,53789.7109375,1.4950916878342554e+17,1.4950916878342554e+17,0.10281630605459213,5893.92822265625,4.9012370109558105,5889.02685546875
727,54.38599395751953,0.015358690172433853,0.014319908805191517,0.0010387800866737962,53461.68359375,1.462926162358436e+17,1.462926162358436e+17,0.10014326870441437,1008.0933837890625,4.933594703674316,1003.1597900390625
728,54.107112884521484,0.015497122891247272,0.014449338428676128,0.0010477849282324314,53130.35546875,1.4479350085084774e+17,1.4479350085084774e+17,0.0975530594587326,5710.23828125,4.9667558670043945,5705.271484375
729,53.669044494628906,0.014436191879212856,0.013459759764373302,0.0009764325805008411,52791.0,1.4351381534500454e+17,1.4351381534500454e+17,0.0951070636510849,1271.9632568359375,4.998889446258545,1266.96435546875
730,53.37808609008789,0.015054342336952686,0.014035851694643497,0.0010184901766479015,52451.1875,1.4155253570915533e+17,1.4155253570915533e+17,0.09265293180942535,3262.71337890625,5.031091690063477,3257.682373046875
731,52.96034240722656,0.013772976584732533,0.012841423973441124,0.0009315530187450349,52118.02734375,1.3958551799699866e+17,1.3958551799699866e+17,0.0901573896408081,1407.690673828125,5.064332008361816,1402.6263427734375
732,52.704341888427734,0.01520443707704544,0.01417632307857275,0.0010281151626259089,51786.28515625,1.3829744012505907e+17,1.3829744012505907e+17,0.08774280548095703,1952.941162109375,5.097434043884277,1947.84375
733,52.245540618896484,0.013113708235323429,0.012226575054228306,0.0008871304453350604,51447.71875,1.3697086216627814e+17,1.3697086216627814e+17,0.08541399240493774,516.47412109375,5.130273342132568,511.3438415527344
734,51.99478530883789,0.014763657003641129,0.013764907605946064,0.0009987506782636046,51108.32421875,1.3598100964350362e+17,1.3598100964350362e+17,0.08310220390558243,1229.322021484375,5.163510799407959,1224.1585693359375
735,51.595951080322266,0.013658476993441582,0.012734681367874146,0.0009237972553819418,50775.6328125,1.3484420051972915e+17,1.3484420051972915e+17,0.08078029006719589,254.99285888671875,5.1972479820251465,249.7956085205078
736,51.264984130859375,0.013421805575489998,0.012514051049947739,0.0009077542345039546,50444.9453125,1.334555774633902e+17,1.334555774633902e+17,0.07848379760980606,1549.0572509765625,5.230871677398682,1543.826416015625
737,50.943336486816406,0.013986144214868546,0.013039978221058846,0.0009461664594709873,50110.14453125,1.3267997508920934e+17,1.3267997508920934e+17,0.0763055607676506,120.58446502685547,5.264189720153809,115.32027435302734
738,50.574039459228516,0.013135024346411228,0.012246384285390377,0.0008886389550752938,49774.66015625,1.323964385281966e+17,1.323964385281966e+17,0.07417658716440201,1023.1538696289062,5.298274517059326,1017.8555908203125
739,50.247711181640625,0.013364641927182674,0.012460746802389622,0.000903894251678139,49446.6171875,1.3124346314752e+17,1.3124346314752e+17,0.07197447121143341,161.32144165039062,5.332544803619385,155.9888916015625
740,49.9344367980957,0.013514580205082893,0.012600486166775227,0.0009140951442532241,49120.34765625,1.2999044079865037e+17,1.2999044079865037e+17,0.06983427703380585,837.101318359375,5.366170883178711,831.7351684570312
741,49.56742858886719,0.012984625063836575,0.012106124311685562,0.0008784998208284378,48788.41796875,1.2953014915353805e+17,1.2953014915353805e+17,0.06784434616565704,24.23033905029297,5.400322437286377,18.83001708984375
742,49.255149841308594,0.013179456815123558,0.012287858873605728,0.0008915979997254908,48460.76953125,1.2933514045843046e+17,1.2933514045843046e+17,0.06583137065172195,606.9619750976562,5.434941291809082,601.5270385742188
743,48.906009674072266,0.012763354927301407,0.011900033801794052,0.000863320310600102,48139.32421875,1.2811964753379328e+17,1.2811964753379328e+17,0.06376753747463226,39.21828079223633,5.46933650970459,33.74894332885742
744,48.59988021850586,0.013051803223788738,0.012168904766440392,0.0008828971185721457,47815.34375,1.2708763561204122e+17,1.2708763561204122e+17,0.06182184815406799,485.4242248535156,5.503711223602295,479.9205017089844
745,48.252071380615234,0.012699692510068417,0.011840498074889183,0.0008591925143264234,47490.04296875,1.2694872777975398e+17,1.2694872777975398e+17,0.05994642153382301,9.711505889892578,5.538728713989258,4.172776699066162
746,47.931575775146484,0.012646607123315334,0.011791077442467213,0.0008555303793400526,47170.3203125,1.2651458389553971e+17,1.2651458389553971e+17,0.05805489048361778,240.60205078125,5.573808193206787,235.0282440185547
747,47.623992919921875,0.012885406613349915,0.0120137520134449,0.0008716548327356577,46853.58984375,1.2555085336385946e+17,1.2555085336385946e+17,0.05620535835623741,58.1512451171875,5.6084794998168945,52.54276657104492
748,47.276344299316406,0.01223261933773756,0.011405058205127716,0.0008275622385554016,46533.0078125,1.2498089402381107e+17,1.2498089402381107e+17,0.05440082773566246,672.6138916015625,5.643984317779541,666.9699096679688
749,46.954246520996094,0.012290799990296364,0.011459263041615486,0.0008315372397191823,46214.90625,1.2460336639849267e+17,1.2460336639849267e+17,0.05265923961997032,19.582799911499023,5.679469585418701,13.90333080291748
750,46.6455078125,0.01231857668608427,0.011485212482511997,0.000833363679703325,45901.6484375,1.241596705070121e+17,1.241596705070121e+17,0.05092758685350418,377.07452392578125,5.714780330657959,371.3597412109375
751,46.31306457519531,0.012032603845000267,0.011218608357012272,0.0008139950223267078,45587.65625,1.2364064947909427e+17,1.2364064947909427e+17,0.049223653972148895,13.25800895690918,5.750416278839111,7.50759220123291
752,45.999061584472656,0.012029341422021389,0.011215501464903355,0.000813839549664408,45271.78515625,1.2293298489760154e+17,1.2293298489760154e+17,0.04757765680551529,287.6016540527344,5.786315441131592,281.8153381347656
753,45.676490783691406,0.01188264973461628,0.011078683659434319,0.0008039670647121966,44959.8515625,1.2235329316166042e+17,1.2235329316166042e+17,0.04595097899436951,15.42349624633789,5.822080612182617,9.601415634155273
754,45.35927200317383,0.01171327754855156,0.010920850560069084,0.0007924244273453951,44650.1796875,1.221896806774866e+17,1.221896806774866e+17,0.044364430010318756,123.8408203125,5.8580145835876465,117.98280334472656
755,45.054744720458984,0.011883161030709743,0.01107926294207573,0.0008038964588195086,44338.8203125,1.2163957267628032e+17,1.2163957267628032e+17,0.042822662740945816,12.594480514526367,5.894209861755371,6.700270175933838
756,44.73384094238281,0.011662576347589493,0.01087347511202097,0.0007891008863225579,44028.61328125,1.2072795727776973e+17,1.2072795727776973e+17,0.04129529744386673,136.9988250732422,5.930372714996338,131.06845092773438
757,44.41749954223633,0.011523712426424026,0.010744092985987663,0.0007796211284585297,43720.375,1.2034389271222682e+17,1.2034389271222682e+17,0.03981558606028557,59.27461242675781,5.96681547164917,53.307796478271484
758,44.12501525878906,0.011785226874053478,0.010987943969666958,0.0007972836610861123,43413.67578125,1.2022767948713165e+17,1.2022767948713165e+17,0.038390304893255234,184.98158264160156,6.003157615661621,178.97842407226562
759,43.82687759399414,0.012025566771626472,0.011211980134248734,0.0008135862881317735,43105.8984375,1.1941627426557133e+17,1.1941627426557133e+17,0.03696618601679802,28.292491912841797,6.0398640632629395,22.252628326416016
760,43.56869125366211,0.012985091656446457,0.012106631882488728,0.0008784592500887811,42800.5234375,1.1877895265845248e+17,1.1877895265845248e+17,0.03560212254524231,13.373239517211914,6.0764288902282715,7.296810150146484
761,43.40159225463867,0.015681089833378792,0.014620626345276833,0.001060464303009212,42494.45703125,1.184641057858519e+17,1.184641057858519e+17,0.03424090892076492,461.5174865722656,6.113713264465332,455.4037780761719
762,43.511234283447266,0.023773692548274994,0.022166026756167412,0.0016076622996479273,42193.48046875,1.1831919358928486e+17,1.1831919358928486e+17,0.03297193720936775,1074.7625732421875,6.149712085723877,1068.6129150390625
763,44.533790588378906,0.050332896411418915,0.046930667012929916,0.003402226371690631,41885.515625,1.1745136967732429e+17,1.1745136967732429e+17,0.03165382519364357,1417.8419189453125,6.187957286834717,1411.6539306640625
764,48.5174560546875,0.13546308875083923,0.12630701065063477,0.009156085550785065,41592.63671875,1.1781379619762995e+17,1.1781379619762995e+17,0.030510807409882545,3384.823486328125,6.222702503204346,3378.600830078125
765,62.37050247192383,0.4161577820777893,0.388033002614975,0.028124773874878883,41282.4609375,1.1802660323721216e+17,1.1802660323721216e+17,0.029206471517682076,16212.0908203125,6.2622551918029785,16205.828125
766,102.49961853027344,1.2174365520477295,1.1351577043533325,0.08227875828742981,41023.5703125,1.234833248270418e+17,1.234833248270418e+17,0.028439942747354507,48073.4140625,6.289096355438232,48067.125
767,185.02777099609375,2.859574794769287,2.6663200855255127,0.1932545155286789,40733.7265625,1.2934374757289165e+17,1.2934374757289165e+17,0.02739187516272068,118594.7265625,6.326781749725342,118588.3984375
768,180.37628173828125,2.762465715408325,2.575770378112793,0.18669509887695312,40617.94921875,1.4166340599493427e+17,1.4166340599493427e+17,0.02778013050556183,149337.921875,6.317354202270508,149331.609375
769,71.86090087890625,0.6082907915115356,0.5671786665916443,0.04111209511756897,40493.8125,1.5212842881908736e+17,1.5212842881908736e+17,0.027978792786598206,80041.5859375,6.324222087860107,80035.2578125
770,87.46572875976562,0.9237907528877258,0.8613575100898743,0.06243327260017395,40424.953125,2.0521059964524954e+17,2.0521059964524954e+17,0.028217734768986702,64603.46875,6.315709114074707,64597.15234375
771,66.998779296875,0.44684290885925293,0.4166458249092102,0.030197082087397575,40334.734375,3.6768404131230515e+17,3.6768404131230515e+17,0.028879158198833466,395421.34375,6.293726921081543,395415.0625
772,73.19396209716797,0.6521641612052917,0.608087956905365,0.04407619312405586,40229.8203125,3.1080493041791795e+17,3.1080493041791795e+17,0.029755236580967903,4512.7490234375,6.286952495574951,4506.4619140625
773,68.56832122802734,0.4303845465183258,0.4012937843799591,0.029090773314237595,40210.46484375,2.936964264105083e+17,2.936964264105083e+17,0.030015598982572556,654492.3125,6.289416790008545,654486.0
774,60.78059005737305,0.40184110403060913,0.37468504905700684,0.027156054973602295,40109.83203125,5.046470436884316e+17,5.046470436884316e+17,0.029738599434494972,7405.51416015625,6.291344165802002,7399.22265625
775,69.02777099609375,0.4518639147281647,0.4213261306285858,0.030537810176610947,39929.51171875,8.141361335658086e+17,8.141361335658086e+17,0.029421519488096237,569093.0,6.2908124923706055,569086.6875
776,50.621360778808594,0.20591191947460175,0.1919906735420227,0.01392125803977251,39806.69140625,4.998642711868211e+17,4.998642711868211e+17,0.029506754130125046,1920.7705078125,6.300176620483398,1914.4703369140625
777,63.16697692871094,0.3903252184391022,0.3639441728591919,0.02638101950287819,39759.48046875,3.9654237325072794e+17,3.9654237325072794e+17,0.02952762320637703,349469.40625,6.321246147155762,349463.09375
778,51.50469207763672,0.22054129838943481,0.20563861727714539,0.014902673661708832,39675.3125,4.987595368788132e+17,4.987595368788132e+17,0.02859237603843212,30355.025390625,6.339459419250488,30348.685546875
779,51.719852447509766,0.1756342649459839,0.16376250982284546,0.011871757917106152,39473.94921875,7.282369938042388e+17,7.282369938042388e+17,0.027719730511307716,273595.3125,6.351877689361572,273588.96875
780,56.40842819213867,0.31783053278923035,0.2963467836380005,0.021483777090907097,39291.609375,6.022371531491901e+17,6.022371531491901e+17,0.027274897322058678,62305.609375,6.369645595550537,62299.23828125
781,46.67027282714844,0.09901127964258194,0.09231879562139511,0.006692477501928806,39244.12109375,4.3185418560916685e+17,4.3185418560916685e+17,0.026727432385087013,204373.0625,6.397217273712158,204366.671875
782,51.74472427368164,0.22934533655643463,0.2138458490371704,0.015499493107199669,39206.64453125,4.3773581690352435e+17,4.3773581690352435e+17,0.02627088688313961,63307.7265625,6.425555229187012,63301.30078125
783,48.799095153808594,0.16417454183101654,0.15307798981666565,0.011096580885350704,39048.25,5.411878008090788e+17,5.411878008090788e+17,0.025656960904598236,100092.765625,6.447271347045898,100086.3203125
784,45.372474670410156,0.11644835025072098,0.10857530683279037,0.007873043417930603,38870.08984375,4.955635314547753e+17,4.955635314547753e+17,0.024554038420319557,18440.23046875,6.468963146209717,18433.76171875
785,48.872676849365234,0.18041175603866577,0.1682162582874298,0.01219549123197794,38786.76171875,4.275170589141893e+17,4.275170589141893e+17,0.02336779050529003,63781.078125,6.4971394538879395,63774.58203125
786,45.21110916137695,0.12023408710956573,0.11210917681455612,0.008124900981783867,38734.48046875,4.2855049676508365e+17,4.2855049676508365e+17,0.022492390125989914,3637.13037109375,6.527161121368408,3630.603271484375
787,43.065120697021484,0.07111570239067078,0.0663105919957161,0.004805115982890129,38601.3046875,4.4095178533555405e+17,4.4095178533555405e+17,0.021839920431375504,46707.5234375,6.559347152709961,46700.96484375
788,45.978981018066406,0.14291447401046753,0.13325390219688416,0.009660576470196247,38423.10546875,3.904500824004362e+17,3.904500824004362e+17,0.021046560257673264,1969.8922119140625,6.589421272277832,1963.302734375
789,42.33909606933594,0.06588738411664963,0.06143222004175186,0.004455158952623606,38285.28125,3.525258991338783e+17,3.525258991338783e+17,0.020006589591503143,40691.86328125,6.613968849182129,40685.25
790,41.78571701049805,0.062431156635284424,0.05821087211370468,0.004220289643853903,38159.46484375,3.489013590529147e+17,3.489013590529147e+17,0.019028637558221817,15579.2568359375,6.644052028656006,15572.6123046875
791,43.16529846191406,0.09252109378576279,0.08626741915941238,0.006253669038414955,37990.5625,3.664134525471949e+17,3.664134525471949e+17,0.018168509006500244,18227.142578125,6.6802263259887695,18220.462890625
792,41.275630950927734,0.053693391382694244,0.05006472021341324,0.0036286746617406607,37790.859375,3.55702285147308e+17,3.55702285147308e+17,0.017289595678448677,44439.703125,6.7146992683410645,44432.98828125
793,40.22446823120117,0.046077631413936615,0.042964641004800797,0.003112988779321313,37588.45703125,3.184306276720968e+17,3.184306276720968e+17,0.016475223004817963,1369.4283447265625,6.7498040199279785,1362.6785888671875
794,41.14521026611328,0.057784438133239746,0.05387949198484421,0.003904949873685837,37381.3203125,3.0967267395947725e+17,3.0967267395947725e+17,0.015823351219296455,56499.375,6.783868312835693,56492.58984375
795,39.530330657958984,0.0411066859960556,0.03832680732011795,0.0027798793744295835,37151.42578125,3.011512870455214e+17,3.011512870455214e+17,0.015259124338626862,2241.5634765625,6.814923286437988,2234.74853515625
796,39.66966247558594,0.04174679145216942,0.03892262652516365,0.0028241637628525496,36897.6875,3.039818079325389e+17,3.039818079325389e+17,0.014544357545673847,38064.9921875,6.849725246429443,38058.140625
797,38.635597229003906,0.03309822827577591,0.030861100181937218,0.002237132051959634,36636.046875,2.919501614274314e+17,2.919501614274314e+17,0.013571357354521751,5268.7548828125,6.891117095947266,5261.86376953125
798,39.27223205566406,0.049001988023519516,0.04569296911358833,0.0033090165816247463,36373.2578125,2.8423722479753626e+17,2.8423722479753626e+17,0.01272660680115223,16463.599609375,6.933506011962891,16456.666015625
799,37.69677734375,0.025560129433870316,0.02383371628820896,0.0017264102352783084,36104.8359375,2.758089355946885e+17,2.758089355946885e+17,0.012248964980244637,3811.96533203125,6.971333980560303,3804.993896484375
800,37.89162063598633,0.03456486761569977,0.032226983457803726,0.002337887417525053,35821.37890625,2.7131794599129907e+17,2.7131794599129907e+17,0.01181196328252554,7068.03271484375,7.006711006164551,7061.02587890625
801,37.45844650268555,0.03281638026237488,0.030596520751714706,0.0022198620717972517,35524.3359375,2.6449198882750464e+17,2.6449198882750464e+17,0.011162671260535717,2879.578125,7.044780731201172,2872.533447265625
802,36.9600944519043,0.028276436030864716,0.02636423148214817,0.0019122037338092923,35227.5859375,2.595008416925614e+17,2.595008416925614e+17,0.010430483147501945,5918.18310546875,7.085294246673584,5911.09765625
803,36.404781341552734,0.023313678801059723,0.02173781953752041,0.0015758590307086706,34934.7421875,2.5634907443167232e+17,2.5634907443167232e+17,0.00976691022515297,4800.787109375,7.127655506134033,4793.65966796875
804,36.51263427734375,0.030847471207380295,0.028763705864548683,0.002083764411509037,34648.16015625,2.5234214482241126e+17,2.5234214482241126e+17,0.009224571287631989,6975.52392578125,7.170931816101074,6968.35302734375
805,35.730159759521484,0.020664116367697716,0.01926819421350956,0.001395922270603478,34366.62890625,2.4432852612205773e+17,2.4432852612205773e+17,0.008755415678024292,8599.3759765625,7.209420680999756,8592.1669921875
806,35.39533233642578,0.02082297019660473,0.019414275884628296,0.0014086945448070765,34066.9609375,2.369966218107945e+17,2.369966218107945e+17,0.008297680877149105,5022.49658203125,7.244900703430176,5015.25146484375
807,35.46110534667969,0.027613099664449692,0.025744276121258736,0.0018688261043280363,33760.05859375,2.317543049883812e+17,2.317543049883812e+17,0.007854113355278969,8863.833984375,7.284246921539307,8856.5498046875
808,34.555545806884766,0.01646730676293373,0.015352779999375343,0.0011145301396027207,33488.6640625,2.252612765095035e+17,2.252612765095035e+17,0.00738134142011404,1825.508056640625,7.32647705078125,1818.181640625
809,34.57194519042969,0.021163687109947205,0.019734136760234833,0.0014295473229140043,33231.21875,2.2089884386721792e+17,2.2089884386721792e+17,0.006859249901026487,6164.2724609375,7.370017051696777,6156.90234375
810,34.231597900390625,0.021312091499567032,0.019872909411787987,0.001439184183254838,32946.58203125,2.1580092384529613e+17,2.1580092384529613e+17,0.006405017804354429,360.9456481933594,7.4120988845825195,353.5335388183594
811,33.71260070800781,0.01622096821665764,0.015123708173632622,0.001097260508686304,32657.533203125,2.0995380690812928e+17,2.0995380690812928e+17,0.0060610161162912846,3406.658935546875,7.449423789978027,3399.20947265625
812,33.41439437866211,0.016363706439733505,0.015255777165293694,0.0011079292744398117,32389.525390625,2.0282335374291763e+17,2.0282335374291763e+17,0.005729301366955042,386.17364501953125,7.488517761230469,378.68511962890625
813,33.337135314941406,0.019616305828094482,0.018289435654878616,0.0013268713373690844,32131.84765625,1.977434210440315e+17,1.977434210440315e+17,0.005360632669180632,2672.902587890625,7.532139778137207,2665.370361328125
814,32.70719909667969,0.012858823873102665,0.011989332735538483,0.0008694919524714351,31863.86328125,1.9381527831484826e+17,1.9381527831484826e+17,0.004978488199412823,657.6006469726562,7.575098514556885,650.0255737304688
815,32.55224609375,0.01515190303325653,0.014127875678241253,0.0010240270057693124,31580.07421875,1.9105966165747302e+17,1.9105966165747302e+17,0.004607235547155142,2351.2060546875,7.618252277374268,2343.587890625
816,32.26723098754883,0.015379245392978191,0.014339863322675228,0.0010393813718110323,31306.095703125,1.870426990046085e+17,1.870426990046085e+17,0.004276794847100973,513.2098388671875,7.661014556884766,505.548828125
817,31.928125381469727,0.013436296954751015,0.012527466751635075,0.0009088295046240091,31043.669921875,1.8278743438629274e+17,1.8278743438629274e+17,0.004001883324235678,2985.37841796875,7.70147180557251,2977.677001953125
818,31.585805892944336,0.012789130210876465,0.011923431418836117,0.0008656990248709917,30766.2734375,1.7927820558729216e+17,1.7927820558729216e+17,0.003741396591067314,79.65418243408203,7.743605136871338,71.91057586669922
819,31.362112045288086,0.013368244282901287,0.012463556602597237,0.0009046892519108951,30485.6640625,1.7769724530550374e+17,1.7769724530550374e+17,0.003452347358688712,3033.50830078125,7.787920951843262,3025.720458984375
820,31.04173469543457,0.012995962053537369,0.012117423117160797,0.000878537364769727,30216.283203125,1.7448301204026163e+17,1.7448301204026163e+17,0.0031600655056536198,117.01921081542969,7.8325653076171875,109.1866455078125
821,30.722450256347656,0.01157420128583908,0.010792120359838009,0.0007820812170393765,29945.2578125,1.720543626531963e+17,1.720543626531963e+17,0.002904733410105109,2642.60498046875,7.8767571449279785,2634.728271484375
822,30.506006240844727,0.013247255235910416,0.012350983917713165,0.0008962691645137966,29671.73828125,1.7101920681538355e+17,1.7101920681538355e+17,0.0026801491621881723,88.47225952148438,7.918795108795166,80.553466796875
823,30.154043197631836,0.011544132605195045,0.01076260581612587,0.0007815252174623311,29400.6640625,1.6900687719825408e+17,1.6900687719825408e+17,0.002459702780470252,716.6422729492188,7.961489677429199,708.6807861328125
824,29.87603759765625,0.011427844874560833,0.010654844343662262,0.0007730000652372837,29135.0546875,1.6587149953256653e+17,1.6587149953256653e+17,0.002242044312879443,371.9014587402344,8.006776809692383,363.8946838378906
825,29.649375915527344,0.012126807123422623,0.011306735686957836,0.0008200727752409875,28875.609375,1.6411944493357466e+17,1.6411944493357466e+17,0.0020462661050260067,330.62109375,8.051586151123047,322.56951904296875
826,29.357051849365234,0.011458978056907654,0.010683927685022354,0.0007750483928248286,28616.193359375,1.6324134745984205e+17,1.6324134745984205e+17,0.00186645588837564,466.8543395996094,8.095253944396973,458.75909423828125
827,29.030588150024414,0.010168946348130703,0.009480909444391727,0.0006880370201542974,28356.34765625,1.6188442985208218e+17,1.6188442985208218e+17,0.001687989803031087,390.6546630859375,8.139070510864258,382.5155944824219
828,28.837711334228516,0.01131857093423605,0.010552828200161457,0.0007657430251128972,28098.125,1.5874815883319706e+17,1.5874815883319706e+17,0.0015250352444127202,1490.804443359375,8.183484077453613,1482.6209716796875
829,28.505659103393555,0.009935092180967331,0.009262880310416222,0.0006722122197970748,27846.87109375,1.5703694078325555e+17,1.5703694078325555e+17,0.0013834263663738966,499.4452819824219,8.228087425231934,491.2171936035156
830,28.29757308959961,0.010422587394714355,0.009717500768601894,0.0007050854619592428,27601.697265625,1.5751112235260314e+17,1.5751112235260314e+17,0.0012499243021011353,1723.3863525390625,8.273100852966309,1715.11328125
831,28.010398864746094,0.010034531354904175,0.009355991147458553,0.0006785415462218225,27353.421875,1.5452148151720346e+17,1.5452148151720346e+17,0.001121130888350308,72.58845520019531,8.318122863769531,64.27033233642578
832,27.7351016998291,0.009413635358214378,0.008776696398854256,0.0006369375623762608,27102.986328125,1.5236303711266406e+17,1.5236303711266406e+17,0.0010015296284109354,906.993408203125,8.362271308898926,898.6311645507812
833,27.49367332458496,0.00965783093124628,0.009004080668091774,0.0006537497392855585,26856.845703125,1.5275698869292237e+17,1.5275698869292237e+17,0.0008939409162849188,117.77645874023438,8.406811714172363,109.36964416503906
834,27.228498458862305,0.009149947203695774,0.008531017228960991,0.0006189300329424441,26618.23046875,1.516241652987986e+17,1.516241652987986e+17,0.0007943970267660916,114.56742858886719,8.451973915100098,106.1154556274414
835,26.96747398376465,0.008747268468141556,0.00815582275390625,0.0005914457724429667,26377.359375,1.494516677612667e+17,1.494516677612667e+17,0.0007026102975942194,329.7772521972656,8.497365951538086,321.2798767089844
836,26.73648452758789,0.00910172425210476,0.008486036211252213,0.0006156880408525467,26131.955078125,1.4856568472757862e+17,1.4856568472757862e+17,0.0006215440225787461,87.79801940917969,8.541799545288086,79.25621795654297
837,26.476675033569336,0.008621234446763992,0.00803766492754221,0.0005835707997903228,25892.564453125,1.487480146792284e+17,1.487480146792284e+17,0.0005480340332724154,430.09649658203125,8.585311889648438,421.5111999511719
838,26.223766326904297,0.008430498652160168,0.007860027253627777,0.0005704707582481205,25654.361328125,1.4657769898508288e+17,1.4657769898508288e+17,0.0004790308012161404,130.27587890625,8.630444526672363,121.64543914794922
839,25.97311782836914,0.008148939348757267,0.00759774399921298,0.0005511953495442867,25414.56640625,1.448934017901527e+17,1.448934017901527e+17,0.0004162787226960063,620.9083862304688,8.675564765930176,612.2328491210938
840,25.72939109802246,0.008162053301930428,0.00760998111218214,0.0005520728882402182,25174.5,1.453901061680005e+17,1.453901061680005e+17,0.00036415454815141857,139.8605499267578,8.720247268676758,131.1403045654297
841,25.480567932128906,0.00793119054287672,0.007394652813673019,0.0005365373217500746,24938.0,1.4423204554604544e+17,1.4423204554604544e+17,0.00032599084079265594,177.51519775390625,8.76495361328125,168.750244140625
842,25.251956939697266,0.008061176165938377,0.007515632081776857,0.0005455432110466063,24702.81640625,1.4147475385142477e+17,1.4147475385142477e+17,0.00031685817521065474,460.39495849609375,8.809122085571289,451.5858459472656
843,24.996675491333008,0.007821422070264816,0.007291981019079685,0.0005294405273161829,24463.560546875,1.4166110389246362e+17,1.4166110389246362e+17,0.0003182220971211791,38.069766998291016,8.854043960571289,29.215723037719727
844,24.772912979125977,0.008035833016037941,0.007492229342460632,0.0005436035571619868,24227.9140625,1.4153476313448448e+17,1.4153476313448448e+17,0.0003196200414095074,167.11221313476562,8.899527549743652,158.2126922607422
845,24.536470413208008,0.007924498990178108,0.007388650439679623,0.0005358492489904165,23996.98046875,1.3874138512464282e+17,1.3874138512464282e+17,0.0003209649585187435,452.3666687011719,8.944709777832031,443.4219665527344
846,24.300256729125977,0.00793358962982893,0.007396792992949486,0.0005367969279177487,23764.673828125,1.385996769736786e+17,1.385996769736786e+17,0.00032227038173004985,30.39649200439453,8.989237785339355,21.40725326538086
847,24.077590942382812,0.008130669593811035,0.0075803278014063835,0.0005503420834429562,23532.05078125,1.3796832537110118e+17,1.3796832537110118e+17,0.0003235850017517805,103.82794189453125,9.033519744873047,94.79441833496094
848,23.843069076538086,0.008037052117288113,0.007493119686841965,0.0005439327796921134,23304.2578125,1.3634844409567642e+17,1.3634844409567642e+17,0.000324964988976717,60.90422821044922,9.078678131103516,51.8255500793457
849,23.62380599975586,0.008163698948919773,0.0076116155833005905,0.0005520820268429816,23078.095703125,1.3475419518507418e+17,1.3475419518507418e+17,0.00032631520298309624,277.18707275390625,9.124260902404785,268.06280517578125
850,23.415145874023438,0.008462559431791306,0.007890040054917336,0.0005725194932892919,22854.4375,1.356627611568046e+17,1.356627611568046e+17,0.0003276543284300715,191.59413146972656,9.168731689453125,182.42539978027344
851,23.209516525268555,0.008925267495214939,0.008321539498865604,0.0006037262501195073,22628.994140625,1.3284048660699546e+17,1.3284048660699546e+17,0.0003289779997430742,141.503173828125,9.213764190673828,132.28941345214844
852,23.043113708496094,0.009995915926992893,0.009319422766566277,0.0006764931022189558,22410.33984375,1.3273977821383885e+17,1.3273977821383885e+17,0.0003303188132122159,23.577600479125977,9.257997512817383,14.319602966308594
853,22.925039291381836,0.012079903855919838,0.011263031512498856,0.0008168720523826778,22189.408203125,1.3123077581412762e+17,1.3123077581412762e+17,0.00033164318301714957,40.51117706298828,9.303654670715332,31.207523345947266
854,22.939001083374023,0.01659776084125042,0.015475261025130749,0.0011224993504583836,21974.955078125,1.3216846166412493e+17,1.3216846166412493e+17,0.0003330502368044108,198.9499053955078,9.348471641540527,189.6014404296875
855,23.247241973876953,0.027011632919311523,0.025186067447066307,0.0018255659379065037,21754.986328125,1.2744398904859034e+17,1.2744398904859034e+17,0.0003343538846820593,1422.917236328125,9.39425277709961,1413.52294921875
856,24.247642517089844,0.051005374640226364,0.047556981444358826,0.003448390169069171,21547.080078125,1.3236838380181914e+17,1.3236838380181914e+17,0.0003357257810421288,1792.4349365234375,9.43765926361084,1782.997314453125
857,26.900928497314453,0.10839609801769257,0.10107053816318512,0.0073255496099591255,21328.716796875,1.2384576852721664e+17,1.2384576852721664e+17,0.0003369321930222213,2855.965576171875,9.48376750946045,2846.481689453125
858,33.39238739013672,0.24150975048542023,0.22518612444400787,0.016323592513799667,21132.701171875,1.3313824809969254e+17,1.3313824809969254e+17,0.00033844177960418165,5106.0849609375,9.526244163513184,5096.55859375
859,47.780860900878906,0.5328167676925659,0.4968091547489166,0.03600754588842392,20913.912109375,1.1818593793395917e+17,1.1818593793395917e+17,0.00033945278846658766,10792.181640625,9.572554588317871,10782.609375
860,73.068359375,1.0376330614089966,0.9675046801567078,0.07012831419706345,20751.005859375,1.3798596909675315e+17,1.3798596909675315e+17,0.00034098653122782707,29771.66796875,9.607647895812988,29762.060546875
861,95.19351959228516,1.4849894046783447,1.384631633758545,0.10035749524831772,20551.642578125,1.1395175301513216e+17,1.1395175301513216e+17,0.0003414193633943796,27845.1484375,9.648653030395508,27835.5
862,79.55081939697266,1.1751714944839478,1.0957516431808472,0.07941979914903641,20445.640625,1.224231035600896e+17,1.224231035600896e+17,0.00034282050910405815,22418.12890625,9.671651840209961,22408.45703125
863,53.7703857421875,0.6630023717880249,0.6181892156600952,0.04481319710612297,20316.673828125,1.3234197834288333e+17,1.3234197834288333e+17,0.0003425409086048603,17124.677734375,9.698775291442871,17114.978515625
864,71.80606079101562,0.9712482690811157,0.9056170582771301,0.06563124060630798,20174.4296875,1.2419404742524928e+17,1.2419404742524928e+17,0.00034371501533314586,294501.9375,9.722126960754395,294492.21875
865,60.432987213134766,0.6898249983787537,0.6431999206542969,0.046625010669231415,20142.3984375,1.7155123300427366e+17,1.7155123300427366e+17,0.000343104125931859,562778.9375,9.719099044799805,562769.1875
866,45.369422912597656,0.49284827709198,0.45953601598739624,0.033312276005744934,20024.890625,1.5856186033176576e+17,1.5856186033176576e+17,0.0003427184419706464,54355.515625,9.734122276306152,54345.78125
867,37.48960494995117,0.30531543493270874,0.28468430042266846,0.02063111960887909,19944.912109375,1.8541885776933683e+17,1.8541885776933683e+17,0.0003437681298237294,209350.21875,9.73884391784668,209340.484375
868,41.725257873535156,0.3495321571826935,0.3259130120277405,0.023619147017598152,19883.6015625,1.7321771467486003e+17,1.7321771467486003e+17,0.00034348026383668184,419182.875,9.746622085571289,419173.125
869,31.703388214111328,0.2299576997756958,0.2144123613834381,0.015545357018709183,19820.228515625,2.186550842323108e+17,2.186550842323108e+17,0.0003425817412789911,16662.001953125,9.747955322265625,16652.25390625
870,34.941524505615234,0.2657165229320526,0.2477540224790573,0.017962496727705002,19744.154296875,2.802469424815145e+17,2.802469424815145e+17,0.00034322572173550725,163129.40625,9.754927635192871,163119.65625
871,33.75802230834961,0.24776721000671387,0.2310246080160141,0.016742609441280365,19628.376953125,2.0201311675246182e+17,2.0201311675246182e+17,0.0003671117592602968,153927.03125,9.777084350585938,153917.25
872,28.289791107177734,0.1697334498167038,0.15826426446437836,0.011469180695712566,19545.16015625,2.380335471751332e+17,2.380335471751332e+17,0.00043071125401183963,1992.5108642578125,9.788214683532715,1982.72265625
873,31.144672393798828,0.2006712555885315,0.18710735440254211,0.013563922606408596,19471.517578125,3.187117934111621e+17,3.187117934111621e+17,0.000497807573992759,132087.84375,9.806843757629395,132078.03125
874,27.457563400268555,0.1550048291683197,0.14452701807022095,0.010477801784873009,19377.693359375,2.3377738920361984e+17,2.3377738920361984e+17,0.0006027680356055498,9584.74609375,9.832175254821777,9574.9140625
875,26.662446975708008,0.12367885559797287,0.11531771719455719,0.008361143060028553,19252.408203125,2.1428442243268608e+17,2.1428442243268608e+17,0.0007612668559886515,101181.09375,9.8527250289917,101171.2421875
876,26.96930694580078,0.1495247483253479,0.139418363571167,0.010106377303600311,19132.400390625,2.573630474907812e+17,2.573630474907812e+17,0.0008808592683635652,10330.537109375,9.882132530212402,10320.6552734375
877,26.07642936706543,0.11441586911678314,0.1066865548491478,0.007729319855570793,19055.02734375,2.803257637213307e+17,2.803257637213307e+17,0.0011762725189328194,102028.2890625,9.91873550415039,102018.3671875
878,22.66146469116211,0.06597290933132172,0.061513639986515045,0.00445927120745182,18940.1171875,2.1141790971972813e+17,2.1141790971972813e+17,0.001501251244917512,21128.212890625,9.948443412780762,21118.263671875
879,26.24766731262207,0.12667886912822723,0.11811251193284988,0.008566344156861305,18815.814453125,2.0471179932336128e+17,2.0471179932336128e+17,0.0023082727566361427,89319.71875,9.970598220825195,89309.75
880,22.004667282104492,0.05690107122063637,0.053054798394441605,0.0038462718948721886,18723.15625,2.2877091762536448e+17,2.2877091762536448e+17,0.0032985794823616743,20768.58203125,10.005952835083008,20758.576171875
881,23.880891799926758,0.09016843140125275,0.08407637476921082,0.00609206035733223,18603.79296875,2.293952856111186e+17,2.293952856111186e+17,0.004768823739141226,53928.125,10.051250457763672,53918.07421875
882,22.1710262298584,0.06723139435052872,0.06268705427646637,0.004544337745755911,18476.736328125,1.9576402523612774e+17,1.9576402523612774e+17,0.005670242942869663,13695.2578125,10.081052780151367,13685.1767578125
883,21.781147003173828,0.05481930822134018,0.05111400783061981,0.003705305978655815,18363.95703125,1.9554269698143027e+17,1.9554269698143027e+17,0.005693649407476187,48068.0390625,10.111592292785645,48057.92578125
884,21.504745483398438,0.05719831585884094,0.053332190960645676,0.0038661262951791286,18253.263671875,2.0351300523157094e+17,2.0351300523157094e+17,0.005708609241992235,18805.087890625,10.150973320007324,18794.9375
885,21.53632164001465,0.05577746778726578,0.05200543999671936,0.0037720315158367157,18122.607421875,1.974654335807652e+17,1.974654335807652e+17,0.005721291061490774,42737.3671875,10.186480522155762,42727.1796875
886,20.257156372070312,0.032403603196144104,0.030212923884391785,0.002190680941566825,17976.205078125,1.847847487977554e+17,1.847847487977554e+17,0.005743470508605242,47598.69140625,10.225616455078125,47588.46484375
887,20.497339248657227,0.04551321640610695,0.042439233511686325,0.0030739817302674055,17849.044921875,1.836999431380009e+17,1.836999431380009e+17,0.005766896065324545,18893.060546875,10.266131401062012,18882.794921875
888,19.981882095336914,0.02977488934993744,0.02776256576180458,0.0020123242866247892,17697.919921875,1.8837956770503066e+17,1.8837956770503066e+17,0.005780949257314205,60683.75390625,10.305148124694824,60673.44921875
889,19.31633186340332,0.030672015622258186,0.02859707735478878,0.0020749391987919807,17540.009765625,1.7729822566383616e+17,1.7729822566383616e+17,0.005795791745185852,6542.2587890625,10.343130111694336,6531.91552734375
890,19.909156799316406,0.03646082431077957,0.033995818346738815,0.0024650057312101126,17410.7890625,1.7840012529342874e+17,1.7840012529342874e+17,0.005818111356347799,49692.453125,10.3823881149292,49682.0703125
891,18.55791473388672,0.02171805500984192,0.020249852910637856,0.001468202332034707,17242.693359375,1.710296865355858e+17,1.710296865355858e+17,0.005838573444634676,5828.7578125,10.428030014038086,5818.32958984375
892,18.84511375427246,0.02318188175559044,0.021614864468574524,0.0015670196153223515,17062.796875,1.7263217319346176e+17,1.7263217319346176e+17,0.00585732888430357,45059.0,10.46988582611084,45048.53125
893,18.39104461669922,0.025849036872386932,0.024102510884404182,0.0017465251730754972,16912.23828125,1.6469713521475584e+17,1.6469713521475584e+17,0.005878601223230362,2165.68408203125,10.510188102722168,2155.173828125
894,18.144184112548828,0.017960287630558014,0.016745980829000473,0.0012143038911744952,16755.240234375,1.6585794461578035e+17,1.6585794461578035e+17,0.005898491945117712,32507.078125,10.55308723449707,32496.525390625
895,17.952125549316406,0.024250637739896774,0.022610055282711983,0.001640583504922688,16579.65234375,1.5904475209478963e+17,1.5904475209478963e+17,0.005918333772569895,89.65911102294922,10.594462394714355,79.06465148925781
896,17.710216522216797,0.020072581246495247,0.01871548779308796,0.0013570929877460003,16407.923828125,1.5859206254179123e+17,1.5859206254179123e+17,0.005942436866462231,14007.0869140625,10.6383638381958,13996.4482421875
897,17.275861740112305,0.017348168417811394,0.016176000237464905,0.0011721699265763164,16252.162109375,1.5467342028026675e+17,1.5467342028026675e+17,0.005964507814496756,161.83628845214844,10.680387496948242,151.15589904785156
898,17.158945083618164,0.016976673156023026,0.015828538686037064,0.001148135052062571,16071.29296875,1.5293050537168077e+17,1.5293050537168077e+17,0.005981342401355505,8588.87890625,10.723621368408203,8578.1552734375
899,16.89039421081543,0.01687774434685707,0.01573643833398819,0.0011413056636229157,15892.5927734375,1.486772851577979e+17,1.486772851577979e+17,0.006003017537295818,523.6521606445312,10.767780303955078,512.8843994140625
900,16.777742385864258,0.016144059598445892,0.015053225681185722,0.0010908336844295263,15734.3662109375,1.471296881819648e+17,1.471296881819648e+17,0.00602851202711463,8904.361328125,10.809978485107422,8893.5517578125
901,16.3935546875,0.013533486984670162,0.012618027627468109,0.0009154602303169668,15555.05859375,1.4601796166719898e+17,1.4601796166719898e+17,0.006047121714800596,1580.434814453125,10.854310035705566,1569.5804443359375
902,16.45005989074707,0.017602890729904175,0.016411831602454185,0.0011910595931112766,15381.8544921875,1.4358199365586125e+17,1.4358199365586125e+17,0.006064786110073328,4447.8515625,10.898258209228516,4436.953125
903,15.828516006469727,0.009492320939898491,0.008850697427988052,0.0006416232790797949,15211.7626953125,1.3923504007571046e+17,1.3923504007571046e+17,0.006088667549192905,290.12115478515625,10.944245338439941,279.1769104003906
904,15.975423812866211,0.015207690186798573,0.014179913327097893,0.0010277759283781052,15029.0673828125,1.3701399222786458e+17,1.3701399222786458e+17,0.006111204624176025,4895.64794921875,10.98836898803711,4884.65966796875
905,15.534162521362305,0.010828012600541115,0.010095355100929737,0.000732657324988395,14855.462890625,1.3538339930400358e+17,1.3538339930400358e+17,0.006129222922027111,191.37709045410156,11.033268928527832,180.3438262939453
906,15.509517669677734,0.012502498924732208,0.011657003313302994,0.0008454965427517891,14702.8798828125,1.3458309227793613e+17,1.3458309227793613e+17,0.006149636581540108,4692.873046875,11.079998016357422,4681.79296875
907,15.241822242736816,0.01119566336274147,0.010438434779644012,0.000757228524889797,14534.0068359375,1.311601493719122e+17,1.311601493719122e+17,0.006172655615955591,1687.2254638671875,11.1237154006958,1676.101806640625
908,15.111930847167969,0.012280300259590149,0.011449412442743778,0.000830885604955256,14356.2685546875,1.2975349604286464e+17,1.2975349604286464e+17,0.006194006651639938,1189.3843994140625,11.16978931427002,1178.214599609375
909,14.887238502502441,0.010602854192256927,0.009886075742542744,0.000716777634806931,14214.96484375,1.2773036028801843e+17,1.2773036028801843e+17,0.006214321590960026,1439.944091796875,11.215744972229004,1428.7283935546875
910,14.673681259155273,0.009854228235781193,0.009187808260321617,0.000666418403852731,14052.0869140625,1.2546267768527258e+17,1.2546267768527258e+17,0.006235003005713224,341.9482727050781,11.261813163757324,330.68646240234375
911,14.516507148742676,0.009497320279479027,0.00885480735450983,0.0006425115861929953,13889.5537109375,1.2372045856138854e+17,1.2372045856138854e+17,0.006258274428546429,2836.666748046875,11.306604385375977,2825.360107421875
912,14.299582481384277,0.008702870458364487,0.008114540949463844,0.0005883295089006424,13740.7685546875,1.2262858338546483e+17,1.2262858338546483e+17,0.006281217094510794,104.14511108398438,11.353618621826172,92.79149627685547
913,14.164138793945312,0.008992004208266735,0.00838333647698164,0.0006086674984544516,13579.681640625,1.2143274423117414e+17,1.2143274423117414e+17,0.006300943437963724,1342.365478515625,11.399781227111816,1330.9656982421875
914,13.941553115844727,0.00789988599717617,0.007365106139332056,0.0005347804981283844,13422.1142578125,1.191039442438062e+17,1.191039442438062e+17,0.006322904024273157,533.823974609375,11.445517539978027,522.3784790039062
915,13.849345207214355,0.009236510843038559,0.008612527512013912,0.000623982516117394,13268.6982421875,1.1794029157443174e+17,1.1794029157443174e+17,0.006347134243696928,88.1199951171875,11.493948936462402,76.62604522705078
916,13.652121543884277,0.008473873138427734,0.00790062639862299,0.0005732459248974919,13111.517578125,1.1678784017976525e+17,1.1678784017976525e+17,0.0063681588508188725,12.19694995880127,11.53995418548584,0.6569961905479431
917,13.45384693145752,0.00746266171336174,0.006957550533115864,0.0005051112384535372,12962.126953125,1.163414298689536e+17,1.163414298689536e+17,0.006389069836586714,224.46253967285156,11.586853981018066,212.8756866455078
918,13.36398983001709,0.008556028828024864,0.007977469824254513,0.0005785578396171331,12818.8427734375,1.1453665884137062e+17,1.1453665884137062e+17,0.006412149872630835,280.8938293457031,11.63298511505127,269.2608337402344
919,13.185630798339844,0.008201542310416698,0.0076463669538497925,0.0005551759386435151,12660.98828125,1.1422106464446054e+17,1.1422106464446054e+17,0.006434249691665173,34.468624114990234,11.681031227111816,22.7875919342041
920,13.07752799987793,0.00880692433565855,0.008211901411414146,0.0005950228660367429,12524.251953125,1.1279084912482714e+17,1.1279084912482714e+17,0.006456442642956972,13.808241844177246,11.727057456970215,2.081184148788452
921,12.923850059509277,0.008822329342365265,0.00822542980313301,0.0005968983168713748,12370.318359375,1.121821835395072e+17,1.121821835395072e+17,0.006477063521742821,23.153461456298828,11.774006843566895,11.379454612731934
922,12.803544044494629,0.009115854278206825,0.008499294519424438,0.0006165592349134386,12230.794921875,1.1046220375628186e+17,1.1046220375628186e+17,0.0064996387809515,649.3326416015625,11.818830490112305,637.5137939453125
923,12.77365493774414,0.011369716376066208,0.010601092129945755,0.0007686249446123838,12080.5537109375,1.118510415609856e+17,1.118510415609856e+17,0.006521887611597776,1276.4443359375,11.86778736114502,1264.5765380859375
924,12.802449226379395,0.014643928036093712,0.013653519563376904,0.000990408705547452,11942.5908203125,1.0853119504993485e+17,1.0853119504993485e+17,0.006543102208524942,1912.9864501953125,11.91063404083252,1901.0758056640625
925,12.97153377532959,0.020917808637022972,0.01950378157198429,0.0014140265993773937,11789.837890625,1.1121122887283507e+17,1.1121122887283507e+17,0.00656465906649828,2459.365478515625,11.960663795471191,2447.40478515625
926,13.466361999511719,0.03321056813001633,0.030966004356741905,0.0022445633076131344,11658.9501953125,1.0658673450601677e+17,1.0658673450601677e+17,0.006586960982531309,4029.68603515625,12.00185775756836,4017.68408203125
927,14.67817211151123,0.060207415372133255,0.05613754317164421,0.004069879185408354,11495.7490234375,1.118184083994706e+17,1.118184083994706e+17,0.006607618182897568,6023.34814453125,12.053807258605957,6011.29443359375
928,17.40630340576172,0.11547793447971344,0.10767419636249542,0.007803752087056637,11389.8408203125,1.037627505592238e+17,1.037627505592238e+17,0.006630196236073971,13880.146484375,12.08960247039795,13868.056640625
929,22.773527145385742,0.2228863537311554,0.2078220248222351,0.0150643615052104,11205.3310546875,1.1594321768113766e+17,1.1594321768113766e+17,0.006648004055023193,30793.333984375,12.146349906921387,30781.1875
930,33.223060607910156,0.42712485790252686,0.39825910329818726,0.02886573038995266,11132.3349609375,1.0026500650277274e+17,1.0026500650277274e+17,0.006669934373348951,63421.53125,12.169405937194824,63409.36328125
931,48.5486946105957,0.7240314483642578,0.6750996708869934,0.048931751400232315,10936.068359375,1.2791499234213888e+17,1.2791499234213888e+17,0.006683816201984882,128313.8125,12.233588218688965,128301.578125
932,64.98104095458984,1.0394161939620972,0.9691699147224426,0.07024630159139633,10908.259765625,1.0236472152450662e+17,1.0236472152450662e+17,0.006696951575577259,199960.703125,12.232199668884277,199948.46875
933,57.18448257446289,0.8748806118965149,0.8157546520233154,0.059125903993844986,10731.0107421875,1.3707159632923853e+17,1.3707159632923853e+17,0.006703479681164026,257236.78125,12.293353080749512,257224.484375
934,26.12516212463379,0.2859596908092499,0.2666330933570862,0.019326599314808846,10714.689453125,1.12720342941696e+17,1.12720342941696e+17,0.006705169565975666,99976.6796875,12.283038139343262,99964.3984375
935,12.639013290405273,0.03788233920931816,0.03532165661454201,0.002560683758929372,10621.052734375,1.1297990499526246e+17,1.1297990499526246e+17,0.006709061097353697,1086.263916015625,12.309246063232422,1073.9547119140625
936,29.613811492919922,0.3606790602207184,0.3363029360771179,0.024376176297664642,10511.4560546875,1.2100918314637722e+17,1.2100918314637722e+17,0.006716565228998661,94739.1328125,12.342973709106445,94726.7890625
937,23.1921443939209,0.23510782420635223,0.21921804547309875,0.015889788046479225,10487.46875,1.4188830766242202e+17,1.4188830766242202e+17,0.006722582969814539,80739.5859375,12.34043025970459,80727.2421875
938,13.323992729187012,0.05589551478624344,0.052117712795734406,0.0037778036203235388,10396.826171875,1.3079143501948518e+17,1.3079143501948518e+17,0.00673310412093997,159.83526611328125,12.370518684387207,147.46475219726562
939,22.802467346191406,0.23485730588436127,0.21898405253887177,0.01587327942252159,10290.8115234375,1.313366725277778e+17,1.313366725277778e+17,0.006747479550540447,63745.48046875,12.404643058776855,63733.07421875
940,14.634941101074219,0.0777021199464798,0.07244980335235596,0.005252322182059288,10250.8125,1.6202661044944896e+17,1.6202661044944896e+17,0.0067580933682620525,33699.62890625,12.41280746459961,33687.21484375
941,16.6585636138916,0.124763622879982,0.1163315623998642,0.0084320567548275,10174.052734375,1.5271309412715725e+17,1.5271309412715725e+17,0.006772187538444996,9361.50390625,12.441705703735352,9349.0625
942,16.0467472076416,0.10657651722431183,0.09937343001365662,0.007203091401606798,10062.34765625,1.3985421115103642e+17,1.3985421115103642e+17,0.0067929960787296295,51571.78125,12.481905937194824,51559.30078125
943,13.76773738861084,0.07171881943941116,0.06687038391828537,0.00484844483435154,9998.0517578125,1.6085035634602803e+17,1.6085035634602803e+17,0.006808314006775618,2289.318115234375,12.503911972045898,2276.814208984375
944,14.967353820800781,0.09066389501094818,0.08453597128391266,0.006127921398729086,9935.11328125,1.6838883140435968e+17,1.6838883140435968e+17,0.006821885239332914,33065.65234375,12.532403945922852,33053.12109375
945,13.010100364685059,0.05603709816932678,0.052250444889068604,0.003786653745919466,9838.0087890625,1.4057540487951155e+17,1.4057540487951155e+17,0.006843488197773695,22966.064453125,12.572770118713379,22953.4921875
946,14.858139991760254,0.09719440340995789,0.09062433242797852,0.006570064462721348,9749.1943359375,1.450473677777797e+17,1.450473677777797e+17,0.006864497438073158,10417.7099609375,12.606731414794922,10405.103515625
947,11.109458923339844,0.01728460192680359,0.016115454956889153,0.001169146504253149,9679.1611328125,1.689413531771863e+17,1.689413531771863e+17,0.006879585329443216,39712.54296875,12.640819549560547,39699.90234375
948,13.649001121520996,0.07795842736959457,0.07269015163183212,0.005268274340778589,9605.1123046875,1.4021559828925645e+17,1.4021559828925645e+17,0.006897629238665104,575.0523681640625,12.677552223205566,562.3748168945312
949,11.22700309753418,0.02413799613714218,0.022506197914481163,0.0016317993868142366,9512.9931640625,1.3098997417771008e+17,1.3098997417771008e+17,0.006921726278960705,37612.00390625,12.713911056518555,37599.2890625
950,12.426783561706543,0.054422296583652496,0.0507434643805027,0.003678834531456232,9419.2861328125,1.4802462192749773e+17,1.4802462192749773e+17,0.006941191852092743,13835.7275390625,12.755593299865723,13822.9716796875
951,11.014345169067383,0.02735939435660839,0.025510113686323166,0.0018492804374545813,9346.6826171875,1.392709717721088e+17,1.392709717721088e+17,0.006956120952963829,16042.15234375,12.793286323547363,16029.359375
952,11.715498924255371,0.03984637185931206,0.037153393030166626,0.002692967653274536,9265.8232421875,1.2310329753075712e+17,1.2310329753075712e+17,0.006977418903261423,33425.3046875,12.825982093811035,33412.48046875
953,10.263805389404297,0.01931566372513771,0.018009699881076813,0.0013059655902907252,9162.884765625,1.2465137554292736e+17,1.2465137554292736e+17,0.00699835317209363,1048.580810546875,12.86861801147461,1035.712158203125
954,11.239023208618164,0.03415029123425484,0.03184250369668007,0.0023077845107764006,9070.337890625,1.3184533409457766e+17,1.3184533409457766e+17,0.007015084382146597,32932.4375,12.911993026733398,32919.52734375
955,10.074789047241211,0.01838817447423935,0.017144951969385147,0.0012432208750396967,8984.5048828125,1.1844863531365171e+17,1.1844863531365171e+17,0.007032269611954689,5242.58642578125,12.944993019104004,5229.6416015625
956,10.550418853759766,0.028310034424066544,0.02639591507613659,0.0019141181837767363,8889.3203125,1.1464146463332762e+17,1.1464146463332762e+17,0.007049875799566507,13095.587890625,12.98275089263916,13082.60546875
957,9.731515884399414,0.014826624654233456,0.013825416564941406,0.0010012079728767276,8783.658203125,1.1652077911329997e+17,1.1652077911329997e+17,0.007070618681609631,9000.4990234375,13.02863883972168,8987.470703125
958,10.11818790435791,0.02580520696938038,0.0240608062595129,0.001744401641190052,8678.1669921875,1.1356608213182054e+17,1.1356608213182054e+17,0.007087786216288805,3619.403564453125,13.06751823425293,3606.3359375
959,9.549824714660645,0.01574857160449028,0.014683185145258904,0.001065386226400733,8585.1552734375,1.0952259376093594e+17,1.0952259376093594e+17,0.007102803327143192,6771.7421875,13.103108406066895,6758.63916015625
960,9.53542423248291,0.018526408821344376,0.017274407669901848,0.0012520011514425278,8483.884765625,1.069692786531369e+17,1.069692786531369e+17,0.007122992537915707,1825.0081787109375,13.145676612854004,1811.862548828125
961,9.371803283691406,0.016165841370821,0.015073670074343681,0.0010921728098765016,8372.6484375,1.0524234102289203e+17,1.0524234102289203e+17,0.007142361253499985,8561.9326171875,13.187443733215332,8548.7451171875
962,9.05969524383545,0.013702933676540852,0.012775951065123081,0.0009269841248169541,8268.7900390625,1.0333846791992115e+17,1.0333846791992115e+17,0.007159549742937088,242.03138732910156,13.227324485778809,228.80406188964844
963,8.937765121459961,0.01170695573091507,0.010915340855717659,0.0007916162721812725,8175.107421875,1.0338947495152845e+17,1.0338947495152845e+17,0.007177222520112991,7391.890625,13.266111373901367,7378.62451171875
964,8.951143264770508,0.015438420698046684,0.014394749887287617,0.0010436712764203548,8069.79833984375,9.838192963144909e+16,9.838192963144909e+16,0.007195759564638138,1104.1878662109375,13.30590534210205,1090.8819580078125
965,8.570284843444824,0.00943504273891449,0.008797427639365196,0.0006376155652105808,7963.30322265625,9.719057442301542e+16,9.719057442301542e+16,0.007216805592179298,3803.821533203125,13.34884262084961,3790.47265625
966,8.527426719665527,0.010803330689668655,0.010072818025946617,0.0007305126055143774,7864.60009765625,9.800392955972813e+16,9.800392955972813e+16,0.007234368473291397,2465.559326171875,13.389225959777832,2452.170166015625
967,8.435860633850098,0.011328432708978653,0.010561888106167316,0.000766544253565371,7764.30419921875,9.57899082783785e+16,9.57899082783785e+16,0.007251444272696972,934.4102172851562,13.427176475524902,920.9830322265625
968,8.176499366760254,0.007631958462297916,0.007116078864783049,0.0005158791318535805,7665.05419921875,9.219045080642355e+16,9.219045080642355e+16,0.007271947339177132,3765.56298828125,13.469141960144043,3752.09375
969,8.152292251586914,0.009904662147164345,0.009235401637852192,0.0006692591123282909,7562.33837890625,9.269950751021466e+16,9.269950751021466e+16,0.007292037829756737,202.1295166015625,13.512011528015137,188.6175079345703
970,8.029532432556152,0.009052596054971218,0.008439925499260426,0.0006126700900495052,7459.416015625,9.325204646291046e+16,9.325204646291046e+16,0.0073099518194794655,2423.3671875,13.552542686462402,2409.814697265625
971,7.899669647216797,0.00828694086521864,0.00772631261497736,0.0005606277845799923,7367.6220703125,8.870047205084365e+16,8.870047205084365e+16,0.007327943108975887,2899.98828125,13.593013763427734,2886.395263671875
972,7.682622909545898,0.006492204032838345,0.006053399294614792,0.00043880491284653544,7267.8896484375,8.912996878044365e+16,8.912996878044365e+16,0.00734905106946826,99.291015625,13.635257720947266,85.65576171875
973,7.727647304534912,0.00897736195474863,0.008370253257453442,0.000607109279371798,7164.80224609375,9.015707584954368e+16,9.015707584954368e+16,0.007368998136371374,2381.953369140625,13.678771018981934,2368.274658203125
974,7.517063140869141,0.006667914800345898,0.0062169283628463745,0.0004509866121225059,7073.9072265625,8.625312237617152e+16,8.625312237617152e+16,0.007387110497802496,2350.679931640625,13.720468521118164,2336.95947265625
975,7.471795558929443,0.008092030882835388,0.007544212508946657,0.0005478180246427655,6979.2333984375,8.655521319590298e+16,8.655521319590298e+16,0.0074063618667423725,140.50111389160156,13.760860443115234,126.7402572631836
976,7.391960144042969,0.007953383959829807,0.007415998727083206,0.0005373851745389402,6884.5634765625,8.769499443704627e+16,8.769499443704627e+16,0.007427343167364597,2203.19677734375,13.804243087768555,2189.392578125
977,7.4016218185424805,0.010341024026274681,0.009641842916607857,0.0006991815753281116,6790.72119140625,8.459858071466803e+16,8.459858071466803e+16,0.00744719197973609,925.0526123046875,13.848361015319824,911.2042236328125
978,7.4449992179870605,0.012947860173881054,0.012072267010807991,0.0008755921735428274,6702.08447265625,8.394301408647578e+16,8.394301408647578e+16,0.007465653587132692,1157.8489990234375,13.887913703918457,1143.9610595703125
979,7.830268859863281,0.021982645615935326,0.020495939999818802,0.0014867044519633055,6612.09326171875,8.636812442048922e+16,8.636812442048922e+16,0.007485219277441502,3267.550537109375,13.930761337280273,3253.619873046875
980,8.776530265808105,0.04326413944363594,0.040341492742300034,0.0029226411134004593,6524.7568359375,8.29403196114862e+16,8.29403196114862e+16,0.007507451344281435,562.700439453125,13.973958015441895,548.7265014648438
981,11.127885818481445,0.09208987653255463,0.08586414158344269,0.0062257288955152035,6431.7099609375,8.2440823504896e+16,8.2440823504896e+16,0.007524548564106226,924.1644287109375,14.015535354614258,910.1488647460938
982,16.3596134185791,0.19822077453136444,0.18482650816440582,0.013394251465797424,6355.47509765625,8.424351576830771e+16,8.424351576830771e+16,0.007545812986791134,885.6627197265625,14.055171966552734,871.6075439453125
983,25.855281829833984,0.39008471369743347,0.36371853947639465,0.0263662189245224,6262.4326171875,8.402054683610317e+16,8.402054683610317e+16,0.00755979772657156,459.1390075683594,14.096055030822754,445.0429382324219
984,35.87842559814453,0.5913874506950378,0.5514251589775085,0.03996238857507706,6198.87353515625,8.195459025731584e+16,8.195459025731584e+16,0.007583609316498041,2822.349365234375,14.130959510803223,2808.218505859375
985,28.77252960205078,0.4509386718273163,0.42045870423316956,0.03047996759414673,6114.11279296875,8.604856167379763e+16,8.604856167379763e+16,0.007586780469864607,2543.52294921875,14.16167163848877,2529.361328125
986,9.333094596862793,0.06356050819158554,0.05926666408777237,0.004293842241168022,6068.8134765625,8.598337266017894e+16,8.598337266017894e+16,0.007605583872646093,27.159534454345703,14.191139221191406,12.968396186828613
987,14.432913780212402,0.16654738783836365,0.15529285371303558,0.011254549957811832,5996.953125,8.695446476580454e+16,8.695446476580454e+16,0.00761414784938097,2163.6484375,14.214770317077637,2149.43359375
988,13.01322078704834,0.13926167786121368,0.12984837591648102,0.009413286112248898,5934.443359375,9.094208420210278e+16,9.094208420210278e+16,0.007623659912496805,2475.093017578125,14.242879867553711,2460.85009765625
989,9.000693321228027,0.060510631650686264,0.05642049387097359,0.004090138245373964,5880.6826171875,9.27484185977815e+16,9.27484185977815e+16,0.007637455128133297,173.02577209472656,14.270967483520508,158.7548065185547
990,13.348540306091309,0.14872635900974274,0.13867506384849548,0.010051296092569828,5808.65380859375,9.67050455500718e+16,9.67050455500718e+16,0.00765137979760766,686.2796020507812,14.297569274902344,671.9820556640625
991,8.2550687789917,0.04743896797299385,0.044235147535800934,0.0032038253266364336,5757.55322265625,9.984812838708838e+16,9.984812838708838e+16,0.007667470257729292,2571.833740234375,14.328189849853516,2557.505615234375
992,10.99835205078125,0.10360430926084518,0.0965997725725174,0.0070045385509729385,5692.9423828125,9.904756366298317e+16,9.904756366298317e+16,0.007672096136957407,2614.72314453125,14.35137939453125,2600.371826171875
993,7.70504903793335,0.03944036364555359,0.036772649735212326,0.00266771181486547,5629.43408203125,1.0311461422445363e+17,1.0311461422445363e+17,0.007690729107707739,48.163475036621094,14.3841552734375,33.779319763183594
994,10.345459938049316,0.0922064334154129,0.08597800880670547,0.0062284208834171295,5577.875,1.073723527439319e+17,1.073723527439319e+17,0.007709922734647989,4989.15380859375,14.4181547164917,4974.73583984375
995,7.430314064025879,0.03528989478945732,0.0329040102660656,0.0023858859203755856,5505.76416015625,1.0527140077161677e+17,1.0527140077161677e+17,0.007722279988229275,5478.33447265625,14.444189071655273,5463.89013671875
996,9.123710632324219,0.07048965990543365,0.06572326272726059,0.004766400903463364,5456.9873046875,1.0581611429389926e+17,1.0581611429389926e+17,0.007728743366897106,3642.443359375,14.473339080810547,3627.969970703125
997,7.052696228027344,0.026397673413157463,0.024612881243228912,0.0017847917042672634,5396.63330078125,1.1204558639962522e+17,1.1204558639962522e+17,0.007749619893729687,22413.322265625,14.508546829223633,22398.814453125
998,8.331409454345703,0.05770118534564972,0.05380295217037201,0.0038982366677373648,5333.64013671875,1.0766875702696346e+17,1.0766875702696346e+17,0.0077682193368673325,503.97686767578125,14.54248332977295,489.43438720703125
999,8.04166316986084,0.04789439216256142,0.04465798661112785,0.003236403688788414,5278.55029296875,1.077567609068585e+17,1.077567609068585e+17,0.007783628534525633,26063.634765625,14.57469654083252,26049.060546875
