step,loss
0,50.66932678222656
1,50.15899658203125
2,49.68556594848633
3,49.22633361816406
4,48.76356887817383
5,48.27912139892578
6,47.762672424316406
7,47.2109489440918
8,46.634986877441406
9,46.078121185302734
10,45.6397819519043
11,45.464298248291016
12,45.605491638183594
13,45.831016540527344
14,45.86126708984375
15,45.700439453125
16,45.49283981323242
17,45.34511184692383
18,45.285675048828125
19,45.28801727294922
20,45.31118392944336
21,45.324562072753906
22,45.31399154663086
23,45.27851104736328
24,45.2252311706543
25,45.1646614074707
26,45.10780715942383
27,45.06177520751953
28,45.02823257446289
29,45.00292205810547
30,44.97850799560547
31,44.94991683959961
32,44.91693115234375
33,44.88344955444336
34,44.85333251953125
35,44.827091217041016
36,44.80201721191406
37,44.77404022216797
38,44.740272521972656
39,44.700477600097656
40,44.65703582763672
41,44.614295959472656
42,44.575462341308594
43,44.540802001953125
44,44.50654983520508
45,44.466514587402344
46,44.416561126708984
47,44.35693359375
48,44.29242706298828
49,44.22835922241211
50,44.16598892211914
51,44.10147476196289
52,44.02755355834961
53,43.93870544433594
54,43.834228515625
55,43.717037200927734
56,43.590660095214844
57,43.45069885253906
58,43.28587341308594
59,43.086116790771484
60,42.85023498535156
61,42.58405303955078
62,42.27833938598633
63,41.90843200683594
64,41.46449661254883
65,40.95185470581055
66,40.3461799621582
67,39.64188766479492
68,38.877235412597656
69,38.033260345458984
70,37.204071044921875
71,36.48384094238281
72,36.00116729736328
73,35.88296127319336
74,36.09648132324219
75,36.36701965332031
76,36.49864196777344
77,36.497947692871094
78,36.14197540283203
79,35.679840087890625
80,35.238712310791016
81,34.922569274902344
82,34.6613655090332
83,34.5558967590332
84,34.444122314453125
85,34.37724304199219
86,34.30270767211914
87,34.14519119262695
88,34.00019073486328
89,33.748512268066406
90,33.471588134765625
91,33.156124114990234
92,32.7749137878418
93,32.416961669921875
94,31.9870662689209
95,31.59837532043457
96,31.159698486328125
97,30.718719482421875
98,30.266483306884766
99,29.70926856994629
100,29.100847244262695
101,28.44775390625
102,27.696128845214844
103,26.851564407348633
104,25.91443634033203
105,24.902986526489258
106,23.825843811035156
107,22.668283462524414
108,21.469940185546875
109,20.172801971435547
110,18.944000244140625
111,17.838274002075195
112,17.260597229003906
113,15.437233924865723
114,13.38441276550293
115,13.286336898803711
116,11.261134147644043
117,9.542015075683594
118,10.010847091674805
119,7.897457122802734
120,6.35526704788208
121,6.956279754638672
122,5.183324813842773
123,4.25145959854126
124,4.525018692016602
125,2.813995361328125
126,2.8326058387756348
127,2.6982617378234863
128,1.533255696296692
129,2.1069798469543457
130,1.3711299896240234
131,1.334397315979004
132,1.5240814685821533
133,0.9598516821861267
134,1.4379560947418213
135,1.0472865104675293
136,1.2316608428955078
137,1.29786217212677
138,1.100820779800415
139,1.4009406566619873
140,1.1339797973632812
141,1.3636642694473267
142,1.2646536827087402
143,1.2736027240753174
144,1.33341383934021
145,1.1941516399383545
146,1.3209147453308105
147,1.17706298828125
148,1.2586569786071777
149,1.1588714122772217
150,1.1638535261154175
151,1.142506718635559
152,1.095162034034729
153,1.1127488613128662
154,1.0321474075317383
155,1.0665843486785889
156,1.0051954984664917
157,1.0323376655578613
158,0.9850391149520874
159,0.9894585013389587
160,0.9776402711868286
161,0.9707584977149963
162,0.9748255610466003
163,0.9510547518730164
164,0.9671229124069214
165,0.9497283101081848
166,0.9663893580436707
167,0.9483640193939209
168,0.9576839804649353
169,0.9524879455566406
170,0.9563583135604858
171,0.9558156728744507
172,0.9501554369926453
173,0.9557188749313354
174,0.9496939778327942
175,0.9556536674499512
176,0.947501540184021
177,0.9501099586486816
178,0.9466205835342407
179,0.9465032815933228
180,0.9457502961158752
181,0.9409692883491516
182,0.9419184923171997
183,0.937477171421051
184,0.9387204647064209
185,0.9354539513587952
186,0.9339171648025513
187,0.9326448440551758
188,0.9299467206001282
189,0.9304382801055908
190,0.9277859926223755
191,0.9273496866226196
192,0.9258376359939575
193,0.9242789149284363
194,0.9240844249725342
195,0.922272264957428
196,0.9221022725105286
197,0.9209336638450623
198,0.9199367761611938
199,0.9195892810821533
200,0.9182225465774536
201,0.9178372025489807
202,0.9170146584510803
203,0.9161109328269958
204,0.9157564640045166
205,0.9146661162376404
206,0.9140099883079529
207,0.9132846593856812
208,0.9124317169189453
209,0.9122195243835449
210,0.9121758937835693
211,0.9133625030517578
212,0.9169151186943054
213,0.9249442219734192
214,0.9436520934104919
215,0.9792281985282898
216,1.0482707023620605
217,1.1788930892944336
218,1.3718138933181763
219,1.509643316268921
220,1.3687667846679688
221,1.0241750478744507
222,0.9165430068969727
223,1.1177475452423096
224,1.2240116596221924
225,1.0293751955032349
226,0.9024550318717957
227,1.040130376815796
228,1.1312403678894043
229,1.0004998445510864
230,0.8966753482818604
231,1.0033386945724487
232,1.084091067314148
233,0.9813029170036316
234,0.8941797018051147
235,0.9658620953559875
236,1.0287232398986816
237,0.9514623880386353
238,0.8920670747756958
239,0.9479567408561707
240,0.9786545038223267
241,0.9192936420440674
242,0.8914871215820312
243,0.9342581629753113
244,0.9455716013908386
245,0.9018265008926392
246,0.8893511295318604
247,0.9206010103225708
248,0.9261043071746826
249,0.8958755731582642
250,0.8847809433937073
251,0.9053469300270081
252,0.9128274917602539
253,0.8930539488792419
254,0.880573570728302
255,0.8911914825439453
256,0.8996344208717346
257,0.8897652626037598
258,0.8782671689987183
259,0.8812580704689026
260,0.8882172703742981
261,0.8848861455917358
262,0.8766700029373169
263,0.874719500541687
264,0.8789820671081543
265,0.8797736763954163
266,0.874936580657959
267,0.8713147640228271
268,0.8720473647117615
269,0.8741266131401062
270,0.8726352453231812
271,0.8690802454948425
272,0.8677366375923157
273,0.8686675429344177
274,0.8693943619728088
275,0.8674319386482239
276,0.8648737668991089
277,0.8643037676811218
278,0.8650323152542114
279,0.8652989268302917
280,0.8634043335914612
281,0.8611545562744141
282,0.8605384826660156
283,0.861040472984314
284,0.8614059090614319
285,0.8599078059196472
286,0.8576852083206177
287,0.8565772771835327
288,0.8565168380737305
289,0.8568286299705505
290,0.8559384346008301
291,0.8541725873947144
292,0.8528702259063721
293,0.8521543741226196
294,0.8518518209457397
295,0.851144015789032
296,0.8500140905380249
297,0.8490681052207947
298,0.8483298420906067
299,0.8477414846420288
300,0.8469418287277222
301,0.8460555672645569
302,0.8453648686408997
303,0.8448686003684998
304,0.8445432782173157
305,0.8437609076499939
306,0.842602550983429
307,0.8415785431861877
308,0.8406823873519897
309,0.8398876190185547
310,0.8392282724380493
311,0.8388955593109131
312,0.8389647006988525
313,0.8398547172546387
314,0.8423919677734375
315,0.8457803130149841
316,0.8511029481887817
317,0.8638843297958374
318,0.892511248588562
319,0.9547027349472046
320,1.0784744024276733
321,1.3052688837051392
322,1.6402630805969238
323,1.896551251411438
324,1.6856027841567993
325,1.0702816247940063
326,0.8686915040016174
327,1.2444751262664795
328,1.386479139328003
329,1.020640254020691
330,0.8499051332473755
331,1.1157722473144531
332,1.2127931118011475
333,0.9575812220573425
334,0.8436694741249084
335,1.0102972984313965
336,1.063835859298706
337,0.9053861498832703
338,0.8444897532463074
339,0.9471187591552734
340,0.9448572397232056
341,0.8449834585189819
342,0.8613979816436768
343,0.9190017580986023
344,0.8754644393920898
345,0.8297781944274902
346,0.878458559513092
347,0.8944001197814941
348,0.8398956060409546
349,0.8300005197525024
350,0.8705480098724365
351,0.8683178424835205
352,0.8271341919898987
353,0.8275400996208191
354,0.8537194728851318
355,0.843361496925354
356,0.8163028955459595
357,0.8218803405761719
358,0.8387198448181152
359,0.826789140701294
360,0.80870521068573
361,0.8155648112297058
362,0.8266539573669434
363,0.8168540596961975
364,0.803350031375885
365,0.8072197437286377
366,0.8154982924461365
367,0.8108693957328796
368,0.800698459148407
369,0.7997978925704956
370,0.8048014640808105
371,0.8042086362838745
372,0.7985954880714417
373,0.7956385016441345
374,0.7969129681587219
375,0.7968592643737793
376,0.7943794131278992
377,0.7928640842437744
378,0.7927857041358948
379,0.7918987274169922
380,0.7890891432762146
381,0.7875576615333557
382,0.7884416580200195
383,0.7889888286590576
384,0.7871237993240356
385,0.7835236191749573
386,0.7819217443466187
387,0.7828013896942139
388,0.7834150791168213
389,0.7820658087730408
390,0.7790809869766235
391,0.7774409651756287
392,0.7775804996490479
393,0.7774277925491333
394,0.775858998298645
395,0.7731113433837891
396,0.7717088460922241
397,0.7721445560455322
398,0.7725061178207397
399,0.7713487148284912
400,0.7682893872261047
401,0.7657666802406311
402,0.765243649482727
403,0.7657673954963684
404,0.7658663392066956
405,0.7636654376983643
406,0.7605044841766357
407,0.7585246562957764
408,0.7578070759773254
409,0.7577664256095886
410,0.7567341327667236
411,0.7546737790107727
412,0.7527955770492554
413,0.7512770295143127
414,0.7501213550567627
415,0.7488985657691956
416,0.7475504279136658
417,0.7463348507881165
418,0.7452487349510193
419,0.7443240284919739
420,0.7432196140289307
421,0.742307722568512
422,0.7422994375228882
423,0.7439632415771484
424,0.7493250966072083
425,0.7636895179748535
426,0.8012290000915527
427,0.8956007957458496
428,1.1217925548553467
429,1.6057593822479248
430,2.3278183937072754
431,2.660511016845703
432,1.7965970039367676
433,0.891998291015625
434,1.3653554916381836
435,1.6247711181640625
436,0.9300083518028259
437,1.0361171960830688
438,1.4164481163024902
439,0.931628406047821
440,0.8007237911224365
441,1.2291538715362549
442,1.0387297868728638
443,0.7328398823738098
444,1.0001029968261719
445,1.0124759674072266
446,0.7297356128692627
447,0.8723486065864563
448,0.9268792867660522
449,0.7285016775131226
450,0.837433397769928
451,0.8567605018615723
452,0.7267773151397705
453,0.8183713555335999
454,0.8018208742141724
455,0.7162963151931763
456,0.8056557774543762
457,0.790069043636322
458,0.7209435105323792
459,0.773443341255188
460,0.7607718110084534
461,0.7212483882904053
462,0.7701194286346436
463,0.7573990225791931
464,0.7094568014144897
465,0.7350906133651733
466,0.7396844625473022
467,0.7267463207244873
468,0.7437811493873596
469,0.7226603031158447
470,0.6987085342407227
471,0.7273513674736023
472,0.7361247539520264
473,0.7226549386978149
474,0.7223176956176758
475,0.7061159014701843
476,0.6949410438537598
477,0.7161184549331665
478,0.727783739566803
479,0.714331328868866
480,0.7002983689308167
481,0.6925853490829468
482,0.6930674910545349
483,0.7073081135749817
484,0.7154164910316467
485,0.6981396675109863
486,0.6830658316612244
487,0.6841136813163757
488,0.6894772052764893
489,0.6978521943092346
490,0.6971662044525146
491,0.6838292479515076
492,0.6734547019004822
493,0.6738861203193665
494,0.6784008741378784
495,0.6765608787536621
496,0.6716803908348083
497,0.6691985726356506
498,0.6665056347846985
499,0.6652936339378357
500,0.6646668314933777
501,0.6628923416137695
502,0.6616637110710144
503,0.6620641946792603
504,0.6630666851997375
505,0.6601693034172058
506,0.6566532254219055
507,0.6559863090515137
508,0.6565349698066711
509,0.6579054594039917
510,0.6566453576087952
511,0.6533538699150085
512,0.6506739258766174
513,0.6486285924911499
514,0.6476336121559143
515,0.6468174457550049
516,0.6468417048454285
517,0.6485597491264343
518,0.6531522870063782
519,0.6619079113006592
520,0.6678985357284546
521,0.6716660857200623
522,0.6840887665748596
523,0.7108471989631653
524,0.7629948258399963
525,0.8680946826934814
526,1.0603842735290527
527,1.3479782342910767
528,1.6570826768875122
529,1.729691982269287
530,1.2918164730072021
531,0.738684892654419
532,0.7342417240142822
533,1.1121799945831299
534,1.2065593004226685
535,0.8366165161132812
536,0.6363962888717651
537,0.8791464567184448
538,1.1104702949523926
539,0.9758993983268738
540,0.6707061529159546
541,0.700145423412323
542,0.9570486545562744
543,0.9635478258132935
544,0.7121380567550659
545,0.6506907343864441
546,0.8823329210281372
547,0.9035958051681519
548,0.6800501346588135
549,0.6559288501739502
550,0.8308756351470947
551,0.8275406360626221
552,0.6528695225715637
553,0.6490180492401123
554,0.7726686000823975
555,0.7584689259529114
556,0.6409676671028137
557,0.6350427865982056
558,0.7157890796661377
559,0.7035369277000427
560,0.6270397901535034
561,0.6285315155982971
562,0.6785575151443481
563,0.6635209321975708
564,0.616625964641571
565,0.624529242515564
566,0.6503177285194397
567,0.6360290050506592
568,0.6106534004211426
569,0.6183949708938599
570,0.6316226124763489
571,0.6195306777954102
572,0.6069087386131287
573,0.6128977537155151
574,0.6207699775695801
575,0.6116069555282593
576,0.603946328163147
577,0.6106915473937988
578,0.6152507662773132
579,0.6080589294433594
580,0.6011905670166016
581,0.6079626679420471
582,0.6138703227043152
583,0.6072586178779602
584,0.5988597273826599
585,0.6011914014816284
586,0.6099863648414612
587,0.6089035272598267
588,0.5993927717208862
589,0.5951518416404724
590,0.6004969477653503
591,0.6059986352920532
592,0.6018125414848328
593,0.5939419269561768
594,0.5924177765846252
595,0.5971323251724243
596,0.5998795032501221
597,0.5957456827163696
598,0.5900670289993286
599,0.5891258716583252
600,0.5921557545661926
601,0.5937650799751282
602,0.5910921096801758
603,0.5870530605316162
604,0.5855801105499268
605,0.5868852138519287
606,0.5880489945411682
607,0.5869425535202026
608,0.5843567848205566
609,0.5824993848800659
610,0.5823505520820618
611,0.5829162001609802
612,0.5828096270561218
613,0.5816116333007812
614,0.580024003982544
615,0.5789650082588196
616,0.5786405801773071
617,0.5786244869232178
618,0.5783566236495972
619,0.5776071548461914
620,0.5765746831893921
621,0.5756459832191467
622,0.5750483274459839
623,0.574724018573761
624,0.5744448304176331
625,0.5739657282829285
626,0.5732662677764893
627,0.5725031495094299
628,0.5718060731887817
629,0.5712409019470215
630,0.5707693099975586
631,0.5703093409538269
632,0.5698274374008179
633,0.5693071484565735
634,0.5687544941902161
635,0.5681982636451721
636,0.5676509737968445
637,0.5671064257621765
638,0.5665744543075562
639,0.5660578012466431
640,0.565555989742279
641,0.5650774240493774
642,0.5646116137504578
643,0.5641502141952515
644,0.5636879801750183
645,0.5631990432739258
646,0.5626925826072693
647,0.5621896982192993
648,0.5616918206214905
649,0.561199963092804
650,0.5607218146324158
651,0.5602626204490662
652,0.5598124861717224
653,0.5593757033348083
654,0.558959424495697
655,0.5585361123085022
656,0.558119535446167
657,0.5577552914619446
658,0.5574712753295898
659,0.5573235750198364
660,0.5574002265930176
661,0.5578880310058594
662,0.55914306640625
663,0.5618436932563782
664,0.5673001408576965
665,0.5767671465873718
666,0.5940675735473633
667,0.6286646723747253
668,0.6966890692710876
669,0.8278293609619141
670,1.0440983772277832
671,1.3700001239776611
672,1.7606492042541504
673,1.9561827182769775
674,1.5834167003631592
675,0.8611487746238708
676,0.6070782542228699
677,0.999462366104126
678,1.2529698610305786
679,0.9314192533493042
680,0.5721306204795837
681,0.682766854763031
682,0.9914018511772156
683,1.0107848644256592
684,0.7277734875679016
685,0.5539518594741821
686,0.6855617761611938
687,0.8252071738243103
688,0.7115000486373901
689,0.5580730438232422
690,0.6214883327484131
691,0.7149162292480469
692,0.6360800862312317
693,0.5515351891517639
694,0.6081663370132446
695,0.6520183086395264
696,0.5898419618606567
697,0.5496295094490051
698,0.5914976596832275
699,0.620457649230957
700,0.5758086442947388
701,0.5475950837135315
702,0.5809571146965027
703,0.5984426140785217
704,0.5661864280700684
705,0.5474971532821655
706,0.5783534049987793
707,0.5897853970527649
708,0.559335470199585
709,0.5462009906768799
710,0.5693752765655518
711,0.5815063714981079
712,0.5585716366767883
713,0.5423780679702759
714,0.5558523535728455
715,0.569381594657898
716,0.5584474802017212
717,0.5420814752578735
718,0.5454438328742981
719,0.5563768744468689
720,0.5529735684394836
721,0.5413855314254761
722,0.5402243137359619
723,0.5477264523506165
724,0.5485514402389526
725,0.5410004258155823
726,0.5371962785720825
727,0.5410754680633545
728,0.544036328792572
729,0.5406023263931274
730,0.5357875823974609
731,0.5360419750213623
732,0.5391272306442261
733,0.5390996932983398
734,0.5356612801551819
735,0.5334339737892151
736,0.5347276926040649
737,0.5363682508468628
738,0.5352874398231506
739,0.532707929611206
740,0.5316237807273865
741,0.5326759219169617
742,0.5335439443588257
743,0.5326012372970581
744,0.5308182239532471
745,0.5300503373146057
746,0.5307480692863464
747,0.5316244959831238
748,0.5316523313522339
749,0.5313585996627808
750,0.5321064591407776
751,0.5350377559661865
752,0.5405070781707764
753,0.5494492650032043
754,0.5652756094932556
755,0.5944536328315735
756,0.6484916806221008
757,0.7460355758666992
758,0.9091125130653381
759,1.142868161201477
760,1.368448257446289
761,1.3950681686401367
762,1.0844781398773193
763,0.6586937308311462
764,0.558535099029541
765,0.7943176627159119
766,0.9436184763908386
767,0.7892122864723206
768,0.561189591884613
769,0.5536280274391174
770,0.7092820405960083
771,0.7717539072036743
772,0.661454975605011
773,0.5364770293235779
774,0.5522813200950623
775,0.6357426047325134
776,0.6271482706069946
777,0.5475271940231323
778,0.5298450589179993
779,0.5822736620903015
780,0.5912343859672546
781,0.5413694381713867
782,0.5229282379150391
783,0.5548471212387085
784,0.5715799927711487
785,0.5433881878852844
786,0.5216137766838074
787,0.5375476479530334
788,0.5559689998626709
789,0.5439881682395935
790,0.5215486288070679
791,0.526835024356842
792,0.5455141067504883
793,0.5428767800331116
794,0.523962140083313
795,0.5193068981170654
796,0.5356160402297974
797,0.543188750743866
798,0.5302891731262207
799,0.5172082185745239
800,0.5212346911430359
801,0.5352243781089783
802,0.5370492935180664
803,0.5252248048782349
804,0.5164104104042053
805,0.5200080275535583
806,0.5295727252960205
807,0.5304942727088928
808,0.5225825309753418
809,0.5165027976036072
810,0.5177896618843079
811,0.5236693024635315
812,0.5254872441291809
813,0.5216663479804993
814,0.5170852541923523
815,0.5152374505996704
816,0.517652153968811
817,0.5203534364700317
818,0.5201789140701294
819,0.5176514387130737
820,0.513996422290802
821,0.5131368637084961
822,0.5150222182273865
823,0.5167366862297058
824,0.5166136026382446
825,0.5132986903190613
826,0.5105624198913574
827,0.5107980370521545
828,0.5124047994613647
829,0.5135965347290039
830,0.5115713477134705
831,0.5086349248886108
832,0.5078205466270447
833,0.5084201097488403
834,0.5092772841453552
835,0.5079673528671265
836,0.5057337284088135
837,0.5050933957099915
838,0.5055305361747742
839,0.5060642957687378
840,0.504981517791748
841,0.5031740665435791
842,0.5025288462638855
843,0.5029076337814331
844,0.5036022663116455
845,0.5030657052993774
846,0.5018980503082275
847,0.5013619065284729
848,0.5014598965644836
849,0.5019258856773376
850,0.5012873411178589
851,0.5001478791236877
852,0.49973148107528687
853,0.499867707490921
854,0.5003198981285095
855,0.4997447729110718
856,0.498526930809021
857,0.4978455901145935
858,0.49761441349983215
859,0.4977053999900818
860,0.497322678565979
861,0.49672847986221313
862,0.49651557207107544
863,0.4965601861476898
864,0.4967779815196991
865,0.49621814489364624
866,0.4952738881111145
867,0.49477529525756836
868,0.49460533261299133
869,0.49469509720802307
870,0.49430060386657715
871,0.49363014101982117
872,0.4932689666748047
873,0.49312785267829895
874,0.4931868314743042
875,0.4928004741668701
876,0.49217766523361206
877,0.4918341636657715
878,0.4916743040084839
879,0.49168434739112854
880,0.4913339614868164
881,0.49083682894706726
882,0.4906366467475891
883,0.49069899320602417
884,0.4911215007305145
885,0.49128690361976624
886,0.4913451373577118
887,0.49207672476768494
888,0.49374476075172424
889,0.49700039625167847
890,0.5039162635803223
891,0.5185160636901855
892,0.5470856428146362
893,0.6030628085136414
894,0.7120382785797119
895,0.896062970161438
896,1.187563419342041
897,1.6028441190719604
898,1.9748340845108032
899,1.9291971921920776
900,1.2887016534805298
901,0.7220971584320068
902,0.8600084781646729
903,1.1866183280944824
904,1.0027790069580078
905,0.6356709599494934
906,0.7128788828849792
907,1.014697551727295
908,0.9753698110580444
909,0.6336771249771118
910,0.5125218629837036
911,0.7312246561050415
912,0.8139656782150269
913,0.5907831192016602
914,0.5028150677680969
915,0.6627883315086365
916,0.6616169810295105
917,0.5097193121910095
918,0.5417514443397522
919,0.6308703422546387
920,0.5550494194030762
921,0.48881208896636963
922,0.556607186794281
923,0.5839131474494934
924,0.5117931365966797
925,0.49465620517730713
926,0.5444529056549072
927,0.534288227558136
928,0.4889857769012451
929,0.5055649876594543
930,0.5288569331169128
931,0.5008246302604675
932,0.4884187579154968
933,0.5109786987304688
934,0.508230447769165
935,0.4862273037433624
936,0.4938713312149048
937,0.5086176991462708
938,0.4964766502380371
939,0.4840547740459442
940,0.49330344796180725
941,0.49945586919784546
942,0.4892166256904602
943,0.48561984300613403
944,0.49250343441963196
945,0.4906494617462158
946,0.4834132492542267
947,0.4857266843318939
948,0.4909311830997467
949,0.4867449700832367
950,0.48041006922721863
951,0.4823092520236969
952,0.4864589273929596
953,0.48489829897880554
954,0.4816000759601593
955,0.481078177690506
956,0.4812012016773224
957,0.4801207482814789
958,0.4799889326095581
959,0.48146167397499084
960,0.48051705956459045
961,0.47754859924316406
962,0.476688414812088
963,0.47826138138771057
964,0.4793870449066162
965,0.47781169414520264
966,0.47598686814308167
967,0.4758288562297821
968,0.4759785830974579
969,0.4757203757762909
970,0.4751538038253784
971,0.4749794006347656
972,0.4747128486633301
973,0.47381097078323364
974,0.4732199013233185
975,0.4733101427555084
976,0.4735148549079895
977,0.4729746878147125
978,0.47206518054008484
979,0.4717942178249359
980,0.47201284766197205
981,0.47201433777809143
982,0.4713640511035919
983,0.4706941246986389
984,0.47068512439727783
985,0.47082963585853577
986,0.4705519676208496
987,0.46977460384368896
988,0.46910426020622253
989,0.46905943751335144
990,0.4692194163799286
991,0.46904000639915466
992,0.4683777093887329
993,0.46768322587013245
994,0.4674411714076996
995,0.4675101637840271
996,0.467498779296875
997,0.4670868217945099
998,0.466504842042923
999,0.46621137857437134
1000,0.4661567211151123
1001,0.4661257266998291
1002,0.4658152461051941
1003,0.4651951491832733
1004,0.4646182954311371
1005,0.46438682079315186
1006,0.46455755829811096
1007,0.46473774313926697
1008,0.464734822511673
1009,0.4647943377494812
1010,0.464857280254364
1011,0.465237021446228
1012,0.46638160943984985
1013,0.4683684706687927
1014,0.4719489812850952
1015,0.4795100688934326
1016,0.4951663017272949
1017,0.5257181525230408
1018,0.5843132138252258
1019,0.6949155330657959
1020,0.8693401217460632
1021,1.1284246444702148
1022,1.4595168828964233
1023,1.693057656288147
1024,1.51313054561615
1025,0.9271361827850342
1026,0.5093191862106323
1027,0.6833693981170654
1028,1.034371018409729
1029,0.9917041659355164
1030,0.6349188089370728
1031,0.47373127937316895
1032,0.6599516272544861
1033,0.8710922598838806
1034,0.8172450661659241
1035,0.5712988376617432
1036,0.48197463154792786
1037,0.6213656663894653
1038,0.6938835978507996
1039,0.5711387395858765
1040,0.48172518610954285
1041,0.5757488012313843
1042,0.634787380695343
1043,0.5449942946434021
1044,0.4784034192562103
1045,0.5329086780548096
1046,0.5912306904792786
1047,0.5485866665840149
1048,0.48677846789360046
1049,0.4957144558429718
1050,0.5322375297546387
1051,0.5231703519821167
1052,0.4868590831756592
1053,0.48246198892593384
1054,0.500261664390564
1055,0.4972444772720337
1056,0.4802371561527252
1057,0.47665494680404663
1058,0.4824366867542267
1059,0.48180723190307617
1060,0.4750445485115051
1061,0.472675085067749
1062,0.47341984510421753
1063,0.4720346927642822
1064,0.4699203372001648
1065,0.46823394298553467
1066,0.4670664668083191
1067,0.4657306671142578
1068,0.4653805196285248
1069,0.46510881185531616
1070,0.46285611391067505
1071,0.46093612909317017
1072,0.461345374584198
1073,0.4622320234775543
1074,0.46050453186035156
1075,0.4574713408946991
1076,0.4570637047290802
1077,0.45884448289871216
1078,0.45887112617492676
1079,0.45601698756217957
1080,0.4537447690963745
1081,0.45462101697921753
1082,0.4562745690345764
1083,0.45539358258247375
1084,0.45273277163505554
1085,0.4515499770641327
1086,0.4526960849761963
1087,0.45369264483451843
1088,0.45261669158935547
1089,0.4506237208843231
1090,0.44990602135658264
1091,0.450697660446167
1092,0.4512876272201538
1093,0.4505044221878052
1094,0.44909706711769104
1095,0.44845426082611084
1096,0.4488098919391632
1097,0.4491673707962036
1098,0.448734313249588
1099,0.447799414396286
1100,0.44716355204582214
1101,0.44713354110717773
1102,0.4472832679748535
1103,0.4471047520637512
1104,0.4465599060058594
1105,0.44599616527557373
1106,0.4457005560398102
1107,0.4456143379211426
1108,0.4454956352710724
1109,0.44520869851112366
1110,0.4448119103908539
1111,0.4444565773010254
1112,0.44420599937438965
1113,0.44400736689567566
1114,0.44378435611724854
1115,0.4435090124607086
1116,0.4432157576084137
1117,0.44294440746307373
1118,0.44269564747810364
1119,0.44244691729545593
1120,0.442180871963501
1121,0.4419090747833252
1122,0.44165506958961487
1123,0.4414213001728058
1124,0.4411924183368683
1125,0.44094178080558777
1126,0.44066867232322693
1127,0.4403948187828064
1128,0.44013512134552
1129,0.4398952126502991
1130,0.43966343998908997
1131,0.4394262731075287
1132,0.439181923866272
1133,0.4389312267303467
1134,0.4386777877807617
1135,0.4384269714355469
1136,0.43817999958992004
1137,0.437934935092926
1138,0.4376920759677887
1139,0.43745097517967224
1140,0.43721169233322144
1141,0.4369751214981079
1142,0.43673840165138245
1143,0.43650057911872864
1144,0.43626075983047485
1145,0.4360164999961853
1146,0.4357718825340271
1147,0.4355303943157196
1148,0.4352913200855255
1149,0.43505388498306274
1150,0.43481534719467163
1151,0.4345768988132477
1152,0.43433889746665955
1153,0.4341018497943878
1154,0.4338661730289459
1155,0.433631032705307
1156,0.4333975613117218
1157,0.43316739797592163
1158,0.432941734790802
1159,0.43272340297698975
1160,0.4325166642665863
1161,0.43233272433280945
1162,0.4321852922439575
1163,0.4321024417877197
1164,0.4321345388889313
1165,0.43234020471572876
1166,0.43287065625190735
1167,0.43405643105506897
1168,0.43648821115493774
1169,0.4413287043571472
1170,0.4505048990249634
1171,0.46822813153266907
1172,0.5033808946609497
1173,0.5727106332778931
1174,0.7067136168479919
1175,0.9421007633209229
1176,1.3129924535751343
1177,1.7740602493286133
1178,2.0197176933288574
1179,1.6216264963150024
1180,0.7935658693313599
1181,0.5307542085647583
1182,0.9872055649757385
1183,1.1882107257843018
1184,0.7789427638053894
1185,0.4782317280769348
1186,0.7010271549224854
1187,0.9643044471740723
1188,0.8142226934432983
1189,0.5067371129989624
1190,0.5169606804847717
1191,0.7164937853813171
1192,0.6519148349761963
1193,0.4536169171333313
1194,0.5194689035415649
1195,0.6328138113021851
1196,0.5141355991363525
1197,0.4388117790222168
1198,0.5401418209075928
1199,0.553104817867279
1200,0.4530070722103119
1201,0.4564858078956604
1202,0.5251062512397766
1203,0.495100736618042
1204,0.43751174211502075
1205,0.46568626165390015
1206,0.49080127477645874
1207,0.45086342096328735
1208,0.4413594603538513
1209,0.47300565242767334
1210,0.4594607353210449
1211,0.43313899636268616
1212,0.451687216758728
1213,0.46479135751724243
1214,0.4417244791984558
1215,0.43232211470603943
1216,0.4512559175491333
1217,0.45357632637023926
1218,0.4378454089164734
1219,0.43715211749076843
1220,0.44366076588630676
1221,0.43888285756111145
1222,0.4355930984020233
1223,0.44227591156959534
1224,0.4411928951740265
1225,0.4302447438240051
1226,0.4303593635559082
1227,0.4400736093521118
1228,0.44089028239250183
1229,0.4328540861606598
1230,0.4286360740661621
1231,0.4313793480396271
1232,0.4337417483329773
1233,0.4338063597679138
1234,0.4337932765483856
1235,0.4305635094642639
1236,0.42659109830856323
1237,0.42757388949394226
1238,0.4322538673877716
1239,0.43402278423309326
1240,0.4288223087787628
1241,0.42423689365386963
1242,0.42549893260002136
1243,0.4288386404514313
1244,0.430369108915329
1245,0.4279778301715851
1246,0.4249941110610962
1247,0.42384830117225647
1248,0.4240039885044098
1249,0.4255099892616272
1250,0.4257861077785492
1251,0.4241570830345154
1252,0.42220339179039
1253,0.421367347240448
1254,0.42236918210983276
1255,0.4229058027267456
1256,0.4218677580356598
1257,0.42052942514419556
1258,0.4201175570487976
1259,0.42075055837631226
1260,0.4208065867424011
1261,0.4199916124343872
1262,0.41930872201919556
1263,0.4194153845310211
1264,0.4200482964515686
1265,0.4197346866130829
1266,0.4187314212322235
1267,0.418137788772583
1268,0.41833916306495667
1269,0.41907113790512085
1270,0.4188891649246216
1271,0.41785958409309387
1272,0.41701799631118774
1273,0.4167276620864868
1274,0.4169827699661255
1275,0.41695716977119446
1276,0.41651108860969543
1277,0.4160347282886505
1278,0.4157872200012207
1279,0.41593626141548157
1280,0.4158508777618408
1281,0.4154987633228302
1282,0.4151058495044708
1283,0.41477420926094055
1284,0.41476699709892273
1285,0.41466715931892395
1286,0.4144607186317444
1287,0.4142076075077057
1288,0.4137943387031555
1289,0.41345930099487305
1290,0.4131696820259094
1291,0.4131563901901245
1292,0.4133162796497345
1293,0.4133591651916504
1294,0.4134121835231781
1295,0.41308915615081787
1296,0.4127351939678192
1297,0.4128275513648987
1298,0.4129880964756012
1299,0.4131127595901489
1300,0.41427507996559143
1301,0.4182634651660919
1302,0.4265991151332855
1303,0.4429797828197479
1304,0.4750177264213562
1305,0.5254363417625427
1306,0.6116454005241394
1307,0.7769752740859985
1308,1.0690953731536865
1309,1.495279312133789
1310,1.876436471939087
1311,1.7951160669326782
1312,1.1346763372421265
1313,0.5092917084693909
1314,0.6413746476173401
1315,1.0481798648834229
1316,0.943318784236908
1317,0.5498260259628296
1318,0.433084100484848
1319,0.668412983417511
1320,0.8135169744491577
1321,0.6510434150695801
1322,0.45168647170066833
1323,0.4502834379673004
1324,0.5723546743392944
1325,0.5381921529769897
1326,0.42710787057876587
1327,0.4667360484600067
1328,0.5383948087692261
1329,0.4911026954650879
1330,0.4163752794265747
1331,0.4894385039806366
1332,0.5664562582969666
1333,0.5092880725860596
1334,0.4271164834499359
1335,0.4574081301689148
1336,0.5610643029212952
1337,0.5411970615386963
1338,0.4428005814552307
1339,0.4371005594730377
1340,0.5161616206169128
1341,0.5326263308525085
1342,0.45404595136642456
1343,0.4308824837207794
1344,0.47874799370765686
1345,0.4993029832839966
1346,0.4619600176811218
1347,0.4278534948825836
1348,0.44329890608787537
1349,0.46289193630218506
1350,0.4533187747001648
1351,0.43034490942955017
1352,0.42349255084991455
1353,0.4338175058364868
1354,0.4366879463195801
1355,0.4281768798828125
1356,0.4179418087005615
1357,0.4167369306087494
1358,0.42221179604530334
1359,0.42315658926963806
1360,0.4172239899635315
1361,0.4103633761405945
1362,0.4108215868473053
1363,0.4155927896499634
1364,0.4155491292476654
1365,0.41007256507873535
1366,0.406423956155777
1367,0.4087557792663574
1368,0.41165903210639954
1369,0.4098550081253052
1370,0.40619149804115295
1371,0.4057689607143402
1372,0.4078235626220703
1373,0.40826675295829773
1374,0.4063042104244232
1375,0.40492579340934753
1376,0.40574952960014343
1377,0.4064582288265228
1378,0.4055590331554413
1379,0.4042436182498932
1380,0.4042727053165436
1381,0.40524405241012573
1382,0.40498536825180054
1383,0.4036317467689514
1384,0.4028705656528473
1385,0.40346118807792664
1386,0.4042811691761017
1387,0.40367087721824646
1388,0.4022787809371948
1389,0.4016777575016022
1390,0.4022901654243469
1391,0.4030313491821289
1392,0.40253153443336487
1393,0.4012612998485565
1394,0.4005588889122009
1395,0.4009250998497009
1396,0.40160462260246277
1397,0.4014190137386322
1398,0.40042775869369507
1399,0.39959537982940674
1400,0.39956381916999817
1401,0.40007445216178894
1402,0.4002203643321991
1403,0.3996550142765045
1404,0.398841917514801
1405,0.3984099328517914
1406,0.3985791504383087
1407,0.39885684847831726
1408,0.3987232446670532
1409,0.39816588163375854
1410,0.39754682779312134
1411,0.3973241448402405
1412,0.39746150374412537
1413,0.3975647985935211
1414,0.39735931158065796
1415,0.3968295753002167
1416,0.39635857939720154
1417,0.3962092697620392
1418,0.3962631821632385
1419,0.39627254009246826
1420,0.39599502086639404
1421,0.39555609226226807
1422,0.39522746205329895
1423,0.3950744867324829
1424,0.3950293958187103
1425,0.39489853382110596
1426,0.39464059472084045
1427,0.3943726420402527
1428,0.39414456486701965
1429,0.393973171710968
1430,0.3938027322292328
1431,0.39360514283180237
1432,0.3934125602245331
1433,0.3932289183139801
1434,0.3930545449256897
1435,0.3928760588169098
1436,0.3926985561847687
1437,0.3925282061100006
1438,0.39235833287239075
1439,0.39218443632125854
1440,0.3919861316680908
1441,0.39179727435112
1442,0.3916390538215637
1443,0.39149829745292664
1444,0.39136067032814026
1445,0.39116862416267395
1446,0.3909452557563782
1447,0.39074379205703735
1448,0.39056265354156494
1449,0.3903973400592804
1450,0.39022356271743774
1451,0.39004281163215637
1452,0.3898712992668152
1453,0.3897082805633545
1454,0.3895539939403534
1455,0.3893855810165405
1456,0.38921481370925903
1457,0.3890642523765564
1458,0.3889356255531311
1459,0.38883650302886963
1460,0.38877856731414795
1461,0.38882359862327576
1462,0.38906532526016235
1463,0.3896704316139221
1464,0.3909669816493988
1465,0.3934002220630646
1466,0.3980760872364044
1467,0.4074917435646057
1468,0.42640653252601624
1469,0.464435338973999
1470,0.5388888716697693
1471,0.6830689311027527
1472,0.9515886306762695
1473,1.3930244445800781
1474,1.9332022666931152
1475,2.1479530334472656
1476,1.5471727848052979
1477,0.6381216645240784
1478,0.5849995613098145
1479,1.1550161838531494
1480,1.1108872890472412
1481,0.5455817580223083
1482,0.47302138805389404
1483,0.868914008140564
1484,0.9681990742683411
1485,0.6005668640136719
1486,0.4088432490825653
1487,0.6356924772262573
1488,0.7101932764053345
1489,0.46584752202033997
1490,0.44361546635627747
1491,0.6284974813461304
1492,0.5312421917915344
1493,0.4013621211051941
1494,0.5186537504196167
1495,0.5474495887756348
1496,0.42162245512008667
1497,0.4359510838985443
1498,0.523868978023529
1499,0.4622116982936859
1500,0.3940243721008301
1501,0.453487753868103
1502,0.4728516638278961
1503,0.40895336866378784
1504,0.4134906530380249
1505,0.4461285471916199
1506,0.42239171266555786
1507,0.41483962535858154
1508,0.4311831295490265
1509,0.4115225672721863
1510,0.40017199516296387
1511,0.43308624625205994
1512,0.4344497323036194
1513,0.399710088968277
1514,0.39755716919898987
1515,0.41881853342056274
1516,0.41696175932884216
1517,0.4054044485092163
1518,0.4064618647098541
1519,0.4019518196582794
1520,0.39769014716148376
1521,0.40775901079177856
1522,0.41033506393432617
1523,0.39589589834213257
1524,0.38936325907707214
1525,0.39855197072029114
1526,0.40373677015304565
1527,0.39870187640190125
1528,0.3939756751060486
1529,0.39211204648017883
1530,0.39103010296821594
1531,0.39432913064956665
1532,0.3978641629219055
1533,0.39411401748657227
1534,0.3878147304058075
1535,0.38793185353279114
1536,0.3924834728240967
1537,0.3934308886528015
1538,0.3910473585128784
1539,0.3891371786594391
1540,0.38781797885894775
1541,0.38707780838012695
1542,0.3881520926952362
1543,0.3900129795074463
1544,0.38935142755508423
1545,0.38630589842796326
1546,0.38466718792915344
1547,0.38573157787323
1548,0.38711604475975037
1549,0.3870932459831238
1550,0.3858783543109894
1551,0.3845638632774353
1552,0.3838861286640167
1553,0.38389700651168823
1554,0.3844877779483795
1555,0.3845973014831543
1556,0.38379937410354614
1557,0.3829357624053955
1558,0.38252294063568115
1559,0.382575660943985
1560,0.3825285732746124
1561,0.3822369873523712
1562,0.3819979131221771
1563,0.38176777958869934
1564,0.3815220594406128
1565,0.38131090998649597
1566,0.3812268376350403
1567,0.38113439083099365
1568,0.38092368841171265
1569,0.38070085644721985
1570,0.3805418014526367
1571,0.380510538816452
1572,0.38043051958084106
1573,0.3802820146083832
1574,0.3801940381526947
1575,0.38003259897232056
1576,0.3797909617424011
1577,0.37949347496032715
1578,0.379248708486557
1579,0.3791932165622711
1580,0.3791632056236267
1581,0.379009872674942
1582,0.37871864438056946
1583,0.37842705845832825
1584,0.37828385829925537
1585,0.37823930382728577
1586,0.37817078828811646
1587,0.37797579169273376
1588,0.37776243686676025
1589,0.3776699900627136
1590,0.37759384512901306
1591,0.37745484709739685
1592,0.37721237540245056
1593,0.376928448677063
1594,0.3767395615577698
1595,0.3766622841358185
1596,0.3766309916973114
1597,0.37651053071022034
1598,0.37631145119667053
1599,0.3761642277240753
1600,0.37605535984039307
1601,0.37597528100013733
1602,0.37586116790771484
1603,0.37564611434936523
1604,0.375407874584198
1605,0.37533697485923767
1606,0.37557679414749146
1607,0.3760506808757782
1608,0.37681692838668823
1609,0.3781830966472626
1610,0.3800447881221771
1611,0.383020281791687
1612,0.38898327946662903
1613,0.4003390967845917
1614,0.4219760596752167
1615,0.46103131771087646
1616,0.5330000519752502
1617,0.6662045121192932
1618,0.9010130167007446
1619,1.260608434677124
1620,1.6279971599578857
1621,1.7088971138000488
1622,1.3084198236465454
1623,0.6447598934173584
1624,0.4329659938812256
1625,0.7411499619483948
1626,0.9189274311065674
1627,0.7323119044303894
1628,0.44859495759010315
1629,0.3980652093887329
1630,0.5362372398376465
1631,0.6076408624649048
1632,0.5442020297050476
1633,0.42183735966682434
1634,0.3821685016155243
1635,0.4236268997192383
1636,0.42699384689331055
1637,0.39658817648887634
1638,0.38351038098335266
1639,0.39940619468688965
1640,0.39502274990081787
1641,0.3774918019771576
1642,0.38437771797180176
1643,0.40020349621772766
1644,0.4006829559803009
1645,0.3798377811908722
1646,0.3846571445465088
1647,0.40995803475379944
1648,0.4118325710296631
1649,0.3886067271232605
1650,0.3791467249393463
1651,0.41847312450408936
1652,0.440400093793869
1653,0.41055405139923096
1654,0.37729892134666443
1655,0.39176443219184875
1656,0.4478766918182373
1657,0.4599400460720062
1658,0.41457632184028625
1659,0.3761869966983795
1660,0.39575740694999695
1661,0.4523285925388336
1662,0.45622947812080383
1663,0.40560147166252136
1664,0.3745408356189728
1665,0.4034321904182434
1666,0.45253705978393555
1667,0.4462861120700836
1668,0.39818230271339417
1669,0.373292475938797
1670,0.3990004062652588
1671,0.43956512212753296
1672,0.4361322820186615
1673,0.39656510949134827
1674,0.37260374426841736
1675,0.38999849557876587
1676,0.42156073451042175
1677,0.4207189381122589
1678,0.3911530077457428
1679,0.3718827962875366
1680,0.38324326276779175
1681,0.4065200686454773
1682,0.40895336866378784
1683,0.3892248272895813
1684,0.37214818596839905
1685,0.37538713216781616
1686,0.3913111686706543
1687,0.39756062626838684
1688,0.3871297240257263
1689,0.37326741218566895
1690,0.370883047580719
1691,0.38023266196250916
1692,0.3877502977848053
1693,0.3845209777355194
1694,0.37493062019348145
1695,0.369208961725235
1696,0.3724750876426697
1697,0.37913697957992554
1698,0.3811030983924866
1699,0.3765643537044525
1700,0.37016168236732483
1701,0.36857327818870544
1702,0.37224340438842773
1703,0.37610751390457153
1704,0.3759974539279938
1705,0.3716180622577667
1706,0.36790403723716736
1707,0.36825472116470337
1708,0.37113156914711
1709,0.3732202351093292
1710,0.37164080142974854
1711,0.3683479428291321
1712,0.36681029200553894
1713,0.36755919456481934
1714,0.3692842423915863
1715,0.36933213472366333
1716,0.36768853664398193
1717,0.36636751890182495
1718,0.3660372495651245
1719,0.3665458559989929
1720,0.3666493594646454
1721,0.3660281300544739
1722,0.3655017912387848
1723,0.36526593565940857
1724,0.36529794335365295
1725,0.36517250537872314
1726,0.36488983035087585
1727,0.3647477924823761
1728,0.36471566557884216
1729,0.3647123873233795
1730,0.36444091796875
1731,0.36421525478363037
1732,0.36428260803222656
1733,0.3644767701625824
1734,0.3646172881126404
1735,0.36419063806533813
1736,0.36362120509147644
1737,0.3634543716907501
1738,0.36359497904777527
1739,0.3638681471347809
1740,0.3636576533317566
1741,0.3631322681903839
1742,0.36282217502593994
1743,0.36271700263023376
1744,0.3627553880214691
1745,0.36260128021240234
1746,0.36232367157936096
1747,0.36218059062957764
1748,0.36213967204093933
1749,0.36216092109680176
1750,0.36196082830429077
1751,0.36168599128723145
1752,0.36157745122909546
1753,0.361590176820755
1754,0.36168238520622253
1755,0.36150580644607544
1756,0.3611655533313751
1757,0.36095598340034485
1758,0.36084291338920593
1759,0.36080071330070496
1760,0.3606520891189575
1761,0.3604736924171448
1762,0.3604024350643158
1763,0.3604164123535156
1764,0.36051151156425476
1765,0.36038312315940857
1766,0.3600953221321106
1767,0.35990869998931885
1768,0.3597904145717621
1769,0.3597288131713867
1770,0.35975655913352966
1771,0.36003533005714417
1772,0.3606463670730591
1773,0.3617672026157379
1774,0.3637475371360779
1775,0.366256445646286
1776,0.369917631149292
1777,0.37692204117774963
1778,0.38989946246147156
1779,0.41378363966941833
1780,0.4578433036804199
1781,0.5380040407180786
1782,0.6786863803863525
1783,0.9099054932594299
1784,1.2376961708068848
1785,1.5449326038360596
1786,1.5726187229156494
1787,1.1465141773223877
1788,0.5588236451148987
1789,0.42072534561157227
1790,0.737471342086792
1791,0.9257794618606567
1792,0.73246169090271
1793,0.4345906376838684
1794,0.38458251953125
1795,0.5576739311218262
1796,0.6619933247566223
1797,0.5561538338661194
1798,0.3904508352279663
1799,0.3896660804748535
1800,0.4872184097766876
1801,0.47443902492523193
1802,0.3902425467967987
1803,0.3894656300544739
1804,0.4477367699146271
1805,0.43031173944473267
1806,0.3755834102630615
1807,0.38824665546417236
1808,0.4390367269515991
1809,0.4396039843559265
1810,0.3814234137535095
1811,0.3673540949821472
1812,0.4095374643802643
1813,0.4230388104915619
1814,0.39352476596832275
1815,0.37625208497047424
1816,0.3996088206768036
1817,0.4090856909751892
1818,0.392804890871048
1819,0.39147084951400757
1820,0.40236419439315796
1821,0.40037110447883606
1822,0.3806195855140686
1823,0.3781236410140991
1824,0.40074440836906433
1825,0.40594547986984253
1826,0.38190096616744995
1827,0.36338314414024353
1828,0.3771253824234009
1829,0.3991348147392273
1830,0.39218461513519287
1831,0.36771994829177856
1832,0.35995444655418396
1833,0.37395843863487244
1834,0.3869456648826599
1835,0.3798503279685974
1836,0.3638322651386261
1837,0.35943740606307983
1838,0.36647140979766846
1839,0.3725425899028778
1840,0.368369996547699
1841,0.3601711690425873
1842,0.35859647393226624
1843,0.36248403787612915
1844,0.3658745586872101
1845,0.3633507788181305
1846,0.35853439569473267
1847,0.35755881667137146
1848,0.36011508107185364
1849,0.3631969392299652
1850,0.36179670691490173
1851,0.3582182824611664
1852,0.3570266366004944
1853,0.35869109630584717
1854,0.3617630898952484
1855,0.3613404631614685
1856,0.35864853858947754
1857,0.3569791615009308
1858,0.3572212755680084
1859,0.3595268726348877
1860,0.3601256310939789
1861,0.35910454392433167
1862,0.3576853573322296
1863,0.3564915955066681
1864,0.35705652832984924
1865,0.35775744915008545
1866,0.3586502969264984
1867,0.35872882604599
1868,0.35750633478164673
1869,0.3570308983325958
1870,0.356882244348526
1871,0.3581840693950653
1872,0.35939112305641174
1873,0.3584080934524536
1874,0.3567340672016144
1875,0.35516223311424255
1876,0.35634443163871765
1877,0.3589901328086853
1878,0.35953202843666077
1879,0.3578401505947113
1880,0.35457879304885864
1881,0.3541159927845001
1882,0.35702750086784363
1883,0.35948944091796875
1884,0.3594973087310791
1885,0.3557751178741455
1886,0.352908194065094
1887,0.35404911637306213
1888,0.35678425431251526
1889,0.35836851596832275
1890,0.3559930920600891
1891,0.35278862714767456
1892,0.3525598347187042
1893,0.35513174533843994
1894,0.3592333495616913
1895,0.35993292927742004
1896,0.3576318919658661
1897,0.35714641213417053
1898,0.3594106137752533
1899,0.3652695119380951
1900,0.38045036792755127
1901,0.4149436354637146
1902,0.4817660450935364
1903,0.6104996800422668
1904,0.8462992906570435
1905,1.174823522567749
1906,1.5243606567382812
1907,1.7424792051315308
1908,1.4709477424621582
1909,0.7945935726165771
1910,0.4040353298187256
1911,0.6010886430740356
1912,0.9177855849266052
1913,0.8640899062156677
1914,0.5493425130844116
1915,0.37437063455581665
1916,0.44485992193222046
1917,0.5945448279380798
1918,0.617682933807373
1919,0.4879274368286133
1920,0.38122209906578064
1921,0.3976626992225647
1922,0.4557987451553345
1923,0.44199618697166443
1924,0.386650413274765
1925,0.37731730937957764
1926,0.39317238330841064
1927,0.3947322368621826
1928,0.3817196488380432
1929,0.3740025460720062
1930,0.3735833168029785
1931,0.36693713068962097
1932,0.3620717525482178
1933,0.3638943135738373
1934,0.365346223115921
1935,0.360287606716156
1936,0.35597121715545654
1937,0.35947683453559875
1938,0.3617066442966461
1939,0.35752180218696594
1940,0.3537430763244629
1941,0.3578668534755707
1942,0.36230969429016113
1943,0.3593865931034088
1944,0.35394638776779175
1945,0.3543694317340851
1946,0.3613438010215759
1947,0.3626241981983185
1948,0.35647401213645935
1949,0.3527728021144867
1950,0.3569522798061371
1951,0.36387723684310913
1952,0.3622216582298279
1953,0.3551274836063385
1954,0.3524125814437866
1955,0.357018381357193
1956,0.36356353759765625
1957,0.36243805289268494
1958,0.35577091574668884
1959,0.3520539402961731
1960,0.3550446331501007
1961,0.36104828119277954
1962,0.36129918694496155
1963,0.3559929132461548
1964,0.3518635332584381
1965,0.35311058163642883
1966,0.3581765294075012
1967,0.3600516617298126
1968,0.3568071722984314
1969,0.3523999750614166
1970,0.3511315882205963
1971,0.3543717861175537
1972,0.35744497179985046
1973,0.3566966950893402
1974,0.35320910811424255
1975,0.35034409165382385
1976,0.35143038630485535
1977,0.35445284843444824
1978,0.3556469976902008
1979,0.35392916202545166
1980,0.3506025969982147
1981,0.34954410791397095
1982,0.35135287046432495
1983,0.35337623953819275
1984,0.353510320186615
1985,0.3509344756603241
1986,0.34878501296043396
1987,0.34917494654655457
1988,0.35079434514045715
1989,0.35176241397857666
1990,0.3502575159072876
1991,0.34816986322402954
1992,0.34782761335372925
1993,0.34877389669418335
1994,0.34975382685661316
1995,0.34894317388534546
1996,0.3472740948200226
1997,0.3466964364051819
1998,0.3471847176551819
1999,0.34798604249954224
2000,0.3476526439189911
2001,0.34656640887260437
2002,0.3460296094417572
2003,0.34616807103157043
2004,0.34665724635124207
2005,0.34649398922920227
2006,0.34593939781188965
2007,0.34575337171554565
2008,0.34589603543281555
2009,0.3461707532405853
2010,0.34579968452453613
2011,0.34519052505493164
2012,0.34506499767303467
2013,0.3453075587749481
2014,0.34568914771080017
2015,0.34542185068130493
2016,0.3448236286640167
2017,0.34458717703819275
2018,0.3446466028690338
2019,0.34486275911331177
2020,0.34462791681289673
2021,0.3441888093948364
2022,0.3440670967102051
2023,0.3441794514656067
2024,0.3444021940231323
2025,0.3441762924194336
2026,0.3437495827674866
2027,0.3436088263988495
2028,0.3436945378780365
2029,0.3439231514930725
2030,0.343734472990036
2031,0.34329789876937866
2032,0.34308627247810364
2033,0.34304821491241455
2034,0.34313154220581055
2035,0.34297633171081543
2036,0.34271812438964844
2037,0.34264591336250305
2038,0.34270942211151123
2039,0.34287193417549133
2040,0.3427007496356964
2041,0.3423394560813904
2042,0.34215494990348816
2043,0.3420962691307068
2044,0.3421342968940735
2045,0.3419979512691498
2046,0.3417898118495941
2047,0.34172478318214417
2048,0.3417673408985138
2049,0.34191277623176575
2050,0.34178856015205383
2051,0.341475248336792
2052,0.341280996799469
2053,0.3411540389060974
2054,0.3410700857639313
2055,0.34097614884376526
2056,0.3410264849662781
2057,0.34129729866981506
2058,0.34185460209846497
2059,0.3428703248500824
2060,0.3436298966407776
2061,0.34416452050209045
2062,0.34560543298721313
2063,0.3485376536846161
2064,0.3541731834411621
2065,0.365930438041687
2066,0.3894268572330475
2067,0.4333471655845642
2068,0.5156533718109131
2069,0.6648271083831787
2070,0.8869101405143738
2071,1.1773440837860107
2072,1.5117573738098145
2073,1.6495614051818848
2074,1.3548755645751953
2075,0.7389566898345947
2076,0.421117901802063
2077,0.6508938074111938
2078,0.9587026834487915
2079,0.903217077255249
2080,0.5714146494865417
2081,0.3823450207710266
2082,0.5058842897415161
2083,0.7198665142059326
2084,0.7216700911521912
2085,0.4805232882499695
2086,0.3477046489715576
2087,0.47749900817871094
2088,0.5762171745300293
2089,0.46185189485549927
2090,0.3530888855457306
2091,0.43651169538497925
2092,0.5230152606964111
2093,0.4533592760562897
2094,0.3576720356941223
2095,0.38484278321266174
2096,0.4647213816642761
2097,0.4441034197807312
2098,0.36076995730400085
2099,0.35785382986068726
2100,0.4154067933559418
2101,0.4096405506134033
2102,0.35550838708877563
2103,0.3534248173236847
2104,0.3907393515110016
2105,0.3863135278224945
2106,0.3518117070198059
2107,0.350420206785202
2108,0.37412703037261963
2109,0.37380465865135193
2110,0.349640429019928
2111,0.3468513786792755
2112,0.3650542199611664
2113,0.3659299314022064
2114,0.3485337495803833
2115,0.34444159269332886
2116,0.3585892915725708
2117,0.3620976209640503
2118,0.34924089908599854
2119,0.34238800406455994
2120,0.35033753514289856
2121,0.3569709062576294
2122,0.35041141510009766
2123,0.34213510155677795
2124,0.3442688286304474
2125,0.3502556383609772
2126,0.3488067090511322
2127,0.3426394462585449
2128,0.3414340317249298
2129,0.34533095359802246
2130,0.34635603427886963
2131,0.34279507398605347
2132,0.34046122431755066
2133,0.34199419617652893
2134,0.34391114115715027
2135,0.34253042936325073
2136,0.3401573896408081
2137,0.340270072221756
2138,0.3418475389480591
2139,0.3420338034629822
2140,0.3402445316314697
2141,0.33934465050697327
2142,0.3403574526309967
2143,0.3412374258041382
2144,0.3405512869358063
2145,0.33908045291900635
2146,0.3390466272830963
2147,0.3401913046836853
2148,0.34056270122528076
2149,0.33957380056381226
2150,0.3383699357509613
2151,0.3386828303337097
2152,0.3397904336452484
2153,0.33994585275650024
2154,0.3389016389846802
2155,0.3378143310546875
2156,0.33817213773727417
2157,0.33925074338912964
2158,0.33946752548217773
2159,0.3385251462459564
2160,0.33737003803253174
2161,0.3375031352043152
2162,0.33852308988571167
2163,0.3389671742916107
2164,0.33827927708625793
2165,0.337041974067688
2166,0.3368169665336609
2167,0.33767297863960266
2168,0.3383636474609375
2169,0.3380693793296814
2170,0.33686041831970215
2171,0.3362220823764801
2172,0.33674195408821106
2173,0.33755016326904297
2174,0.33770838379859924
2175,0.33673524856567383
2176,0.3358262777328491
2177,0.33593183755874634
2178,0.33662256598472595
2179,0.3370918929576874
2180,0.3365335166454315
2181,0.3357040286064148
2182,0.33562493324279785
2183,0.336257666349411
2184,0.3371730446815491
2185,0.33764225244522095
2186,0.33826398849487305
2187,0.34038373827934265
2188,0.3450019657611847
2189,0.3536977469921112
2190,0.36926352977752686
2191,0.3984568417072296
2192,0.4542620778083801
2193,0.5584985017776489
2194,0.7440102100372314
2195,1.0372357368469238
2196,1.4089794158935547
2197,1.6675527095794678
2198,1.4670157432556152
2199,0.8061578869819641
2200,0.3801118731498718
2201,0.6231228113174438
2202,0.9835764169692993
2203,0.862720251083374
2204,0.46888360381126404
2205,0.35914701223373413
2206,0.5896764993667603
2207,0.7461568713188171
2208,0.582127034664154
2209,0.3618406355381012
2210,0.4105341136455536
2211,0.5440627336502075
2212,0.4686041474342346
2213,0.3531869053840637
2214,0.41588515043258667
2215,0.4730953872203827
2216,0.3927054703235626
2217,0.3470107316970825
2218,0.4078761339187622
2219,0.4301898777484894
2220,0.3674246668815613
2221,0.3468104302883148
2222,0.39137133955955505
2223,0.39062657952308655
2224,0.3474023640155792
2225,0.3537229597568512
2226,0.38373929262161255
2227,0.36466705799102783
2228,0.33951902389526367
2229,0.35669252276420593
2230,0.3707273602485657
2231,0.351484090089798
2232,0.33965250849723816
2233,0.3540406823158264
2234,0.3585747182369232
2235,0.34337159991264343
2236,0.3394268751144409
2237,0.35036274790763855
2238,0.35008570551872253
2239,0.3394087255001068
2240,0.3393438458442688
2241,0.3463471233844757
2242,0.3445414900779724
2243,0.3378961980342865
2244,0.3385157585144043
2245,0.342640221118927
2246,0.34118273854255676
2247,0.3372851610183716
2248,0.33757951855659485
2249,0.33974358439445496
2250,0.3386564552783966
2251,0.33667925000190735
2252,0.33723387122154236
2253,0.33813154697418213
2254,0.33699527382850647
2255,0.33571857213974
2256,0.33650559186935425
2257,0.3373486399650574
2258,0.3362772464752197
2259,0.33491772413253784
2260,0.33526089787483215
2261,0.33632606267929077
2262,0.33591121435165405
2263,0.33457571268081665
2264,0.3342788517475128
2265,0.33506283164024353
2266,0.3353254795074463
2267,0.33445292711257935
2268,0.3337152898311615
2269,0.333926260471344
2270,0.33439013361930847
2271,0.3341826796531677
2272,0.33348655700683594
2273,0.3331897258758545
2274,0.33341631293296814
2275,0.33355972170829773
2276,0.33325111865997314
2277,0.33280497789382935
2278,0.33269548416137695
2279,0.3328252136707306
2280,0.3328176736831665
2281,0.3325461149215698
2282,0.33224838972091675
2283,0.33217430114746094
2284,0.332227498292923
2285,0.332182914018631
2286,0.33197489380836487
2287,0.33174625039100647
2288,0.33165648579597473
2289,0.33166101574897766
2290,0.3316202461719513
2291,0.3314719796180725
2292,0.33128297328948975
2293,0.33116602897644043
2294,0.3311285078525543
2295,0.331093430519104
2296,0.3309950828552246
2297,0.33084285259246826
2298,0.3307100534439087
2299,0.33063462376594543
2300,0.3305894732475281
2301,0.3305228352546692
2302,0.3304086923599243
2303,0.33027926087379456
2304,0.3301767408847809
2305,0.3301102817058563
2306,0.3300539553165436
2307,0.32997193932533264
2308,0.32986146211624146
2309,0.32974833250045776
2310,0.3296564519405365
2311,0.3295896053314209
2312,0.3295244574546814
2313,0.32944047451019287
2314,0.3293382525444031
2315,0.32923343777656555
2316,0.32914531230926514
2317,0.32907354831695557
2318,0.32900339365005493
2319,0.32892197370529175
2320,0.3288262188434601
2321,0.3287287652492523
2322,0.3286413848400116
2323,0.3285641074180603
2324,0.3284897804260254
2325,0.32840895652770996
2326,0.32832062244415283
2327,0.3282308578491211
2328,0.328144371509552
2329,0.32806268334388733
2330,0.3279833197593689
2331,0.32790300250053406
2332,0.3278208374977112
2333,0.3277374505996704
2334,0.327653706073761
2335,0.32757100462913513
2336,0.32748928666114807
2337,0.3274080753326416
2338,0.3273271322250366
2339,0.32724636793136597
2340,0.32716572284698486
2341,0.3270854949951172
2342,0.3270050287246704
2343,0.3269239068031311
2344,0.3268427848815918
2345,0.326761394739151
2346,0.3266807198524475
2347,0.3266007602214813
2348,0.3265213966369629
2349,0.3264419436454773
2350,0.32636192440986633
2351,0.32628124952316284
2352,0.3262008726596832
2353,0.32612064480781555
2354,0.326040655374527
2355,0.32596084475517273
2356,0.3258814513683319
2357,0.3258019685745239
2358,0.32572251558303833
2359,0.3256433606147766
2360,0.3255641460418701
2361,0.3254855275154114
2362,0.32540732622146606
2363,0.3253297507762909
2364,0.3252534866333008
2365,0.325177401304245
2366,0.3251035213470459
2367,0.32503369450569153
2368,0.32497185468673706
2369,0.3249240815639496
2370,0.3248976767063141
2371,0.3249116539955139
2372,0.3250100016593933
2373,0.32527023553848267
2374,0.3258471190929413
2375,0.3269169330596924
2376,0.3289620280265808
2377,0.3331605792045593
2378,0.3417064845561981
2379,0.35916393995285034
2380,0.39129742980003357
2381,0.4530838131904602
2382,0.5769608020782471
2383,0.8173598051071167
2384,1.2340953350067139
2385,1.7667982578277588
2386,2.083360195159912
2387,1.7738840579986572
2388,0.8381288051605225
2389,0.4089031517505646
2390,0.836121678352356
2391,1.0671629905700684
2392,0.7260165810585022
2393,0.36054256558418274
2394,0.4463426470756531
2395,0.6995584964752197
2396,0.6815835237503052
2397,0.46137794852256775
2398,0.3309965133666992
2399,0.4310269057750702
2400,0.47057461738586426
2401,0.3622864782810211
2402,0.36126431822776794
2403,0.4346514046192169
2404,0.41312602162361145
2405,0.33235591650009155
2406,0.39531609416007996
2407,0.48771825432777405
2408,0.439460813999176
2409,0.3410281538963318
2410,0.36927762627601624
2411,0.48885300755500793
2412,0.4469051659107208
2413,0.33982861042022705
2414,0.37625011801719666
2415,0.4640325605869293
2416,0.4250221848487854
2417,0.33479222655296326
2418,0.36722123622894287
2419,0.42817091941833496
2420,0.401371568441391
2421,0.3395329415798187
2422,0.34268563985824585
2423,0.3836051821708679
2424,0.37020343542099
2425,0.33490055799484253
2426,0.33467546105384827
2427,0.3536321520805359
2428,0.3479108512401581
2429,0.329598069190979
2430,0.33044862747192383
2431,0.33593907952308655
2432,0.3333475589752197
2433,0.32771939039230347
2434,0.32838863134384155
2435,0.3295615315437317
2436,0.3273492753505707
2437,0.3273323178291321
2438,0.3285173773765564
2439,0.3279326558113098
2440,0.3263171911239624
2441,0.32976555824279785
2442,0.33197203278541565
2443,0.3284992277622223
2444,0.32547813653945923
2445,0.3287566900253296
2446,0.3351622521877289
2447,0.3327350616455078
2448,0.3260454833507538
2449,0.32577094435691833
2450,0.3321082890033722
2451,0.3354071080684662
2452,0.3293338418006897
2453,0.32445257902145386
2454,0.3273271322250366
2455,0.3325788974761963
2456,0.33216455578804016
2457,0.32618555426597595
2458,0.3240000307559967
2459,0.3274322748184204
2460,0.33047211170196533
2461,0.3285179138183594
2462,0.3241410553455353
2463,0.3236384093761444
2464,0.326473593711853
2465,0.3278646767139435
2466,0.325772225856781
2467,0.32300910353660583
2468,0.3231287896633148
2469,0.32501691579818726
2470,0.3255751132965088
2471,0.3240146040916443
2472,0.3223748207092285
2473,0.32254645228385925
2474,0.3236536979675293
2475,0.32381191849708557
2476,0.32274574041366577
2477,0.3218080699443817
2478,0.32196128368377686
2479,0.3226029872894287
2480,0.3226020634174347
2481,0.3218846619129181
2482,0.32130542397499084
2483,0.3213624358177185
2484,0.3217059373855591
2485,0.32166197896003723
2486,0.3212078809738159
2487,0.32086044549942017
2488,0.3208630383014679
2489,0.3210149109363556
2490,0.32092806696891785
2491,0.32062214612960815
2492,0.3204095959663391
2493,0.32039153575897217
2494,0.32044321298599243
2495,0.320339560508728
2496,0.32012495398521423
2497,0.31999093294143677
2498,0.3199646472930908
2499,0.31996044516563416
2500,0.3198423385620117
2501,0.3196723163127899
2502,0.31957677006721497
2503,0.3195449411869049
2504,0.31950974464416504
2505,0.31938472390174866
2506,0.319243460893631
2507,0.3191744089126587
2508,0.31914663314819336
2509,0.31910017132759094
2510,0.31896790862083435
2511,0.3188343644142151
2512,0.3187764585018158
2513,0.3187553882598877
2514,0.31871163845062256
2515,0.318575918674469
2516,0.3184354305267334
2517,0.31837353110313416
2518,0.3183548152446747
2519,0.3183201253414154
2520,0.31819117069244385
2521,0.31804633140563965
2522,0.3179765045642853
2523,0.31796029210090637
2524,0.31794795393943787
2525,0.317848801612854
2526,0.3177216947078705
2527,0.31766727566719055
2528,0.3176847994327545
2529,0.3177536725997925
2530,0.31783053278923035
2531,0.3180074095726013
2532,0.31845006346702576
2533,0.3193322420120239
2534,0.32095465064048767
2535,0.32374414801597595
2536,0.3287515640258789
2537,0.3380845785140991
2538,0.3554263412952423
2539,0.3875576853752136
2540,0.4459138512611389
2541,0.5499999523162842
2542,0.7277489900588989
2543,0.9982072710990906
2544,1.3194669485092163
2545,1.493999719619751
2546,1.2542791366577148
2547,0.6790025234222412
2548,0.3497594892978668
2549,0.5676233768463135
2550,0.8773410320281982
2551,0.8070613145828247
2552,0.480859637260437
2553,0.323452353477478
2554,0.470763623714447
2555,0.6358686685562134
2556,0.5527687072753906
2557,0.3583834767341614
2558,0.34951114654541016
2559,0.47726425528526306
2560,0.45959341526031494
2561,0.34071409702301025
2562,0.35097038745880127
2563,0.4328470826148987
2564,0.4109160602092743
2565,0.3318794369697571
2566,0.34480521082878113
2567,0.40421062707901
2568,0.38566112518310547
2569,0.3271828889846802
2570,0.33713048696517944
2571,0.38158324360847473
2572,0.3620676100254059
2573,0.322636216878891
2574,0.3383811414241791
2575,0.3648891746997833
2576,0.3460107445716858
2577,0.3210299611091614
2578,0.33419859409332275
2579,0.350247323513031
2580,0.3367267847061157
2581,0.32047662138938904
2582,0.32806211709976196
2583,0.33788925409317017
2584,0.3288028836250305
2585,0.3198133111000061
2586,0.3248290419578552
2587,0.3296472132205963
2588,0.3238103687763214
2589,0.3187134861946106
2590,0.322028249502182
2591,0.3245354890823364
2592,0.32104116678237915
2593,0.3178621232509613
2594,0.31971392035484314
2595,0.3213746249675751
2596,0.31915712356567383
2597,0.31731852889060974
2598,0.3184298574924469
2599,0.31956595182418823
2600,0.3181292712688446
2601,0.3167676627635956
2602,0.3175509572029114
2603,0.3184194564819336
2604,0.31761929392814636
2605,0.31634941697120667
2606,0.31668582558631897
2607,0.3175746202468872
2608,0.31718212366104126
2609,0.3160776197910309
2610,0.3158741593360901
2611,0.3167077302932739
2612,0.31686705350875854
2613,0.3159547448158264
2614,0.3152773678302765
2615,0.31561022996902466
2616,0.3162473142147064
2617,0.31596195697784424
2618,0.315090149641037
2619,0.31475353240966797
2620,0.3151726722717285
2621,0.315554678440094
2622,0.31514739990234375
2623,0.3144490122795105
2624,0.31427037715911865
2625,0.314613401889801
2626,0.31484928727149963
2627,0.3144889771938324
2628,0.3139316737651825
2629,0.3137646019458771
2630,0.3139925003051758
2631,0.3141756057739258
2632,0.31392422318458557
2633,0.31346917152404785
2634,0.3132604956626892
2635,0.3133736550807953
2636,0.3135371208190918
2637,0.3134089410305023
2638,0.31305059790611267
2639,0.31278908252716064
2640,0.3127744495868683
2641,0.31290507316589355
2642,0.31289464235305786
2643,0.31265488266944885
2644,0.3123732805252075
2645,0.31223219633102417
2646,0.31228312849998474
2647,0.3123427927494049
2648,0.31223809719085693
2649,0.31200501322746277
2650,0.3117780387401581
2651,0.31170958280563354
2652,0.3117569386959076
2653,0.3117559850215912
2654,0.3116284906864166
2655,0.3114004135131836
2656,0.3112284243106842
2657,0.31118884682655334
2658,0.3112034797668457
2659,0.31117069721221924
2660,0.31102022528648376
2661,0.3108302354812622
2662,0.3107067942619324
2663,0.31065836548805237
2664,0.31063833832740784
2665,0.3105621337890625
2666,0.31042930483818054
2667,0.31029802560806274
2668,0.31019601225852966
2669,0.3101283311843872
2670,0.3100574016571045
2671,0.3099677860736847
2672,0.30987393856048584
2673,0.30977994203567505
2674,0.3096921741962433
2675,0.30960017442703247
2676,0.3095068633556366
2677,0.30942174792289734
2678,0.3093414604663849
2679,0.3092639744281769
2680,0.3091764450073242
2681,0.3090846538543701
2682,0.30899670720100403
2683,0.3089119791984558
2684,0.30883005261421204
2685,0.30874037742614746
2686,0.30865052342414856
2687,0.3085685074329376
2688,0.30849018692970276
2689,0.30841317772865295
2690,0.3083224892616272
2691,0.30822518467903137
2692,0.30813413858413696
2693,0.3080486059188843
2694,0.3079671859741211
2695,0.3078805208206177
2696,0.3077917993068695
2697,0.30770716071128845
2698,0.30762577056884766
2699,0.307548850774765
2700,0.30746328830718994
2701,0.3073708117008209
2702,0.30728182196617126
2703,0.3071947991847992
2704,0.30710944533348083
2705,0.3070349097251892
2706,0.30698755383491516
2707,0.3069738447666168
2708,0.3070197105407715
2709,0.30717605352401733
2710,0.3074204921722412
2711,0.3078402876853943
2712,0.30876296758651733
2713,0.3106568157672882
2714,0.3144698441028595
2715,0.3216334283351898
2716,0.33550482988357544
2717,0.3633531332015991
2718,0.4192943274974823
2719,0.5290791392326355
2720,0.7172532081604004
2721,1.0174837112426758
2722,1.464100956916809
2723,1.8692169189453125
2724,1.8412830829620361
2725,1.0816128253936768
2726,0.40507572889328003
2727,0.6130826473236084
2728,1.12132728099823
2729,1.0500402450561523
2730,0.5151276588439941
2731,0.3304350972175598
2732,0.6573013663291931
2733,0.9240256547927856
2734,0.7230411767959595
2735,0.34888795018196106
2736,0.42766818404197693
2737,0.6799392104148865
2738,0.5300171971321106
2739,0.32373660802841187
2740,0.4680107533931732
2741,0.5839838981628418
2742,0.4137484133243561
2743,0.318011611700058
2744,0.44860318303108215
2745,0.4946175813674927
2746,0.36094290018081665
2747,0.32264646887779236
2748,0.4159686863422394
2749,0.40240222215652466
2750,0.31927618384361267
2751,0.3524319529533386
2752,0.3961070477962494
2753,0.3411557972431183
2754,0.3148322105407715
2755,0.3597082495689392
2756,0.36090242862701416
2757,0.3182787299156189
2758,0.32156825065612793
2759,0.34878331422805786
2760,0.33116087317466736
2761,0.3111831545829773
2762,0.3295729160308838
2763,0.3361993730068207
2764,0.31567779183387756
2765,0.3134651184082031
2766,0.33011841773986816
2767,0.32568609714508057
2768,0.3105998635292053
2769,0.3148660659790039
2770,0.32430487871170044
2771,0.31709256768226624
2772,0.308540403842926
2773,0.3140941262245178
2774,0.31844353675842285
2775,0.31162020564079285
2776,0.308057576417923
2777,0.3130144774913788
2778,0.31402331590652466
2779,0.3087964653968811
2780,0.30754807591438293
2781,0.31108224391937256
2782,0.3110421299934387
2783,0.3073329031467438
2784,0.3067163825035095
2785,0.30890092253685
2786,0.30854532122612
2787,0.30624979734420776
2788,0.3060165345668793
2789,0.3073467016220093
2790,0.30688172578811646
2791,0.3053532540798187
2792,0.30537039041519165
2793,0.3062129318714142
2794,0.3058852255344391
2795,0.3047218918800354
2796,0.30470213294029236
2797,0.305407851934433
2798,0.3051695227622986
2799,0.30423590540885925
2800,0.30400553345680237
2801,0.3046118915081024
2802,0.30463284254074097
2803,0.30384257435798645
2804,0.3033735156059265
2805,0.303682804107666
2806,0.30396392941474915
2807,0.30351176857948303
2808,0.3029042184352875
2809,0.3028562366962433
2810,0.30311623215675354
2811,0.3030239939689636
2812,0.3025505244731903
2813,0.3022540807723999
2814,0.30232685804367065
2815,0.3023829758167267
2816,0.3021431267261505
2817,0.30181753635406494
2818,0.30169641971588135
2819,0.3017275333404541
2820,0.3016424775123596
2821,0.30140313506126404
2822,0.30120849609375
2823,0.3011476993560791
2824,0.3011128902435303
2825,0.3009668290615082
2826,0.3007708191871643
2827,0.3006496727466583
2828,0.30059313774108887
2829,0.30051061511039734
2830,0.3003499209880829
2831,0.30019426345825195
2832,0.30010560154914856
2833,0.30003735423088074
2834,0.29992735385894775
2835,0.299767404794693
2836,0.29963845014572144
2837,0.2995636463165283
2838,0.2994846701622009
2839,0.2993602454662323
2840,0.2992022633552551
2841,0.2990863025188446
2842,0.29901668429374695
2843,0.29893314838409424
2844,0.29880306124687195
2845,0.29864391684532166
2846,0.29853031039237976
2847,0.29846298694610596
2848,0.29838117957115173
2849,0.298251748085022
2850,0.2980886399745941
2851,0.29796820878982544
2852,0.2978990375995636
2853,0.2978234589099884
2854,0.29770150780677795
2855,0.29753533005714417
2856,0.297401487827301
2857,0.29732441902160645
2858,0.2972544729709625
2859,0.2971456050872803
2860,0.29698115587234497
2861,0.29683324694633484
2862,0.2967427968978882
2863,0.2966732680797577
2864,0.296578049659729
2865,0.2964220643043518
2866,0.2962643802165985
2867,0.29615721106529236
2868,0.2960801422595978
2869,0.2959931492805481
2870,0.29584991931915283
2871,0.2956916391849518
2872,0.29557180404663086
2873,0.295482337474823
2874,0.295394629240036
2875,0.29526200890541077
2876,0.29511046409606934
2877,0.29498547315597534
2878,0.29488489031791687
2879,0.2947904169559479
2880,0.2946629524230957
2881,0.29451942443847656
2882,0.2943950891494751
2883,0.29428812861442566
2884,0.2941863536834717
2885,0.2940593361854553
2886,0.2939213812351227
2887,0.2937992811203003
2888,0.29368987679481506
2889,0.29358386993408203
2890,0.2934551239013672
2891,0.2933184802532196
2892,0.2931971251964569
2893,0.2930871248245239
2894,0.2929799556732178
2895,0.29285112023353577
2896,0.2927149832248688
2897,0.29259493947029114
2898,0.292489618062973
2899,0.2923952341079712
2900,0.2922951579093933
2901,0.29221564531326294
2902,0.2922075092792511
2903,0.2923310101032257
2904,0.2927112579345703
2905,0.29358363151550293
2906,0.2955189645290375
2907,0.2997729778289795
2908,0.3089852035045624
2909,0.3288756310939789
2910,0.3711431920528412
2911,0.4607367217540741
2912,0.6466646194458008
2913,1.0061373710632324
2914,1.5894086360931396
2915,2.18369722366333
2916,2.0972442626953125
2917,1.0401155948638916
2918,0.37793412804603577
2919,0.9661884307861328
2920,1.2871127128601074
2921,0.6323421597480774
2922,0.3179689943790436
2923,0.7976404428482056
2924,1.015458106994629
2925,0.5481451153755188
2926,0.31533944606781006
2927,0.6366564035415649
2928,0.6153995990753174
2929,0.3191855251789093
2930,0.4815838038921356
2931,0.563438892364502
2932,0.32399335503578186
2933,0.39643001556396484
2934,0.507702648639679
2935,0.346335232257843
2936,0.3358812630176544
2937,0.4491431713104248
2938,0.35967108607292175
2939,0.3075953423976898
2940,0.3912917375564575
2941,0.345064640045166
2942,0.3079063594341278
2943,0.3667459487915039
2944,0.33131441473960876
2945,0.3031601309776306
2946,0.35058701038360596
2947,0.3269503116607666
2948,0.3006570637226105
2949,0.33445143699645996
2950,0.3231382966041565
2951,0.29694893956184387
2952,0.3193569481372833
2953,0.31689754128456116
2954,0.29688581824302673
2955,0.31100642681121826
2956,0.3098507523536682
2957,0.2952948212623596
2958,0.30448102951049805
2959,0.3065296411514282
2960,0.2950623631477356
2961,0.30063438415527344
2962,0.3039951026439667
2963,0.29443877935409546
2964,0.29617419838905334
2965,0.30120232701301575
2966,0.29485493898391724
2967,0.2934606373310089
2968,0.29794803261756897
2969,0.29430216550827026
2970,0.2915271520614624
2971,0.2944832444190979
2972,0.29360753297805786
2973,0.29072728753089905
2974,0.2921399474143982
2975,0.2923419177532196
2976,0.2900247871875763
2977,0.29051515460014343
2978,0.29134130477905273
2979,0.2897180914878845
2980,0.2892613112926483
2981,0.2903742492198944
2982,0.28948935866355896
2983,0.28835657238960266
2984,0.2890107333660126
2985,0.28912481665611267
2986,0.2879655659198761
2987,0.2877213954925537
2988,0.2881942093372345
2989,0.2876380383968353
2990,0.2869853675365448
2991,0.28709670901298523
2992,0.28705450892448425
2993,0.2865104377269745
2994,0.2863021194934845
2995,0.2863397002220154
2996,0.28603023290634155
2997,0.28572744131088257
2998,0.28568094968795776
2999,0.2855452597141266
3000,0.2852257788181305
3001,0.28510332107543945
3002,0.2850560247898102
3003,0.284799188375473
3004,0.28454235196113586
3005,0.28448107838630676
3006,0.284393846988678
3007,0.2841096818447113
3008,0.2838960289955139
3009,0.28382813930511475
3010,0.2836964726448059
3011,0.2834435999393463
3012,0.2832460105419159
3013,0.2831542193889618
3014,0.28300175070762634
3015,0.2827836275100708
3016,0.28260132670402527
3017,0.2824728190898895
3018,0.28232118487358093
3019,0.28212979435920715
3020,0.2819611728191376
3021,0.2818102240562439
3022,0.2816517651081085
3023,0.28148242831230164
3024,0.2813203036785126
3025,0.28116360306739807
3026,0.28100043535232544
3027,0.2808389663696289
3028,0.28068041801452637
3029,0.2805202305316925
3030,0.2803570330142975
3031,0.2801990509033203
3032,0.2800414264202118
3033,0.2798770070075989
3034,0.27971190214157104
3035,0.27955442667007446
3036,0.2794002294540405
3037,0.27923455834388733
3038,0.2790643870830536
3039,0.27890291810035706
3040,0.27874934673309326
3041,0.2785895764827728
3042,0.27841684222221375
3043,0.27824774384498596
3044,0.27808982133865356
3045,0.2779337465763092
3046,0.2777673006057739
3047,0.27759337425231934
3048,0.277427077293396
3049,0.2772683799266815
3050,0.2771075367927551
3051,0.27693793177604675
3052,0.27676504850387573
3053,0.27659958600997925
3054,0.2764382064342499
3055,0.2762739062309265
3056,0.27610331773757935
3057,0.2759312093257904
3058,0.2757646143436432
3059,0.275600403547287
3060,0.27543410658836365
3061,0.27526313066482544
3062,0.2750908136367798
3063,0.2749221622943878
3064,0.27475568652153015
3065,0.27458783984184265
3066,0.2744167149066925
3067,0.27424368262290955
3068,0.27407288551330566
3069,0.2739042341709137
3070,0.27373525500297546
3071,0.27356356382369995
3072,0.2733895778656006
3073,0.2732166349887848
3074,0.27304592728614807
3075,0.2728756070137024
3076,0.2727033495903015
3077,0.27252843976020813
3078,0.27235347032546997
3079,0.27218058705329895
3080,0.2720087468624115
3081,0.27183592319488525
3082,0.271660178899765
3083,0.27148348093032837
3084,0.27130836248397827
3085,0.27113473415374756
3086,0.27096107602119446
3087,0.2707846164703369
3088,0.2706063985824585
3089,0.2704288959503174
3090,0.27025312185287476
3091,0.27007827162742615
3092,0.2699016034603119
3093,0.2697227895259857
3094,0.2695433497428894
3095,0.26936498284339905
3096,0.26918825507164
3097,0.2690110206604004
3098,0.2688314616680145
3099,0.2686505615711212
3100,0.26846984028816223
3101,0.26829105615615845
3102,0.26811325550079346
3103,0.26793453097343445
3104,0.26775461435317993
3105,0.2675738036632538
3106,0.26739421486854553
3107,0.26721787452697754
3108,0.2670448124408722
3109,0.266877144575119
3110,0.2667182385921478
3111,0.2665790915489197
3112,0.26647964119911194
3113,0.26645535230636597
3114,0.26657596230506897
3115,0.26691263914108276
3116,0.26767754554748535
3117,0.26940110325813293
3118,0.2730623483657837
3119,0.28071171045303345
3120,0.2950138747692108
3121,0.323051780462265
3122,0.3810645043849945
3123,0.49989187717437744
3124,0.7295832633972168
3125,1.098382592201233
3126,1.5562617778778076
3127,1.9071773290634155
3128,1.607551097869873
3129,0.749596893787384
3130,0.33141154050827026
3131,0.722051739692688
3132,1.0509718656539917
3133,0.7492415904998779
3134,0.3285906910896301
3135,0.3378312289714813
3136,0.5896309614181519
3137,0.6592952609062195
3138,0.4321449398994446
3139,0.27117684483528137
3140,0.37061765789985657
3141,0.4218529462814331
3142,0.3210715055465698
3143,0.28093722462654114
3144,0.35424211621284485
3145,0.34429576992988586
3146,0.2778737545013428
3147,0.29787150025367737
3148,0.34605658054351807
3149,0.323059618473053
3150,0.27029967308044434
3151,0.3102339506149292
3152,0.34916090965270996
3153,0.30143171548843384
3154,0.27239856123924255
3155,0.32148751616477966
3156,0.3476588726043701
3157,0.2920764982700348
3158,0.27036160230636597
3159,0.3111124038696289
3160,0.3289022147655487
3161,0.2913191318511963
3162,0.2654605805873871
3163,0.2911699712276459
3164,0.3041430115699768
3165,0.28038763999938965
3166,0.26442936062812805
3167,0.2775540053844452
3168,0.2862287163734436
3169,0.2723686993122101
3170,0.26286938786506653
3171,0.26715168356895447
3172,0.2717861235141754
3173,0.2670169472694397
3174,0.26144540309906006
3175,0.2625112533569336
3176,0.26349106431007385
3177,0.26193878054618835
3178,0.260377436876297
3179,0.260823130607605
3180,0.26061320304870605
3181,0.25969430804252625
3182,0.2599220275878906
3183,0.26022252440452576
3184,0.25959512591362
3185,0.2586696445941925
3186,0.2599676847457886
3187,0.26093021035194397
3188,0.25950318574905396
3189,0.25784894824028015
3190,0.25862815976142883
3191,0.2613590359687805
3192,0.2609419822692871
3193,0.25795280933380127
3194,0.25673621892929077
3195,0.25886982679367065
3196,0.26137056946754456
3197,0.2597295641899109
3198,0.2564382255077362
3199,0.25592219829559326
3200,0.2583669424057007
3201,0.26001787185668945
3202,0.2578872740268707
3203,0.25508514046669006
3204,0.25506171584129333
3205,0.2571500241756439
3206,0.25808000564575195
3207,0.2561507523059845
3208,0.2539646625518799
3209,0.2539692223072052
3210,0.25544676184654236
3211,0.25596046447753906
3212,0.25450873374938965
3213,0.25290894508361816
3214,0.252820760011673
3215,0.2537289559841156
3216,0.25400403141975403
3217,0.2530384063720703
3218,0.251899391412735
3219,0.2516600787639618
3220,0.25210005044937134
3221,0.2522406280040741
3222,0.2516688108444214
3223,0.250895231962204
3224,0.25056955218315125
3225,0.2506749927997589
3226,0.25069981813430786
3227,0.2503772974014282
3228,0.24987956881523132
3229,0.24954041838645935
3230,0.24943581223487854
3231,0.24935781955718994
3232,0.24915792047977448
3233,0.24884586036205292
3234,0.24854786694049835
3235,0.24834276735782623
3236,0.24818292260169983
3237,0.24801023304462433
3238,0.24779492616653442
3239,0.24755585193634033
3240,0.2473316788673401
3241,0.24712803959846497
3242,0.24693740904331207
3243,0.2467469871044159
3244,0.2465461641550064
3245,0.24633873999118805
3246,0.24613095819950104
3247,0.2459251880645752
3248,0.24572476744651794
3249,0.2455279380083084
3250,0.24533197283744812
3251,0.2451367974281311
3252,0.2449360191822052
3253,0.2447301745414734
3254,0.2445233315229416
3255,0.24431897699832916
3256,0.24412482976913452
3257,0.24393430352210999
3258,0.2437383383512497
3259,0.24353356659412384
3260,0.24331960082054138
3261,0.2431124597787857
3262,0.24291755259037018
3263,0.24272777140140533
3264,0.2425338476896286
3265,0.2423253208398819
3266,0.2421122044324875
3267,0.24190688133239746
3268,0.24170994758605957
3269,0.24151679873466492
3270,0.24131594598293304
3271,0.24110904335975647
3272,0.24090391397476196
3273,0.24070201814174652
3274,0.24050308763980865
3275,0.24030210077762604
3276,0.24009966850280762
3277,0.23989823460578918
3278,0.23969779908657074
3279,0.239498108625412
3280,0.2392961084842682
3281,0.23909465968608856
3282,0.23889485001564026
3283,0.23869584500789642
3284,0.23849685490131378
3285,0.23829390108585358
3286,0.23809084296226501
3287,0.23789022862911224
3288,0.23769159615039825
3289,0.23749375343322754
3290,0.2372918277978897
3291,0.2370883673429489
3292,0.23688656091690063
3293,0.23668621480464935
3294,0.2364867925643921
3295,0.23628540337085724
3296,0.23608407378196716
3297,0.23588360846042633
3298,0.23568393290042877
3299,0.23548468947410583
3300,0.23528310656547546
3301,0.2350817173719406
3302,0.23488159477710724
3303,0.23468220233917236
3304,0.23448367416858673
3305,0.23428252339363098
3306,0.23408079147338867
3307,0.23388013243675232
3308,0.23368006944656372
3309,0.23348063230514526
3310,0.23327992856502533
3311,0.2330797165632248
3312,0.2328803986310959
3313,0.23268191516399384
3314,0.23248431086540222
3315,0.23228426277637482
3316,0.23208320140838623
3317,0.23188315331935883
3318,0.2316836714744568
3319,0.23148487508296967
3320,0.23128777742385864
3321,0.23109571635723114
3322,0.2309093177318573
3323,0.2307320088148117
3324,0.23057129979133606
3325,0.23042353987693787
3326,0.23030394315719604
3327,0.23025745153427124
3328,0.23034889996051788
3329,0.23070620000362396
3330,0.231546089053154
3331,0.23334529995918274
3332,0.2371315062046051
3333,0.24495212733745575
3334,0.2610759735107422
3335,0.29195302724838257
3336,0.3529455065727234
3337,0.4760666489601135
3338,0.7141737937927246
3339,1.121476411819458
3340,1.6296262741088867
3341,1.8752717971801758
3342,1.4173617362976074
3343,0.5251078605651855
3344,0.35867881774902344
3345,0.8729636669158936
3346,0.9255702495574951
3347,0.4557862877845764
3348,0.247190460562706
3349,0.5317401885986328
3350,0.7026538848876953
3351,0.441276878118515
3352,0.23607079684734344
3353,0.392313688993454
3354,0.4817792475223541
3355,0.2893314063549042
3356,0.2982194423675537
3357,0.448589563369751
3358,0.35904383659362793
3359,0.23871812224388123
3360,0.3401014506816864
3361,0.43309858441352844
3362,0.3162914216518402
3363,0.25612348318099976
3364,0.3355563282966614
3365,0.33102408051490784
3366,0.2666853666305542
3367,0.29505449533462524
3368,0.31199347972869873
3369,0.253500759601593
3370,0.26004597544670105
3371,0.3014311194419861
3372,0.2712758779525757
3373,0.23218417167663574
3374,0.25608211755752563
3375,0.27303341031074524
3376,0.25134366750717163
3377,0.24420297145843506
3378,0.25071829557418823
3379,0.2443513423204422
3380,0.24566204845905304
3381,0.25837722420692444
3382,0.24614694714546204
3383,0.22895286977291107
3384,0.23928247392177582
3385,0.2537148892879486
3386,0.2432401478290558
3387,0.22826436161994934
3388,0.23359446227550507
3389,0.24012641608715057
3390,0.23523475229740143
3391,0.2310734987258911
3392,0.23193104565143585
3393,0.23011799156665802
3394,0.2277311235666275
3395,0.23029616475105286
3396,0.23127320408821106
3397,0.2268168181180954
3398,0.2237042635679245
3399,0.22608406841754913
3400,0.22794727981090546
3401,0.22594374418258667
3402,0.22409366071224213
3403,0.22409594058990479
3404,0.224088653922081
3405,0.22363299131393433
3406,0.22408361732959747
3407,0.22418421506881714
3408,0.22270368039608002
3409,0.22152745723724365
3410,0.22214405238628387
3411,0.22295045852661133
3412,0.2221381962299347
3413,0.2209710031747818
3414,0.22092288732528687
3415,0.221244677901268
3416,0.22079972922801971
3417,0.22012552618980408
3418,0.22011220455169678
3419,0.2202095091342926
3420,0.2197808474302292
3421,0.21918198466300964
3422,0.21902790665626526
3423,0.21912552416324615
3424,0.21889404952526093
3425,0.21847139298915863
3426,0.21824494004249573
3427,0.21818509697914124
3428,0.2180025726556778
3429,0.21766339242458344
3430,0.2174115926027298
3431,0.21731317043304443
3432,0.21720576286315918
3433,0.2169889658689499
3434,0.2167341560125351
3435,0.21650323271751404
3436,0.21630613505840302
3437,0.21613682806491852
3438,0.21598437428474426
3439,0.21583698689937592
3440,0.215628981590271
3441,0.21538062393665314
3442,0.21516041457653046
3443,0.2149839848279953
3444,0.21483273804187775
3445,0.2146538347005844
3446,0.21445123851299286
3447,0.21425500512123108
3448,0.21406422555446625
3449,0.21387624740600586
3450,0.21368782222270966
3451,0.21350900828838348
3452,0.21333344280719757
3453,0.21315042674541473
3454,0.21296289563179016
3455,0.21277716755867004
3456,0.21260696649551392
3457,0.21243806183338165
3458,0.2122601568698883
3459,0.21207933127880096
3460,0.21189190447330475
3461,0.21170930564403534
3462,0.21152867376804352
3463,0.21134477853775024
3464,0.2111651450395584
3465,0.2109868973493576
3466,0.2108118236064911
3467,0.21063393354415894
3468,0.2104496955871582
3469,0.21026626229286194
3470,0.21008743345737457
3471,0.20991754531860352
3472,0.20974747836589813
3473,0.2095726728439331
3474,0.2093975692987442
3475,0.20921765267848969
3476,0.20903922617435455
3477,0.2088632881641388
3478,0.20868484675884247
3479,0.20850472152233124
3480,0.20832690596580505
3481,0.2081592082977295
3482,0.2079971879720688
3483,0.20783796906471252
3484,0.207682803273201
3485,0.20751924812793732
3486,0.207353413105011
3487,0.20720219612121582
3488,0.20707011222839355
3489,0.20696738362312317
3490,0.20693421363830566
3491,0.207032710313797
3492,0.2073434740304947
3493,0.20804382860660553
3494,0.2094743549823761
3495,0.21194703876972198
3496,0.21643377840518951
3497,0.22527803480625153
3498,0.24268566071987152
3499,0.2767007052898407
3500,0.3388898968696594
3501,0.4516240060329437
3502,0.6564229726791382
3503,0.9785414934158325
3504,1.3745362758636475
3505,1.5178194046020508
3506,1.1195557117462158
3507,0.4427940249443054
3508,0.2758476138114929
3509,0.6701016426086426
3510,0.8251809477806091
3511,0.5003542900085449
3512,0.22457776963710785
3513,0.3329218924045563
3514,0.5646254420280457
3515,0.47705626487731934
3516,0.23882170021533966
3517,0.2706947326660156
3518,0.42430466413497925
3519,0.3607419729232788
3520,0.21763794124126434
3521,0.3190651535987854
3522,0.42659318447113037
3523,0.31643906235694885
3524,0.21592721343040466
3525,0.3027488887310028
3526,0.39936527609825134
3527,0.3049430549144745
3528,0.21742646396160126
3529,0.28740042448043823
3530,0.3378027081489563
3531,0.2636701762676239
3532,0.22042064368724823
3533,0.275348424911499
3534,0.2879486083984375
3535,0.23863723874092102
3536,0.21832513809204102
3537,0.2444441318511963
3538,0.2511707544326782
3539,0.2238749861717224
3540,0.21420979499816895
3541,0.22335194051265717
3542,0.2249111384153366
3543,0.21463516354560852
3544,0.21072398126125336
3545,0.21340729296207428
3546,0.21187147498130798
3547,0.20946919918060303
3548,0.20859621465206146
3549,0.2092340886592865
3550,0.20754790306091309
3551,0.2076280266046524
3552,0.2092655897140503
3553,0.20835384726524353
3554,0.2062690556049347
3555,0.2063233107328415
3556,0.2104390561580658
3557,0.21051737666130066
3558,0.20623692870140076
3559,0.20433570444583893
3560,0.20778712630271912
3561,0.21152402460575104
3562,0.20795612037181854
3563,0.20309102535247803
3564,0.20401839911937714
3565,0.2084672451019287
3566,0.20879004895687103
3567,0.20361734926700592
3568,0.2012755274772644
3569,0.20413579046726227
3570,0.2067069411277771
3571,0.20455913245677948
3572,0.200668603181839
3573,0.2006843090057373
3574,0.20320995151996613
3575,0.20359373092651367
3576,0.20108263194561005
3577,0.19926582276821136
3578,0.20025990903377533
3579,0.20155814290046692
3580,0.2008333057165146
3581,0.19909338653087616
3582,0.19857043027877808
3583,0.19940058887004852
3584,0.1997605860233307
3585,0.19891402125358582
3586,0.1979665458202362
3587,0.19792287051677704
3588,0.19835840165615082
3589,0.19828572869300842
3590,0.1976294368505478
3591,0.19714157283306122
3592,0.19717544317245483
3593,0.19732792675495148
3594,0.19713303446769714
3595,0.1966690570116043
3596,0.1963806301355362
3597,0.19637861847877502
3598,0.1963871270418167
3599,0.1961798071861267
3600,0.19583581387996674
3601,0.19562484323978424
3602,0.19558273255825043
3603,0.1955287903547287
3604,0.19533716142177582
3605,0.19505657255649567
3606,0.1948709487915039
3607,0.19480179250240326
3608,0.19472438097000122
3609,0.19455096125602722
3610,0.19430410861968994
3611,0.19412446022033691
3612,0.19403819739818573
3613,0.193953275680542
3614,0.1937977522611618
3615,0.19356988370418549
3616,0.19338738918304443
3617,0.1932879239320755
3618,0.19320183992385864
3619,0.1930633783340454
3620,0.1928500235080719
3621,0.1926615983247757
3622,0.1925489753484726
3623,0.19246144592761993
3624,0.19233882427215576
3625,0.1921401470899582
3626,0.19194689393043518
3627,0.19182012975215912
3628,0.1917271614074707
3629,0.19161640107631683
3630,0.1914345771074295
3631,0.19124197959899902
3632,0.19110316038131714
3633,0.1910007894039154
3634,0.19089511036872864
3635,0.19072973728179932
3636,0.1905444860458374
3637,0.1903986632823944
3638,0.1902858018875122
3639,0.19017867743968964
3640,0.19002719223499298
3641,0.18985456228256226
3642,0.18970778584480286
3643,0.18958613276481628
3644,0.18947364389896393
3645,0.18933109939098358
3646,0.18917278945446014
3647,0.1890307068824768
3648,0.1889047622680664
3649,0.18878604471683502
3650,0.18864589929580688
3651,0.18849708139896393
3652,0.1883620321750641
3653,0.18823793530464172
3654,0.18811768293380737
3655,0.18797694146633148
3656,0.18782936036586761
3657,0.1876961886882782
3658,0.18757401406764984
3659,0.1874564290046692
3660,0.1873190999031067
3661,0.18717312812805176
3662,0.18703849613666534
3663,0.18691344559192657
3664,0.18679407238960266
3665,0.186660498380661
3666,0.18652033805847168
3667,0.18638888001441956
3668,0.18626414239406586
3669,0.18614378571510315
3670,0.18601177632808685
3671,0.18587520718574524
3672,0.18574608862400055
3673,0.18562275171279907
3674,0.1855035424232483
3675,0.1853732466697693
3676,0.1852383315563202
3677,0.18510979413986206
3678,0.18498608469963074
3679,0.18486616015434265
3680,0.18473808467388153
3681,0.1846069097518921
3682,0.1844811588525772
3683,0.18435928225517273
3684,0.18424059450626373
3685,0.18411418795585632
3686,0.1839841902256012
3687,0.18385879695415497
3688,0.18373647332191467
3689,0.18361671268939972
3690,0.18349191546440125
3691,0.18336622416973114
3692,0.18324455618858337
3693,0.183126300573349
3694,0.18301206827163696
3695,0.18289069831371307
3696,0.18276506662368774
3697,0.18264316022396088
3698,0.1825241893529892
3699,0.1824081987142563
3700,0.18230287730693817
3701,0.18222442269325256
3702,0.18218491971492767
3703,0.18221859633922577
3704,0.18239733576774597
3705,0.1827586591243744
3706,0.1834927797317505
3707,0.18514718115329742
3708,0.18872089684009552
3709,0.1963796466588974
3710,0.21206143498420715
3711,0.2450079321861267
3712,0.31565627455711365
3713,0.46551573276519775
3714,0.7643020153045654
3715,1.2562952041625977
3716,1.8258394002914429
3717,2.0493268966674805
3718,1.3016000986099243
3719,0.362067848443985
3720,0.5246003270149231
3721,1.013648509979248
3722,0.7245755195617676
3723,0.2470528930425644
3724,0.4181586503982544
3725,0.728492021560669
3726,0.5112847089767456
3727,0.20443353056907654
3728,0.33499130606651306
3729,0.480800986289978
3730,0.2667783498764038
3731,0.2627629041671753
3732,0.42844855785369873
3733,0.3045521378517151
3734,0.19860374927520752
3735,0.34755271673202515
3736,0.391373872756958
3737,0.22666417062282562
3738,0.22894936800003052
3739,0.32710060477256775
3740,0.2593221366405487
3741,0.20220395922660828
3742,0.2692563235759735
3743,0.2528700828552246
3744,0.19346919655799866
3745,0.22828775644302368
3746,0.23545867204666138
3747,0.19417895376682281
3748,0.2012435495853424
3749,0.22449277341365814
3750,0.1989792287349701
3751,0.19414430856704712
3752,0.21575002372264862
3753,0.2024773210287094
3754,0.18860499560832977
3755,0.20805391669273376
3756,0.21209584176540375
3757,0.18850770592689514
3758,0.19168777763843536
3759,0.2069517970085144
3760,0.19831955432891846
3761,0.18532568216323853
3762,0.19185051321983337
3763,0.1968393474817276
3764,0.1878560334444046
3765,0.18632544577121735
3766,0.18998390436172485
3767,0.1870976984500885
3768,0.1836669147014618
3769,0.18650640547275543
3770,0.18722479045391083
3771,0.18412137031555176
3772,0.18406948447227478
3773,0.18528003990650177
3774,0.18412500619888306
3775,0.18377551436424255
3776,0.18625447154045105
3777,0.1851503849029541
3778,0.1821792721748352
3779,0.1830235868692398
3780,0.18567155301570892
3781,0.18487361073493958
3782,0.181911438703537
3783,0.18220411241054535
3784,0.18359892070293427
3785,0.18306158483028412
3786,0.18185386061668396
3787,0.18178395926952362
3788,0.18193461000919342
3789,0.18121132254600525
3790,0.18103359639644623
3791,0.18135008215904236
3792,0.18102234601974487
3793,0.18021200597286224
3794,0.18001671135425568
3795,0.1804037243127823
3796,0.180448979139328
3797,0.1800178736448288
3798,0.1795923411846161
3799,0.1794598400592804
3800,0.17952926456928253
3801,0.1797397881746292
3802,0.1796337366104126
3803,0.1791342794895172
3804,0.17876912653446198
3805,0.17889632284641266
3806,0.17921341955661774
3807,0.17902962863445282
3808,0.1785578429698944
3809,0.17832212150096893
3810,0.17837853729724884
3811,0.17841985821723938
3812,0.17824645340442657
3813,0.1780749261379242
3814,0.17793108522891998
3815,0.17774845659732819
3816,0.17758330702781677
3817,0.17752327024936676
3818,0.1775411069393158
3819,0.1774194836616516
3820,0.17715133726596832
3821,0.1769278198480606
3822,0.176869198679924
3823,0.17689315974712372
3824,0.17681719362735748
3825,0.17662209272384644
3826,0.17641523480415344
3827,0.17628993093967438
3828,0.17623859643936157
3829,0.17618240416049957
3830,0.17607642710208893
3831,0.17592906951904297
3832,0.1757843941450119
3833,0.1756739616394043
3834,0.17558906972408295
3835,0.17550668120384216
3836,0.17540663480758667
3837,0.17528791725635529
3838,0.17517246305942535
3839,0.17507049441337585
3840,0.17498040199279785
3841,0.17488838732242584
3842,0.1747780442237854
3843,0.17466925084590912
3844,0.17457562685012817
3845,0.17449375987052917
3846,0.17440678179264069
3847,0.17429307103157043
3848,0.17417757213115692
3849,0.17408326268196106
3850,0.1740058958530426
3851,0.17392417788505554
3852,0.17381404340267181
3853,0.17369955778121948
3854,0.17360623180866241
3855,0.17353034019470215
3856,0.17344939708709717
3857,0.17333832383155823
3858,0.17321957647800446
3859,0.17312277853488922
3860,0.1730489432811737
3861,0.1729753017425537
3862,0.17287257313728333
3863,0.1727551370859146
3864,0.1726529598236084
3865,0.17257492244243622
3866,0.1725042313337326
3867,0.1724100112915039
3868,0.1722967028617859
3869,0.17219051718711853
3870,0.17210589349269867
3871,0.17203523218631744
3872,0.1719505339860916
3873,0.17184528708457947
3874,0.17173749208450317
3875,0.17164494097232819
3876,0.17157122492790222
3877,0.17149437963962555
3878,0.17139999568462372
3879,0.1712949573993683
3880,0.17119507491588593
3881,0.17111366987228394
3882,0.17103998363018036
3883,0.17095710337162018
3884,0.17086099088191986
3885,0.17075896263122559
3886,0.17066863179206848
3887,0.17059190571308136
3888,0.17051655054092407
3889,0.17043299973011017
3890,0.17033998668193817
3891,0.17025232315063477
3892,0.17018067836761475
3893,0.17012546956539154
3894,0.17008545994758606
3895,0.1700551062822342
3896,0.17005860805511475
3897,0.17014749348163605
3898,0.17038936913013458
3899,0.1709088534116745
3900,0.1719062626361847
3901,0.17382636666297913
3902,0.17760412395000458
3903,0.18506063520908356
3904,0.1997886598110199
3905,0.22745811939239502
3906,0.2801661193370819
3907,0.3832658529281616
3908,0.57349693775177
3909,0.8937942385673523
3910,1.2796030044555664
3911,1.5028091669082642
3912,1.1895456314086914
3913,0.4959326982498169
3914,0.22222255170345306
3915,0.571517825126648
3916,0.779342532157898
3917,0.5064243674278259
3918,0.21008695662021637
3919,0.2854430377483368
3920,0.47373461723327637
3921,0.39248883724212646
3922,0.2070506513118744
3923,0.2377728372812271
3924,0.3471357822418213
3925,0.26357799768447876
3926,0.1863020658493042
3927,0.2666325569152832
3928,0.2956611216068268
3929,0.21752028167247772
3930,0.1934937834739685
3931,0.26794302463531494
3932,0.27266043424606323
3933,0.20222386717796326
3934,0.1993243247270584
3935,0.2484757900238037
3936,0.24512428045272827
3937,0.20139481127262115
3938,0.20243532955646515
3939,0.22264160215854645
3940,0.22121839225292206
3941,0.20643293857574463
3942,0.19470129907131195
3943,0.1954914629459381
3944,0.20111031830310822
3945,0.2009681910276413
3946,0.18704809248447418
3947,0.17948848009109497
3948,0.18985623121261597
3949,0.1935766190290451
3950,0.18101775646209717
3951,0.17273832857608795
3952,0.18083862960338593
3953,0.18625546991825104
3954,0.17764657735824585
3955,0.1714421659708023
3956,0.1760689616203308
3957,0.17922914028167725
3958,0.1744426041841507
3959,0.17144875228405
3960,0.1744135320186615
3961,0.17522835731506348
3962,0.17200295627117157
3963,0.17104440927505493
3964,0.1730899214744568
3965,0.17316994071006775
3966,0.17096275091171265
3967,0.1705319732427597
3968,0.17196756601333618
3969,0.17183814942836761
3970,0.17036321759223938
3971,0.17042148113250732
3972,0.1714019477367401
3973,0.17106090486049652
3974,0.1698199212551117
3975,0.16982167959213257
3976,0.1710583120584488
3977,0.17105069756507874
3978,0.169719859957695
3979,0.16911476850509644
3980,0.16997523605823517
3981,0.17092125117778778
3982,0.1702660769224167
3983,0.16902245581150055
3984,0.16883288323879242
3985,0.16969706118106842
3986,0.17037461698055267
3987,0.1696959137916565
3988,0.16859005391597748
3989,0.16840244829654694
3990,0.1691582053899765
3991,0.169742614030838
3992,0.16912615299224854
3993,0.16811147332191467
3994,0.1679159253835678
3995,0.1685675084590912
3996,0.16904425621032715
3997,0.16851870715618134
3998,0.16765637695789337
3999,0.16745251417160034
4000,0.16793124377727509
4001,0.1682799756526947
4002,0.16789722442626953
4003,0.16724427044391632
4004,0.16702929139137268
4005,0.1673019528388977
4006,0.16753073036670685
4007,0.16730880737304688
4008,0.1668672412633896
4009,0.16663843393325806
4010,0.16672073304653168
4011,0.16684377193450928
4012,0.16674578189849854
4013,0.16648560762405396
4014,0.1662786602973938
4015,0.1662316918373108
4016,0.16625641286373138
4017,0.1662134826183319
4018,0.16608254611492157
4019,0.16593118011951447
4020,0.16582702100276947
4021,0.16577266156673431
4022,0.16572245955467224
4023,0.16565442085266113
4024,0.16556605696678162
4025,0.16546794772148132
4026,0.16537608206272125
4027,0.16529308259487152
4028,0.16522693634033203
4029,0.16517113149166107
4030,0.16510432958602905
4031,0.16501982510089874
4032,0.16492174565792084
4033,0.16483257710933685
4034,0.16476821899414062
4035,0.16471581161022186
4036,0.16465610265731812
4037,0.16457384824752808
4038,0.16447781026363373
4039,0.16439186036586761
4040,0.16432635486125946
4041,0.16427497565746307
4042,0.164215087890625
4043,0.1641354262828827
4044,0.16404633224010468
4045,0.1639653593301773
4046,0.16390354931354523
4047,0.16384924948215485
4048,0.1637856513261795
4049,0.1637078821659088
4050,0.16362422704696655
4051,0.16355183720588684
4052,0.16349244117736816
4053,0.1634347140789032
4054,0.16336818039417267
4055,0.16328933835029602
4056,0.16321101784706116
4057,0.1631430983543396
4058,0.1630832850933075
4059,0.1630241870880127
4060,0.16295504570007324
4061,0.16287940740585327
4062,0.16280613839626312
4063,0.16273847222328186
4064,0.162675678730011
4065,0.16261161863803864
4066,0.16254426538944244
4067,0.16247595846652985
4068,0.1624080240726471
4069,0.16234135627746582
4070,0.16227562725543976
4071,0.1622103899717331
4072,0.16214554011821747
4073,0.16208086907863617
4074,0.16201624274253845
4075,0.16195088624954224
4076,0.16188590228557587
4077,0.16182149946689606
4078,0.16175749897956848
4079,0.16169373691082
4080,0.16162893176078796
4081,0.16156460344791412
4082,0.1615012288093567
4083,0.1614382565021515
4084,0.16137555241584778
4085,0.16131167113780975
4086,0.16124770045280457
4087,0.16118435561656952
4088,0.16112171113491058
4089,0.16105955839157104
4090,0.16099660098552704
4091,0.16093377768993378
4092,0.160871222615242
4093,0.16080883145332336
4094,0.16074687242507935
4095,0.1606847494840622
4096,0.1606234461069107
4097,0.1605623960494995
4098,0.1605021357536316
4099,0.16044238209724426
4100,0.16038161516189575
4101,0.1603204756975174
4102,0.16026026010513306
4103,0.16020122170448303
4104,0.1601441353559494
4105,0.16009144484996796
4106,0.16004735231399536
4107,0.1600165218114853
4108,0.16001011431217194
4109,0.16004997491836548
4110,0.16014894843101501
4111,0.16036410629749298
4112,0.16084709763526917
4113,0.16186270117759705
4114,0.16394895315170288
4115,0.167868509888649
4116,0.17551004886627197
4117,0.19142067432403564
4118,0.2243155837059021
4119,0.29257088899612427
4120,0.41708821058273315
4121,0.6454209089279175
4122,1.0335252285003662
4123,1.5625526905059814
4124,1.8513569831848145
4125,1.3792173862457275
4126,0.43049246072769165
4127,0.3333621025085449
4128,0.9378830194473267
4129,0.9542616009712219
4130,0.3613084554672241
4131,0.22726541757583618
4132,0.6645009517669678
4133,0.7788790464401245
4134,0.3421233892440796
4135,0.2131936401128769
4136,0.5505337715148926
4137,0.4649916887283325
4138,0.18854103982448578
4139,0.34859001636505127
4140,0.454789936542511
4141,0.24116599559783936
4142,0.20563173294067383
4143,0.36748361587524414
4144,0.30869725346565247
4145,0.17223496735095978
4146,0.2513931095600128
4147,0.29256582260131836
4148,0.18735206127166748
4149,0.20515108108520508
4150,0.2573452293872833
4151,0.1909233182668686
4152,0.17701247334480286
4153,0.23025134205818176
4154,0.20824408531188965
4155,0.16598615050315857
4156,0.20081216096878052
4157,0.2128785252571106
4158,0.17241249978542328
4159,0.17739225924015045
4160,0.20401450991630554
4161,0.18294760584831238
4162,0.1652219444513321
4163,0.18633027374744415
4164,0.18919086456298828
4165,0.16799207031726837
4166,0.16946107149124146
4167,0.18243913352489471
4168,0.17362353205680847
4169,0.1645667552947998
4170,0.1727018654346466
4171,0.1735173463821411
4172,0.16501331329345703
4173,0.1660904884338379
4174,0.17140214145183563
4175,0.16699334979057312
4176,0.16373617947101593
4177,0.16805213689804077
4178,0.16824910044670105
4179,0.16375692188739777
4180,0.16458681225776672
4181,0.16824567317962646
4182,0.16570506989955902
4183,0.1627204418182373
4184,0.16495062410831451
4185,0.16635286808013916
4186,0.16369958221912384
4187,0.1625419408082962
4188,0.16445671021938324
4189,0.16438321769237518
4190,0.16244804859161377
4191,0.1624329537153244
4192,0.16353675723075867
4193,0.16292299330234528
4194,0.1618366539478302
4195,0.16218078136444092
4196,0.16250263154506683
4197,0.16191385686397552
4198,0.1615370661020279
4199,0.16185620427131653
4200,0.16177983582019806
4201,0.16133077442646027
4202,0.16136081516742706
4203,0.1615329533815384
4204,0.1612943410873413
4205,0.16099923849105835
4206,0.16119146347045898
4207,0.16128134727478027
4208,0.16093753278255463
4209,0.16071999073028564
4210,0.1608949899673462
4211,0.16098234057426453
4212,0.16065767407417297
4213,0.16043950617313385
4214,0.1605513095855713
4215,0.1606011688709259
4216,0.16037167608737946
4217,0.1601596474647522
4218,0.16019999980926514
4219,0.1602291613817215
4220,0.16007046401500702
4221,0.15989427268505096
4222,0.1598670333623886
4223,0.1598782241344452
4224,0.1597726196050644
4225,0.15963265299797058
4226,0.1595691591501236
4227,0.1595483124256134
4228,0.15947948396205902
4229,0.15937216579914093
4230,0.15929748117923737
4231,0.15924955904483795
4232,0.1591893881559372
4233,0.15910957753658295
4234,0.15903738141059875
4235,0.15897858142852783
4236,0.15891477465629578
4237,0.15884612500667572
4238,0.15878087282180786
4239,0.1587206870317459
4240,0.15865638852119446
4241,0.1585903763771057
4242,0.15852859616279602
4243,0.15846815705299377
4244,0.15840494632720947
4245,0.15833956003189087
4246,0.15828055143356323
4247,0.15822243690490723
4248,0.1581583023071289
4249,0.1580921858549118
4250,0.15803095698356628
4251,0.15797747671604156
4252,0.15791833400726318
4253,0.1578505039215088
4254,0.15778455138206482
4255,0.15772761404514313
4256,0.1576758623123169
4257,0.15761467814445496
4258,0.15754590928554535
4259,0.15748168528079987
4260,0.15742696821689606
4261,0.15737508237361908
4262,0.157313272356987
4263,0.15724524855613708
4264,0.1571824848651886
4265,0.15712815523147583
4266,0.1570754051208496
4267,0.1570146232843399
4268,0.15694858133792877
4269,0.15688671171665192
4270,0.1568317860364914
4271,0.15677857398986816
4272,0.1567193567752838
4273,0.15665565431118011
4274,0.15659433603286743
4275,0.15653833746910095
4276,0.15648476779460907
4277,0.1564275473356247
4278,0.156366229057312
4279,0.15630558133125305
4280,0.15624834597110748
4281,0.15619412064552307
4282,0.15613846480846405
4283,0.15607969462871552
4284,0.1560201793909073
4285,0.1559622436761856
4286,0.15590724349021912
4287,0.15585258603096008
4288,0.15579603612422943
4289,0.15573787689208984
4290,0.15567994117736816
4291,0.15562406182289124
4292,0.15556952357292175
4293,0.15551449358463287
4294,0.1554582566022873
4295,0.15540093183517456
4296,0.1553446650505066
4297,0.15528987348079681
4298,0.15523558855056763
4299,0.15518070757389069
4300,0.15512455999851227
4301,0.1550685316324234
4302,0.15501344203948975
4303,0.15495933592319489
4304,0.1549052745103836
4305,0.15485025942325592
4306,0.15479514002799988
4307,0.15474022924900055
4308,0.15468615293502808
4309,0.1546323597431183
4310,0.1545780897140503
4311,0.15452389419078827
4312,0.15446998178958893
4313,0.15441645681858063
4314,0.15436342358589172
4315,0.1543106585741043
4316,0.15425918996334076
4317,0.15420973300933838
4318,0.15416407585144043
4319,0.15412569046020508
4320,0.15410064160823822
4321,0.15410330891609192
4322,0.1541631817817688
4323,0.1543412059545517
4324,0.15476679801940918
4325,0.1557060033082962
4326,0.15774524211883545
4327,0.16218824684619904
4328,0.171877920627594
4329,0.19312433898448944
4330,0.23899975419044495
4331,0.337832510471344
4332,0.5434448719024658
4333,0.9346228837966919
4334,1.5125066041946411
4335,1.930425763130188
4336,1.465656042098999
4337,0.43435636162757874
4338,0.3654211461544037
4339,1.0174827575683594
4340,0.8352797031402588
4341,0.21599993109703064
4342,0.37991905212402344
4343,0.8035972118377686
4344,0.536628007888794
4345,0.16772711277008057
4346,0.42652302980422974
4347,0.4993574619293213
4348,0.2001517117023468
4349,0.3210289180278778
4350,0.4185367524623871
4351,0.19537188112735748
4352,0.25028878450393677
4353,0.3669528365135193
4354,0.21310819685459137
4355,0.19909578561782837
4356,0.29603660106658936
4357,0.20312996208667755
4358,0.1864500641822815
4359,0.25932514667510986
4360,0.188748300075531
4361,0.18170146644115448
4362,0.23352040350437164
4363,0.18108023703098297
4364,0.17360642552375793
4365,0.2157028317451477
4366,0.1801876723766327
4367,0.165098175406456
4368,0.197867289185524
4369,0.176705464720726
4370,0.16339930891990662
4371,0.18588614463806152
4372,0.17244836688041687
4373,0.16064801812171936
4374,0.17781135439872742
4375,0.17097783088684082
4376,0.15979889035224915
4377,0.17145182192325592
4378,0.16902664303779602
4379,0.1591106504201889
4380,0.16716860234737396
4381,0.16804280877113342
4382,0.15910717844963074
4383,0.16341648995876312
4384,0.16576316952705383
4385,0.15919645130634308
4386,0.16048535704612732
4387,0.1635926514863968
4388,0.15923291444778442
4389,0.1586693823337555
4390,0.1614363044500351
4391,0.15898248553276062
4392,0.15790024399757385
4393,0.1599770337343216
4394,0.15872235596179962
4395,0.15727700293064117
4396,0.1590038239955902
4397,0.15865349769592285
4398,0.15700161457061768
4399,0.1578664481639862
4400,0.15829169750213623
4401,0.1569564938545227
4402,0.15704980492591858
4403,0.15773163735866547
4404,0.15687471628189087
4405,0.15649117529392242
4406,0.15698941051959991
4407,0.15669779479503632
4408,0.15620991587638855
4409,0.15647882223129272
4410,0.15642613172531128
4411,0.15599238872528076
4412,0.1560877412557602
4413,0.1561741828918457
4414,0.15583959221839905
4415,0.1557527631521225
4416,0.15592175722122192
4417,0.1557113230228424
4418,0.15548284351825714
4419,0.15557627379894257
4420,0.15555204451084137
4421,0.1553051918745041
4422,0.15524037182331085
4423,0.15529486536979675
4424,0.15515099465847015
4425,0.1550002098083496
4426,0.1549873799085617
4427,0.15494291484355927
4428,0.15481393039226532
4429,0.15474766492843628
4430,0.15471594035625458
4431,0.15462136268615723
4432,0.15453943610191345
4433,0.15449965000152588
4434,0.15443572402000427
4435,0.1543458253145218
4436,0.15429674088954926
4437,0.15424945950508118
4438,0.15416309237480164
4439,0.15408895909786224
4440,0.15404963493347168
4441,0.15399350225925446
4442,0.15390384197235107
4443,0.15383842587471008
4444,0.15379415452480316
4445,0.1537306010723114
4446,0.1536502093076706
4447,0.1535869687795639
4448,0.1535371094942093
4449,0.15347105264663696
4450,0.15339964628219604
4451,0.1533377468585968
4452,0.15328112244606018
4453,0.15321806073188782
4454,0.15315239131450653
4455,0.15309226512908936
4456,0.15303201973438263
4457,0.1529703438282013
4458,0.1529090404510498
4459,0.15284933149814606
4460,0.15278907120227814
4461,0.15272854268550873
4462,0.15266932547092438
4463,0.15260949730873108
4464,0.15254899859428406
4465,0.15248988568782806
4466,0.15243235230445862
4467,0.152372807264328
4468,0.15231184661388397
4469,0.15225282311439514
4470,0.15219616889953613
4471,0.15213854610919952
4472,0.15207752585411072
4473,0.15201793611049652
4474,0.15196101367473602
4475,0.15190450847148895
4476,0.15184569358825684
4477,0.15178555250167847
4478,0.15172787010669708
4479,0.15167173743247986
4480,0.15161453187465668
4481,0.15155592560768127
4482,0.15149736404418945
4483,0.15144072473049164
4484,0.15138453245162964
4485,0.15132743120193481
4486,0.15126970410346985
4487,0.15121236443519592
4488,0.15115609765052795
4489,0.15110015869140625
4490,0.15104363858699799
4491,0.1509866714477539
4492,0.15093019604682922
4493,0.15087437629699707
4494,0.1508186161518097
4495,0.15076293051242828
4496,0.1507067084312439
4497,0.1506507247686386
4498,0.15059523284435272
4499,0.1505400687456131
4500,0.1504848599433899
4501,0.15042957663536072
4502,0.15037399530410767
4503,0.1503189355134964
4504,0.15026415884494781
4505,0.15020950138568878
4506,0.15015482902526855
4507,0.15009978413581848
4508,0.15004496276378632
4509,0.14999069273471832
4510,0.14993661642074585
4511,0.149882510304451
4512,0.1498280167579651
4513,0.14977355301380157
4514,0.14971962571144104
4515,0.149665966629982
4516,0.1496123969554901
4517,0.14955845475196838
4518,0.1495043784379959
4519,0.14945068955421448
4520,0.14939741790294647
4521,0.14934444427490234
4522,0.14929111301898956
4523,0.14923742413520813
4524,0.14918404817581177
4525,0.14913101494312286
4526,0.1490783840417862
4527,0.14902567863464355
4528,0.14897260069847107
4529,0.14891938865184784
4530,0.14886659383773804
4531,0.1488143652677536
4532,0.14876215159893036
4533,0.14870961010456085
4534,0.14865684509277344
4535,0.14860418438911438
4536,0.1485520452260971
4537,0.14850027859210968
4538,0.14844828844070435
4539,0.14839611947536469
4540,0.14834369719028473
4541,0.1482916623353958
4542,0.14824016392230988
4543,0.14818857610225677
4544,0.14813706278800964
4545,0.14808517694473267
4546,0.14803333580493927
4547,0.1479819118976593
4548,0.14793068170547485
4549,0.1478797197341919
4550,0.14782865345478058
4551,0.14777788519859314
4552,0.1477276086807251
4553,0.1476782113313675
4554,0.14763027429580688
4555,0.1475844830274582
4556,0.14754228293895721
4557,0.14750798046588898
4558,0.14748898148536682
4559,0.147500142455101
4560,0.14755964279174805
4561,0.14771565794944763
4562,0.14808332920074463
4563,0.14888647198677063
4564,0.1505935788154602
4565,0.15386532247066498
4566,0.1604045331478119
4567,0.1744694858789444
4568,0.20448648929595947
4569,0.268836110830307
4570,0.3903895318508148
4571,0.6216881275177002
4572,1.0265878438949585
4573,1.5920040607452393
4574,1.8888115882873535
4575,1.345405101776123
4576,0.36620455980300903
4577,0.3983062207698822
4578,1.0332859754562378
4579,0.8812235593795776
4580,0.25697124004364014
4581,0.3058612644672394
4582,0.7854759693145752
4583,0.7164863348007202
4584,0.2300553321838379
4585,0.29494816064834595
4586,0.6003257632255554
4587,0.34555870294570923
4588,0.19087503850460052
4589,0.43327274918556213
4590,0.3830934762954712
4591,0.1718928962945938
4592,0.2729610800743103
4593,0.3718845248222351
4594,0.21754109859466553
4595,0.17862479388713837
4596,0.2890492081642151
4597,0.23054154217243195
4598,0.16393452882766724
4599,0.2399194836616516
4600,0.22231140732765198
4601,0.15661728382110596
4602,0.20301951467990875
4603,0.22349083423614502
4604,0.16543930768966675
4605,0.16873419284820557
4606,0.2087467908859253
4607,0.17775729298591614
4608,0.15664520859718323
4609,0.187594473361969
4610,0.1818847805261612
4611,0.15407419204711914
4612,0.16773830354213715
4613,0.180572047829628
4614,0.16057395935058594
4615,0.15501761436462402
4616,0.16910280287265778
4617,0.16418570280075073
4618,0.15288440883159637
4619,0.16032034158706665
4620,0.16293708980083466
4621,0.15329211950302124
4622,0.15444792807102203
4623,0.1603541523218155
4624,0.15567094087600708
4625,0.1515914499759674
4626,0.1568535715341568
4627,0.15712334215641022
4628,0.15162760019302368
4629,0.15271735191345215
4630,0.1560828685760498
4631,0.15313373506069183
4632,0.15058322250843048
4633,0.15322479605674744
4634,0.15366783738136292
4635,0.1508111208677292
4636,0.1507846564054489
4637,0.1524912267923355
4638,0.1514148712158203
4639,0.14998875558376312
4640,0.15088380873203278
4641,0.15115515887737274
4642,0.1499832570552826
4643,0.1498185098171234
4644,0.15053662657737732
4645,0.1500822752714157
4646,0.1494271606206894
4647,0.14983080327510834
4648,0.15000109374523163
4649,0.14939221739768982
4650,0.1492215394973755
4651,0.14970330893993378
4652,0.14953146874904633
4653,0.148954376578331
4654,0.14900918304920197
4655,0.14931371808052063
4656,0.14905990660190582
4657,0.14864850044250488
4658,0.14874204993247986
4659,0.14887858927249908
4660,0.1486228108406067
4661,0.1483737677335739
4662,0.14843972027301788
4663,0.14847402274608612
4664,0.14826160669326782
4665,0.14810863137245178
4666,0.14812888205051422
4667,0.14810407161712646
4668,0.1479531079530716
4669,0.14785051345825195
4670,0.14783541858196259
4671,0.14777342975139618
4672,0.14766578376293182
4673,0.14759616553783417
4674,0.14756165444850922
4675,0.14748722314834595
4676,0.14740024507045746
4677,0.1473507136106491
4678,0.14730246365070343
4679,0.14722450077533722
4680,0.1471458226442337
4681,0.14710602164268494
4682,0.14705777168273926
4683,0.14697325229644775
4684,0.14689461886882782
4685,0.14685089886188507
4686,0.14681103825569153
4687,0.14673195779323578
4688,0.14664721488952637
4689,0.1465943157672882
4690,0.14655369520187378
4691,0.14648929238319397
4692,0.1464058756828308
4693,0.14634183049201965
4694,0.14629636704921722
4695,0.14624030888080597
4696,0.14616668224334717
4697,0.14609640836715698
4698,0.1460431069135666
4699,0.14599081873893738
4700,0.145925834774971
4701,0.14585691690444946
4702,0.14579685032367706
4703,0.1457434892654419
4704,0.14568457007408142
4705,0.14561951160430908
4706,0.14555703103542328
4707,0.14550024271011353
4708,0.14544397592544556
4709,0.14538323879241943
4710,0.14532102644443512
4711,0.14526189863681793
4712,0.14520518481731415
4713,0.14514711499214172
4714,0.14508704841136932
4715,0.14502719044685364
4716,0.1449693888425827
4717,0.14491212368011475
4718,0.14485403895378113
4719,0.14479492604732513
4720,0.144736647605896
4721,0.14467915892601013
4722,0.14462193846702576
4723,0.1445641815662384
4724,0.14450623095035553
4725,0.1444483995437622
4726,0.1443914771080017
4727,0.1443343311548233
4728,0.14427711069583893
4729,0.1442200243473053
4730,0.14416269958019257
4731,0.14410606026649475
4732,0.14404931664466858
4733,0.1439928263425827
4734,0.14393611252307892
4735,0.1438794583082199
4736,0.14382299780845642
4737,0.14376676082611084
4738,0.14371055364608765
4739,0.14365442097187042
4740,0.1435980647802353
4741,0.14354218542575836
4742,0.14348633587360382
4743,0.14343047142028809
4744,0.14337478578090668
4745,0.14331898093223572
4746,0.14326335489749908
4747,0.1432078778743744
4748,0.1431524008512497
4749,0.1430971622467041
4750,0.1430416852235794
4751,0.142986461520195
4752,0.14293137192726135
4753,0.14287632703781128
4754,0.14282140135765076
4755,0.14276622235774994
4756,0.14271143078804016
4757,0.14265665411949158
4758,0.14260192215442657
4759,0.14254723489284515
4760,0.14249250292778015
4761,0.14243793487548828
4762,0.14238357543945312
4763,0.14232909679412842
4764,0.1422749161720276
4765,0.1422204077243805
4766,0.1421661525964737
4767,0.14211207628250122
4768,0.1420581191778183
4769,0.14200414717197418
4770,0.14194996654987335
4771,0.14189599454402924
4772,0.1418420970439911
4773,0.14178840816020966
4774,0.14173468947410583
4775,0.14168080687522888
4776,0.14162714779376984
4777,0.14157357811927795
4778,0.14152014255523682
4779,0.1414666771888733
4780,0.1414131075143814
4781,0.14135968685150146
4782,0.14130650460720062
4783,0.14125318825244904
4784,0.14120006561279297
4785,0.14114674925804138
4786,0.14109353721141815
4787,0.14104056358337402
4788,0.14098753035068512
4789,0.140934556722641
4790,0.1408814638853073
4791,0.14082859456539154
4792,0.14077572524547577
4793,0.14072294533252716
4794,0.1406702697277069
4795,0.14061740040779114
4796,0.14056473970413208
4797,0.14051207900047302
4798,0.1404595524072647
4799,0.14040705561637878
4800,0.14035436511039734
4801,0.1403019279241562
4802,0.14024952054023743
4803,0.14019723236560822
4804,0.14014488458633423
4805,0.14009243249893188
4806,0.14004023373126984
4807,0.13998806476593018
4808,0.13993600010871887
4809,0.13988403975963593
4810,0.13983221352100372
4811,0.13978077471256256
4812,0.13973000645637512
4813,0.13968032598495483
4814,0.1396327167749405
4815,0.13958853483200073
4816,0.13955187797546387
4817,0.13952995836734772
4818,0.13953734934329987
4819,0.13960467278957367
4820,0.13979275524616241
4821,0.14023301005363464
4822,0.14121024310588837
4823,0.1433343142271042
4824,0.14794018864631653
4825,0.1578185260295868
4826,0.17924660444259644
4827,0.2259492129087448
4828,0.3267096281051636
4829,0.5340350270271301
4830,0.9147751331329346
4831,1.4435182809829712
4832,1.7654197216033936
4833,1.2475557327270508
4834,0.3309735357761383
4835,0.37570053339004517
4836,0.9373989701271057
4837,0.7057915329933167
4838,0.181365966796875
4839,0.3733446002006531
4840,0.700690507888794
4841,0.40701180696487427
4842,0.15579476952552795
4843,0.41264599561691284
4844,0.40579670667648315
4845,0.1669940948486328
4846,0.31279924511909485
4847,0.3615833520889282
4848,0.1687598079442978
4849,0.2321072220802307
4850,0.3269786238670349
4851,0.18990767002105713
4852,0.1773620992898941
4853,0.2677209973335266
4854,0.1867745816707611
4855,0.16680580377578735
4856,0.23048260807991028
4857,0.17469678819179535
4858,0.1560390591621399
4859,0.20699098706245422
4860,0.17246375977993011
4861,0.14957255125045776
4862,0.1874123513698578
4863,0.16931654512882233
4864,0.14607544243335724
4865,0.17464399337768555
4866,0.16771239042282104
4867,0.14501655101776123
4868,0.16363385319709778
4869,0.16385149955749512
4870,0.14519456028938293
4871,0.15450410544872284
4872,0.15976671874523163
4873,0.14565926790237427
4874,0.14890864491462708
4875,0.1553361415863037
4876,0.14597006142139435
4877,0.14627912640571594
4878,0.15187962353229523
4879,0.14591075479984283
4880,0.14430174231529236
4881,0.1498035490512848
4882,0.1463811993598938
4883,0.14300531148910522
4884,0.14689788222312927
4885,0.1462421715259552
4886,0.14268939197063446
4887,0.14468736946582794
4888,0.14544223248958588
4889,0.1425420641899109
4890,0.14306242763996124
4891,0.14423944056034088
4892,0.14257965981960297
4893,0.14222490787506104
4894,0.14333462715148926
4895,0.14242221415042877
4896,0.14183716475963593
4897,0.14272771775722504
4898,0.1423027366399765
4899,0.14147639274597168
4900,0.1420632004737854
4901,0.14224602282047272
4902,0.14138516783714294
4903,0.14143815636634827
4904,0.14181390404701233
4905,0.14132781326770782
4906,0.14099779725074768
4907,0.14128918945789337
4908,0.14116410911083221
4909,0.14075399935245514
4910,0.14081425964832306
4911,0.14084464311599731
4912,0.14058756828308105
4913,0.14049853384494781
4914,0.14055828750133514
4915,0.14039692282676697
4916,0.14026479423046112
4917,0.14030708372592926
4918,0.14022044837474823
4919,0.1400490403175354
4920,0.14003682136535645
4921,0.14005158841609955
4922,0.13989360630512238
4923,0.13978086411952972
4924,0.13978911936283112
4925,0.13973018527030945
4926,0.13958777487277985
4927,0.1395205855369568
4928,0.13950537145137787
4929,0.1394105851650238
4930,0.13930387794971466
4931,0.13925111293792725
4932,0.13920152187347412
4933,0.1391153186559677
4934,0.13903802633285522
4935,0.13898321986198425
4936,0.13891305029392242
4937,0.1388397067785263
4938,0.13877850770950317
4939,0.13871675729751587
4940,0.13864435255527496
4941,0.13858121633529663
4942,0.138523668050766
4943,0.1384541392326355
4944,0.13838322460651398
4945,0.1383255124092102
4946,0.13826946914196014
4947,0.13819673657417297
4948,0.13812579214572906
4949,0.1380683332681656
4950,0.1380108892917633
4951,0.1379413604736328
4952,0.13787025213241577
4953,0.13781121373176575
4954,0.13775193691253662
4955,0.13768546283245087
4956,0.13761702179908752
4957,0.13755455613136292
4958,0.1374950259923935
4959,0.13743075728416443
4960,0.1373654007911682
4961,0.1373019516468048
4962,0.13724038004875183
4963,0.13717825710773468
4964,0.13711489737033844
4965,0.13705231249332428
4966,0.13699018955230713
4967,0.13692806661128998
4968,0.13686616718769073
4969,0.13680428266525269
4970,0.1367426961660385
4971,0.1366811990737915
4972,0.1366196572780609
4973,0.13655802607536316
4974,0.1364966481924057
4975,0.13643595576286316
4976,0.1363752782344818
4977,0.1363137662410736
4978,0.1362522840499878
4979,0.13619156181812286
4980,0.13613173365592957
4981,0.13607154786586761
4982,0.136010080575943
4983,0.13594882190227509
4984,0.13588891923427582
4985,0.13582968711853027
4986,0.13576959073543549
4987,0.13570819795131683
4988,0.13564753532409668
4989,0.13558833301067352
4990,0.13552933931350708
4991,0.13546937704086304
4992,0.1354084461927414
4993,0.13534840941429138
4994,0.1352895200252533
4995,0.13523082435131073
4996,0.13517116010189056
4997,0.1351107805967331
4998,0.13505110144615173
4999,0.13499261438846588
5000,0.13493409752845764
5001,0.1348748356103897
5002,0.13481497764587402
5003,0.13475565612316132
5004,0.13469727337360382
5005,0.13463915884494781
5006,0.13458044826984406
5007,0.13452096283435822
5008,0.134461909532547
5009,0.13440364599227905
5010,0.1343459039926529
5011,0.1342877298593521
5012,0.13422876596450806
5013,0.13416992127895355
5014,0.13411198556423187
5015,0.1340542584657669
5016,0.1339966207742691
5017,0.13393813371658325
5018,0.13387958705425262
5019,0.13382169604301453
5020,0.13376443088054657
5021,0.13370758295059204
5022,0.1336502730846405
5023,0.13359299302101135
5024,0.1335367113351822
5025,0.1334814876317978
5026,0.1334281712770462
5027,0.13337738811969757
5028,0.13333138823509216
5029,0.13329510390758514
5030,0.13327418267726898
5031,0.13328233361244202
5032,0.13334985077381134
5033,0.13353204727172852
5034,0.1339411586523056
5035,0.13470828533172607
5036,0.13619495928287506
5037,0.13926944136619568
5038,0.1456187516450882
5039,0.15868492424488068
5040,0.18326520919799805
5041,0.23076201975345612
5042,0.3287070393562317
5043,0.5181862115859985
5044,0.8615180253982544
5045,1.2835984230041504
5046,1.5699470043182373
5047,1.2673859596252441
5048,0.5100282430648804
5049,0.19347575306892395
5050,0.568193256855011
5051,0.7657926082611084
5052,0.4716032147407532
5053,0.1683562994003296
5054,0.24742048978805542
5055,0.4159080982208252
5056,0.3106697201728821
5057,0.1559097319841385
5058,0.21806903183460236
5059,0.3146493136882782
5060,0.20299389958381653
5061,0.15535208582878113
5062,0.26952600479125977
5063,0.2936069071292877
5064,0.1871873438358307
5065,0.15252643823623657
5066,0.27819928526878357
5067,0.29050740599632263
5068,0.16706809401512146
5069,0.16564224660396576
5070,0.2728213667869568
5071,0.26341086626052856
5072,0.15432646870613098
5073,0.16057124733924866
5074,0.23784440755844116
5075,0.23161597549915314
5076,0.1561630666255951
5077,0.1451280266046524
5078,0.1976054608821869
5079,0.1921420842409134
5080,0.146739199757576
5081,0.14048391580581665
5082,0.16726075112819672
5083,0.1669740080833435
5084,0.14164479076862335
5085,0.13755837082862854
5086,0.14691664278507233
5087,0.14623264968395233
5088,0.13731642067432404
5089,0.13731369376182556
5090,0.14052385091781616
5091,0.136927992105484
5092,0.1351621150970459
5093,0.1375349462032318
5094,0.1384158432483673
5095,0.1351647824048996
5096,0.13680724799633026
5097,0.1404024362564087
5098,0.13830849528312683
5099,0.13473324477672577
5100,0.13710352778434753
5101,0.1431172788143158
5102,0.14064306020736694
5103,0.1347019523382187
5104,0.13562826812267303
5105,0.1414976716041565
5106,0.14242298901081085
5107,0.13611966371536255
5108,0.13406014442443848
5109,0.13822270929813385
5110,0.14067377150058746
5111,0.13729839026927948
5112,0.13350120186805725
5113,0.13521301746368408
5114,0.13790267705917358
5115,0.1369829922914505
5116,0.1340068131685257
5117,0.13326257467269897
5118,0.1351335495710373
5119,0.13563965260982513
5120,0.13413168489933014
5121,0.13282835483551025
5122,0.13318753242492676
5123,0.13405635952949524
5124,0.13370510935783386
5125,0.13280422985553741
5126,0.1324271708726883
5127,0.13270977139472961
5128,0.1329180896282196
5129,0.13258102536201477
5130,0.1322048306465149
5131,0.13208135962486267
5132,0.13213872909545898
5133,0.13213390111923218
5134,0.13196657598018646
5135,0.13181674480438232
5136,0.13172531127929688
5137,0.13167259097099304
5138,0.1316242516040802
5139,0.13154685497283936
5140,0.1314714103937149
5141,0.13139773905277252
5142,0.1313156634569168
5143,0.1312449425458908
5144,0.1311858594417572
5145,0.13114109635353088
5146,0.13109859824180603
5147,0.13101279735565186
5148,0.1309126317501068
5149,0.13084106147289276
5150,0.1308138519525528
5151,0.13080213963985443
5152,0.1307210922241211
5153,0.13059552013874054
5154,0.13050349056720734
5155,0.13048163056373596
5156,0.1304919421672821
5157,0.13042336702346802
5158,0.13028541207313538
5159,0.13017192482948303
5160,0.13014079630374908
5161,0.1301608830690384
5162,0.130112424492836
5163,0.12997928261756897
5164,0.12984882295131683
5165,0.12979532778263092
5166,0.1298113465309143
5167,0.12978629767894745
5168,0.12967464327812195
5169,0.12953735888004303
5170,0.12945427000522614
5171,0.1294519305229187
5172,0.12944544851779938
5173,0.12936659157276154
5174,0.12923747301101685
5175,0.12912705540657043
5176,0.1290932595729828
5177,0.129091277718544
5178,0.12904657423496246
5179,0.12894241511821747
5180,0.12881802022457123
5181,0.1287483125925064
5182,0.12873293459415436
5183,0.12871061265468597
5184,0.1286398321390152
5185,0.12852083146572113
5186,0.12842319905757904
5187,0.1283813714981079
5188,0.12836116552352905
5189,0.12831759452819824
5190,0.12821972370147705
5191,0.12811370193958282
5192,0.12804774940013885
5193,0.12801283597946167
5194,0.12797778844833374
5195,0.12790164351463318
5196,0.12780503928661346
5197,0.1277298480272293
5198,0.12767884135246277
5199,0.12763673067092896
5200,0.1275712549686432
5201,0.12748907506465912
5202,0.12741756439208984
5203,0.12735947966575623
5204,0.1273082047700882
5205,0.12724383175373077
5206,0.1271710991859436
5207,0.12710623443126678
5208,0.12704870104789734
5209,0.12699386477470398
5210,0.1269283890724182
5211,0.12685935199260712
5212,0.12679831683635712
5213,0.12674276530742645
5214,0.126688152551651
5215,0.12662146985530853
5216,0.12655174732208252
5217,0.12649109959602356
5218,0.12643694877624512
5219,0.12638415396213531
5220,0.12631841003894806
5221,0.12624704837799072
5222,0.12618377804756165
5223,0.12612704932689667
5224,0.1260736733675003
5225,0.12601065635681152
5226,0.1259421706199646
5227,0.12587903439998627
5228,0.1258205622434616
5229,0.12576481699943542
5230,0.12570244073867798
5231,0.12563706934452057
5232,0.12557601928710938
5233,0.12551838159561157
5234,0.12546254694461823
5235,0.12540005147457123
5236,0.1253347396850586
5237,0.12527383863925934
5238,0.1252162605524063
5239,0.12516073882579803
5240,0.12509898841381073
5241,0.12503407895565033
5242,0.12497271597385406
5243,0.12491408735513687
5244,0.12485748529434204
5245,0.12479646503925323
5246,0.12473329156637192
5247,0.12467286735773087
5248,0.12461462616920471
5249,0.1245579645037651
5250,0.12449703365564346
5251,0.12443415075540543
5252,0.12437411397695541
5253,0.12431588023900986
5254,0.12425921857357025
5255,0.12419886142015457
5256,0.12413644045591354
5257,0.12407609820365906
5258,0.1240171566605568
5259,0.12395940721035004
5260,0.12389922887086868
5261,0.12383844703435898
5262,0.12377981841564178
5263,0.1237228587269783
5264,0.12366815656423569
5265,0.12360940128564835
5266,0.12354739010334015
5267,0.12348715960979462
5268,0.12342826277017593
5269,0.12337030470371246
5270,0.12331952899694443
5271,0.12328528612852097
5272,0.12327378243207932
5273,0.12330591678619385
5274,0.1234242394566536
5275,0.12363811582326889
5276,0.12404737621545792
5277,0.12496473640203476
5278,0.12693636119365692
5279,0.13111253082752228
5280,0.1394038051366806
5281,0.15630917251110077
5282,0.19265581667423248
5283,0.2691311538219452
5284,0.4285343885421753
5285,0.7018611431121826
5286,1.1287317276000977
5287,1.5702911615371704
5288,1.616015076637268
5289,0.850450873374939
5290,0.19821509718894958
5291,0.47452104091644287
5292,0.893886148929596
5293,0.6387090086936951
5294,0.1824871152639389
5295,0.25654733180999756
5296,0.5229055881500244
5297,0.4040002226829529
5298,0.15427012741565704
5299,0.25678011775016785
5300,0.3545313775539398
5301,0.190712571144104
5302,0.16025444865226746
5303,0.28466683626174927
5304,0.2623330354690552
5305,0.14095284044742584
5306,0.19972261786460876
5307,0.27540138363838196
5308,0.18207454681396484
5309,0.14109982550144196
5310,0.23091110587120056
5311,0.22723333537578583
5312,0.13679993152618408
5313,0.15961992740631104
5314,0.21649569272994995
5315,0.17967836558818817
5316,0.12854088842868805
5317,0.1555347740650177
5318,0.18168014287948608
5319,0.14600726962089539
5320,0.1297551840543747
5321,0.15020926296710968
5322,0.15078864991664886
5323,0.13035543262958527
5324,0.13160274922847748
5325,0.14180107414722443
5326,0.13323400914669037
5327,0.12654094398021698
5328,0.1331348419189453
5329,0.13554707169532776
5330,0.12741616368293762
5331,0.13019034266471863
5332,0.13666415214538574
5333,0.13116466999053955
5334,0.12568584084510803
5335,0.13182246685028076
5336,0.13759437203407288
5337,0.13000698387622833
5338,0.1252644807100296
5339,0.13107387721538544
5340,0.13404971361160278
5341,0.12820158898830414
5342,0.12488013505935669
5343,0.12921051681041718
5344,0.13023433089256287
5345,0.12631097435951233
5346,0.12458769232034683
5347,0.12670862674713135
5348,0.12716452777385712
5349,0.12485504150390625
5350,0.12427577376365662
5351,0.12498842924833298
5352,0.12482312321662903
5353,0.12395311892032623
5354,0.12391127645969391
5355,0.12412594258785248
5356,0.12375207990407944
5357,0.12356793135404587
5358,0.12366604804992676
5359,0.12359332293272018
5360,0.1232936829328537
5361,0.12356040626764297
5362,0.1237628385424614
5363,0.12332320958375931
5364,0.12294630706310272
5365,0.12327319383621216
5366,0.12379782646894455
5367,0.12334627658128738
5368,0.12269394844770432
5369,0.12281519919633865
5370,0.12331889569759369
5371,0.12324101477861404
5372,0.12254629284143448
5373,0.12237159162759781
5374,0.122719906270504
5375,0.12281588464975357
5376,0.12238754332065582
5377,0.12199483066797256
5378,0.12213259190320969
5379,0.12229924649000168
5380,0.12210183590650558
5381,0.1217460185289383
5382,0.12163127213716507
5383,0.12175643444061279
5384,0.12173059582710266
5385,0.1215149387717247
5386,0.12132060527801514
5387,0.12128164619207382
5388,0.12129785865545273
5389,0.12120632082223892
5390,0.1210639551281929
5391,0.12096011638641357
5392,0.12091145664453506
5393,0.1208634003996849
5394,0.12077254801988602
5395,0.12067822366952896
5396,0.12060095369815826
5397,0.12053769081830978
5398,0.12047336250543594
5399,0.12039647996425629
5400,0.12031927704811096
5401,0.12024600058794022
5402,0.12017577886581421
5403,0.12010858952999115
5404,0.12004031240940094
5405,0.11997193843126297
5406,0.11990287899971008
5407,0.11982966959476471
5408,0.11975766718387604
5409,0.11969014257192612
5410,0.11962660402059555
5411,0.1195635125041008
5412,0.11949107050895691
5413,0.11941558867692947
5414,0.11934635788202286
5415,0.11928504705429077
5416,0.11922531574964523
5417,0.11915364116430283
5418,0.11907577514648438
5419,0.11900480836629868
5420,0.11894486844539642
5421,0.11888810247182846
5422,0.11881858110427856
5423,0.11873997747898102
5424,0.11866675317287445
5425,0.11860539019107819
5426,0.11854967474937439
5427,0.1184832975268364
5428,0.11840642988681793
5429,0.11833185702562332
5430,0.11826801300048828
5431,0.11821208149194717
5432,0.11814938485622406
5433,0.1180758997797966
5434,0.11800086498260498
5435,0.1179334819316864
5436,0.11787550151348114
5437,0.11781574785709381
5438,0.11774701625108719
5439,0.11767323315143585
5440,0.11760271340608597
5441,0.11754144728183746
5442,0.11748292297124863
5443,0.11741887032985687
5444,0.11734819412231445
5445,0.1172763928771019
5446,0.11721117049455643
5447,0.11715163290500641
5448,0.1170908734202385
5449,0.11702457815408707
5450,0.11695347726345062
5451,0.11688525229692459
5452,0.11682316660881042
5453,0.11676307022571564
5454,0.1167004257440567
5455,0.11663194000720978
5456,0.11656314879655838
5457,0.116498664021492
5458,0.11643767356872559
5459,0.11637655645608902
5460,0.11631083488464355
5461,0.11624322831630707
5462,0.11617787182331085
5463,0.11611522734165192
5464,0.1160539835691452
5465,0.11599043756723404
5466,0.11592567712068558
5467,0.11586272716522217
5468,0.11580263823270798
5469,0.11574620753526688
5470,0.115693099796772
5471,0.115648552775383
5472,0.11562377959489822
5473,0.11563779413700104
5474,0.11572958528995514
5475,0.11597693711519241
5476,0.11654917895793915
5477,0.11781080067157745
5478,0.12053565680980682
5479,0.12640944123268127
5480,0.1388607770204544
5481,0.1655929535627365
5482,0.22296439111232758
5483,0.3443024456501007
5484,0.5834762454032898
5485,0.9911128282546997
5486,1.4570542573928833
5487,1.5476107597351074
5488,0.8419851064682007
5489,0.17994718253612518
5490,0.48215726017951965
5491,0.8867402076721191
5492,0.5490223169326782
5493,0.13798868656158447
5494,0.35815751552581787
5495,0.5960513353347778
5496,0.30375149846076965
5497,0.1453658789396286
5498,0.3848700523376465
5499,0.3306707441806793
5500,0.13317826390266418
5501,0.27498534321784973
5502,0.321654736995697
5503,0.15032744407653809
5504,0.18178974092006683
5505,0.2780039310455322
5506,0.1716403216123581
5507,0.14072029292583466
5508,0.22784125804901123
5509,0.17037349939346313
5510,0.12816813588142395
5511,0.18910236656665802
5512,0.1656370908021927
5513,0.12132805585861206
5514,0.16116902232170105
5515,0.1617417335510254
5516,0.12070264667272568
5517,0.14110106229782104
5518,0.1549885869026184
5519,0.12441293150186539
5520,0.1299135833978653
5521,0.1486133188009262
5522,0.1280081868171692
5523,0.12191180884838104
5524,0.13923247158527374
5525,0.13139896094799042
5526,0.11856278032064438
5527,0.1292571723461151
5528,0.13077878952026367
5529,0.11913704127073288
5530,0.12267925590276718
5531,0.1269555538892746
5532,0.11974606662988663
5533,0.11913206428289413
5534,0.12414277344942093
5535,0.12030946463346481
5536,0.11755602061748505
5537,0.12156274914741516
5538,0.12059774994850159
5539,0.1170734241604805
5540,0.11929932236671448
5541,0.12060858309268951
5542,0.11735234409570694
5543,0.11742480099201202
5544,0.1194407120347023
5545,0.11790359765291214
5546,0.11645424365997314
5547,0.11781615018844604
5548,0.11781328916549683
5549,0.11628730595111847
5550,0.11660785228013992
5551,0.11708661913871765
5552,0.11621540039777756
5553,0.11593196541070938
5554,0.116488017141819
5555,0.11611564457416534
5556,0.11559060215950012
5557,0.11591695994138718
5558,0.11592825502157211
5559,0.11540786921977997
5560,0.11541951447725296
5561,0.11571007966995239
5562,0.11534859985113144
5563,0.11501917243003845
5564,0.11521828919649124
5565,0.11524401605129242
5566,0.11486875265836716
5567,0.11473311483860016
5568,0.11487830430269241
5569,0.11473993211984634
5570,0.11448266357183456
5571,0.11444220691919327
5572,0.1144561842083931
5573,0.11430639028549194
5574,0.1141652837395668
5575,0.11414074152708054
5576,0.11406483501195908
5577,0.11394071578979492
5578,0.1138705387711525
5579,0.1138281598687172
5580,0.11372896283864975
5581,0.11363783478736877
5582,0.11359187960624695
5583,0.11351881921291351
5584,0.11341683566570282
5585,0.11334949731826782
5586,0.11331243813037872
5587,0.1132250502705574
5588,0.11311864107847214
5589,0.11305736750364304
5590,0.11301587522029877
5591,0.11293482780456543
5592,0.11283010244369507
5593,0.11276393383741379
5594,0.11271330714225769
5595,0.11263768374919891
5596,0.11254528164863586
5597,0.11247093975543976
5598,0.11241410672664642
5599,0.11234208941459656
5600,0.11225998401641846
5601,0.11218458414077759
5602,0.11211907118558884
5603,0.1120510995388031
5604,0.11197584122419357
5605,0.11190307885408401
5606,0.11183355003595352
5607,0.11176488548517227
5608,0.11169464141130447
5609,0.11162411421537399
5610,0.1115550547838211
5611,0.11148587614297867
5612,0.1114170029759407
5613,0.1113482117652893
5614,0.11127946525812149
5615,0.11121132969856262
5616,0.11114388704299927
5617,0.11107571423053741
5618,0.11100685596466064
5619,0.11093868315219879
5620,0.11087226867675781
5621,0.11080645769834518
5622,0.11073809862136841
5623,0.11066870391368866
5624,0.11060172319412231
5625,0.11053705960512161
5626,0.1104719415307045
5627,0.11040310561656952
5628,0.11033418774604797
5629,0.11026841402053833
5630,0.11020474880933762
5631,0.110139861702919
5632,0.11007121950387955
5633,0.11000287532806396
5634,0.1099381148815155
5635,0.10987520962953568
5636,0.10981065034866333
5637,0.10974253714084625
5638,0.1096748635172844
5639,0.10961061716079712
5640,0.1095481887459755
5641,0.10948432236909866
5642,0.10941719263792038
5643,0.1093500554561615
5644,0.10928589850664139
5645,0.1092238575220108
5646,0.10916092991828918
5647,0.10909483581781387
5648,0.10902824997901917
5649,0.10896408557891846
5650,0.10890214890241623
5651,0.10884017497301102
5652,0.1087755560874939
5653,0.10870963335037231
5654,0.10864516347646713
5655,0.10858304798603058
5656,0.10852198302745819
5657,0.10845886170864105
5658,0.10839380323886871
5659,0.10832925140857697
5660,0.10826664417982101
5661,0.1082058846950531
5662,0.10814434289932251
5663,0.10808076709508896
5664,0.10801646113395691
5665,0.10795310139656067
5666,0.1078919768333435
5667,0.1078314408659935
5668,0.1077696681022644
5669,0.10770640522241592
5670,0.10764282941818237
5671,0.10758095979690552
5672,0.10752043128013611
5673,0.1074598878622055
5674,0.10739835351705551
5675,0.10733553767204285
5676,0.1072731614112854
5677,0.10721203684806824
5678,0.10715168714523315
5679,0.10709134489297867
5680,0.10703004896640778
5681,0.10696829110383987
5682,0.10690684616565704
5683,0.1068461686372757
5684,0.10678588598966599
5685,0.1067255288362503
5686,0.10666502267122269
5687,0.1066044494509697
5688,0.10654406994581223
5689,0.10648395866155624
5690,0.10642401874065399
5691,0.10636444389820099
5692,0.10630524903535843
5693,0.10624682158231735
5694,0.10618946701288223
5695,0.10613419860601425
5696,0.10608280450105667
5697,0.10603891313076019
5698,0.10600941628217697
5699,0.10600817203521729
5700,0.10605067759752274
5701,0.10618121176958084
5702,0.10650857537984848
5703,0.10724299401044846
5704,0.10882672667503357
5705,0.11190125346183777
5706,0.11810605227947235
5707,0.1315489411354065
5708,0.16039633750915527
5709,0.22260913252830505
5710,0.3400445580482483
5711,0.5627375245094299
5712,0.9425719380378723
5713,1.4437212944030762
5714,1.6126937866210938
5715,1.0155823230743408
5716,0.22055160999298096
5717,0.412581205368042
5718,0.9440658092498779
5719,0.692217230796814
5720,0.16654445230960846
5721,0.29823148250579834
5722,0.6687558889389038
5723,0.4772229790687561
5724,0.1334804743528366
5725,0.33799266815185547
5726,0.48021817207336426
5727,0.1948051005601883
5728,0.1770024299621582
5729,0.38490742444992065
5730,0.2759854197502136
5731,0.1198698878288269
5732,0.23668134212493896
5733,0.2739602029323578
5734,0.13676881790161133
5735,0.1625988930463791
5736,0.2368253767490387
5737,0.15095847845077515
5738,0.12295998632907867
5739,0.19612497091293335
5740,0.1691872477531433
5741,0.11131758987903595
5742,0.1508622169494629
5743,0.16986599564552307
5744,0.12084099650382996
5745,0.12365677207708359
5746,0.15795284509658813
5747,0.13263338804244995
5748,0.11035922169685364
5749,0.13574615120887756
5750,0.13878871500492096
5751,0.11294475942850113
5752,0.11693902313709259
5753,0.1324331909418106
5754,0.11965625733137131
5755,0.11008535325527191
5756,0.12263400107622147
5757,0.12245173007249832
5758,0.10983400791883469
5759,0.11310332268476486
5760,0.1199679747223854
5761,0.11270532757043839
5762,0.1085360050201416
5763,0.11458850651979446
5764,0.11430834978818893
5765,0.10833202302455902
5766,0.11039331555366516
5767,0.11362052708864212
5768,0.1097535714507103
5769,0.1078021377325058
5770,0.11101017147302628
5771,0.11079783737659454
5772,0.10759782791137695
5773,0.10835770517587662
5774,0.11012540012598038
5775,0.10829053074121475
5776,0.10705376416444778
5777,0.10854844748973846
5778,0.10862358659505844
5779,0.10699918866157532
5780,0.10707125812768936
5781,0.10800039768218994
5782,0.10731744766235352
5783,0.10644011944532394
5784,0.10694342851638794
5785,0.10716535896062851
5786,0.10639168322086334
5787,0.10618502646684647
5788,0.1066228374838829
5789,0.10645557940006256
5790,0.1059032529592514
5791,0.10600092262029648
5792,0.10624086111783981
5793,0.10590152442455292
5794,0.10557248443365097
5795,0.10572632402181625
5796,0.10579884052276611
5797,0.10547242313623428
5798,0.10528494417667389
5799,0.105400450527668
5800,0.10535992681980133
5801,0.10509886592626572
5802,0.1049974337220192
5803,0.10505758225917816
5804,0.10497191548347473
5805,0.10477188974618912
5806,0.10471025854349136
5807,0.10472823679447174
5808,0.10462713986635208
5809,0.10447172075510025
5810,0.10441689193248749
5811,0.10440179705619812
5812,0.10430553555488586
5813,0.10418231040239334
5814,0.10412691533565521
5815,0.1040894091129303
5816,0.1039988100528717
5817,0.10389907658100128
5818,0.103841632604599
5819,0.10379277914762497
5820,0.1037077009677887
5821,0.10362011194229126
5822,0.10356331616640091
5823,0.10350774228572845
5824,0.10342814028263092
5825,0.10334572941064835
5826,0.10328789800405502
5827,0.10323192924261093
5828,0.10315510630607605
5829,0.10307525843381882
5830,0.10301277786493301
5831,0.10295771807432175
5832,0.1028871089220047
5833,0.10280872136354446
5834,0.10274204611778259
5835,0.10268451273441315
5836,0.10261990875005722
5837,0.10254570841789246
5838,0.10247611999511719
5839,0.10241564363241196
5840,0.1023535430431366
5841,0.10228444635868073
5842,0.1022149920463562
5843,0.10215167701244354
5844,0.10209039598703384
5845,0.1020248606801033
5846,0.10195714235305786
5847,0.1018923744559288
5848,0.10183076560497284
5849,0.10176774114370346
5850,0.10170181840658188
5851,0.10163691639900208
5852,0.10157480835914612
5853,0.10151297599077225
5854,0.10144931823015213
5855,0.10138458013534546
5856,0.10132193565368652
5857,0.10126075148582458
5858,0.1011987030506134
5859,0.10113536566495895
5860,0.10107205808162689
5861,0.10101081430912018
5862,0.10095008462667465
5863,0.10088828951120377
5864,0.10082568228244781
5865,0.10076360404491425
5866,0.10070313513278961
5867,0.10064291954040527
5868,0.10058162361383438
5869,0.10051986575126648
5870,0.10045870393514633
5871,0.10039883852005005
5872,0.10033907741308212
5873,0.10027860850095749
5874,0.10021766275167465
5875,0.10015714913606644
5876,0.10009778290987015
5877,0.100038543343544
5878,0.09997902065515518
5879,0.09991888701915741
5880,0.0998588502407074
5881,0.0997999757528305
5882,0.09974140673875809
5883,0.09968254715204239
5884,0.09962324798107147
5885,0.09956381469964981
5886,0.09950527548789978
5887,0.09944724291563034
5888,0.09938912093639374
5889,0.0993306115269661
5890,0.09927187860012054
5891,0.09921367466449738
5892,0.09915609657764435
5893,0.09909868240356445
5894,0.09904098510742188
5895,0.09898287057876587
5896,0.09892503917217255
5897,0.09886787086725235
5898,0.09881093353033066
5899,0.09875401109457016
5900,0.09869655221700668
5901,0.09863931685686111
5902,0.09858238697052002
5903,0.09852597117424011
5904,0.09846963733434677
5905,0.09841282665729523
5906,0.09835614264011383
5907,0.0982997715473175
5908,0.09824376553297043
5909,0.09818783402442932
5910,0.09813158214092255
5911,0.09807555377483368
5912,0.0980197936296463
5913,0.09796406328678131
5914,0.09790853410959244
5915,0.09785293787717819
5916,0.0977974385023117
5917,0.09774205833673477
5918,0.09768695384263992
5919,0.09763192385435104
5920,0.09757674485445023
5921,0.09752170741558075
5922,0.09746695309877396
5923,0.09741219133138657
5924,0.0973576009273529
5925,0.09730283915996552
5926,0.09724833071231842
5927,0.09719397127628326
5928,0.09713973850011826
5929,0.09708565473556519
5930,0.09703132510185242
5931,0.09697715938091278
5932,0.09692318737506866
5933,0.09686940908432007
5934,0.09681567549705505
5935,0.09676192700862885
5936,0.09670823812484741
5937,0.09665466845035553
5938,0.09660124778747559
5939,0.09654802083969116
5940,0.09649461507797241
5941,0.09644150733947754
5942,0.09638874232769012
5943,0.09633629769086838
5944,0.09628447145223618
5945,0.09623347222805023
5946,0.09618446975946426
5947,0.09613960236310959
5948,0.0961032435297966
5949,0.09608529508113861
5950,0.0961056649684906
5951,0.09621044248342514
5952,0.09650230407714844
5953,0.09721259772777557
5954,0.09887310862541199
5955,0.10265558212995529
5956,0.11134776473045349
5957,0.1314999908208847
5958,0.1782875508069992
5959,0.28471529483795166
5960,0.5135384202003479
5961,0.9403077960014343
5962,1.5154005289077759
5963,1.6785411834716797
5964,0.8811035752296448
5965,0.15805168449878693
5966,0.635567307472229
5967,0.9448434114456177
5968,0.3436163663864136
5969,0.16902880370616913
5970,0.6240412592887878
5971,0.5382102727890015
5972,0.1272628903388977
5973,0.31655704975128174
5974,0.4432597756385803
5975,0.14976045489311218
5976,0.2405693531036377
5977,0.3626783490180969
5978,0.1496373564004898
5979,0.17741921544075012
5980,0.2973041832447052
5981,0.14967624843120575
5982,0.14392760396003723
5983,0.23752188682556152
5984,0.1336798220872879
5985,0.13940568268299103
5986,0.1957063376903534
5987,0.11772686243057251
5988,0.12879154086112976
5989,0.17176976799964905
5990,0.11349359154701233
5991,0.11918564140796661
5992,0.1522059291601181
5993,0.11077676713466644
5994,0.11582523584365845
5995,0.13899339735507965
5996,0.10749585926532745
5997,0.11024747043848038
5998,0.12934722006320953
5999,0.10704006254673004
6000,0.10587242990732193
6001,0.11987827718257904
6002,0.10551159083843231
6003,0.10422144830226898
6004,0.11439891159534454
6005,0.10344161838293076
6006,0.10246960818767548
6007,0.11049530655145645
6008,0.10274328291416168
6009,0.10096707940101624
6010,0.10727359354496002
6011,0.1021619588136673
6012,0.09998460859060287
6013,0.10477600991725922
6014,0.10125041007995605
6015,0.0991421490907669
6016,0.10248152911663055
6017,0.10053826123476028
6018,0.0987737625837326
6019,0.10115189105272293
6020,0.09987540543079376
6021,0.09848098456859589
6022,0.10025855898857117
6023,0.09942205995321274
6024,0.09815345704555511
6025,0.0994597002863884
6026,0.09913910180330276
6027,0.09792644530534744
6028,0.0987563207745552
6029,0.0987100750207901
6030,0.09769852459430695
6031,0.09807243943214417
6032,0.09824486076831818
6033,0.09749943763017654
6034,0.09761220961809158
6035,0.09780411422252655
6036,0.09728899598121643
6037,0.09728879481554031
6038,0.09746413677930832
6039,0.09709617495536804
6040,0.09699035435914993
6041,0.09719579666852951
6042,0.09693185240030289
6043,0.09672579914331436
6044,0.09686557948589325
6045,0.0967545211315155
6046,0.0965125635266304
6047,0.09654796123504639
6048,0.09652604162693024
6049,0.09631790220737457
6050,0.09627003222703934
6051,0.09626168757677078
6052,0.09612427651882172
6053,0.09603899717330933
6054,0.09602875262498856
6055,0.09592758119106293
6056,0.09583377838134766
6057,0.09581158310174942
6058,0.09573379158973694
6059,0.0956316664814949
6060,0.09559623152017593
6061,0.09555180370807648
6062,0.09544626623392105
6063,0.09538130462169647
6064,0.09534546732902527
6065,0.09526719152927399
6066,0.09518174082040787
6067,0.09513325989246368
6068,0.09507708996534348
6069,0.09499581158161163
6070,0.0949324518442154
6071,0.09487790614366531
6072,0.09481053054332733
6073,0.09474364668130875
6074,0.09468720108270645
6075,0.09462472796440125
6076,0.09455917030572891
6077,0.09450183808803558
6078,0.09444250911474228
6079,0.09437768161296844
6080,0.09431798756122589
6081,0.09426327049732208
6082,0.09420058131217957
6083,0.0941367968916893
6084,0.09408034384250641
6085,0.09402403235435486
6086,0.09396164119243622
6087,0.09390014410018921
6088,0.0938447117805481
6089,0.09378688782453537
6090,0.0937257707118988
6091,0.09366640448570251
6092,0.09361011534929276
6093,0.09355280548334122
6094,0.09349390119314194
6095,0.09343615174293518
6096,0.09337925165891647
6097,0.09332225471735
6098,0.09326528757810593
6099,0.09320879727602005
6100,0.09315234422683716
6101,0.09309589862823486
6102,0.09304014593362808
6103,0.09298419952392578
6104,0.09292836487293243
6105,0.09287282824516296
6106,0.09281806647777557
6107,0.09276267141103745
6108,0.09270714968442917
6109,0.09265244752168655
6110,0.09259829670190811
6111,0.09254387021064758
6112,0.09248881042003632
6113,0.09243441373109818
6114,0.09238097071647644
6115,0.09232717752456665
6116,0.09227310121059418
6117,0.09221897274255753
6118,0.09216584265232086
6119,0.09211285412311554
6120,0.09205955266952515
6121,0.09200621396303177
6122,0.09195323288440704
6123,0.09190073609352112
6124,0.09184829890727997
6125,0.09179575741291046
6126,0.09174315631389618
6127,0.09169100224971771
6128,0.0916391983628273
6129,0.09158733487129211
6130,0.09153543412685394
6131,0.09148381650447845
6132,0.09143234044313431
6133,0.09138099104166031
6134,0.09132987260818481
6135,0.09127863496541977
6136,0.09122771769762039
6137,0.09117688238620758
6138,0.09112630039453506
6139,0.09107576310634613
6140,0.09102530032396317
6141,0.09097498655319214
6142,0.09092479944229126
6143,0.09087464958429337
6144,0.09082482010126114
6145,0.0907750129699707
6146,0.09072530269622803
6147,0.09067559987306595
6148,0.090626060962677
6149,0.09057687222957611
6150,0.09052757173776627
6151,0.09047852456569672
6152,0.09042942523956299
6153,0.0903804823756218
6154,0.09033169597387314
6155,0.09028303623199463
6156,0.0902346521615982
6157,0.09018606692552567
6158,0.09013757109642029
6159,0.09008938074111938
6160,0.09004125744104385
6161,0.08999335765838623
6162,0.08994534611701965
6163,0.08989744633436203
6164,0.08984962850809097
6165,0.08980213105678558
6166,0.08975468575954437
6167,0.08970728516578674
6168,0.08965989202260971
6169,0.08961263298988342
6170,0.08956553041934967
6171,0.08951875567436218
6172,0.08947211503982544
6173,0.08942557871341705
6174,0.08937942236661911
6175,0.08933360129594803
6176,0.08928890526294708
6177,0.08924554288387299
6178,0.08920478075742722
6179,0.08916909247636795
6180,0.08914121240377426
6181,0.08912891149520874
6182,0.08914940059185028
6183,0.08923538029193878
6184,0.08945376425981522
6185,0.08989205211400986
6186,0.09078150987625122
6187,0.09269580245018005
6188,0.09676532447338104
6189,0.10547561943531036
6190,0.12231042981147766
6191,0.15663456916809082
6192,0.2291768491268158
6193,0.3808686137199402
6194,0.6641594767570496
6195,1.0804167985916138
6196,1.3989185094833374
6197,1.2811607122421265
6198,0.5395879745483398
6199,0.13681814074516296
6200,0.48289868235588074
6201,0.6802634000778198
6202,0.39114463329315186
6203,0.11110836267471313
6204,0.24478602409362793
6205,0.38873544335365295
6206,0.21329376101493835
6207,0.1134222000837326
6208,0.24194274842739105
6209,0.2728303074836731
6210,0.12464051693677902
6211,0.1476026177406311
6212,0.2828059196472168
6213,0.24320535361766815
6214,0.11006973683834076
6215,0.14978905022144318
6216,0.2803507447242737
6217,0.19891682267189026
6218,0.09746665507555008
6219,0.1728222668170929
6220,0.24035942554473877
6221,0.1642877459526062
6222,0.09301398694515228
6223,0.1508588194847107
6224,0.18899407982826233
6225,0.13168834149837494
6226,0.09397535771131516
6227,0.13110396265983582
6228,0.1459948569536209
6229,0.10627836734056473
6230,0.0936080664396286
6231,0.11182798445224762
6232,0.11342060565948486
6233,0.09562578052282333
6234,0.09485463798046112
6235,0.10263467580080032
6236,0.09588413685560226
6237,0.09182508289813995
6238,0.09684079885482788
6239,0.09796580672264099
6240,0.09173579514026642
6241,0.095695361495018
6242,0.10147351026535034
6243,0.09605146944522858
6244,0.09107472002506256
6245,0.09752577543258667
6246,0.10403437167406082
6247,0.09603772312402725
6248,0.09074375033378601
6249,0.09686346352100372
6250,0.10130734741687775
6251,0.09574703127145767
6252,0.09043356031179428
6253,0.09466367959976196
6254,0.0973501056432724
6255,0.09356172382831573
6256,0.09021107852458954
6257,0.09196920692920685
6258,0.09392565488815308
6259,0.09180212765932083
6260,0.08999327570199966
6261,0.09030841290950775
6262,0.09097850322723389
6263,0.09042248874902725
6264,0.0896880105137825
6265,0.0897345095872879
6266,0.08966153860092163
6267,0.08950310945510864
6268,0.08944816887378693
6269,0.08945860713720322
6270,0.08930632472038269
6271,0.08939693123102188
6272,0.08952349424362183
6273,0.0893104076385498
6274,0.0890687108039856
6275,0.08926794677972794
6276,0.08979744464159012
6277,0.0895223543047905
6278,0.08889984339475632
6279,0.08890928328037262
6280,0.08950795233249664
6281,0.08973167836666107
6282,0.0889909490942955
6283,0.08855238556861877
6284,0.08893030881881714
6285,0.08937850594520569
6286,0.0891178771853447
6287,0.08842556923627853
6288,0.08837268501520157
6289,0.08876669406890869
6290,0.08885905891656876
6291,0.08844386041164398
6292,0.08805226534605026
6293,0.08818048238754272
6294,0.0883905291557312
6295,0.08827779442071915
6296,0.08794951438903809
6297,0.0877845361828804
6298,0.08789987117052078
6299,0.08795177191495895
6300,0.08780355751514435
6301,0.08760077506303787
6302,0.08753044158220291
6303,0.08758024126291275
6304,0.08755837380886078
6305,0.08743982017040253
6306,0.08731702715158463
6307,0.08726777136325836
6308,0.08726764470338821
6309,0.08722559362649918
6310,0.08714065700769424
6311,0.08705642819404602
6312,0.08700582385063171
6313,0.0869792029261589
6314,0.08693522214889526
6315,0.08687154203653336
6316,0.08680479228496552
6317,0.08675098419189453
6318,0.08671160787343979
6319,0.08666858822107315
6320,0.08661646395921707
6321,0.08655872941017151
6322,0.08650364726781845
6323,0.08645784854888916
6324,0.08641480654478073
6325,0.08636841922998428
6326,0.08631661534309387
6327,0.08626225590705872
6328,0.08621301501989365
6329,0.08616887032985687
6330,0.08612502366304398
6331,0.08607713133096695
6332,0.08602488040924072
6333,0.08597416430711746
6334,0.08592846989631653
6335,0.08588533848524094
6336,0.0858403891324997
6337,0.08579077571630478
6338,0.08574001491069794
6339,0.08569272607564926
6340,0.08564908802509308
6341,0.08560572564601898
6342,0.08555883914232254
6343,0.08550944924354553
6344,0.08546142280101776
6345,0.08541646599769592
6346,0.08537358790636063
6347,0.0853290781378746
6348,0.08528179675340652
6349,0.08523400127887726
6350,0.08518784493207932
6351,0.08514438569545746
6352,0.08510106056928635
6353,0.08505615592002869
6354,0.08500967174768448
6355,0.08496319502592087
6356,0.08491872996091843
6357,0.0848756954073906
6358,0.08483250439167023
6359,0.08478772640228271
6360,0.08474182337522507
6361,0.08469678461551666
6362,0.08465330302715302
6363,0.08461055904626846
6364,0.08456742018461227
6365,0.0845228061079979
6366,0.08447803556919098
6367,0.08443417400121689
6368,0.08439130336046219
6369,0.08434867113828659
6370,0.08430523425340652
6371,0.08426128327846527
6372,0.08421787619590759
6373,0.08417487144470215
6374,0.08413239568471909
6375,0.08408951759338379
6376,0.08404652029275894
6377,0.08400363475084305
6378,0.08396104723215103
6379,0.08391866832971573
6380,0.08387615531682968
6381,0.08383374661207199
6382,0.08379141241312027
6383,0.08374926447868347
6384,0.08370725065469742
6385,0.08366501331329346
6386,0.0836230143904686
6387,0.08358118683099747
6388,0.08353950083255768
6389,0.08349781483411789
6390,0.08345596492290497
6391,0.08341415971517563
6392,0.08337263762950897
6393,0.0833314061164856
6394,0.08329013735055923
6395,0.08324853330850601
6396,0.08320700377225876
6397,0.08316577225923538
6398,0.08312459290027618
6399,0.08308359980583191
6400,0.08304242789745331
6401,0.08300141990184784
6402,0.08296048641204834
6403,0.08291950821876526
6404,0.08287876844406128
6405,0.08283794671297073
6406,0.08279716968536377
6407,0.08275643736124039
6408,0.08271586894989014
6409,0.08267541229724884
6410,0.08263473957777023
6411,0.08259428292512894
6412,0.08255377411842346
6413,0.0825134813785553
6414,0.0824732854962349
6415,0.08243285119533539
6416,0.08239258825778961
6417,0.08235235512256622
6418,0.0823121890425682
6419,0.08227211982011795
6420,0.08223199099302292
6421,0.0821918398141861
6422,0.0821518525481224
6423,0.08211204409599304
6424,0.08207229524850845
6425,0.0820322334766388
6426,0.08199233561754227
6427,0.0819525420665741
6428,0.08191270381212234
6429,0.08187299966812134
6430,0.0818331241607666
6431,0.08179356902837753
6432,0.08175405114889145
6433,0.08171466737985611
6434,0.0816754400730133
6435,0.08163603395223618
6436,0.08159659057855606
6437,0.08155734837055206
6438,0.08151845633983612
6439,0.08147992938756943
6440,0.0814424529671669
6441,0.0814070999622345
6442,0.08137498050928116
6443,0.0813484787940979
6444,0.08133270591497421
6445,0.08133026957511902
6446,0.08135341107845306
6447,0.08143508434295654
6448,0.08163080364465714
6449,0.08205291628837585
6450,0.08284865319728851
6451,0.08440005779266357
6452,0.08759746700525284
6453,0.09421736001968384
6454,0.10785964131355286
6455,0.1335989087820053
6456,0.18308117985725403
6457,0.28468918800354004
6458,0.47551319003105164
6459,0.8055480122566223
6460,1.1466211080551147
6461,1.2516815662384033
6462,0.7855628728866577
6463,0.1979926973581314
6464,0.222657710313797
6465,0.5732547044754028
6466,0.529019296169281
6467,0.19861243665218353
6468,0.1106502041220665
6469,0.3116832375526428
6470,0.30823007225990295
6471,0.12182573974132538
6472,0.1522812396287918
6473,0.2751263976097107
6474,0.21539627015590668
6475,0.09254094958305359
6476,0.18942424654960632
6477,0.2945939898490906
6478,0.1863730549812317
6479,0.08954358100891113
6480,0.1891530156135559
6481,0.2661033868789673
6482,0.14792169630527496
6483,0.09065616130828857
6484,0.1837928742170334
6485,0.22299815714359283
6486,0.1343095898628235
6487,0.08642887324094772
6488,0.14930126070976257
6489,0.1670277714729309
6490,0.10874322056770325
6491,0.08731038123369217
6492,0.12478220462799072
6493,0.13066531717777252
6494,0.0937831699848175
6495,0.08706599473953247
6496,0.1037226989865303
6497,0.10133744776248932
6498,0.08591832220554352
6499,0.0885654017329216
6500,0.09436719864606857
6501,0.08661206066608429
6502,0.08418095111846924
6503,0.08988416939973831
6504,0.0901031419634819
6505,0.08370049297809601
6506,0.08787038922309875
6507,0.09340856969356537
6508,0.0877816304564476
6509,0.08311823010444641
6510,0.08935770392417908
6511,0.09514518827199936
6512,0.08796743303537369
6513,0.08302760869264603
6514,0.08835728466510773
6515,0.09233588725328445
6516,0.08734382688999176
6517,0.08272162824869156
6518,0.08644095063209534
6519,0.0888582095503807
6520,0.08558956533670425
6521,0.08253757655620575
6522,0.08400055021047592
6523,0.08585870265960693
6524,0.08404476940631866
6525,0.08228302001953125
6526,0.08257213979959488
6527,0.08332488685846329
6528,0.08282521367073059
6529,0.08200959861278534
6530,0.08204355090856552
6531,0.08207638561725616
6532,0.08190154284238815
6533,0.08175625652074814
6534,0.08177680522203445
6535,0.08167390525341034
6536,0.08162710070610046
6537,0.08171544224023819
6538,0.08164822310209274
6539,0.08146171271800995
6540,0.08146283030509949
6541,0.0818265751004219
6542,0.0817737802863121
6543,0.08133289217948914
6544,0.08120071887969971
6545,0.08158546686172485
6546,0.0818963274359703
6547,0.08143049478530884
6548,0.08096194267272949
6549,0.08112917840480804
6550,0.08156152069568634
6551,0.08151865005493164
6552,0.0809338316321373
6553,0.08072047680616379
6554,0.08101813495159149
6555,0.08123298734426498
6556,0.08096738904714584
6557,0.08053597062826157
6558,0.0805298313498497
6559,0.08075761795043945
6560,0.08076886832714081
6561,0.08048681914806366
6562,0.08024748414754868
6563,0.0803074985742569
6564,0.0804160088300705
6565,0.08033367991447449
6566,0.08012042194604874
6567,0.08000040054321289
6568,0.08004578948020935
6569,0.08007096499204636
6570,0.07997352629899979
6571,0.07982956618070602
6572,0.07976115494966507
6573,0.0797736719250679
6574,0.07975652813911438
6575,0.07967113703489304
6576,0.07957229018211365
6577,0.07952094823122025
6578,0.07950817793607712
6579,0.07947394251823425
6580,0.07940301299095154
6581,0.07932820171117783
6582,0.079280786216259
6583,0.07925281673669815
6584,0.07921282202005386
6585,0.07915247976779938
6586,0.0790901780128479
6587,0.07904320955276489
6588,0.07900705933570862
6589,0.0789647325873375
6590,0.07891087979078293
6591,0.07885517925024033
6592,0.07880786806344986
6593,0.07876741886138916
6594,0.07872434705495834
6595,0.07867418229579926
6596,0.07862231880426407
6597,0.07857513427734375
6598,0.07853236049413681
6599,0.07848870009183884
6600,0.07844073325395584
6601,0.07839111983776093
6602,0.07834426313638687
6603,0.07830006629228592
6604,0.07825598865747452
6605,0.07820924371480942
6606,0.07816128432750702
6607,0.07811480760574341
6608,0.07807017862796783
6609,0.07802578061819077
6610,0.07797961682081223
6611,0.07793260365724564
6612,0.07788675278425217
6613,0.07784194499254227
6614,0.07779741287231445
6615,0.0777515172958374
6616,0.07770531624555588
6617,0.07765982300043106
6618,0.07761505246162415
6619,0.07757040858268738
6620,0.07752485573291779
6621,0.0774792805314064
6622,0.07743416726589203
6623,0.07738982141017914
6624,0.0773455947637558
6625,0.07730095833539963
6626,0.07725674659013748
6627,0.07721405476331711
6628,0.07717344164848328
6629,0.07713597267866135
6630,0.0771038681268692
6631,0.07708299160003662
6632,0.07708413153886795
6633,0.07712756097316742
6634,0.07725339382886887
6635,0.07753736525774002
6636,0.07814086228609085
6637,0.07940590381622314
6638,0.08203312754631042
6639,0.08750514686107635
6640,0.09877776354551315
6641,0.12224278599023819
6642,0.17095890641212463
6643,0.27025213837623596
6644,0.458173930644989
6645,0.7636063694953918
6646,1.0941401720046997
6647,1.1472656726837158
6648,0.644752562046051
6649,0.13289447128772736
6650,0.28105029463768005
6651,0.6478933095932007
6652,0.5445810556411743
6653,0.16265419125556946
6654,0.13766935467720032
6655,0.37890395522117615
6656,0.32477307319641113
6657,0.1077837273478508
6658,0.17787107825279236
6659,0.29906246066093445
6660,0.17138317227363586
6661,0.09099438786506653
6662,0.20167326927185059
6663,0.21360482275485992
6664,0.09994420409202576
6665,0.11646030098199844
6666,0.1883302628993988
6667,0.12628501653671265
6668,0.08513209968805313
6669,0.1436357945203781
6670,0.14310479164123535
6671,0.08651482313871384
6672,0.09853392839431763
6673,0.13213028013706207
6674,0.10279896855354309
6675,0.08165767788887024
6676,0.10718611627817154
6677,0.10819114744663239
6678,0.08255592733621597
6679,0.08819480985403061
6680,0.10296553373336792
6681,0.08940800279378891
6682,0.0802159532904625
6683,0.09203257411718369
6684,0.09252739697694778
6685,0.08057422935962677
6686,0.08411938697099686
6687,0.09107458591461182
6688,0.08385922014713287
6689,0.07949743419885635
6690,0.0860842615365982
6691,0.08665143698453903
6692,0.07982826232910156
6693,0.0808621421456337
6694,0.08497314155101776
6695,0.0818374752998352
6696,0.07870423793792725
6697,0.08147867023944855
6698,0.08241710811853409
6699,0.07925757020711899
6700,0.0789603590965271
6701,0.08075014501810074
6702,0.07985875755548477
6703,0.07831057906150818
6704,0.07918409258127213
6705,0.07966789603233337
6706,0.07843612879514694
6707,0.07822069525718689
6708,0.07900524139404297
6709,0.07869512587785721
6710,0.07787351310253143
6711,0.07826530933380127
6712,0.07866509258747101
6713,0.07801683247089386
6714,0.07763585448265076
6715,0.07812102884054184
6716,0.07824720442295074
6717,0.07761695981025696
6718,0.07744342088699341
6719,0.07780478149652481
6720,0.07776188105344772
6721,0.07731110602617264
6722,0.07721453160047531
6723,0.0774412751197815
6724,0.07733963429927826
6725,0.07703698426485062
6726,0.07696694135665894
6727,0.0770590603351593
6728,0.07697891443967819
6729,0.07678791135549545
6730,0.0767371878027916
6731,0.07674096524715424
6732,0.07666461914777756
6733,0.07655693590641022
6734,0.07651619613170624
6735,0.07648566365242004
6736,0.07640618085861206
6737,0.0763390064239502
6738,0.0763048380613327
6739,0.0762607678771019
6740,0.07618515938520432
6741,0.07613248378038406
6742,0.07610359787940979
6743,0.07604984194040298
6744,0.0759759470820427
6745,0.0759243443608284
6746,0.07590249180793762
6747,0.07585301250219345
6748,0.07577423751354218
6749,0.07571522891521454
6750,0.07568901032209396
6751,0.07565586268901825
6752,0.07558281719684601
6753,0.07551109790802002
6754,0.07547221332788467
6755,0.07544500380754471
6756,0.07539336383342743
6757,0.07531829178333282
6758,0.07526175677776337
6759,0.07522854954004288
6760,0.07519166171550751
6761,0.07513289898633957
6762,0.0750654935836792
6763,0.07501714676618576
6764,0.07498130202293396
6765,0.07493838667869568
6766,0.07488048076629639
6767,0.07482001185417175
6768,0.07477366179227829
6769,0.07473474740982056
6770,0.07469010353088379
6771,0.07463562488555908
6772,0.0745793804526329
6773,0.07453258335590363
6774,0.07449140399694443
6775,0.07444731891155243
6776,0.07439637929201126
6777,0.07434255629777908
6778,0.07429463416337967
6779,0.0742521584033966
6780,0.07420922070741653
6781,0.07416140288114548
6782,0.07410945743322372
6783,0.07406056672334671
6784,0.07401668280363083
6785,0.07397457957267761
6786,0.07392959296703339
6787,0.07387986779212952
6788,0.07383030652999878
6789,0.07378493249416351
6790,0.07374292612075806
6791,0.07370029389858246
6792,0.07365328073501587
6793,0.0736040323972702
6794,0.0735570639371872
6795,0.07351404428482056
6796,0.07347290217876434
6797,0.07342866063117981
6798,0.07338107377290726
6799,0.07333321124315262
6800,0.07328842580318451
6801,0.07324709743261337
6802,0.07320556044578552
6803,0.07316066324710846
6804,0.07311344891786575
6805,0.07306689023971558
6806,0.07302384823560715
6807,0.07298292964696884
6808,0.07294093072414398
6809,0.07289636880159378
6810,0.07284995168447495
6811,0.0728047639131546
6812,0.07276245951652527
6813,0.0727214515209198
6814,0.07267951965332031
6815,0.07263541966676712
6816,0.07259034365415573
6817,0.07254648953676224
6818,0.07250431925058365
6819,0.0724630281329155
6820,0.07242093980312347
6821,0.07237793505191803
6822,0.07233472168445587
6823,0.07229192554950714
6824,0.07224971801042557
6825,0.07220800220966339
6826,0.07216618210077286
6827,0.0721244066953659
6828,0.0720825269818306
6829,0.07204082608222961
6830,0.07199909538030624
6831,0.07195767760276794
6832,0.07191627472639084
6833,0.07187507301568985
6834,0.07183399796485901
6835,0.07179281860589981
6836,0.07175198197364807
6837,0.07171132415533066
6838,0.07167060673236847
6839,0.07162998616695404
6840,0.07158927619457245
6841,0.07154868543148041
6842,0.07150832563638687
6843,0.07146812230348587
6844,0.07142822444438934
6845,0.07138843089342117
6846,0.07134869694709778
6847,0.07130955904722214
6848,0.0712711438536644
6849,0.07123415172100067
6850,0.0711996853351593
6851,0.07117045670747757
6852,0.07115157693624496
6853,0.07115335762500763
6854,0.07119785249233246
6855,0.07131312042474747
6856,0.07157635688781738
6857,0.07218128442764282
6858,0.07352583855390549
6859,0.07647890597581863
6860,0.08242908120155334
6861,0.09488528221845627
6862,0.12282884120941162
6863,0.18420098721981049
6864,0.318392813205719
6865,0.5614126920700073
6866,0.9680319428443909
6867,1.4158183336257935
6868,1.5052504539489746
6869,0.7509870529174805
6870,0.1343509405851364
6871,0.4605291485786438
6872,0.8337541818618774
6873,0.5116609930992126
6874,0.10007216036319733
6875,0.2667948305606842
6876,0.4708147644996643
6877,0.24542036652565002
6878,0.10735449194908142
6879,0.29638123512268066
6880,0.26763907074928284
6881,0.09379033744335175
6882,0.16604769229888916
6883,0.26557451486587524
6884,0.16062071919441223
6885,0.08611831814050674
6886,0.2109043151140213
6887,0.209901362657547
6888,0.08883344382047653
6889,0.12836365401744843
6890,0.20783361792564392
6891,0.14037586748600006
6892,0.07634841650724411
6893,0.13525623083114624
6894,0.1585879623889923
6895,0.09788436442613602
6896,0.08270358294248581
6897,0.12418848276138306
6898,0.11494077742099762
6899,0.07730615884065628
6900,0.08817682415246964
6901,0.10277768224477768
6902,0.08569346368312836
6903,0.0760054960846901
6904,0.08982901275157928
6905,0.0862826257944107
6906,0.07491353899240494
6907,0.0828082412481308
6908,0.08702605962753296
6909,0.07748747617006302
6910,0.07690694183111191
6911,0.08866112679243088
6912,0.0844758003950119
6913,0.07444056868553162
6914,0.079737588763237
6915,0.08626707643270493
6916,0.0793011337518692
6917,0.0740688294172287
6918,0.08038017898797989
6919,0.08134116977453232
6920,0.07536710053682327
6921,0.0742039754986763
6922,0.07764244079589844
6923,0.07672228664159775
6924,0.07360413670539856
6925,0.0742851123213768
6926,0.07489358633756638
6927,0.07378151267766953
6928,0.07331330329179764
6929,0.07404293119907379
6930,0.07353886216878891
6931,0.07307907193899155
6932,0.07378119230270386
6933,0.07373693585395813
6934,0.07295449823141098
6935,0.07318474352359772
6936,0.07435986399650574
6937,0.07377439737319946
6938,0.07264329493045807
6939,0.0730639100074768
6940,0.07402592897415161
6941,0.07360526919364929
6942,0.07246141880750656
6943,0.0727340430021286
6944,0.07337867468595505
6945,0.07304956763982773
6946,0.07228141278028488
6947,0.07224807143211365
6948,0.07268528640270233
6949,0.07248182594776154
6950,0.0720338299870491
6951,0.0719156265258789
6952,0.07204600423574448
6953,0.07200141251087189
6954,0.07177489995956421
6955,0.0716862753033638
6956,0.07165621221065521
6957,0.0716063529253006
6958,0.07153519243001938
6959,0.07148133963346481
6960,0.07142793387174606
6961,0.07138229161500931
6962,0.07134602963924408
6963,0.07128916680812836
6964,0.07122558355331421
6965,0.07119718194007874
6966,0.07121840119361877
6967,0.07115348428487778
6968,0.07103728502988815
6969,0.07098947465419769
6970,0.07102648913860321
6971,0.07103312760591507
6972,0.07089744508266449
6973,0.07078448683023453
6974,0.07079028338193893
6975,0.07082762569189072
6976,0.07076840847730637
6977,0.07062027603387833
6978,0.07055780291557312
6979,0.07058041542768478
6980,0.07057385891675949
6981,0.0704798698425293
6982,0.07036706805229187
6983,0.07033911347389221
6984,0.07034343481063843
6985,0.07030168920755386
6986,0.0702114999294281
6987,0.07013538479804993
6988,0.07011452317237854
6989,0.07009611278772354
6990,0.07004280388355255
6991,0.06996899098157883
6992,0.06991325318813324
6993,0.06988685578107834
6994,0.06985508650541306
6995,0.0698026791214943
6996,0.069742850959301
6997,0.06969527900218964
6998,0.06966255605220795
6999,0.06962519139051437
7000,0.06957698613405228
7001,0.06952560693025589
7002,0.06948111951351166
7003,0.06944422423839569
7004,0.06940534710884094
7005,0.06936085969209671
7006,0.06931421160697937
7007,0.0692707747220993
7008,0.06923194229602814
7009,0.06919284909963608
7010,0.06915092468261719
7011,0.06910722702741623
7012,0.06906481087207794
7013,0.06902509182691574
7014,0.06898612529039383
7015,0.06894583255052567
7016,0.06890419125556946
7017,0.06886269897222519
7018,0.06882285326719284
7019,0.06878402084112167
7020,0.06874479353427887
7021,0.06870470941066742
7022,0.06866416335105896
7023,0.0686245709657669
7024,0.06858590245246887
7025,0.06854748725891113
7026,0.06850846111774445
7027,0.06846898049116135
7028,0.06842999905347824
7029,0.06839160621166229
7030,0.068353570997715
7031,0.06831543147563934
7032,0.06827706098556519
7033,0.06823872774839401
7034,0.06820081174373627
7035,0.06816317141056061
7036,0.06812570989131927
7037,0.06808820366859436
7038,0.06805060803890228
7039,0.06801321357488632
7040,0.06797604262828827
7041,0.06793907284736633
7042,0.06790225207805634
7043,0.06786549836397171
7044,0.06782878935337067
7045,0.06779205799102783
7046,0.06775566190481186
7047,0.06771943718194962
7048,0.06768320500850677
7049,0.06764709949493408
7050,0.06761101633310318
7051,0.0675751119852066
7052,0.06753940880298615
7053,0.06750378757715225
7054,0.06746821850538254
7055,0.06743266433477402
7056,0.06739740073680878
7057,0.06736216694116592
7058,0.06732703745365143
7059,0.06729207187891006
7060,0.06725703179836273
7061,0.06722225248813629
7062,0.0671875923871994
7063,0.06715303659439087
7064,0.06711859256029129
7065,0.06708406656980515
7066,0.06704981625080109
7067,0.0670156180858612
7068,0.06698150932788849
7069,0.06694762408733368
7070,0.06691358238458633
7071,0.06687986105680466
7072,0.06684616208076477
7073,0.06681272387504578
7074,0.06677936762571335
7075,0.06674633920192719
7076,0.06671373546123505
7077,0.06668230146169662
7078,0.06665285676717758
7079,0.06662790477275848
7080,0.06661247462034225
7081,0.06661882251501083
7082,0.06667491048574448
7083,0.06684611737728119
7084,0.06728683412075043
7085,0.0683516338467598
7086,0.07090886682271957
7087,0.07709311693906784
7088,0.09211063385009766
7089,0.12855921685695648
7090,0.2152329534292221
7091,0.41380491852760315
7092,0.8267602920532227
7093,1.4575583934783936
7094,1.828129768371582
7095,1.0732594728469849
7096,0.16127076745033264
7097,0.6176160573959351
7098,1.0525506734848022
7099,0.41430357098579407
7100,0.12460984289646149
7101,0.6330323815345764
7102,0.5758033990859985
7103,0.10611828416585922
7104,0.35728690028190613
7105,0.44528907537460327
7106,0.10586149990558624
7107,0.2830086350440979
7108,0.34548771381378174
7109,0.0953536257147789
7110,0.21714824438095093
7111,0.26221147179603577
7112,0.08553653210401535
7113,0.19370779395103455
7114,0.19180536270141602
7115,0.07851779460906982
7116,0.17614971101284027
7117,0.14525941014289856
7118,0.07616295665502548
7119,0.153340145945549
7120,0.12160947918891907
7121,0.07650118321180344
7122,0.13462835550308228
7123,0.10333529859781265
7124,0.07810524851083755
7125,0.11923663318157196
7126,0.09078604727983475
7127,0.07837777584791183
7128,0.10813823342323303
7129,0.08446571230888367
7130,0.07763813436031342
7131,0.0983555018901825
7132,0.07890837639570236
7133,0.07726582139730453
7134,0.09045714884996414
7135,0.0751325711607933
7136,0.0766562670469284
7137,0.08529189229011536
7138,0.07327082753181458
7139,0.07548157870769501
7140,0.08078348636627197
7141,0.0719381794333458
7142,0.0748758614063263
7143,0.07757557183504105
7144,0.07122526317834854
7145,0.07432663440704346
7146,0.07557827234268188
7147,0.07084343582391739
7148,0.07340174913406372
7149,0.07385224103927612
7150,0.07058703154325485
7151,0.07267426699399948
7152,0.07260998338460922
7153,0.07034473866224289
7154,0.07200021296739578
7155,0.07176434993743896
7156,0.07007431983947754
7157,0.07128675282001495
7158,0.07108667492866516
7159,0.06988716125488281
7160,0.07076592743396759
7161,0.0705919861793518
7162,0.06969604641199112
7163,0.07032281160354614
7164,0.07021038234233856
7165,0.06949862092733383
7166,0.0699126273393631
7167,0.06988856941461563
7168,0.06934355199337006
7169,0.06959407031536102
7170,0.0695987194776535
7171,0.06917062401771545
7172,0.0693075954914093
7173,0.0693412497639656
7174,0.06900044530630112
7175,0.06904887408018112
7176,0.06910853832960129
7177,0.06884744763374329
7178,0.06882666796445847
7179,0.06888066232204437
7180,0.06868790835142136
7181,0.06862562149763107
7182,0.06867042183876038
7183,0.06853330880403519
7184,0.06844627112150192
7185,0.06847357004880905
7186,0.06838032603263855
7187,0.06828209012746811
7188,0.06828564405441284
7189,0.06822515279054642
7190,0.06812901794910431
7191,0.06811206787824631
7192,0.06807085871696472
7193,0.06798229366540909
7194,0.06794601678848267
7195,0.06791552156209946
7196,0.06783930957317352
7197,0.06778788566589355
7198,0.06776043772697449
7199,0.06769970804452896
7200,0.06764047592878342
7201,0.06760744750499725
7202,0.0675593912601471
7203,0.06750001758337021
7204,0.0674600824713707
7205,0.06741868704557419
7206,0.06736359000205994
7207,0.06731835752725601
7208,0.0672798603773117
7209,0.06723028421401978
7210,0.06718134880065918
7211,0.06714221835136414
7212,0.06709817051887512
7213,0.06704926490783691
7214,0.06700710952281952
7215,0.06696643680334091
7216,0.06692028045654297
7217,0.06687582284212112
7218,0.06683563441038132
7219,0.06679284572601318
7220,0.06674803793430328
7221,0.06670684367418289
7222,0.06666639447212219
7223,0.06662345677614212
7224,0.06658119708299637
7225,0.06654107570648193
7226,0.06650018692016602
7227,0.06645837426185608
7228,0.06641803681850433
7229,0.06637847423553467
7230,0.06633752584457397
7231,0.06629721820354462
7232,0.06625808030366898
7233,0.06621871888637543
7234,0.06617876887321472
7235,0.06613939255475998
7236,0.06610086560249329
7237,0.0660620778799057
7238,0.06602304428815842
7239,0.0659848004579544
7240,0.06594673544168472
7241,0.06590835005044937
7242,0.06587041914463043
7243,0.06583277136087418
7244,0.06579545885324478
7245,0.06575783342123032
7246,0.0657203420996666
7247,0.06568346917629242
7248,0.065646693110466
7249,0.06560997664928436
7250,0.06557321548461914
7251,0.06553681194782257
7252,0.06550068408250809
7253,0.06546450406312943
7254,0.06542864441871643
7255,0.0653928741812706
7256,0.06535708904266357
7257,0.06532177329063416
7258,0.06528639793395996
7259,0.06525129079818726
7260,0.06521625071763992
7261,0.06518122553825378
7262,0.06514647603034973
7263,0.06511195003986359
7264,0.06507755070924759
7265,0.06504317373037338
7266,0.06500884890556335
7267,0.06497495621442795
7268,0.06494102627038956
7269,0.0649072527885437
7270,0.06487356871366501
7271,0.06484004110097885
7272,0.06480669230222702
7273,0.06477347016334534
7274,0.06474034488201141
7275,0.06470726430416107
7276,0.06467441469430923
7277,0.06464165449142456
7278,0.06460898369550705
7279,0.06457655131816864
7280,0.06454405933618546
7281,0.06451176106929779
7282,0.06447959691286087
7283,0.06444760411977768
7284,0.06441568583250046
7285,0.06438381224870682
7286,0.06435217708349228
7287,0.06432060152292252
7288,0.0642891675233841
7289,0.06425781548023224
7290,0.06422652304172516
7291,0.06419534981250763
7292,0.06416437029838562
7293,0.06413349509239197
7294,0.0641026496887207
7295,0.064071886241436
7296,0.06404119729995728
7297,0.06401076167821884
7298,0.06398037075996399
7299,0.06395002454519272
7300,0.0639197900891304
7301,0.06388973444700241
7302,0.06385974586009979
7303,0.06382989883422852
7304,0.06380008906126022
7305,0.06377033144235611
7306,0.06374069303274155
7307,0.06371121853590012
7308,0.06368177384138107
7309,0.06365243345499039
7310,0.06362312287092209
7311,0.06359397619962692
7312,0.06356491148471832
7313,0.06353597342967987
7314,0.06350716203451157
7315,0.0634782537817955
7316,0.06344957649707794
7317,0.06342091411352158
7318,0.06339241564273834
7319,0.06336408108472824
7320,0.06333567202091217
7321,0.06330735236406326
7322,0.0632791817188263
7323,0.06325113773345947
7324,0.06322319805622101
7325,0.06319551914930344
7326,0.0631682276725769
7327,0.06314148008823395
7328,0.06311593949794769
7329,0.06309270858764648
7330,0.063072569668293
7331,0.06305917352437973
7332,0.06306124478578568
7333,0.06309609860181808
7334,0.06320196390151978
7335,0.06343840062618256
7336,0.06396032124757767
7337,0.06514939665794373
7338,0.0678456500172615
7339,0.0739341750741005
7340,0.08659034967422485
7341,0.1137087494134903
7342,0.17592883110046387
7343,0.31072667241096497
7344,0.5917088985443115
7345,1.000909447669983
7346,1.3989839553833008
7347,1.220898985862732
7348,0.4637369215488434
7349,0.1270890086889267
7350,0.5522195100784302
7351,0.6662188768386841
7352,0.25894778966903687
7353,0.09077625721693039
7354,0.3517054319381714
7355,0.36517804861068726
7356,0.11657214164733887
7357,0.15884415805339813
7358,0.31519007682800293
7359,0.2128245234489441
7360,0.0756906196475029
7361,0.23471924662590027
7362,0.32831043004989624
7363,0.1495666205883026
7364,0.08555320650339127
7365,0.24075940251350403
7366,0.23995666205883026
7367,0.08439377695322037
7368,0.12064235657453537
7369,0.21677008271217346
7370,0.1562192589044571
7371,0.06901874393224716
7372,0.11451724171638489
7373,0.1584441065788269
7374,0.09555764496326447
7375,0.07101746648550034
7376,0.1039143055677414
7377,0.09965849667787552
7378,0.06944013386964798
7379,0.07889358699321747
7380,0.08874677121639252
7381,0.07064159214496613
7382,0.07085505872964859
7383,0.08258567750453949
7384,0.07516272366046906
7385,0.06707412004470825
7386,0.0838879868388176
7387,0.08491034805774689
7388,0.06836464256048203
7389,0.07110580801963806
7390,0.08515918254852295
7391,0.07927700877189636
7392,0.06622297316789627
7393,0.07399976998567581
7394,0.07923734188079834
7395,0.07063755393028259
7396,0.0659736692905426
7397,0.07138396054506302
7398,0.07202097028493881
7399,0.06633944809436798
7400,0.06623075902462006
7401,0.06749124079942703
7402,0.06631843000650406
7403,0.06538871675729752
7404,0.06635168194770813
7405,0.06577285379171371
7406,0.06536737084388733
7407,0.06639491766691208
7408,0.06606320291757584
7409,0.06506166607141495
7410,0.06595412641763687
7411,0.06779424101114273
7412,0.06628583371639252
7413,0.06481916457414627
7414,0.06608156114816666
7415,0.06738627701997757
7416,0.06619832664728165
7417,0.0646260678768158
7418,0.06562633812427521
7419,0.06633730232715607
7420,0.06544531881809235
7421,0.0644758939743042
7422,0.06474651396274567
7423,0.06526494771242142
7424,0.06474442034959793
7425,0.06427434086799622
7426,0.06422924995422363
7427,0.06432195752859116
7428,0.06423279643058777
7429,0.06406578421592712
7430,0.06401050835847855
7431,0.06396862864494324
7432,0.06394136697053909
7433,0.0638965368270874
7434,0.06384160369634628
7435,0.0638449415564537
7436,0.06395617127418518
7437,0.06386817991733551
7438,0.06368746608495712
7439,0.06368003040552139
7440,0.06385448575019836
7441,0.06391874700784683
7442,0.06363047659397125
7443,0.06348764896392822
7444,0.0636255294084549
7445,0.06375449150800705
7446,0.06361352652311325
7447,0.06334163248538971
7448,0.06336016952991486
7449,0.06348425894975662
7450,0.06345665454864502
7451,0.06326919049024582
7452,0.0631362795829773
7453,0.06319856643676758
7454,0.06322473287582397
7455,0.06313839554786682
7456,0.06301400065422058
7457,0.06295865774154663
7458,0.06298256665468216
7459,0.06295772641897202
7460,0.06288894265890121
7461,0.06281699985265732
7462,0.06277525424957275
7463,0.06276456266641617
7464,0.0627339780330658
7465,0.0626899003982544
7466,0.06264089792966843
7467,0.06259643286466599
7468,0.06257012486457825
7469,0.06254354864358902
7470,0.06251350045204163
7471,0.06247519329190254
7472,0.06242828816175461
7473,0.062394000589847565
7474,0.06236958131194115
7475,0.06234724819660187
7476,0.06231492757797241
7477,0.06226613372564316
7478,0.0622267983853817
7479,0.06220339238643646
7480,0.06218579411506653
7481,0.06215604022145271
7482,0.062106043100357056
7483,0.062064412981271744
7484,0.06204182282090187
7485,0.062025997787714005
7486,0.06199639290571213
7487,0.06194710731506348
7488,0.06190565228462219
7489,0.06188333034515381
7490,0.06186682730913162
7491,0.061837077140808105
7492,0.061790384352207184
7493,0.06175040453672409
7494,0.06172703579068184
7495,0.06170884892344475
7496,0.061679232865571976
7497,0.06163613498210907
7498,0.061598144471645355
7499,0.06157342717051506
7500,0.061553094536066055
7501,0.06152386963367462
7502,0.06148486211895943
7503,0.0614488385617733
7504,0.06142278388142586
7505,0.06140027195215225
7506,0.06137187033891678
7507,0.061336591839790344
7508,0.06130257248878479
7509,0.06127524748444557
7510,0.06125088781118393
7511,0.06122339889407158
7512,0.061191119253635406
7513,0.061158936470746994
7514,0.061130817979574203
7515,0.0611051581799984
7516,0.061077993363142014
7517,0.06104828044772148
7518,0.06101793050765991
7519,0.060989588499069214
7520,0.06096288189291954
7521,0.06093604862689972
7522,0.06090787798166275
7523,0.06087912991642952
7524,0.06085113808512688
7525,0.060824062675237656
7526,0.06079725921154022
7527,0.060770183801651
7528,0.06074262410402298
7529,0.06071533262729645
7530,0.060688316822052
7531,0.06066158786416054
7532,0.060635004192590714
7533,0.06060826778411865
7534,0.06058161333203316
7535,0.06055494770407677
7536,0.06052849814295769
7537,0.06050220876932144
7538,0.060476019978523254
7539,0.06044977903366089
7540,0.060423750430345535
7541,0.06039774417877197
7542,0.06037177890539169
7543,0.060345929116010666
7544,0.06032019853591919
7545,0.06029451638460159
7546,0.060268886387348175
7547,0.0602434016764164
7548,0.0602179691195488
7549,0.06019246578216553
7550,0.06016700714826584
7551,0.06014182046055794
7552,0.060116738080978394
7553,0.06009170040488243
7554,0.06006670370697975
7555,0.06004165858030319
7556,0.06001664325594902
7557,0.05999195575714111
7558,0.05996713787317276
7559,0.059942577034235
7560,0.05991791933774948
7561,0.05989320948719978
7562,0.05986878648400307
7563,0.05984437093138695
7564,0.0598200187087059
7565,0.059795740991830826
7566,0.05977153033018112
7567,0.059747375547885895
7568,0.05972326174378395
7569,0.05969923734664917
7570,0.059675149619579315
7571,0.05965135246515274
7572,0.05962740629911423
7573,0.05960369482636452
7574,0.059579990804195404
7575,0.05955629050731659
7576,0.05953262373805046
7577,0.05950915068387985
7578,0.05948564037680626
7579,0.05946227163076401
7580,0.05943882837891579
7581,0.059415508061647415
7582,0.05939222499728203
7583,0.05936899781227112
7584,0.059345994144678116
7585,0.059322770684957504
7586,0.05929971858859062
7587,0.05927671492099762
7588,0.05925379693508148
7589,0.05923094227910042
7590,0.05920809134840965
7591,0.059185318648815155
7592,0.05916261672973633
7593,0.059139955788850784
7594,0.05911736935377121
7595,0.05909477174282074
7596,0.05907229706645012
7597,0.05905001983046532
7598,0.05902782827615738
7599,0.05900591239333153
7600,0.05898430198431015
7601,0.058963604271411896
7602,0.058944351971149445
7603,0.05892806500196457
7604,0.05891785770654678
7605,0.058919768780469894
7606,0.05894714593887329
7607,0.05902886390686035
7608,0.05922645330429077
7609,0.0596754215657711
7610,0.06066112592816353
7611,0.0628318339586258
7612,0.06767295300960541
7613,0.07850281894207001
7614,0.1027958020567894
7615,0.15599346160888672
7616,0.26995325088500977
7617,0.4954628348350525
7618,0.8655348420143127
7619,1.2112815380096436
7620,1.0865497589111328
7621,0.3926631808280945
7622,0.1131809800863266
7623,0.5459781885147095
7624,0.7032729387283325
7625,0.2780033349990845
7626,0.08243298530578613
7627,0.37362921237945557
7628,0.41934046149253845
7629,0.12325389683246613
7630,0.16045299172401428
7631,0.34363141655921936
7632,0.18502792716026306
7633,0.07582204788923264
7634,0.2250143438577652
7635,0.2144203633069992
7636,0.0734180361032486
7637,0.13509291410446167
7638,0.18576624989509583
7639,0.08332203328609467
7640,0.09279733151197433
7641,0.1535884439945221
7642,0.09482968598604202
7643,0.06872765719890594
7644,0.12157183140516281
7645,0.1024586409330368
7646,0.06361372768878937
7647,0.09666940569877625
7648,0.10018526762723923
7649,0.0645611509680748
7650,0.07903871685266495
7651,0.09603570401668549
7652,0.07023139297962189
7653,0.0677177757024765
7654,0.08587075769901276
7655,0.0729093849658966
7656,0.06325246393680573
7657,0.07677333056926727
7658,0.073204405605793
7659,0.062228403985500336
7660,0.06990398466587067
7661,0.0718194842338562
7662,0.06266522407531738
7663,0.06529486179351807
7664,0.06961003690958023
7665,0.06340786069631577
7666,0.06316147744655609
7667,0.06760898977518082
7668,0.06411808729171753
7669,0.061964407563209534
7670,0.06547564268112183
7671,0.06440549343824387
7672,0.06153283268213272
7673,0.06364032626152039
7674,0.06412159651517868
7675,0.06161723658442497
7676,0.06216686964035034
7677,0.06339649856090546
7678,0.06182149052619934
7679,0.061334915459156036
7680,0.06247837468981743
7681,0.06185523420572281
7682,0.061035268008708954
7683,0.06174261122941971
7684,0.0617775022983551
7685,0.0609428696334362
7686,0.061202578246593475
7687,0.06157512962818146
7688,0.06098372861742973
7689,0.06079844385385513
7690,0.061232682317495346
7691,0.061038754880428314
7692,0.06060454994440079
7693,0.060806676745414734
7694,0.06091761589050293
7695,0.06057042255997658
7696,0.06048116832971573
7697,0.0606585368514061
7698,0.06053052842617035
7699,0.06032247841358185
7700,0.06038781255483627
7701,0.060396403074264526
7702,0.060234807431697845
7703,0.06019250676035881
7704,0.060242924839258194
7705,0.06015469878911972
7706,0.06005784124135971
7707,0.06008121371269226
7708,0.06006046012043953
7709,0.05995994433760643
7710,0.05992782115936279
7711,0.05994749069213867
7712,0.059884507209062576
7713,0.05980505794286728
7714,0.059798117727041245
7715,0.05978875979781151
7716,0.059720031917095184
7717,0.05966624990105629
7718,0.05965994670987129
7719,0.059629932045936584
7720,0.05956978723406792
7721,0.05953216552734375
7722,0.059515368193387985
7723,0.05947897583246231
7724,0.05943099409341812
7725,0.05940091609954834
7726,0.059374816715717316
7727,0.05933728069067001
7728,0.05929955095052719
7729,0.05927170813083649
7730,0.05924118682742119
7731,0.05920470133423805
7732,0.0591728612780571
7733,0.05914483964443207
7734,0.059112925082445145
7735,0.05907851830124855
7736,0.059049442410469055
7737,0.05902141332626343
7738,0.05898846313357353
7739,0.05895574018359184
7740,0.05892760306596756
7741,0.05890031158924103
7742,0.05886784940958023
7743,0.058835484087467194
7744,0.05880749970674515
7745,0.05878033861517906
7746,0.05874980613589287
7747,0.05871791020035744
7748,0.058689430356025696
7749,0.058662328869104385
7750,0.05863316357135773
7751,0.05860266089439392
7752,0.05857362598180771
7753,0.058546487241983414
7754,0.058518487960100174
7755,0.05848938971757889
7756,0.058460723608732224
7757,0.05843305587768555
7758,0.05840582773089409
7759,0.058377835899591446
7760,0.05834985896945
7761,0.058322347700595856
7762,0.05829523503780365
7763,0.05826810002326965
7764,0.058240823447704315
7765,0.05821380764245987
7766,0.058186937123537064
7767,0.058160245418548584
7768,0.05813361704349518
7769,0.058107100427150726
7770,0.05808063969016075
7771,0.058054376393556595
7772,0.05802816525101662
7773,0.058002036064863205
7774,0.057976122945547104
7775,0.057950153946876526
7776,0.05792446434497833
7777,0.057898711413145065
7778,0.057873018085956573
7779,0.0578475259244442
7780,0.057822179049253464
7781,0.057796988636255264
7782,0.0577717162668705
7783,0.05774649605154991
7784,0.057721495628356934
7785,0.057696662843227386
7786,0.0576719306409359
7787,0.05764713138341904
7788,0.05762233957648277
7789,0.05759768187999725
7790,0.05757322162389755
7791,0.05754898488521576
7792,0.057524606585502625
7793,0.057500239461660385
7794,0.05747601017355919
7795,0.057451989501714706
7796,0.05742818862199783
7797,0.05740424618124962
7798,0.057380132377147675
7799,0.05735638365149498
7800,0.05733274295926094
7801,0.05730928108096123
7802,0.057285767048597336
7803,0.057262174785137177
7804,0.057238686829805374
7805,0.05721532180905342
7806,0.05719226971268654
7807,0.05716918408870697
7808,0.057146020233631134
7809,0.05712275207042694
7810,0.05709971487522125
7811,0.0570770762860775
7812,0.05705445259809494
7813,0.057031579315662384
7814,0.057008806616067886
7815,0.056986045092344284
7816,0.05696364492177963
7817,0.056941479444503784
7818,0.05691929906606674
7819,0.056897178292274475
7820,0.056875184178352356
7821,0.056853845715522766
7822,0.05683330446481705
7823,0.056814052164554596
7824,0.056797146797180176
7825,0.05678349360823631
7826,0.05677623301744461
7827,0.05678240954875946
7828,0.056814391165971756
7829,0.056896381080150604
7830,0.05705646425485611
7831,0.05737077072262764
7832,0.05802389979362488
7833,0.05935892462730408
7834,0.06209750100970268
7835,0.06716232001781464
7836,0.0770607590675354
7837,0.09748467803001404
7838,0.13995957374572754
7839,0.22429950535297394
7840,0.3732137680053711
7841,0.5996972322463989
7842,0.9099598526954651
7843,1.0651819705963135
7844,0.8330370187759399
7845,0.27703601121902466
7846,0.0963236540555954
7847,0.4213026165962219
7848,0.6508737206459045
7849,0.4536861181259155
7850,0.1099814623594284
7851,0.13764554262161255
7852,0.3662285804748535
7853,0.2986404001712799
7854,0.08915483951568604
7855,0.12601526081562042
7856,0.2708466351032257
7857,0.22414043545722961
7858,0.07977711409330368
7859,0.10015197098255157
7860,0.18401560187339783
7861,0.1289748102426529
7862,0.06267516314983368
7863,0.10715436935424805
7864,0.14543861150741577
7865,0.09314735233783722
7866,0.06123923510313034
7867,0.10315671563148499
7868,0.12167999148368835
7869,0.08023681491613388
7870,0.063234344124794
7871,0.10217104852199554
7872,0.11034946888685226
7873,0.07352327555418015
7874,0.06232702359557152
7875,0.09015380591154099
7876,0.09778197109699249
7877,0.0696566179394722
7878,0.06171182543039322
7879,0.08129650354385376
7880,0.08303593099117279
7881,0.06432364881038666
7882,0.06103580445051193
7883,0.07407328486442566
7884,0.07383053749799728
7885,0.061310116201639175
7886,0.060799289494752884
7887,0.06924191117286682
7888,0.06720957905054092
7889,0.05944444239139557
7890,0.060679756104946136
7891,0.06536056846380234
7892,0.0630546435713768
7893,0.058641981333494186
7894,0.06015335023403168
7895,0.06246653571724892
7896,0.06017403304576874
7897,0.058232251554727554
7898,0.05974516645073891
7899,0.06084366887807846
7900,0.05895831063389778
7901,0.05811910331249237
7902,0.059645578265190125
7903,0.05997871607542038
7904,0.0584486685693264
7905,0.05798610299825668
7906,0.05947378650307655
7907,0.05972570925951004
7908,0.058262139558792114
7909,0.057724714279174805
7910,0.05878530815243721
7911,0.05930943414568901
7912,0.05822783336043358
7913,0.057503554970026016
7914,0.058110401034355164
7915,0.058632876724004745
7916,0.05806265026330948
7917,0.05736426264047623
7918,0.05758504197001457
7919,0.05802766606211662
7920,0.057778049260377884
7921,0.0572555810213089
7922,0.05725040286779404
7923,0.057559024542570114
7924,0.05750757083296776
7925,0.05714932084083557
7926,0.057035140693187714
7927,0.05721421539783478
7928,0.05725348740816116
7929,0.05703381076455116
7930,0.05687757208943367
7931,0.05694803595542908
7932,0.0570174977183342
7933,0.05690700560808182
7934,0.05675655975937843
7935,0.05674101784825325
7936,0.05679085850715637
7937,0.05675581097602844
7938,0.05664755403995514
7939,0.05658842623233795
7940,0.05659895017743111
7941,0.056589387357234955
7942,0.05652749538421631
7943,0.05646517127752304
7944,0.05644557625055313
7945,0.056435368955135345
7946,0.05639644339680672
7947,0.056347936391830444
7948,0.056317150592803955
7949,0.05630103126168251
7950,0.05627182498574257
7951,0.05623038858175278
7952,0.05619943514466286
7953,0.056179411709308624
7954,0.05615580826997757
7955,0.0561189167201519
7956,0.05608585104346275
7957,0.0560651570558548
7958,0.05604435130953789
7959,0.056013863533735275
7960,0.05597700923681259
7961,0.0559525340795517
7962,0.05593646690249443
7963,0.05591210350394249
7964,0.05587690696120262
7965,0.05584240332245827
7966,0.055823564529418945
7967,0.055809035897254944
7968,0.055782247334718704
7969,0.055745236575603485
7970,0.05571175739169121
7971,0.05569589138031006
7972,0.055682867765426636
7973,0.0556558296084404
7974,0.055617913603782654
7975,0.05558420717716217
7976,0.05556866526603699
7977,0.055557262152433395
7978,0.05553228780627251
7979,0.05549505725502968
7980,0.0554596409201622
7981,0.055441997945308685
7982,0.05543169006705284
7983,0.055410727858543396
7984,0.05537598207592964
7985,0.05533868819475174
7986,0.055317189544439316
7987,0.05530691519379616
7988,0.0552903451025486
7989,0.055259935557842255
7990,0.05522165074944496
7991,0.05519538000226021
7992,0.05518326163291931
7993,0.05517019331455231
7994,0.055145397782325745
7995,0.055108051747083664
7996,0.05507738143205643
7997,0.05506158620119095
7998,0.05504985526204109
7999,0.05503044277429581
8000,0.05499637499451637
8001,0.05496326833963394
8002,0.054943207651376724
8003,0.054930366575717926
8004,0.05491438880562782
8005,0.054884523153305054
8006,0.054851848632097244
8007,0.05482887476682663
8008,0.05481352657079697
8009,0.05479833111166954
8010,0.054772090166807175
8011,0.05474163591861725
8012,0.05471789464354515
8013,0.054700400680303574
8014,0.054684318602085114
8015,0.054660260677337646
8016,0.05463239178061485
8017,0.05460938811302185
8018,0.05459084361791611
8019,0.05457361787557602
8020,0.05455039069056511
8021,0.054524585604667664
8022,0.05450274795293808
8023,0.05448415130376816
8024,0.054466355592012405
8025,0.05444343388080597
8026,0.05441869795322418
8027,0.05439779907464981
8028,0.054379746317863464
8029,0.05436220020055771
8030,0.05433933436870575
8031,0.0543149970471859
8032,0.05429421365261078
8033,0.05427625775337219
8034,0.05425923317670822
8035,0.054237037897109985
8036,0.054212864488363266
8037,0.05419188737869263
8038,0.05417362600564957
8039,0.05415647104382515
8040,0.054135095328092575
8041,0.054111845791339874
8042,0.05409110337495804
8043,0.054072584956884384
8044,0.054055117070674896
8045,0.05403417348861694
8046,0.05401191860437393
8047,0.05399186164140701
8048,0.053973566740751266
8049,0.05395614728331566
8050,0.05393555015325546
8051,0.053913604468107224
8052,0.053893692791461945
8053,0.0538753941655159
8054,0.05385809391736984
8055,0.053837850689888
8056,0.05381636321544647
8057,0.053796712309122086
8058,0.05377848073840141
8059,0.05376115441322327
8060,0.05374131724238396
8061,0.053720325231552124
8062,0.05370089039206505
8063,0.05368265509605408
8064,0.05366530269384384
8065,0.05364576354622841
8066,0.05362529307603836
8067,0.05360627546906471
8068,0.05358821153640747
8069,0.05357111990451813
8070,0.053551867604255676
8071,0.05353178456425667
8072,0.05351288244128227
8073,0.053495053201913834
8074,0.05347810685634613
8075,0.053459979593753815
8076,0.05344231426715851
8077,0.053427554666996
8078,0.05341725796461105
8079,0.05341538041830063
8080,0.05342608690261841
8081,0.05346577614545822
8082,0.05357116833329201
8083,0.05381503701210022
8084,0.05435628443956375
8085,0.05553053691983223
8086,0.05809822678565979
8087,0.0637587383389473
8088,0.07632086426019669
8089,0.10405388474464417
8090,0.16406860947608948
8091,0.28852152824401855
8092,0.5287134647369385
8093,0.8852900266647339
8094,1.1740880012512207
8095,0.9237703084945679
8096,0.2762233316898346
8097,0.13031943142414093
8098,0.5595001578330994
8099,0.6910600066184998
8100,0.2884049713611603
8101,0.06740215420722961
8102,0.3212556540966034
8103,0.39672183990478516
8104,0.13032415509223938
8105,0.12348109483718872
8106,0.309814453125
8107,0.2076510190963745
8108,0.06327342987060547
8109,0.17570146918296814
8110,0.21281874179840088
8111,0.08048861473798752
8112,0.1038309782743454
8113,0.17645195126533508
8114,0.09373844414949417
8115,0.06639601290225983
8116,0.13559618592262268
8117,0.11184635758399963
8118,0.057217128574848175
8119,0.09401276707649231
8120,0.10872741043567657
8121,0.06341351568698883
8122,0.07042469084262848
8123,0.09753109514713287
8124,0.0723205953836441
8125,0.05921827256679535
8126,0.08323748409748077
8127,0.07711628079414368
8128,0.05706110596656799
8129,0.06968440860509872
8130,0.07560953497886658
8131,0.05902572348713875
8132,0.060895781964063644
8133,0.07119908183813095
8134,0.061975542455911636
8135,0.0566113144159317
8136,0.06479863077402115
8137,0.06269138306379318
8138,0.05605471879243851
8139,0.06054253131151199
8140,0.062083035707473755
8141,0.05658204108476639
8142,0.057781510055065155
8143,0.06070346385240555
8144,0.0573011077940464
8145,0.05623961612582207
8146,0.059253424406051636
8147,0.05789817497134209
8148,0.05563195422291756
8149,0.05743767321109772
8150,0.05792182311415672
8151,0.05576073378324509
8152,0.05600979924201965
8153,0.057266965508461
8154,0.056103356182575226
8155,0.05535068362951279
8156,0.05628836154937744
8157,0.05616256967186928
8158,0.055224381387233734
8159,0.055540017783641815
8160,0.05592000484466553
8161,0.05529162660241127
8162,0.05511169508099556
8163,0.05553552508354187
8164,0.05534074455499649
8165,0.05492064356803894
8166,0.05515135079622269
8167,0.05528591200709343
8168,0.05491228774189949
8169,0.05481688678264618
8170,0.05505039170384407
8171,0.05494485795497894
8172,0.054669491946697235
8173,0.0547415129840374
8174,0.05483582988381386
8175,0.0546548068523407
8176,0.054529912769794464
8177,0.0546124093234539
8178,0.05459710583090782
8179,0.05444752424955368
8180,0.05441560223698616
8181,0.054450005292892456
8182,0.05438568443059921
8183,0.05429944396018982
8184,0.05429904907941818
8185,0.05428922176361084
8186,0.05421695485711098
8187,0.054176215082407
8188,0.05417579039931297
8189,0.05414200946688652
8190,0.054081935435533524
8191,0.05406254529953003
8192,0.054053667932748795
8193,0.05400761216878891
8194,0.05396031588315964
8195,0.0539465993642807
8196,0.05393194034695625
8197,0.05388514697551727
8198,0.05384417995810509
8199,0.05382902920246124
8200,0.053809020668268204
8201,0.053768035024404526
8202,0.053730566054582596
8203,0.05371209979057312
8204,0.05368971824645996
8205,0.05365379527211189
8206,0.05361982434988022
8207,0.05359720438718796
8208,0.05357436463236809
8209,0.053542863577604294
8210,0.0535120889544487
8211,0.05348709225654602
8212,0.053462859243154526
8213,0.05343497171998024
8214,0.05340668559074402
8215,0.05338124930858612
8216,0.05335605889558792
8217,0.053329721093177795
8218,0.05330348014831543
8219,0.05327844247221947
8220,0.05325334146618843
8221,0.053227607160806656
8222,0.05320252105593681
8223,0.053178004920482635
8224,0.05315330624580383
8225,0.05312822759151459
8226,0.053103797137737274
8227,0.05307990685105324
8228,0.05305556207895279
8229,0.05303095281124115
8230,0.053006887435913086
8231,0.052983589470386505
8232,0.05295989662408829
8233,0.05293562635779381
8234,0.05291172116994858
8235,0.0528886578977108
8236,0.05286601930856705
8237,0.05284237861633301
8238,0.052818454802036285
8239,0.05279532074928284
8240,0.05277309939265251
8241,0.05275065079331398
8242,0.05272729694843292
8243,0.052703991532325745
8244,0.052681658416986465
8245,0.05265982449054718
8246,0.052637599408626556
8247,0.05261467397212982
8248,0.052592113614082336
8249,0.05257023870944977
8250,0.05254874378442764
8251,0.05252689868211746
8252,0.05250460281968117
8253,0.052482325583696365
8254,0.05246090516448021
8255,0.05243966355919838
8256,0.05241837352514267
8257,0.05239658057689667
8258,0.052374836057424545
8259,0.05235370621085167
8260,0.05233286693692207
8261,0.052311934530735016
8262,0.05229071155190468
8263,0.05226922035217285
8264,0.05224839970469475
8265,0.052227821201086044
8266,0.05220739170908928
8267,0.05218658596277237
8268,0.05216574668884277
8269,0.05214519798755646
8270,0.05212489143013954
8271,0.05210472270846367
8272,0.05208447203040123
8273,0.05206397548317909
8274,0.05204371362924576
8275,0.05202380567789078
8276,0.05200456082820892
8277,0.05198568478226662
8278,0.05196727439761162
8279,0.051949985325336456
8280,0.05193386971950531
8281,0.051920149475336075
8282,0.05191180855035782
8283,0.05191301926970482
8284,0.051932428032159805
8285,0.05198162421584129
8286,0.052088845521211624
8287,0.052315935492515564
8288,0.05278027802705765
8289,0.053715430200099945
8290,0.055404528975486755
8291,0.05859215185046196
8292,0.06516148149967194
8293,0.0785185694694519
8294,0.10601115971803665
8295,0.15539884567260742
8296,0.2476390153169632
8297,0.411304235458374
8298,0.6758387088775635
8299,0.9362130165100098
8300,0.9568307995796204
8301,0.5129870176315308
8302,0.10255861282348633
8303,0.18844300508499146
8304,0.5240681767463684
8305,0.546481728553772
8306,0.21724823117256165
8307,0.06306562572717667
8308,0.23155143857002258
8309,0.3361414670944214
8310,0.15644627809524536
8311,0.06998337060213089
8312,0.22657090425491333
8313,0.29885950684547424
8314,0.152253657579422
8315,0.06280270218849182
8316,0.20669226348400116
8317,0.25045424699783325
8318,0.10631822794675827
8319,0.06849725544452667
8320,0.19349996745586395
8321,0.2323688119649887
8322,0.10563813149929047
8323,0.06074643135070801
8324,0.1470331847667694
8325,0.1664377599954605
8326,0.0837477296590805
8327,0.061112262308597565
8328,0.1221962571144104
8329,0.12556660175323486
8330,0.06889574974775314
8331,0.06003601476550102
8332,0.09613098204135895
8333,0.09067647159099579
8334,0.05756954848766327
8335,0.06153496354818344
8336,0.07767008244991302
8337,0.0684540644288063
8338,0.05420418456196785
8339,0.06141035258769989
8340,0.06650844216346741
8341,0.05667302384972572
8342,0.05500347167253494
8343,0.06196543946862221
8344,0.060813482850790024
8345,0.05390182137489319
8346,0.05853712186217308
8347,0.06386471539735794
8348,0.05808214843273163
8349,0.05349642410874367
8350,0.059261441230773926
8351,0.06387664377689362
8352,0.05730357766151428
8353,0.053338758647441864
8354,0.05812656506896019
8355,0.06099935621023178
8356,0.05647799000144005
8357,0.05305317044258118
8358,0.0563044548034668
8359,0.05811567232012749
8360,0.05510001257061958
8361,0.05284656584262848
8362,0.05446954444050789
8363,0.055818211287260056
8364,0.05409179627895355
8365,0.052705757319927216
8366,0.05327780544757843
8367,0.05395135283470154
8368,0.053279437124729156
8369,0.05255057290196419
8370,0.052760180085897446
8371,0.05288466438651085
8372,0.0526171550154686
8373,0.052409566938877106
8374,0.05252302438020706
8375,0.05248512327671051
8376,0.05231640487909317
8377,0.05235857143998146
8378,0.0524204783141613
8379,0.05231734737753868
8380,0.05218278616666794
8381,0.05237884074449539
8382,0.05249200388789177
8383,0.052256979048252106
8384,0.052051763981580734
8385,0.05221450328826904
8386,0.052525609731674194
8387,0.052352938801050186
8388,0.05197751149535179
8389,0.051962632685899734
8390,0.05226883292198181
8391,0.052378471940755844
8392,0.052030690014362335
8393,0.051781535148620605
8394,0.051925189793109894
8395,0.052144743502140045
8396,0.052056778222322464
8397,0.0517447292804718
8398,0.051660727709531784
8399,0.051819898188114166
8400,0.051898352801799774
8401,0.05174129828810692
8402,0.051544759422540665
8403,0.05155070871114731
8404,0.051653459668159485
8405,0.051640432327985764
8406,0.051500558853149414
8407,0.051399122923612595
8408,0.051426369696855545
8409,0.05147002637386322
8410,0.05142176151275635
8411,0.05132180452346802
8412,0.051273707300424576
8413,0.05129258334636688
8414,0.05129804089665413
8415,0.05124473199248314
8416,0.051178231835365295
8417,0.05115354433655739
8418,0.05115916579961777
8419,0.05114514380693436
8420,0.051097214221954346
8421,0.05105164647102356
8422,0.05103538930416107
8423,0.05103035271167755
8424,0.051008131355047226
8425,0.05096670612692833
8426,0.050933048129081726
8427,0.05091891437768936
8428,0.05090774968266487
8429,0.05088270828127861
8430,0.050846319645643234
8431,0.05081851780414581
8432,0.050804588943719864
8433,0.0507904589176178
8434,0.05076512321829796
8435,0.05073198303580284
8436,0.0507068894803524
8437,0.050692763179540634
8438,0.050677523016929626
8439,0.050652991980314255
8440,0.0506218858063221
8441,0.05059769004583359
8442,0.05058305710554123
8443,0.05056791752576828
8444,0.050544917583465576
8445,0.05051509290933609
8446,0.050490811467170715
8447,0.05047553405165672
8448,0.050460945814847946
8449,0.05043968930840492
8450,0.050411202013492584
8451,0.050386328250169754
8452,0.05037001520395279
8453,0.05035577714443207
8454,0.05033660680055618
8455,0.05030952766537666
8456,0.05028420686721802
8457,0.05026679113507271
8458,0.05025254935026169
8459,0.050235144793987274
8460,0.05020982399582863
8461,0.050184305757284164
8462,0.05016552284359932
8463,0.05015075206756592
8464,0.05013469606637955
8465,0.050111278891563416
8466,0.050086263567209244
8467,0.05006668344140053
8468,0.05005119740962982
8469,0.05003562942147255
8470,0.050013914704322815
8471,0.04999004676938057
8472,0.04996999353170395
8473,0.04995344951748848
8474,0.049937646836042404
8475,0.049917351454496384
8476,0.04989483952522278
8477,0.049875300377607346
8478,0.04985831677913666
8479,0.04984215646982193
8480,0.04982246086001396
8481,0.04980114847421646
8482,0.04978219419717789
8483,0.04976526275277138
8484,0.049748875200748444
8485,0.049729447811841965
8486,0.04970908164978027
8487,0.04969051852822304
8488,0.049673765897750854
8489,0.04965754970908165
8490,0.04963846877217293
8491,0.04961829632520676
8492,0.04960022121667862
8493,0.049583688378334045
8494,0.0495675764977932
8495,0.049548953771591187
8496,0.04952918365597725
8497,0.04951111227273941
8498,0.04949445277452469
8499,0.049478452652692795
8500,0.049460284411907196
8501,0.04944103583693504
8502,0.04942329227924347
8503,0.04940662533044815
8504,0.049390584230422974
8505,0.049372732639312744
8506,0.049354080110788345
8507,0.04933658614754677
8508,0.04932008311152458
8509,0.0493040457367897
8510,0.04928648844361305
8511,0.04926823452115059
8512,0.04925103113055229
8513,0.04923464357852936
8514,0.04921872168779373
8515,0.049201495945453644
8516,0.04918354004621506
8517,0.0491664744913578
8518,0.04915010184049606
8519,0.04913431406021118
8520,0.049117378890514374
8521,0.049099814146757126
8522,0.049083225429058075
8523,0.04906722158193588
8524,0.04905186593532562
8525,0.04903566464781761
8526,0.04901980981230736
8527,0.04900561645627022
8528,0.0489940419793129
8529,0.04898672550916672
8530,0.048985231667757034
8531,0.048995938152074814
8532,0.04903334751725197
8533,0.049122780561447144
8534,0.04931636527180672
8535,0.049717869609594345
8536,0.05054645240306854
8537,0.05227100849151611
8538,0.055867452174425125
8539,0.06343431770801544
8540,0.07906534522771835
8541,0.11165548861026764
8542,0.17820124328136444
8543,0.30841320753097534
8544,0.5260919332504272
8545,0.7943135499954224
8546,0.8764557242393494
8547,0.5636793971061707
8548,0.12711133062839508
8549,0.14699608087539673
8550,0.45799458026885986
8551,0.485533207654953
8552,0.19702985882759094
8553,0.05978336185216904
8554,0.22986480593681335
8555,0.30368638038635254
8556,0.1308278739452362
8557,0.06599728763103485
8558,0.19078554213047028
8559,0.21520987153053284
8560,0.09026237577199936
8561,0.07029525935649872
8562,0.1580159068107605
8563,0.13709503412246704
8564,0.057045724242925644
8565,0.08781129121780396
8566,0.14075280725955963
8567,0.09498758614063263
8568,0.052052177488803864
8569,0.08866551518440247
8570,0.10833708196878433
8571,0.0681280791759491
8572,0.05580023676156998
8573,0.08676711469888687
8574,0.08330699801445007
8575,0.0550294890999794
8576,0.05970200151205063
8577,0.07717159390449524
8578,0.06509765982627869
8579,0.05152129754424095
8580,0.061834558844566345
8581,0.06609557569026947
8582,0.05471057444810867
8583,0.053097642958164215
8584,0.061010975390672684
8585,0.05777055025100708
8586,0.051194433122873306
8587,0.05548073723912239
8588,0.05839503929018974
8589,0.052908722311258316
8590,0.05148392170667648
8591,0.0564691498875618
8592,0.05559608340263367
8593,0.05116169899702072
8594,0.052416905760765076
8595,0.05517894774675369
8596,0.05297962203621864
8597,0.05083046108484268
8598,0.05280047655105591
8599,0.05347480624914169
8600,0.051233790814876556
8601,0.05065968260169029
8602,0.0521894171833992
8603,0.05204261466860771
8604,0.05052841454744339
8605,0.050602663308382034
8606,0.051318686455488205
8607,0.05093381553888321
8608,0.05032200366258621
8609,0.050606079399585724
8610,0.050749387592077255
8611,0.05027724429965019
8612,0.050188641995191574
8613,0.050518982112407684
8614,0.050450555980205536
8615,0.050034794956445694
8616,0.05009471997618675
8617,0.05036298185586929
8618,0.05020969733595848
8619,0.04994639381766319
8620,0.05002801865339279
8621,0.050194643437862396
8622,0.050001755356788635
8623,0.04980843886733055
8624,0.04992610588669777
8625,0.05003555119037628
8626,0.049859434366226196
8627,0.04965278133749962
8628,0.049728695303201675
8629,0.049844034016132355
8630,0.04974124953150749
8631,0.04955920949578285
8632,0.04953666403889656
8633,0.04961391165852547
8634,0.04958638548851013
8635,0.04947812855243683
8636,0.04941499978303909
8637,0.04942198097705841
8638,0.04941539093852043
8639,0.0493667796254158
8640,0.04932166263461113
8641,0.04929202422499657
8642,0.049270886927843094
8643,0.049244798719882965
8644,0.04922160878777504
8645,0.04919479414820671
8646,0.04916154220700264
8647,0.04913611337542534
8648,0.04911842197179794
8649,0.049102719873189926
8650,0.04907364025712013
8651,0.049043621867895126
8652,0.04902341961860657
8653,0.04900629445910454
8654,0.04898848012089729
8655,0.04896190017461777
8656,0.048938073217868805
8657,0.04891633987426758
8658,0.048893608152866364
8659,0.04887630045413971
8660,0.0488569438457489
8661,0.04883594810962677
8662,0.048808157444000244
8663,0.048780474811792374
8664,0.04876553639769554
8665,0.04875257983803749
8666,0.04873247444629669
8667,0.04870041087269783
8668,0.04867039620876312
8669,0.048656485974788666
8670,0.048646531999111176
8671,0.048627376556396484
8672,0.04859499633312225
8673,0.04856523871421814
8674,0.048551786690950394
8675,0.04854206740856171
8676,0.048523612320423126
8677,0.04849259555339813
8678,0.048463523387908936
8679,0.04844961315393448
8680,0.048439737409353256
8681,0.04842230677604675
8682,0.048392824828624725
8683,0.04836330562829971
8684,0.04834733530879021
8685,0.048337049782276154
8686,0.048322051763534546
8687,0.04829586669802666
8688,0.04826650395989418
8689,0.048247531056404114
8690,0.04823554679751396
8691,0.048223014920949936
8692,0.04820115491747856
8693,0.048173122107982635
8694,0.04815120995044708
8695,0.04813632369041443
8696,0.048124924302101135
8697,0.04810752347111702
8698,0.04808187484741211
8699,0.04805770143866539
8700,0.04803890734910965
8701,0.048027023673057556
8702,0.04801390692591667
8703,0.04799250513315201
8704,0.04796802997589111
8705,0.04794503375887871
8706,0.0479302778840065
8707,0.04791945591568947
8708,0.0479029044508934
8709,0.047880347818136215
8710,0.04785451665520668
8711,0.04783552139997482
8712,0.04782438278198242
8713,0.04781253635883331
8714,0.04779534414410591
8715,0.047770075500011444
8716,0.04774624854326248
8717,0.04773064702749252
8718,0.04771828651428223
8719,0.047703322023153305
8720,0.04768160730600357
8721,0.04765962436795235
8722,0.04764394089579582
8723,0.04763481393456459
8724,0.04763023182749748
8725,0.04761806130409241
8726,0.04759892821311951
8727,0.04758612439036369
8728,0.047583334147930145
8729,0.04759569466114044
8730,0.04764493927359581
8731,0.047764766961336136
8732,0.048001550137996674
8733,0.04846367612481117
8734,0.04935882240533829
8735,0.050828054547309875
8736,0.053398750722408295
8737,0.058558739721775055
8738,0.06873146444559097
8739,0.08904492855072021
8740,0.12485615164041519
8741,0.1908138394355774
8742,0.30814656615257263
8743,0.5059429407119751
8744,0.7398685216903687
8745,0.8660875558853149
8746,0.628194272518158
8747,0.22530724108219147
8748,0.06498181819915771
8749,0.27800655364990234
8750,0.4733359217643738
8751,0.35390612483024597
8752,0.12517480552196503
8753,0.0705479234457016
8754,0.20541417598724365
8755,0.22306808829307556
8756,0.09250850230455399
8757,0.06264329701662064
8758,0.1468168944120407
8759,0.1856425702571869
8760,0.09703640639781952
8761,0.060775093734264374
8762,0.13882982730865479
8763,0.1655712127685547
8764,0.09369738399982452
8765,0.053226497024297714
8766,0.1406150460243225
8767,0.2022588551044464
8768,0.139026939868927
8769,0.056714799255132675
8770,0.09356318414211273
8771,0.1920354664325714
8772,0.16238903999328613
8773,0.06737872213125229
8774,0.06468303501605988
8775,0.14335095882415771
8776,0.16141337156295776
8777,0.08103659749031067
8778,0.054664742201566696
8779,0.10946851968765259
8780,0.1278783231973648
8781,0.07851103693246841
8782,0.0502370223402977
8783,0.08349114656448364
8784,0.1000053808093071
8785,0.06869642436504364
8786,0.04997682198882103
8787,0.06970959901809692
8788,0.0794997438788414
8789,0.05983421951532364
8790,0.04950563982129097
8791,0.059635765850543976
8792,0.06452898681163788
8793,0.054363008588552475
8794,0.049313418567180634
8795,0.05476175248622894
8796,0.05511736869812012
8797,0.0502353198826313
8798,0.04917353391647339
8799,0.052471816539764404
8800,0.05159422755241394
8801,0.0486239455640316
8802,0.049891721457242966
8803,0.051917050033807755
8804,0.050575170665979385
8805,0.04833221808075905
8806,0.050668805837631226
8807,0.05298375338315964
8808,0.05083969607949257
8809,0.04826611280441284
8810,0.049893610179424286
8811,0.05337335914373398
8812,0.052038513123989105
8813,0.0485469289124012
8814,0.048680342733860016
8815,0.051735326647758484
8816,0.0524899959564209
8817,0.049444228410720825
8818,0.04794422909617424
8819,0.049786970019340515
8820,0.05134723708033562
8821,0.050042420625686646
8822,0.047970909625291824
8823,0.048322465270757675
8824,0.04980676993727684
8825,0.049740761518478394
8826,0.04829724133014679
8827,0.04768689349293709
8828,0.048526421189308167
8829,0.04906012862920761
8830,0.04839948192238808
8831,0.047610804438591
8832,0.04774334281682968
8833,0.04829898476600647
8834,0.048245519399642944
8835,0.047680169343948364
8836,0.04743162915110588
8837,0.04770709574222565
8838,0.04792015254497528
8839,0.047694459557533264
8840,0.04736693203449249
8841,0.04735582694411278
8842,0.04755102097988129
8843,0.04757572337985039
8844,0.047370005398988724
8845,0.04720929265022278
8846,0.047255612909793854
8847,0.047356683760881424
8848,0.04731706157326698
8849,0.04717226326465607
8850,0.04709339886903763
8851,0.047130037099123
8852,0.04717171564698219
8853,0.04712473228573799
8854,0.04703060910105705
8855,0.04698393866419792
8856,0.04699843004345894
8857,0.04701004922389984
8858,0.04697272926568985
8859,0.04691174998879433
8860,0.04687623307108879
8861,0.04687284678220749
8862,0.046870067715644836
8863,0.046843115240335464
8864,0.04680206999182701
8865,0.04677135869860649
8866,0.04675695300102234
8867,0.04674632102251053
8868,0.04672585800290108
8869,0.04669664427638054
8870,0.04666948691010475
8871,0.046650078147649765
8872,0.046634990721940994
8873,0.04661702364683151
8874,0.046594057232141495
8875,0.046570077538490295
8876,0.046548932790756226
8877,0.04653133079409599
8878,0.046513911336660385
8879,0.04649428278207779
8880,0.046472787857055664
8881,0.04645179212093353
8882,0.04643283411860466
8883,0.046415165066719055
8884,0.04639710858464241
8885,0.04637767747044563
8886,0.046357497572898865
8887,0.04633810743689537
8888,0.046319954097270966
8889,0.046302326023578644
8890,0.046284131705760956
8891,0.046265192329883575
8892,0.046246226876974106
8893,0.046227917075157166
8894,0.04621003195643425
8895,0.04619217664003372
8896,0.04617416858673096
8897,0.046155981719493866
8898,0.04613795503973961
8899,0.046120282262563705
8900,0.046102654188871384
8901,0.04608488455414772
8902,0.04606712982058525
8903,0.04604959115386009
8904,0.04603209346532822
8905,0.046014800667762756
8906,0.045997437089681625
8907,0.04598012939095497
8908,0.04596288502216339
8909,0.04594575613737106
8910,0.045928604900836945
8911,0.04591154679656029
8912,0.04589475318789482
8913,0.045877743512392044
8914,0.045860886573791504
8915,0.04584399610757828
8916,0.04582725092768669
8917,0.04581056907773018
8918,0.04579397290945053
8919,0.04577736556529999
8920,0.045760802924633026
8921,0.04574420675635338
8922,0.045727744698524475
8923,0.045711319893598557
8924,0.045695025473833084
8925,0.045678671449422836
8926,0.04566245153546333
8927,0.04564612731337547
8928,0.045629993081092834
8929,0.04561392217874527
8930,0.04559782147407532
8931,0.04558176174759865
8932,0.045565761625766754
8933,0.04554979130625725
8934,0.04553388059139252
8935,0.045518092811107635
8936,0.045502323657274246
8937,0.045486606657505035
8938,0.04547102004289627
8939,0.045455534011125565
8940,0.0454401969909668
8941,0.04542488977313042
8942,0.04540995880961418
8943,0.045395370572805405
8944,0.04538170248270035
8945,0.0453694723546505
8946,0.04535976052284241
8947,0.04535456746816635
8948,0.04535728320479393
8949,0.045375023037195206
8950,0.04541894420981407
8951,0.04551251605153084
8952,0.04570373147726059
8953,0.04608481749892235
8954,0.04683852940797806
8955,0.04831566661596298
8956,0.051237814128398895
8957,0.05711986497044563
8958,0.06895764172077179
8959,0.09286561608314514
8960,0.13937577605247498
8961,0.22763682901859283
8962,0.3787234425544739
8963,0.5924731492996216
8964,0.7527002692222595
8965,0.6592550277709961
8966,0.2843267321586609
8967,0.05815059691667557
8968,0.21902340650558472
8969,0.44844797253608704
8970,0.39012080430984497
8971,0.13615939021110535
8972,0.06655815243721008
8973,0.21959301829338074
8974,0.26093533635139465
8975,0.11430143564939499
8976,0.056733932346105576
8977,0.1591038703918457
8978,0.19638487696647644
8979,0.09714071452617645
8980,0.05546502023935318
8981,0.12789297103881836
8982,0.13816434144973755
8983,0.06653948128223419
8984,0.056007854640483856
8985,0.10926678776741028
8986,0.11079172790050507
8987,0.059582240879535675
8988,0.054878443479537964
8989,0.08988260477781296
8990,0.08373921364545822
8991,0.05147017166018486
8992,0.05563942342996597
8993,0.07802636921405792
8994,0.06913553178310394
8995,0.048681288957595825
8996,0.05479396507143974
8997,0.06731466948986053
8998,0.05788138881325722
8999,0.04719085618853569
9000,0.05431948974728584
9001,0.05986402928829193
9002,0.05182919278740883
9003,0.04707751423120499
9004,0.053078681230545044
9005,0.054442524909973145
9006,0.04832551255822182
9007,0.04773513972759247
9008,0.05207567289471626
9009,0.051161669194698334
9010,0.04708811640739441
9011,0.04815737530589104
9012,0.05090230330824852
9013,0.049090344458818436
9014,0.046670038253068924
9015,0.04814252257347107
9016,0.04975853115320206
9017,0.04798906296491623
9018,0.0465141199529171
9019,0.04776871204376221
9020,0.0486227311193943
9021,0.04728377237915993
9022,0.04639272019267082
9023,0.047314565628767014
9024,0.04777856171131134
9025,0.0468522273004055
9026,0.04628429189324379
9027,0.046843044459819794
9028,0.04713647440075874
9029,0.04653766378760338
9030,0.0461709089577198
9031,0.04648016020655632
9032,0.04665640369057655
9033,0.04631273075938225
9034,0.046065546572208405
9035,0.04622425138950348
9036,0.046306412667036057
9037,0.046109870076179504
9038,0.04596356675028801
9039,0.046048108488321304
9040,0.04608847573399544
9041,0.045951493084430695
9042,0.04585922881960869
9043,0.04590611159801483
9044,0.04593415558338165
9045,0.04583772271871567
9046,0.04576189070940018
9047,0.045789968222379684
9048,0.04580727964639664
9049,0.04574175179004669
9050,0.045670248568058014
9051,0.04568084701895714
9052,0.04570113122463226
9053,0.045651935040950775
9054,0.04558340832591057
9055,0.04557003825902939
9056,0.04559456557035446
9057,0.04557119309902191
9058,0.045504748821258545
9059,0.045467693358659744
9060,0.04547813907265663
9061,0.04548223316669464
9062,0.04543616622686386
9063,0.04538176581263542
9064,0.04536682739853859
9065,0.04537530243396759
9066,0.04536077752709389
9067,0.04531284049153328
9068,0.045274004340171814
9069,0.04526656121015549
9070,0.04526616632938385
9071,0.045243311673402786
9072,0.04520164802670479
9073,0.04517271742224693
9074,0.045164816081523895
9075,0.045157626271247864
9076,0.0451335646212101
9077,0.04509854316711426
9078,0.0450737364590168
9079,0.045063406229019165
9080,0.045052748173475266
9081,0.045030295848846436
9082,0.04500029236078262
9083,0.04497692734003067
9084,0.04496391490101814
9085,0.04495170712471008
9086,0.044931795448064804
9087,0.04490559920668602
9088,0.044882647693157196
9089,0.044867318123579025
9090,0.0448540598154068
9091,0.044836465269327164
9092,0.0448136180639267
9093,0.044791243970394135
9094,0.04477390646934509
9095,0.04475949704647064
9096,0.04474359378218651
9097,0.044723667204380035
9098,0.04470229893922806
9099,0.0446835421025753
9100,0.04466772451996803
9101,0.04465250298380852
9102,0.04463502764701843
9103,0.04461522400379181
9104,0.044595953077077866
9105,0.04457850009202957
9106,0.04456302523612976
9107,0.044547341763973236
9108,0.044529616832733154
9109,0.044510889798402786
9110,0.04449243098497391
9111,0.04447576403617859
9112,0.0444604828953743
9113,0.04444447159767151
9114,0.04442713409662247
9115,0.04440863057971001
9116,0.04439100995659828
9117,0.044375162571668625
9118,0.04435991123318672
9119,0.04434409365057945
9120,0.044326744973659515
9121,0.0443088635802269
9122,0.044292151927948
9123,0.044276561588048935
9124,0.04426141083240509
9125,0.04424525797367096
9126,0.044228293001651764
9127,0.04421151429414749
9128,0.04419538006186485
9129,0.04417981579899788
9130,0.04416411370038986
9131,0.04414808750152588
9132,0.04413219913840294
9133,0.04411644861102104
9134,0.04410106688737869
9135,0.044085390865802765
9136,0.04406946152448654
9137,0.04405371472239494
9138,0.04403803125023842
9139,0.04402252286672592
9140,0.04400735720992088
9141,0.04399304836988449
9142,0.043979670852422714
9143,0.04396782070398331
9144,0.04395878687500954
9145,0.0439508780837059
9146,0.04394537955522537
9147,0.04394937679171562
9148,0.04397078976035118
9149,0.04402521625161171
9150,0.044138818979263306
9151,0.04436711221933365
9152,0.04482829570770264
9153,0.045748744159936905
9154,0.04759629815816879
9155,0.050876203924417496
9156,0.05708310008049011
9157,0.06967702507972717
9158,0.09551151096820831
9159,0.1464443802833557
9160,0.2371237576007843
9161,0.3825659453868866
9162,0.6124579906463623
9163,0.8204033970832825
9164,0.8447335958480835
9165,0.46489816904067993
9166,0.09243158996105194
9167,0.15045002102851868
9168,0.45493531227111816
9169,0.5614076852798462
9170,0.2829487919807434
9171,0.06078340858221054
9172,0.1912154257297516
9173,0.33837488293647766
9174,0.22005149722099304
9175,0.05572647973895073
9176,0.14872831106185913
9177,0.285613477230072
9178,0.1909998059272766
9179,0.05790838971734047
9180,0.12424400448799133
9181,0.21412254869937897
9182,0.1316036731004715
9183,0.04766568914055824
9184,0.10726094245910645
9185,0.16598260402679443
9186,0.10441455990076065
9187,0.04802391678094864
9188,0.09029647707939148
9189,0.12004545331001282
9190,0.07363757491111755
9191,0.047968585044145584
9192,0.08334343135356903
9193,0.09660136699676514
9194,0.060767218470573425
9195,0.04893616586923599
9196,0.07563693821430206
9197,0.07705822587013245
9198,0.051539838314056396
9199,0.0496300607919693
9200,0.0668267086148262
9201,0.0631764680147171
9202,0.04724328592419624
9203,0.050186872482299805
9204,0.06056693196296692
9205,0.05364483222365379
9206,0.04541072994470596
9207,0.05172416567802429
9208,0.05627965182065964
9209,0.04943908378481865
9210,0.04553632810711861
9211,0.05186668783426285
9212,0.05356082320213318
9213,0.047191835939884186
9214,0.045670539140701294
9215,0.050434134900569916
9216,0.050861094146966934
9217,0.046204857528209686
9218,0.045543376356363297
9219,0.048761047422885895
9220,0.048504896461963654
9221,0.045416560024023056
9222,0.04535987228155136
9223,0.04748595505952835
9224,0.047143492847681046
9225,0.04507068917155266
9226,0.045125894248485565
9227,0.04656640812754631
9228,0.046268172562122345
9229,0.044851820915937424
9230,0.04484634846448898
9231,0.0458156056702137
9232,0.04567813128232956
9233,0.044708289206027985
9234,0.04459495097398758
9235,0.045186229050159454
9236,0.04514141008257866
9237,0.044547341763973236
9238,0.04441363736987114
9239,0.04477367550134659
9240,0.04476805403828621
9241,0.044380076229572296
9242,0.044292695820331573
9243,0.044514305889606476
9244,0.044539742171764374
9245,0.044263605028390884
9246,0.04418310895562172
9247,0.04436379671096802
9248,0.044393111020326614
9249,0.04418700560927391
9250,0.04406348988413811
9251,0.04420973360538483
9252,0.04429853335022926
9253,0.04413795471191406
9254,0.04396878555417061
9255,0.04401580989360809
9256,0.04415293037891388
9257,0.04409831389784813
9258,0.043917492032051086
9259,0.04385888949036598
9260,0.0439499206840992
9261,0.043994925916194916
9262,0.04388543963432312
9263,0.04376723989844322
9264,0.04377225786447525
9265,0.04383020102977753
9266,0.04380903020501137
9267,0.04371332377195358
9268,0.04365594685077667
9269,0.04367411136627197
9270,0.04368970915675163
9271,0.04364541172981262
9272,0.04358159378170967
9273,0.04355737566947937
9274,0.043566517531871796
9275,0.04355499520897865
9276,0.043511003255844116
9277,0.04347318783402443
9278,0.04346182569861412
9279,0.04345884919166565
9280,0.043434757739305496
9281,0.043398793786764145
9282,0.043376531451940536
9283,0.04336778074502945
9284,0.04335561394691467
9285,0.04332762584090233
9286,0.04329979419708252
9287,0.0432855449616909
9288,0.043275777250528336
9289,0.04325791448354721
9290,0.04322953522205353
9291,0.04320763051509857
9292,0.04319733381271362
9293,0.04318616911768913
9294,0.04316536337137222
9295,0.04313711076974869
9296,0.04311856999993324
9297,0.04311053454875946
9298,0.04309915378689766
9299,0.043077245354652405
9300,0.043048661202192307
9301,0.04303093999624252
9302,0.0430242121219635
9303,0.04301425442099571
9304,0.04299290478229523
9305,0.04296332970261574
9306,0.0429442897439003
9307,0.04293806478381157
9308,0.04293035715818405
9309,0.04291147738695145
9310,0.042881228029727936
9311,0.04285925626754761
9312,0.04285193979740143
9313,0.04284658655524254
9314,0.04283149912953377
9315,0.042802054435014725
9316,0.04277671128511429
9317,0.04276620224118233
9318,0.04276156798005104
9319,0.04275088757276535
9320,0.04272419214248657
9321,0.0426967516541481
9322,0.0426824614405632
9323,0.04267646372318268
9324,0.0426684245467186
9325,0.042645640671253204
9326,0.04261871427297592
9327,0.04260173439979553
9328,0.04259282723069191
9329,0.04258495569229126
9330,0.042565662413835526
9331,0.04254119470715523
9332,0.042523667216300964
9333,0.04251257702708244
9334,0.042503345757722855
9335,0.04248565435409546
9336,0.04246401786804199
9337,0.04244748502969742
9338,0.042435336858034134
9339,0.04242482781410217
9340,0.042407747358083725
9341,0.042388059198856354
9342,0.04237259924411774
9343,0.04236064478754997
9344,0.04234964773058891
9345,0.04233270511031151
9346,0.04231368005275726
9347,0.042298950254917145
9348,0.04228745400905609
9349,0.042276881635189056
9350,0.04226033017039299
9351,0.042241472750902176
9352,0.04222676157951355
9353,0.04221548140048981
9354,0.04220607131719589
9355,0.04219277948141098
9356,0.042179498821496964
9357,0.04217452555894852
9358,0.04218284413218498
9359,0.04221486300230026
9360,0.04228843003511429
9361,0.042457789182662964
9362,0.04284406080842018
9363,0.04370184987783432
9364,0.045602306723594666
9365,0.04976828396320343
9366,0.05903259292244911
9367,0.0797613263130188
9368,0.12594977021217346
9369,0.22483164072036743
9370,0.4189167022705078
9371,0.722370982170105
9372,1.007721185684204
9373,0.8723804950714111
9374,0.32282549142837524
9375,0.07588550448417664
9376,0.4023769497871399
9377,0.6629307270050049
9378,0.4169042408466339
9379,0.07799051702022552
9380,0.1704465001821518
9381,0.3650232255458832
9382,0.21823810040950775
9383,0.05295197293162346
9384,0.19352987408638
9385,0.2613298296928406
9386,0.10330912470817566
9387,0.07052628695964813
9388,0.1824958175420761
9389,0.13026738166809082
9390,0.048996809870004654
9391,0.11864891648292542
9392,0.14246921241283417
9393,0.061501652002334595
9394,0.06319179385900497
9395,0.11602908372879028
9396,0.0837981104850769
9397,0.04609915614128113
9398,0.08402138203382492
9399,0.08884626626968384
9400,0.0507005900144577
9401,0.05724352225661278
9402,0.0798298642039299
9403,0.058612674474716187
9404,0.04696923866868019
9405,0.06494573503732681
9406,0.06094754487276077
9407,0.045260652899742126
9408,0.05391385406255722
9409,0.05982644855976105
9410,0.04752812534570694
9411,0.04725305736064911
9412,0.056035201996564865
9413,0.049774765968322754
9414,0.0447377972304821
9415,0.05153113603591919
9416,0.05151619762182236
9417,0.044711045920848846
9418,0.04721313714981079
9419,0.050400927662849426
9420,0.04606501758098602
9421,0.04472950100898743
9422,0.048064522445201874
9423,0.04678552225232124
9424,0.04413217306137085
9425,0.0457255020737648
9426,0.04636413976550102
9427,0.044347334653139114
9428,0.04443519189953804
9429,0.04566389322280884
9430,0.04462262615561485
9431,0.04386430233716965
9432,0.04489896073937416
9433,0.04483816772699356
9434,0.04380273446440697
9435,0.04409697651863098
9436,0.04479100555181503
9437,0.04408867657184601
9438,0.04360144957900047
9439,0.04416673630475998
9440,0.04426830634474754
9441,0.04362308979034424
9442,0.043570440262556076
9443,0.04396096244454384
9444,0.0437438078224659
9445,0.04337165877223015
9446,0.04349318519234657
9447,0.043623898178339005
9448,0.043392837047576904
9449,0.043254170566797256
9450,0.04337010160088539
9451,0.043330226093530655
9452,0.04318036884069443
9453,0.043176621198654175
9454,0.0432327464222908
9455,0.043139297515153885
9456,0.04306449368596077
9457,0.04310555383563042
9458,0.04309654235839844
9459,0.04300212115049362
9460,0.04297572746872902
9461,0.043022722005844116
9462,0.0429823063313961
9463,0.04289080202579498
9464,0.04288230091333389
9465,0.04291299358010292
9466,0.042874667793512344
9467,0.04279483109712601
9468,0.042783476412296295
9469,0.042797792702913284
9470,0.042764052748680115
9471,0.042704127728939056
9472,0.042682353407144547
9473,0.0426858589053154
9474,0.04265826940536499
9475,0.04261387512087822
9476,0.04258833825588226
9477,0.04257846251130104
9478,0.04255836457014084
9479,0.0425260029733181
9480,0.042501311749219894
9481,0.042483437806367874
9482,0.042463548481464386
9483,0.04244000092148781
9484,0.04241815209388733
9485,0.04239846393465996
9486,0.04237744212150574
9487,0.04235684499144554
9488,0.042337317019701004
9489,0.04231788218021393
9490,0.04229700192809105
9491,0.04227781668305397
9492,0.04225936159491539
9493,0.042239826172590256
9494,0.042219486087560654
9495,0.04220058396458626
9496,0.04218386858701706
9497,0.04216502979397774
9498,0.04214385524392128
9499,0.042124487459659576
9500,0.04210818558931351
9501,0.04209212213754654
9502,0.042071785777807236
9503,0.0420505665242672
9504,0.04203290492296219
9505,0.04201791062951088
9506,0.04200146719813347
9507,0.04198060929775238
9508,0.041960105299949646
9509,0.04194365441799164
9510,0.041929133236408234
9511,0.04191241413354874
9512,0.04189183562994003
9513,0.04187233746051788
9514,0.041856467723846436
9515,0.04184204339981079
9516,0.04182537645101547
9517,0.04180554673075676
9518,0.041786737740039825
9519,0.04177109897136688
9520,0.04175665229558945
9521,0.04174055531620979
9522,0.04172160476446152
9523,0.041703224182128906
9524,0.0416874922811985
9525,0.04167316481471062
9526,0.04165780916810036
9527,0.04163980484008789
9528,0.04162171855568886
9529,0.04160577803850174
9530,0.04159145429730415
9531,0.041576821357011795
9532,0.0415598601102829
9533,0.0415421761572361
9534,0.04152589291334152
9535,0.0415114164352417
9536,0.041497357189655304
9537,0.04148166626691818
9538,0.04146448150277138
9539,0.0414479561150074
9540,0.04143305867910385
9541,0.04141925275325775
9542,0.04140462353825569
9543,0.041388388723134995
9544,0.04137185588479042
9545,0.04135634005069733
9546,0.041342418640851974
9547,0.041328638792037964
9548,0.041313596069812775
9549,0.04129759222269058
9550,0.041281748563051224
9551,0.04126714915037155
9552,0.0412534736096859
9553,0.04123937711119652
9554,0.041224416345357895
9555,0.04120870679616928
9556,0.041193637996912
9557,0.04117972403764725
9558,0.041166145354509354
9559,0.04115210101008415
9560,0.04113726690411568
9561,0.04112210497260094
9562,0.041107576340436935
9563,0.041093770414590836
9564,0.04108013957738876
9565,0.04106607288122177
9566,0.04105168208479881
9567,0.04103748872876167
9568,0.04102364927530289
9569,0.04101014509797096
9570,0.04099669307470322
9571,0.040983036160469055
9572,0.040969569236040115
9573,0.040956515818834305
9574,0.04094403609633446
9575,0.04093274846673012
9576,0.04092353582382202
9577,0.04091754928231239
9578,0.040917761623859406
9579,0.04092900827527046
9580,0.04095427691936493
9581,0.041005849838256836
9582,0.041116125881671906
9583,0.04133906215429306
9584,0.041779473423957825
9585,0.042563945055007935
9586,0.044017866253852844
9587,0.04694636911153793
9588,0.052781134843826294
9589,0.06460126489400864
9590,0.08557449281215668
9591,0.12510022521018982
9592,0.1993921995162964
9593,0.3359747529029846
9594,0.5303822755813599
9595,0.7134081721305847
9596,0.6566675901412964
9597,0.3648095428943634
9598,0.0766541063785553
9599,0.12266408652067184
9600,0.32476791739463806
9601,0.3327069878578186
9602,0.17203810811042786
9603,0.05202499404549599
9604,0.11379608511924744
9605,0.17972224950790405
9606,0.1136205643415451
9607,0.049613725394010544
9608,0.06887824833393097
9609,0.12047376483678818
9610,0.0976443737745285
9611,0.048116669058799744
9612,0.06493932008743286
9613,0.10345293581485748
9614,0.09723735600709915
9615,0.05067428946495056
9616,0.057454049587249756
9617,0.11014242470264435
9618,0.1250608265399933
9619,0.07987573742866516
9620,0.043763019144535065
9621,0.09759724885225296
9622,0.14986875653266907
9623,0.11854466795921326
9624,0.05409156531095505
9625,0.058378033339977264
9626,0.13622260093688965
9627,0.14364367723464966
9628,0.07301491498947144
9629,0.044185131788253784
9630,0.10055196285247803
9631,0.14674729108810425
9632,0.09513804316520691
9633,0.04339802265167236
9634,0.07141059637069702
9635,0.1131099984049797
9636,0.09075666218996048
9637,0.04563187435269356
9638,0.058018509298563004
9639,0.08954489976167679
9640,0.07760633528232574
9641,0.046822935342788696
9642,0.04919671267271042
9643,0.07035753130912781
9644,0.06549666821956635
9645,0.04587069898843765
9646,0.0448383130133152
9647,0.05723956227302551
9648,0.05653327703475952
9649,0.044864408671855927
9650,0.04299674183130264
9651,0.04896237328648567
9652,0.0494232252240181
9653,0.0437534898519516
9654,0.04217688739299774
9655,0.04507201164960861
9656,0.04483412951231003
9657,0.04230101406574249
9658,0.04184689745306969
9659,0.04355239123106003
9660,0.043171633034944534
9661,0.041569557040929794
9662,0.04199521243572235
9663,0.043133847415447235
9664,0.042760517448186874
9665,0.041441552340984344
9666,0.04226965084671974
9667,0.04367702081799507
9668,0.043015006929636
9669,0.041514188051223755
9670,0.04179951176047325
9671,0.0438530370593071
9672,0.043895307928323746
9673,0.04196212813258171
9674,0.04124445840716362
9675,0.04277418926358223
9676,0.044147178530693054
9677,0.04291369765996933
9678,0.04122905805706978
9679,0.04154020920395851
9680,0.0430339090526104
9681,0.04330289363861084
9682,0.041846007108688354
9683,0.04099109396338463
9684,0.04172073304653168
9685,0.04260636121034622
9686,0.04224748536944389
9687,0.04118344187736511
9688,0.04096527025103569
9689,0.04162202402949333
9690,0.041952457278966904
9691,0.041450995951890945
9692,0.04086588695645332
9693,0.04094655066728592
9694,0.04136795178055763
9695,0.041381336748600006
9696,0.04097212851047516
9697,0.04072854295372963
9698,0.040889330208301544
9699,0.04110129550099373
9700,0.04098423197865486
9701,0.04071574658155441
9702,0.040659792721271515
9703,0.04080374911427498
9704,0.04087835177779198
9705,0.04073069617152214
9706,0.04057769849896431
9707,0.04060811921954155
9708,0.04071144759654999
9709,0.04070892184972763
9710,0.04056834429502487
9711,0.04049110412597656
9712,0.04055590555071831
9713,0.04062426835298538
9714,0.040582213550806046
9715,0.04045478254556656
9716,0.04042012616991997
9717,0.04049746319651604
9718,0.04054528474807739
9719,0.040485478937625885
9720,0.04036535322666168
9721,0.040348101407289505
9722,0.04043055698275566
9723,0.04047337919473648
9724,0.040410131216049194
9725,0.04028898850083351
9726,0.04027029871940613
9727,0.04035334661602974
9728,0.0404038205742836
9729,0.04034939408302307
9730,0.040223103016614914
9731,0.040188372135162354
9732,0.04026630520820618
9733,0.040331270545721054
9734,0.04029691964387894
9735,0.0401676781475544
9736,0.040107361972332
9737,0.04016972333192825
9738,0.04024776816368103
9739,0.040242452174425125
9740,0.04011991247534752
9741,0.04003310948610306
9742,0.04006962478160858
9743,0.04015061631798744
9744,0.0401751808822155
9745,0.04007141664624214
9746,0.03996764495968819
9747,0.039974674582481384
9748,0.04004475846886635
9749,0.040089111775159836
9750,0.040011629462242126
9751,0.039906807243824005
9752,0.03989012539386749
9753,0.039939604699611664
9754,0.03998794034123421
9755,0.039934538304805756
9756,0.039842795580625534
9757,0.039816390722990036
9758,0.039846453815698624
9759,0.03988655284047127
9760,0.039847828447818756
9761,0.03977365046739578
9762,0.03974870964884758
9763,0.03976694867014885
9764,0.03979625552892685
9765,0.0397631898522377
9766,0.03970310464501381
9767,0.03968435898423195
9768,0.039698828011751175
9769,0.03972145915031433
9770,0.03968927264213562
9771,0.03963608667254448
9772,0.03962116688489914
9773,0.039635058492422104
9774,0.039656076580286026
9775,0.03962460905313492
9776,0.03957303985953331
9777,0.03955734521150589
9778,0.03956914693117142
9779,0.03959004953503609
9780,0.03956194221973419
9781,0.039512116461992264
9782,0.039493534713983536
9783,0.039500340819358826
9784,0.03951815888285637
9785,0.03949452191591263
9786,0.03945019468665123
9787,0.03943180665373802
9788,0.03943431377410889
9789,0.03944752365350723
9790,0.03942634537816048
9791,0.03938834369182587
9792,0.039372820407152176
9793,0.03937513008713722
9794,0.03938744589686394
9795,0.039369888603687286
9796,0.039339400827884674
9797,0.03933361917734146
9798,0.039351750165224075
9799,0.03939487040042877
9800,0.039438679814338684
9801,0.03952392190694809
9802,0.039739347994327545
9803,0.04019218310713768
9804,0.041106365621089935
9805,0.04288919270038605
9806,0.04649590700864792
9807,0.0539122074842453
9808,0.069222591817379
9809,0.10037779808044434
9810,0.16205736994743347
9811,0.276006281375885
9812,0.46550747752189636
9813,0.6838696002960205
9814,0.7666558027267456
9815,0.5002230405807495
9816,0.12373822927474976
9817,0.0957936942577362
9818,0.36352941393852234
9819,0.48563098907470703
9820,0.2770509719848633
9821,0.06006162613630295
9822,0.14093832671642303
9823,0.2828059792518616
9824,0.19489535689353943
9825,0.05215989053249359
9826,0.10765708982944489
9827,0.2061859518289566
9828,0.13869121670722961
9829,0.047778721898794174
9830,0.10137759149074554
9831,0.14827868342399597
9832,0.08252304792404175
9833,0.043622199445962906
9834,0.09429266303777695
9835,0.11239159107208252
9836,0.060961298644542694
9837,0.046631671488285065
9838,0.08380851149559021
9839,0.08104240149259567
9840,0.04655809700489044
9841,0.05043572932481766
9842,0.07363471388816833
9843,0.06271301954984665
9844,0.04228515550494194
9845,0.052180804312229156
9846,0.06293875724077225
9847,0.049868158996105194
9848,0.04167729243636131
9849,0.05198657512664795
9850,0.054132916033267975
9851,0.04357290640473366
9852,0.04293268546462059
9853,0.050293587148189545
9854,0.047516971826553345
9855,0.04120136797428131
9856,0.04436657205224037
9857,0.04798676446080208
9858,0.04367417097091675
9859,0.04106682538986206
9860,0.04459357261657715
9861,0.04532987251877785
9862,0.04165918380022049
9863,0.041358061134815216
9864,0.043914176523685455
9865,0.04321547597646713
9866,0.04086407646536827
9867,0.041477639228105545
9868,0.04291665554046631
9869,0.041801076382398605
9870,0.04055481031537056
9871,0.041344255208969116
9872,0.04200552776455879
9873,0.04106305167078972
9874,0.040464624762535095
9875,0.041089124977588654
9876,0.04129234328866005
9877,0.04061998799443245
9878,0.04039986431598663
9879,0.04084035009145737
9880,0.040838371962308884
9881,0.040367692708969116
9882,0.040318116545677185
9883,0.04060937836766243
9884,0.040543220937252045
9885,0.04021872580051422
9886,0.040225040167570114
9887,0.040426429361104965
9888,0.04034334421157837
9889,0.040113821625709534
9890,0.04011940583586693
9891,0.040264591574668884
9892,0.040201615542173386
9893,0.04002440348267555
9894,0.040013231337070465
9895,0.04010991007089615
9896,0.0400797463953495
9897,0.039943959563970566
9898,0.03991086408495903
9899,0.03997208923101425
9900,0.039963770657777786
9901,0.03986760601401329
9902,0.03981645032763481
9903,0.039847202599048615
9904,0.03985416516661644
9905,0.039792753756046295
9906,0.0397372730076313
9907,0.03973816707730293
9908,0.03974798694252968
9909,0.039715610444545746
9910,0.039668526500463486
9911,0.039649415761232376
9912,0.039649318903684616
9913,0.03963347524404526
9914,0.03960041701793671
9915,0.039575520902872086
9916,0.0395641028881073
9917,0.03955192118883133
9918,0.039529506117105484
9919,0.03950640559196472
9920,0.039490003138780594
9921,0.03947583958506584
9922,0.03945835679769516
9923,0.03943835198879242
9924,0.0394212044775486
9925,0.03940599411725998
9926,0.03938943147659302
9927,0.03937157243490219
9928,0.03935464844107628
9929,0.03933986276388168
9930,0.0393240861594677
9931,0.039306726306676865
9932,0.03929004818201065
9933,0.03927486389875412
9934,0.03926060348749161
9935,0.039244405925273895
9936,0.03922756761312485
9937,0.039211973547935486
9938,0.03919743001461029
9939,0.03918314352631569
9940,0.03916733339428902
9941,0.03915116563439369
9942,0.03913617879152298
9943,0.03912197798490524
9944,0.03910770267248154
9945,0.039092231541872025
9946,0.0390767976641655
9947,0.039062466472387314
9948,0.03904843330383301
9949,0.0390344001352787
9950,0.03901930898427963
9951,0.03900432959198952
9952,0.03899030759930611
9953,0.03897653892636299
9954,0.03896256908774376
9955,0.038947928696870804
9956,0.03893342614173889
9957,0.038919735699892044
9958,0.03890619054436684
9959,0.03889261558651924
9960,0.03887820243835449
9961,0.038863953202962875
9962,0.03885051980614662
9963,0.03883742168545723
9964,0.038824111223220825
9965,0.03881005570292473
9966,0.03879595547914505
9967,0.03878277540206909
9968,0.0387699156999588
9969,0.03875710442662239
9970,0.038743238896131516
9971,0.03872939571738243
9972,0.03871624544262886
9973,0.03870346397161484
9974,0.03869090601801872
9975,0.03867759928107262
9976,0.0386640839278698
9977,0.03865112364292145
9978,0.038638487458229065
9979,0.038626160472631454
9980,0.03861328586935997
9981,0.03860011324286461
9982,0.03858715668320656
9983,0.03857455030083656
9984,0.03856223449110985
9985,0.0385495163500309
9986,0.038536883890628815
9987,0.038524385541677475
9988,0.03851212188601494
9989,0.03850025683641434
9990,0.038487814366817474
9991,0.038475122302770615
9992,0.038462672382593155
9993,0.03845037519931793
9994,0.03843808174133301
9995,0.038426078855991364
9996,0.03841481730341911
9997,0.038404569029808044
9998,0.03839569911360741
9999,0.038389407098293304
10000,0.03838386759161949
10001,0.038380492478609085
10002,0.03838597610592842
10003,0.038408100605010986
10004,0.03846246376633644
10005,0.03857611492276192
10006,0.0388077050447464
10007,0.03928051516413689
10008,0.04024573042988777
10009,0.04220876842737198
10010,0.04578782245516777
10011,0.05259843170642853
10012,0.06692946702241898
10013,0.09613051265478134
10014,0.15631577372550964
10015,0.2577790915966034
10016,0.42821162939071655
10017,0.6455301642417908
10018,0.8268076181411743
10019,0.6742072701454163
10020,0.27351388335227966
10021,0.051727019250392914
10022,0.25154659152030945
10023,0.5177156925201416
10024,0.44513675570487976
10025,0.15285691618919373
10026,0.07174184918403625
10027,0.2631036341190338
10028,0.3151870369911194
10029,0.12882792949676514
10030,0.05317007750272751
10031,0.18528327345848083
10032,0.23197367787361145
10033,0.10592590272426605
10034,0.053508538752794266
10035,0.14411678910255432
10036,0.15941795706748962
10037,0.06897678971290588
10038,0.04988788813352585
10039,0.11238837242126465
10040,0.11063409596681595
10041,0.051856182515621185
10042,0.053402725607156754
10043,0.09354345500469208
10044,0.08268243074417114
10045,0.04394843429327011
10046,0.05689626932144165
10047,0.08541426807641983
10048,0.06683266162872314
10049,0.041386187076568604
10050,0.056653376668691635
10051,0.07481475919485092
10052,0.05709086358547211
10053,0.0402555875480175
10054,0.05307641625404358
10055,0.06246846169233322
10056,0.048060569912195206
10057,0.040555451065301895
10058,0.051479022949934006
10059,0.05377858132123947
10060,0.04282216727733612
10061,0.04120580852031708
10062,0.04914561286568642
10063,0.0481179840862751
10064,0.04066893458366394
10065,0.041630543768405914
10066,0.046526022255420685
10067,0.04420919343829155
10068,0.03976307436823845
10069,0.0414130836725235
10070,0.04388519376516342
10071,0.04152331128716469
10072,0.039436664432287216
10073,0.04112982004880905
10074,0.042314544320106506
10075,0.040317438542842865
10076,0.03943445533514023
10077,0.04104068875312805
10078,0.0413936972618103
10079,0.03980359435081482
10080,0.0393642894923687
10081,0.04081280156970024
10082,0.04101044312119484
10083,0.03959066793322563
10084,0.0391928106546402
10085,0.040218982845544815
10086,0.04050227627158165
10087,0.03947179764509201
10088,0.03902915120124817
10089,0.03969063237309456
10090,0.03996017202734947
10091,0.03930908814072609
10092,0.03891005367040634
10093,0.0392894484102726
10094,0.039535924792289734
10095,0.03914118558168411
10096,0.038824088871479034
10097,0.03903602063655853
10098,0.03923704847693443
10099,0.03901580348610878
10100,0.03874979168176651
10101,0.038844626396894455
10102,0.03901785612106323
10103,0.0389070063829422
10104,0.03868858888745308
10105,0.03868541121482849
10106,0.03881734609603882
10107,0.0387972928583622
10108,0.038637176156044006
10109,0.03857146203517914
10110,0.03863953426480293
10111,0.03866364061832428
10112,0.03857464715838432
10113,0.03849351033568382
10114,0.03850708156824112
10115,0.03853398934006691
10116,0.03849146515130997
10117,0.03842833265662193
10118,0.03841213136911392
10119,0.03842775151133537
10120,0.03840893134474754
10121,0.038361530750989914
10122,0.038338299840688705
10123,0.038341034203767776
10124,0.0383339561522007
10125,0.03829824551939964
10126,0.03827040642499924
10127,0.03826840594410896
10128,0.03826502710580826
10129,0.038240768015384674
10130,0.038207121193408966
10131,0.03819696977734566
10132,0.03820019215345383
10133,0.03818628937005997
10134,0.03815418854355812
10135,0.03812752291560173
10136,0.038127295672893524
10137,0.03812923654913902
10138,0.0381082147359848
10139,0.03807409107685089
10140,0.0380525141954422
10141,0.03805575147271156
10142,0.03805599734187126
10143,0.03803266957402229
10144,0.03799892216920853
10145,0.0379788912832737
10146,0.037981804460287094
10147,0.037981659173965454
10148,0.03795993700623512
10149,0.03792765364050865
10150,0.03790661320090294
10151,0.0379066988825798
10152,0.037907227873802185
10153,0.03788961470127106
10154,0.03785973787307739
10155,0.037836216390132904
10156,0.03783183544874191
10157,0.03783267363905907
10158,0.03782040253281593
10159,0.03779461234807968
10160,0.03776875138282776
10161,0.03775893524289131
10162,0.03775878995656967
10163,0.03775152191519737
10164,0.03773100674152374
10165,0.03770454600453377
10166,0.037689220160245895
10167,0.03768615052103996
10168,0.037682242691516876
10169,0.03766771778464317
10170,0.03764274716377258
10171,0.037623029202222824
10172,0.03761589527130127
10173,0.0376126803457737
10174,0.03760317340493202
10175,0.037581637501716614
10176,0.03756004571914673
10177,0.03754879906773567
10178,0.037543945014476776
10179,0.03753702715039253
10180,0.03751947730779648
10181,0.03749867156147957
10182,0.03748506307601929
10183,0.037477511912584305
10184,0.037470743060112
10185,0.03745604306459427
10186,0.03743758052587509
10187,0.037423599511384964
10188,0.03741420432925224
10189,0.037406306713819504
10190,0.037392910569906235
10191,0.03737656772136688
10192,0.03736353665590286
10193,0.037353720515966415
10194,0.03734471648931503
10195,0.03733164072036743
10196,0.037316784262657166
10197,0.03730469197034836
10198,0.037294939160346985
10199,0.03728567808866501
10200,0.03727268800139427
10201,0.03725837543606758
10202,0.037246719002723694
10203,0.03723740577697754
10204,0.03722834587097168
10205,0.03721538558602333
10206,0.03720109164714813
10207,0.03718950226902962
10208,0.03718007355928421
10209,0.037171345204114914
10210,0.03715891391038895
10211,0.03714486584067345
10212,0.03713316470384598
10213,0.037123411893844604
10214,0.03711480647325516
10215,0.037103548645973206
10216,0.03709135577082634
10217,0.03708220645785332
10218,0.03707725182175636
10219,0.037078604102134705
10220,0.037089452147483826
10221,0.03712493181228638
10222,0.03721901774406433
10223,0.03744128718972206
10224,0.03795020282268524
10225,0.03909216448664665
10226,0.04168613627552986
10227,0.04767649620771408
10228,0.06149675324559212
10229,0.09344087541103363
10230,0.1642078161239624
10231,0.3144318759441376
10232,0.5847909450531006
10233,0.9297235608100891
10234,0.9954289793968201
10235,0.5339507460594177
10236,0.08208581060171127
10237,0.27065497636795044
10238,0.6670336723327637
10239,0.5722551941871643
10240,0.15318834781646729
10241,0.10986125469207764
10242,0.3642292022705078
10243,0.3025946319103241
10244,0.057603154331445694
10245,0.16438820958137512
10246,0.29283517599105835
10247,0.13876235485076904
10248,0.05766811966896057
10249,0.19061307609081268
10250,0.14496855437755585
10251,0.04558011144399643
10252,0.11795496195554733
10253,0.14860402047634125
10254,0.05635546147823334
10255,0.06435859948396683
10256,0.11681737005710602
10257,0.07178543508052826
10258,0.04439418017864227
10259,0.09045624732971191
10260,0.07730273902416229
10261,0.04192385822534561
10262,0.06569068133831024
10263,0.07526951283216476
10264,0.04452165961265564
10265,0.05150623247027397
10266,0.06782086193561554
10267,0.04824849218130112
10268,0.043164126574993134
10269,0.058805909007787704
10270,0.050473667681217194
10271,0.039979152381420135
10272,0.05087145417928696
10273,0.049891043454408646
10274,0.03994353488087654
10275,0.045311689376831055
10276,0.04859865456819534
10277,0.04057684913277626
10278,0.04185657948255539
10279,0.04623175039887428
10280,0.04157984256744385
10281,0.04001982510089874
10282,0.04414752125740051
10283,0.041932202875614166
10284,0.03933408856391907
10285,0.04192204773426056
10286,0.04200302064418793
10287,0.0392276793718338
10288,0.04039965942502022
10289,0.04140976071357727
10290,0.0394851416349411
10291,0.039307478815317154
10292,0.04066425561904907
10293,0.03973466157913208
10294,0.038857243955135345
10295,0.039775628596544266
10296,0.039748288691043854
10297,0.03878489509224892
10298,0.0390918105840683
10299,0.03954024612903595
10300,0.0388883575797081
10301,0.03868451341986656
10302,0.03916005790233612
10303,0.038957007229328156
10304,0.03851599991321564
10305,0.03876537084579468
10306,0.03890303894877434
10307,0.0385298915207386
10308,0.03845278173685074
10309,0.03868859261274338
10310,0.03855306655168533
10311,0.038328804075717926
10312,0.038428764790296555
10313,0.03849470615386963
10314,0.03830329328775406
10315,0.03824714943766594
10316,0.0383373498916626
10317,0.038284942507743835
10318,0.03815958648920059
10319,0.03818421810865402
10320,0.0382082425057888
10321,0.03812078386545181
10322,0.03806884214282036
10323,0.03810208663344383
10324,0.0380777046084404
10325,0.03800512105226517
10326,0.037993863224983215
10327,0.03800857812166214
10328,0.03796325623989105
10329,0.037915781140327454
10330,0.03791600093245506
10331,0.037912189960479736
10332,0.03786666691303253
10333,0.037836410105228424
10334,0.0378350131213665
10335,0.03781876713037491
10336,0.03778023272752762
10337,0.0377592071890831
10338,0.03775366023182869
10339,0.037732794880867004
10340,0.03770045191049576
10341,0.03768273442983627
10342,0.03767292574048042
10343,0.03765270113945007
10344,0.0376264788210392
10345,0.0376092791557312
10346,0.03759533911943436
10347,0.037576183676719666
10348,0.0375550277531147
10349,0.03753921017050743
10350,0.037523187696933746
10351,0.03750355541706085
10352,0.03748485818505287
10353,0.037469979375600815
10354,0.037454552948474884
10355,0.037435583770275116
10356,0.037417221814394
10357,0.03740205243229866
10358,0.03738703578710556
10359,0.037370067089796066
10360,0.037352435290813446
10361,0.037336599081754684
10362,0.03732142969965935
10363,0.03730512782931328
10364,0.037289008498191833
10365,0.03727356344461441
10366,0.03725811466574669
10367,0.03724215552210808
10368,0.03722609579563141
10369,0.037211351096630096
10370,0.03719658404588699
10371,0.03718109056353569
10372,0.03716519847512245
10373,0.03715015947818756
10374,0.03713608905673027
10375,0.03712144121527672
10376,0.03710605204105377
10377,0.03709086403250694
10378,0.03707657381892204
10379,0.03706272318959236
10380,0.037048254162073135
10381,0.037033263593912125
10382,0.03701869025826454
10383,0.03700491040945053
10384,0.036991264671087265
10385,0.036976952105760574
10386,0.036962468177080154
10387,0.03694850206375122
10388,0.036934856325387955
10389,0.036921583116054535
10390,0.036907605826854706
10391,0.0368935652077198
10392,0.03687988594174385
10393,0.036866605281829834
10394,0.03685341030359268
10395,0.03683986887335777
10396,0.03682631626725197
10397,0.036812923848629
10398,0.036799803376197815
10399,0.03678693249821663
10400,0.03677370399236679
10401,0.03676044940948486
10402,0.036747343838214874
10403,0.03673446923494339
10404,0.036721840500831604
10405,0.036708857864141464
10406,0.036695972084999084
10407,0.036683183163404465
10408,0.03667057678103447
10409,0.036658186465501785
10410,0.03664552420377731
10411,0.036632802337408066
10412,0.0366203635931015
10413,0.03660796210169792
10414,0.03659583255648613
10415,0.036583416163921356
10416,0.03657098487019539
10417,0.03655865788459778
10418,0.036546483635902405
10419,0.03653430566191673
10420,0.03652222082018852
10421,0.03651009872555733
10422,0.036498282104730606
10423,0.03648645058274269
10424,0.036474838852882385
10425,0.03646283969283104
10426,0.036450766026973724
10427,0.03643890097737312
10428,0.03642703965306282
10429,0.03641523793339729
10430,0.03640366345643997
10431,0.03639240190386772
10432,0.03638151288032532
10433,0.03637103736400604
10434,0.03636112064123154
10435,0.03635097295045853
10436,0.03634060546755791
10437,0.03633148968219757
10438,0.03632432594895363
10439,0.03632044792175293
10440,0.03632287681102753
10441,0.03633655607700348
10442,0.03636970743536949
10443,0.03643849492073059
10444,0.03657297417521477
10445,0.03679149970412254
10446,0.037167783826589584
10447,0.03790317475795746
10448,0.03932143375277519
10449,0.04208975285291672
10450,0.04690361022949219
10451,0.05583237484097481
10452,0.07318676263093948
10453,0.10743874311447144
10454,0.17000508308410645
10455,0.2701931595802307
10456,0.39644622802734375
10457,0.539743959903717
10458,0.5517562627792358
10459,0.381588876247406
10460,0.12068906426429749
10461,0.04986768960952759
10462,0.1948208510875702
10463,0.32089710235595703
10464,0.26935407519340515
10465,0.09937278926372528
10466,0.05332566052675247
10467,0.15536227822303772
10468,0.20523931086063385
10469,0.13008204102516174
10470,0.044916681945323944
10471,0.0717037245631218
10472,0.1403355598449707
10473,0.12329672276973724
10474,0.05520123988389969
10475,0.04563559591770172
10476,0.09628511965274811
10477,0.11619975417852402
10478,0.07473674416542053
10479,0.038764677941799164
10480,0.05355173349380493
10481,0.0801052451133728
10482,0.07132107764482498
10483,0.04380647838115692
10484,0.04078909382224083
10485,0.057769645005464554
10486,0.0604897066950798
10487,0.046186305582523346
10488,0.0379255972802639
10489,0.045687947422266006
10490,0.050810784101486206
10491,0.043543435633182526
10492,0.03765251487493515
10493,0.0408024899661541
10494,0.045449357479810715
10495,0.04174330458045006
10496,0.037478286772966385
10497,0.04043279215693474
10498,0.043900590389966965
10499,0.04165484383702278
10500,0.03742750361561775
10501,0.039948586374521255
10502,0.04433199390769005
10503,0.04264722019433975
10504,0.03804166615009308
10505,0.03824678063392639
10506,0.04366876929998398
10507,0.04459259659051895
10508,0.03982113301753998
10509,0.03711094707250595
10510,0.04026782512664795
10511,0.0441528782248497
10512,0.04204659163951874
10513,0.03774504363536835
10514,0.03756130486726761
10515,0.04092896357178688
10516,0.042350783944129944
10517,0.03948294371366501
10518,0.03696301206946373
10519,0.038034357130527496
10520,0.04024629294872284
10521,0.040006235241889954
10522,0.037744294852018356
10523,0.036827992647886276
10524,0.038046933710575104
10525,0.03897923603653908
10526,0.03814486041665077
10527,0.036895766854286194
10528,0.03689829632639885
10529,0.03774930164217949
10530,0.037859052419662476
10531,0.03708432987332344
10532,0.03662572056055069
10533,0.03694627806544304
10534,0.03736252710223198
10535,0.037100013345479965
10536,0.03660612553358078
10537,0.036607012152671814
10538,0.03693413734436035
10539,0.03702399879693985
10540,0.0366649329662323
10541,0.03645161911845207
10542,0.03666567802429199
10543,0.036888279020786285
10544,0.03677771985530853
10545,0.03644052892923355
10546,0.03642603009939194
10547,0.03671445697546005
10548,0.036831263452768326
10549,0.03661385923624039
10550,0.036318328231573105
10551,0.03641672059893608
10552,0.036729153245687485
10553,0.03678311035037041
10554,0.03651302307844162
10555,0.03623499721288681
10556,0.03637978062033653
10557,0.03670642897486687
10558,0.03674602136015892
10559,0.036458276212215424
10560,0.03616747260093689
10561,0.03630242869257927
10562,0.036639485508203506
10563,0.03670986369252205
10564,0.03643830865621567
10565,0.03611387312412262
10566,0.036195289343595505
10567,0.03653297945857048
10568,0.036664046347141266
10569,0.03644212335348129
10570,0.036081474274396896
10571,0.03607891499996185
10572,0.03639611601829529
10573,0.03659733012318611
10574,0.03645602986216545
10575,0.036075107753276825
10576,0.03597123175859451
10577,0.03623781353235245
10578,0.03649624437093735
10579,0.036455847322940826
10580,0.036086082458496094
10581,0.035887639969587326
10582,0.0360773541033268
10583,0.03636031225323677
10584,0.03641906753182411
10585,0.03609474003314972
10586,0.03583008795976639
10587,0.03593232482671738
10588,0.03620057553052902
10589,0.03633363917469978
10590,0.03607594966888428
10591,0.03578721359372139
10592,0.03581637516617775
10593,0.03604206442832947
10594,0.03620964288711548
10595,0.03601847589015961
10596,0.03574297949671745
10597,0.03572770580649376
10598,0.03590349853038788
10599,0.03607079014182091
10600,0.035929352045059204
10601,0.03568794205784798
10602,0.035658299922943115
10603,0.035794612020254135
10604,0.0359438993036747
10605,0.035830266773700714
10606,0.03562480956315994
10607,0.03559984639286995
10608,0.035714633762836456
10609,0.03584598749876022
10610,0.03574395552277565
10611,0.03556269407272339
10612,0.03554549068212509
10613,0.03565094992518425
10614,0.0357733890414238
10615,0.03567660599946976
10616,0.03550625592470169
10617,0.03549041226506233
10618,0.03558965399861336
10619,0.035710494965314865
10620,0.03562149405479431
10621,0.03545518219470978
10622,0.03543249890208244
10623,0.03552017733454704
10624,0.03563852235674858
10625,0.03556225076317787
10626,0.035404741764068604
10627,0.03537556156516075
10628,0.03544779494404793
10629,0.03555718809366226
10630,0.03549351915717125
10631,0.03535143658518791
10632,0.035321325063705444
10633,0.035380370914936066
10634,0.03547772020101547
10635,0.03542193025350571
10636,0.03529580682516098
10637,0.03526994585990906
10638,0.03532234951853752
10639,0.03541140258312225
10640,0.035360030829906464
10641,0.03524335101246834
10642,0.03521879389882088
10643,0.03526504337787628
10644,0.03534838557243347
10645,0.03530258685350418
10646,0.0351935513317585
10647,0.03516712784767151
10648,0.03520433232188225
10649,0.03527868911623955
10650,0.03523888438940048
10651,0.035141557455062866
10652,0.03511727973818779
10653,0.035148635506629944
10654,0.03521502763032913
10655,0.035179007798433304
10656,0.03509058058261871
10657,0.035068053752183914
10658,0.03509480878710747
10659,0.035155024379491806
10660,0.03512220084667206
10661,0.03504106029868126
10662,0.03501942753791809
10663,0.03504147753119469
10664,0.035095714032649994
10665,0.035066667944192886
10666,0.03499264642596245
10667,0.03497123345732689
10668,0.03498808294534683
10669,0.03503461927175522
10670,0.03500897437334061
10671,0.03494558110833168
10672,0.03493122011423111
10673,0.03495367616415024
10674,0.035010550171136856
10675,0.03500919044017792
10676,0.03498881310224533
10677,0.03505218029022217
10678,0.035228557884693146
10679,0.03560183569788933
10680,0.03627076372504234
10681,0.03764265030622482
10682,0.040581367909908295
10683,0.04678325355052948
10684,0.059786051511764526
10685,0.08654339611530304
10686,0.14061740040779114
10687,0.24681635200977325
10688,0.426741361618042
10689,0.664893388748169
10690,0.7785061001777649
10691,0.5696712732315063
10692,0.16941383481025696
10693,0.06548909097909927
10694,0.3225429654121399
10695,0.5064871907234192
10696,0.35017716884613037
10697,0.085304394364357
10698,0.10869815945625305
10699,0.28095608949661255
10700,0.21916216611862183
10701,0.05763326585292816
10702,0.09181258827447891
10703,0.19844402372837067
10704,0.14006748795509338
10705,0.044703420251607895
10706,0.10473506897687912
10707,0.15267744660377502
10708,0.07711412012577057
10709,0.041365861892700195
10710,0.0997353047132492
10711,0.11203567683696747
10712,0.05269797891378403
10713,0.04820703715085983
10714,0.089829221367836
10715,0.07712046056985855
10716,0.04005112126469612
10717,0.052652593702077866
10718,0.07494339346885681
10719,0.0544339194893837
10720,0.03782925382256508
10721,0.05390731245279312
10722,0.0591161847114563
10723,0.04197711870074272
10724,0.039776623249053955
10725,0.05079278349876404
10726,0.04631488770246506
10727,0.03731513395905495
10728,0.04263795167207718
10729,0.04681817814707756
10730,0.03936534374952316
10731,0.03760683164000511
10732,0.04366572946310043
10733,0.04241972416639328
10734,0.03714657202363014
10735,0.039118729531764984
10736,0.04249013587832451
10737,0.03919347748160362
10738,0.03692576289176941
10739,0.03973297402262688
10740,0.04033009707927704
10741,0.03724294528365135
10742,0.03694232180714607
10743,0.03925580531358719
10744,0.03864126652479172
10745,0.0364685021340847
10746,0.036734819412231445
10747,0.03800018131732941
10748,0.037413861602544785
10749,0.03644994646310806
10750,0.036768075078725815
10751,0.03697498142719269
10752,0.036447830498218536
10753,0.03632645308971405
10754,0.0368272140622139
10755,0.03664403408765793
10756,0.03600829839706421
10757,0.03608185425400734
10758,0.036523956805467606
10759,0.036489397287368774
10760,0.03605319559574127
10761,0.03603610768914223
10762,0.036223556846380234
10763,0.036120519042015076
10764,0.036025963723659515
10765,0.036107175052165985
10766,0.03612145408987999
10767,0.035890307277441025
10768,0.035787079483270645
10769,0.03600720688700676
10770,0.03608105704188347
10771,0.03582371398806572
10772,0.03562233969569206
10773,0.03574651852250099
10774,0.03593216463923454
10775,0.035814493894577026
10776,0.03557611256837845
10777,0.03554881736636162
10778,0.0356767438352108
10779,0.03572999686002731
10780,0.03559897467494011
10781,0.035466309636831284
10782,0.03547893464565277
10783,0.03554017096757889
10784,0.03556628152728081
10785,0.03548615798354149
10786,0.03538911044597626
10787,0.03537841886281967
10788,0.03541238233447075
10789,0.035456255078315735
10790,0.035403501242399216
10791,0.03530892729759216
10792,0.035282157361507416
10793,0.03530881553888321
10794,0.035359423607587814
10795,0.03531721979379654
10796,0.035229869186878204
10797,0.03520272672176361
10798,0.035223349928855896
10799,0.035266440361738205
10800,0.035229526460170746
10801,0.03515614569187164
10802,0.03513428941369057
10803,0.035150010138750076
10804,0.03518706187605858
10805,0.03515450656414032
10806,0.035089973360300064
10807,0.035067446529865265
10808,0.035076625645160675
10809,0.035109929740428925
10810,0.03508339449763298
10811,0.035025663673877716
10812,0.035001203417778015
10813,0.03500274941325188
10814,0.035030074417591095
10815,0.03500879555940628
10816,0.034959577023983
10817,0.03493673726916313
10818,0.03493473306298256
10819,0.03495735675096512
10820,0.03493844345211983
10821,0.03489484265446663
10822,0.03487355634570122
10823,0.03486866131424904
10824,0.034886326640844345
10825,0.034868307411670685
10826,0.03482983633875847
10827,0.03481164947152138
10828,0.034805409610271454
10829,0.03481830656528473
10830,0.03479975461959839
10831,0.03476530313491821
10832,0.034750357270240784
10833,0.03474388271570206
10834,0.034751471132040024
10835,0.03473073989152908
10836,0.034699417650699615
10837,0.034689467400312424
10838,0.034686870872974396
10839,0.03469446301460266
10840,0.034671761095523834
10841,0.03463776409626007
10842,0.03462649881839752
10843,0.03462227061390877
10844,0.034622810781002045
10845,0.03459775075316429
10846,0.034569717943668365
10847,0.03456796705722809
10848,0.03458109498023987
10849,0.03460853919386864
10850,0.03459539636969566
10851,0.03455226868391037
10852,0.03453189134597778
10853,0.03452322632074356
10854,0.0345197468996048
10855,0.034569643437862396
10856,0.03476081043481827
10857,0.0351567342877388
10858,0.03594252094626427
10859,0.037506937980651855
10860,0.03984013944864273
10861,0.043779537081718445
10862,0.051944147795438766
10863,0.06890334188938141
10864,0.10266493260860443
10865,0.16527649760246277
10866,0.2710135579109192
10867,0.45071035623550415
10868,0.645991861820221
10869,0.751745343208313
10870,0.4962015151977539
10871,0.13176372647285461
10872,0.07123898714780807
10873,0.3167918920516968
10874,0.4968985319137573
10875,0.3094130754470825
10876,0.0673433467745781
10877,0.12278944998979568
10878,0.2856835126876831
10879,0.24241280555725098
10880,0.06290261447429657
10881,0.09527528285980225
10882,0.24280709028244019
10883,0.19467131793498993
10884,0.056404564529657364
10885,0.09428678452968597
10886,0.2141520380973816
10887,0.16241835057735443
10888,0.04566429555416107
10889,0.07675321400165558
10890,0.1607871651649475
10891,0.11655591428279877
10892,0.03999568521976471
10893,0.07608623802661896
10894,0.12148947268724442
10895,0.07889233529567719
10896,0.03721937537193298
10897,0.06852813065052032
10898,0.08987816423177719
10899,0.053731128573417664
10900,0.03876464068889618
10901,0.06348247826099396
10902,0.06596100330352783
10903,0.04206239432096481
10904,0.04038618132472038
10905,0.05429912358522415
10906,0.047640129923820496
10907,0.03671691194176674
10908,0.04301362857222557
10909,0.048850830644369125
10910,0.03970790281891823
10911,0.03743993490934372
10912,0.04552391171455383
10913,0.0442262664437294
10914,0.036766115576028824
10915,0.038976579904556274
10916,0.04584831744432449
10917,0.04197864979505539
10918,0.03594132140278816
10919,0.039156220853328705
10920,0.0432133674621582
10921,0.03945785015821457
10922,0.03567829355597496
10923,0.03860466182231903
10924,0.04061263054609299
10925,0.03759002685546875
10926,0.0355461947619915
10927,0.0375303216278553
10928,0.038542650640010834
10929,0.03641868010163307
10930,0.03544612601399422
10931,0.03663913160562515
10932,0.03698843717575073
10933,0.03576556220650673
10934,0.03533731400966644
10935,0.036018166691064835
10936,0.03595147281885147
10937,0.03530395030975342
10938,0.035252708941698074
10939,0.03567175939679146
10940,0.0354902446269989
10941,0.035100553184747696
10942,0.03526342660188675
10943,0.035492904484272
10944,0.03528976067900658
10945,0.03502042219042778
10946,0.03528568521142006
10947,0.035501495003700256
10948,0.03521554172039032
10949,0.03494397923350334
10950,0.03514114022254944
10951,0.03544926643371582
10952,0.035240184515714645
10953,0.03488816320896149
10954,0.034944016486406326
10955,0.03522135317325592
10956,0.035202786326408386
10957,0.034883346408605576
10958,0.0347849503159523
10959,0.03496828302741051
10960,0.03504796698689461
10961,0.03486763685941696
10962,0.034698981791734695
10963,0.03476165980100632
10964,0.03486453741788864
10965,0.03479859232902527
10966,0.03465547040104866
10967,0.03462829813361168
10968,0.03469942510128021
10969,0.03470344841480255
10970,0.03461219742894173
10971,0.03454899787902832
10972,0.034571848809719086
10973,0.034599196165800095
10974,0.03455912321805954
10975,0.03449459746479988
10976,0.03447863459587097
10977,0.034499023109674454
10978,0.034492701292037964
10979,0.03444812074303627
10980,0.03441152721643448
10981,0.03441064804792404
10982,0.034416623413562775
10983,0.03439653292298317
10984,0.034360844641923904
10985,0.034339539706707
10986,0.034338291734457016
10987,0.034333735704422
10988,0.03431203216314316
10989,0.0342852920293808
10990,0.03427001088857651
10991,0.03426472842693329
10992,0.03425532206892967
10993,0.03423601761460304
10994,0.034215155988931656
10995,0.03420152887701988
10996,0.034193072468042374
10997,0.03418184816837311
10998,0.03416524827480316
10999,0.03414790332317352
11000,0.03413454070687294
11001,0.03412396088242531
11002,0.03411230817437172
11003,0.03409786894917488
11004,0.034082766622304916
11005,0.03406941890716553
11006,0.03405778482556343
11007,0.03404611349105835
11008,0.03403318673372269
11009,0.03401946276426315
11010,0.03400629013776779
11011,0.03399414196610451
11012,0.03398238494992256
11013,0.03397022560238838
11014,0.03395754471421242
11015,0.033944856375455856
11016,0.033932432532310486
11017,0.033920664340257645
11018,0.03390892967581749
11019,0.033896926790475845
11020,0.0338846892118454
11021,0.03387266397476196
11022,0.03386078029870987
11023,0.033849142491817474
11024,0.0338374488055706
11025,0.033825699239969254
11026,0.03381390869617462
11027,0.03380221873521805
11028,0.0337907075881958
11029,0.033779289573431015
11030,0.03376782685518265
11031,0.03375630080699921
11032,0.03374489024281502
11033,0.033733513206243515
11034,0.033722225576639175
11035,0.0337110310792923
11036,0.03369978815317154
11037,0.03368859365582466
11038,0.03367747738957405
11039,0.03366634622216225
11040,0.033655356615781784
11041,0.033644311130046844
11042,0.03363329917192459
11043,0.033622343093156815
11044,0.033611495047807693
11045,0.0336005873978138
11046,0.03358977288007736
11047,0.03357894718647003
11048,0.03356825187802315
11049,0.03355751186609268
11050,0.03354676067829132
11051,0.0335361547768116
11052,0.03352557122707367
11053,0.03351496532559395
11054,0.03350445255637169
11055,0.033493876457214355
11056,0.0334833525121212
11057,0.033472899347543716
11058,0.033462561666965485
11059,0.03345215320587158
11060,0.033441755920648575
11061,0.033431414514780045
11062,0.03342113643884659
11063,0.033410824835300446
11064,0.03340061381459236
11065,0.03339041396975517
11066,0.033380232751369476
11067,0.03337015584111214
11068,0.03336005285382271
11069,0.03335007280111313
11070,0.033340130001306534
11071,0.033330321311950684
11072,0.03332066908478737
11073,0.03331151604652405
11074,0.033302996307611465
11075,0.033295683562755585
11076,0.03329090029001236
11077,0.03329097107052803
11078,0.033300429582595825
11079,0.03332899883389473
11080,0.033394962549209595
11081,0.03353815898299217
11082,0.03384391963481903
11083,0.034493397921323776
11084,0.03587448596954346
11085,0.03879803419113159
11086,0.045041993260383606
11087,0.05859363079071045
11088,0.08758428692817688
11089,0.14859604835510254
11090,0.2643810510635376
11091,0.45510244369506836
11092,0.6540178656578064
11093,0.6742621064186096
11094,0.3659633994102478
11095,0.06530129164457321
11096,0.14100520312786102
11097,0.3982180058956146
11098,0.4230528771877289
11099,0.1840323507785797
11100,0.0482405424118042
11101,0.1739046573638916
11102,0.2647547721862793
11103,0.14372894167900085
11104,0.04065917059779167
11105,0.11314912140369415
11106,0.17548775672912598
11107,0.0946161076426506
11108,0.04125061258673668
11109,0.10327942669391632
11110,0.1201198399066925
11111,0.057141389697790146
11112,0.04203221946954727
11113,0.08724233508110046
11114,0.0848308801651001
11115,0.04158760979771614
11116,0.04798397421836853
11117,0.07788233458995819
11118,0.06150919944047928
11119,0.03620096668601036
11120,0.050268035382032394
11121,0.06498168408870697
11122,0.04680171608924866
11123,0.03608445078134537
11124,0.05096736550331116
11125,0.053887929767370224
11126,0.03885834664106369
11127,0.037260133773088455
11128,0.047762542963027954
11129,0.04419790953397751
11130,0.03534463420510292
11131,0.03908415883779526
11132,0.04385492578148842
11133,0.03829807788133621
11134,0.03500943258404732
11135,0.03933402895927429
11136,0.03975286707282066
11137,0.03548027575016022
11138,0.035755567252635956
11139,0.03859223797917366
11140,0.036930765956640244
11141,0.03469007834792137
11142,0.03628179058432579
11143,0.037310320883989334
11144,0.03534488007426262
11145,0.0346873477101326
11146,0.036304641515016556
11147,0.036277998238801956
11148,0.034682776778936386
11149,0.034762054681777954
11150,0.035860538482666016
11151,0.03546018898487091
11152,0.03441790118813515
11153,0.03474096208810806
11154,0.03537217900156975
11155,0.03489001840353012
11156,0.03428170084953308
11157,0.03458140045404434
11158,0.03492409735918045
11159,0.03451790660619736
11160,0.03417962044477463
11161,0.03439469635486603
11162,0.03455367311835289
11163,0.034286897629499435
11164,0.034100230783224106
11165,0.03423533961176872
11166,0.0342833437025547
11167,0.03411908820271492
11168,0.03403341770172119
11169,0.03411649540066719
11170,0.03411432355642319
11171,0.033997684717178345
11172,0.033965788781642914
11173,0.03402079641819
11174,0.03400488942861557
11175,0.03391243889927864
11176,0.03389232978224754
11177,0.033936697989702225
11178,0.03392012044787407
11179,0.033847272396087646
11180,0.03382054716348648
11181,0.03385425731539726
11182,0.03384678065776825
11183,0.033785320818424225
11184,0.03375377878546715
11185,0.033771928399801254
11186,0.03377597779035568
11187,0.03372788801789284
11188,0.03368736803531647
11189,0.03369193151593208
11190,0.033701181411743164
11191,0.03367363288998604
11192,0.03362905979156494
11193,0.03361481428146362
11194,0.03362218663096428
11195,0.03361278399825096
11196,0.03357936814427376
11197,0.03355037048459053
11198,0.03354503959417343
11199,0.033543866127729416
11200,0.03352614492177963
11201,0.033498454838991165
11202,0.03347976505756378
11203,0.03347400203347206
11204,0.03346624597907066
11205,0.03344789892435074
11206,0.03342628851532936
11207,0.033411648124456406
11208,0.033403441309928894
11209,0.03339289501309395
11210,0.03337635099887848
11211,0.03335854411125183
11212,0.03334490582346916
11213,0.03333498537540436
11214,0.033324066549539566
11215,0.03330911323428154
11216,0.033293258398771286
11217,0.03327987343072891
11218,0.033269014209508896
11219,0.03325817734003067
11220,0.033244773745536804
11221,0.03323003649711609
11222,0.0332166887819767
11223,0.03320515528321266
11224,0.033194463700056076
11225,0.033182039856910706
11226,0.03316834941506386
11227,0.033155281096696854
11228,0.03314345329999924
11229,0.03313261270523071
11230,0.03312072902917862
11231,0.033108003437519073
11232,0.03309544175863266
11233,0.033083438873291016
11234,0.033072397112846375
11235,0.03306082263588905
11236,0.033048730343580246
11237,0.033036839216947556
11238,0.03302503004670143
11239,0.03301380202174187
11240,0.033002205193042755
11241,0.03299063444137573
11242,0.03297926485538483
11243,0.03296785056591034
11244,0.032956562936306
11245,0.032944805920124054
11246,0.03293326124548912
11247,0.032922424376010895
11248,0.03291163221001625
11249,0.032900597900152206
11250,0.032888706773519516
11251,0.03287713602185249
11252,0.03286648541688919
11253,0.03285606577992439
11254,0.03284567967057228
11255,0.0328340008854866
11256,0.032822199165821075
11257,0.032811399549245834
11258,0.032801155000925064
11259,0.03279106691479683
11260,0.03277995437383652
11261,0.03276847302913666
11262,0.032757554203271866
11263,0.03274725005030632
11264,0.03273732587695122
11265,0.03272664174437523
11266,0.032715581357479095
11267,0.03270478919148445
11268,0.032694343477487564
11269,0.032684292644262314
11270,0.032673779875040054
11271,0.03266310319304466
11272,0.03265269845724106
11273,0.03264264762401581
11274,0.03263276070356369
11275,0.03262242674827576
11276,0.03261173889040947
11277,0.03260137513279915
11278,0.03259117528796196
11279,0.03258112445473671
11280,0.03257090598344803
11281,0.03256121650338173
11282,0.03255227580666542
11283,0.032544370740652084
11284,0.032538171857595444
11285,0.03253187611699104
11286,0.03252600133419037
11287,0.03252539038658142
11288,0.03253447636961937
11289,0.03256281837821007
11290,0.03263070434331894
11291,0.03277968987822533
11292,0.03309493884444237
11293,0.033759813755750656
11294,0.03515569865703583
11295,0.037750471383333206
11296,0.04281696304678917
11297,0.05384611338376999
11298,0.0771072506904602
11299,0.12691140174865723
11300,0.2138364017009735
11301,0.36709874868392944
11302,0.5738171339035034
11303,0.7661991119384766
11304,0.6432029604911804
11305,0.2655109167098999
11306,0.04421279951930046
11307,0.23880992829799652
11308,0.49881595373153687
11309,0.4174332618713379
11310,0.13245956599712372
11311,0.0736781507730484
11312,0.2672097682952881
11313,0.3011709749698639
11314,0.10936392843723297
11315,0.052565790712833405
11316,0.19062945246696472
11317,0.20458287000656128
11318,0.07175591588020325
11319,0.061268121004104614
11320,0.15258076786994934
11321,0.13022243976593018
11322,0.04410558566451073
11323,0.06052938848733902
11324,0.11664744466543198
11325,0.07872099429368973
11326,0.03560438007116318
11327,0.07153526693582535
11328,0.09187495708465576
11329,0.053397826850414276
11330,0.0372791513800621
11331,0.07100511342287064
11332,0.07398805022239685
11333,0.040565624833106995
11334,0.04166790470480919
11335,0.06528662145137787
11336,0.056132763624191284
11337,0.03507601469755173
11338,0.04295361414551735
11339,0.05501952022314072
11340,0.0427931472659111
11341,0.03427679091691971
11342,0.045001089572906494
11343,0.04757817089557648
11344,0.036510054022073746
11345,0.03555642440915108
11346,0.04351039230823517
11347,0.041045259684324265
11348,0.03410385549068451
11349,0.03674547001719475
11350,0.040484458208084106
11351,0.03648041561245918
11352,0.03374990075826645
11353,0.036899250000715256
11354,0.037814635783433914
11355,0.03432280197739601
11356,0.03423721715807915
11357,0.036924589425325394
11358,0.036089684814214706
11359,0.033623985946178436
11360,0.034373193979263306
11361,0.036209993064403534
11362,0.035038866102695465
11363,0.03338539972901344
11364,0.03426635265350342
11365,0.03527320176362991
11366,0.03422322869300842
11367,0.033277492970228195
11368,0.03399835526943207
11369,0.034515026956796646
11370,0.03369990736246109
11371,0.03320975601673126
11372,0.03378060460090637
11373,0.034014347940683365
11374,0.0334165059030056
11375,0.033136412501335144
11376,0.03355894982814789
11377,0.03368154540657997
11378,0.03324088081717491
11379,0.03305206447839737
11380,0.03332116827368736
11381,0.03339364752173424
11382,0.033106498420238495
11383,0.03297067806124687
11384,0.03313545882701874
11385,0.03317436948418617
11386,0.03298214077949524
11387,0.03290005773305893
11388,0.03300049528479576
11389,0.03302846476435661
11390,0.032891713082790375
11391,0.03283477947115898
11392,0.03291504085063934
11393,0.03292960673570633
11394,0.032826900482177734
11395,0.032764412462711334
11396,0.03282841295003891
11397,0.03286035358905792
11398,0.0327773280441761
11399,0.03270163759589195
11400,0.03272654116153717
11401,0.032774701714515686
11402,0.03273266926407814
11403,0.03265262022614479
11404,0.03263722360134125
11405,0.03267141431570053
11406,0.0326671227812767
11407,0.032608892768621445
11408,0.03256945312023163
11409,0.032579343765974045
11410,0.032587308436632156
11411,0.03255612403154373
11412,0.03251621127128601
11413,0.03250526264309883
11414,0.03251105546951294
11415,0.032497331500053406
11416,0.032465897500514984
11417,0.03244607895612717
11418,0.03244311362504959
11419,0.03243746981024742
11420,0.032415468245744705
11421,0.03239317610859871
11422,0.03238443285226822
11423,0.03237972408533096
11424,0.03236590698361397
11425,0.03234373778104782
11426,0.032329585403203964
11427,0.03232467919588089
11428,0.03231608867645264
11429,0.03229842707514763
11430,0.032278791069984436
11431,0.03226960450410843
11432,0.03226519748568535
11433,0.03225359320640564
11434,0.03223457559943199
11435,0.032217223197221756
11436,0.032210059463977814
11437,0.03220556303858757
11438,0.03219299018383026
11439,0.032173868268728256
11440,0.03215733915567398
11441,0.0321507602930069
11442,0.032146356999874115
11443,0.03213419392704964
11444,0.032115597277879715
11445,0.03209887817502022
11446,0.032091520726680756
11447,0.032087329775094986
11448,0.03207671269774437
11449,0.0320594497025013
11450,0.03204193711280823
11451,0.03203297406435013
11452,0.032028764486312866
11453,0.03202030807733536
11454,0.03200489655137062
11455,0.03198673203587532
11456,0.03197542205452919
11457,0.03197064250707626
11458,0.03196420893073082
11459,0.03195149824023247
11460,0.031933385878801346
11461,0.03191972151398659
11462,0.031913332641124725
11463,0.03190813586115837
11464,0.03189820423722267
11465,0.03188132494688034
11466,0.03186582773923874
11467,0.03185722604393959
11468,0.03185200318694115
11469,0.03184441477060318
11470,0.03182940185070038
11471,0.03181343898177147
11472,0.03180312737822533
11473,0.03179687634110451
11474,0.03179018944501877
11475,0.031777217984199524
11476,0.03176206722855568
11477,0.03175099194049835
11478,0.0317436121404171
11479,0.031737130135297775
11480,0.03172627091407776
11481,0.03171398490667343
11482,0.031705621629953384
11483,0.031701840460300446
11484,0.03170277178287506
11485,0.03170669823884964
11486,0.03172171488404274
11487,0.031763706356287
11488,0.03185553103685379
11489,0.032041918486356735
11490,0.032408665865659714
11491,0.03314259275794029
11492,0.03463809937238693
11493,0.0376879908144474
11494,0.04396343231201172
11495,0.056628964841365814
11496,0.08233051002025604
11497,0.13278815150260925
11498,0.22644808888435364
11499,0.36955195665359497
11500,0.5237019062042236
11501,0.5442183017730713
11502,0.35127729177474976
11503,0.09532478451728821
11504,0.05957736074924469
11505,0.23441734910011292
11506,0.346902072429657
11507,0.25735971331596375
11508,0.0838964655995369
11509,0.05826861038804054
11510,0.16942676901817322
11511,0.1937326341867447
11512,0.09784892201423645
11513,0.03624407947063446
11514,0.08702042698860168
11515,0.12729215621948242
11516,0.07543542981147766
11517,0.0345916785299778
11518,0.06687094271183014
11519,0.09932057559490204
11520,0.06932531297206879
11521,0.03429799899458885
11522,0.0503523014485836
11523,0.074184350669384
11524,0.05800645425915718
11525,0.03414657339453697
11526,0.045509565621614456
11527,0.06364315748214722
11528,0.05375445634126663
11529,0.03499395400285721
11530,0.04024770110845566
11531,0.055160924792289734
11532,0.049562327563762665
11533,0.03501879796385765
11534,0.03662759065628052
11535,0.04741593822836876
11536,0.04548921436071396
11537,0.03496605530381203
11538,0.035195961594581604
11539,0.04258490726351738
11540,0.041570212692022324
11541,0.034630030393600464
11542,0.03401920199394226
11543,0.038781847804784775
11544,0.03837713226675987
11545,0.03394976258277893
11546,0.03341936320066452
11547,0.03621161729097366
11548,0.03621487691998482
11549,0.033460889011621475
11550,0.03296981379389763
11551,0.034450069069862366
11552,0.03454264998435974
11553,0.03306621313095093
11554,0.03267061710357666
11555,0.033519040793180466
11556,0.03355266526341438
11557,0.03277282044291496
11558,0.032497040927410126
11559,0.032993465662002563
11560,0.0330653190612793
11561,0.03257044032216072
11562,0.03241456300020218
11563,0.03270687162876129
11564,0.03280702233314514
11565,0.032463304698467255
11566,0.03234143927693367
11567,0.03258579596877098
11568,0.032667167484760284
11569,0.03241590037941933
11570,0.03224590793251991
11571,0.03245635703206062
11572,0.032610174268484116
11573,0.03241350129246712
11574,0.03218855336308479
11575,0.032267458736896515
11576,0.03250226378440857
11577,0.03245754912495613
11578,0.03220149874687195
11579,0.03211446851491928
11580,0.032277483493089676
11581,0.03241540491580963
11582,0.032271552830934525
11583,0.032066795974969864
11584,0.032071661204099655
11585,0.03222203999757767
11586,0.03227259963750839
11587,0.032116156071424484
11588,0.031979888677597046
11589,0.03201647847890854
11590,0.03212480619549751
11591,0.03213232010602951
11592,0.03200167417526245
11593,0.03190894052386284
11594,0.0319429375231266
11595,0.032016970217227936
11596,0.032012566924095154
11597,0.03191153705120087
11598,0.03184022754430771
11599,0.03186193108558655
11600,0.031912777572870255
11601,0.031910110265016556
11602,0.03183512017130852
11603,0.03177335485816002
11604,0.03177974000573158
11605,0.03181564435362816
11606,0.031820811331272125
11607,0.03176777809858322
11608,0.031710296869277954
11609,0.03170090541243553
11610,0.031723618507385254
11611,0.03173691779375076
11612,0.03170562535524368
11613,0.03165386617183685
11614,0.0316288098692894
11615,0.031634945422410965
11616,0.031652629375457764
11617,0.03164302557706833
11618,0.03160294145345688
11619,0.03156683221459389
11620,0.03155318647623062
11621,0.031566016376018524
11622,0.03157420828938484
11623,0.031552981585264206
11624,0.031515974551439285
11625,0.03148360550403595
11626,0.03148156777024269
11627,0.03149697184562683
11628,0.03149661049246788
11629,0.031471360474824905
11630,0.03142984211444855
11631,0.031407907605171204
11632,0.03141572326421738
11633,0.031427327543497086
11634,0.03142070025205612
11635,0.03138486295938492
11636,0.0313500352203846
11637,0.03134183585643768
11638,0.031350456178188324
11639,0.031356241554021835
11640,0.03133523464202881
11641,0.03130200877785683
11642,0.03128247708082199
11643,0.03127891942858696
11644,0.0312829427421093
11645,0.03127236291766167
11646,0.031249679625034332
11647,0.0312314685434103
11648,0.03122086450457573
11649,0.031216802075505257
11650,0.03120584599673748
11651,0.031189456582069397
11652,0.031177083030343056
11653,0.031168296933174133
11654,0.031162016093730927
11655,0.03114914335310459
11656,0.031133245676755905
11657,0.031122133135795593
11658,0.031114691868424416
11659,0.031109340488910675
11660,0.031097186729311943
11661,0.03108227252960205
11662,0.031071754172444344
11663,0.031064260751008987
11664,0.031058339402079582
11665,0.031045574694871902
11666,0.031030304729938507
11667,0.031020019203424454
11668,0.031013187021017075
11669,0.031008336693048477
11670,0.030996622517704964
11671,0.030981246381998062
11672,0.030969783663749695
11673,0.030961263924837112
11674,0.03095519170165062
11675,0.030944131314754486
11676,0.0309305340051651
11677,0.030920084565877914
11678,0.030911898240447044
11679,0.030905719846487045
11680,0.030894866213202477
11681,0.03088172897696495
11682,0.030871573835611343
11683,0.030863288789987564
11684,0.030856674537062645
11685,0.03084585815668106
11686,0.030833182856440544
11687,0.03082326427102089
11688,0.03081548772752285
11689,0.030809611082077026
11690,0.0307993795722723
11691,0.030786454677581787
11692,0.030775653198361397
11693,0.030766069889068604
11694,0.03075733780860901
11695,0.03074728511273861
11696,0.03073871321976185
11697,0.030733942985534668
11698,0.030733561143279076
11699,0.030740421265363693
11700,0.030742211267352104
11701,0.030739301815629005
11702,0.030749456956982613
11703,0.03078111819922924
11704,0.03085273690521717
11705,0.031019728630781174
11706,0.03137749433517456
11707,0.03208637237548828
11708,0.03350817412137985
11709,0.03635566681623459
11710,0.04130297526717186
11711,0.05032232403755188
11712,0.06910353899002075
11713,0.10609473288059235
11714,0.1792619228363037
11715,0.2888619303703308
11716,0.44257715344429016
11717,0.5612623691558838
11718,0.5492445230484009
11719,0.2943938672542572
11720,0.06335768103599548
11721,0.0778891071677208
11722,0.25433409214019775
11723,0.3531649112701416
11724,0.23706969618797302
11725,0.07245896756649017
11726,0.06353368610143661
11727,0.17652760446071625
11728,0.21396997570991516
11729,0.11398424208164215
11730,0.03598861023783684
11731,0.07663288712501526
11732,0.13111349940299988
11733,0.09662352502346039
11734,0.037411078810691833
11735,0.048412568867206573
11736,0.09032581001520157
11737,0.08678621053695679
11738,0.047404415905475616
11739,0.03480622172355652
11740,0.05652454122900963
11741,0.06295602768659592
11742,0.04436792433261871
11743,0.03251783177256584
11744,0.042424771934747696
11745,0.04854791238903999
11746,0.038378141820430756
11747,0.03221047297120094
11748,0.03838060051202774
11749,0.043602705001831055
11750,0.036277901381254196
11751,0.03201381489634514
11752,0.038471769541502
11753,0.04159121587872505
11754,0.03583222255110741
11755,0.03182876855134964
11756,0.03926079720258713
11757,0.04410829767584801
11758,0.0378144234418869
11759,0.03182554617524147
11760,0.036034539341926575
11761,0.04370827600359917
11762,0.04071785509586334
11763,0.032813336700201035
11764,0.03285554051399231
11765,0.03943699970841408
11766,0.04109200835227966
11767,0.034838199615478516
11768,0.03142493963241577
11769,0.03514542430639267
11770,0.038590870797634125
11771,0.036012422293424606
11772,0.03177322447299957
11773,0.03224913403391838
11774,0.035286542028188705
11775,0.03529474139213562
11776,0.03244728595018387
11777,0.03128306195139885
11778,0.03293672204017639
11779,0.03407902643084526
11780,0.032741304486989975
11781,0.03122243471443653
11782,0.03171426057815552
11783,0.03290846571326256
11784,0.032708797603845596
11785,0.03144749626517296
11786,0.031167877838015556
11787,0.03203985095024109
11788,0.03242572024464607
11789,0.0317259281873703
11790,0.031030043959617615
11791,0.031378138810396194
11792,0.03203047811985016
11793,0.031903550028800964
11794,0.031219368800520897
11795,0.030961835756897926
11796,0.03145148232579231
11797,0.031811535358428955
11798,0.031487543135881424
11799,0.03097149170935154
11800,0.030944015830755234
11801,0.03135756030678749
11802,0.03151781111955643
11803,0.031196823343634605
11804,0.030847787857055664
11805,0.0308873001486063
11806,0.031176792457699776
11807,0.03124849870800972
11808,0.031003160402178764
11809,0.03076707012951374
11810,0.030799809843301773
11811,0.03098410926759243
11812,0.03102506324648857
11813,0.0308645348995924
11814,0.030702916905283928
11815,0.030705146491527557
11816,0.03081069327890873
11817,0.03084591031074524
11818,0.030755862593650818
11819,0.030644699931144714
11820,0.030621903017163277
11821,0.030672945082187653
11822,0.03070349059998989
11823,0.030662551522254944
11824,0.030590355396270752
11825,0.03055461496114731
11826,0.030568625777959824
11827,0.030590496957302094
11828,0.030578525736927986
11829,0.030536092817783356
11830,0.030498865991830826
11831,0.030490247532725334
11832,0.030499299988150597
11833,0.030499489977955818
11834,0.030478883534669876
11835,0.030448248609900475
11836,0.030428586527705193
11837,0.030425693839788437
11838,0.030426785349845886
11839,0.03041822835803032
11840,0.030396776273846626
11841,0.030375100672245026
11842,0.030363954603672028
11843,0.030360762029886246
11844,0.030356328934431076
11845,0.03034220263361931
11846,0.030323579907417297
11847,0.030310051515698433
11848,0.03030318208038807
11849,0.0302987489849329
11850,0.03029004856944084
11851,0.030278854072093964
11852,0.0302724726498127
11853,0.030274689197540283
11854,0.030288251116871834
11855,0.03031490370631218
11856,0.030368799343705177
11857,0.030480671674013138
11858,0.0307016558945179
11859,0.03112977370619774
11860,0.031945113092660904
11861,0.03352426737546921
11862,0.036615774035453796
11863,0.04272938892245293
11864,0.05470819026231766
11865,0.07789550721645355
11866,0.12097810208797455
11867,0.19832845032215118
11868,0.3140734136104584
11869,0.4497275948524475
11870,0.5033795237541199
11871,0.39819884300231934
11872,0.172607421875
11873,0.035865023732185364
11874,0.10675317049026489
11875,0.257895827293396
11876,0.3178960680961609
11877,0.2167200744152069
11878,0.0672587901353836
11879,0.05772774666547775
11880,0.15646539628505707
11881,0.18808147311210632
11882,0.10709603875875473
11883,0.03547459468245506
11884,0.06743256747722626
11885,0.11135917156934738
11886,0.08415563404560089
11887,0.03742942586541176
11888,0.04460335150361061
11889,0.08007901906967163
11890,0.07604609429836273
11891,0.043019697070121765
11892,0.03505763038992882
11893,0.05772828683257103
11894,0.06510214507579803
11895,0.044549282640218735
11896,0.03197682648897171
11897,0.04440637305378914
11898,0.05511686950922012
11899,0.04431576281785965
11900,0.031973738223314285
11901,0.0384519100189209
11902,0.049445267766714096
11903,0.04442618787288666
11904,0.0331517793238163
11905,0.03400444611907005
11906,0.04318724945187569
11907,0.04292982071638107
11908,0.03410077840089798
11909,0.03193740174174309
11910,0.0380634106695652
11911,0.04117453843355179
11912,0.035537511110305786
11913,0.03122718259692192
11914,0.0344042032957077
11915,0.038254544138908386
11916,0.03611534461379051
11917,0.03160898759961128
11918,0.03196580708026886
11919,0.03506913781166077
11920,0.03528565168380737
11921,0.03238185867667198
11922,0.030996626242995262
11923,0.03267371281981468
11924,0.03388723358511925
11925,0.032796841114759445
11926,0.031122306361794472
11927,0.03118038922548294
11928,0.03234563022851944
11929,0.032482024282217026
11930,0.03146941214799881
11931,0.03078279085457325
11932,0.0311592910438776
11933,0.0317072719335556
11934,0.03148886188864708
11935,0.03089713677763939
11936,0.030703913420438766
11937,0.030966419726610184
11938,0.031163856387138367
11939,0.03096742182970047
11940,0.030679482966661453
11941,0.030615683645009995
11942,0.030746502801775932
11943,0.03082423284649849
11944,0.030702615156769753
11945,0.03055725246667862
11946,0.030526870861649513
11947,0.030578453093767166
11948,0.030607057735323906
11949,0.0305507630109787
11950,0.030476488173007965
11951,0.030441949144005775
11952,0.030454786494374275
11953,0.030471321195364
11954,0.030449124053120613
11955,0.03040469065308571
11956,0.030373254790902138
11957,0.030368853360414505
11958,0.03037375584244728
11959,0.030366403982043266
11960,0.03034050203859806
11961,0.030314680188894272
11962,0.03030078299343586
11963,0.030296748504042625
11964,0.030292067676782608
11965,0.030272742733359337
11966,0.030255859717726707
11967,0.03024367243051529
11968,0.03023146465420723
11969,0.030220557004213333
11970,0.030201910063624382
11971,0.030191201716661453
11972,0.03018609620630741
11973,0.030174782499670982
11974,0.03015727922320366
11975,0.03013121709227562
11976,0.030118823051452637
11977,0.03012181632220745
11978,0.030119137838482857
11979,0.030102215707302094
11980,0.030068088322877884
11981,0.030045878142118454
11982,0.030048398301005363
11983,0.030055304989218712
11984,0.03004845418035984
11985,0.030014872550964355
11986,0.0299821887165308
11987,0.029974626377224922
11988,0.029981721192598343
11989,0.02998519130051136
11990,0.02996254526078701
11991,0.029929468408226967
11992,0.029911687597632408
11993,0.029909467324614525
11994,0.029912935569882393
11995,0.02990015223622322
11996,0.029875941574573517
11997,0.029858343303203583
11998,0.029849227517843246
11999,0.02984588034451008
12000,0.02983369678258896
12001,0.029815446585416794
12002,0.029802512377500534
12003,0.029794273898005486
12004,0.029788585379719734
12005,0.029774826020002365
12006,0.02975742146372795
12007,0.029745865613222122
12008,0.02973870187997818
12009,0.029733926057815552
12010,0.029721064493060112
12011,0.02970477193593979
12012,0.029693743214011192
12013,0.0296864602714777
12014,0.02968134731054306
12015,0.029668381437659264
12016,0.029651809483766556
12017,0.029640458524227142
12018,0.02963300235569477
12019,0.02962789684534073
12020,0.02961605042219162
12021,0.029600713402032852
12022,0.029589537531137466
12023,0.029581589624285698
12024,0.029575806111097336
12025,0.029564103111624718
12026,0.02954944036900997
12027,0.029538419097661972
12028,0.029530294239521027
12029,0.029524240642786026
12030,0.029512973502278328
12031,0.029499346390366554
12032,0.029488977044820786
12033,0.02948102168738842
12034,0.029474960640072823
12035,0.02946404181420803
12036,0.02945048175752163
12037,0.02943986840546131
12038,0.02943156473338604
12039,0.029424916952848434
12040,0.02941420115530491
12041,0.029401570558547974
12042,0.029391547664999962
12043,0.02938336692750454
12044,0.029376961290836334
12045,0.02936652861535549
12046,0.029354184865951538
12047,0.02934400923550129
12048,0.029335524886846542
12049,0.029328400269150734
12050,0.029318466782569885
12051,0.029307587072253227
12052,0.029299262911081314
12053,0.029293373227119446
12054,0.029290659353137016
12055,0.029285231605172157
12056,0.029278837144374847
12057,0.02927839756011963
12058,0.02928643859922886
12059,0.029308611527085304
12060,0.02936176024377346
12061,0.02947809547185898
12062,0.02970670536160469
12063,0.030152423307299614
12064,0.031025994569063187
12065,0.03263431787490845
12066,0.035703592002391815
12067,0.0418824702501297
12068,0.05430725961923599
12069,0.07915443181991577
12070,0.1260860413312912
12071,0.21044130623340607
12072,0.34321558475494385
12073,0.4969783425331116
12074,0.5522325038909912
12075,0.39116132259368896
12076,0.12412068247795105
12077,0.05584784597158432
12078,0.21348348259925842
12079,0.34568697214126587
12080,0.27136197686195374
12081,0.09154757857322693
12082,0.055158358067274094
12083,0.1683078408241272
12084,0.21625955402851105
12085,0.11503754556179047
12086,0.03447520732879639
12087,0.08671741187572479
12088,0.1413796842098236
12089,0.089500293135643
12090,0.03177358955144882
12091,0.07303150743246078
12092,0.1217985525727272
12093,0.08946642279624939
12094,0.03800582140684128
12095,0.05248275399208069
12096,0.09219426661729813
12097,0.07594767212867737
12098,0.04154310002923012
12099,0.050605133175849915
12100,0.07455070316791534
12101,0.06231343746185303
12102,0.036231689155101776
12103,0.045223116874694824
12104,0.06608971953392029
12105,0.05639994144439697
12106,0.033419765532016754
12107,0.03575883433222771
12108,0.05199829488992691
12109,0.048997532576322556
12110,0.034572359174489975
12111,0.03345418721437454
12112,0.041766341775655746
12113,0.041519034653902054
12114,0.03605268895626068
12115,0.03495830297470093
12116,0.03577825054526329
12117,0.03473744913935661
12118,0.03432026505470276
12119,0.037131063640117645
12120,0.03589426726102829
12121,0.031437866389751434
12122,0.03162902593612671
12123,0.03585458919405937
12124,0.038046348839998245
12125,0.033567577600479126
12126,0.03045659512281418
12127,0.03306957334280014
12128,0.036273349076509476
12129,0.03688371181488037
12130,0.03386398404836655
12131,0.03231768310070038
12132,0.033208705484867096
12133,0.03470733016729355
12134,0.0367911271750927
12135,0.035868674516677856
12136,0.033159039914608
12137,0.031619537621736526
12138,0.033065009862184525
12139,0.03670062869787216
12140,0.036383967846632004
12141,0.03260984271764755
12142,0.03041873127222061
12143,0.03213970363140106
12144,0.0357338972389698
12145,0.0352008230984211
12146,0.031586963683366776
12147,0.02995547652244568
12148,0.03171420097351074
12149,0.03457158803939819
12150,0.03377554193139076
12151,0.03081047162413597
12152,0.029855787754058838
12153,0.0315055176615715
12154,0.033827219158411026
12155,0.03298420086503029
12156,0.030489591881632805
12157,0.02980026602745056
12158,0.03123166225850582
12159,0.033337920904159546
12160,0.032681748270988464
12161,0.03048820048570633
12162,0.029730986803770065
12163,0.030773252248764038
12164,0.03269083425402641
12165,0.032362766563892365
12166,0.030579278245568275
12167,0.029757210984826088
12168,0.030370933935046196
12169,0.032010577619075775
12170,0.03197188302874565
12171,0.030682161450386047
12172,0.029908718541264534
12173,0.030173111706972122
12174,0.03152686730027199
12175,0.031690292060375214
12176,0.03084319643676281
12177,0.03015286847949028
12178,0.030118346214294434
12179,0.03119911439716816
12180,0.031516727060079575
12181,0.03106416016817093
12182,0.030462628230452538
12183,0.030093850567936897
12184,0.0307871475815773
12185,0.031186463311314583
12186,0.031195754185318947
12187,0.030846403911709785
12188,0.030243726447224617
12189,0.030474767088890076
12190,0.030772190541028976
12191,0.031186500564217567
12192,0.03124886006116867
12193,0.03060227632522583
12194,0.030386950820684433
12195,0.030375728383660316
12196,0.031003480777144432
12197,0.0315464548766613
12198,0.031055130064487457
12199,0.030441883951425552
12200,0.029928728938102722
12201,0.03054714761674404
12202,0.03161292523145676
12203,0.03159210830926895
12204,0.030863139778375626
12205,0.029742907732725143
12206,0.0299533624202013
12207,0.03130638971924782
12208,0.03189790993928909
12209,0.031379129737615585
12210,0.029780767858028412
12211,0.029337208718061447
12212,0.03064390830695629
12213,0.03185409680008888
12214,0.031970858573913574
12215,0.030271850526332855
12216,0.029046563431620598
12217,0.02979576587677002
12218,0.03115295246243477
12219,0.031820669770240784
12220,0.030459236353635788
12221,0.028954435139894485
12222,0.029208848252892494
12223,0.03060837648808956
12224,0.03214149922132492
12225,0.03155618906021118
12226,0.029823768883943558
12227,0.029262887313961983
12228,0.02966676838696003
12229,0.03033832274377346
12230,0.031030943617224693
12231,0.03345693275332451
12232,0.03925175964832306
12233,0.05123069882392883
12234,0.07376570254564285
12235,0.10343991965055466
12236,0.14213207364082336
12237,0.21275049448013306
12238,0.3081456124782562
12239,0.4204011559486389
12240,0.44768208265304565
12241,0.35487356781959534
12242,0.1501031219959259
12243,0.03421483188867569
12244,0.09109260141849518
12245,0.20746317505836487
12246,0.2420511543750763
12247,0.15315255522727966
12248,0.051686957478523254
12249,0.04883340746164322
12250,0.11144192516803741
12251,0.1291392743587494
12252,0.0821274071931839
12253,0.03627736121416092
12254,0.04235895350575447
12255,0.06509417295455933
12256,0.05773994326591492
12257,0.03832659125328064
12258,0.031135519966483116
12259,0.04012773558497429
12260,0.04391588270664215
12261,0.03548779711127281
12262,0.03065059520304203
12263,0.03484367951750755
12264,0.040830668061971664
12265,0.03567715361714363
12266,0.031372349709272385
12267,0.036634910851716995
12268,0.041878148913383484
12269,0.03956412896513939
12270,0.03142924979329109
12271,0.03601924329996109
12272,0.04805982857942581
12273,0.04987792670726776
12274,0.03979814425110817
12275,0.03047863207757473
12276,0.04309002310037613
12277,0.059597909450531006
12278,0.055778395384550095
12279,0.03848284110426903
12280,0.03052516095340252
12281,0.0494522787630558
12282,0.06611111015081406
12283,0.05586989223957062
12284,0.0352967269718647
12285,0.03216952085494995
12286,0.055245473980903625
12287,0.06915605068206787
12288,0.05382242053747177
12289,0.032793059945106506
12290,0.034070901572704315
12291,0.057776592671871185
12292,0.0680355504155159
12293,0.050772637128829956
12294,0.03151215985417366
12295,0.03467832878232002
12296,0.05546161159873009
12297,0.062178559601306915
12298,0.045966364443302155
12299,0.030386006459593773
12300,0.03439071774482727
12301,0.050851717591285706
12302,0.05482252687215805
12303,0.041358716785907745
12304,0.029745275154709816
12305,0.033594999462366104
12306,0.04561753571033478
12307,0.04780670255422592
12308,0.037656474858522415
12309,0.029428895562887192
12310,0.032391250133514404
12311,0.04054788872599602
12312,0.04187034070491791
12313,0.03497868776321411
12314,0.02930961176753044
12315,0.03097936511039734
12316,0.0360800176858902
12317,0.037138886749744415
12318,0.033012278378009796
12319,0.0292564295232296
12320,0.029854703694581985
12321,0.03279974311590195
12322,0.03378571569919586
12323,0.031669002026319504
12324,0.0292697474360466
12325,0.029146136716008186
12326,0.03065391071140766
12327,0.03153793513774872
12328,0.030719390138983727
12329,0.029301520437002182
12330,0.02883617952466011
12331,0.02943909540772438
12332,0.030110081657767296
12333,0.030002973973751068
12334,0.02929920144379139
12335,0.028791243210434914
12336,0.02886849455535412
12337,0.02925785444676876
12338,0.029436666518449783
12339,0.029210582375526428
12340,0.028842085972428322
12341,0.028684820979833603
12342,0.028813103213906288
12343,0.029009168967604637
12344,0.02903524413704872
12345,0.02885504998266697
12346,0.028660548850893974
12347,0.028622686862945557
12348,0.028721120208501816
12349,0.028814787045121193
12350,0.028774036094546318
12351,0.028643876314163208
12352,0.028556210920214653
12353,0.02856091409921646
12354,0.028618354350328445
12355,0.028629561886191368
12356,0.02857280895113945
12357,0.028511542826890945
12358,0.02848346158862114
12359,0.028491707518696785
12360,0.028494942933321
12361,0.028472159057855606
12362,0.028445862233638763
12363,0.028427233919501305
12364,0.028419198468327522
12365,0.02840959094464779
12366,0.028393832966685295
12367,0.028380779549479485
12368,0.02837093360722065
12369,0.028362704440951347
12370,0.028349846601486206
12371,0.028338376432657242
12372,0.02833241969347
12373,0.028327278792858124
12374,0.028318777680397034
12375,0.028299298137426376
12376,0.028283342719078064
12377,0.02827993407845497
12378,0.028281468898057938
12379,0.02827921137213707
12380,0.028257792815566063
12381,0.028232773765921593
12382,0.028222493827342987
12383,0.028222694993019104
12384,0.0282250065356493
12385,0.02820912003517151
12386,0.028183666989207268
12387,0.028168121352791786
12388,0.028162172064185143
12389,0.028161324560642242
12390,0.02814951166510582
12391,0.028130441904067993
12392,0.028117582201957703
12393,0.02811046689748764
12394,0.028106333687901497
12395,0.02809414081275463
12396,0.028078297153115273
12397,0.028068456798791885
12398,0.02806299552321434
12399,0.02805936336517334
12400,0.028046082705259323
12401,0.02802908420562744
12402,0.028019025921821594
12403,0.02801400050520897
12404,0.02801167592406273
12405,0.027999568730592728
12406,0.027981961145997047
12407,0.027970002964138985
12408,0.02796264737844467
12409,0.027958327904343605
12410,0.027947479858994484
12411,0.027932995930314064
12412,0.02792327105998993
12413,0.027917178347706795
12414,0.027913687750697136
12415,0.027903825044631958
12416,0.027891196310520172
12417,0.02788453735411167
12418,0.027883712202310562
12419,0.027889739722013474
12420,0.027897551655769348
12421,0.027916254475712776
12422,0.02796599641442299
12423,0.02806909754872322
12424,0.02827085182070732
12425,0.028645411133766174
12426,0.02936391718685627
12427,0.03077474981546402
12428,0.033566541969776154
12429,0.03908683359622955
12430,0.04994317144155502
12431,0.07102330774068832
12432,0.1117769330739975
12433,0.18363140523433685
12434,0.2970820367336273
12435,0.4189014434814453
12436,0.4778784513473511
12437,0.38029634952545166
12438,0.16979891061782837
12439,0.03359608352184296
12440,0.10358723998069763
12441,0.23557600378990173
12442,0.2858095169067383
12443,0.23085546493530273
12444,0.08081933110952377
12445,0.0473993718624115
12446,0.12543520331382751
12447,0.16931551694869995
12448,0.14666424691677094
12449,0.05704985558986664
12450,0.04484729468822479
12451,0.07931341975927353
12452,0.10270828753709793
12453,0.07235085219144821
12454,0.0351669117808342
12455,0.042713526636362076
12456,0.06368739157915115
12457,0.06315542757511139
12458,0.035581767559051514
12459,0.03499462082982063
12460,0.0474342405796051
12461,0.053737785667181015
12462,0.03714313730597496
12463,0.031832072883844376
12464,0.03720462694764137
12465,0.04395647719502449
12466,0.035698454827070236
12467,0.03093690611422062
12468,0.03227660804986954
12469,0.037978220731019974
12470,0.034657470881938934
12471,0.030316250398755074
12472,0.030556881800293922
12473,0.03484628349542618
12474,0.03375692665576935
12475,0.030147012323141098
12476,0.02954210713505745
12477,0.03277524188160896
12478,0.03276044502854347
12479,0.03025639057159424
12480,0.029047485440969467
12481,0.03128204494714737
12482,0.0322440080344677
12483,0.030630776658654213
12484,0.028937362134456635
12485,0.02981523424386978
12486,0.03137478604912758
12487,0.030957071110606194
12488,0.029187863692641258
12489,0.028890147805213928
12490,0.030108654871582985
12491,0.03073139302432537
12492,0.02964312955737114
12493,0.028640583157539368
12494,0.029052870348095894
12495,0.02995407208800316
12496,0.029936423525214195
12497,0.02897280640900135
12498,0.028482340276241302
12499,0.028956996276974678
12500,0.02954566478729248
12501,0.029319044202566147
12502,0.02861756645143032
12503,0.02837134711444378
12504,0.02879050001502037
12505,0.029101887717843056
12506,0.028897251933813095
12507,0.028416486456990242
12508,0.028309889137744904
12509,0.02857484295964241
12510,0.028794188052415848
12511,0.02862638793885708
12512,0.028315402567386627
12513,0.028216388076543808
12514,0.02841564454138279
12515,0.02854812517762184
12516,0.0284610316157341
12517,0.02823159098625183
12518,0.028144363313913345
12519,0.02824489213526249
12520,0.028363050892949104
12521,0.028322935104370117
12522,0.028177889063954353
12523,0.028070412576198578
12524,0.028113847598433495
12525,0.028188975527882576
12526,0.028202705085277557
12527,0.028122946619987488
12528,0.02803049236536026
12529,0.02801564894616604
12530,0.028051555156707764
12531,0.028080901131033897
12532,0.028061751276254654
12533,0.027997374534606934
12534,0.027956971898674965
12535,0.02794354222714901
12536,0.027961505576968193
12537,0.027980070561170578
12538,0.027956746518611908
12539,0.0279165580868721
12540,0.027866659685969353
12541,0.027853528037667274
12542,0.02787998504936695
12543,0.027895091101527214
12544,0.02788073569536209
12545,0.027821514755487442
12546,0.027773436158895493
12547,0.027780191972851753
12548,0.02780728042125702
12549,0.02782454527914524
12550,0.027784066274762154
12551,0.02772502973675728
12552,0.02770322374999523
12553,0.02771419659256935
12554,0.027738895267248154
12555,0.027723871171474457
12556,0.027681011706590652
12557,0.027653705328702927
12558,0.02764630690217018
12559,0.02765839919447899
12560,0.02764894813299179
12561,0.027621285989880562
12562,0.02760377898812294
12563,0.02759465202689171
12564,0.027595994994044304
12565,0.02758064866065979
12566,0.02755647525191307
12567,0.02754509262740612
12568,0.027542361989617348
12569,0.027548223733901978
12570,0.0275347251445055
12571,0.027509205043315887
12572,0.027494018897414207
12573,0.027484668418765068
12574,0.027480268850922585
12575,0.027465518563985825
12576,0.02745380811393261
12577,0.027458935976028442
12578,0.027482513338327408
12579,0.027536563575267792
12580,0.0275680273771286
12581,0.02757846936583519
12582,0.027648651972413063
12583,0.02782212756574154
12584,0.028201395645737648
12585,0.029098650440573692
12586,0.031114444136619568
12587,0.035330209881067276
12588,0.04432514309883118
12589,0.06314650923013687
12590,0.09742407500743866
12591,0.15841719508171082
12592,0.27802643179893494
12593,0.45600229501724243
12594,0.666294515132904
12595,0.6346850395202637
12596,0.34381747245788574
12597,0.05652099475264549
12598,0.1187315359711647
12599,0.38266077637672424
12600,0.41977018117904663
12601,0.20379400253295898
12602,0.04515456035733223
12603,0.14923924207687378
12604,0.2737636864185333
12605,0.14622914791107178
12606,0.034645866602659225
12607,0.12918582558631897
12608,0.19464051723480225
12609,0.09763111919164658
12610,0.03896649181842804
12611,0.16870875656604767
12612,0.2144242376089096
12613,0.0836571455001831
12614,0.035940900444984436
12615,0.14044079184532166
12616,0.16731809079647064
12617,0.06043083593249321
12618,0.04330728203058243
12619,0.12248633801937103
12620,0.12200754880905151
12621,0.044763900339603424
12622,0.04487904906272888
12623,0.09682174026966095
12624,0.07364228367805481
12625,0.03130297362804413
12626,0.04535887762904167
12627,0.06727433204650879
12628,0.04622406139969826
12629,0.029538607224822044
12630,0.04415592551231384
12631,0.04413209855556488
12632,0.03057117573916912
12633,0.03249461203813553
12634,0.04137017950415611
12635,0.03363726660609245
12636,0.029981601983308792
12637,0.03851909935474396
12638,0.037462953478097916
12639,0.02959132008254528
12640,0.032812733203172684
12641,0.04183392971754074
12642,0.036126602441072464
12643,0.028616895899176598
12644,0.03386681154370308
12645,0.039339855313301086
12646,0.03375740349292755
12647,0.02841019071638584
12648,0.03290395811200142
12649,0.0354071706533432
12650,0.031086169183254242
12651,0.02836444415152073
12652,0.031038153916597366
12653,0.03225721791386604
12654,0.02939954772591591
12655,0.028327427804470062
12656,0.029461124911904335
12657,0.029620757326483727
12658,0.028462525457143784
12659,0.02830563299357891
12660,0.028760280460119247
12661,0.028366781771183014
12662,0.028083933517336845
12663,0.028332935646176338
12664,0.028451334685087204
12665,0.028072284534573555
12666,0.02829020842909813
12667,0.02868952974677086
12668,0.02837253361940384
12669,0.027962936088442802
12670,0.028315173462033272
12671,0.028988759964704514
12672,0.028589531779289246
12673,0.02791437692940235
12674,0.028119271621108055
12675,0.02875983901321888
12676,0.02870740182697773
12677,0.02798469364643097
12678,0.027887143194675446
12679,0.028360847383737564
12680,0.028487060219049454
12681,0.02804669551551342
12682,0.02774127945303917
12683,0.02799321711063385
12684,0.028183691203594208
12685,0.02797730639576912
12686,0.02770104445517063
12687,0.027725929394364357
12688,0.027900928631424904
12689,0.027853868901729584
12690,0.027674473822116852
12691,0.027600165456533432
12692,0.027666086331009865
12693,0.027702998369932175
12694,0.027622612193226814
12695,0.02754746563732624
12696,0.027538128197193146
12697,0.027556009590625763
12698,0.02754076011478901
12699,0.02749749645590782
12700,0.02747400477528572
12701,0.02746511995792389
12702,0.02745566889643669
12703,0.02743852138519287
12704,0.027419956400990486
12705,0.02740662172436714
12706,0.027393870055675507
12707,0.027381213381886482
12708,0.02736833691596985
12709,0.02735522948205471
12710,0.02734311856329441
12711,0.027333939447999
12712,0.02732245810329914
12713,0.027307257056236267
12714,0.027292732149362564
12715,0.02728363871574402
12716,0.027280597016215324
12717,0.027269532904028893
12718,0.027249248698353767
12719,0.027231592684984207
12720,0.02722521685063839
12721,0.027226334437727928
12722,0.027215659618377686
12723,0.02719241753220558
12724,0.02717267908155918
12725,0.027167044579982758
12726,0.027169974520802498
12727,0.02716042660176754
12728,0.02713688090443611
12729,0.027115343138575554
12730,0.02710798755288124
12731,0.0271107479929924
12732,0.027103889733552933
12733,0.027082718908786774
12734,0.027060363441705704
12735,0.02704957127571106
12736,0.02705034613609314
12737,0.02704649791121483
12738,0.02702973783016205
12739,0.027007706463336945
12740,0.026992805302143097
12741,0.026989713311195374
12742,0.026987668126821518
12743,0.02697635255753994
12744,0.026957321912050247
12745,0.02693934366106987
12746,0.026931319385766983
12747,0.026929132640361786
12748,0.026922527700662613
12749,0.02690785564482212
12750,0.026889057829976082
12751,0.026876283809542656
12752,0.02687140554189682
12753,0.026867305859923363
12754,0.02685757912695408
12755,0.026840584352612495
12756,0.026824818924069405
12757,0.026816336438059807
12758,0.0268117543309927
12759,0.0268053337931633
12760,0.026791665703058243
12761,0.026775937527418137
12762,0.02676507458090782
12763,0.026758860796689987
12764,0.026753870770335197
12765,0.02674470841884613
12766,0.0267341211438179
12767,0.026729334145784378
12768,0.02673349156975746
12769,0.026750855147838593
12770,0.026787804439663887
12771,0.02686828374862671
12772,0.02704457752406597
12773,0.027417555451393127
12774,0.028200550004839897
12775,0.02982478216290474
12776,0.03325236588716507
12777,0.04056477174162865
12778,0.05623430758714676
12779,0.08912515640258789
12780,0.15508027374744415
12781,0.2730272114276886
12782,0.44574636220932007
12783,0.5736628174781799
12784,0.4989117980003357
12785,0.2094683051109314
12786,0.03424060717225075
12787,0.15962371230125427
12788,0.3571409583091736
12789,0.35184457898139954
12790,0.14797422289848328
12791,0.04078320786356926
12792,0.15399089455604553
12793,0.23508378863334656
12794,0.13642744719982147
12795,0.033664897084236145
12796,0.0864877849817276
12797,0.15062901377677917
12798,0.0860813558101654
12799,0.029877936467528343
12800,0.08014601469039917
12801,0.1144266128540039
12802,0.06339789927005768
12803,0.029201101511716843
12804,0.06444238871335983
12805,0.0788416713476181
12806,0.042045846581459045
12807,0.03185556083917618
12808,0.058954790234565735
12809,0.05990477651357651
12810,0.03411629796028137
12811,0.033511705696582794
12812,0.05116143822669983
12813,0.04595846310257912
12814,0.029900139197707176
12815,0.03406614065170288
12816,0.04434201121330261
12817,0.03737322986125946
12818,0.02858862653374672
12819,0.034329671412706375
12820,0.038768354803323746
12821,0.03196633234620094
12822,0.028455296531319618
12823,0.03359217569231987
12824,0.0346057191491127
12825,0.029331108555197716
12826,0.02887711487710476
12827,0.032665107399225235
12828,0.03172959014773369
12829,0.02820741757750511
12830,0.02902490645647049
12831,0.031321845948696136
12832,0.029840679839253426
12833,0.027772435918450356
12834,0.028921233490109444
12835,0.030161181464791298
12836,0.02879173308610916
12837,0.02763729728758335
12838,0.02858658693730831
12839,0.029210640117526054
12840,0.028195204213261604
12841,0.02758595533668995
12842,0.02827061153948307
12843,0.0285881869494915
12844,0.027895569801330566
12845,0.02751997858285904
12846,0.02796938456594944
12847,0.028164798393845558
12848,0.027701910585165024
12849,0.027434952557086945
12850,0.027709662914276123
12851,0.027855131775140762
12852,0.027560394257307053
12853,0.02735539898276329
12854,0.0275151114910841
12855,0.0276247039437294
12856,0.02744305320084095
12857,0.027286948636174202
12858,0.027368567883968353
12859,0.027450254186987877
12860,0.027341129258275032
12861,0.02722105197608471
12862,0.02725408971309662
12863,0.02731626108288765
12864,0.027259478345513344
12865,0.027158275246620178
12866,0.027152931317687035
12867,0.027203461155295372
12868,0.027186354622244835
12869,0.027107451111078262
12870,0.02707030065357685
12871,0.027098828926682472
12872,0.027109840884804726
12873,0.027062198147177696
12874,0.027012469246983528
12875,0.027010057121515274
12876,0.027025476098060608
12877,0.027009017765522003
12878,0.026968322694301605
12879,0.026943715289235115
12880,0.026944400742650032
12881,0.026943229138851166
12882,0.026920881122350693
12883,0.026892757043242455
12884,0.026879046112298965
12885,0.026875410228967667
12886,0.02686508744955063
12887,0.026844458654522896
12888,0.026825319975614548
12889,0.026815101504325867
12890,0.026807216927409172
12891,0.026793891564011574
12892,0.026776336133480072
12893,0.026761449873447418
12894,0.026751581579446793
12895,0.026741759851574898
12896,0.026728153228759766
12897,0.026712529361248016
12898,0.026699397712945938
12899,0.02668927051126957
12900,0.02667871117591858
12901,0.026665713638067245
12902,0.026651805266737938
12903,0.026639088988304138
12904,0.026628537103533745
12905,0.026617735624313354
12906,0.02660568431019783
12907,0.02659294754266739
12908,0.02658078446984291
12909,0.02656972035765648
12910,0.02655879408121109
12911,0.02654733881354332
12912,0.026535693556070328
12913,0.026524143293499947
12914,0.026512961834669113
12915,0.02650175616145134
12916,0.026490692049264908
12917,0.02647959627211094
12918,0.02646874636411667
12919,0.026457829400897026
12920,0.026446565985679626
12921,0.026435481384396553
12922,0.02642478607594967
12923,0.02641434222459793
12924,0.026403866708278656
12925,0.026392852887511253
12926,0.026381783187389374
12927,0.02637116052210331
12928,0.02636086568236351
12929,0.02635073848068714
12930,0.02634003572165966
12931,0.02632930874824524
12932,0.026318809017539024
12933,0.02630857191979885
12934,0.026298578828573227
12935,0.026288146153092384
12936,0.02627762407064438
12937,0.026267342269420624
12938,0.026257349178195
12939,0.026247378438711166
12940,0.026237105950713158
12941,0.026226822286844254
12942,0.0262167826294899
12943,0.026206931099295616
12944,0.026197213679552078
12945,0.026187125593423843
12946,0.026177048683166504
12947,0.026167063042521477
12948,0.02615739032626152
12949,0.02614780142903328
12950,0.026137927547097206
12951,0.026127967983484268
12952,0.02611818164587021
12953,0.02610856667160988
12954,0.026099035516381264
12955,0.026089351624250412
12956,0.02607961744070053
12957,0.026070058345794678
12958,0.02606065757572651
12959,0.026051433756947517
12960,0.026041852310299873
12961,0.02603216841816902
12962,0.02602260187268257
12963,0.026013227179646492
12964,0.02600388415157795
12965,0.025994479656219482
12966,0.025985147804021835
12967,0.02597612328827381
12968,0.02596719190478325
12969,0.025958653539419174
12970,0.025949647650122643
12971,0.025940323248505592
12972,0.02593131549656391
12973,0.02592267096042633
12974,0.025914492085576057
12975,0.025908075273036957
12976,0.025904834270477295
12977,0.025906601920723915
12978,0.025917386636137962
12979,0.0259457528591156
12980,0.025993838906288147
12981,0.026080705225467682
12982,0.026265548542141914
12983,0.02664564549922943
12984,0.02742774225771427
12985,0.028865724802017212
12986,0.031682707369327545
12987,0.03754093870520592
12988,0.049934085458517075
12989,0.07511571049690247
12990,0.12066325545310974
12991,0.1951810121536255
12992,0.31999871134757996
12993,0.44296571612358093
12994,0.4853084087371826
12995,0.2951854169368744
12996,0.07017047703266144
12997,0.057412322610616684
12998,0.21879523992538452
12999,0.3198448419570923
13000,0.19614741206169128
13001,0.047156140208244324
13002,0.07421880960464478
13003,0.18631601333618164
13004,0.1964138150215149
13005,0.07293739914894104
13006,0.037949420511722565
13007,0.12669385969638824
13008,0.14876389503479004
13009,0.06922430545091629
13010,0.031306181102991104
13011,0.11070998013019562
13012,0.15417292714118958
13013,0.08099877089262009
13014,0.028779076412320137
13015,0.07933706045150757
13016,0.12368176877498627
13017,0.07470256090164185
13018,0.02765020541846752
13019,0.060000061988830566
13020,0.09339703619480133
13021,0.05950154364109039
13022,0.02740294486284256
13023,0.05112142115831375
13024,0.07066255807876587
13025,0.04622695595026016
13026,0.027003571391105652
13027,0.04455811530351639
13028,0.054878607392311096
13029,0.036093126982450485
13030,0.027435779571533203
13031,0.04078420251607895
13032,0.04430164024233818
13033,0.03145807608962059
13034,0.02783164754509926
13035,0.03612007945775986
13036,0.035759903490543365
13037,0.02816193550825119
13038,0.028221191838383675
13039,0.033478736877441406
13040,0.03127666190266609
13041,0.0267963670194149
13042,0.02902458980679512
13043,0.03192360699176788
13044,0.029443714767694473
13045,0.026571162045001984
13046,0.02942652814090252
13047,0.0316452831029892
13048,0.028734873980283737
13049,0.026530645787715912
13050,0.028804592788219452
13051,0.03087431751191616
13052,0.028627129271626472
13053,0.026483749970793724
13054,0.02788228914141655
13055,0.029479537159204483
13056,0.028183506801724434
13057,0.026444299146533012
13058,0.02712385356426239
13059,0.028349652886390686
13060,0.027684476226568222
13061,0.026412133127450943
13062,0.026641665026545525
13063,0.02753411792218685
13064,0.027300430461764336
13065,0.026408912613987923
13066,0.026379022747278214
13067,0.026988666504621506
13068,0.02698296494781971
13069,0.026386534795165062
13070,0.02621416747570038
13071,0.026594799011945724
13072,0.026722019538283348
13073,0.026361342519521713
13074,0.026115573942661285
13075,0.02628338895738125
13076,0.026441600173711777
13077,0.02629118412733078
13078,0.026078544557094574
13079,0.026101727038621902
13080,0.026214463636279106
13081,0.026164375245571136
13082,0.026035290211439133
13083,0.02600753679871559
13084,0.026073582470417023
13085,0.02606462687253952
13086,0.025980165228247643
13087,0.025951869785785675
13088,0.02598545327782631
13089,0.025995805859565735
13090,0.02593538910150528
13091,0.02590087614953518
13092,0.025931235402822495
13093,0.02594919316470623
13094,0.025910357013344765
13095,0.025854138657450676
13096,0.025869160890579224
13097,0.025911282747983932
13098,0.025894898921251297
13099,0.02583201788365841
13100,0.025796789675951004
13101,0.025840312242507935
13102,0.025876741856336594
13103,0.025837359949946404
13104,0.025766391307115555
13105,0.025744270533323288
13106,0.025796540081501007
13107,0.025827977806329727
13108,0.025782087817788124
13109,0.02571055106818676
13110,0.025689747184515
13111,0.025738168507814407
13112,0.025769531726837158
13113,0.025730451568961143
13114,0.025662081316113472
13115,0.025633566081523895
13116,0.025670737028121948
13117,0.02570517361164093
13118,0.02568075619637966
13119,0.025619063526391983
13120,0.025578776374459267
13121,0.025598911568522453
13122,0.02563510835170746
13123,0.025629889219999313
13124,0.02558165229856968
13125,0.025531457737088203
13126,0.025530703365802765
13127,0.02556256391108036
13128,0.025574473664164543
13129,0.02554476074874401
13130,0.02549155242741108
13131,0.025470459833741188
13132,0.02549102157354355
13133,0.02551332488656044
13134,0.02550469897687435
13135,0.025457926094532013
13136,0.025422533974051476
13137,0.02542806789278984
13138,0.025451870635151863
13139,0.025461934506893158
13140,0.02543497458100319
13141,0.02540920116007328
13142,0.025426827371120453
13143,0.025489958003163338
13144,0.025594642385840416
13145,0.02573998272418976
13146,0.02601783350110054
13147,0.0266170185059309
13148,0.027832329273223877
13149,0.03026304952800274
13150,0.03505988419055939
13151,0.044738732278347015
13152,0.06412632018327713
13153,0.10251099616289139
13154,0.17265723645687103
13155,0.2856476306915283
13156,0.4141509532928467
13157,0.48015013337135315
13158,0.3669528067111969
13159,0.14330150187015533
13160,0.029224667698144913
13161,0.12225192785263062
13162,0.2692068815231323
13163,0.2890896499156952
13164,0.1608450710773468
13165,0.03942307457327843
13166,0.07877489924430847
13167,0.1800473928451538
13168,0.16993553936481476
13169,0.06963962316513062
13170,0.03189661726355553
13171,0.08853035420179367
13172,0.11245625466108322
13173,0.06115641072392464
13174,0.028137993067502975
13175,0.05676758289337158
13176,0.08119560778141022
13177,0.05691728740930557
13178,0.028688805177807808
13179,0.041755061596632004
13180,0.06193259358406067
13181,0.049131978303194046
13182,0.02839733473956585
13183,0.03315684199333191
13184,0.047732360661029816
13185,0.041949883103370667
13186,0.02800651453435421
13187,0.030529361218214035
13188,0.040331773459911346
13189,0.03788827359676361
13190,0.02816615253686905
13191,0.028732649981975555
13192,0.03561472147703171
13193,0.03457050770521164
13194,0.02797085791826248
13195,0.02745486982166767
13196,0.0325997993350029
13197,0.03286852315068245
13198,0.027981139719486237
13199,0.026717999950051308
13200,0.030310295522212982
13201,0.03146892786026001
13202,0.028110099956393242
13203,0.026359373703598976
13204,0.028407670557498932
13205,0.029746705666184425
13206,0.028050562366843224
13207,0.026357894763350487
13208,0.027129659429192543
13209,0.02833036333322525
13210,0.027748553082346916
13211,0.026472562924027443
13212,0.026433652266860008
13213,0.02726883627474308
13214,0.027287516742944717
13215,0.026491617783904076
13216,0.02614131011068821
13217,0.026539184153079987
13218,0.026779159903526306
13219,0.02639182284474373
13220,0.026024870574474335
13221,0.026112407445907593
13222,0.026326846331357956
13223,0.02624475210905075
13224,0.02596435509622097
13225,0.02587362937629223
13226,0.0259893536567688
13227,0.02604217827320099
13228,0.025909896939992905
13229,0.025772875174880028
13230,0.025783268734812737
13231,0.02583489567041397
13232,0.02581138163805008
13233,0.025727013126015663
13234,0.0256807804107666
13235,0.025692269206047058
13236,0.025693729519844055
13237,0.025664659217000008
13238,0.025623394176363945
13239,0.025606097653508186
13240,0.025604888796806335
13241,0.025589246302843094
13242,0.02556585893034935
13243,0.02554905042052269
13244,0.02554071880877018
13245,0.02552662044763565
13246,0.025509409606456757
13247,0.02549654059112072
13248,0.025486769154667854
13249,0.025476910173892975
13250,0.02545955590903759
13251,0.025444893166422844
13252,0.0254377368837595
13253,0.025430953130126
13254,0.025418221950531006
13255,0.025397855788469315
13256,0.025385817512869835
13257,0.02538365125656128
13258,0.02537866309285164
13259,0.025363972410559654
13260,0.025340668857097626
13261,0.025327876210212708
13262,0.025328325107693672
13263,0.02532717026770115
13264,0.025313841179013252
13265,0.025286708027124405
13266,0.025269873440265656
13267,0.025270508602261543
13268,0.02527320384979248
13269,0.025264674797654152
13270,0.025236548855900764
13271,0.025213344022631645
13272,0.025209888815879822
13273,0.02521437779068947
13274,0.02521195076406002
13275,0.02518741600215435
13276,0.025160206481814384
13277,0.02515031211078167
13278,0.025152243673801422
13279,0.025153502821922302
13280,0.025135375559329987
13281,0.025109272450208664
13282,0.02509494498372078
13283,0.02509167790412903
13284,0.025091806426644325
13285,0.025078492239117622
13286,0.02505750022828579
13287,0.025043537840247154
13288,0.02503693476319313
13289,0.02503383345901966
13290,0.025021450594067574
13291,0.025004275143146515
13292,0.024992791935801506
13293,0.02498624287545681
13294,0.024981912225484848
13295,0.024969235062599182
13296,0.024953115731477737
13297,0.024942612275481224
13298,0.02493642084300518
13299,0.02493203431367874
13300,0.024919606745243073
13301,0.024904053658246994
13302,0.024893824011087418
13303,0.0248876865953207
13304,0.024883346632122993
13305,0.024871304631233215
13306,0.02485577017068863
13307,0.024845212697982788
13308,0.024838505312800407
13309,0.024834033101797104
13310,0.024822836741805077
13311,0.02480834163725376
13312,0.024797840043902397
13313,0.0247904434800148
13314,0.024785203859210014
13315,0.024774357676506042
13316,0.024760978296399117
13317,0.02475116401910782
13318,0.024744028225541115
13319,0.024738734588027
13320,0.02472805231809616
13321,0.024714872241020203
13322,0.024705050513148308
13323,0.024697555229067802
13324,0.024692080914974213
13325,0.02468189038336277
13326,0.024669332429766655
13327,0.02465960383415222
13328,0.02465188130736351
13329,0.024645771831274033
13330,0.024635788053274155
13331,0.024624187499284744
13332,0.024615077301859856
13333,0.024607906118035316
13334,0.0246027372777462
13335,0.02459334023296833
13336,0.024581409990787506
13337,0.024571729823946953
13338,0.024563468992710114
13339,0.024556374177336693
13340,0.02454904094338417
13341,0.02454541251063347
13342,0.02454935945570469
13343,0.02456575445830822
13344,0.024605531245470047
13345,0.024665622040629387
13346,0.024771003052592278
13347,0.02500288188457489
13348,0.02549116313457489
13349,0.02651624009013176
13350,0.028630521148443222
13351,0.03307562693953514
13352,0.04251081496477127
13353,0.06259667128324509
13354,0.10391665995121002
13355,0.180515855550766
13356,0.30258607864379883
13357,0.4543551802635193
13358,0.5144839286804199
13359,0.36988818645477295
13360,0.11162607371807098
13361,0.03997926414012909
13362,0.19728770852088928
13363,0.33437493443489075
13364,0.2805783748626709
13365,0.10002487897872925
13366,0.04268532246351242
13367,0.15643447637557983
13368,0.22042307257652283
13369,0.12908759713172913
13370,0.03345327079296112
13371,0.07371115684509277
13372,0.13636574149131775
13373,0.09152552485466003
13374,0.029838351532816887
13375,0.055373869836330414
13376,0.09915658831596375
13377,0.07491142302751541
13378,0.03059406578540802
13379,0.04453444480895996
13380,0.07436133176088333
13381,0.05611615628004074
13382,0.027670644223690033
13383,0.037741199135780334
13384,0.05704738199710846
13385,0.04409290477633476
13386,0.02634381130337715
13387,0.03621654585003853
13388,0.0476970374584198
13389,0.037253424525260925
13390,0.0260925330221653
13391,0.034028708934783936
13392,0.04073780030012131
13393,0.032022614032030106
13394,0.025878526270389557
13395,0.03199966251850128
13396,0.03599704056978226
13397,0.029726577922701836
13398,0.025929752737283707
13399,0.030360285192728043
13400,0.03224358335137367
13401,0.02780201844871044
13402,0.02574477158486843
13403,0.028945060446858406
13404,0.02985612116754055
13405,0.026654431596398354
13406,0.025640778243541718
13407,0.027853555977344513
13408,0.028282584622502327
13409,0.026126684620976448
13410,0.02549680322408676
13411,0.026927821338176727
13412,0.027183616533875465
13413,0.025812802836298943
13414,0.025324594229459763
13415,0.026213036850094795
13416,0.026463491842150688
13417,0.025633927434682846
13418,0.025209907442331314
13419,0.02571677602827549
13420,0.025966932997107506
13421,0.025443486869335175
13422,0.02511843480169773
13423,0.02541184425354004
13424,0.025626208633184433
13425,0.025313377380371094
13426,0.025053106248378754
13427,0.025234153494238853
13428,0.025411590933799744
13429,0.02524685114622116
13430,0.02500283531844616
13431,0.02507595345377922
13432,0.02526412531733513
13433,0.0252030361443758
13434,0.024998914450407028
13435,0.02495751343667507
13436,0.025104248896241188
13437,0.025134252384305
13438,0.02497764676809311
13439,0.02487940713763237
13440,0.024952927604317665
13441,0.025045055896043777
13442,0.024975845590233803
13443,0.02483542077243328
13444,0.02480853907763958
13445,0.024891598150134087
13446,0.024930842220783234
13447,0.024844633415341377
13448,0.024748658761382103
13449,0.02475210651755333
13450,0.0248100608587265
13451,0.024816052988171577
13452,0.02474401518702507
13453,0.02468285523355007
13454,0.024690669029951096
13455,0.024725791066884995
13456,0.02472005784511566
13457,0.024665601551532745
13458,0.024622533470392227
13459,0.02462567202746868
13460,0.024645913392305374
13461,0.024639245122671127
13462,0.02460009977221489
13463,0.02456490322947502
13464,0.02455904893577099
13465,0.02456893026828766
13466,0.02456534281373024
13467,0.024539146572351456
13468,0.024510540068149567
13469,0.024498438462615013
13470,0.024499597027897835
13471,0.024497540667653084
13472,0.02448127791285515
13473,0.02445821836590767
13474,0.02444220334291458
13475,0.024436460807919502
13476,0.024433495476841927
13477,0.024423852562904358
13478,0.02440706081688404
13479,0.02439015731215477
13480,0.024378977715969086
13481,0.024373115971684456
13482,0.024366814643144608
13483,0.024356048554182053
13484,0.024342166259884834
13485,0.024328816682100296
13486,0.024319181218743324
13487,0.024312514811754227
13488,0.024305619299411774
13489,0.024296782910823822
13490,0.024287842214107513
13491,0.02428296022117138
13492,0.024285418912768364
13493,0.024299312382936478
13494,0.024331020191311836
13495,0.02438203990459442
13496,0.0244726724922657
13497,0.024658650159835815
13498,0.025025855749845505
13499,0.025749068707227707
13500,0.027049288153648376
13501,0.02951517328619957
13502,0.03441506624221802
13503,0.044344205409288406
13504,0.06376419961452484
13505,0.09862576425075531
13506,0.1562984585762024
13507,0.25510597229003906
13508,0.370161235332489
13509,0.45962151885032654
13510,0.3688783645629883
13511,0.16494685411453247
13512,0.03064470738172531
13513,0.0932224690914154
13514,0.23965002596378326
13515,0.2582792341709137
13516,0.14374446868896484
13517,0.038784950971603394
13518,0.07031147927045822
13519,0.16396014392375946
13520,0.14722514152526855
13521,0.060364097356796265
13522,0.037900201976299286
13523,0.08705788850784302
13524,0.10979369282722473
13525,0.057479605078697205
13526,0.03895241767168045
13527,0.08102040737867355
13528,0.10075779259204865
13529,0.0654110461473465
13530,0.032774023711681366
13531,0.0759139209985733
13532,0.11303523182868958
13533,0.0753423422574997
13534,0.030744466930627823
13535,0.05140500143170357
13536,0.10172595083713531
13537,0.0862361490726471
13538,0.03434601426124573
13539,0.03608066588640213
13540,0.07849125564098358
13541,0.08158455044031143
13542,0.03988846018910408
13543,0.028677508234977722
13544,0.05760667473077774
13545,0.0660717636346817
13546,0.038761816918849945
13547,0.025819042697548866
13548,0.04384133964776993
13549,0.05133643001317978
13550,0.03463608771562576
13551,0.02534150704741478
13552,0.03648703917860985
13553,0.042599085718393326
13554,0.03187065199017525
13555,0.025083962827920914
13556,0.03139628469944
13557,0.03564459830522537
13558,0.029787898063659668
13559,0.024961797520518303
13560,0.028095586225390434
13561,0.03067256137728691
13562,0.027732642367482185
13563,0.02491871640086174
13564,0.026574745774269104
13565,0.02797846868634224
13566,0.02612200379371643
13567,0.02482542023062706
13568,0.02590090036392212
13569,0.026850545778870583
13570,0.02552882209420204
13571,0.024799160659313202
13572,0.02597961761057377
13573,0.026552200317382812
13574,0.025517843663692474
13575,0.02469426952302456
13576,0.025926055386662483
13577,0.026878319680690765
13578,0.025862598791718483
13579,0.024677541106939316
13580,0.025230906903743744
13581,0.026723485440015793
13582,0.026479734107851982
13583,0.025001447647809982
13584,0.02464103326201439
13585,0.025748057290911674
13586,0.026483746245503426
13587,0.02559325285255909
13588,0.024563979357481003
13589,0.024819035083055496
13590,0.02568969316780567
13591,0.02573663368821144
13592,0.024883361533284187
13593,0.02443033456802368
13594,0.024853238835930824
13595,0.025296026840806007
13596,0.025035850703716278
13597,0.02448314055800438
13598,0.024396536871790886
13599,0.02473883144557476
13600,0.02487061731517315
13601,0.024580631405115128
13602,0.024303702637553215
13603,0.024363024160265923
13604,0.024569692090153694
13605,0.024547114968299866
13606,0.02433239109814167
13607,0.024233421310782433
13608,0.024321313947439194
13609,0.024414408951997757
13610,0.024333875626325607
13611,0.02420828491449356
13612,0.02420760504901409
13613,0.02428259700536728
13614,0.02429930306971073
13615,0.02419728972017765
13616,0.0241349246352911
13617,0.024189254269003868
13618,0.024253249168395996
13619,0.02422705478966236
13620,0.02410970628261566
13621,0.02407439798116684
13622,0.02415677160024643
13623,0.024224210530519485
13624,0.02418629638850689
13625,0.024055898189544678
13626,0.02401832677423954
13627,0.024107234552502632
13628,0.0241849422454834
13629,0.024156488478183746
13630,0.024020707234740257
13631,0.023967429995536804
13632,0.02404901571571827
13633,0.0241351630538702
13634,0.024122945964336395
13635,0.023985544219613075
13636,0.02391311153769493
13637,0.0239852424710989
13638,0.02408350259065628
13639,0.024093404412269592
13640,0.02395367994904518
13641,0.02385195717215538
13642,0.023905163630843163
13643,0.02401646412909031
13644,0.024062462151050568
13645,0.02393573336303234
13646,0.023804502561688423
13647,0.023821299895644188
13648,0.02392556145787239
13649,0.024004148319363594
13650,0.023909157142043114
13651,0.023768922314047813
13652,0.02375108189880848
13653,0.023828359320759773
13654,0.02391575649380684
13655,0.023853879421949387
13656,0.023727430030703545
13657,0.023692108690738678
13658,0.023737778887152672
13659,0.023809397593140602
13660,0.02376861870288849
13661,0.02367193065583706
13662,0.023643771186470985
13663,0.023674776777625084
13664,0.023727433755993843
13665,0.023689985275268555
13666,0.0236143060028553
13667,0.023599814623594284
13668,0.023632561787962914
13669,0.023681821301579475
13670,0.023642132058739662
13671,0.023567548021674156
13672,0.023553242906928062
13673,0.023584233596920967
13674,0.023633509874343872
13675,0.023597564548254013
13676,0.023523924872279167
13677,0.023505084216594696
13678,0.023529555648565292
13679,0.023577246814966202
13680,0.023549098521471024
13681,0.023481454700231552
13682,0.02345937490463257
13683,0.023472849279642105
13684,0.02350764162838459
13685,0.023484235629439354
13686,0.02343563921749592
13687,0.023430287837982178
13688,0.023461276665329933
13689,0.023523688316345215
13690,0.023532584309577942
13691,0.023523330688476562
13692,0.023593975231051445
13693,0.023772377520799637
13694,0.02412514202296734
13695,0.024784812703728676
13696,0.026125537231564522
13697,0.02886371500790119
13698,0.034378569573163986
13699,0.04551997408270836
13700,0.06681069731712341
13701,0.10723400115966797
13702,0.17852404713630676
13703,0.28651028871536255
13704,0.3922514319419861
13705,0.40675103664398193
13706,0.2666076719760895
13707,0.0801679939031601
13708,0.03549585118889809
13709,0.15107238292694092
13710,0.24462008476257324
13711,0.20255021750926971
13712,0.09074383974075317
13713,0.032409947365522385
13714,0.09113971889019012
13715,0.1581120789051056
13716,0.1208561360836029
13717,0.052245285362005234
13718,0.034268468618392944
13719,0.07177238166332245
13720,0.09549228101968765
13721,0.06102319806814194
13722,0.02993183396756649
13723,0.036164309829473495
13724,0.05982130765914917
13725,0.05551132559776306
13726,0.02959585003554821
13727,0.03066716343164444
13728,0.04673788696527481
13729,0.05008884519338608
13730,0.032883405685424805
13731,0.02631313167512417
13732,0.03822249174118042
13733,0.043837908655405045
13734,0.0353819876909256
13735,0.024818507954478264
13736,0.030984722077846527
13737,0.039566393941640854
13738,0.035807665437459946
13739,0.026671145111322403
13740,0.026832185685634613
13741,0.035165078938007355
13742,0.03574514389038086
13743,0.02931172400712967
13744,0.026221325621008873
13745,0.030278075486421585
13746,0.03307579457759857
13747,0.02991354465484619
13748,0.02681586891412735
13749,0.028434230014681816
13750,0.030568014830350876
13751,0.02888227440416813
13752,0.026372281834483147
13753,0.02715780958533287
13754,0.029575534164905548
13755,0.028629982843995094
13756,0.025828395038843155
13757,0.025223789736628532
13758,0.02748570591211319
13759,0.028847036883234978
13760,0.026756485924124718
13761,0.02445277012884617
13762,0.024866262450814247
13763,0.0270695723593235
13764,0.027734672650694847
13765,0.02576090209186077
13766,0.024027114734053612
13767,0.024612361565232277
13768,0.02630612440407276
13769,0.02683435007929802
13770,0.025345366448163986
13771,0.02391856536269188
13772,0.02430693618953228
13773,0.02558244578540325
13774,0.026223205029964447
13775,0.025143569335341454
13776,0.023894207552075386
13777,0.024044739082455635
13778,0.02503339573740959
13779,0.025761740282177925
13780,0.024962833151221275
13781,0.023858515545725822
13782,0.023877806961536407
13783,0.02469399757683277
13784,0.025437692180275917
13785,0.024811511859297752
13786,0.02382316254079342
13787,0.023794353008270264
13788,0.024497242644429207
13789,0.025231389328837395
13790,0.02470714971423149
13791,0.023806503042578697
13792,0.02376062050461769
13793,0.024381529539823532
13794,0.025097809731960297
13795,0.02464413456618786
13796,0.023804549127817154
13797,0.023741213604807854
13798,0.024272510781884193
13799,0.02495543472468853
13800,0.02455778978765011
13801,0.02379028871655464
13802,0.023730691522359848
13803,0.02418046072125435
13804,0.02479409985244274
13805,0.024420512840151787
13806,0.023731131106615067
13807,0.023717539384961128
13808,0.02412940189242363
13809,0.024670010432600975
13810,0.024275587871670723
13811,0.023627249523997307
13812,0.023671260103583336
13813,0.024102071300148964
13814,0.024613404646515846
13815,0.024179019033908844
13816,0.023507926613092422
13817,0.023568257689476013
13818,0.0240419190376997
13819,0.024587303400039673
13820,0.024147285148501396
13821,0.023415444418787956
13822,0.023420821875333786
13823,0.02389652468264103
13824,0.02449963055551052
13825,0.024124594405293465
13826,0.02337130531668663
13827,0.02328604832291603
13828,0.0236954428255558
13829,0.02431679144501686
13830,0.024044940248131752
13831,0.023347757756710052
13832,0.02321016974747181
13833,0.02352498099207878
13834,0.02410564012825489
13835,0.02391175553202629
13836,0.02330397069454193
13837,0.02316478081047535
13838,0.023403292521834373
13839,0.023905418813228607
13840,0.02374340035021305
13841,0.023220568895339966
13842,0.023112522438168526
13843,0.023318350315093994
13844,0.023759590461850166
13845,0.02360837534070015
13846,0.023147456347942352
13847,0.023067686706781387
13848,0.02326264977455139
13849,0.023673295974731445
13850,0.0235301423817873
13851,0.023100558668375015
13852,0.02302602306008339
13853,0.023198261857032776
13854,0.02357160486280918
13855,0.023438457399606705
13856,0.023043876513838768
13857,0.02297784760594368
13858,0.023144420236349106
13859,0.023519106209278107
13860,0.023414436727762222
13861,0.023028379306197166
13862,0.022925563156604767
13863,0.02300950512290001
13864,0.0232606902718544
13865,0.023155933246016502
13866,0.022904125973582268
13867,0.022937055677175522
13868,0.023198768496513367
13869,0.0237464290112257
13870,0.023792674764990807
13871,0.023400716483592987
13872,0.023254988715052605
13873,0.023255260661244392
13874,0.02338356152176857
13875,0.02440943941473961
13876,0.027708962559700012
13877,0.034488603472709656
13878,0.047960177063941956
13879,0.07532621920108795
13880,0.11376874893903732
13881,0.17263738811016083
13882,0.2605750560760498
13883,0.37499916553497314
13884,0.4209248721599579
13885,0.3492184281349182
13886,0.15036723017692566
13887,0.028377048671245575
13888,0.08144775032997131
13889,0.21080279350280762
13890,0.2545820474624634
13891,0.14716094732284546
13892,0.04017522186040878
13893,0.051897481083869934
13894,0.13835817575454712
13895,0.14742879569530487
13896,0.064602330327034
13897,0.027181997895240784
13898,0.06538598984479904
13899,0.0984245017170906
13900,0.06235736608505249
13901,0.025278592482209206
13902,0.048276759684085846
13903,0.0830816924571991
13904,0.0699966549873352
13905,0.02768847905099392
13906,0.04436809569597244
13907,0.0910203754901886
13908,0.0890781432390213
13909,0.043486811220645905
13910,0.028212986886501312
13911,0.0783425122499466
13912,0.10096217691898346
13913,0.061018090695142746
13914,0.025509634986519814
13915,0.05117899179458618
13916,0.0961739718914032
13917,0.07468558847904205
13918,0.030121702700853348
13919,0.03594832867383957
13920,0.07308301329612732
13921,0.07535599172115326
13922,0.03727336227893829
13923,0.02753050997853279
13924,0.052723370492458344
13925,0.059356242418289185
13926,0.036602042615413666
13927,0.024537893012166023
13928,0.03960833698511124
13929,0.04844210296869278
13930,0.0342964306473732
13931,0.02357456088066101
13932,0.0319155715405941
13933,0.039909929037094116
13934,0.03276931867003441
13935,0.02386687509715557
13936,0.02709297649562359
13937,0.03341500461101532
13938,0.030609484761953354
13939,0.024412326514720917
13940,0.024758871644735336
13941,0.028580408543348312
13942,0.028258491307497025
13943,0.024553528055548668
13944,0.023797672241926193
13945,0.025895290076732635
13946,0.025984065607190132
13947,0.02408910170197487
13948,0.023363405838608742
13949,0.02456410974264145
13950,0.02481679990887642
13951,0.023609841242432594
13952,0.023234065622091293
13953,0.023966515436768532
13954,0.024360783398151398
13955,0.023548007011413574
13956,0.02321956492960453
13957,0.023935910314321518
13958,0.02427513152360916
13959,0.02369571290910244
13960,0.023133352398872375
13961,0.023829584941267967
13962,0.024538235738873482
13963,0.024060292169451714
13964,0.023205982521176338
13965,0.02328944019973278
13966,0.024369338527321815
13967,0.024623090401291847
13968,0.023695459589362144
13969,0.022995328530669212
13970,0.023476693779230118
13971,0.024467872455716133
13972,0.0243686456233263
13973,0.02338939718902111
13974,0.02291182242333889
13975,0.023471951484680176
13976,0.024214928969740868
13977,0.023992247879505157
13978,0.02317742258310318
13979,0.022853458300232887
13980,0.0233098603785038
13981,0.023821700364351273
13982,0.02363017201423645
13983,0.02303714118897915
13984,0.022793220356106758
13985,0.02308676764369011
13986,0.023422878235578537
13987,0.0233205184340477
13988,0.02293548174202442
13989,0.022735344246029854
13990,0.022878071293234825
13991,0.02308758534491062
13992,0.023068148642778397
13993,0.022851398214697838
13994,0.022689763456583023
13995,0.0227219108492136
13996,0.02283528633415699
13997,0.022863207384943962
13998,0.022768523544073105
13999,0.022655049338936806
14000,0.022626100108027458
14001,0.022666720673441887
14002,0.022702166810631752
14003,0.022681092843413353
14004,0.022620372474193573
14005,0.022574931383132935
14006,0.022568287327885628
14007,0.02258463017642498
14008,0.022591693326830864
14009,0.022572871297597885
14010,0.022539932280778885
14011,0.022514425218105316
14012,0.02250703051686287
14013,0.022510722279548645
14014,0.022510306909680367
14015,0.022496318444609642
14016,0.022474471479654312
14017,0.02245662920176983
14018,0.022448275238275528
14019,0.022446028888225555
14020,0.0224405899643898
14021,0.022428158670663834
14022,0.02241336740553379
14023,0.022400399670004845
14024,0.022391190752387047
14025,0.022384176030755043
14026,0.02237674407660961
14027,0.022369010373950005
14028,0.022361863404512405
14029,0.022357149049639702
14030,0.0223552156239748
14031,0.022357534617185593
14032,0.02236967906355858
14033,0.0224001482129097
14034,0.022465186193585396
14035,0.022599805146455765
14036,0.02287074737250805
14037,0.023407451808452606
14038,0.024475952610373497
14039,0.02662588655948639
14040,0.030858945101499557
14041,0.039356134831905365
14042,0.05651220679283142
14043,0.09067137539386749
14044,0.1541478931903839
14045,0.2579972743988037
14046,0.38510650396347046
14047,0.46941903233528137
14048,0.40488654375076294
14049,0.19640126824378967
14050,0.03403782844543457
14051,0.08214274048805237
14052,0.2248290777206421
14053,0.29878270626068115
14054,0.24636882543563843
14055,0.08081290125846863
14056,0.04454391449689865
14057,0.13641305267810822
14058,0.20495985448360443
14059,0.20340296626091003
14060,0.08873815834522247
14061,0.043842487037181854
14062,0.07837949693202972
14063,0.12761692702770233
14064,0.08553864806890488
14065,0.03154683858156204
14066,0.04816388338804245
14067,0.0859159529209137
14068,0.06570591032505035
14069,0.028381694108247757
14070,0.03927928954362869
14071,0.06588242948055267
14072,0.05941205099225044
14073,0.031752631068229675
14074,0.03034939616918564
14075,0.047298163175582886
14076,0.04731220006942749
14077,0.030658220872282982
14078,0.02638736180961132
14079,0.03747381642460823
14080,0.03842776641249657
14081,0.02782573737204075
14082,0.025187058374285698
14083,0.033609483391046524
14084,0.033341921865940094
14085,0.02626732364296913
14086,0.024450775235891342
14087,0.030299734324216843
14088,0.02945646457374096
14089,0.02513870596885681
14090,0.02424480766057968
14091,0.02818363904953003
14092,0.027575740590691566
14093,0.024694792926311493
14094,0.023837076500058174
14095,0.02638683095574379
14096,0.02637939155101776
14097,0.02433529496192932
14098,0.02346068061888218
14099,0.02508038841187954
14100,0.02535276673734188
14101,0.023977963253855705
14102,0.023345286026597023
14103,0.024285053834319115
14104,0.02466079592704773
14105,0.0237551461905241
14106,0.023233050480484962
14107,0.02369876764714718
14108,0.02415287308394909
14109,0.02364569716155529
14110,0.02310551330447197
14111,0.023223208263516426
14112,0.023742003366351128
14113,0.02359652891755104
14114,0.02311723306775093
14115,0.02292429469525814
14116,0.023287242278456688
14117,0.023425154387950897
14118,0.023216715082526207
14119,0.022922653704881668
14120,0.02294512651860714
14121,0.023086626082658768
14122,0.02314339391887188
14123,0.023000448942184448
14124,0.022903915494680405
14125,0.02287164330482483
14126,0.02290579117834568
14127,0.022905763238668442
14128,0.02290033921599388
14129,0.022877434268593788
14130,0.022806568071246147
14131,0.022739101201295853
14132,0.022754451259970665
14133,0.022807832807302475
14134,0.02283105067908764
14135,0.02274055778980255
14136,0.02263771742582321
14137,0.022634631022810936
14138,0.02270660549402237
14139,0.02275821939110756
14140,0.02267776057124138
14141,0.022566353902220726
14142,0.02254597656428814
14143,0.022603768855333328
14144,0.02266053482890129
14145,0.022607361897826195
14146,0.022506248205900192
14147,0.022476376965641975
14148,0.022510690614581108
14149,0.022559572011232376
14150,0.022522222250699997
14151,0.02244481071829796
14152,0.02241738699376583
14153,0.022437673062086105
14154,0.02247098833322525
14155,0.02244121953845024
14156,0.022381160408258438
14157,0.022363539785146713
14158,0.02237982489168644
14159,0.02240503579378128
14160,0.022374024614691734
14161,0.022323403507471085
14162,0.02231156826019287
14163,0.022329676896333694
14164,0.02235434018075466
14165,0.02232320047914982
14166,0.022271236404776573
14167,0.022258535027503967
14168,0.022274918854236603
14169,0.02230166085064411
14170,0.022274482995271683
14171,0.022222816944122314
14172,0.02220522053539753
14173,0.022214896976947784
14174,0.02223796211183071
14175,0.02221638150513172
14176,0.02217170037329197
14177,0.022155027836561203
14178,0.022160431370139122
14179,0.022178268060088158
14180,0.022158395498991013
14181,0.02212017960846424
14182,0.022106798365712166
14183,0.022112520411610603
14184,0.022129802033305168
14185,0.02211092971265316
14186,0.022073257714509964
14187,0.02205812744796276
14188,0.022060051560401917
14189,0.02207397110760212
14190,0.022057386115193367
14191,0.022024523466825485
14192,0.022011414170265198
14193,0.022012680768966675
14194,0.02202511765062809
14195,0.022009482607245445
14196,0.021978529170155525
14197,0.021965011954307556
14198,0.02196403406560421
14199,0.02197323366999626
14200,0.021958721801638603
14201,0.02193150855600834
14202,0.02192002348601818
14203,0.02191980741918087
14204,0.021929843351244926
14205,0.021916668862104416
14206,0.021889135241508484
14207,0.02187497355043888
14208,0.021869121119379997
14209,0.021870404481887817
14210,0.02185702510178089
14211,0.021839914843440056
14212,0.021838027983903885
14213,0.02185041457414627
14214,0.021883467212319374
14215,0.02189027890563011
14216,0.021870264783501625
14217,0.021873192861676216
14218,0.02190433256328106
14219,0.021984726190567017
14220,0.02224426530301571
14221,0.022898470982909203
14222,0.02427062764763832
14223,0.027150848880410194
14224,0.03333103656768799
14225,0.044050656259059906
14226,0.06453411281108856
14227,0.10569123178720474
14228,0.1860799938440323
14229,0.3054279685020447
14230,0.4205535054206848
14231,0.38691455125808716
14232,0.21735779941082
14233,0.044096432626247406
14234,0.06114582344889641
14235,0.1802608072757721
14236,0.20518353581428528
14237,0.13359136879444122
14238,0.04165109992027283
14239,0.04176586493849754
14240,0.08953523635864258
14241,0.0835987776517868
14242,0.04573574662208557
14243,0.025598764419555664
14244,0.0421857051551342
14245,0.04690475016832352
14246,0.028822986409068108
14247,0.024760158732533455
14248,0.03481843322515488
14249,0.04343387484550476
14250,0.03146412596106529
14251,0.02463802695274353
14252,0.03826691955327988
14253,0.05078520253300667
14254,0.045505061745643616
14255,0.025668669492006302
14256,0.03397736698389053
14257,0.06065989285707474
14258,0.06499811261892319
14259,0.0415189266204834
14260,0.023682845756411552
14261,0.05444968491792679
14262,0.08500780165195465
14263,0.06804709136486053
14264,0.03018692508339882
14265,0.03366624563932419
14266,0.08530744910240173
14267,0.09340837597846985
14268,0.048524774610996246
14269,0.023586001247167587
14270,0.056849271059036255
14271,0.0933123528957367
14272,0.06373590975999832
14273,0.02515784278512001
14274,0.03772041201591492
14275,0.07052004337310791
14276,0.0655898004770279
14277,0.030512899160385132
14278,0.027410181239247322
14279,0.051911234855651855
14280,0.05507442355155945
14281,0.03293238952755928
14282,0.023036977276206017
14283,0.037478622049093246
14284,0.04511766880750656
14285,0.03212697058916092
14286,0.022260751575231552
14287,0.029362328350543976
14288,0.03690120205283165
14289,0.03114292398095131
14290,0.022804174572229385
14291,0.025007236748933792
14292,0.03108764812350273
14293,0.029389627277851105
14294,0.02348993346095085
14295,0.02297295071184635
14296,0.02663450874388218
14297,0.027118945494294167
14298,0.023729970678687096
14299,0.02227056585252285
14300,0.02405824325978756
14301,0.024823348969221115
14302,0.023310652002692223
14303,0.02208530902862549
14304,0.02284242771565914
14305,0.023511122912168503
14306,0.022700898349285126
14307,0.02200477570295334
14308,0.022342640906572342
14309,0.022904517129063606
14310,0.022470680996775627
14311,0.02195255644619465
14312,0.02228747494518757
14313,0.022718381136655807
14314,0.022512709721922874
14315,0.021948624402284622
14316,0.022216398268938065
14317,0.02285214141011238
14318,0.022767091169953346
14319,0.02213197946548462
14320,0.02191363275051117
14321,0.02266930229961872
14322,0.023141104727983475
14323,0.022612551227211952
14324,0.021904483437538147
14325,0.022016936913132668
14326,0.022897562012076378
14327,0.023138009011745453
14328,0.022424736991524696
14329,0.021786315366625786
14330,0.02204061485826969
14331,0.022846655920147896
14332,0.02296305075287819
14333,0.022271225228905678
14334,0.02171703241765499
14335,0.021950051188468933
14336,0.0226103775203228
14337,0.0227151308208704
14338,0.022160423919558525
14339,0.021674934774637222
14340,0.021796904504299164
14341,0.022296253591775894
14342,0.022446192800998688
14343,0.022075165063142776
14344,0.02165798284113407
14345,0.021647505462169647
14346,0.02198747918009758
14347,0.022183556109666824
14348,0.021997198462486267
14349,0.021664781495928764
14350,0.02154393680393696
14351,0.021729841828346252
14352,0.02193717658519745
14353,0.021905986592173576
14354,0.0216814037412405
14355,0.021499400958418846
14356,0.02154664508998394
14357,0.021718062460422516
14358,0.02179049886763096
14359,0.0216851606965065
14360,0.021500030532479286
14361,0.021441791206598282
14362,0.02154243364930153
14363,0.021654410287737846
14364,0.02165086567401886
14365,0.021508410573005676
14366,0.021394725888967514
14367,0.021419554948806763
14368,0.021515578031539917
14369,0.021569017320871353
14370,0.021485865116119385
14371,0.021368397399783134
14372,0.02134399488568306
14373,0.021399177610874176
14374,0.021461468189954758
14375,0.0214226171374321
14376,0.02133156545460224
14377,0.021294724196195602
14378,0.02131650410592556
14379,0.021358726546168327
14380,0.02133745141327381
14381,0.02127842605113983
14382,0.02125532738864422
14383,0.02127000316977501
14384,0.0213016364723444
14385,0.021287724375724792
14386,0.021253883838653564
14387,0.021259745582938194
14388,0.021305309608578682
14389,0.021385304629802704
14390,0.02149186097085476
14391,0.02172296680510044
14392,0.02223963476717472
14393,0.02328467182815075
14394,0.025358974933624268
14395,0.029304085299372673
14396,0.037166811525821686
14397,0.053165681660175323
14398,0.08535116910934448
14399,0.14628276228904724
14400,0.25103622674942017
14401,0.39054983854293823
14402,0.5000162124633789
14403,0.44045260548591614
14404,0.2083049714565277
14405,0.032506465911865234
14406,0.09273875504732132
14407,0.2660333812236786
14408,0.32770681381225586
14409,0.19753000140190125
14410,0.04327259957790375
14411,0.07686765491962433
14412,0.1987203061580658
14413,0.18848690390586853
14414,0.06760057806968689
14415,0.03249216079711914
14416,0.10501530766487122
14417,0.11742855608463287
14418,0.048703230917453766
14419,0.02840854600071907
14420,0.07346358895301819
14421,0.08352512121200562
14422,0.040448836982250214
14423,0.02711990848183632
14424,0.05817670747637749
14425,0.06279060989618301
14426,0.03241145610809326
14427,0.02507905848324299
14428,0.04602883383631706
14429,0.047596052289009094
14430,0.027256565168499947
14431,0.025600356981158257
14432,0.04041026532649994
14433,0.03931353986263275
14434,0.02548614703118801
14435,0.02516593597829342
14436,0.03529520705342293
14437,0.03346066176891327
14438,0.02396213822066784
14439,0.024428457021713257
14440,0.031242500990629196
14441,0.029860878363251686
14442,0.02324894815683365
14443,0.02397400513291359
14444,0.028609471395611763
14445,0.027177993208169937
14446,0.022748470306396484
14447,0.023374004289507866
14448,0.02634740062057972
14449,0.025186987593770027
14450,0.022422844544053078
14451,0.022869495674967766
14452,0.02467391826212406
14453,0.024052061140537262
14454,0.02227517031133175
14455,0.02238709107041359
14456,0.02352062240242958
14457,0.02329467423260212
14458,0.022153643891215324
14459,0.02206525020301342
14460,0.022788364440202713
14461,0.022737916558980942
14462,0.022053200751543045
14463,0.021914782002568245
14464,0.022340867668390274
14465,0.022372104227542877
14466,0.02195688895881176
14467,0.021830132231116295
14468,0.022059647366404533
14469,0.022134050726890564
14470,0.02188224345445633
14471,0.02173384092748165
14472,0.021886231377720833
14473,0.021992642432451248
14474,0.0218320544809103
14475,0.021652739495038986
14476,0.021736541762948036
14477,0.021873077377676964
14478,0.0218034815043211
14479,0.021633004769682884
14480,0.021596580743789673
14481,0.021717097610235214
14482,0.021757785230875015
14483,0.021639252081513405
14484,0.02152957208454609
14485,0.02156023122370243
14486,0.021651480346918106
14487,0.02163146249949932
14488,0.021521029993891716
14489,0.021464500576257706
14490,0.0215096864849329
14491,0.021564144641160965
14492,0.021526619791984558
14493,0.021438665688037872
14494,0.021402593702077866
14495,0.021440677344799042
14496,0.021477865055203438
14497,0.021442683413624763
14498,0.021372608840465546
14499,0.021340860053896904
14500,0.021363943815231323
14501,0.021393848583102226
14502,0.021372903138399124
14503,0.021317316219210625
14504,0.021282004192471504
14505,0.021289465948939323
14506,0.021313784644007683
14507,0.021307731047272682
14508,0.021268205717206
14509,0.021230079233646393
14510,0.021221211180090904
14511,0.021236859261989594
14512,0.02124219946563244
14513,0.02121991105377674
14514,0.02118503302335739
14515,0.02116265706717968
14516,0.021164437755942345
14517,0.02117322012782097
14518,0.021167254075407982
14519,0.021143313497304916
14520,0.021115198731422424
14521,0.021101607009768486
14522,0.021102996543049812
14523,0.021105127409100533
14524,0.021095946431159973
14525,0.021073807030916214
14526,0.021052129566669464
14527,0.02104124054312706
14528,0.021038834005594254
14529,0.02103673852980137
14530,0.02102617919445038
14531,0.02100887894630432
14532,0.020992791280150414
14533,0.020981600508093834
14534,0.020975105464458466
14535,0.020968597382307053
14536,0.02095904015004635
14537,0.020947478711605072
14538,0.02093547023832798
14539,0.02092445082962513
14540,0.020914791151881218
14541,0.02090561017394066
14542,0.020896604284644127
14543,0.020887533202767372
14544,0.02087821438908577
14545,0.020868930965662003
14546,0.020859912037849426
14547,0.020850559696555138
14548,0.020841145887970924
14549,0.020831773057579994
14550,0.02082223817706108
14551,0.020813308656215668
14552,0.02080489695072174
14553,0.020796623080968857
14554,0.020788270980119705
14555,0.02077908255159855
14556,0.020769381895661354
14557,0.020759832113981247
14558,0.02075064554810524
14559,0.020741689950227737
14560,0.02073279395699501
14561,0.020724093541502953
14562,0.020715372636914253
14563,0.02070685848593712
14564,0.020698394626379013
14565,0.02068994753062725
14566,0.020681658759713173
14567,0.020673757418990135
14568,0.020666494965553284
14569,0.020660176873207092
14570,0.02065563015639782
14571,0.02065497450530529
14572,0.02066265419125557
14573,0.020687563344836235
14574,0.020749179646372795
14575,0.0208683293312788
14576,0.021111629903316498
14577,0.021654870361089706
14578,0.0228683240711689
14579,0.025566907599568367
14580,0.03098505362868309
14581,0.04223555326461792
14582,0.06772918999195099
14583,0.12113149464130402
14584,0.2280963957309723
14585,0.3619227409362793
14586,0.46693480014801025
14587,0.38806599378585815
14588,0.17729538679122925
14589,0.028728822246193886
14590,0.0920080691576004
14591,0.20969638228416443
14592,0.21359942853450775
14593,0.11910245567560196
14594,0.03179270774126053
14595,0.050822384655475616
14596,0.09614240378141403
14597,0.08981695026159286
14598,0.04579436406493187
14599,0.024692481383681297
14600,0.03732537478208542
14601,0.03868408873677254
14602,0.03101382590830326
14603,0.024551697075366974
14604,0.02478606626391411
14605,0.025479134172201157
14606,0.023000366985797882
14607,0.023499131202697754
14608,0.025843964889645576
14609,0.02755306288599968
14610,0.022947242483496666
14611,0.025156056508421898
14612,0.03359268978238106
14613,0.03593055158853531
14614,0.03007466346025467
14615,0.02256578393280506
14616,0.03269752115011215
14617,0.048088062554597855
14618,0.04734565317630768
14619,0.03241616487503052
14620,0.02264399640262127
14621,0.04283488541841507
14622,0.06294654309749603
14623,0.05214846879243851
14624,0.02844146639108658
14625,0.02640940621495247
14626,0.05572586506605148
14627,0.06615197658538818
14628,0.04053520783782005
14629,0.022217364981770515
14630,0.038708463311195374
14631,0.0636402815580368
14632,0.05244568735361099
14633,0.02568889409303665
14634,0.02702195942401886
14635,0.0493507906794548
14636,0.05347837507724762
14637,0.03238371014595032
14638,0.02197161875665188
14639,0.03507466986775398
14640,0.04506131261587143
14641,0.03451063483953476
14642,0.021865226328372955
14643,0.026057183742523193
14644,0.035548582673072815
14645,0.0327032133936882
14646,0.023006198927760124
14647,0.02234271727502346
14648,0.02902943268418312
14649,0.030027829110622406
14650,0.023895347490906715
14651,0.021273847669363022
14652,0.025225231423974037
14653,0.027601730078458786
14654,0.024336237460374832
14655,0.021137548610568047
14656,0.02292824536561966
14657,0.025613071396946907
14658,0.024384096264839172
14659,0.021472783759236336
14660,0.021426431834697723
14661,0.0236451905220747
14662,0.02401653863489628
14663,0.022045232355594635
14664,0.02088727243244648
14665,0.021895648911595345
14666,0.02290274016559124
14667,0.022213486954569817
14668,0.021014869213104248
14669,0.021019423380494118
14670,0.021763529628515244
14671,0.021795393899083138
14672,0.02113727293908596
14673,0.020782461389899254
14674,0.021100357174873352
14675,0.021325616165995598
14676,0.021040864288806915
14677,0.020762041211128235
14678,0.020833447575569153
14679,0.021045386791229248
14680,0.020942095667123795
14681,0.020716257393360138
14682,0.020744845271110535
14683,0.02091127075254917
14684,0.02094135247170925
14685,0.02073124423623085
14686,0.020664837211370468
14687,0.020836718380451202
14688,0.020940575748682022
14689,0.02082887850701809
14690,0.020630579441785812
14691,0.020717162638902664
14692,0.02094564028084278
14693,0.02095557190477848
14694,0.020738184452056885
14695,0.020558713003993034
14696,0.020744727924466133
14697,0.021014655008912086
14698,0.020981287583708763
14699,0.02070005051791668
14700,0.020502422004938126
14701,0.020716823637485504
14702,0.021026363596320152
14703,0.02101258561015129
14704,0.020711319521069527
14705,0.020458202809095383
14706,0.020633939653635025
14707,0.020977139472961426
14708,0.021036675199866295
14709,0.020763104781508446
14710,0.02043760195374489
14711,0.02051899954676628
14712,0.020870042964816093
14713,0.02103123441338539
14714,0.020834971219301224
14715,0.020449157804250717
14716,0.020399007946252823
14717,0.020714905112981796
14718,0.02097693271934986
14719,0.02090781182050705
14720,0.020506013184785843
14721,0.020313287153840065
14722,0.02053949236869812
14723,0.020857611671090126
14724,0.020931996405124664
14725,0.020576631650328636
14726,0.020275449380278587
14727,0.020378436893224716
14728,0.020681019872426987
14729,0.020861027762293816
14730,0.020596809685230255
14731,0.02026207000017166
14732,0.0202652420848608
14733,0.02050674520432949
14734,0.02073163352906704
14735,0.020560147240757942
14736,0.020250270143151283
14737,0.02019953727722168
14738,0.02036440186202526
14739,0.020565124228596687
14740,0.02046300657093525
14741,0.020246654748916626
14742,0.02025013603270054
14743,0.020461205393075943
14744,0.020783524960279465
14745,0.02091062068939209
14746,0.021057045087218285
14747,0.02168288081884384
14748,0.023006364703178406
14749,0.025431277230381966
14750,0.029763448983430862
14751,0.038132280111312866
14752,0.05413537472486496
14753,0.08395901322364807
14754,0.13595549762248993
14755,0.2150297611951828
14756,0.3089841604232788
14757,0.3759347200393677
14758,0.33784642815589905
14759,0.18822498619556427
14760,0.046217236667871475
14761,0.036382753401994705
14762,0.13426874577999115
14763,0.21788018941879272
14764,0.1983191967010498
14765,0.0899871438741684
14766,0.024620074778795242
14767,0.07281462848186493
14768,0.14364196360111237
14769,0.13442979753017426
14770,0.06176207214593887
14771,0.02693925052881241
14772,0.0634862408041954
14773,0.0985637754201889
14774,0.07649657875299454
14775,0.03146842122077942
14776,0.027946334332227707
14777,0.05673285573720932
14778,0.060452766716480255
14779,0.035482533276081085
14780,0.02322738617658615
14781,0.03696058690547943
14782,0.04912105202674866
14783,0.03935594856739044
14784,0.02408209815621376
14785,0.026058346033096313
14786,0.03785321116447449
14787,0.03776264190673828
14788,0.026550982147455215
14789,0.02240133285522461
14790,0.02853361703455448
14791,0.03210297226905823
14792,0.02735869027674198
14793,0.022250784561038017
14794,0.023750677704811096
14795,0.027431946247816086
14796,0.026451891288161278
14797,0.022677430883049965
14798,0.02218608371913433
14799,0.024630336090922356
14800,0.02498786710202694
14801,0.02287701703608036
14802,0.021810946986079216
14803,0.022835107520222664
14804,0.023661203682422638
14805,0.022664466872811317
14806,0.021494055166840553
14807,0.02187269926071167
14808,0.022827673703432083
14809,0.022514568641781807
14810,0.021274995058774948
14811,0.02109716646373272
14812,0.02202150784432888
14813,0.022484278306365013
14814,0.021755371242761612
14815,0.020746123045682907
14816,0.020900459960103035
14817,0.02183421142399311
14818,0.02211039513349533
14819,0.02135150507092476
14820,0.020528901368379593
14821,0.020729850977659225
14822,0.02150665409862995
14823,0.021758070215582848
14824,0.021200716495513916
14825,0.02048571966588497
14826,0.020537570118904114
14827,0.021154966205358505
14828,0.02145983837544918
14829,0.021125417202711105
14830,0.020511778071522713
14831,0.02040071226656437
14832,0.02083512954413891
14833,0.021194035187363625
14834,0.021079115569591522
14835,0.02055322378873825
14836,0.020307350903749466
14837,0.020574545487761497
14838,0.020931027829647064
14839,0.02098701149225235
14840,0.02057350054383278
14841,0.020245255902409554
14842,0.020371362566947937
14843,0.02068600244820118
14844,0.02084118314087391
14845,0.02054079994559288
14846,0.020195815712213516
14847,0.020220419391989708
14848,0.020470481365919113
14849,0.02066538855433464
14850,0.020458029583096504
14851,0.020140988752245903
14852,0.020112765952944756
14853,0.020299598574638367
14854,0.0204947330057621
14855,0.020356087014079094
14856,0.02008955180644989
14857,0.02004305273294449
14858,0.020182186737656593
14859,0.02036014199256897
14860,0.02025878243148327
14861,0.020039137452840805
14862,0.01999690569937229
14863,0.020107001066207886
14864,0.020266616716980934
14865,0.020178692415356636
14866,0.019981801509857178
14867,0.019942961633205414
14868,0.020035525783896446
14869,0.020182527601718903
14870,0.02010813169181347
14871,0.01992719992995262
14872,0.019884202629327774
14873,0.019954420626163483
14874,0.020080383867025375
14875,0.020020008087158203
14876,0.019870102405548096
14877,0.019839894026517868
14878,0.01990196481347084
14879,0.02001139335334301
14880,0.01995118334889412
14881,0.019815580919384956
14882,0.019793910905718803
14883,0.019858144223690033
14884,0.01997051015496254
14885,0.01991581916809082
14886,0.019777905195951462
14887,0.019742649048566818
14888,0.01978745311498642
14889,0.019885927438735962
14890,0.019844353199005127
14891,0.019727585837244987
14892,0.019696760922670364
14893,0.01973080076277256
14894,0.019812846556305885
14895,0.019774535670876503
14896,0.019675513729453087
14897,0.01965438388288021
14898,0.01969069428741932
14899,0.019772786647081375
14900,0.01973762735724449
14901,0.01963770017027855
14902,0.019607560709118843
14903,0.019626978784799576
14904,0.019688276574015617
14905,0.01965773105621338
14906,0.019581666216254234
14907,0.019568147137761116
14908,0.019601110368967056
14909,0.019680406898260117
14910,0.01965836063027382
14911,0.019567208364605904
14912,0.01952691189944744
14913,0.01951470971107483
14914,0.019519859924912453
14915,0.01950032450258732
14916,0.019535552710294724
14917,0.019688837230205536
14918,0.020025094971060753
14919,0.020707447081804276
14920,0.021441563963890076
14921,0.02237015590071678
14922,0.024610508233308792
14923,0.029477659612894058
14924,0.03997012972831726
14925,0.06123490631580353
14926,0.1043226346373558
14927,0.18156149983406067
14928,0.30318522453308105
14929,0.41178497672080994
14930,0.4077707529067993
14931,0.2290249466896057
14932,0.06025046855211258
14933,0.0453774631023407
14934,0.17536190152168274
14935,0.221085786819458
14936,0.1473255604505539
14937,0.07957740128040314
14938,0.030724460259079933
14939,0.0890386551618576
14940,0.10877599567174911
14941,0.06772308051586151
14942,0.042163848876953125
14943,0.03388405963778496
14944,0.06557602435350418
14945,0.05016431584954262
14946,0.03282226249575615
14947,0.027019929140806198
14948,0.051057517528533936
14949,0.05606610327959061
14950,0.03485843539237976
14951,0.02590605989098549
14952,0.05651404708623886
14953,0.07393201440572739
14954,0.0584908127784729
14955,0.025384560227394104
14956,0.048493195325136185
14957,0.08891645073890686
14958,0.0820837914943695
14959,0.0377943180501461
14960,0.03011913225054741
14961,0.0890839621424675
14962,0.1058274358510971
14963,0.05319324880838394
14964,0.024278122931718826
14965,0.06678010523319244
14966,0.115497887134552
14967,0.07535183429718018
14968,0.025952087715268135
14969,0.045426737517118454
14970,0.08845308423042297
14971,0.07606061547994614
14972,0.02890712395310402
14973,0.03141062334179878
14974,0.06541913747787476
14975,0.0613747164607048
14976,0.02946031093597412
14977,0.023382432758808136
14978,0.04613253474235535
14979,0.049327850341796875
14980,0.02931988053023815
14981,0.02122373878955841
14982,0.03294363245368004
14983,0.03751496970653534
14984,0.027090787887573242
14985,0.021042320877313614
14986,0.025646615773439407
14987,0.02884286269545555
14988,0.024153433740139008
14989,0.020512018352746964
14990,0.022649578750133514
14991,0.023674745112657547
14992,0.021648254245519638
14993,0.0201137475669384
14994,0.02127356268465519
14995,0.021685533225536346
14996,0.020348625257611275
14997,0.020158667117357254
14998,0.02099374122917652
14999,0.021174462512135506
15000,0.020128997042775154
15001,0.020528847351670265
15002,0.021737225353717804
15003,0.02146362140774727
15004,0.020277107134461403
15005,0.020326562225818634
15006,0.022203175351023674
15007,0.022517772391438484
15008,0.020830420777201653
15009,0.020010026171803474
15010,0.021347127854824066
15011,0.022956717759370804
15012,0.021951433271169662
15013,0.02012573555111885
15014,0.020228469744324684
15015,0.021871784701943398
15016,0.022506913170218468
15017,0.021006327122449875
15018,0.019767921417951584
15019,0.020386049523949623
15020,0.0215955451130867
15021,0.02152719348669052
15022,0.020263949409127235
15023,0.019692640751600266
15024,0.020350150763988495
15025,0.020983748137950897
15026,0.020619412884116173
15027,0.01982368901371956
15028,0.019689232110977173
15029,0.020188067108392715
15030,0.0204103272408247
15031,0.02002752013504505
15032,0.019619856029748917
15033,0.019680561497807503
15034,0.01998593658208847
15035,0.019988367334008217
15036,0.019694330170750618
15037,0.019535725936293602
15038,0.01965135708451271
15039,0.019807498902082443
15040,0.01971995271742344
15041,0.019530605524778366
15042,0.019506637006998062
15043,0.019617004320025444
15044,0.019675767049193382
15045,0.0195574089884758
15046,0.019448544830083847
15047,0.0194937102496624
15048,0.019587287679314613
15049,0.019589968025684357
15050,0.019462592899799347
15051,0.01940377801656723
15052,0.019485997036099434
15053,0.01956869848072529
15054,0.019541041925549507
15055,0.019403327256441116
15056,0.019365020096302032
15057,0.019468622282147408
15058,0.01955721341073513
15059,0.019522342830896378
15060,0.019367529079318047
15061,0.019319584593176842
15062,0.019432630389928818
15063,0.019542982801795006
15064,0.01952505297958851
15065,0.019354360178112984
15066,0.01927291601896286
15067,0.019378352910280228
15068,0.019522961229085922
15069,0.01956053264439106
15070,0.01940338872373104
15071,0.019293449819087982
15072,0.019398197531700134
15073,0.01961669512093067
15074,0.01981699839234352
15075,0.019914673641324043
15076,0.020201116800308228
15077,0.021041743457317352
15078,0.02271496318280697
15079,0.025762639939785004
15080,0.03089989349246025
15081,0.040460746735334396
15082,0.05836179107427597
15083,0.09087616205215454
15084,0.14291749894618988
15085,0.2148004174232483
15086,0.27876827120780945
15087,0.2961186170578003
15088,0.21844227612018585
15089,0.09615622460842133
15090,0.022975772619247437
15091,0.049100663512945175
15092,0.1242062970995903
15093,0.16234678030014038
15094,0.125578373670578
15095,0.0498981699347496
15096,0.022412408143281937
15097,0.06235567480325699
15098,0.10539530962705612
15099,0.09835641086101532
15100,0.051266636699438095
15101,0.02236880362033844
15102,0.0402323380112648
15103,0.07175356894731522
15104,0.0723101943731308
15105,0.04197614639997482
15106,0.02163298986852169
15107,0.031071413308382034
15108,0.04867085814476013
15109,0.04820289462804794
15110,0.030670028179883957
15111,0.020239608362317085
15112,0.02778882533311844
15113,0.0376514196395874
15114,0.03452707827091217
15115,0.02393864095211029
15116,0.020691493526101112
15117,0.02663695067167282
15118,0.03126432001590729
15119,0.027649886906147003
15120,0.02112823724746704
15121,0.02098897285759449
15122,0.025829918682575226
15123,0.027476701885461807
15124,0.023889238014817238
15125,0.020268840715289116
15126,0.021130505949258804
15127,0.02417060174047947
15128,0.024548472836613655
15129,0.021823681890964508
15130,0.01980821043252945
15131,0.020926393568515778
15132,0.02281317673623562
15133,0.0225966889411211
15134,0.020772935822606087
15135,0.019689662382006645
15136,0.02049856074154377
15137,0.021711308509111404
15138,0.021518060937523842
15139,0.02025935985147953
15140,0.019562555477023125
15141,0.020122261717915535
15142,0.020928774029016495
15143,0.02087859809398651
15144,0.02007899433374405
15145,0.01948029361665249
15146,0.019737649708986282
15147,0.020337482914328575
15148,0.020437225699424744
15149,0.01995714381337166
15150,0.019455425441265106
15151,0.01946716196835041
15152,0.01985873468220234
15153,0.0200787503272295
15154,0.01986393891274929
15155,0.019458482041954994
15156,0.019316580146551132
15157,0.019511602818965912
15158,0.01974043995141983
15159,0.019729774445295334
15160,0.019471900537610054
15161,0.019261721521615982
15162,0.019290287047624588
15163,0.019450437277555466
15164,0.019538525491952896
15165,0.01943797990679741
15166,0.01926296576857567
15167,0.01918688975274563
15168,0.019238371402025223
15169,0.019325964152812958
15170,0.01932721585035324
15171,0.019242554903030396
15172,0.019159482792019844
15173,0.019130535423755646
15174,0.019155241549015045
15175,0.019175495952367783
15176,0.01915854401886463
15177,0.019124628975987434
15178,0.01909121498465538
15179,0.01907210610806942
15180,0.019062448292970657
15181,0.019053837284445763
15182,0.019048115238547325
15183,0.019041312858462334
15184,0.0190300103276968
15185,0.019012095406651497
15186,0.01899399422109127
15187,0.01898261532187462
15188,0.01897716335952282
15189,0.01897352561354637
15190,0.018963824957609177
15191,0.01895267888903618
15192,0.018945014104247093
15193,0.01893860474228859
15194,0.01893097348511219
15195,0.018914997577667236
15196,0.018898576498031616
15197,0.018890345469117165
15198,0.018887832760810852
15199,0.01888669840991497
15200,0.018875915557146072
15201,0.018859155476093292
15202,0.018846023827791214
15203,0.01883670687675476
15204,0.018830111250281334
15205,0.018819959834218025
15206,0.018807874992489815
15207,0.018798930570483208
15208,0.018792394548654556
15209,0.01878676377236843
15210,0.018776748329401016
15211,0.018765266984701157
15212,0.018756894394755363
15213,0.018750840798020363
15214,0.01874590665102005
15215,0.018735738471150398
15216,0.018722575157880783
15217,0.018712244927883148
15218,0.0187041237950325
15219,0.01869751326739788
15220,0.01868816651403904
15221,0.018677623942494392
15222,0.01866920292377472
15223,0.018662475049495697
15224,0.018656928092241287
15225,0.01864744909107685
15226,0.018636129796504974
15227,0.01862701028585434
15228,0.018619531765580177
15229,0.018613239750266075
15230,0.01860436052083969
15231,0.018594413995742798
15232,0.01858624443411827
15233,0.018579591065645218
15234,0.01857445389032364
15235,0.01856670342385769
15236,0.018557816743850708
15237,0.018551655113697052
15238,0.01854850724339485
15239,0.01854988932609558
15240,0.018557192757725716
15241,0.018579095602035522
15242,0.01863054186105728
15243,0.01873832195997238
15244,0.01895776577293873
15245,0.019383665174245834
15246,0.020235516130924225
15247,0.02199060469865799
15248,0.025645321235060692
15249,0.033231236040592194
15250,0.04887193441390991
15251,0.08012394607067108
15252,0.14060775935649872
15253,0.23973271250724792
15254,0.3667010962963104
15255,0.42775118350982666
15256,0.3330856263637543
15257,0.12293095886707306
15258,0.02195783518254757
15259,0.11602919548749924
15260,0.2547364830970764
15261,0.274050235748291
15262,0.1428534984588623
15263,0.02894766628742218
15264,0.07815107703208923
15265,0.17635831236839294
15266,0.15671265125274658
15267,0.05437258630990982
15268,0.03220522776246071
15269,0.09370698034763336
15270,0.10124081373214722
15271,0.04424552991986275
15272,0.023177526891231537
15273,0.05965966731309891
15274,0.07220280170440674
15275,0.0345359742641449
15276,0.023087168112397194
15277,0.05274304747581482
15278,0.05959973484277725
15279,0.032484520226716995
15280,0.02175622433423996
15281,0.04197992756962776
15282,0.04839537665247917
15283,0.029580440372228622
15284,0.02065681666135788
15285,0.03389574587345123
15286,0.040851544588804245
15287,0.027127599343657494
15288,0.019918393343687057
15289,0.02978755161166191
15290,0.03480098769068718
15291,0.02562190592288971
15292,0.01961694099009037
15293,0.025673959404230118
15294,0.029023144394159317
15295,0.02348606288433075
15296,0.019532520323991776
15297,0.022807175293564796
15298,0.025427360087633133
15299,0.022093400359153748
15300,0.019383149221539497
15301,0.021108508110046387
15302,0.022772446274757385
15303,0.021011127158999443
15304,0.019283561035990715
15305,0.020232124254107475
15306,0.020982475951313972
15307,0.020072856917977333
15308,0.01924423687160015
15309,0.019699163734912872
15310,0.020164772868156433
15311,0.01962599903345108
15312,0.01911296881735325
15313,0.01940567046403885
15314,0.019777288660407066
15315,0.019403701648116112
15316,0.019040636718273163
15317,0.019286856055259705
15318,0.019526828080415726
15319,0.019305288791656494
15320,0.018990788608789444
15321,0.019152428954839706
15322,0.019428538158535957
15323,0.019296832382678986
15324,0.018975643441081047
15325,0.018973998725414276
15326,0.019290702417492867
15327,0.019339241087436676
15328,0.01903410255908966
15329,0.018855586647987366
15330,0.01903548464179039
15331,0.01926133595407009
15332,0.01914367638528347
15333,0.01886722445487976
15334,0.01881708949804306
15335,0.01902153715491295
15336,0.019147709012031555
15337,0.018974825739860535
15338,0.018763022497296333
15339,0.018773747608065605
15340,0.018941396847367287
15341,0.01901337318122387
15342,0.018860116600990295
15343,0.018693557009100914
15344,0.0187075138092041
15345,0.018838470801711082
15346,0.01889406144618988
15347,0.018779493868350983
15348,0.018643571063876152
15349,0.018636241555213928
15350,0.018731562420725822
15351,0.018790706992149353
15352,0.018718751147389412
15353,0.018601344898343086
15354,0.018564602360129356
15355,0.01862339675426483
15356,0.018689606338739395
15357,0.018665120005607605
15358,0.018574155867099762
15359,0.01851324737071991
15360,0.018529308959841728
15361,0.018587252125144005
15362,0.018601704388856888
15363,0.01854701153934002
15364,0.01847599819302559
15365,0.01844874396920204
15366,0.018482539802789688
15367,0.01852208375930786
15368,0.01851700060069561
15369,0.018473535776138306
15370,0.018424859270453453
15371,0.01841599866747856
15372,0.018447766080498695
15373,0.018479201942682266
15374,0.01848873868584633
15375,0.018505239859223366
15376,0.01860729232430458
15377,0.018876200541853905
15378,0.019440066069364548
15379,0.02055801823735237
15380,0.02243027649819851
15381,0.025837115943431854
15382,0.03309383615851402
15383,0.04784487932920456
15384,0.0775904729962349
15385,0.12374754250049591
15386,0.19004638493061066
15387,0.25363582372665405
15388,0.2815421223640442
15389,0.21991197764873505
15390,0.11513498425483704
15391,0.028010215610265732
15392,0.039427898824214935
15393,0.1088414341211319
15394,0.14561812579631805
15395,0.11492443829774857
15396,0.042495645582675934
15397,0.023569870740175247
15398,0.06883971393108368
15399,0.10410936176776886
15400,0.07752592861652374
15401,0.027987521141767502
15402,0.028590690344572067
15403,0.06357515603303909
15404,0.07841154932975769
15405,0.04694870859384537
15406,0.0192096084356308
15407,0.036450207233428955
15408,0.06175559014081955
15409,0.05693254992365837
15410,0.026686448603868484
15411,0.024512112140655518
15412,0.05394502356648445
15413,0.06763957440853119
15414,0.04596246778964996
15415,0.019857345148921013
15416,0.039880942553281784
15417,0.07233881205320358
15418,0.06606373190879822
15419,0.03204577788710594
15420,0.022732218727469444
15421,0.05964124575257301
15422,0.07767252624034882
15423,0.050343722105026245
15424,0.02092250995337963
15425,0.03386855870485306
15426,0.06908753514289856
15427,0.06332463026046753
15428,0.029912449419498444
15429,0.021325193345546722
15430,0.04584546387195587
15431,0.06128089129924774
15432,0.040262963622808456
15433,0.020120207220315933
15434,0.028820279985666275
15435,0.04524177312850952
15436,0.04097691923379898
15437,0.023682918399572372
15438,0.021078988909721375
15439,0.03228043019771576
15440,0.03460763022303581
15441,0.024841023609042168
15442,0.01948261819779873
15443,0.024750694632530212
15444,0.029444871470332146
15445,0.024600081145763397
15446,0.019317233934998512
15447,0.021807601675391197
15448,0.025998827069997787
15449,0.02458765357732773
15450,0.019689248874783516
15451,0.02002863772213459
15452,0.024247601628303528
15453,0.024694491177797318
15454,0.020922888070344925
15455,0.01875084638595581
15456,0.021895738318562508
15457,0.024682998657226562
15458,0.022564943879842758
15459,0.01910746656358242
15460,0.019299278035759926
15461,0.02271755412220955
15462,0.023650143295526505
15463,0.020789923146367073
15464,0.018529223278164864
15465,0.019744304940104485
15466,0.022258374840021133
15467,0.022067632526159286
15468,0.019612347707152367
15469,0.018413087353110313
15470,0.019676709547638893
15471,0.02116219513118267
15472,0.020627813413739204
15473,0.01894523575901985
15474,0.018372973427176476
15475,0.019270019605755806
15476,0.020024307072162628
15477,0.019565772265195847
15478,0.01858225278556347
15479,0.01831193082034588
15480,0.018810031935572624
15481,0.01914270408451557
15482,0.0188737940043211
15483,0.01837844029068947
15484,0.01824023760855198
15485,0.018452012911438942
15486,0.018569786101579666
15487,0.01845228485763073
15488,0.018248435109853745
15489,0.018178759142756462
15490,0.018234938383102417
15491,0.018254175782203674
15492,0.018214432522654533
15493,0.018155056983232498
15494,0.01812848635017872
15495,0.01812499389052391
15496,0.01811143010854721
15497,0.01809871383011341
15498,0.018089551478624344
15499,0.018082404509186745
15500,0.01806713454425335
15501,0.018057972192764282
15502,0.01805890165269375
15503,0.01805645227432251
15504,0.018043681979179382
15505,0.01801934465765953
15506,0.018023353070020676
15507,0.018046705052256584
15508,0.01805270090699196
15509,0.018028054386377335
15510,0.017976919189095497
15511,0.017971133813261986
15512,0.018014471977949142
15513,0.018049072474241257
15514,0.018036356195807457
15515,0.017958814278244972
15516,0.01791336014866829
15517,0.017946483567357063
15518,0.0180053673684597
15519,0.018029870465397835
15520,0.01795722357928753
15521,0.01787549816071987
15522,0.01787181943655014
15523,0.01792147569358349
15524,0.017970621585845947
15525,0.017927490174770355
15526,0.017844758927822113
15527,0.017815809696912766
15528,0.017837464809417725
15529,0.017878584563732147
15530,0.01785718835890293
15531,0.017797788605093956
15532,0.017771510407328606
15533,0.017777971923351288
15534,0.017800966277718544
15535,0.017782436683773994
15536,0.01774265244603157
15537,0.017730237916111946
15538,0.01773955300450325
15539,0.017757579684257507
15540,0.017734795808792114
15541,0.017697878181934357
15542,0.017690524458885193
15543,0.017704760655760765
15544,0.017727624624967575
15545,0.017704211175441742
15546,0.017660554498434067
15547,0.017645830288529396
15548,0.017653996124863625
15549,0.017675308510661125
15550,0.017658179625868797
15551,0.017620014026761055
15552,0.017604108899831772
15553,0.017605965957045555
15554,0.017619460821151733
15555,0.017603930085897446
15556,0.01757478341460228
15557,0.01756572164595127
15558,0.017571892589330673
15559,0.017589060589671135
15560,0.0175744891166687
15561,0.017543066293001175
15562,0.017531074583530426
15563,0.017534524202346802
15564,0.01755177043378353
15565,0.01755383051931858
15566,0.01755904220044613
15567,0.017604518681764603
15568,0.01770894229412079
15569,0.017915047705173492
15570,0.018261419609189034
15571,0.018920086324214935
15572,0.020278459414839745
15573,0.02302565425634384
15574,0.028630543500185013
15575,0.03977666795253754
15576,0.06210342422127724
15577,0.10437853634357452
15578,0.17911240458488464
15579,0.2815956473350525
15580,0.3695378303527832
15581,0.344637930393219
15582,0.19177493453025818
15583,0.04083035886287689
15584,0.04979607090353966
15585,0.16783949732780457
15586,0.24286480247974396
15587,0.19976910948753357
15588,0.07204148173332214
15589,0.027612900361418724
15590,0.10517509281635284
15591,0.1502700299024582
15592,0.16604511439800262
15593,0.12017901986837387
15594,0.041508179157972336
15595,0.05239509791135788
15596,0.057882487773895264
15597,0.07795347273349762
15598,0.06262868642807007
15599,0.03566795587539673
15600,0.04088908061385155
15601,0.04415926709771156
15602,0.055154379457235336
15603,0.03824111819267273
15604,0.034359000623226166
15605,0.027664944529533386
15606,0.03654373064637184
15607,0.03096245974302292
15608,0.0325804129242897
15609,0.02761586755514145
15610,0.028823409229516983
15611,0.024996601045131683
15612,0.027896394953131676
15613,0.026458285748958588
15614,0.02817084826529026
15615,0.02441534772515297
15616,0.022630617022514343
15617,0.024529501795768738
15618,0.02817404828965664
15619,0.02715485915541649
15620,0.021187622100114822
15621,0.021422093734145164
15622,0.026610851287841797
15623,0.03077901341021061
15624,0.026765644550323486
15625,0.02013850212097168
15626,0.020864088088274002
15627,0.029600081965327263
15628,0.0322934165596962
15629,0.027490971609950066
15630,0.019374724477529526
15631,0.021952955052256584
15632,0.03003581240773201
15633,0.03350364416837692
15634,0.02808324061334133
15635,0.020314306020736694
15636,0.02166593447327614
15637,0.029733911156654358
15638,0.03347548097372055
15639,0.029308989644050598
15640,0.021236831322312355
15641,0.021440712735056877
15642,0.02913370169699192
15643,0.034045860171318054
15644,0.03098437935113907
15645,0.02211984246969223
15646,0.020971082150936127
15647,0.028469976037740707
15648,0.034835271537303925
15649,0.03269452601671219
15650,0.022994913160800934
15651,0.020329728722572327
15652,0.02816077321767807
15653,0.03579377382993698
15654,0.03467732295393944
15655,0.023882346227765083
15656,0.01981949992477894
15657,0.027725929394364357
15658,0.03667570650577545
15659,0.03626910597085953
15660,0.024564461782574654
15661,0.01944054290652275
15662,0.027835335582494736
15663,0.037840262055397034
15664,0.03788632154464722
15665,0.02505040168762207
15666,0.01921936310827732
15667,0.028399832546710968
15668,0.03949596732854843
15669,0.0395343191921711
15670,0.025335991755127907
15671,0.019150182604789734
15672,0.029733363538980484
15673,0.04209792613983154
15674,0.04184682294726372
15675,0.025742385536432266
15676,0.01921495981514454
15677,0.03168506175279617
15678,0.04559444636106491
15679,0.044700536876916885
15680,0.026151638478040695
15681,0.019472239539027214
15682,0.034500908106565475
15683,0.05016450956463814
15684,0.04801717773079872
15685,0.02640470862388611
15686,0.020056013017892838
15687,0.03849737346172333
15688,0.0558396615087986
15689,0.051269352436065674
15690,0.026077372953295708
15691,0.02134176716208458
15692,0.04443399980664253
15693,0.0629027932882309
15694,0.054069507867097855
15695,0.024967815726995468
15696,0.02398194931447506
15697,0.05305023491382599
15698,0.07116196304559708
15699,0.0554460734128952
15700,0.022966252639889717
15701,0.029100995510816574
15702,0.064851313829422
15703,0.07938805967569351
15704,0.05381769686937332
15705,0.020577561110258102
15706,0.03816693648695946
15707,0.07896168529987335
15708,0.08419330418109894
15709,0.047224003821611404
15710,0.019577447324991226
15711,0.05210800841450691
15712,0.09149754047393799
15713,0.08040402829647064
15714,0.03577490150928497
15715,0.02329123020172119
15716,0.06844700872898102
15717,0.09457902610301971
15718,0.06455947458744049
15719,0.024391399696469307
15720,0.0335409976541996
15721,0.0783950686454773
15722,0.0808936282992363
15723,0.04167865589261055
15724,0.020898502320051193
15725,0.04500932618975639
15726,0.0716630145907402
15727,0.05411780998110771
15728,0.024733519181609154
15729,0.026315227150917053
15730,0.0474381297826767
15731,0.050142183899879456
15732,0.030126236379146576
15733,0.020890090614557266
15734,0.031853191554546356
15735,0.03842836245894432
15736,0.029126664623618126
15737,0.020281871780753136
15738,0.024281993508338928
15739,0.03086753562092781
15740,0.026483915746212006
15741,0.019460678100585938
15742,0.021297935396432877
15743,0.026557354256510735
15744,0.025557663291692734
15745,0.019383244216442108
15746,0.019256088882684708
15747,0.02454797364771366
15748,0.02542862854897976
15749,0.02069772221148014
15750,0.01782367378473282
15751,0.021901892498135567
15752,0.02550603821873665
15753,0.022661972790956497
15754,0.018231522291898727
15755,0.018777672201395035
15756,0.023284271359443665
15757,0.024083372205495834
15758,0.020129069685935974
15759,0.017604785040020943
15760,0.01969539001584053
15761,0.022716116160154343
15762,0.021784182637929916
15763,0.018549516797065735
15764,0.01769373193383217
15765,0.01974164880812168
15766,0.021132808178663254
15767,0.019775811582803726
15768,0.01779831200838089
15769,0.017815163359045982
15770,0.019168447703123093
15771,0.019521795213222504
15772,0.018457531929016113
15773,0.017517002299427986
15774,0.017795173451304436
15775,0.018458977341651917
15776,0.018362192437052727
15777,0.017754534259438515
15778,0.01743926666676998
15779,0.01769271306693554
15780,0.01789887621998787
15781,0.01769433729350567
15782,0.01744900457561016
15783,0.017436617985367775
15784,0.017590703442692757
15785,0.01755693554878235
15786,0.017387641593813896
15787,0.0173640213906765
15788,0.017464157193899155
15789,0.017524966970086098
15790,0.01738477125763893
15791,0.017286276444792747
15792,0.017385462298989296
15793,0.01751161925494671
15794,0.017499836161732674
15795,0.017307117581367493
15796,0.01726813241839409
15797,0.01744571328163147
15798,0.017581220716238022
15799,0.017516160383820534
15800,0.017269186675548553
15801,0.017249464988708496
15802,0.017491381615400314
15803,0.01766732521355152
15804,0.01758488453924656
15805,0.017260020598769188
15806,0.017190486192703247
15807,0.017471985891461372
15808,0.01773478090763092
15809,0.017704078927636147
15810,0.0173051655292511
15811,0.01711082272231579
15812,0.017364894971251488
15813,0.01771967113018036
15814,0.017816415056586266
15815,0.01740819774568081
15816,0.01706532947719097
15817,0.017206929624080658
15818,0.017584573477506638
15819,0.017821889370679855
15820,0.017491551116108894
15821,0.0170647744089365
15822,0.017072252929210663
15823,0.017384840175509453
15824,0.017690081149339676
15825,0.01747221127152443
15826,0.01705966703593731
15827,0.01698555052280426
15828,0.017198024317622185
15829,0.017480356618762016
15830,0.017343712970614433
15831,0.017010599374771118
15832,0.016936369240283966
15833,0.01708594709634781
15834,0.017311343923211098
15835,0.017198976129293442
15836,0.016938434913754463
15837,0.016902713105082512
15838,0.017044106498360634
15839,0.01724352315068245
15840,0.01712537184357643
15841,0.016886597499251366
15842,0.016869662329554558
15843,0.017018724232912064
15844,0.0172274112701416
15845,0.01711161434650421
15846,0.0168595053255558
15847,0.016820646822452545
15848,0.016947414726018906
15849,0.017153900116682053
15850,0.017064230516552925
15851,0.01682783104479313
15852,0.016774695366621017
15853,0.016866441816091537
15854,0.017043091356754303
15855,0.016971243545413017
15856,0.016774965450167656
15857,0.016738424077630043
15858,0.01682332158088684
15859,0.016985293477773666
15860,0.016916338354349136
15861,0.016734551638364792
15862,0.016702670603990555
15863,0.016783325001597404
15864,0.01694478839635849
15865,0.0168901514261961
15866,0.01672029122710228
15867,0.016687318682670593
15868,0.016758376732468605
15869,0.01691729761660099
15870,0.016930347308516502
15871,0.016914615407586098
15872,0.017124850302934647
15873,0.01762709580361843
15874,0.018605265766382217
15875,0.02011670358479023
15876,0.022939927875995636
15877,0.02876874804496765
15878,0.04042632877826691
15879,0.0629042237997055
15880,0.10432553291320801
15881,0.17237669229507446
15882,0.2659807503223419
15883,0.34082281589508057
15884,0.32281258702278137
15885,0.1815163791179657
15886,0.040683045983314514
15887,0.036616142839193344
15888,0.13897952437400818
15889,0.21600377559661865
15890,0.17781655490398407
15891,0.06358648091554642
15892,0.023774532601237297
15893,0.0933784693479538
15894,0.152602881193161
15895,0.11600612103939056
15896,0.03973483294248581
15897,0.029751460999250412
15898,0.08012883365154266
15899,0.0985950380563736
15900,0.05504737049341202
15901,0.018878739327192307
15902,0.04167995974421501
15903,0.0667722225189209
15904,0.047590672969818115
15905,0.020739881321787834
15906,0.028173699975013733
15907,0.05182495340704918
15908,0.047437332570552826
15909,0.024357840418815613
15910,0.020887501537799835
15911,0.03956536203622818
15912,0.0445832684636116
15913,0.029268987476825714
15914,0.021450746804475784
15915,0.02886713296175003
15916,0.0355253592133522
15917,0.029679924249649048
15918,0.023447904735803604
15919,0.027045071125030518
15920,0.029761873185634613
15921,0.025081198662519455
15922,0.021401304751634598
15923,0.026107709854841232
15924,0.029903441667556763
15925,0.02451370283961296
15926,0.018725041300058365
15927,0.02146041952073574
15928,0.027777954936027527
15929,0.02728133648633957
15930,0.020095396786928177
15931,0.017562460154294968
15932,0.022579031065106392
15933,0.02652066946029663
15934,0.02441263571381569
15935,0.019041642546653748
15936,0.01810307614505291
15937,0.02206641063094139
15938,0.024954713881015778
15939,0.024052634835243225
15940,0.019777148962020874
15941,0.01813342608511448
15942,0.02090759016573429
15943,0.02419586107134819
15944,0.024924155324697495
15945,0.02074209600687027
15946,0.01770205982029438
15947,0.019834131002426147
15948,0.023967033252120018
15949,0.02585168182849884
15950,0.021449673920869827
15951,0.01735224761068821
15952,0.019193099811673164
15953,0.023922596126794815
15954,0.026520317420363426
15955,0.02192808873951435
15956,0.01718303933739662
15957,0.018827680498361588
15958,0.023836132138967514
15959,0.02690369263291359
15960,0.022216450423002243
15961,0.017096389085054398
15962,0.018703987821936607
15963,0.023913700133562088
15964,0.02735351398587227
15965,0.0225622970610857
15966,0.017082547768950462
15967,0.018635425716638565
15968,0.024081742390990257
15969,0.027934737503528595
15970,0.02299119532108307
15971,0.017091335728764534
15972,0.018613236024975777
15973,0.02438294142484665
15974,0.028770485892891884
15975,0.02364232949912548
15976,0.017154453322291374
15977,0.01854093000292778
15978,0.02464327961206436
15979,0.029623813927173615
15980,0.024324985221028328
15981,0.01722337305545807
15982,0.01847858354449272
15983,0.02492338791489601
15984,0.030505042523145676
15985,0.025009598582983017
15986,0.01728953793644905
15987,0.01845502480864525
15988,0.025272071361541748
15989,0.031421512365341187
15990,0.02564530447125435
15991,0.017318280413746834
15992,0.018510937690734863
15993,0.025808345526456833
15994,0.03254585713148117
15995,0.02635757252573967
15996,0.017335887998342514
15997,0.0186387300491333
15998,0.026571687310934067
15999,0.033977001905441284
16000,0.02723229117691517
16001,0.017358941957354546
16002,0.018814535811543465
16003,0.02754310518503189
16004,0.03573533892631531
16005,0.02829291671514511
16006,0.017392005771398544
16007,0.019056562334299088
16008,0.02876964770257473
16009,0.037872228771448135
16010,0.02955739200115204
16011,0.017430460080504417
16012,0.01937984861433506
16013,0.030291978269815445
16014,0.04040836915373802
16015,0.030967988073825836
16016,0.01743820682168007
16017,0.019894689321517944
16018,0.03236225247383118
16019,0.04360014572739601
16020,0.03261382877826691
16021,0.017408479005098343
16022,0.02069646120071411
16023,0.03523079305887222
16024,0.04770100489258766
16025,0.034534819424152374
16026,0.017317282035946846
16027,0.021993007510900497
16028,0.03936301916837692
16029,0.05314765125513077
16030,0.036817409098148346
16031,0.017153305932879448
16032,0.02412448823451996
16033,0.0454331636428833
16034,0.06042198836803436
16035,0.03936043381690979
16036,0.01689508929848671
16037,0.027869295328855515
16038,0.0547262467443943
16039,0.07019694894552231
16040,0.04180750250816345
16041,0.01664915308356285
16042,0.03485754132270813
16043,0.06938032060861588
16044,0.08290399610996246
16045,0.04298241809010506
16046,0.01710456609725952
16047,0.048721395432949066
16048,0.09271368384361267
16049,0.09742183238267899
16050,0.04013202339410782
16051,0.021376609802246094
16052,0.0769137442111969
16053,0.12735028564929962
16054,0.10663511604070663
16055,0.029409155249595642
16056,0.040562704205513
16057,0.1299017071723938
16058,0.16394202411174774
16059,0.09076908230781555
16060,0.017449788749217987
16061,0.0999840795993805
16062,0.19772905111312866
16063,0.15444792807102203
16064,0.037642206996679306
16065,0.05046390742063522
16066,0.19676415622234344
16067,0.19191062450408936
16068,0.058053843677043915
16069,0.029572390019893646
16070,0.142544224858284
16071,0.18254193663597107
16072,0.06075415387749672
16073,0.027067456394433975
16074,0.1121075302362442
16075,0.11833241581916809
16076,0.03891338035464287
16077,0.02785087749361992
16078,0.0847935676574707
16079,0.0739341601729393
16080,0.02243277244269848
16081,0.03041314147412777
16082,0.06072410196065903
16083,0.04108946770429611
16084,0.01711907424032688
16085,0.030570626258850098
16086,0.03565478324890137
16087,0.02150769904255867
16088,0.018708620220422745
16089,0.029067181050777435
16090,0.024164395406842232
16091,0.01708824373781681
16092,0.024621523916721344
16093,0.027490966022014618
16094,0.01945735514163971
16095,0.01876731403172016
16096,0.029699083417654037
16097,0.02764040231704712
16098,0.017761949449777603
16099,0.019936827942728996
16100,0.028200823813676834
16101,0.02573402225971222
16102,0.017360422760248184
16103,0.01982043869793415
16104,0.025130897760391235
16105,0.02198503538966179
16106,0.01696832850575447
16107,0.018755704164505005
16108,0.021868441253900528
16109,0.019374053925275803
16110,0.016721272841095924
16111,0.017734337598085403
16112,0.019027184695005417
16113,0.017753269523382187
16114,0.01661504991352558
16115,0.01721511408686638
16116,0.017290111631155014
16117,0.016717426478862762
16118,0.016601627692580223
16119,0.016986312344670296
16120,0.01675247773528099
16121,0.016525879502296448
16122,0.016879526898264885
16123,0.016970455646514893
16124,0.016605069860816002
16125,0.016538310796022415
16126,0.01723695546388626
16127,0.017305469140410423
16128,0.01663028635084629
16129,0.016445688903331757
16130,0.017084363847970963
16131,0.01750178076326847
16132,0.01685415394604206
16133,0.016358792781829834
16134,0.016737744212150574
16135,0.01722177304327488
16136,0.01698175072669983
16137,0.016386166214942932
16138,0.016422336921095848
16139,0.016831621527671814
16140,0.01685398258268833
16141,0.016461040824651718
16142,0.016256259754300117
16143,0.016479462385177612
16144,0.016636300832033157
16145,0.016459623351693153
16146,0.016233298927545547
16147,0.01625794917345047
16148,0.016407769173383713
16149,0.016389816999435425
16150,0.01623579114675522
16151,0.016165846958756447
16152,0.016233256086707115
16153,0.01628377102315426
16154,0.01621975190937519
16155,0.01613486371934414
16156,0.016128065064549446
16157,0.01617034338414669
16158,0.016172273084521294
16159,0.01612018421292305
16160,0.016080059111118317
16161,0.016084056347608566
16162,0.01610032096505165
16163,0.01608874835073948
16164,0.01605529896914959
16165,0.016034476459026337
16166,0.01603463850915432
16167,0.01603737473487854
16168,0.01602591574192047
16169,0.01600506529211998
16170,0.015990696847438812
16171,0.015985732898116112
16172,0.01598253659904003
16173,0.01597360521554947
16174,0.015960000455379486
16175,0.01594824716448784
16176,0.015940425917506218
16177,0.015934262424707413
16178,0.015926646068692207
16179,0.01591670885682106
16180,0.015906555578112602
16181,0.01589776948094368
16182,0.01589011959731579
16183,0.01588277891278267
16184,0.015874650329351425
16185,0.01586589403450489
16186,0.01585713028907776
16187,0.015848778188228607
16188,0.015840958803892136
16189,0.015833327546715736
16190,0.015825441107153893
16191,0.015817254781723022
16192,0.01580888405442238
16193,0.01580071821808815
16194,0.01579286716878414
16195,0.015785206109285355
16196,0.015777528285980225
16197,0.015769684687256813
16198,0.01576167717576027
16199,0.01575368084013462
16200,0.015745826065540314
16201,0.01573820412158966
16202,0.01573062315583229
16203,0.01572302356362343
16204,0.01571534015238285
16205,0.01570749469101429
16206,0.015699783340096474
16207,0.015692193061113358
16208,0.015684684738516808
16209,0.01567721739411354
16210,0.015669655054807663
16211,0.015662088990211487
16212,0.0156545490026474
16213,0.015647046267986298
16214,0.0156396497040987
16215,0.015632223337888718
16216,0.015624921768903732
16217,0.015617718920111656
16218,0.015610693022608757
16219,0.015603981912136078
16220,0.015597903169691563
16221,0.015593210235238075
16222,0.015590998344123363
16223,0.015594018623232841
16224,0.015607642941176891
16225,0.0156425628811121
16226,0.015722738578915596
16227,0.015902094542980194
16228,0.01629708707332611
16229,0.017170926555991173
16230,0.019075162708759308
16231,0.02331058494746685
16232,0.03271397948265076
16233,0.05364421382546425
16234,0.09715264290571213
16235,0.17938847839832306
16236,0.29763728380203247
16237,0.40135595202445984
16238,0.38767507672309875
16239,0.2471109926700592
16240,0.06486599892377853
16241,0.06556390970945358
16242,0.1895798146724701
16243,0.34539586305618286
16244,0.6375059485435486
16245,0.5507180690765381
16246,0.2973838150501251
16247,0.11081407219171524
16248,0.19776633381843567
16249,0.48149633407592773
16250,0.6892460584640503
16251,0.3493849039077759
16252,0.12967100739479065
16253,0.3494778275489807
16254,0.3963841199874878
16255,0.11685752123594284
16256,0.12062238156795502
16257,0.308732807636261
16258,0.12451614439487457
16259,0.09341055899858475
16260,0.2183094322681427
16261,0.10873265564441681
16262,0.07811105996370316
16263,0.14676111936569214
16264,0.08144359290599823
16265,0.07381705939769745
16266,0.10965945571660995
16267,0.04996458441019058
16268,0.06487955152988434
16269,0.09429287165403366
16270,0.03975209593772888
16271,0.051609646528959274
16272,0.07565151154994965
16273,0.029926404356956482
16274,0.043019894510507584
16275,0.06135635823011398
16276,0.028984978795051575
16277,0.03689491003751755
16278,0.046423546969890594
16279,0.02674386464059353
16280,0.03464546799659729
16281,0.03611245006322861
16282,0.027138886973261833
16283,0.032575611025094986
16284,0.027974704280495644
16285,0.02636147104203701
16286,0.03142355754971504
16287,0.023118767887353897
16288,0.02513734996318817
16289,0.029215287417173386
16290,0.021288661286234856
16291,0.02327406406402588
16292,0.025949962437152863
16293,0.020559145137667656
16294,0.022548463195562363
16295,0.02323848567903042
16296,0.02018161118030548
16297,0.02184116467833519
16298,0.0212460495531559
16299,0.019993185997009277
16300,0.02131183072924614
16301,0.02017921581864357
16302,0.019802939146757126
16303,0.020784029737114906
16304,0.019399045035243034
16305,0.01940811052918434
16306,0.02023148536682129
16307,0.019061828032135963
16308,0.019001536071300507
16309,0.019625041633844376
16310,0.018896689638495445
16311,0.01886548474431038
16312,0.019090944901108742
16313,0.018642190843820572
16314,0.018740423023700714
16315,0.01878475956618786
16316,0.018357399851083755
16317,0.01850776933133602
16318,0.018576601520180702
16319,0.01817549392580986
16320,0.018268683925271034
16321,0.018323617056012154
16322,0.018057458102703094
16323,0.018103918060660362
16324,0.018153546378016472
16325,0.01795814372599125
16326,0.01801665686070919
16327,0.01802518591284752
16328,0.01787353679537773
16329,0.017912471666932106
16330,0.017902668565511703
16331,0.01780274324119091
16332,0.01783324033021927
16333,0.017796877771615982
16334,0.017694884911179543
16335,0.0177310761064291
16336,0.01771688647568226
16337,0.01762612909078598
16338,0.01761903613805771
16339,0.017625434324145317
16340,0.017578886821866035
16341,0.017556678503751755
16342,0.017538554966449738
16343,0.01750481314957142
16344,0.01749342866241932
16345,0.01748388260602951
16346,0.017438698559999466
16347,0.01741287298500538
16348,0.01741991564631462
16349,0.017386922612786293
16350,0.017349006608128548
16351,0.01734103262424469
16352,0.017325781285762787
16353,0.017299100756645203
16354,0.01728282868862152
16355,0.017264455556869507
16356,0.017244704067707062
16357,0.017231063917279243
16358,0.017213476821780205
16359,0.017193082720041275
16360,0.017178602516651154
16361,0.017166731879115105
16362,0.01714593544602394
16363,0.017127886414527893
16364,0.017116643488407135
16365,0.017100485041737556
16366,0.017080897465348244
16367,0.017066912725567818
16368,0.017053848132491112
16369,0.017036505043506622
16370,0.017020385712385178
16371,0.017006700858473778
16372,0.016992580145597458
16373,0.0169770997017622
16374,0.016962546855211258
16375,0.016948435455560684
16376,0.016934925690293312
16377,0.01692168042063713
16378,0.016907138749957085
16379,0.016892366111278534
16380,0.016879450529813766
16381,0.01686781458556652
16382,0.01685394160449505
16383,0.016839325428009033
16384,0.016826024278998375
16385,0.01681370660662651
16386,0.016801202669739723
16387,0.01678805984556675
16388,0.016775069758296013
16389,0.016761697828769684
16390,0.016748767346143723
16391,0.016736945137381554
16392,0.0167250894010067
16393,0.01671237125992775
16394,0.01669904962182045
16395,0.016686558723449707
16396,0.016675246879458427
16397,0.016663942486047745
16398,0.016651833429932594
16399,0.01663915067911148
16400,0.016626901924610138
16401,0.01661563105881214
16402,0.016604740172624588
16403,0.016593368723988533
16404,0.01658145897090435
16405,0.01656944304704666
16406,0.016558196395635605
16407,0.016547465696930885
16408,0.016536692157387733
16409,0.016525615006685257
16410,0.016513915732502937
16411,0.01650257222354412
16412,0.016491802409291267
16413,0.016481583938002586
16414,0.016471199691295624
16415,0.016460008919239044
16416,0.016448643058538437
16417,0.01643795520067215
16418,0.01642797514796257
16419,0.01641801930963993
16420,0.0164073184132576
16421,0.016396313905715942
16422,0.016385821625590324
16423,0.016375897452235222
16424,0.016366153955459595
16425,0.016355860978364944
16426,0.016345342621207237
16427,0.016335180029273033
16428,0.016325416043400764
16429,0.016315849497914314
16430,0.016305819153785706
16431,0.01629571244120598
16432,0.01628587581217289
16433,0.01627638190984726
16434,0.016266945749521255
16435,0.016257181763648987
16436,0.016247419640421867
16437,0.016237860545516014
16438,0.016228625550866127
16439,0.016219476237893105
16440,0.0162099190056324
16441,0.016200311481952667
16442,0.01619100384414196
16443,0.01618199609220028
16444,0.016173066571354866
16445,0.016163760796189308
16446,0.016154373064637184
16447,0.016145233064889908
16448,0.01613626815378666
16449,0.016127489507198334
16450,0.016118451952934265
16451,0.01610938087105751
16452,0.016100488603115082
16453,0.016091803088784218
16454,0.016083260998129845
16455,0.016074374318122864
16456,0.016065452247858047
16457,0.01605675183236599
16458,0.01604820229113102
16459,0.016039909794926643
16460,0.01603122428059578
16461,0.016022518277168274
16462,0.01601390354335308
16463,0.01600547507405281
16464,0.01599719002842903
16465,0.01598871499300003
16466,0.015980267897248268
16467,0.015972018241882324
16468,0.015963930636644363
16469,0.015955964103341103
16470,0.015947701409459114
16471,0.015939217060804367
16472,0.01593092456459999
16473,0.01592273637652397
16474,0.015914618968963623
16475,0.01590653695166111
16476,0.015898767858743668
16477,0.015891321003437042
16478,0.015884272754192352
16479,0.015877943485975266
16480,0.0158713236451149
16481,0.015864556655287743
16482,0.015859339386224747
16483,0.015856783837080002
16484,0.015859175473451614
16485,0.015871508046984673
16486,0.01590348593890667
16487,0.01597357541322708
16488,0.016120845451951027
16489,0.016424240544438362
16490,0.016954926773905754
16491,0.017946194857358932
16492,0.020052123814821243
16493,0.024424053728580475
16494,0.03356805071234703
16495,0.04939858615398407
16496,0.0774729996919632
16497,0.12251299619674683
16498,0.1839844435453415
16499,0.22041629254817963
16500,0.1854054033756256
16501,0.07822999358177185
16502,0.017347248271107674
16503,0.05425691232085228
16504,0.11315131932497025
16505,0.09607979655265808
16506,0.031973931938409805
16507,0.023275600746273994
16508,0.0651528537273407
16509,0.08177680522203445
16510,0.04210332781076431
16511,0.017508747056126595
16512,0.04668077081441879
16513,0.07151506096124649
16514,0.04978916794061661
16515,0.01756797544658184
16516,0.03668675571680069
16517,0.07159411907196045
16518,0.06361351907253265
16519,0.02663104608654976
16520,0.022040244191884995
16521,0.0616159550845623
16522,0.07136853784322739
16523,0.037145860493183136
16524,0.016437696292996407
16525,0.040153868496418
16526,0.06489579379558563
16527,0.04347468540072441
16528,0.017246980220079422
16529,0.027347885072231293
16530,0.04777238517999649
16531,0.04027560353279114
16532,0.01885981298983097
16533,0.02133478783071041
16534,0.03632630407810211
16535,0.03251732885837555
16536,0.018429268151521683
16537,0.018915675580501556
16538,0.028663553297519684
16539,0.027266254648566246
16540,0.01781648024916649
16541,0.018041379749774933
16542,0.02488388493657112
16543,0.023936621844768524
16544,0.01752093993127346
16545,0.01710657589137554
16546,0.021628497168421745
16547,0.021639326587319374
16548,0.01734834909439087
16549,0.01649360917508602
16550,0.019180184230208397
16551,0.01936575397849083
16552,0.016930600628256798
16553,0.01620534621179104
16554,0.017818478867411613
16555,0.01802266202867031
16556,0.01647879183292389
16557,0.016156701371073723
16558,0.01717015542089939
16559,0.017400607466697693
16560,0.01631658338010311
16561,0.016144955530762672
16562,0.017069999128580093
16563,0.017219137400388718
16564,0.016350168734788895
16565,0.015983812510967255
16566,0.016878042370080948
16567,0.017305372282862663
16568,0.01653069630265236
16569,0.0158812515437603
16570,0.016343731433153152
16571,0.01709144562482834
16572,0.016766929998993874
16573,0.01596677303314209
16574,0.015919312834739685
16575,0.01651337370276451
16576,0.01669265888631344
16577,0.016148803755640984
16578,0.015767648816108704
16579,0.01602221466600895
16580,0.016339600086212158
16581,0.01616908423602581
16582,0.01579722762107849
16583,0.015762344002723694
16584,0.016003886237740517
16585,0.016044126823544502
16586,0.01581777073442936
16587,0.0156840980052948
16588,0.01578412391245365
16589,0.015898386016488075
16590,0.015804581344127655
16591,0.015662046149373055
16592,0.01567927934229374
16593,0.01577640324831009
16594,0.015779269859194756
16595,0.01566147617995739
16596,0.01561750378459692
16597,0.0156945139169693
16598,0.01574336364865303
16599,0.015682410448789597
16600,0.015585505403578281
16601,0.015607986599206924
16602,0.015695329755544662
16603,0.01570017822086811
16604,0.015611516311764717
16605,0.015539518557488918
16606,0.015594578348100185
16607,0.015677014365792274
16608,0.0156578216701746
16609,0.015560482628643513
16610,0.015501204878091812
16611,0.01556441280990839
16612,0.015642426908016205
16613,0.015619137324392796
16614,0.015523076988756657
16615,0.015463271178305149
16616,0.015519004315137863
16617,0.015596248209476471
16618,0.015583856962621212
16619,0.015495933592319489
16620,0.015426930971443653
16621,0.015464249067008495
16622,0.015540586784482002
16623,0.015548230148851871
16624,0.015476376749575138
16625,0.015396246686577797
16626,0.015408297069370747
16627,0.015479790046811104
16628,0.015509638004004955
16629,0.015460828319191933
16630,0.015373654663562775
16631,0.015357274562120438
16632,0.015416407026350498
16633,0.015464123338460922
16634,0.015443072654306889
16635,0.015357407741248608
16636,0.015315216034650803
16637,0.01535528339445591
16638,0.015411179512739182
16639,0.01541681308299303
16640,0.015341542661190033
16641,0.01528178621083498
16642,0.01530049741268158
16643,0.015353531576693058
16644,0.015378027223050594
16645,0.015317901968955994
16646,0.01525228749960661
16647,0.01525533851236105
16648,0.015299297869205475
16649,0.015331290662288666
16650,0.015284542925655842
16651,0.015221325680613518
16652,0.015216347761452198
16653,0.015250882133841515
16654,0.015282678417861462
16655,0.01524379663169384
16656,0.015186351723968983
16657,0.015180755406618118
16658,0.015210766345262527
16659,0.015240730717778206
16660,0.0152049595490098
16661,0.015151075087487698
16662,0.015145917423069477
16663,0.015174717642366886
16664,0.01520534884184599
16665,0.015171514824032784
16666,0.01511829998344183
16667,0.015112066641449928
16668,0.01513980794698
16669,0.015172990970313549
16670,0.015142027288675308
16671,0.015088250860571861
16672,0.015078840777277946
16673,0.015103526413440704
16674,0.015138152055442333
16675,0.015111364424228668
16676,0.015058469027280807
16677,0.015045681037008762
16678,0.015064943581819534
16679,0.015097379684448242
16680,0.015074694529175758
16681,0.015026465058326721
16682,0.01501400861889124
16683,0.015029712580144405
16684,0.01505892351269722
16685,0.015038254670798779
16686,0.014994483441114426
16687,0.014983445405960083
16688,0.014997568912804127
16689,0.0150249432772398
16690,0.015005124732851982
16691,0.014963401481509209
16692,0.01495286449790001
16693,0.014965991489589214
16694,0.014992908574640751
16695,0.014974583871662617
16696,0.014933784492313862
16697,0.014922092668712139
16698,0.014932495541870594
16699,0.014957483857870102
16700,0.014941350556910038
16701,0.014903539791703224
16702,0.014891846105456352
16703,0.014899511821568012
16704,0.014921220950782299
16705,0.014906295575201511
16706,0.014872394502162933
16707,0.014862507581710815
16708,0.01487006526440382
16709,0.014891490340232849
16710,0.01487732958048582
16711,0.01484382338821888
16712,0.014832542277872562
16713,0.014836910180747509
16714,0.014854462817311287
16715,0.014841542579233646
16716,0.014812561683356762
16717,0.014803874306380749
16718,0.014809559099376202
16719,0.01482874434441328
16720,0.01481702271848917
16721,0.014786516316235065
16722,0.014774056151509285
16723,0.014772996306419373
16724,0.014781850390136242
16725,0.014769693836569786
16726,0.014751190319657326
16727,0.01475286204367876
16728,0.01477248314768076
16729,0.014817100018262863
16730,0.014824840240180492
16731,0.014796335250139236
16732,0.014791547320783138
16733,0.01480945385992527
16734,0.014861547388136387
16735,0.015066069550812244
16736,0.01560954749584198
16737,0.016723480075597763
16738,0.019001277163624763
16739,0.023773226886987686
16740,0.031523872166872025
16741,0.045696571469306946
16742,0.07403115928173065
16743,0.13039393723011017
16744,0.22007380425930023
16745,0.32652345299720764
16746,0.3494030237197876
16747,0.2555399239063263
16748,0.08123809099197388
16749,0.024388644844293594
16750,0.10079813748598099
16751,0.14985871315002441
16752,0.1182125061750412
16753,0.04480262100696564
16754,0.029009688645601273
16755,0.06074681878089905
16756,0.06284889578819275
16757,0.03734537586569786
16758,0.018328290432691574
16759,0.027624795213341713
16760,0.03412381559610367
16761,0.023448457941412926
16762,0.01778218150138855
16763,0.02063780650496483
16764,0.025429552420973778
16765,0.019889570772647858
16766,0.017293859273195267
16767,0.02616732567548752
16768,0.03303605318069458
16769,0.028735581785440445
16770,0.016627084463834763
16771,0.024958495050668716
16772,0.04373633861541748
16773,0.045857444405555725
16774,0.02901027724146843
16775,0.015825830399990082
16776,0.037858158349990845
16777,0.061476919800043106
16778,0.05109598487615585
16779,0.022735271602869034
16780,0.0211838036775589
16781,0.05886874347925186
16782,0.071322962641716
16783,0.04054274782538414
16784,0.016027938574552536
16785,0.03666224330663681
16786,0.07059592753648758
16787,0.05509135127067566
16788,0.020467210561037064
16789,0.02188728004693985
16790,0.049764908850193024
16791,0.05450526624917984
16792,0.026584450155496597
16793,0.01631638966500759
16794,0.03424195945262909
16795,0.04283818602561951
16796,0.027503332123160362
16797,0.015276428312063217
16798,0.024441473186016083
16799,0.033848848193883896
16800,0.025693241506814957
16801,0.015535525977611542
16802,0.019425522536039352
16803,0.026842080056667328
16804,0.023888345807790756
16805,0.016070125624537468
16806,0.016995223239064217
16807,0.022894110530614853
16808,0.022358162328600883
16809,0.0167483352124691
16810,0.01550210639834404
16811,0.019551163539290428
16812,0.02091621235013008
16813,0.017342783510684967
16814,0.015026586130261421
16815,0.01694495789706707
16816,0.018717307597398758
16817,0.01727157272398472
16818,0.0151520986109972
16819,0.015578067861497402
16820,0.016914010047912598
16821,0.016499042510986328
16822,0.015218731947243214
16823,0.015073131769895554
16824,0.015917133539915085
16825,0.0159302931278944
16826,0.015114730224013329
16827,0.014955018647015095
16828,0.015464836731553078
16829,0.015681322664022446
16830,0.015120208263397217
16831,0.014894893392920494
16832,0.015374472364783287
16833,0.01564839296042919
16834,0.015285554341971874
16835,0.014828445389866829
16836,0.015197630040347576
16837,0.015759075060486794
16838,0.01560676284134388
16839,0.015002286061644554
16840,0.014834998175501823
16841,0.015489433892071247
16842,0.015901893377304077
16843,0.015467965044081211
16844,0.014848850667476654
16845,0.014885082840919495
16846,0.015581384301185608
16847,0.01584090106189251
16848,0.015325810760259628
16849,0.014769460074603558
16850,0.01487401407212019
16851,0.01548225712031126
16852,0.01566760614514351
16853,0.015204757452011108
16854,0.014727373607456684
16855,0.014798813499510288
16856,0.015278318896889687
16857,0.015451977960765362
16858,0.015111206099390984
16859,0.01470791082829237
16860,0.014701188541948795
16861,0.01504371128976345
16862,0.015230641700327396
16863,0.015031025744974613
16864,0.014706517569720745
16865,0.014619344845414162
16866,0.014831792563199997
16867,0.01502333115786314
16868,0.014952977187931538
16869,0.014716223813593388
16870,0.014573261141777039
16871,0.014669197611510754
16872,0.014841525815427303
16873,0.014868292026221752
16874,0.01472506020218134
16875,0.014562033116817474
16876,0.014562808908522129
16877,0.014691251330077648
16878,0.01477373018860817
16879,0.014717694371938705
16880,0.014568375423550606
16881,0.014504489488899708
16882,0.014578181318938732
16883,0.014675751328468323
16884,0.014684963971376419
16885,0.014569290913641453
16886,0.014474419876933098
16887,0.01449993159621954
16888,0.014584913849830627
16889,0.01462949812412262
16890,0.014550282619893551
16891,0.01445198804140091
16892,0.014447798021137714
16893,0.014509988017380238
16894,0.014563050121068954
16895,0.014510443434119225
16896,0.014424912631511688
16897,0.014411353506147861
16898,0.014456194825470448
16899,0.014505645260214806
16900,0.014467955566942692
16901,0.014399420469999313
16902,0.014391864649951458
16903,0.01443422306329012
16904,0.014487233944237232
16905,0.01447764877229929
16906,0.014469452202320099
16907,0.01455818209797144
16908,0.014766693115234375
16909,0.015129322186112404
16910,0.015675809234380722
16911,0.01669771410524845
16912,0.01878790557384491
16913,0.02286633476614952
16914,0.03078356757760048
16915,0.04573564976453781
16916,0.0740598738193512
16917,0.12448586523532867
16918,0.2069615125656128
16919,0.3083980679512024
16920,0.37419554591178894
16921,0.31260985136032104
16922,0.1430707722902298
16923,0.023271877318620682
16924,0.06308431923389435
16925,0.1764192134141922
16926,0.2145712822675705
16927,0.13324423134326935
16928,0.03376920893788338
16929,0.044574543833732605
16930,0.12184187769889832
16931,0.13291232287883759
16932,0.06721337139606476
16933,0.024792505428195
16934,0.05283602327108383
16935,0.08335692435503006
16936,0.06194213405251503
16937,0.02667224034667015
16938,0.02930641919374466
16939,0.05098256468772888
16940,0.043854549527168274
16941,0.02453150972723961
16942,0.02725835330784321
16943,0.03961880877614021
16944,0.03637593984603882
16945,0.02271152101457119
16946,0.02277648076415062
16947,0.0329393595457077
16948,0.03219516575336456
16949,0.02096346579492092
16950,0.018443208187818527
16951,0.027229223400354385
16952,0.028503065928816795
16953,0.019720513373613358
16954,0.01667354628443718
16955,0.022508742287755013
16956,0.025622569024562836
16957,0.020147599279880524
16958,0.015875238925218582
16959,0.019131826236844063
16960,0.022507892921566963
16961,0.019797997549176216
16962,0.01599285751581192
16963,0.01721973903477192
16964,0.019835494458675385
16965,0.018671631813049316
16966,0.016287120059132576
16967,0.01650748960673809
16968,0.018217066302895546
16969,0.01792929135262966
16970,0.015983348712325096
16971,0.01592141203582287
16972,0.01748143509030342
16973,0.0176771841943264
16974,0.016010235995054245
16975,0.01510478463023901
16976,0.0163069199770689
16977,0.017396189272403717
16978,0.016578640788793564
16979,0.015076257288455963
16980,0.014981141313910484
16981,0.016278278082609177
16982,0.01681426540017128
16983,0.015842922031879425
16984,0.014795448631048203
16985,0.014935764484107494
16986,0.01586572825908661
16987,0.01618465967476368
16988,0.015499339438974857
16989,0.01476432103663683
16990,0.014792341738939285
16991,0.01538707036525011
16992,0.015684615820646286
16993,0.015337806195020676
16994,0.014802849851548672
16995,0.0146422004327178
16996,0.014973864890635014
16997,0.015304988250136375
16998,0.015218144282698631
16999,0.014841731637716293
17000,0.014564006589353085
17001,0.014689355157315731
17002,0.015002098865807056
17003,0.015092608518898487
17004,0.014867758378386497
17005,0.014556254260241985
17006,0.014525778591632843
17007,0.014759454876184464
17008,0.014937195926904678
17009,0.014860252849757671
17010,0.014583680778741837
17011,0.014452124014496803
17012,0.014582674019038677
17013,0.014769951812922955
17014,0.014802238903939724
17015,0.01459923293441534
17016,0.014423885382711887
17017,0.0144648477435112
17018,0.014616060070693493
17019,0.014701655134558678
17020,0.014572765678167343
17021,0.014402667991816998
17022,0.014389699324965477
17023,0.014492812566459179
17024,0.014586372300982475
17025,0.014508562162518501
17026,0.014368513599038124
17027,0.014339324086904526
17028,0.014406175352633
17029,0.014485289342701435
17030,0.014433285221457481
17031,0.014325937256217003
17032,0.014302169904112816
17033,0.014350704848766327
17034,0.014412963762879372
17035,0.014369349926710129
17036,0.014286073856055737
17037,0.014274499379098415
17038,0.014317978173494339
17039,0.014369791373610497
17040,0.014323825016617775
17041,0.014250438660383224
17042,0.014248962514102459
17043,0.014295738190412521
17044,0.014346668496727943
17045,0.014294609427452087
17046,0.014216240495443344
17047,0.014215825125575066
17048,0.014266962185502052
17049,0.014324811287224293
17050,0.014272743836045265
17051,0.014184915460646152
17052,0.0141754150390625
17053,0.014222895726561546
17054,0.014286157675087452
17055,0.014242838136851788
17056,0.014155151322484016
17057,0.014137680642306805
17058,0.014175481162965298
17059,0.014236193150281906
17060,0.014201231300830841
17061,0.014122599735856056
17062,0.014106299728155136
17063,0.014139204286038876
17064,0.014196092262864113
17065,0.014164361171424389
17066,0.014090762473642826
17067,0.014074765145778656
17068,0.014103410765528679
17069,0.01415672805160284
17070,0.014127892442047596
17071,0.014059504494071007
17072,0.014044595882296562
17073,0.01406994927674532
17074,0.014119467698037624
17075,0.014092146418988705
17076,0.014028055593371391
17077,0.014014719054102898
17078,0.01403920166194439
17079,0.014088476076722145
17080,0.014063245616853237
17081,0.01399994920939207
17082,0.013983961194753647
17083,0.014003126882016659
17084,0.01404816098511219
17085,0.01402644719928503
17086,0.013969246298074722
17087,0.013954684138298035
17088,0.013970992527902126
17089,0.014011720195412636
17090,0.013991252519190311
17091,0.0139387808740139
17092,0.013926166109740734
17093,0.013941907323896885
17094,0.013981890864670277
17095,0.013963093981146812
17096,0.013911637477576733
17097,0.013896836899220943
17098,0.013907249085605145
17099,0.013940275646746159
17100,0.013923073187470436
17101,0.01387949101626873
17102,0.013869861140847206
17103,0.013883969746530056
17104,0.013922138139605522
17105,0.013907689601182938
17106,0.013859536498785019
17107,0.013840748928487301
17108,0.013838879764080048
17109,0.01385101955384016
17110,0.013834651559591293
17111,0.013820487074553967
17112,0.01384861022233963
17113,0.01392541266977787
17114,0.01408514752984047
17115,0.014187554828822613
17116,0.014235501177608967
17117,0.014445047825574875
17118,0.014948065392673016
17119,0.016048364341259003
17120,0.01867968589067459
17121,0.024611450731754303
17122,0.03749614953994751
17123,0.0644778162240982
17124,0.12122302502393723
17125,0.20664960145950317
17126,0.32484322786331177
17127,0.4093596041202545
17128,0.372478187084198
17129,0.16266724467277527
17130,0.024150943383574486
17131,0.07269735634326935
17132,0.1891460120677948
17133,0.21533632278442383
17134,0.10390092432498932
17135,0.024793591350317
17136,0.061097271740436554
17137,0.12641169130802155
17138,0.11177565157413483
17139,0.041198618710041046
17140,0.022632114589214325
17141,0.05100879445672035
17142,0.06421597301959991
17143,0.0403064489364624
17144,0.015958255156874657
17145,0.02294851839542389
17146,0.03133401274681091
17147,0.024126211181282997
17148,0.015960142016410828
17149,0.01915268413722515
17150,0.021093780174851418
17151,0.017636585980653763
17152,0.016203122213482857
17153,0.01835096813738346
17154,0.020100127905607224
17155,0.016609856858849525
17156,0.016572171822190285
17157,0.021300794556736946
17158,0.02092740498483181
17159,0.0167275108397007
17160,0.016929667443037033
17161,0.024496477097272873
17162,0.02568778023123741
17163,0.01869463361799717
17164,0.015608676709234715
17165,0.021902309730648994
17166,0.028590023517608643
17167,0.023081429302692413
17168,0.015301931649446487
17169,0.017536554485559464
17170,0.024812381714582443
17171,0.024939581751823425
17172,0.017457734793424606
17173,0.014860452152788639
17174,0.01973893493413925
17175,0.02287176251411438
17176,0.01904197782278061
17177,0.014590665698051453
17178,0.01618809439241886
17179,0.019545748829841614
17180,0.018847454339265823
17181,0.015438458882272243
17182,0.014561783522367477
17183,0.016757583245635033
17184,0.01763180084526539
17185,0.015832561999559402
17186,0.014311788603663445
17187,0.01506784837692976
17188,0.016252122819423676
17189,0.01577441394329071
17190,0.014509463682770729
17191,0.01433843094855547
17192,0.015164325945079327
17193,0.015417832881212234
17194,0.014691482298076153
17195,0.014172079041600227
17196,0.014482851140201092
17197,0.014913643710315228
17198,0.014739367179572582
17199,0.014252709224820137
17200,0.01415243186056614
17201,0.01443049218505621
17202,0.014552094973623753
17203,0.014326134696602821
17204,0.01410421822220087
17205,0.014141527004539967
17206,0.014267385005950928
17207,0.014254276640713215
17208,0.014115411788225174
17209,0.014040959998965263
17210,0.014082304202020168
17211,0.014109732583165169
17212,0.01407270971685648
17213,0.014014946296811104
17214,0.014000258408486843
17215,0.01401267945766449
17216,0.0140021201223135
17217,0.01397928036749363
17218,0.013964402489364147
17219,0.013965639285743237
17220,0.013957876712083817
17221,0.01394115574657917
17222,0.013934110291302204
17223,0.013933300971984863
17224,0.013931217603385448
17225,0.013916402123868465
17226,0.013907643966376781
17227,0.013911139219999313
17228,0.013909358531236649
17229,0.013896328397095203
17230,0.013878113590180874
17231,0.013882264494895935
17232,0.013896413147449493
17233,0.013891849666833878
17234,0.013867376372218132
17235,0.013842055574059486
17236,0.01385401375591755
17237,0.01388030219823122
17238,0.013879034668207169
17239,0.013847359456121922
17240,0.013810253702104092
17241,0.013819750398397446
17242,0.013855967670679092
17243,0.013864988461136818
17244,0.013832754455506802
17245,0.0137817757204175
17246,0.013779274187982082
17247,0.01382050383836031
17248,0.013845684006810188
17249,0.013823729008436203
17250,0.01376163586974144
17251,0.013739296235144138
17252,0.013776324689388275
17253,0.013816522434353828
17254,0.013813425786793232
17255,0.01374877616763115
17256,0.013704899698495865
17257,0.013727780431509018
17258,0.013774093240499496
17259,0.013790898025035858
17260,0.013734092004597187
17261,0.013676377013325691
17262,0.013682560063898563
17263,0.013725820928812027
17264,0.013757767155766487
17265,0.013714850880205631
17266,0.013652910478413105
17267,0.013644324615597725
17268,0.013675256632268429
17269,0.013707267120480537
17270,0.0136776864528656
17271,0.013629470951855183
17272,0.013628121465444565
17273,0.013669305481016636
17274,0.013731338083744049
17275,0.013743366114795208
17276,0.013745220378041267
17277,0.013830957934260368
17278,0.014029457233846188
17279,0.014390918426215649
17280,0.015060313045978546
17281,0.016394345089793205
17282,0.01902218721807003
17283,0.02413405478000641
17284,0.034054625779390335
17285,0.0519024133682251
17286,0.08410793542861938
17287,0.1396302580833435
17288,0.22347144782543182
17289,0.31277284026145935
17290,0.34464144706726074
17291,0.25059744715690613
17292,0.09496986865997314
17293,0.016685906797647476
17294,0.07252225279808044
17295,0.16919070482254028
17296,0.19022288918495178
17297,0.10876147449016571
17298,0.02492714300751686
17299,0.043688297271728516
17300,0.11026807129383087
17301,0.11360403150320053
17302,0.05819135904312134
17303,0.02194075472652912
17304,0.04691343009471893
17305,0.07889897376298904
17306,0.06254776567220688
17307,0.028226250782608986
17308,0.02597496099770069
17309,0.04428861290216446
17310,0.04486355185508728
17311,0.031146958470344543
17312,0.026006847620010376
17313,0.03282962366938591
17314,0.03518548980355263
17315,0.02546297200024128
17316,0.02430213987827301
17317,0.03199309483170509
17318,0.03214893117547035
17319,0.02306528389453888
17320,0.019253000617027283
17321,0.027165818959474564
17322,0.03149095177650452
17323,0.02389427274465561
17324,0.01620420441031456
17325,0.0199844092130661
17326,0.027337735518813133
17327,0.024235934019088745
17328,0.01636592298746109
17329,0.016039537265896797
17330,0.021715346723794937
17331,0.02323058620095253
17332,0.01778329908847809
17333,0.014445164240896702
17334,0.017571527510881424
17335,0.020381003618240356
17336,0.018110906705260277
17337,0.014781355857849121
17338,0.015248130075633526
17339,0.017749473452568054
17340,0.017573319375514984
17341,0.01526045985519886
17342,0.014622005634009838
17343,0.016074590384960175
17344,0.016785714775323868
17345,0.015371649526059628
17346,0.01456567831337452
17347,0.015511596575379372
17348,0.016445402055978775
17349,0.015789788216352463
17350,0.014359421096742153
17351,0.014774600975215435
17352,0.016303516924381256
17353,0.016524743288755417
17354,0.01514358539134264
17355,0.013975526206195354
17356,0.015039642341434956
17357,0.016700074076652527
17358,0.016554562374949455
17359,0.014907004311680794
17360,0.01382751390337944
17361,0.015035283751785755
17362,0.01670903153717518
17363,0.016573593020439148
17364,0.014958903193473816
17365,0.013787001371383667
17366,0.014789894223213196
17367,0.016451744362711906
17368,0.01659466326236725
17369,0.015218501910567284
17370,0.013856322504580021
17371,0.014421901665627956
17372,0.015997493639588356
17373,0.01652487926185131
17374,0.015543808229267597
17375,0.014050871133804321
17376,0.014105039648711681
17377,0.015462029725313187
17378,0.01631440967321396
17379,0.015814607962965965
17380,0.014330446720123291
17381,0.01393191609531641
17382,0.01497148908674717
17383,0.01597999408841133
17384,0.015915624797344208
17385,0.014579067938029766
17386,0.013892444781959057
17387,0.014619207940995693
17388,0.015613806433975697
17389,0.015824995934963226
17390,0.01467210054397583
17391,0.013886535540223122
17392,0.014432111755013466
17393,0.015357112511992455
17394,0.015673907473683357
17395,0.01461680606007576
17396,0.013810873031616211
17397,0.014316179789602757
17398,0.015241471119225025
17399,0.015606826171278954
17400,0.014533448033034801
17401,0.013666725717484951
17402,0.014185416512191296
17403,0.015212194994091988
17404,0.015696506947278976
17405,0.01457249466329813
17406,0.013550059869885445
17407,0.014017624780535698
17408,0.01516668125987053
17409,0.01586892083287239
17410,0.014750870876014233
17411,0.013526965864002705
17412,0.013847061432898045
17413,0.015047202818095684
17414,0.01599431224167347
17415,0.014965439215302467
17416,0.013569394126534462
17417,0.013689767569303513
17418,0.014833243563771248
17419,0.015957288444042206
17420,0.015079810284078121
17421,0.013613899238407612
17422,0.013560907915234566
17423,0.014564658515155315
17424,0.01573275588452816
17425,0.01500619575381279
17426,0.013604970648884773
17427,0.013494007289409637
17428,0.014372799545526505
17429,0.015489606186747551
17430,0.014837920665740967
17431,0.013544859364628792
17432,0.013475633226335049
17433,0.014321724884212017
17434,0.015414668247103691
17435,0.014764927327632904
17436,0.013499598018825054
17437,0.013458297587931156
17438,0.014321781694889069
17439,0.015468619763851166
17440,0.014827391132712364
17441,0.01350623369216919
17442,0.013403749093413353
17443,0.014224887825548649
17444,0.015412862412631512
17445,0.014840366318821907
17446,0.013515162281692028
17447,0.013344564475119114
17448,0.014067761600017548
17449,0.015215854160487652
17450,0.014713475480675697
17451,0.013472010381519794
17452,0.013314764946699142
17453,0.013990452513098717
17454,0.015105979517102242
17455,0.014630907215178013
17456,0.013435687869787216
17457,0.013288040645420551
17458,0.013934985734522343
17459,0.015040749683976173
17460,0.014595800079405308
17461,0.013420650735497475
17462,0.01325024664402008
17463,0.013839086517691612
17464,0.01490937639027834
17465,0.014508085325360298
17466,0.013389157131314278
17467,0.013219475746154785
17468,0.01376120001077652
17469,0.014794048853218555
17470,0.014426693320274353
17471,0.013359111733734608
17472,0.013190620578825474
17473,0.013683180324733257
17474,0.014660859480500221
17475,0.014319056645035744
17476,0.013316400349140167
17477,0.013170563615858555
17478,0.01365542784333229
17479,0.014650589786469936
17480,0.014359875582158566
17481,0.013362865895032883
17482,0.013156021013855934
17483,0.013495984487235546
17484,0.01426439918577671
17485,0.01401730626821518
17486,0.013431817293167114
17487,0.013792235404253006
17488,0.015075227245688438
17489,0.017606660723686218
17490,0.019272580742836
17491,0.020866908133029938
17492,0.025660961866378784
17493,0.03556908667087555
17494,0.05417625978589058
17495,0.08938561379909515
17496,0.14988118410110474
17497,0.2340192049741745
17498,0.3066912889480591
17499,0.3034568428993225
17500,0.17128266394138336
17501,0.03623901307582855
17502,0.033268041908741
17503,0.13258633017539978
17504,0.20701700448989868
17505,0.1420728862285614
17506,0.04290751367807388
17507,0.04442409425973892
17508,0.1275835633277893
17509,0.1629074662923813
17510,0.08541431277990341
17511,0.023311344906687737
17512,0.06550954282283783
17513,0.1268775463104248
17514,0.10850989818572998
17515,0.027021534740924835
17516,0.0377616286277771
17517,0.10382408648729324
17518,0.094098299741745
17519,0.036695316433906555
17520,0.026621311902999878
17521,0.08471158146858215
17522,0.09488952159881592
17523,0.0427190363407135
17524,0.033992789685726166
17525,0.07439740747213364
17526,0.08127982914447784
17527,0.04111412167549133
17528,0.03265655040740967
17529,0.06281585991382599
17530,0.06372816860675812
17531,0.030229564756155014
17532,0.025293845683336258
17533,0.05252799391746521
17534,0.049430523067712784
17535,0.020967775955796242
17536,0.019184742122888565
17537,0.04079276695847511
17538,0.04239102825522423
17539,0.02232622727751732
17540,0.0159856379032135
17541,0.02766159176826477
17542,0.033435843884944916
17543,0.026310309767723083
17544,0.020510518923401833
17545,0.019135495647788048
17546,0.022653944790363312
17547,0.02846406027674675
17548,0.029010996222496033
17549,0.022044744342565536
17550,0.014796160161495209
17551,0.022075096145272255
17552,0.033177122473716736
17553,0.03062351979315281
17554,0.01886618137359619
17555,0.014621268957853317
17556,0.025530744343996048
17557,0.03332596644759178
17558,0.027494914829730988
17559,0.018250612542033195
17560,0.017132868990302086
17561,0.025059465318918228
17562,0.029477855190634727
17563,0.025635521858930588
17564,0.0191482026129961
17565,0.01689699850976467
17566,0.021654989570379257
17567,0.026325050741434097
17568,0.024723397567868233
17569,0.018499072641134262
17570,0.015009469352662563
17571,0.019037296995520592
17572,0.02425052784383297
17573,0.023183876648545265
17574,0.01715973950922489
17575,0.013823876157402992
17576,0.017444612458348274
17577,0.0221245214343071
17578,0.021323520690202713
17579,0.016424713656306267
17580,0.013525423593819141
17581,0.01612316444516182
17582,0.019978564232587814
17583,0.019914690405130386
17584,0.01639043353497982
17585,0.013569795526564121
17586,0.014961938373744488
17587,0.018200797960162163
17588,0.018973324447870255
17589,0.0166001133620739
17590,0.013756918720901012
17591,0.014159902930259705
17592,0.016865720972418785
17593,0.018215972930192947
17594,0.01678282581269741
17595,0.014084440656006336
17596,0.013762212358415127
17597,0.015855466946959496
17598,0.017468733713030815
17599,0.0168610792607069
17600,0.014525976032018661
17601,0.013688311912119389
17602,0.01507585123181343
17603,0.01666545309126377
17604,0.01675436645746231
17605,0.014964007772505283
17606,0.013845982030034065
17607,0.014523480087518692
17608,0.015842096880078316
17609,0.016415942460298538
17610,0.015260018408298492
17611,0.014135079458355904
17612,0.014223817735910416
17613,0.015088984742760658
17614,0.015861213207244873
17615,0.015314809046685696
17616,0.01444512140005827
17617,0.01417082455009222
17618,0.01451089233160019
17619,0.01519074011594057
17620,0.015110837295651436
17621,0.014676501043140888
17622,0.014312554150819778
17623,0.014189143665134907
17624,0.0145625751465559
17625,0.014727766625583172
17626,0.014776259660720825
17627,0.014567004516720772
17628,0.014143032021820545
17629,0.014117827638983727
17630,0.014291375875473022
17631,0.014741649851202965
17632,0.014849758706986904
17633,0.014331485144793987
17634,0.01392578985542059
17635,0.013898035511374474
17636,0.014582142233848572
17637,0.015088196843862534
17638,0.01468976866453886
17639,0.014004906639456749
17640,0.013612089678645134
17641,0.014299952425062656
17642,0.01519319973886013
17643,0.015112158842384815
17644,0.014323446899652481
17645,0.01347955409437418
17646,0.013917126692831516
17647,0.015084667131304741
17648,0.015459161251783371
17649,0.014794846996665001
17650,0.013532360084354877
17651,0.013507802970707417
17652,0.01474845502525568
17653,0.015608632005751133
17654,0.015299331396818161
17655,0.013776714913547039
17656,0.013182715512812138
17657,0.014251972548663616
17658,0.0154905766248703
17659,0.015696734189987183
17660,0.014159788377583027
17661,0.013039723969995975
17662,0.01373364683240652
17663,0.015120775438845158
17664,0.01584497094154358
17665,0.014534981921315193
17666,0.013079144060611725
17667,0.013322428800165653
17668,0.01458834670484066
17669,0.015642719343304634
17670,0.014682323671877384
17671,0.01317058689892292
17672,0.013086003251373768
17673,0.014083290472626686
17674,0.015201792120933533
17675,0.014539211988449097
17676,0.013182267546653748
17677,0.012985913082957268
17678,0.01374922227114439
17679,0.014772525057196617
17680,0.014264392666518688
17681,0.013108093291521072
17682,0.012952269986271858
17683,0.013601631857454777
17684,0.01451894175261259
17685,0.01405348815023899
17686,0.013030119240283966
17687,0.012943156063556671
17688,0.013558169826865196
17689,0.014414596371352673
17690,0.013943549245595932
17691,0.012975059449672699
17692,0.012934483587741852
17693,0.01356765627861023
17694,0.014455664902925491
17695,0.013992921449244022
17696,0.012982591055333614
17697,0.01288023591041565
17698,0.013453299179673195
17699,0.014336584135890007
17700,0.013938752934336662
17701,0.01296685729175806
17702,0.012834453955292702
17703,0.013353786431252956
17704,0.014251839369535446
17705,0.013938652351498604
17706,0.012993991374969482
17707,0.012790082953870296
17708,0.013131948187947273
17709,0.013785713352262974
17710,0.013489555567502975
17711,0.012856586836278439
17712,0.013002746738493443
17713,0.013839312829077244
17714,0.015374647453427315
17715,0.01566941849887371
17716,0.015108739957213402
17717,0.015658188611268997
17718,0.017466098070144653
17719,0.021011129021644592
17720,0.02924075908958912
17721,0.04740697890520096
17722,0.08218061923980713
17723,0.1410590410232544
17724,0.23145948350429535
17725,0.2906697392463684
17726,0.26922282576560974
17727,0.1500859558582306
17728,0.03623293340206146
17729,0.026967044919729233
17730,0.087924063205719
17731,0.1236865445971489
17732,0.10212497413158417
17733,0.042737193405628204
17734,0.019147127866744995
17735,0.03951415419578552
17736,0.057787567377090454
17737,0.05838146060705185
17738,0.038739219307899475
17739,0.021742822602391243
17740,0.021776903420686722
17741,0.03598269820213318
17742,0.04950421676039696
17743,0.04389927536249161
17744,0.02694595977663994
17745,0.015912137925624847
17746,0.03415694460272789
17747,0.05868418514728546
17748,0.05760929733514786
17749,0.034968506544828415
17750,0.01484362967312336
17751,0.039091017097234726
17752,0.07404497265815735
17753,0.06763076782226562
17754,0.0340706929564476
17755,0.015628885477781296
17756,0.05224289745092392
17757,0.08759988844394684
17758,0.06576095521450043
17759,0.02431391179561615
17760,0.022830713540315628
17761,0.06974418461322784
17762,0.08593017607927322
17763,0.04289564490318298
17764,0.014488300308585167
17765,0.03960005193948746
17766,0.07326923310756683
17767,0.05648188292980194
17768,0.01900828815996647
17769,0.02122102864086628
17770,0.04996255785226822
17771,0.05197283253073692
17772,0.025138530880212784
17773,0.014597151428461075
17774,0.0316646471619606
17775,0.04093185439705849
17776,0.026027776300907135
17777,0.013941796496510506
17778,0.021947568282485008
17779,0.03137733042240143
17780,0.024221336469054222
17781,0.01424422487616539
17782,0.017656108364462852
17783,0.02522735670208931
17784,0.022658592090010643
17785,0.014619284309446812
17786,0.015504269860684872
17787,0.022044116631150246
17788,0.021881049498915672
17789,0.015600316226482391
17790,0.013756315223872662
17791,0.019074656069278717
17792,0.021406861022114754
17793,0.01698799431324005
17794,0.013262048363685608
17795,0.01564677804708481
17796,0.01939699612557888
17797,0.017917413264513016
17798,0.013998293317854404
17799,0.01356672216206789
17800,0.016269270330667496
17801,0.01711358316242695
17802,0.014820808544754982
17803,0.013122675009071827
17804,0.014123743399977684
17805,0.015426523052155972
17806,0.014760483056306839
17807,0.013375183567404747
17808,0.013245629146695137
17809,0.01415062602609396
17810,0.01425259467214346
17811,0.013465041294693947
17812,0.013142302632331848
17813,0.013547077775001526
17814,0.013877957127988338
17815,0.013443086296319962
17816,0.013091269880533218
17817,0.013410806655883789
17818,0.013767517171800137
17819,0.013596267439424992
17820,0.013055372051894665
17821,0.013152717612683773
17822,0.01374911516904831
17823,0.013909324072301388
17824,0.013430926948785782
17825,0.012919162400066853
17826,0.013290380127727985
17827,0.013983506709337234
17828,0.014004357159137726
17829,0.013379855081439018
17830,0.012884418480098248
17831,0.013352928683161736
17832,0.014082878828048706
17833,0.014079151675105095
17834,0.013413814827799797
17835,0.012877405621111393
17836,0.013312171213328838
17837,0.014066222123801708
17838,0.01413598284125328
17839,0.013504569418728352
17840,0.012878685258328915
17841,0.013188686221837997
17842,0.013961833901703358
17843,0.014181796461343765
17844,0.013646397739648819
17845,0.01290091685950756
17846,0.013012716546654701
17847,0.013781492598354816
17848,0.014202482998371124
17849,0.013841976411640644
17850,0.012985356152057648
17851,0.0128311263397336
17852,0.013527065515518188
17853,0.014150474220514297
17854,0.014048527926206589
17855,0.013154832646250725
17856,0.012713036499917507
17857,0.01323861163109541
17858,0.01398470439016819
17859,0.014172924682497978
17860,0.013352190144360065
17861,0.012687550857663155
17862,0.012993440963327885
17863,0.013743821531534195
17864,0.014161257073283195
17865,0.013483265414834023
17866,0.012705794535577297
17867,0.01281762681901455
17868,0.013485613279044628
17869,0.014025707729160786
17870,0.013501215726137161
17871,0.012718144804239273
17872,0.012708927504718304
17873,0.013263738714158535
17874,0.013824093155562878
17875,0.013414653018116951
17876,0.012696441262960434
17877,0.012654531747102737
17878,0.013127014972269535
17879,0.013659067451953888
17880,0.01330281887203455
17881,0.012651271186769009
17882,0.01262532640248537
17883,0.013067707419395447
17884,0.01358678750693798
17885,0.013245618902146816
17886,0.012617046013474464
17887,0.012598267756402493
17888,0.013032152317464352
17889,0.013567683286964893
17890,0.013241827487945557
17891,0.012602411210536957
17892,0.01255788654088974
17893,0.012964989058673382
17894,0.013515711762011051
17895,0.013226357288658619
17896,0.012590561993420124
17897,0.012513529509305954
17898,0.012872906401753426
17899,0.013414326123893261
17900,0.013168878853321075
17901,0.012566921301186085
17902,0.012477407231926918
17903,0.012788400053977966
17904,0.013296053744852543
17905,0.013078803196549416
17906,0.01252655778080225
17907,0.012453011237084866
17908,0.012747629545629025
17909,0.013245626352727413
17910,0.013046988286077976
17911,0.01251177117228508
17912,0.012429121881723404
17913,0.012690210714936256
17914,0.01316311489790678
17915,0.013001305051147938
17916,0.012537682428956032
17917,0.012519079260528088
17918,0.012864597141742706
17919,0.013519485481083393
17920,0.013676639646291733
17921,0.013720841147005558
17922,0.014619437977671623
17923,0.016697529703378677
17924,0.02070087008178234
17925,0.027634847909212112
17926,0.04082997888326645
17927,0.06615601480007172
17928,0.1101420670747757
17929,0.17809779942035675
17930,0.24813726544380188
17931,0.27415961027145386
17932,0.20502835512161255
17933,0.0806601420044899
17934,0.015036930330097675
17935,0.052601370960474014
17936,0.12874287366867065
17937,0.15958398580551147
17938,0.09836341440677643
17939,0.027102898806333542
17940,0.026439746841788292
17941,0.07289035618305206
17942,0.10270098596811295
17943,0.07804904878139496
17944,0.025737836956977844
17945,0.02153640426695347
17946,0.05473088473081589
17947,0.07064853608608246
17948,0.051262691617012024
17949,0.020368391647934914
17950,0.021139897406101227
17951,0.046611521393060684
17952,0.0516849160194397
17953,0.03448409214615822
17954,0.01880410499870777
17955,0.021900061517953873
17956,0.03729024901986122
17957,0.036360934376716614
17958,0.024456346407532692
17959,0.02016017958521843
17960,0.02244960516691208
17961,0.026601679623126984
17962,0.0254123043268919
17963,0.021962845697999
17964,0.022005915641784668
17965,0.020646223798394203
17966,0.019282709807157516
17967,0.021016322076320648
17968,0.02365647442638874
17969,0.023312611505389214
17970,0.017755985260009766
17971,0.015448351390659809
17972,0.020752601325511932
17973,0.025699172168970108
17974,0.022869257256388664
17975,0.015405181795358658
17976,0.014392389915883541
17977,0.021250294521450996
17978,0.026061389595270157
17979,0.022512339055538177
17980,0.014690987765789032
17981,0.014356791973114014
17982,0.021374544128775597
17983,0.02585306018590927
17984,0.022399254143238068
17985,0.014786779880523682
17986,0.014391472563147545
17987,0.021034639328718185
17988,0.02547934092581272
17989,0.022851761430501938
17990,0.015263717621564865
17991,0.014362001791596413
17992,0.02083476260304451
17993,0.0257697943598032
17994,0.023856230080127716
17995,0.01589587703347206
17996,0.014209307730197906
17997,0.020738082006573677
17998,0.026325648650527
17999,0.024972448125481606
18000,0.016345970332622528
18001,0.014105182141065598
18002,0.021190624684095383
18003,0.027677666395902634
18004,0.026537714526057243
18005,0.016827603802084923
18006,0.014014288783073425
18007,0.021997764706611633
18008,0.02961328811943531
18009,0.02866566739976406
18010,0.01745765656232834
18011,0.013958043418824673
18012,0.023137463256716728
18013,0.032078877091407776
18014,0.031060785055160522
18015,0.018023554235696793
18016,0.014035156928002834
18017,0.024932503700256348
18018,0.03535120189189911
18019,0.03390961140394211
18020,0.01849370263516903
18021,0.014338436536490917
18022,0.027724172919988632
18023,0.03970295935869217
18024,0.03708714246749878
18025,0.018722720444202423
18026,0.015025977045297623
18027,0.03186187893152237
18028,0.04527872055768967
18029,0.04032959043979645
18030,0.01841752603650093
18031,0.016567712649703026
18032,0.03822633624076843
18033,0.0522836335003376
18034,0.042991213500499725
18035,0.01733662746846676
18036,0.01972852274775505
18037,0.04750661924481392
18038,0.06013844907283783
18039,0.04367980360984802
18040,0.015420712530612946
18041,0.02592003159224987
18042,0.060073111206293106
18043,0.0668373629450798
18044,0.040359944105148315
18045,0.013630148954689503
18046,0.03667964041233063
18047,0.07393845915794373
18048,0.06805921345949173
18049,0.031585998833179474
18050,0.014797648414969444
18051,0.05171697586774826
18052,0.08246499300003052
18053,0.058306969702243805
18054,0.019970273599028587
18055,0.02259277179837227
18056,0.06469421088695526
18057,0.07547682523727417
18058,0.03813202679157257
18059,0.013947643339633942
18060,0.0350850448012352
18061,0.06364579498767853
18062,0.05085169896483421
18063,0.01922357827425003
18064,0.018395602703094482
18065,0.04113614931702614
18066,0.045049604028463364
18067,0.024594532325863838
18068,0.01371340174227953
18069,0.025499939918518066
18070,0.03379209712147713
18071,0.023432113230228424
18072,0.013463315553963184
18073,0.01806745119392872
18074,0.025725483894348145
18075,0.02120872586965561
18076,0.013340071775019169
18077,0.015470435842871666
18078,0.02147098071873188
18079,0.02028033696115017
18080,0.013776034116744995
18081,0.014080723747611046
18082,0.019737137481570244
18083,0.020285017788410187
18084,0.015105167403817177
18085,0.012796156108379364
18086,0.017546342685818672
18087,0.020555928349494934
18088,0.01695791631937027
18089,0.012818469665944576
18090,0.014342009089887142
18091,0.018755145370960236
18092,0.01838819868862629
18093,0.014201903715729713
18094,0.012642125599086285
18095,0.01531254779547453
18096,0.017460184171795845
18097,0.015581941232085228
18098,0.012844104319810867
18099,0.013044621795415878
18100,0.015018919482827187
18101,0.01530497707426548
18102,0.013585196807980537
18103,0.012478377670049667
18104,0.013232516124844551
18105,0.014101612381637096
18106,0.013592064380645752
18107,0.012639885768294334
18108,0.012528781779110432
18109,0.013147784397006035
18110,0.013241766951978207
18111,0.012679439038038254
18112,0.01241159625351429
18113,0.012677595019340515
18114,0.012970024719834328
18115,0.012703599408268929
18116,0.01238269917666912
18117,0.012533163651823997
18118,0.012829603627324104
18119,0.012828031554818153
18120,0.012448964640498161
18121,0.012397787533700466
18122,0.012767954729497433
18123,0.012980113737285137
18124,0.012764430604875088
18125,0.012351583689451218
18126,0.012493420392274857
18127,0.012994133867323399
18128,0.013143418356776237
18129,0.012785077095031738
18130,0.012314552441239357
18131,0.012540164403617382
18132,0.013149157166481018
18133,0.013323662802577019
18134,0.012895433232188225
18135,0.012305113486945629
18136,0.012489505112171173
18137,0.013192609883844852
18138,0.013500318862497807
18139,0.013103184290230274
18140,0.012350843288004398
18141,0.012360387481749058
18142,0.013100259937345982
18143,0.013617970049381256
18144,0.013383070938289165
18145,0.01249505765736103
18146,0.012223591096699238
18147,0.012887442484498024
18148,0.013607203029096127
18149,0.013646982610225677
18150,0.012726054526865482
18151,0.012149917893111706
18152,0.012620629742741585
18153,0.013443147763609886
18154,0.01378353126347065
18155,0.012957535684108734
18156,0.012155193835496902
18157,0.01237874198704958
18158,0.013164942152798176
18159,0.013721661642193794
18160,0.013072002679109573
18161,0.012190841138362885
18162,0.012218307703733444
18163,0.012878424488008022
18164,0.01351119577884674
18165,0.013026951812207699
18166,0.012192570604383945
18167,0.012134606018662453
18168,0.012672299519181252
18169,0.013284381479024887
18170,0.012897256761789322
18171,0.012152303010225296
18172,0.012096094898879528
18173,0.012567964382469654
18174,0.01314212940633297
18175,0.012788842432200909
18176,0.012104963883757591
18177,0.012074370868504047
18178,0.01252900343388319
18179,0.013097302056849003
18180,0.01275225356221199
18181,0.01207656878978014
18182,0.012044480070471764
18183,0.012490399181842804
18184,0.013084392994642258
18185,0.012764928862452507
18186,0.012072350829839706
18187,0.011997029185295105
18188,0.0123930424451828
18189,0.012984776869416237
18190,0.012715836055576801
18191,0.012053800746798515
18192,0.011959051713347435
18193,0.012301742099225521
18194,0.012867850251495838
18195,0.01264219544827938
18196,0.012031644582748413
18197,0.01194275077432394
18198,0.012245954014360905
18199,0.012773698195815086
18200,0.012592931278049946
18201,0.01210392452776432
18202,0.01216601300984621
18203,0.012705983594059944
18204,0.01370569784194231
18205,0.014276085421442986
18206,0.015035370364785194
18207,0.017534984275698662
18208,0.022862493991851807
18209,0.033272966742515564
18210,0.0523112490773201
18211,0.08727158606052399
18212,0.14546343684196472
18213,0.22381368279457092
18214,0.2843288779258728
18215,0.259310245513916
18216,0.14524592459201813
18217,0.036204174160957336
18218,0.030942877754569054
18219,0.10434696823358536
18220,0.15360510349273682
18221,0.12970474362373352
18222,0.05784314125776291
18223,0.03653300553560257
18224,0.06511317938566208
18225,0.09230159968137741
18226,0.08651040494441986
18227,0.040300436317920685
18228,0.03046349436044693
18229,0.054246317595243454
18230,0.04904321953654289
18231,0.0503978356719017
18232,0.03531663492321968
18233,0.031487204134464264
18234,0.04551739990711212
18235,0.029813963919878006
18236,0.030928710475564003
18237,0.03676812723278999
18238,0.03704400360584259
18239,0.03725327551364899
18240,0.020556442439556122
18241,0.02574320137500763
18242,0.03879651427268982
18243,0.040061648935079575
18244,0.029973728582262993
18245,0.014584070071578026
18246,0.028690559789538383
18247,0.046999264508485794
18248,0.04014038294553757
18249,0.020525822415947914
18250,0.015181520022451878
18251,0.03836273401975632
18252,0.049917928874492645
18253,0.03363479673862457
18254,0.014565273188054562
18255,0.020116105675697327
18256,0.042917393147945404
18257,0.04561256244778633
18258,0.026049423962831497
18259,0.013282193802297115
18260,0.02440526708960533
18261,0.0399966835975647
18262,0.034219224005937576
18263,0.018174121156334877
18264,0.014434894546866417
18265,0.025460368022322655
18266,0.030891593545675278
18267,0.022739466279745102
18268,0.014280053786933422
18269,0.015885818749666214
18270,0.022157689556479454
18271,0.021486198529601097
18272,0.015662018209695816
18273,0.013378537259995937
18274,0.016139118000864983
18275,0.01787887141108513
18276,0.01520853117108345
18277,0.012910107150673866
18278,0.013672400265932083
18279,0.015338953584432602
18280,0.014547877013683319
18281,0.012633104808628559
18282,0.012813519686460495
18283,0.014118669554591179
18284,0.014337820932269096
18285,0.012872868217527866
18286,0.012382579036056995
18287,0.013693254441022873
18288,0.014460925944149494
18289,0.013638115487992764
18290,0.012314842082560062
18291,0.012963402085006237
18292,0.01463423389941454
18293,0.014761801809072495
18294,0.013325204141438007
18295,0.012198004871606827
18296,0.013476413674652576
18297,0.01529732532799244
18298,0.015128929167985916
18299,0.013364853337407112
18300,0.012189575470983982
18301,0.013627269305288792
18302,0.01560619194060564
18303,0.015509980730712414
18304,0.013662871904671192
18305,0.012211176566779613
18306,0.013412531465291977
18307,0.015522955916821957
18308,0.015833113342523575
18309,0.014167447574436665
18310,0.012342945672571659
18311,0.013020602986216545
18312,0.015142996795475483
18313,0.015974411740899086
18314,0.014730364084243774
18315,0.012619700282812119
18316,0.01265646517276764
18317,0.014618069864809513
18318,0.015913663432002068
18319,0.015209496021270752
18320,0.012978654354810715
18321,0.01241522841155529
18322,0.014098030515015125
18323,0.015698373317718506
18324,0.015527533367276192
18325,0.01330685243010521
18326,0.012265588156878948
18327,0.013664687983691692
18328,0.015449980273842812
18329,0.01571578159928322
18330,0.013542842119932175
18331,0.012136050499975681
18332,0.013305716216564178
18333,0.015229379758238792
18334,0.01586424559354782
18335,0.013729222118854523
18336,0.012007965706288815
18337,0.012985283508896828
18338,0.015040223486721516
18339,0.016030453145503998
18340,0.01394546590745449
18341,0.011933591216802597
18342,0.012708486057817936
18343,0.01486297883093357
18344,0.016215410083532333
18345,0.014213877730071545
18346,0.011940069496631622
18347,0.012498090043663979
18348,0.014690473675727844
18349,0.016371693462133408
18350,0.014479714445769787
18351,0.011987230740487576
18352,0.012334897182881832
18353,0.014506352134048939
18354,0.016453400254249573
18355,0.014680987223982811
18356,0.012031280435621738
18357,0.012200873345136642
18358,0.014304273761808872
18359,0.016426175832748413
18360,0.014768644236028194
18361,0.012051074765622616
18362,0.01211910042911768
18363,0.014152437448501587
18364,0.016367245465517044
18365,0.01477009616792202
18366,0.01203165017068386
18367,0.012086194008588791
18368,0.014119453728199005
18369,0.016434896737337112
18370,0.014834058471024036
18371,0.012014343403279781
18372,0.012052079662680626
18373,0.014132332988083363
18374,0.016617441549897194
18375,0.015016267076134682
18376,0.012040256522595882
18377,0.01198581326752901
18378,0.014069672673940659
18379,0.016732200980186462
18380,0.015185756608843803
18381,0.012081075459718704
18382,0.011905914172530174
18383,0.013921178877353668
18384,0.016680113971233368
18385,0.015208653174340725
18386,0.012077640742063522
18387,0.01185749750584364
18388,0.01382356509566307
18389,0.016641464084386826
18390,0.015201113186776638
18391,0.012053016573190689
18392,0.011829654686152935
18393,0.013798033818602562
18394,0.016714654862880707
18395,0.01528850942850113
18396,0.012062008492648602
18397,0.011783258989453316
18398,0.0137204360216856
18399,0.016721686348319054
18400,0.015337688848376274
18401,0.01206593494862318
18402,0.01173648051917553
18403,0.013623088598251343
18404,0.01667398400604725
18405,0.015332117676734924
18406,0.01205147709697485
18407,0.011699914000928402
18408,0.013551082462072372
18409,0.016651690006256104
18410,0.015342852100729942
18411,0.01204380951821804
18412,0.011661593802273273
18413,0.01346538495272398
18414,0.016594834625720978
18415,0.015322087332606316
18416,0.012026210315525532
18417,0.011626762337982655
18418,0.013392462395131588
18419,0.01655696891248226
18420,0.01532262284308672
18421,0.012021287344396114
18422,0.01158550102263689
18423,0.013282090425491333
18424,0.016434598714113235
18425,0.015241106040775776
18426,0.011985203251242638
18427,0.011558077298104763
18428,0.013229492120444775
18429,0.01641690731048584
18430,0.015265533700585365
18431,0.011998956091701984
18432,0.011510086245834827
18433,0.013060644268989563
18434,0.01614096760749817
18435,0.01502283476293087
18436,0.01190105453133583
18437,0.011526810936629772
18438,0.013192016631364822
18439,0.016516003757715225
18440,0.015507875010371208
18441,0.012207109481096268
18442,0.011541493237018585
18443,0.012733295559883118
18444,0.01535520888864994
18445,0.014477220363914967
18446,0.012531640008091927
18447,0.01377281453460455
18448,0.018022067844867706
18449,0.02599852904677391
18450,0.02991073951125145
18451,0.03169915825128555
18452,0.03982091695070267
18453,0.055115435272455215
18454,0.07903484255075455
18455,0.11467196047306061
18456,0.16065537929534912
18457,0.19410613179206848
18458,0.18468493223190308
18459,0.12423120439052582
18460,0.040994852781295776
18461,0.014161652885377407
18462,0.061615683138370514
18463,0.12214300781488419
18464,0.12891307473182678
18465,0.06197093054652214
18466,0.016564643010497093
18467,0.05103614553809166
18468,0.10645720362663269
18469,0.10884196311235428
18470,0.042506054043769836
18471,0.018518876284360886
18472,0.0748710036277771
18473,0.12008585035800934
18474,0.08770324289798737
18475,0.018722444772720337
18476,0.04295985400676727
18477,0.12186448276042938
18478,0.13050292432308197
18479,0.059228140860795975
18480,0.021533651277422905
18481,0.09894607961177826
18482,0.14373719692230225
18483,0.08336241543292999
18484,0.02912367507815361
18485,0.06932908296585083
18486,0.1267370879650116
18487,0.07975688576698303
18488,0.03163839876651764
18489,0.06253023445606232
18490,0.08933792263269424
18491,0.054901473224163055
18492,0.025411486625671387
18493,0.05630737543106079
18494,0.06788947433233261
18495,0.02978360652923584
18496,0.018568404018878937
18497,0.04859258979558945
18498,0.05190282687544823
18499,0.020764185115695
18500,0.015576282516121864
18501,0.0347769595682621
18502,0.0359211266040802
18503,0.020751897245645523
18504,0.017764292657375336
18505,0.022645749151706696
18506,0.02325867861509323
18507,0.023621253669261932
18508,0.02390306442975998
18509,0.018500525504350662
18510,0.01418718509376049
18511,0.023400982841849327
18512,0.029676197096705437
18513,0.021408207714557648
18514,0.012442230246961117
18515,0.017148427665233612
18516,0.02700614742934704
18517,0.02410949021577835
18518,0.01608000136911869
18519,0.015132329426705837
18520,0.018816448748111725
18521,0.020207766443490982
18522,0.018405651673674583
18523,0.016980841755867004
18524,0.015294835902750492
18525,0.014291607774794102
18526,0.016144108027219772
18527,0.017845120280981064
18528,0.01573876105248928
18529,0.012350939214229584
18530,0.012724720872938633
18531,0.015583040192723274
18532,0.015918271616101265
18533,0.013421563431620598
18534,0.011873990297317505
18535,0.012777933850884438
18536,0.014041927643120289
18537,0.013967528939247131
18538,0.013035704381763935
18539,0.012233655899763107
18540,0.012073344551026821
18541,0.01271737739443779
18542,0.01338039431720972
18543,0.013118726201355457
18544,0.012105272151529789
18545,0.011601274833083153
18546,0.0122687928378582
18547,0.012983046472072601
18548,0.012779153883457184
18549,0.012037022970616817
18550,0.011695906519889832
18551,0.012000644579529762
18552,0.012316473759710789
18553,0.012324653565883636
18554,0.012131053023040295
18555,0.011894971132278442
18556,0.011735345236957073
18557,0.011732295155525208
18558,0.011930462904274464
18559,0.012087585404515266
18560,0.011945493519306183
18561,0.011618213728070259
18562,0.01145739946514368
18563,0.011614019051194191
18564,0.011830837465822697
18565,0.011817419901490211
18566,0.011597935110330582
18567,0.01142625417560339
18568,0.011440228670835495
18569,0.011538713239133358
18570,0.011575005948543549
18571,0.011512385681271553
18572,0.011436324566602707
18573,0.011403250508010387
18574,0.011394213885068893
18575,0.011386738158762455
18576,0.011369097977876663
18577,0.011360714212059975
18578,0.011363497003912926
18579,0.011353963986039162
18580,0.011330397799611092
18581,0.011301659978926182
18582,0.01128528080880642
18583,0.011286859400570393
18584,0.01129074115306139
18585,0.011286306194961071
18586,0.01127461064606905
18587,0.011263042688369751
18588,0.011255896650254726
18589,0.011248812079429626
18590,0.011236467398703098
18591,0.011222351342439651
18592,0.011213296093046665
18593,0.011211019940674305
18594,0.011211316101253033
18595,0.011206675320863724
18596,0.011195190250873566
18597,0.011181749403476715
18598,0.011170422658324242
18599,0.011162510141730309
18600,0.01115618459880352
18601,0.01114880945533514
18602,0.011140096001327038
18603,0.01113156508654356
18604,0.011124582961201668
18605,0.011118936352431774
18606,0.011113528162240982
18607,0.011107460595667362
18608,0.011100713163614273
18609,0.0110941082239151
18610,0.011087312363088131
18611,0.011080429889261723
18612,0.011073785834014416
18613,0.011067017912864685
18614,0.011060194112360477
18615,0.01105421781539917
18616,0.011049683205783367
18617,0.011046625673770905
18618,0.011045621708035469
18619,0.011047767475247383
18620,0.011051759123802185
18621,0.01105972845107317
18622,0.011078639887273312
18623,0.011116037145256996
18624,0.011185809038579464
18625,0.01130938995629549
18626,0.011531240306794643
18627,0.0119397584348917
18628,0.012699684128165245
18629,0.014128725975751877
18630,0.01665668562054634
18631,0.021271634846925735
18632,0.030072517693042755
18633,0.04637102782726288
18634,0.07487735897302628
18635,0.11552358418703079
18636,0.15999835729599
18637,0.18312358856201172
18638,0.1551949679851532
18639,0.07976029068231583
18640,0.02156659960746765
18641,0.01921694166958332
18642,0.059115368872880936
18643,0.09626632928848267
18644,0.08531607687473297
18645,0.04620051383972168
18646,0.01793850213289261
18647,0.021332193166017532
18648,0.04366202652454376
18649,0.057052530348300934
18650,0.04206189513206482
18651,0.019924191758036613
18652,0.017229372635483742
18653,0.026132792234420776
18654,0.03246975317597389
18655,0.02938683331012726
18656,0.0199891310185194
18657,0.01769164949655533
18658,0.02274974249303341
18659,0.024756914004683495
18660,0.01903620734810829
18661,0.01546899788081646
18662,0.017368566244840622
18663,0.020235108211636543
18664,0.021409140899777412
18665,0.016315821558237076
18666,0.012775563634932041
18667,0.016546182334423065
18668,0.019575748592615128
18669,0.01774013042449951
18670,0.013319948688149452
18671,0.013084775768220425
18672,0.017177093774080276
18673,0.019417937844991684
18674,0.01610400527715683
18675,0.011630389839410782
18676,0.01411551795899868
18677,0.018878594040870667
18678,0.01917068287730217
18679,0.01519395038485527
18680,0.011508638970553875
18681,0.014745593070983887
18682,0.019826337695121765
18683,0.018907152116298676
18684,0.013944430276751518
18685,0.011500783264636993
18686,0.015539746731519699
18687,0.01987435668706894
18688,0.018510669469833374
18689,0.01337161473929882
18690,0.01142049115151167
18691,0.01580071821808815
18692,0.01960892044007778
18693,0.017969105392694473
18694,0.013295978307723999
18695,0.011413711123168468
18696,0.015206645242869854
18697,0.018833942711353302
18698,0.01732150837779045
18699,0.01307796873152256
18700,0.011433955281972885
18701,0.014532963745296001
18702,0.01765241101384163
18703,0.0166312325745821
18704,0.012975436635315418
18705,0.01133233867585659
18706,0.0138013307005167
18707,0.016534892842173576
18708,0.01596568338572979
18709,0.013032643124461174
18710,0.01127281691879034
18711,0.012987642548978329
18712,0.01550272572785616
18713,0.015420395880937576
18714,0.013074414804577827
18715,0.011237979866564274
18716,0.012304973788559437
18717,0.01457306370139122
18718,0.015007656067609787
18719,0.01321851834654808
18720,0.011241592466831207
18721,0.011722881346940994
18722,0.013776283711194992
18723,0.014659537933766842
18724,0.01345701515674591
18725,0.011376655660569668
18726,0.01126253791153431
18727,0.013075466267764568
18728,0.014353889971971512
18729,0.013721885159611702
18730,0.011619092896580696
18731,0.01097208634018898
18732,0.012476950883865356
18733,0.014047447592020035
18734,0.013982265256345272
18735,0.011945270001888275
18736,0.010835097171366215
18737,0.011993568390607834
18738,0.01372293010354042
18739,0.014176740311086178
18740,0.012287985533475876
18741,0.010808723047375679
18742,0.011609167791903019
18743,0.013372771441936493
18744,0.01424886379390955
18745,0.012558264657855034
18746,0.010834514163434505
18747,0.011324945837259293
18748,0.013022626750171185
18749,0.014185512438416481
18750,0.012706113047897816
18751,0.01086841057986021
18752,0.011133907362818718
18753,0.012721208855509758
18754,0.014049447141587734
18755,0.01274218037724495
18756,0.010879045352339745
18757,0.01101382914930582
18758,0.012502903118729591
18759,0.013923577032983303
18760,0.012727119028568268
18761,0.010864474810659885
18762,0.010936956852674484
18763,0.012371079996228218
18764,0.013870105147361755
18765,0.012740662321448326
18766,0.010853844694793224
18767,0.010869450867176056
18768,0.01226244680583477
18769,0.013848652131855488
18770,0.012784557417035103
18771,0.010856859385967255
18772,0.010795863345265388
18773,0.012127811089158058
18774,0.013783732429146767
18775,0.012800212018191814
18776,0.010857882909476757
18777,0.01072358712553978
18778,0.011974433436989784
18779,0.013665983453392982
18780,0.012766583822667599
18781,0.010845511220395565
18782,0.010661447420716286
18783,0.011828425340354443
18784,0.013526799157261848
18785,0.012701086699962616
18786,0.010821279138326645
18787,0.01060914620757103
18788,0.01169737707823515
18789,0.013380896300077438
18790,0.012617756612598896
18791,0.010790063999593258
18792,0.010561758652329445
18793,0.01158061996102333
18794,0.013248618692159653
18795,0.012544798664748669
18796,0.010764479637145996
18797,0.010512737557291985
18798,0.011450497433543205
18799,0.013080822303891182
18800,0.012438894249498844
18801,0.01072874665260315
18802,0.010468024760484695
18803,0.011329117231070995
18804,0.01291066873818636
18805,0.012325422838330269
18806,0.010690619237720966
18807,0.010425078682601452
18808,0.011207914911210537
18809,0.012722356244921684
18810,0.012187473475933075
18811,0.010642191395163536
18812,0.010388365015387535
18813,0.011115523986518383
18814,0.01259117666631937
18815,0.012117750942707062
18816,0.010639055632054806
18817,0.010363690555095673
18818,0.010977566242218018
18819,0.012301783077418804
18820,0.011904981918632984
18821,0.01074247620999813
18822,0.010845748707652092
18823,0.012067796662449837
18824,0.014598056674003601
18825,0.01592734456062317
18826,0.017264671623706818
18827,0.02223447896540165
18828,0.032718025147914886
18829,0.05269722640514374
18830,0.0873582512140274
18831,0.14422616362571716
18832,0.2142101228237152
18833,0.26361092925071716
18834,0.23522907495498657
18835,0.13183793425559998
18836,0.033717550337314606
18837,0.03398698568344116
18838,0.10415834933519363
18839,0.16175909340381622
18840,0.12733396887779236
18841,0.035674236714839935
18842,0.02303074300289154
18843,0.07859757542610168
18844,0.11942669749259949
18845,0.08568938076496124
18846,0.025584686547517776
18847,0.03023933432996273
18848,0.07842870056629181
18849,0.08877072483301163
18850,0.03031657263636589
18851,0.02285165525972843
18852,0.07643862813711166
18853,0.09290366619825363
18854,0.0627378448843956
18855,0.020128188654780388
18856,0.05110212042927742
18857,0.10380489379167557
18858,0.08851867914199829
18859,0.03688395768404007
18860,0.04727458581328392
18861,0.10261890292167664
18862,0.0908476710319519
18863,0.048370055854320526
18864,0.03169788047671318
18865,0.07283522933721542
18866,0.08959424495697021
18867,0.03610088676214218
18868,0.030864525586366653
18869,0.053897544741630554
18870,0.060010962188243866
18871,0.046257033944129944
18872,0.01726248487830162
18873,0.045284468680620193
18874,0.05407939851284027
18875,0.023443978279829025
18876,0.026122886687517166
18877,0.029995910823345184
18878,0.04231948032975197
18879,0.02828923799097538
18880,0.01251148246228695
18881,0.02846739999949932
18882,0.02670121192932129
18883,0.02757149562239647
18884,0.02089669182896614
18885,0.014638630673289299
18886,0.022954409942030907
18887,0.02365449070930481
18888,0.028380854055285454
18889,0.019647404551506042
18890,0.013230979442596436
18891,0.019703324884176254
18892,0.025763358920812607
18893,0.027732938528060913
18894,0.0168684720993042
18895,0.012676408514380455
18896,0.020715180784463882
18897,0.028799522668123245
18898,0.026348695158958435
18899,0.014128309674561024
18900,0.01404073741286993
18901,0.023803098127245903
18902,0.029271401464939117
18903,0.022210970520973206
18904,0.013403738848865032
18905,0.015193324536085129
18906,0.02232041209936142
18907,0.025045353919267654
18908,0.019335154443979263
18909,0.013183094561100006
18910,0.014654520899057388
18911,0.020282672718167305
18912,0.02217225730419159
18913,0.01686359941959381
18914,0.012165581807494164
18915,0.013378282077610493
18916,0.017815224826335907
18917,0.018852008506655693
18918,0.014718513935804367
18919,0.011243325658142567
18920,0.012366825714707375
18921,0.015755940228700638
18922,0.016211012378335
18923,0.01296727079898119
18924,0.010745463892817497
18925,0.01181339006870985
18926,0.01404834445565939
18927,0.014007925987243652
18928,0.011893895454704762
18929,0.010600022971630096
18930,0.011291253380477428
18931,0.012567232362926006
18932,0.012517398223280907
18933,0.011341473087668419
18934,0.010588742792606354
18935,0.01086991187185049
18936,0.011515464633703232
18937,0.011550546623766422
18938,0.011028961278498173
18939,0.01058296486735344
18940,0.010573849081993103
18941,0.010844454169273376
18942,0.01095881313085556
18943,0.01081885490566492
18944,0.010571293532848358
18945,0.010426177643239498
18946,0.010477760806679726
18947,0.010584916919469833
18948,0.010623039677739143
18949,0.010532175190746784
18950,0.01038147322833538
18951,0.01032237894833088
18952,0.010364886373281479
18953,0.010442163795232773
18954,0.010451625101268291
18955,0.010362409986555576
18956,0.01027704868465662
18957,0.010257724672555923
18958,0.010295988060534
18959,0.01033274456858635
18960,0.010306362994015217
18961,0.010253436863422394
18962,0.010217951610684395
18963,0.01021013967692852
18964,0.01021923404186964
18965,0.010211803950369358
18966,0.010195516981184483
18967,0.010182135738432407
18968,0.010166462510824203
18969,0.010150900110602379
18970,0.010133535601198673
18971,0.010126274079084396
18972,0.010127829387784004
18973,0.010122575797140598
18974,0.010107317008078098
18975,0.010086476802825928
18976,0.010078508406877518
18977,0.0100832749158144
18978,0.010084379464387894
18979,0.010073511861264706
18980,0.010047726333141327
18981,0.010030237026512623
18982,0.010032263584434986
18983,0.010040463879704475
18984,0.01004206296056509
18985,0.010020635090768337
18986,0.00999288260936737
18987,0.009980362839996815
18988,0.009978423826396465
18989,0.009977636858820915
18990,0.009964325465261936
18991,0.009944763965904713
18992,0.009932816959917545
18993,0.00992896780371666
18994,0.009928778745234013
18995,0.009918665513396263
18996,0.009901853278279305
18997,0.009889429435133934
18998,0.009882140904664993
18999,0.009879360906779766
19000,0.009870680049061775
19001,0.009856811724603176
19002,0.009845414198935032
19003,0.009835866279900074
19004,0.009827490895986557
19005,0.009818593971431255
19006,0.009813880547881126
19007,0.009816300123929977
19008,0.009830109775066376
19009,0.009866276755928993
19010,0.009908993728458881
19011,0.009974495507776737
19012,0.010144690051674843
19013,0.010544166900217533
19014,0.011463966220617294
19015,0.013487761840224266
19016,0.0180511437356472
19017,0.028852786868810654
19018,0.053178220987319946
19019,0.1051924079656601
19020,0.17762906849384308
19021,0.2412860095500946
19022,0.22292137145996094
19023,0.11027723550796509
19024,0.022585012018680573
19025,0.03711587190628052
19026,0.08179403096437454
19027,0.10369978845119476
19028,0.09173762798309326
19029,0.062242187559604645
19030,0.04834873229265213
19031,0.03370313346385956
19032,0.025394026190042496
19033,0.02988099306821823
19034,0.03727152943611145
19035,0.03717818111181259
19036,0.022119518369436264
19037,0.011258536018431187
19038,0.016644084826111794
19039,0.026713110506534576
19040,0.026735123246908188
19041,0.02150198072195053
19042,0.018564699217677116
19043,0.018075427040457726
19044,0.01759396307170391
19045,0.018604610115289688
19046,0.025839701294898987
19047,0.029031995683908463
19048,0.022333474829792976
19049,0.01369409915059805
19050,0.01490416657179594
19051,0.027715153992176056
19052,0.03110840544104576
19053,0.019932875409722328
19054,0.010809740982949734
19055,0.0170659851282835
19056,0.029172511771321297
19057,0.025197133421897888
19058,0.012852960266172886
19059,0.012097159400582314
19060,0.02187054231762886
19061,0.024933330714702606
19062,0.01570916175842285
19063,0.01044380385428667
19064,0.015831582248210907
19065,0.020146867260336876
19066,0.015864472836256027
19067,0.010551574639976025
19068,0.01223998237401247
19069,0.016263404861092567
19070,0.014731921255588531
19071,0.010751597583293915
19072,0.010980766266584396
19073,0.013821743428707123
19074,0.013912084512412548
19075,0.011005854234099388
19076,0.010413159616291523
19077,0.012598779052495956
19078,0.013268605805933475
19079,0.01141561008989811
19080,0.01010679267346859
19081,0.011509356088936329
19082,0.012890995480120182
19083,0.011894095689058304
19084,0.010269752703607082
19085,0.010453004390001297
19086,0.011926517821848392
19087,0.012110551819205284
19088,0.010778102092444897
19089,0.010034973733127117
19090,0.01072622463107109
19091,0.011490616016089916
19092,0.011088788509368896
19093,0.010208453983068466
19094,0.01009464543312788
19095,0.010615134611725807
19096,0.010786374099552631
19097,0.010380828753113747
19098,0.010010363534092903
19099,0.010117847472429276
19100,0.010328191332519054
19101,0.010229897685348988
19102,0.010007798671722412
19103,0.009952223859727383
19104,0.010074951685965061
19105,0.01007237657904625
19106,0.009919924661517143
19107,0.009855998679995537
19108,0.009926224127411842
19109,0.010004395619034767
19110,0.009914875961840153
19111,0.009799810126423836
19112,0.009820117615163326
19113,0.009905628859996796
19114,0.00993264652788639
19115,0.009823166765272617
19116,0.009769079275429249
19117,0.009839962236583233
19118,0.009907555766403675
19119,0.009881701320409775
19120,0.009755482897162437
19121,0.00974679458886385
19122,0.009867481887340546
19123,0.009942583739757538
19124,0.009883083403110504
19125,0.009709106758236885
19126,0.00968918576836586
19127,0.009849739260971546
19128,0.009981670416891575
19129,0.009946479462087154
19130,0.009716660715639591
19131,0.009614176116883755
19132,0.00975972879678011
19133,0.009959891438484192
19134,0.010019036009907722
19135,0.009784418158233166
19136,0.009571539238095284
19137,0.009626239538192749
19138,0.009832439944148064
19139,0.00999483559280634
19140,0.00983613170683384
19141,0.00957450270652771
19142,0.009518536739051342
19143,0.009640644304454327
19144,0.009816673584282398
19145,0.009754244238138199
19146,0.009550485759973526
19147,0.009466234594583511
19148,0.009504007175564766
19149,0.00960969552397728
19150,0.009578648023307323
19151,0.009460250847041607
19152,0.009421998634934425
19153,0.009452511556446552
19154,0.009520811028778553
19155,0.009478897787630558
19156,0.009393004700541496
19157,0.009388415142893791
19158,0.009442507289350033
19159,0.00952865369617939
19160,0.009480632841587067
19161,0.009367621503770351
19162,0.009333952330052853
19163,0.009359900839626789
19164,0.009429208934307098
19165,0.00940056424587965
19166,0.009316254407167435
19167,0.00929009635001421
19168,0.009305721148848534
19169,0.009356540627777576
19170,0.009329371154308319
19171,0.009264828637242317
19172,0.009252792224287987
19173,0.009278753772377968
19174,0.009343394078314304
19175,0.009328077547252178
19176,0.009264200925827026
19177,0.009248184971511364
19178,0.009266987442970276
19179,0.009325888939201832
19180,0.009395346976816654
19181,0.009559850208461285
19182,0.00993061251938343
19183,0.010659320279955864
19184,0.012077298015356064
19185,0.014405922964215279
19186,0.018575724214315414
19187,0.026780812069773674
19188,0.04235120490193367
19189,0.07010537385940552
19190,0.112921342253685
19191,0.16318458318710327
19192,0.1903657764196396
19193,0.15864890813827515
19194,0.07832846790552139
19195,0.01780504174530506
19196,0.024898182600736618
19197,0.07444000244140625
19198,0.10549353808164597
19199,0.08804446458816528
19200,0.035440828651189804
19201,0.016681905835866928
19202,0.0419301837682724
19203,0.07188670337200165
19204,0.0687221884727478
19205,0.03556979075074196
19206,0.025023505091667175
19207,0.0510479100048542
19208,0.07679622620344162
19209,0.07199980318546295
19210,0.04463435709476471
19211,0.036697544157505035
19212,0.047665003687143326
19213,0.042918410152196884
19214,0.021796712651848793
19215,0.013400968164205551
19216,0.03079480677843094
19217,0.045593082904815674
19218,0.035452701151371
19219,0.01490798406302929
19220,0.013442165218293667
19221,0.027811378240585327
19222,0.031637731939554214
19223,0.020942460745573044
19224,0.012960612773895264
19225,0.018250830471515656
19226,0.02328549325466156
19227,0.01771341823041439
19228,0.01151975430548191
19229,0.01338018849492073
19230,0.018813438713550568
19231,0.017698118463158607
19232,0.01179774384945631
19233,0.010193069465458393
19234,0.013314315117895603
19235,0.014550991356372833
19236,0.012110788375139236
19237,0.010683403350412846
19238,0.012019233778119087
19239,0.013056986033916473
19240,0.011139344424009323
19241,0.009670177474617958
19242,0.011156667023897171
19243,0.01277985330671072
19244,0.012226525694131851
19245,0.010195706970989704
19246,0.010160035453736782
19247,0.01173011027276516
19248,0.011959187686443329
19249,0.01086402963846922
19250,0.010224895551800728
19251,0.011346411891281605
19252,0.01213681697845459
19253,0.01107089314609766
19254,0.009809170849621296
19255,0.010222592391073704
19256,0.011902778409421444
19257,0.012133500538766384
19258,0.01054981630295515
19259,0.009407274425029755
19260,0.010153419338166714
19261,0.011753128841519356
19262,0.011754977516829967
19263,0.010248957201838493
19264,0.009305541403591633
19265,0.010002483613789082
19266,0.01132036093622446
19267,0.011305478401482105
19268,0.010079453699290752
19269,0.00927478913217783
19270,0.009746352210640907
19271,0.010767843574285507
19272,0.010885722003877163
19273,0.010011259466409683
19274,0.009284693747758865
19275,0.009470640681684017
19276,0.010218232870101929
19277,0.010480804368853569
19278,0.00995730608701706
19279,0.009308415465056896
19280,0.009221907705068588
19281,0.0097156697884202
19282,0.010096972808241844
19283,0.009908205829560757
19284,0.009394194930791855
19285,0.00908918958157301
19286,0.009295905940234661
19287,0.009687111712992191
19288,0.00979066826403141
19289,0.009516964666545391
19290,0.009129011072218418
19291,0.009052291512489319
19292,0.009306665509939194
19293,0.009560280479490757
19294,0.009558385238051414
19295,0.009254648350179195
19296,0.00899785477668047
19297,0.009033003821969032
19298,0.009239613078534603
19299,0.009392771869897842
19300,0.00926857441663742
19301,0.00902335811406374
19302,0.008923114277422428
19303,0.008991261012852192
19304,0.0091323871165514
19305,0.009127561934292316
19306,0.008991537615656853
19307,0.008895210921764374
19308,0.008877411484718323
19309,0.008928433991968632
19310,0.008931951597332954
19311,0.008874736726284027
19312,0.008836526423692703
19313,0.008823283948004246
19314,0.008833345957100391
19315,0.008817849680781364
19316,0.008792764507234097
19317,0.00879321713000536
19318,0.008813110180199146
19319,0.008849641308188438
19320,0.008832688443362713
19321,0.008793926797807217
19322,0.00879717618227005
19323,0.008829383179545403
19324,0.008881685324013233
19325,0.00899159163236618
19326,0.009318151511251926
19327,0.010071027092635632
19328,0.011731615290045738
19329,0.015352796763181686
19330,0.02186725102365017
19331,0.03441041707992554
19332,0.06140458583831787
19333,0.11382517218589783
19334,0.20054218173027039
19335,0.2817019820213318
19336,0.27812838554382324
19337,0.16131801903247833
19338,0.03203510493040085
19339,0.038271740078926086
19340,0.11866344511508942
19341,0.13434022665023804
19342,0.08391694724559784
19343,0.03068227879703045
19344,0.04787493497133255
19345,0.0700349360704422
19346,0.049097076058387756
19347,0.024301297962665558
19348,0.027267275378108025
19349,0.05127425491809845
19350,0.03439176082611084
19351,0.011463231407105923
19352,0.023695621639490128
19353,0.04398290440440178
19354,0.04165840148925781
19355,0.015723776072263718
19356,0.025614261627197266
19357,0.0500878281891346
19358,0.04350269213318825
19359,0.018798179924488068
19360,0.020789455622434616
19361,0.05805574357509613
19362,0.0554223395884037
19363,0.019923435524106026
19364,0.015459582209587097
19365,0.04757389426231384
19366,0.05906756967306137
19367,0.02392096444964409
19368,0.012603458017110825
19369,0.03831176087260246
19370,0.045448996126651764
19371,0.021903056651353836
19372,0.010637153871357441
19373,0.028777319937944412
19374,0.03406764566898346
19375,0.017094947397708893
19376,0.010146076790988445
19377,0.020430169999599457
19378,0.023484762758016586
19379,0.013421895913779736
19380,0.009892103262245655
19381,0.014196116477251053
19382,0.015297256410121918
19383,0.011143517680466175
19384,0.009876510128378868
19385,0.011778201907873154
19386,0.010844682343304157
19387,0.00953082088381052
19388,0.010185645893216133
19389,0.011067290790379047
19390,0.009728746488690376
19391,0.009445568546652794
19392,0.011128153651952744
19393,0.011287247762084007
19394,0.009809893555939198
19395,0.00951178278774023
19396,0.011821908876299858
19397,0.012289649806916714
19398,0.010263506323099136
19399,0.009531817398965359
19400,0.01119963638484478
19401,0.012503544799983501
19402,0.010896734893321991
19403,0.009491953067481518
19404,0.010442052967846394
19405,0.011702100746333599
19406,0.011064001359045506
19407,0.009455053135752678
19408,0.009577484801411629
19409,0.010803226381540298
19410,0.010859135538339615
19411,0.009630557149648666
19412,0.00894515123218298
19413,0.00967174768447876
19414,0.010355083271861076
19415,0.009868253953754902
19416,0.008991684764623642
19417,0.008910770528018475
19418,0.009485236369073391
19419,0.00968621950596571
19420,0.00924584362655878
19421,0.008841942995786667
19422,0.008940063416957855
19423,0.0092086773365736
19424,0.009174900129437447
19425,0.00890923198312521
19426,0.008792332373559475
19427,0.00891070906072855
19428,0.008999315090477467
19429,0.008892068639397621
19430,0.008729571476578712
19431,0.008713900111615658
19432,0.008818122558295727
19433,0.00885761808604002
19434,0.00876386184245348
19435,0.00864860974252224
19436,0.008638853207230568
19437,0.008708222769200802
19438,0.008739549666643143
19439,0.00868537463247776
19440,0.008605359122157097
19441,0.008589072152972221
19442,0.008629469200968742
19443,0.008652405813336372
19444,0.00861968845129013
19445,0.008556750603020191
19446,0.008533735759556293
19447,0.008561239577829838
19448,0.008588206954300404
19449,0.00857473909854889
19450,0.008519806899130344
19451,0.00848073698580265
19452,0.008487628772854805
19453,0.008513394743204117
19454,0.00852070190012455
19455,0.008484725840389729
19456,0.008441852405667305
19457,0.00843040645122528
19458,0.008443799801170826
19459,0.008457943797111511
19460,0.008438399992883205
19461,0.008400659076869488
19462,0.008379192091524601
19463,0.00837721861898899
19464,0.008385180495679379
19465,0.008376426994800568
19466,0.00835281703621149
19467,0.008335469290614128
19468,0.008326785638928413
19469,0.008324122056365013
19470,0.008314999751746655
19471,0.008300873450934887
19472,0.008291379548609257
19473,0.008285925723612309
19474,0.008282783441245556
19475,0.008271591737866402
19476,0.008257176727056503
19477,0.008248520083725452
19478,0.008243590593338013
19479,0.008240128867328167
19480,0.008228730410337448
19481,0.008214711211621761
19482,0.008206860162317753
19483,0.008204599842429161
19484,0.008207682520151138
19485,0.00820233579725027
19486,0.00819045677781105
19487,0.008185427635908127
19488,0.008188044652342796
19489,0.0082013551145792
19490,0.008240923285484314
19491,0.00833592563867569
19492,0.00852632150053978
19493,0.008905990049242973
19494,0.00966338999569416
19495,0.010977490805089474
19496,0.013399507850408554
19497,0.01846916601061821
19498,0.028667286038398743
19499,0.049093522131443024
19500,0.0822831243276596
19501,0.13111445307731628
19502,0.17609959840774536
19503,0.18226048350334167
19504,0.12216582894325256
19505,0.05648629367351532
19506,0.04666045680642128
19507,0.07454293966293335
19508,0.07661934942007065
19509,0.04250642657279968
19510,0.02128271758556366
19511,0.03653588145971298
19512,0.06070071831345558
19513,0.052244774997234344
19514,0.01978718675673008
19515,0.011077114380896091
19516,0.027146805077791214
19517,0.03302551060914993
19518,0.02225010097026825
19519,0.01363977137953043
19520,0.016932908445596695
19521,0.0219886377453804
19522,0.019831828773021698
19523,0.012186500243842602
19524,0.00981055572628975
19525,0.01343684270977974
19526,0.012890681624412537
19527,0.010331951081752777
19528,0.010135490447282791
19529,0.01173165999352932
19530,0.011411456391215324
19531,0.010005490854382515
19532,0.010014541447162628
19533,0.010395796038210392
19534,0.01040076743811369
19535,0.00904427096247673
19536,0.009697753004729748
19537,0.011771523393690586
19538,0.01148605439811945
19539,0.009618223644793034
19540,0.009366018697619438
19541,0.01222748402506113
19542,0.01320204883813858
19543,0.010843955911695957
19544,0.00876096822321415
19545,0.009918938390910625
19546,0.013279175385832787
19547,0.013208601623773575
19548,0.010089060291647911
19549,0.008698907680809498
19550,0.010797090828418732
19551,0.013305931352078915
19552,0.012193836271762848
19553,0.009311197325587273
19554,0.008609473705291748
19555,0.010593273676931858
19556,0.012142092920839787
19557,0.010854551568627357
19558,0.00877577904611826
19559,0.00866707507520914
19560,0.010120034217834473
19561,0.010751686058938503
19562,0.009687195532023907
19563,0.008493770845234394
19564,0.00861436314880848
19565,0.009444893337786198
19566,0.009538557380437851
19567,0.008822733536362648
19568,0.008299672044813633
19569,0.00852246768772602
19570,0.008888976648449898
19571,0.00876547396183014
19572,0.008406681939959526
19573,0.008253715932369232
19574,0.00842128973454237
19575,0.008511017076671124
19576,0.008348402567207813
19577,0.00821109302341938
19578,0.008229279890656471
19579,0.008322836831212044
19580,0.008275182917714119
19581,0.00816759280860424
19582,0.0081715676933527
19583,0.008239345625042915
19584,0.0082666901871562
19585,0.008164509199559689
19586,0.008120045997202396
19587,0.008209171704947948
19588,0.008293372578918934
19589,0.008267080411314964
19590,0.008114762604236603
19591,0.008100783452391624
19592,0.008255764842033386
19593,0.008373549208045006
19594,0.008324794471263885
19595,0.008105272427201271
19596,0.008057504892349243
19597,0.00825575739145279
19598,0.008456127718091011
19599,0.008464052341878414
19600,0.008192705921828747
19601,0.008047509007155895
19602,0.008232781663537025
19603,0.00852908194065094
19604,0.008688507601618767
19605,0.008503412827849388
19606,0.008378301747143269
19607,0.008682914078235626
19608,0.00935213640332222
19609,0.010252515785396099
19610,0.011119197122752666
19611,0.012488599866628647
19612,0.015286291018128395
19613,0.020147303119301796
19614,0.027958037331700325
19615,0.039440181106328964
19616,0.05563938245177269
19617,0.07533541321754456
19618,0.09361688792705536
19619,0.0991622656583786
19620,0.08261315524578094
19621,0.04852491617202759
19622,0.01782391592860222
19623,0.008545727469027042
19624,0.020804651081562042
19625,0.038086384534835815
19626,0.04503511264920235
19627,0.03737569600343704
19628,0.024909131228923798
19629,0.016764061525464058
19630,0.014835428446531296
19631,0.01582861691713333
19632,0.017793800681829453
19633,0.018137097358703613
19634,0.017009450122714043
19635,0.014904465526342392
19636,0.011716354638338089
19637,0.009883296675980091
19638,0.009609944187104702
19639,0.010312062688171864
19640,0.01100949477404356
19641,0.01064469013363123
19642,0.009569033980369568
19643,0.008467824198305607
19644,0.007963362149894238
19645,0.00848946999758482
19646,0.010089980438351631
19647,0.011283784173429012
19648,0.011174815706908703
19649,0.009987857192754745
19650,0.008191462606191635
19651,0.008378989063203335
19652,0.010591009631752968
19653,0.01269364170730114
19654,0.013067364692687988
19655,0.010348217561841011
19656,0.008010282181203365
19657,0.008684533648192883
19658,0.01116962730884552
19659,0.013273948803544044
19660,0.011637384071946144
19661,0.008588027209043503
19662,0.007928221486508846
19663,0.0094200000166893
19664,0.01149910781532526
19665,0.010713550262153149
19666,0.008415954187512398
19667,0.007831757888197899
19668,0.008841902017593384
19669,0.010406393557786942
19670,0.009663265198469162
19671,0.007979903370141983
19672,0.007937667891383171
19673,0.009097919799387455
19674,0.010461053811013699
19675,0.009423041716217995
19676,0.0078275790438056
19677,0.008160107769072056
19678,0.009711422957479954
19679,0.011290265247225761
19680,0.009919118136167526
19681,0.007858498021960258
19682,0.008112920448184013
19683,0.009919105097651482
19684,0.011932949535548687
19685,0.010564057156443596
19686,0.008030368015170097
19687,0.007872845977544785
19688,0.009515613317489624
19689,0.011726479046046734
19690,0.010622837580740452
19691,0.0080956956371665
19692,0.007752773351967335
19693,0.0091471578925848
19694,0.011249741539359093
19695,0.010269242338836193
19696,0.007967810146510601
19697,0.007757825776934624
19698,0.009153749793767929
19699,0.011219795793294907
19700,0.010181181132793427
19701,0.007895248010754585
19702,0.007770109921693802
19703,0.009267938323318958
19704,0.011473208665847778
19705,0.010402166284620762
19706,0.007942519150674343
19707,0.007694946601986885
19708,0.009141885675489902
19709,0.011437000706791878
19710,0.010460006073117256
19711,0.007970206439495087
19712,0.007624741643667221
19713,0.008934296667575836
19714,0.011162107810378075
19715,0.010251360014081001
19716,0.007888594642281532
19717,0.007616098038852215
19718,0.008938990533351898
19719,0.011202906258404255
19720,0.010293766856193542
19721,0.007891382090747356
19722,0.00757230119779706
19723,0.008834827691316605
19724,0.011094591580331326
19725,0.0102336835116148
19726,0.007868844084441662
19727,0.007541330065578222
19728,0.008762943558394909
19729,0.011039075441658497
19730,0.010243283584713936
19731,0.007899395190179348
19732,0.007527108304202557
19733,0.008623680099844933
19734,0.010749376378953457
19735,0.010009340941905975
19736,0.007982846349477768
19737,0.008004290983080864
19738,0.009696997702121735
19739,0.012879302725195885
19740,0.013229791074991226
19741,0.012213221751153469
19742,0.014231888577342033
19743,0.01957184635102749
19744,0.029291409999132156
19745,0.04339010268449783
19746,0.06742851436138153
19747,0.10583511739969254
19748,0.15637388825416565
19749,0.19804343581199646
19750,0.19371619820594788
19751,0.12362874299287796
19752,0.049734801054000854
19753,0.02079872041940689
19754,0.04786185175180435
19755,0.07694561779499054
19756,0.06693468242883682
19757,0.04559867084026337
19758,0.04239034652709961
19759,0.06613615900278091
19760,0.06541107594966888
19761,0.027611523866653442
19762,0.010348605923354626
19763,0.023861031979322433
19764,0.04383491724729538
19765,0.031642138957977295
19766,0.01183377020061016
19767,0.018010655418038368
19768,0.033396121114492416
19769,0.038145650178194046
19770,0.01790636219084263
19771,0.017850132659077644
19772,0.04492081329226494
19773,0.05724581703543663
19774,0.0393715538084507
19775,0.010522130876779556
19776,0.04028511792421341
19777,0.08440732955932617
19778,0.07140278071165085
19779,0.026447389274835587
19780,0.020739592611789703
19781,0.08385641872882843
19782,0.10505682229995728
19783,0.052195046097040176
19784,0.016353154554963112
19785,0.061655495315790176
19786,0.11117005348205566
19787,0.06530337035655975
19788,0.015157315880060196
19789,0.046529971063137054
19790,0.0871952623128891
19791,0.05672997236251831
19792,0.01239466480910778
19793,0.03365708142518997
19794,0.06491640210151672
19795,0.04155512899160385
19796,0.010986197739839554
19797,0.023027511313557625
19798,0.04187646508216858
19799,0.02705000340938568
19800,0.010547243990004063
19801,0.01639809086918831
19802,0.023274824023246765
19803,0.01557508297264576
19804,0.009836004115641117
19805,0.014366861432790756
19806,0.01344040036201477
19807,0.008856638334691525
19808,0.009962499141693115
19809,0.013500714674592018
19810,0.010549119673669338
19811,0.008387625217437744
19812,0.011650674976408482
19813,0.01258365623652935
19814,0.010591642931103706
19815,0.010035965591669083
19816,0.013332154601812363
19817,0.01330057717859745
19818,0.010257896967232227
19819,0.010900529101490974
19820,0.014071313664317131
19821,0.014062860980629921
19822,0.009677373804152012
19823,0.009437589906156063
19824,0.01344483345746994
19825,0.013991527259349823
19826,0.010135084390640259
19827,0.007892483845353127
19828,0.010377846658229828
19829,0.012431005015969276
19830,0.010890016332268715
19831,0.008303053677082062
19832,0.008110218681395054
19833,0.009647825732827187
19834,0.009914505295455456
19835,0.008823124691843987
19836,0.007896238006651402
19837,0.008049926720559597
19838,0.008433328941464424
19839,0.008335968479514122
19840,0.008039159700274467
19841,0.007722737267613411
19842,0.007670645602047443
19843,0.007797290571033955
19844,0.007896887138485909
19845,0.00779776182025671
19846,0.007642220705747604
19847,0.0076159220188856125
19848,0.007698412518948317
19849,0.007836505770683289
19850,0.007838401943445206
19851,0.007809898350387812
19852,0.007723608985543251
19853,0.007695823907852173
19854,0.007856404408812523
19855,0.008005132898688316
19856,0.008062961511313915
19857,0.007822060957551003
19858,0.007590475957840681
19859,0.0077384901233017445
19860,0.008074299432337284
19861,0.008226655423641205
19862,0.007878596894443035
19863,0.007502279244363308
19864,0.007591458037495613
19865,0.007993148639798164
19866,0.008216071873903275
19867,0.007883129641413689
19868,0.007474133744835854
19869,0.00751896295696497
19870,0.007906369864940643
19871,0.008143415674567223
19872,0.007859635166823864
19873,0.007466178387403488
19874,0.0074662319384515285
19875,0.007796942722052336
19876,0.008031371980905533
19877,0.007820137776434422
19878,0.007446429692208767
19879,0.0073621380142867565
19880,0.007607895880937576
19881,0.0078591862693429
19882,0.007766942493617535
19883,0.007461695931851864
19884,0.007309008855372667
19885,0.007437854073941708
19886,0.0076689692214131355
19887,0.007691399659961462
19888,0.007487097755074501
19889,0.007301091216504574
19890,0.007309583015739918
19891,0.007482018321752548
19892,0.007585093844681978
19893,0.007494502235203981
19894,0.007316624745726585
19895,0.007223137188702822
19896,0.007308622822165489
19897,0.007449335418641567
19898,0.007486333139240742
19899,0.0074012442491948605
19900,0.007266716565936804
19901,0.007239947561174631
19902,0.007340240757912397
19903,0.007439885754138231
19904,0.00744915334507823
19905,0.007405757904052734
19906,0.007494589313864708
19907,0.007841113023459911
19908,0.008531236089766026
19909,0.009727911092340946
19910,0.011418653652071953
19911,0.014264866709709167
19912,0.019952408969402313
19913,0.030743250623345375
19914,0.05035674571990967
19915,0.0821867436170578
19916,0.12737950682640076
19917,0.17488625645637512
19918,0.1936040222644806
19919,0.15339510142803192
19920,0.06747671961784363
19921,0.013087650761008263
19922,0.026824265718460083
19923,0.07572364807128906
19924,0.10446800291538239
19925,0.07251416891813278
19926,0.028070975095033646
19927,0.01977403461933136
19928,0.04224354028701782
19929,0.05906037986278534
19930,0.04201062396168709
19931,0.020556624978780746
19932,0.02250480279326439
19933,0.037519171833992004
19934,0.039728667587041855
19935,0.02046431228518486
19936,0.013533920980989933
19937,0.028055712580680847
19938,0.037437308579683304
19939,0.02445264160633087
19940,0.009567544795572758
19941,0.01896142028272152
19942,0.033422648906707764
19943,0.030359387397766113
19944,0.01432315818965435
19945,0.009994525462388992
19946,0.02580198273062706
19947,0.03355414420366287
19948,0.020645935088396072
19949,0.008284039795398712
19950,0.01548871211707592
19951,0.028445210307836533
19952,0.0241076722741127
19953,0.010306480340659618
19954,0.010160469450056553
19955,0.020372575148940086
19956,0.02091895043849945
19957,0.012042723596096039
19958,0.008473939262330532
19959,0.014168133959174156
19960,0.016397293657064438
19961,0.011480451561510563
19962,0.008205586113035679
19963,0.01089201495051384
19964,0.01371203176677227
19965,0.0106818787753582
19966,0.007767882198095322
19967,0.009472183883190155
19968,0.01200832612812519
19969,0.010642335750162601
19970,0.007650472689419985
19971,0.008596993051469326
19972,0.011211465112864971
19973,0.010672815144062042
19974,0.008100694045424461
19975,0.007751261815428734
19976,0.009997428394854069
19977,0.010765686631202698
19978,0.008849038742482662
19979,0.007454074919223785
19980,0.008456870913505554
19981,0.009954526089131832
19982,0.00938491616398096
19983,0.007734203711152077
19984,0.007496239617466927
19985,0.008599495515227318
19986,0.009053236804902554
19987,0.008119437843561172
19988,0.007298142649233341
19989,0.007645820267498493
19990,0.008245962671935558
19991,0.008038105443120003
19992,0.007416760548949242
19993,0.007261486724019051
19994,0.007631062995642424
19995,0.00775535823777318
19996,0.007420351728796959
19997,0.007188574876636267
19998,0.0073079392313957214
19999,0.0075264559127390385
20000,0.007407893892377615
20001,0.0071672070771455765
20002,0.007191301789134741
20003,0.0073687066324055195
20004,0.007422722410410643
20005,0.007215925958007574
20006,0.0071260966360569
20007,0.007287662476301193
20008,0.007419116795063019
20009,0.007344337645918131
20010,0.007130130659788847
20011,0.0071637281216681
20012,0.007391816005110741
20013,0.007471361197531223
20014,0.007312741596251726
20015,0.007084629964083433
20016,0.00718275923281908
20017,0.007468692027032375
20018,0.007545799016952515
20019,0.00733606331050396
20020,0.007050737738609314
20021,0.007148245815187693
20022,0.007493540178984404
20023,0.0076317330822348595
20024,0.007422029972076416
20025,0.00704971281811595
20026,0.0070687285624444485
20027,0.007443937472999096
20028,0.007692620158195496
20029,0.007558949291706085
20030,0.0071083479560911655
20031,0.006980235688388348
20032,0.007322276942431927
20033,0.007683867588639259
20034,0.007694985251873732
20035,0.007221787236630917
20036,0.006925116293132305
20037,0.00716108363121748
20038,0.007578145246952772
20039,0.007752528414130211
20040,0.0073340218514204025
20041,0.0069164372980594635
20042,0.0070147523656487465
20043,0.007406696677207947
20044,0.007697070017457008
20045,0.007381489500403404
20046,0.006927849724888802
20047,0.006915286183357239
20048,0.007228155620396137
20049,0.007553386501967907
20050,0.007333933841437101
20051,0.006917659193277359
20052,0.006861061789095402
20053,0.007097905036062002
20054,0.00739641347900033
20055,0.007230217102915049
20056,0.006877935957163572
20057,0.006831571459770203
20058,0.007032572757452726
20059,0.0073008546605706215
20060,0.00714850751683116
20061,0.006836631800979376
20062,0.006811568047851324
20063,0.007007140666246414
20064,0.007267286069691181
20065,0.0071150572039186954
20066,0.0068098013289272785
20067,0.0067866649478673935
20068,0.006982744205743074
20069,0.00726324412971735
20070,0.007128551602363586
20071,0.006811504252254963
20072,0.006757963448762894
20073,0.006915436126291752
20074,0.007174300961196423
20075,0.007085822988301516
20076,0.006868558935821056
20077,0.006939484737813473
20078,0.007319256663322449
20079,0.008054317906498909
20080,0.008736973628401756
20081,0.009832790121436119
20082,0.012583627365529537
20083,0.0184191782027483
20084,0.030137768015265465
20085,0.052922364324331284
20086,0.09442689269781113
20087,0.158371701836586
20088,0.22803568840026855
20089,0.25106993317604065
20090,0.17892396450042725
20091,0.07745172083377838
20092,0.026477448642253876
20093,0.06199111416935921
20094,0.12416809797286987
20095,0.12575514614582062
20096,0.06436984241008759
20097,0.014528421685099602
20098,0.04417205974459648
20099,0.09359176456928253
20100,0.07205867767333984
20101,0.02465527504682541
20102,0.025834064930677414
20103,0.05188024044036865
20104,0.0675567090511322
20105,0.04095442220568657
20106,0.015045659616589546
20107,0.03294137492775917
20108,0.06166551262140274
20109,0.05302321910858154
20110,0.012543907389044762
20111,0.021427083760499954
20112,0.05729339271783829
20113,0.055553264915943146
20114,0.02372966706752777
20115,0.015540136955678463
20116,0.04881126061081886
20117,0.06142698973417282
20118,0.03544361889362335
20119,0.014168603345751762
20120,0.033028166741132736
20121,0.056865911930799484
20122,0.041056130081415176
20123,0.015995744615793228
20124,0.026764504611492157
20125,0.04541105777025223
20126,0.0321151465177536
20127,0.017300810664892197
20128,0.0221581868827343
20129,0.030308622866868973
20130,0.024656083434820175
20131,0.013372515328228474
20132,0.01545812003314495
20133,0.0237647145986557
20134,0.018723055720329285
20135,0.009065971709787846
20136,0.012467495165765285
20137,0.017999406903982162
20138,0.014394152909517288
20139,0.008651606738567352
20140,0.009474143385887146
20141,0.013298789039254189
20142,0.012243981473147869
20143,0.008242682553827763
20144,0.008000034838914871
20145,0.010744720697402954
20146,0.010328568518161774
20147,0.008077789098024368
20148,0.008228183723986149
20149,0.00916188582777977
20150,0.008703304454684258
20151,0.008182726800441742
20152,0.008538272231817245
20153,0.008735236711800098
20154,0.008121587336063385
20155,0.0074987346306443214
20156,0.00826867576688528
20157,0.009075462818145752
20158,0.008210213854908943
20159,0.00712844030931592
20160,0.007549253758043051
20161,0.008599059656262398
20162,0.008436473086476326
20163,0.007469479460269213
20164,0.007148465141654015
20165,0.0076881591230630875
20166,0.008079877123236656
20167,0.007641170173883438
20168,0.0071653141640126705
20169,0.007309383247047663
20170,0.007567513734102249
20171,0.007400848437100649
20172,0.007126101292669773
20173,0.007149862125515938
20174,0.007299952208995819
20175,0.0072616287507116795
20176,0.007036665920168161
20177,0.0069477250799536705
20178,0.007087936159223318
20179,0.007179688196629286
20180,0.00704815611243248
20181,0.0068982853554189205
20182,0.006926039233803749
20183,0.007017030380666256
20184,0.007012858986854553
20185,0.006923457607626915
20186,0.006885101553052664
20187,0.006927821319550276
20188,0.0069575863890349865
20189,0.006907984148710966
20190,0.006839217618107796
20191,0.006860786117613316
20192,0.006922035478055477
20193,0.006923045963048935
20194,0.006857216823846102
20195,0.006796835921704769
20196,0.006816247943788767
20197,0.006873209495097399
20198,0.006886829622089863
20199,0.006839404813945293
20200,0.006779520306736231
20201,0.006779633928090334
20202,0.006817098706960678
20203,0.006829367950558662
20204,0.00680459663271904
20205,0.006763707380741835
20206,0.0067567480728030205
20207,0.006776781752705574
20208,0.00677941320464015
20209,0.006755419075489044
20210,0.006721646059304476
20211,0.006722128950059414
20212,0.006746628787368536
20213,0.006750309839844704
20214,0.00672266585752368
20215,0.006681782193481922
20216,0.006677598226815462
20217,0.006707738619297743
20218,0.006725965533405542
20219,0.006707772612571716
20220,0.006659754551947117
20221,0.00664178654551506
20222,0.006668566260486841
20223,0.00669917743653059
20224,0.006699013523757458
20225,0.0066500576213002205
20226,0.006612441502511501
20227,0.006624450441449881
20228,0.006658881437033415
20229,0.006678192876279354
20230,0.006640165112912655
20231,0.006591606419533491
20232,0.006584940943866968
20233,0.006608379539102316
20234,0.006632637698203325
20235,0.0066092368215322495
20236,0.006566975265741348
20237,0.006554104387760162
20238,0.006567815784364939
20239,0.006589666474610567
20240,0.006573909427970648
20241,0.00653965724632144
20242,0.006527532823383808
20243,0.006535845808684826
20244,0.006553233601152897
20245,0.006540097761899233
20246,0.0065116435289382935
20247,0.00650175753980875
20248,0.006506733130663633
20249,0.006517830304801464
20250,0.0065040430054068565
20251,0.006482160650193691
20252,0.006479146424680948
20253,0.006490417756140232
20254,0.0065085794776678085
20255,0.006494922563433647
20256,0.0064661395736038685
20257,0.006456334143877029
20258,0.006460384000092745
20259,0.006470740772783756
20260,0.006465136539191008
20261,0.0064638652838766575
20262,0.006492701359093189
20263,0.006561554968357086
20264,0.006690504960715771
20265,0.006829111371189356
20266,0.0070229992270469666
20267,0.007440158165991306
20268,0.0082669323310256
20269,0.009866238571703434
20270,0.013011770322918892
20271,0.019099727272987366
20272,0.03070160001516342
20273,0.05138077586889267
20274,0.08504002541303635
20275,0.12345869839191437
20276,0.147934690117836
20277,0.13371658325195312
20278,0.08005330711603165
20279,0.025412896648049355
20280,0.010214371606707573
20281,0.02855002135038376
20282,0.055572040379047394
20283,0.06612254679203033
20284,0.04596637934446335
20285,0.02010849118232727
20286,0.00949852541089058
20287,0.017683520913124084
20288,0.029981987550854683
20289,0.030261415988206863
20290,0.020978696644306183
20291,0.0111444853246212
20292,0.009346742182970047
20293,0.015226896852254868
20294,0.02000460773706436
20295,0.01728089153766632
20296,0.010228981263935566
20297,0.007460535503923893
20298,0.010642757639288902
20299,0.013715539127588272
20300,0.01309958752244711
20301,0.009719123132526875
20302,0.007192417047917843
20303,0.008031719364225864
20304,0.010379218496382236
20305,0.010841437615454197
20306,0.008821469731628895
20307,0.006928860209882259
20308,0.007211212068796158
20309,0.008671041578054428
20310,0.009050481021404266
20311,0.00807303749024868
20312,0.007007577456533909
20313,0.006823933683335781
20314,0.007530125789344311
20315,0.007992204278707504
20316,0.007510267198085785
20317,0.0067940461449325085
20318,0.006641235202550888
20319,0.007028299383819103
20320,0.007257774472236633
20321,0.007008605170994997
20322,0.0066875796765089035
20323,0.006607030052691698
20324,0.006733025889843702
20325,0.006812378764152527
20326,0.00672887172549963
20327,0.006592535879462957
20328,0.00654540816321969
20329,0.006620820611715317
20330,0.006623756606131792
20331,0.0065369452349841595
20332,0.006501697935163975
20333,0.006530112121254206
20334,0.006575621198862791
20335,0.006531609687954187
20336,0.00646885996684432
20337,0.00648206751793623
20338,0.006517947185784578
20339,0.006537980865687132
20340,0.00648881122469902
20341,0.006447868421673775
20342,0.006479279138147831
20343,0.006535565014928579
20344,0.006554290186613798
20345,0.006467644590884447
20346,0.006407951470464468
20347,0.006461947225034237
20348,0.006557882763445377
20349,0.006599309388548136
20350,0.0064841886050999165
20351,0.006379236001521349
20352,0.006415508687496185
20353,0.006528095807880163
20354,0.00661606015637517
20355,0.006515633314847946
20356,0.006369148381054401
20357,0.006357488222420216
20358,0.006449220236390829
20359,0.006559927016496658
20360,0.006496571935713291
20361,0.006354896817356348
20362,0.006319215055555105
20363,0.0063759502954781055
20364,0.006467388942837715
20365,0.006425082217901945
20366,0.006317609921097755
20367,0.00629475386813283
20368,0.006341822911053896
20369,0.006417351774871349
20370,0.006374394986778498
20371,0.0062829856760799885
20372,0.006273611448705196
20373,0.006326321512460709
20374,0.006403041072189808
20375,0.006355363875627518
20376,0.00625916663557291
20377,0.006248436402529478
20378,0.006302586756646633
20379,0.006385482847690582
20380,0.006341356318444014
20381,0.006239915266633034
20382,0.0062201665714383125
20383,0.0062656402587890625
20384,0.006348194554448128
20385,0.006314046680927277
20386,0.006218593567609787
20387,0.006194618064910173
20388,0.0062257517129182816
20389,0.006289915647357702
20390,0.0062583391554653645
20391,0.006186212413012981
20392,0.006184829398989677
20393,0.006241575814783573
20394,0.0063455901108682156
20395,0.006335449870675802
20396,0.0062576779164373875
20397,0.006260301452130079
20398,0.006335651967674494
20399,0.006488117389380932
20400,0.0067402999848127365
20401,0.00730145862326026
20402,0.008461708202958107
20403,0.010725107043981552
20404,0.015095232054591179
20405,0.022305727005004883
20406,0.03479917347431183
20407,0.05691811069846153
20408,0.0919598639011383
20409,0.13506633043289185
20410,0.1649974137544632
20411,0.1521890014410019
20412,0.09587341547012329
20413,0.03690095990896225
20414,0.017408404499292374
20415,0.02863696962594986
20416,0.05386000871658325
20417,0.07899430394172668
20418,0.06780864298343658
20419,0.03777503967285156
20420,0.011857300996780396
20421,0.014816277660429478
20422,0.028061332181096077
20423,0.03124498948454857
20424,0.030858516693115234
20425,0.022659773007035255
20426,0.010080428794026375
20427,0.010225338861346245
20428,0.020575495436787605
20429,0.02168656326830387
20430,0.014360240660607815
20431,0.010687158443033695
20432,0.009730016812682152
20433,0.010358117520809174
20434,0.01403551921248436
20435,0.01359514519572258
20436,0.00855044461786747
20437,0.007056184113025665
20438,0.009798365645110607
20439,0.010866794735193253
20440,0.009718859568238258
20441,0.008862863294780254
20442,0.007702338509261608
20443,0.007605886086821556
20444,0.009427987039089203
20445,0.009505108930170536
20446,0.0073701078072190285
20447,0.006604994647204876
20448,0.007408178877085447
20449,0.007841716520488262
20450,0.007666988298296928
20451,0.007308857049793005
20452,0.0066728899255394936
20453,0.006490255240350962
20454,0.007120311260223389
20455,0.00714794360101223
20456,0.0066091991029679775
20457,0.006567860953509808
20458,0.0068770213983953
20459,0.0071480595506727695
20460,0.007058987393975258
20461,0.0067468201741576195
20462,0.006446550600230694
20463,0.006353835575282574
20464,0.006543164607137442
20465,0.006509619764983654
20466,0.006345870904624462
20467,0.006489853374660015
20468,0.006845502182841301
20469,0.007151301950216293
20470,0.007010456640273333
20471,0.006698133889585733
20472,0.006601586937904358
20473,0.006593351252377033
20474,0.006616341881453991
20475,0.006627188064157963
20476,0.006910903379321098
20477,0.007604483515024185
20478,0.008701060898602009
20479,0.010140243917703629
20480,0.010740398429334164
20481,0.010690582916140556
20482,0.011318041943013668
20483,0.012349068187177181
20484,0.013890470378100872
20485,0.016383696347475052
20486,0.020276371389627457
20487,0.024496108293533325
20488,0.029037917032837868
20489,0.03188200294971466
20490,0.02942543849349022
20491,0.021696409210562706
20492,0.014365117065608501
20493,0.00887977983802557
20494,0.006435968913137913
20495,0.006516958121210337
20496,0.007125988136976957
20497,0.007840970531105995
20498,0.00824353750795126
20499,0.008140480145812035
20500,0.008126834407448769
20501,0.008432704955339432
20502,0.008486133068799973
20503,0.008245844393968582
20504,0.007768368348479271
20505,0.006707894150167704
20506,0.0064400057308375835
20507,0.007475361693650484
20508,0.009086414240300655
20509,0.010494779795408249
20510,0.009646191261708736
20511,0.007510763127356768
20512,0.0063001313246786594
20513,0.0061497921124100685
20514,0.0068160155788064
20515,0.0069761453196406364
20516,0.006452258676290512
20517,0.006167441140860319
20518,0.006134700030088425
20519,0.006280553061515093
20520,0.006150505039840937
20521,0.006099031772464514
20522,0.006461443845182657
20523,0.007024168036878109
20524,0.007563970051705837
20525,0.00698354747146368
20526,0.006132038775831461
20527,0.006110928487032652
20528,0.0067059434950351715
20529,0.007619698531925678
20530,0.007372080814093351
20531,0.0064052012749016285
20532,0.006010757759213448
20533,0.006102581042796373
20534,0.006530431564897299
20535,0.006388333160430193
20536,0.005995000246912241
20537,0.006076313089579344
20538,0.006498686969280243
20539,0.00711833406239748
20540,0.006788663566112518
20541,0.006069671828299761
20542,0.0059813824482262135
20543,0.006366258952766657
20544,0.007070962339639664
20545,0.006856399588286877
20546,0.006124946754425764
20547,0.005927427671849728
20548,0.00613026088103652
20549,0.006621167529374361
20550,0.006425757426768541
20551,0.005945458542555571
20552,0.005991203710436821
20553,0.006431114859879017
20554,0.007183101959526539
20555,0.006960012950003147
20556,0.006166024599224329
20557,0.005893390625715256
20558,0.005983906798064709
20559,0.006345938891172409
20560,0.006178968586027622
20561,0.0058799623511731625
20562,0.00610894663259387
20563,0.006773449946194887
20564,0.0078837089240551
20565,0.00782022811472416
20566,0.006857691332697868
20567,0.006373472046107054
20568,0.006168029271066189
20569,0.0061271293088793755
20570,0.006510588340461254
20571,0.008134860545396805
20572,0.011155118234455585
20573,0.016132093966007233
20574,0.024154726415872574
20575,0.030275270342826843
20576,0.03453199937939644
20577,0.04210566729307175
20578,0.05340876430273056
20579,0.06657593697309494
20580,0.08324373513460159
20581,0.09657080471515656
20582,0.0952521488070488
20583,0.07459559291601181
20584,0.0419904999434948
20585,0.01377414632588625
20586,0.009024097584187984
20587,0.026807617396116257
20588,0.04877283051609993
20589,0.05571195110678673
20590,0.03722674027085304
20591,0.013052718713879585
20592,0.009216219186782837
20593,0.02278149127960205
20594,0.037011828273534775
20595,0.032211896032094955
20596,0.016666041687130928
20597,0.013457361608743668
20598,0.025063546374440193
20599,0.03950650244951248
20600,0.036141056567430496
20601,0.02258843556046486
20602,0.020065542310476303
20603,0.026873616501688957
20604,0.030462348833680153
20605,0.021697919815778732
20606,0.013811072334647179
20607,0.01743452250957489
20608,0.025183215737342834
20609,0.02608962543308735
20610,0.01317597646266222
20611,0.007160041481256485
20612,0.01639416813850403
20613,0.028273457661271095
20614,0.03168182075023651
20615,0.018341248854994774
20616,0.01281069777905941
20617,0.022947264835238457
20618,0.03208314627408981
20619,0.02868722751736641
20620,0.010530500672757626
20621,0.010275515727698803
20622,0.03002903237938881
20623,0.0418008491396904
20624,0.03236103430390358
20625,0.008559650741517544
20626,0.015149714425206184
20627,0.044120900332927704
20628,0.05330182984471321
20629,0.03408525139093399
20630,0.009319531731307507
20631,0.026665233075618744
20632,0.059625979512929916
20633,0.05639922618865967
20634,0.02514760196208954
20635,0.010347360745072365
20636,0.043737709522247314
20637,0.07254233956336975
20638,0.05092494189739227
20639,0.014947423711419106
20640,0.019355136901140213
20641,0.06199931353330612
20642,0.06898517906665802
20643,0.03077506273984909
20644,0.010111154057085514
20645,0.03776513412594795
20646,0.06624606996774673
20647,0.040140390396118164
20648,0.008479462936520576
20649,0.01999659091234207
20650,0.0451011024415493
20651,0.036408908665180206
20652,0.0097881518304348
20653,0.01216491125524044
20654,0.029790345579385757
20655,0.02597486786544323
20656,0.009951729327440262
20657,0.010236740112304688
20658,0.01968706026673317
20659,0.0187611635774374
20660,0.010493041947484016
20661,0.009293454699218273
20662,0.013880286365747452
20663,0.014358680695295334
20664,0.010992096737027168
20665,0.00864467490464449
20666,0.009465902112424374
20667,0.01135607436299324
20668,0.010926196351647377
20669,0.007826338522136211
20670,0.0070626940578222275
20671,0.009410985745489597
20672,0.009953886270523071
20673,0.007286373060196638
20674,0.006191913038492203
20675,0.008155440911650658
20676,0.008652802556753159
20677,0.006728603504598141
20678,0.00605918699875474
20679,0.0074198986403644085
20680,0.007467242889106274
20681,0.006286494433879852
20682,0.006119455676525831
20683,0.006861415691673756
20684,0.006819010712206364
20685,0.006148637738078833
20686,0.0061209541745483875
20687,0.006521518807858229
20688,0.00648902915418148
20689,0.0062047564424574375
20690,0.006077527068555355
20691,0.006242280825972557
20692,0.006460884585976601
20693,0.006373850628733635
20694,0.006093478295952082
20695,0.0059464722871780396
20696,0.006342606153339148
20697,0.0066134692169725895
20698,0.006270748563110828
20699,0.00583988381549716
20700,0.005993848666548729
20701,0.006524982862174511
20702,0.006517348811030388
20703,0.006021035835146904
20704,0.005791846662759781
20705,0.006074691656976938
20706,0.0063986266031861305
20707,0.006282034330070019
20708,0.005929384380578995
20709,0.00580771965906024
20710,0.005992545280605555
20711,0.006206471007317305
20712,0.00613752705976367
20713,0.005877360235899687
20714,0.005760474596172571
20715,0.005915944930166006
20716,0.006128364708274603
20717,0.006171878892928362
20718,0.006156183313578367
20719,0.006397721357643604
20720,0.007038619834929705
20721,0.008100451901555061
20722,0.0098809115588665
20723,0.013184795156121254
20724,0.01962214708328247
20725,0.03142370283603668
20726,0.05245959013700485
20727,0.08834727108478546
20728,0.14247530698776245
20729,0.20532731711864471
20730,0.23993566632270813
20731,0.2044711709022522
20732,0.10668434202671051
20733,0.030378395691514015
20734,0.021000411361455917
20735,0.06513601541519165
20736,0.10798132419586182
20737,0.0877588540315628
20738,0.0350363664329052
20739,0.007770191412419081
20740,0.02891048602759838
20741,0.05657154321670532
20742,0.05035746097564697
20743,0.024212060496211052
20744,0.008436685428023338
20745,0.017163077369332314
20746,0.032735247164964676
20747,0.030849449336528778
20748,0.014358781278133392
20749,0.007120083086192608
20750,0.015001574531197548
20751,0.021288041025400162
20752,0.017159555107355118
20753,0.00978787336498499
20754,0.007421066053211689
20755,0.012132812291383743
20756,0.015228154137730598
20757,0.010550864972174168
20758,0.006411007139831781
20759,0.008110878989100456
20760,0.010983441025018692
20761,0.01002079900354147
20762,0.007062390446662903
20763,0.006702831480652094
20764,0.008309271186590195
20765,0.008762704208493233
20766,0.0075866952538490295
20767,0.006402758881449699
20768,0.006751751992851496
20769,0.00788898952305317
20770,0.007564928382635117
20771,0.006328623741865158
20772,0.006251826882362366
20773,0.007173990830779076
20774,0.007363099604845047
20775,0.006452308036386967
20776,0.006012034136801958
20777,0.00651225820183754
20778,0.006986498832702637
20779,0.006804196629673243
20780,0.006143486592918634
20781,0.005946810357272625
20782,0.0064290957525372505
20783,0.0067875077947974205
20784,0.006528159137815237
20785,0.0059971590526402
20786,0.005956503562629223
20787,0.006325180176645517
20788,0.006501816213130951
20789,0.006350063253194094
20790,0.006031291093677282
20791,0.005912988446652889
20792,0.00608258880674839
20793,0.0062727248296141624
20794,0.006262299604713917
20795,0.006013703532516956
20796,0.005843473132699728
20797,0.0059163677506148815
20798,0.006060032639652491
20799,0.006118353456258774
20800,0.005985059309750795
20801,0.00581137090921402
20802,0.005784998647868633
20803,0.005878109019249678
20804,0.005979291163384914
20805,0.0059157609939575195
20806,0.0057693542912602425
20807,0.0057220919989049435
20808,0.0057724108919501305
20809,0.005850757472217083
20810,0.005826697684824467
20811,0.005741504952311516
20812,0.00570243364199996
20813,0.005716568790376186
20814,0.005763014312833548
20815,0.005753302946686745
20816,0.0057140314020216465
20817,0.005702125374227762
20818,0.005708289798349142
20819,0.005722436588257551
20820,0.005698015913367271
20821,0.0056878081522881985
20822,0.005713196471333504
20823,0.005726428236812353
20824,0.005716606974601746
20825,0.0056649018079042435
20826,0.0056577580980956554
20827,0.00571080669760704
20828,0.005746893584728241
20829,0.005735407583415508
20830,0.005652041174471378
20831,0.005619661882519722
20832,0.005683538503944874
20833,0.005751252640038729
20834,0.005759173072874546
20835,0.00565321184694767
20836,0.005581823643296957
20837,0.005636363290250301
20838,0.005729777738451958
20839,0.005772951990365982
20840,0.005665330216288567
20841,0.005556872114539146
20842,0.005583743564784527
20843,0.0056835925206542015
20844,0.005762745160609484
20845,0.005673854611814022
20846,0.005544895306229591
20847,0.005540162790566683
20848,0.005624149460345507
20849,0.005718103144317865
20850,0.005654183682054281
20851,0.005529784131795168
20852,0.0055095721036195755
20853,0.005571962334215641
20854,0.0056580789387226105
20855,0.005608671344816685
20856,0.005503098480403423
20857,0.005488272290676832
20858,0.005543812643736601
20859,0.005623473320156336
20860,0.005576028488576412
20861,0.005478819366544485
20862,0.0054690660908818245
20863,0.005523132160305977
20864,0.005599458701908588
20865,0.005550394766032696
20866,0.005455655977129936
20867,0.005449574440717697
20868,0.005508940666913986
20869,0.00559605797752738
20870,0.0055496119894087315
20871,0.005444550886750221
20872,0.0054249996319413185
20873,0.0054700421169400215
20874,0.005546178203076124
20875,0.005507259164005518
20876,0.0054224771447479725
20877,0.005421203561127186
20878,0.005493265576660633
20879,0.00562568474560976
20880,0.005634165368974209
20881,0.005570521112531424
20882,0.0056152427569031715
20883,0.005777892656624317
20884,0.006093321368098259
20885,0.006723415106534958
20886,0.008121104910969734
20887,0.010927706956863403
20888,0.016422143206000328
20889,0.026954490691423416
20890,0.04404901713132858
20891,0.07075218111276627
20892,0.10784853994846344
20893,0.14422950148582458
20894,0.15229728817939758
20895,0.11837897449731827
20896,0.05833171308040619
20897,0.0215117447078228
20898,0.017564255744218826
20899,0.03955882415175438
20900,0.0689665824174881
20901,0.07306273281574249
20902,0.05464591830968857
20903,0.021063227206468582
20904,0.009453817270696163
20905,0.019791126251220703
20906,0.02998746559023857
20907,0.03386377543210983
20908,0.026900049299001694
20909,0.014089485630393028
20910,0.006241466850042343
20911,0.01038227416574955
20912,0.018618512898683548
20913,0.019176969304680824
20914,0.012850629165768623
20915,0.007958769798278809
20916,0.0074805328622460365
20917,0.009509646333754063
20918,0.011852122843265533
20919,0.011781340464949608
20920,0.008297149091959
20921,0.005744426976889372
20922,0.006831795442849398
20923,0.009054587222635746
20924,0.009199962019920349
20925,0.007488058414310217
20926,0.006277122534811497
20927,0.006183566991239786
20928,0.00673526618629694
20929,0.007437126711010933
20930,0.00745044369250536
20931,0.006554983556270599
20932,0.005766008980572224
20933,0.005975145846605301
20934,0.006676314398646355
20935,0.006788698025047779
20936,0.0064209019765257835
20937,0.006103526335209608
20938,0.005985695868730545
20939,0.006083598826080561
20940,0.006188787519931793
20941,0.006254247855395079
20942,0.006159485317766666
20943,0.006014379672706127
20944,0.006036854814738035
20945,0.005942278541624546
20946,0.005821702070534229
20947,0.00588911771774292
20948,0.006060280371457338
20949,0.0061403727158904076
20950,0.005820634309202433
20951,0.0055147744715213776
20952,0.005613257177174091
20953,0.00588769419118762
20954,0.006072841119021177
20955,0.005837642587721348
20956,0.00550231384113431
20957,0.005463561974465847
20958,0.005646984092891216
20959,0.005903387442231178
20960,0.0058021885342895985
20961,0.005527602043002844
20962,0.00546648632735014
20963,0.0055983043275773525
20964,0.005813996307551861
20965,0.005691971629858017
20966,0.005445510149002075
20967,0.005447027739137411
20968,0.005619514267891645
20969,0.005836548749357462
20970,0.0056795720010995865
20971,0.005393019411712885
20972,0.005373681429773569
20973,0.005549327470362186
20974,0.005802353378385305
20975,0.005679594352841377
20976,0.005395212210714817
20977,0.005352675449103117
20978,0.005500205792486668
20979,0.005745335016399622
20980,0.005629333667457104
20981,0.005354102235287428
20982,0.005320414900779724
20983,0.005472608841955662
20984,0.005722838919609785
20985,0.00560907693579793
20986,0.005332500208169222
20987,0.0052942135371267796
20988,0.005437062121927738
20989,0.005683444440364838
20990,0.005573485977947712
20991,0.005304545164108276
20992,0.005272098816931248
20993,0.005415687337517738
20994,0.005666520446538925
20995,0.0055609531700611115
20996,0.005288504995405674
20997,0.005246383138000965
20998,0.005377654917538166
20999,0.005626751575618982
21000,0.005532240029424429
21001,0.005266835913062096
21002,0.005220076534897089
21003,0.005336057394742966
21004,0.005570585373789072
21005,0.005482342094182968
21006,0.005237009841948748
21007,0.005203879904001951
21008,0.0053271218203008175
21009,0.005571162328124046
21010,0.005485264118760824
21011,0.005228300113230944
21012,0.005177200771868229
21013,0.005276928655803204
21014,0.0055007850751280785
21015,0.0054253702983260155
21016,0.005195994395762682
21017,0.005160787608474493
21018,0.005266157910227776
21019,0.005494371522217989
21020,0.005420502740889788
21021,0.005185379181057215
21022,0.005138517357409
21023,0.0052263326942920685
21024,0.005439302418380976
21025,0.00537690706551075
21026,0.0051668561063706875
21027,0.005133904051035643
21028,0.005224189255386591
21029,0.0054330225102603436
21030,0.005382372532039881
21031,0.0052106063812971115
21032,0.005235440097749233
21033,0.00543017964810133
21034,0.0058485097251832485
21035,0.006075229961425066
21036,0.006238328758627176
21037,0.006850534584373236
21038,0.008068232797086239
21039,0.010280258022248745
21040,0.014437935315072536
21041,0.02240368351340294
21042,0.03653063625097275
21043,0.05984654277563095
21044,0.09347846359014511
21045,0.12626202404499054
21046,0.13746009767055511
21047,0.11914214491844177
21048,0.071929931640625
21049,0.031049735844135284
21050,0.012539742514491081
21051,0.018309511244297028
21052,0.0382726788520813
21053,0.05712204426527023
21054,0.0647142082452774
21055,0.046569325029850006
21056,0.0245424285531044
21057,0.010346606373786926
21058,0.010708030313253403
21059,0.019643547013401985
21060,0.027310222387313843
21061,0.02834199368953705
21062,0.020271897315979004
21063,0.010482676327228546
21064,0.007804100401699543
21065,0.012678463011980057
21066,0.01846241019666195
21067,0.01815972290933132
21068,0.01243383064866066
21069,0.007900304161012173
21070,0.007974035106599331
21071,0.011326069943606853
21072,0.013765446841716766
21073,0.012293344363570213
21074,0.00843004323542118
21075,0.0056937076151371
21076,0.006406466010957956
21077,0.009227734059095383
21078,0.010793618857860565
21079,0.009477237239480019
21080,0.006541671231389046
21081,0.005300646647810936
21082,0.0068890429101884365
21083,0.009244000539183617
21084,0.010079415515065193
21085,0.008170143701136112
21086,0.005799353122711182
21087,0.005462347529828548
21088,0.006657398771494627
21089,0.00795486755669117
21090,0.007483367342501879
21091,0.0059510525315999985
21092,0.005262221675366163
21093,0.005700767505913973
21094,0.006732246372848749
21095,0.006681621074676514
21096,0.005794447846710682
21097,0.0053890543058514595
21098,0.005714778788387775
21099,0.006600093562155962
21100,0.0064893621020019054
21101,0.005610329564660788
21102,0.005203079432249069
21103,0.005295101087540388
21104,0.005769432056695223
21105,0.005644334480166435
21106,0.0051872567273676395
21107,0.005180591717362404
21108,0.005516226403415203
21109,0.006076359190046787
21110,0.005829833447933197
21111,0.0052368901669979095
21112,0.005174420773983002
21113,0.005447959527373314
21114,0.005919815041124821
21115,0.005656357854604721
21116,0.00515211233869195
21117,0.005215595941990614
21118,0.005628426559269428
21119,0.006233299616724253
21120,0.005921533796936274
21121,0.005211127456277609
21122,0.005106204655021429
21123,0.005418739747256041
21124,0.005990293808281422
21125,0.005763206165283918
21126,0.005162437912076712
21127,0.005103352479636669
21128,0.005477886646986008
21129,0.006227051839232445
21130,0.0060935113579034805
21131,0.005356065463274717
21132,0.0050642527639865875
21133,0.00506451865658164
21134,0.005279149394482374
21135,0.005148738157004118
21136,0.005147549789398909
21137,0.005775785073637962
21138,0.0070687029510736465
21139,0.009281323291361332
21140,0.010168222710490227
21141,0.009652216918766499
21142,0.010159751400351524
21143,0.011552328243851662
21144,0.014288835227489471
21145,0.02119976282119751
21146,0.035257622599601746
21147,0.05551103875041008
21148,0.08319488167762756
21149,0.10971584171056747
21150,0.11201617121696472
21151,0.076475590467453
21152,0.03708289563655853
21153,0.010990327224135399
21154,0.009149957448244095
21155,0.018862202763557434
21156,0.020792201161384583
21157,0.016872383654117584
21158,0.01051954086869955
21159,0.006262751761823893
21160,0.006025309208780527
21161,0.007966583594679832
21162,0.011267492547631264
21163,0.015096173621714115
21164,0.019008833914995193
21165,0.019691290333867073
21166,0.019428366795182228
21167,0.01895933225750923
21168,0.016214430332183838
21169,0.011344830505549908
21170,0.006173056550323963
21171,0.007605832535773516
21172,0.014317463152110577
21173,0.019689073786139488
21174,0.01900157704949379
21175,0.010654114186763763
21176,0.007273722905665636
21177,0.013596268370747566
21178,0.02237042784690857
21179,0.02597837708890438
21180,0.01670835167169571
21181,0.008197576738893986
21182,0.010539467446506023
21183,0.01822749525308609
21184,0.024472763761878014
21185,0.01836271770298481
21186,0.010161075741052628
21187,0.010433368384838104
21188,0.01550698559731245
21189,0.02118436060845852
21190,0.01618943177163601
21191,0.009655593894422054
21192,0.011179707944393158
21193,0.01751885935664177
21194,0.02373635023832321
21195,0.016078757122159004
21196,0.008090388029813766
21197,0.012382572516798973
21198,0.023427613079547882
21199,0.03144266456365585
21200,0.018062684684991837
21201,0.006251213140785694
21202,0.015001474879682064
21203,0.031589239835739136
21204,0.03972209617495537
21205,0.019113969057798386
21206,0.006086995825171471
21207,0.022306837141513824
21208,0.042338572442531586
21209,0.045763272792100906
21210,0.018018387258052826
21211,0.009841673076152802
21212,0.03621499240398407
21213,0.056455887854099274
21214,0.050961606204509735
21215,0.019344385713338852
21216,0.020379845052957535
21217,0.05514456704258919
21218,0.07166656106710434
21219,0.0537375807762146
21220,0.021424900740385056
21221,0.03554028645157814
21222,0.07814942300319672
21223,0.08725535869598389
21224,0.043829526752233505
21225,0.01801358535885811
21226,0.06987124681472778
21227,0.10606160014867783
21228,0.06980942189693451
21229,0.012385902926325798
21230,0.05225162208080292
21231,0.122274249792099
21232,0.07500540465116501
21233,0.012729186564683914
21234,0.0426107719540596
21235,0.08785589784383774
21236,0.06343419849872589
21237,0.02336159721016884
21238,0.03880015015602112
21239,0.053012944757938385
21240,0.04400893300771713
21241,0.029585089534521103
21242,0.02599995769560337
21243,0.02106301859021187
21244,0.03082543984055519
21245,0.029357295483350754
21246,0.008402924984693527
21247,0.016856951639056206
21248,0.0275820791721344
21249,0.00966104120016098
21250,0.010649515315890312
21251,0.018804898485541344
21252,0.009273919276893139
21253,0.00890185497701168
21254,0.014458930119872093
21255,0.007744594477117062
21256,0.00711839459836483
21257,0.011640336364507675
21258,0.0069046118296682835
21259,0.0078367805108428
21260,0.010002361610531807
21261,0.006216919049620628
21262,0.007582738064229488
21263,0.009122572839260101
21264,0.006176603492349386
21265,0.007835984230041504
21266,0.008907276205718517
21267,0.006109081674367189
21268,0.006626136135309935
21269,0.007427711505442858
21270,0.007071733474731445
21271,0.007843205705285072
21272,0.0064582438208162785
21273,0.005166985094547272
21274,0.007077083922922611
21275,0.007381870411336422
21276,0.006017258856445551
21277,0.005808666814118624
21278,0.005784064065665007
21279,0.006070452742278576
21280,0.006536572240293026
21281,0.005511966533958912
21282,0.005049368366599083
21283,0.005864095874130726
21284,0.005783748812973499
21285,0.005436483304947615
21286,0.005324732977896929
21287,0.005087250377982855
21288,0.005316889379173517
21289,0.00553919980302453
21290,0.005159037187695503
21291,0.0050026117824018
21292,0.0051243058405816555
21293,0.005068729631602764
21294,0.00511088315397501
21295,0.005124794784933329
21296,0.004927102476358414
21297,0.004935667850077152
21298,0.005010743625462055
21299,0.004949038382619619
21300,0.004957491531968117
21301,0.004952953662723303
21302,0.004875812213867903
21303,0.004897077102214098
21304,0.00495696859434247
21305,0.004919684492051601
21306,0.004914264660328627
21307,0.00489722890779376
21308,0.0048415279015898705
21309,0.004882181063294411
21310,0.004927995149046183
21311,0.004904181230813265
21312,0.004868731368333101
21313,0.004832810256630182
21314,0.004836008884012699
21315,0.004883351270109415
21316,0.00490688718855381
21317,0.004852641839534044
21318,0.004802358336746693
21319,0.004830967169255018
21320,0.004871129058301449
21321,0.004886810202151537
21322,0.00484334584325552
21323,0.004774953238666058
21324,0.0047812024131417274
21325,0.004832056816667318
21326,0.004854194354265928
21327,0.004822061397135258
21328,0.004782216157764196
21329,0.004802033305168152
21330,0.0048506418243050575
21331,0.004879478365182877
21332,0.004860433749854565
21333,0.004830766003578901
21334,0.004869465716183186
21335,0.004995980300009251
21336,0.005218145437538624
21337,0.005556880030781031
21338,0.006152867339551449
21339,0.007253425661474466
21340,0.009039445780217648
21341,0.011944499798119068
21342,0.01715165749192238
21343,0.026045992970466614
21344,0.04108051583170891
21345,0.061649903655052185
21346,0.08745168149471283
21347,0.10946653038263321
21348,0.11636333167552948
21349,0.09555743634700775
21350,0.054351434111595154
21351,0.01697329804301262
21352,0.0067718904465436935
21353,0.022593650966882706
21354,0.045180752873420715
21355,0.05322425439953804
21356,0.037868306040763855
21357,0.016985487192869186
21358,0.005840490572154522
21359,0.009807176887989044
21360,0.02107282727956772
21361,0.026715144515037537
21362,0.022272590547800064
21363,0.012510064989328384
21364,0.005984559189528227
21365,0.006137451622635126
21366,0.010592207312583923
21367,0.014200212433934212
21368,0.012665357440710068
21369,0.008531608618795872
21370,0.0058297570794820786
21371,0.005917651578783989
21372,0.007487922441214323
21373,0.008566347882151604
21374,0.008066543377935886
21375,0.006916189566254616
21376,0.0062986984848976135
21377,0.005997193045914173
21378,0.005891163367778063
21379,0.006126463413238525
21380,0.006556068547070026
21381,0.006722950376570225
21382,0.006225022487342358
21383,0.0054211909882724285
21384,0.004989246837794781
21385,0.005365600343793631
21386,0.006110910326242447
21387,0.006302952766418457
21388,0.005783234257251024
21389,0.005099748261272907
21390,0.004831904079765081
21391,0.005144630558788776
21392,0.005606002639979124
21393,0.005722240544855595
21394,0.005436717998236418
21395,0.00504978746175766
21396,0.0048864916898310184
21397,0.004990468267351389
21398,0.005179394967854023
21399,0.005270286928862333
21400,0.005170614458620548
21401,0.005012967623770237
21402,0.004917738027870655
21403,0.004875564482063055
21404,0.004888518713414669
21405,0.004909825511276722
21406,0.004927579779177904
21407,0.004936219193041325
21408,0.004889209754765034
21409,0.004801297560334206
21410,0.004731934983283281
21411,0.004743040073662996
21412,0.004806244745850563
21413,0.00483744079247117
21414,0.00480293482542038
21415,0.004736813250929117
21416,0.00472560990601778
21417,0.004772115033119917
21418,0.004810487851500511
21419,0.0047919973731040955
21420,0.004715931136161089
21421,0.004687569569796324
21422,0.004740280099213123
21423,0.004810035228729248
21424,0.004832240287214518
21425,0.004754188004881144
21426,0.004675921052694321
21427,0.0046815876848995686
21428,0.004732760600745678
21429,0.004769414197653532
21430,0.0047217016108334064
21431,0.004660110455006361
21432,0.004663373809307814
21433,0.004702090751379728
21434,0.004726888611912727
21435,0.00467955507338047
21436,0.004628151189535856
21437,0.004640405997633934
21438,0.004688668996095657
21439,0.004723916761577129
21440,0.004673285409808159
21441,0.004611603450030088
21442,0.00461964076384902
21443,0.004671757109463215
21444,0.004720563068985939
21445,0.0046754200011491776
21446,0.004604013171046972
21447,0.004599115811288357
21448,0.004638661630451679
21449,0.004679530393332243
21450,0.00463847117498517
21451,0.004578379448503256
21452,0.004582412540912628
21453,0.004630246665328741
21454,0.004681501537561417
21455,0.0046387542970478535
21456,0.004566851072013378
21457,0.004561221227049828
21458,0.004602848552167416
21459,0.004653936251997948
21460,0.00461612269282341
21461,0.0045483894646167755
21462,0.00454397639259696
21463,0.00458637997508049
21464,0.004642183892428875
21465,0.004606683272868395
21466,0.004535484127700329
21467,0.004525520373135805
21468,0.004561299458146095
21469,0.004612927325069904
21470,0.004580182023346424
21471,0.0045161438174545765
21472,0.00451199384406209
21473,0.004554688464850187
21474,0.004620321094989777
21475,0.0045939357951283455
21476,0.004521639086306095
21477,0.004506573546677828
21478,0.004532739985734224
21479,0.004575185477733612
21480,0.0045716725289821625
21481,0.004594606347382069
21482,0.00472929747775197
21483,0.005020043347030878
21484,0.005546203814446926
21485,0.006165926344692707
21486,0.007046072278171778
21487,0.008909916505217552
21488,0.012412618845701218
21489,0.019066035747528076
21490,0.030719133093953133
21491,0.051516517996788025
21492,0.08164367079734802
21493,0.12313247472047806
21494,0.15540334582328796
21495,0.16083702445030212
21496,0.1181500107049942
21497,0.06008535623550415
21498,0.020014526322484016
21499,0.019224761053919792
21500,0.038525670766830444
21501,0.053852662444114685
21502,0.05758674070239067
21503,0.04130398482084274
21504,0.02352263778448105
21505,0.011849835515022278
21506,0.010722283273935318
21507,0.01861593872308731
21508,0.025705985724925995
21509,0.02499116212129593
21510,0.015284497290849686
21511,0.006351938471198082
21512,0.006694981828331947
21513,0.012746866792440414
21514,0.01665281318128109
21515,0.01381776761263609
21516,0.010444565676152706
21517,0.010083413682878017
21518,0.012229273095726967
21519,0.013304339721798897
21520,0.009800722822546959
21521,0.009614882990717888
21522,0.014321784488856792
21523,0.017401669174432755
21524,0.014482247643172741
21525,0.006821170914918184
21526,0.007829281501471996
21527,0.01672937162220478
21528,0.021926237270236015
21529,0.017613841220736504
21530,0.007240140810608864
21531,0.006856249645352364
21532,0.017365626990795135
21533,0.024839814752340317
21534,0.02014334872364998
21535,0.00793490931391716
21536,0.007978122681379318
21537,0.01951979100704193
21538,0.026257673278450966
21539,0.020101265981793404
21540,0.008252624422311783
21541,0.010948022827506065
21542,0.023454837501049042
21543,0.02756122313439846
21544,0.01869094744324684
21545,0.007806614972651005
21546,0.015024509280920029
21547,0.028648648411035538
21548,0.028298543766140938
21549,0.01578245684504509
21550,0.008264274336397648
21551,0.020303543657064438
21552,0.03215622529387474
21553,0.026014380156993866
21554,0.011911613866686821
21555,0.010340585373342037
21556,0.02569119818508625
21557,0.03212912008166313
21558,0.020198404788970947
21559,0.00809386745095253
21560,0.013997792266309261
21561,0.02911294810473919
21562,0.027387287467718124
21563,0.012297451496124268
21564,0.0067197177559137344
21565,0.01784120500087738
21566,0.027139287441968918
21567,0.018625415861606598
21568,0.006428221240639687
21569,0.008327244780957699
21570,0.0186210498213768
21571,0.019900251179933548
21572,0.010283898562192917
21573,0.004759694915264845
21574,0.010204839520156384
21575,0.015444885939359665
21576,0.011895550414919853
21577,0.005672764964401722
21578,0.0057678245939314365
21579,0.010359277948737144
21580,0.010626391507685184
21581,0.006548435427248478
21582,0.004750740248709917
21583,0.007118466775864363
21584,0.008924806490540504
21585,0.006848307326436043
21586,0.004686908330768347
21587,0.005568200256675482
21588,0.007404334843158722
21589,0.007056098897010088
21590,0.005097542889416218
21591,0.004860354587435722
21592,0.006392503157258034
21593,0.006959683261811733
21594,0.005748175084590912
21595,0.004604550544172525
21596,0.0054105534218251705
21597,0.006724225357174873
21598,0.006406386382877827
21599,0.005049936939030886
21600,0.004587002098560333
21601,0.0057554650120437145
21602,0.006645383313298225
21603,0.005894184578210115
21604,0.0047167763113975525
21605,0.004666291642934084
21606,0.005801493301987648
21607,0.006325326394289732
21608,0.00551341287791729
21609,0.0045850928872823715
21610,0.004681388381868601
21611,0.005611960776150227
21612,0.00594356982037425
21613,0.005264889448881149
21614,0.004531048703938723
21615,0.0046108257956802845
21616,0.005316801369190216
21617,0.0055832937359809875
21618,0.005096518900245428
21619,0.004514468368142843
21620,0.0045182229951024055
21621,0.005011341068893671
21622,0.005260382778942585
21623,0.004964133724570274
21624,0.004518171306699514
21625,0.004437817260622978
21626,0.004748136270791292
21627,0.004986933432519436
21628,0.004856272134929895
21629,0.00453582126647234
21630,0.00439237616956234
21631,0.004551995545625687
21632,0.004763565957546234
21633,0.004755144007503986
21634,0.004552318714559078
21635,0.004383547697216272
21636,0.004428121726959944
21637,0.004589814692735672
21638,0.004654149990528822
21639,0.004554890561848879
21640,0.004397484008222818
21641,0.004364128224551678
21642,0.004464903846383095
21643,0.004557006061077118
21644,0.004537074826657772
21645,0.004415967036038637
21646,0.004342109430581331
21647,0.004386516287922859
21648,0.004473856650292873
21649,0.004506179131567478
21650,0.004430892411619425
21651,0.004351932555437088
21652,0.004364054184406996
21653,0.004438190720975399
21654,0.004503965377807617
21655,0.004508437123149633
21656,0.00452555064111948
21657,0.004660196136683226
21658,0.004962524399161339
21659,0.00549484696239233
21660,0.006220436654984951
21661,0.007457636296749115
21662,0.009766655042767525
21663,0.014103255234658718
21664,0.021494243294000626
21665,0.033741872757673264
21666,0.05088186264038086
21667,0.0746045708656311
21668,0.09616070240736008
21669,0.10642135143280029
21670,0.0910419449210167
21671,0.05656439810991287
21672,0.023338716477155685
21673,0.010544730350375175
21674,0.01740202307701111
21675,0.029026146978139877
21676,0.03589511662721634
21677,0.03559929504990578
21678,0.030885975807905197
21679,0.01987505704164505
21680,0.011305693536996841
21681,0.008082660846412182
21682,0.010580483824014664
21683,0.015393365174531937
21684,0.018100231885910034
21685,0.016878699883818626
21686,0.011531384661793709
21687,0.006221248768270016
21688,0.004939074162393808
21689,0.007595598232001066
21690,0.01014978252351284
21691,0.010822951793670654
21692,0.010064450092613697
21693,0.00848560780286789
21694,0.006985566578805447
21695,0.005402407143265009
21696,0.006044191308319569
21697,0.008752206340432167
21698,0.010602854192256927
21699,0.010260081849992275
21700,0.006735377013683319
21701,0.004544215742498636
21702,0.0059058633632957935
21703,0.0087405601516366
21704,0.010621369816362858
21705,0.008417845703661442
21706,0.005826751701533794
21707,0.005938212387263775
21708,0.00760215288028121
21709,0.00895112007856369
21710,0.007148392498493195
21711,0.005598591174930334
21712,0.006738562136888504
21713,0.008614065125584602
21714,0.009215517900884151
21715,0.0063767870888113976
21716,0.004670827649533749
21717,0.0066666631028056145
21718,0.009592950344085693
21719,0.010590883903205395
21720,0.006937797646969557
21721,0.004478492774069309
21722,0.006710725370794535
21723,0.010526450350880623
21724,0.012273159809410572
21725,0.00786297395825386
21726,0.0044608693569898605
21727,0.0068274205550551414
21728,0.011445061303675175
21729,0.01383928395807743
21730,0.00865658838301897
21731,0.004520686808973551
21732,0.0072008343413472176
21733,0.012380233034491539
21734,0.01482345163822174
21735,0.008820157498121262
21736,0.004624826367944479
21737,0.00834040530025959
21738,0.014169847592711449
21739,0.016101710498332977
21740,0.008722135797142982
21741,0.004658711142838001
21742,0.010069865733385086
21743,0.017024466767907143
21744,0.018364882096648216
21745,0.008959132246673107
21746,0.004852154292166233
21747,0.012407016009092331
21748,0.020847268402576447
21749,0.021406546235084534
21750,0.009387440048158169
21751,0.005403275601565838
21752,0.015743233263492584
21753,0.02558598667383194
21754,0.024313976988196373
21755,0.00919315405189991
21756,0.0066453684121370316
21757,0.02106907218694687
21758,0.0316740944981575
21759,0.026592563837766647
21760,0.008122875355184078
21761,0.009474492631852627
21762,0.0293622724711895
21763,0.03875865787267685
21764,0.027067892253398895
21765,0.006481357850134373
21766,0.01567992940545082
21767,0.041114576160907745
21768,0.04447653144598007
21769,0.0232076533138752
21770,0.005609397776424885
21771,0.02751542441546917
21772,0.054320529103279114
21773,0.04370397329330444
21774,0.014071520417928696
21775,0.00984981283545494
21776,0.044192392379045486
21777,0.06021035462617874
21778,0.030968166887760162
21779,0.0057531860657036304
21780,0.023304633796215057
21781,0.05493690446019173
21782,0.04652711749076843
21783,0.011736017651855946
21784,0.009955329820513725
21785,0.0377093106508255
21786,0.044399019330739975
21787,0.019159860908985138
21788,0.005177571903914213
21789,0.02321256883442402
21790,0.03437722474336624
21791,0.019407540559768677
21792,0.005054584238678217
21793,0.014077967032790184
21794,0.024618467316031456
21795,0.01620486192405224
21796,0.0054984004236757755
21797,0.00956587865948677
21798,0.017938710749149323
21799,0.013214769773185253
21800,0.0054549891501665115
21801,0.007349324878305197
21802,0.013310018926858902
21803,0.011247708462178707
21804,0.005383469630032778
21805,0.005925367586314678
21806,0.009712888859212399
21807,0.009234595112502575
21808,0.005347938276827335
21809,0.0050821127369999886
21810,0.007342200260609388
21811,0.0072179073467850685
21812,0.005110887810587883
21813,0.00469580851495266
21814,0.006089465692639351
21815,0.005995720624923706
21816,0.004728058818727732
21817,0.004599626176059246
21818,0.005490819923579693
21819,0.005507013760507107
21820,0.004605173133313656
21821,0.004589025862514973
21822,0.005316197406500578
21823,0.00530348252505064
21824,0.004588926210999489
21825,0.004465138539671898
21826,0.005169379059225321
21827,0.005362675059586763
21828,0.0047494033351540565
21829,0.004453788045793772
21830,0.004855410661548376
21831,0.0052543627098202705
21832,0.00494562741369009
21833,0.004513160325586796
21834,0.004593210760504007
21835,0.004845085553824902
21836,0.004875468090176582
21837,0.004714172799140215
21838,0.004782756790518761
21839,0.005042471922934055
21840,0.005147961433976889
21841,0.005267021711915731
21842,0.00568013358861208
21843,0.006451581604778767
21844,0.007511741481721401
21845,0.00931478664278984
21846,0.01268315501511097
21847,0.01879163272678852
21848,0.0279327854514122
21849,0.04224483668804169
21850,0.05791670083999634
21851,0.07436001300811768
21852,0.08594046533107758
21853,0.08538869768381119
21854,0.06706834584474564
21855,0.03911125659942627
21856,0.017187511548399925
21857,0.01104193739593029
21858,0.013276893645524979
21859,0.017657557502388954
21860,0.024659426882863045
21861,0.03008723258972168
21862,0.031056609004735947
21863,0.019571969285607338
21864,0.010155306197702885
21865,0.007242406718432903
21866,0.008359583094716072
21867,0.01051093265414238
21868,0.01374477706849575
21869,0.016999147832393646
21870,0.015185841359198093
21871,0.009796803817152977
21872,0.006187579594552517
21873,0.005899693351238966
21874,0.006555303931236267
21875,0.007186618633568287
21876,0.008412860333919525
21877,0.008953065611422062
21878,0.0075938026420772076
21879,0.005321606993675232
21880,0.0046244291588664055
21881,0.005480893887579441
21882,0.0060053737834095955
21883,0.005987543612718582
21884,0.005953446961939335
21885,0.0059495959430933
21886,0.00574187096208334
21887,0.005431924946606159
21888,0.005336744245141745
21889,0.005160737782716751
21890,0.004712854046374559
21891,0.00481185270473361
21892,0.0055840336717665195
21893,0.006060667801648378
21894,0.005669833160936832
21895,0.004719231743365526
21896,0.004475101362913847
21897,0.004960594233125448
21898,0.005305005237460136
21899,0.0051859659142792225
21900,0.00475698197260499
21901,0.004720337223261595
21902,0.00507719861343503
21903,0.005209923256188631
21904,0.004905315116047859
21905,0.004357199650257826
21906,0.004319667350500822
21907,0.004831748083233833
21908,0.005195442121475935
21909,0.005003493744879961
21910,0.004390588495880365
21911,0.004317017737776041
21912,0.0048911189660429955
21913,0.005372005049139261
21914,0.005287664011120796
21915,0.004586554132401943
21916,0.004309558309614658
21917,0.0047376519069075584
21918,0.005202922970056534
21919,0.0052094534039497375
21920,0.004592363256961107
21921,0.004298670683056116
21922,0.004684610292315483
21923,0.005175963044166565
21924,0.005237925332039595
21925,0.004613175056874752
21926,0.004259906709194183
21927,0.004634251352399588
21928,0.005229203030467033
21929,0.005452604964375496
21930,0.004804936703294516
21931,0.0042805904522538185
21932,0.004533786792308092
21933,0.005110315978527069
21934,0.005367137026041746
21935,0.0047499043866992
21936,0.004224254284054041
21937,0.004490026738494635
21938,0.005136564373970032
21939,0.0055080498568713665
21940,0.004884365014731884
21941,0.00425603985786438
21942,0.004440495278686285
21943,0.005049102008342743
21944,0.005413105711340904
21945,0.0048126340843737125
21946,0.004225588403642178
21947,0.004469634965062141
21948,0.0051920111291110516
21949,0.005753529258072376
21950,0.005178943742066622
21951,0.004475088324397802
21952,0.004618106409907341
21953,0.005252251401543617
21954,0.005701484624296427
21955,0.005358521826565266
21956,0.005340649280697107
21957,0.006541744340211153
21958,0.008874567225575447
21959,0.012351546436548233
21960,0.014635175466537476
21961,0.01797667145729065
21962,0.02365874871611595
21963,0.03322784975171089
21964,0.044145770370960236
21965,0.05748557299375534
21966,0.06857571750879288
21967,0.07546590268611908
21968,0.06896967440843582
21969,0.05464618653059006
21970,0.030451323837041855
21971,0.012917477637529373
21972,0.006987402215600014
21973,0.012090159580111504
21974,0.022712014615535736
21975,0.027997512370347977
21976,0.02869194746017456
21977,0.02535577118396759
21978,0.0205993689596653
21979,0.014629225246608257
21980,0.007785089313983917
21981,0.004731579218059778
21982,0.007852253504097462
21983,0.013117790222167969
21984,0.015128232538700104
21985,0.011854884214699268
21986,0.009413057938218117
21987,0.010867340490221977
21988,0.01280556432902813
21989,0.011903921142220497
21990,0.006404248997569084
21991,0.005036822985857725
21992,0.010198285803198814
21993,0.015341628342866898
21994,0.016011111438274384
21995,0.00965416431427002
21996,0.006588061340153217
21997,0.009669870138168335
21998,0.012409990653395653
21999,0.011399807408452034
22000,0.006742087192833424
22001,0.007338021881878376
22002,0.012769445776939392
22003,0.014792639762163162
22004,0.010890552774071693
22005,0.0048779272474348545
22006,0.006945563480257988
22007,0.014387691393494606
22008,0.01694459095597267
22009,0.01217203214764595
22010,0.004989278968423605
22011,0.00769327487796545
22012,0.016562920063734055
22013,0.01929868943989277
22014,0.013623678125441074
22015,0.005903780926018953
22016,0.00950879417359829
22017,0.01890397071838379
22018,0.02017795667052269
22019,0.012116644531488419
22020,0.0045904493890702724
22021,0.01071020308881998
22022,0.021395426243543625
22023,0.021246738731861115
22024,0.011310458183288574
22025,0.004375371616333723
22026,0.012664217501878738
22027,0.023544080555438995
22028,0.02127068117260933
22029,0.010275984182953835
22030,0.0051469639874994755
22031,0.015268773771822453
22032,0.024744540452957153
22033,0.01947982981801033
22034,0.007843069732189178
22035,0.0054395501501858234
22036,0.016877178102731705
22037,0.0242287740111351
22038,0.016996484249830246
22039,0.006982774473726749
22040,0.007348218001425266
22041,0.018010269850492477
22042,0.021947287023067474
22043,0.01354219764471054
22044,0.0055802431888878345
22045,0.007930154912173748
22046,0.016759736463427544
22047,0.01834985613822937
22048,0.011222686618566513
22049,0.006827230099588633
22050,0.010124803520739079
22051,0.01630180887877941
22052,0.016091259196400642
22053,0.010865468531847
22054,0.008852832950651646
22055,0.012568431906402111
22056,0.017364170402288437
22057,0.01899970881640911
22058,0.018395081162452698
22059,0.02121792361140251
22060,0.02519170194864273
22061,0.02818050980567932
22062,0.02749374508857727
22063,0.02397851273417473
22064,0.019720755517482758
22065,0.0155815863981843
22066,0.011742006987333298
22067,0.008970357477664948
22068,0.006809239741414785
22069,0.005686258897185326
22070,0.005837652832269669
22071,0.007404939271509647
22072,0.009410620667040348
22073,0.009845102205872536
22074,0.00942227616906166
22075,0.008824040181934834
22076,0.008727187290787697
22077,0.00807834044098854
22078,0.0063887061551213264
22079,0.0047862473875284195
22080,0.0044446368701756
22081,0.004959280136972666
22082,0.005160215310752392
22083,0.00486754858866334
22084,0.004823766648769379
22085,0.005346996709704399
22086,0.005757252220064402
22087,0.005617761984467506
22088,0.005141395144164562
22089,0.004976281896233559
22090,0.005064112134277821
22091,0.004956930875778198
22092,0.004539963323622942
22093,0.00421717157587409
22094,0.004243542905896902
22095,0.00438909325748682
22096,0.0043417904525995255
22097,0.004153253044933081
22098,0.004095048643648624
22099,0.004216208588331938
22100,0.0043141585774719715
22101,0.0042747813276946545
22102,0.0042097680270671844
22103,0.004249666817486286
22104,0.004353961441665888
22105,0.004386719316244125
22106,0.004346079658716917
22107,0.00434823427349329
22108,0.00445872638374567
22109,0.00460974732413888
22110,0.004716109484434128
22111,0.004796970635652542
22112,0.004998474847525358
22113,0.005356369074434042
22114,0.005878489464521408
22115,0.006510185077786446
22116,0.007377391215413809
22117,0.00863532442599535
22118,0.010625431314110756
22119,0.013290343806147575
22120,0.017035240307450294
22121,0.021203693002462387
22122,0.02735566347837448
22123,0.03365320339798927
22124,0.04133918136358261
22125,0.04597669094800949
22126,0.048578906804323196
22127,0.045715704560279846
22128,0.03931482136249542
22129,0.028728391975164413
22130,0.018024282529950142
22131,0.009307187050580978
22132,0.004869198892265558
22133,0.004695093259215355
22134,0.007674857508391142
22135,0.011992445215582848
22136,0.015738800168037415
22137,0.018265988677740097
22138,0.01821836829185486
22139,0.016737278550863266
22140,0.013413015753030777
22141,0.009817114099860191
22142,0.006627232767641544
22143,0.004651264753192663
22144,0.00415346072986722
22145,0.004888708237558603
22146,0.006174479611217976
22147,0.007365215569734573
22148,0.008043171837925911
22149,0.00795738585293293
22150,0.00730589684098959
22151,0.006286990828812122
22152,0.0052943662740290165
22153,0.0045266528613865376
22154,0.00411996990442276
22155,0.004066755995154381
22156,0.004278934560716152
22157,0.004641885403543711
22158,0.005022916942834854
22159,0.005336611997336149
22160,0.005479182582348585
22161,0.005467181093990803
22162,0.005317054223269224
22163,0.005096079781651497
22164,0.004829781129956245
22165,0.004565843380987644
22166,0.004328980576246977
22167,0.004152111709117889
22168,0.004039268009364605
22169,0.003987325355410576
22170,0.003984987270087004
22171,0.004015588201582432
22172,0.0040666828863322735
22173,0.004129011183977127
22174,0.004197361879050732
22175,0.004263304639607668
22176,0.0043298774398863316
22177,0.00440026493743062
22178,0.004483960568904877
22179,0.004579151049256325
22180,0.0046767620369791985
22181,0.004774502478539944
22182,0.004919516388326883
22183,0.005106419790536165
22184,0.0053752087987959385
22185,0.005688353907316923
22186,0.006115348543971777
22187,0.006669196300208569
22188,0.007484683766961098
22189,0.008524960838258266
22190,0.009875603951513767
22191,0.011370357125997543
22192,0.013599542900919914
22193,0.016170166432857513
22194,0.01978762447834015
22195,0.02305518463253975
22196,0.026924852281808853
22197,0.02988380752503872
22198,0.03303494304418564
22199,0.03397960588335991
22200,0.03349269554018974
22201,0.02994443289935589
22202,0.025220882147550583
22203,0.01918804459273815
22204,0.013429833576083183
22205,0.00860624946653843
22206,0.005471647717058659
22207,0.004144974052906036
22208,0.004472562577575445
22209,0.005973586812615395
22210,0.008018978871405125
22211,0.010093672201037407
22212,0.011691806837916374
22213,0.012941589578986168
22214,0.013359129428863525
22215,0.013316020369529724
22216,0.012155357748270035
22217,0.010910173878073692
22218,0.0091755585744977
22219,0.007581599522382021
22220,0.006140528712421656
22221,0.005131201818585396
22222,0.004511334002017975
22223,0.004305991809815168
22224,0.0044564493000507355
22225,0.004857308231294155
22226,0.005401160102337599
22227,0.005956343840807676
22228,0.006463213823735714
22229,0.00682202260941267
22230,0.006950626149773598
22231,0.006794307380914688
22232,0.006671288050711155
22233,0.006436153315007687
22234,0.006212035194039345
22235,0.005904586054384708
22236,0.0056413947604596615
22237,0.005355833098292351
22238,0.005114596337080002
22239,0.004878566134721041
22240,0.004605089779943228
22241,0.004336062353104353
22242,0.004153761081397533
22243,0.004049383103847504
22244,0.0040043112821877
22245,0.003981885965913534
22246,0.003955896478146315
22247,0.003935854882001877
22248,0.003925136290490627
22249,0.003922619856894016
22250,0.003932584542781115
22251,0.003959673456847668
22252,0.004001128952950239
22253,0.004064307082444429
22254,0.004157763905823231
22255,0.004228138830512762
22256,0.004278240725398064
22257,0.004388619679957628
22258,0.004571894183754921
22259,0.00488056056201458
22260,0.0053618536330759525
22261,0.006170056760311127
22262,0.007382587529718876
22263,0.009411057457327843
22264,0.012325121089816093
22265,0.01624179258942604
22266,0.020290810614824295
22267,0.027125507593154907
22268,0.03394794836640358
22269,0.04406074434518814
22270,0.05027113854885101
22271,0.05764457583427429
22272,0.06278674304485321
22273,0.06712152063846588
22274,0.06611210852861404
22275,0.059345439076423645
22276,0.05078399181365967
22277,0.04857282713055611
22278,0.04894852265715599
22279,0.05226106196641922
22280,0.030903149396181107
22281,0.011648468673229218
22282,0.006575997453182936
22283,0.01767691597342491
22284,0.03035549446940422
22285,0.02460820972919464
22286,0.016733922064304352
22287,0.016709664836525917
22288,0.023550044745206833
22289,0.02377067133784294
22290,0.013606210239231586
22291,0.007150951307266951
22292,0.011006508022546768
22293,0.013651026412844658
22294,0.00941324234008789
22295,0.005733398254960775
22296,0.010094944387674332
22297,0.014119566418230534
22298,0.010058878920972347
22299,0.006099805235862732
22300,0.007746767718344927
22301,0.009135458618402481
22302,0.0063923015259206295
22303,0.0047509437426924706
22304,0.007309888955205679
22305,0.008651373907923698
22306,0.006095413118600845
22307,0.004638610873371363
22308,0.005941509269177914
22309,0.005948964040726423
22310,0.004430977627635002
22311,0.004218715708702803
22312,0.005332255735993385
22313,0.005313092842698097
22314,0.004486492834985256
22315,0.00468297628685832
22316,0.0051366956904530525
22317,0.004820890724658966
22318,0.004404012113809586
22319,0.004646824672818184
22320,0.004894309211522341
22321,0.005098074674606323
22322,0.0059867603704333305
22323,0.007875722832977772
22324,0.010463383980095387
22325,0.01288107130676508
22326,0.015158455818891525
22327,0.01902669481933117
22328,0.022345736622810364
22329,0.026315510272979736
22330,0.028221821412444115
22331,0.02829795330762863
22332,0.024192553013563156
22333,0.018140794709324837
22334,0.011567668989300728
22335,0.006699969992041588
22336,0.004622762091457844
22337,0.005613110028207302
22338,0.008659680373966694
22339,0.0118632260710001
22340,0.013212427496910095
22341,0.011957982555031776
22342,0.01040337048470974
22343,0.008667252957820892
22344,0.007170954719185829
22345,0.006162879057228565
22346,0.005418472457677126
22347,0.004881229251623154
22348,0.004529736470431089
22349,0.004327921662479639
22350,0.004488159436732531
22351,0.004993339069187641
22352,0.005448577925562859
22353,0.005731059703975916
22354,0.005744782742112875
22355,0.005311553366482258
22356,0.00480658607557416
22357,0.004648981615900993
22358,0.004771878942847252
22359,0.005044908262789249
22360,0.004988214932382107
22361,0.004586350172758102
22362,0.004248268902301788
22363,0.004002179950475693
22364,0.0038747345097362995
22365,0.003865633625537157
22366,0.003936268389225006
22367,0.0040258183144032955
22368,0.004127219785004854
22369,0.004251343663781881
22370,0.004227695986628532
22371,0.0041636815294623375
22372,0.0041999854147434235
22373,0.004326260648667812
22374,0.004527258221060038
22375,0.004552471451461315
22376,0.004430769477039576
22377,0.004362926818430424
22378,0.004402650520205498
22379,0.004564556293189526
22380,0.004665663931518793
22381,0.004673545714467764
22382,0.00474022701382637
22383,0.00490333279594779
22384,0.005166050512343645
22385,0.005498641170561314
22386,0.006042490713298321
22387,0.006930517498403788
22388,0.008384935557842255
22389,0.010522250086069107
22390,0.012978965416550636
22391,0.015388822183012962
22392,0.019217491149902344
22393,0.02396768517792225
22394,0.030492614954710007
22395,0.03769531100988388
22396,0.04605017974972725
22397,0.05158042162656784
22398,0.0548221692442894
22399,0.05066784471273422
22400,0.04140593111515045
22401,0.027136417105793953
22402,0.01557853352278471
22403,0.009046318009495735
22404,0.008953189477324486
22405,0.012234924361109734
22406,0.014961106702685356
22407,0.017627015709877014
22408,0.018022993579506874
22409,0.01714644581079483
22410,0.015083976089954376
22411,0.012505307793617249
22412,0.009085132740437984
22413,0.006360769737511873
22414,0.004813186824321747
22415,0.004407285246998072
22416,0.005360146053135395
22417,0.007206485141068697
22418,0.009113883599638939
22419,0.009997986257076263
22420,0.009011617861688137
22421,0.006587546318769455
22422,0.0047810934484004974
22423,0.003987997770309448
22424,0.004123267251998186
22425,0.004558442626148462
22426,0.00481543131172657
22427,0.005062316544353962
22428,0.005242268554866314
22429,0.005307260900735855
22430,0.005232828203588724
22431,0.005058264825493097
22432,0.0048494478687644005
22433,0.004631445277482271
22434,0.004394133575260639
22435,0.004097993951290846
22436,0.004048305097967386
22437,0.004377633798867464
22438,0.005049268715083599
22439,0.005978119559586048
22440,0.006293256301432848
22441,0.005903208628296852
22442,0.005708969198167324
22443,0.005672657396644354
22444,0.005897817201912403
22445,0.006900617852807045
22446,0.008965948596596718
22447,0.01167062483727932
22448,0.015471512451767921
22449,0.019968166947364807
22450,0.022993892431259155
22451,0.022517990320920944
22452,0.021852225065231323
22453,0.019165512174367905
22454,0.015732761472463608
22455,0.012513416819274426
22456,0.009710459969937801
22457,0.007027290761470795
22458,0.005421197973191738
22459,0.0054443152621388435
22460,0.006934093311429024
22461,0.00972047634422779
22462,0.013225311413407326
22463,0.016493868082761765
22464,0.019903944805264473
22465,0.024054134264588356
22466,0.031813062727451324
22467,0.04377814009785652
22468,0.060788385570049286
22469,0.07318945229053497
22470,0.07317414879798889
22471,0.05131220072507858
22472,0.027968669310212135
22473,0.009529567323625088
22474,0.004689358174800873
22475,0.010463982820510864
22476,0.01868308335542679
22477,0.026551321148872375
22478,0.0313163697719574
22479,0.03456795960664749
22480,0.036085158586502075
22481,0.034980013966560364
22482,0.031707555055618286
22483,0.02606937848031521
22484,0.019948314875364304
22485,0.016900205984711647
22486,0.017777319997549057
22487,0.0192401260137558
22488,0.021334979683160782
22489,0.02096555382013321
22490,0.018016673624515533
22491,0.01348443515598774
22492,0.010120362974703312
22493,0.009077562019228935
22494,0.010505812242627144
22495,0.012090307660400867
22496,0.012990128248929977
22497,0.013251593336462975
22498,0.011596251279115677
22499,0.008756732568144798
22500,0.005595734342932701
22501,0.004396907519549131
22502,0.006175213493406773
22503,0.008835602551698685
22504,0.010108955204486847
22505,0.00846313126385212
22506,0.005885791964828968
22507,0.004831361584365368
22508,0.005645684897899628
22509,0.0072869667783379555
22510,0.007108774501830339
22511,0.005800956394523382
22512,0.00538979284465313
22513,0.005924170836806297
22514,0.006965711712837219
22515,0.006310691591352224
22516,0.0046150656417012215
22517,0.004061305895447731
22518,0.004531990736722946
22519,0.005597892217338085
22520,0.005498617887496948
22521,0.004540296271443367
22522,0.004149782471358776
22523,0.00420108437538147
22524,0.004602910950779915
22525,0.004328625742346048
22526,0.004073924385011196
22527,0.004520530812442303
22528,0.005206477362662554
22529,0.0059209587052464485
22530,0.0052532353438436985
22531,0.004288474563509226
22532,0.004279689863324165
22533,0.004851245786994696
22534,0.005893157795071602
22535,0.005665989592671394
22536,0.004745191894471645
22537,0.004386079031974077
22538,0.004313263110816479
22539,0.004725492559373379
22540,0.004610593430697918
22541,0.004400086123496294
22542,0.0045806728303432465
22543,0.004728107713162899
22544,0.005170529708266258
22545,0.004881228320300579
22546,0.004551276098936796
22547,0.004743595607578754
22548,0.004874638747423887
22549,0.00529768131673336
22550,0.004986482206732035
22551,0.004642970394343138
22552,0.004797627218067646
22553,0.004821281414479017
22554,0.0051336754113435745
22555,0.004854901693761349
22556,0.004656604025512934
22557,0.004905717447400093
22558,0.004839386325329542
22559,0.00491404440253973
22560,0.004544815048575401
22561,0.004535395186394453
22562,0.005044686142355204
22563,0.005148932337760925
22564,0.005307306535542011
22565,0.004827114753425121
22566,0.004642175510525703
22567,0.00505578238517046
22568,0.004996875766664743
22569,0.004834014922380447
22570,0.004263332579284906
22571,0.004406061954796314
22572,0.005284290295094252
22573,0.005804389715194702
22574,0.006408137734979391
22575,0.006120934151113033
22576,0.005869162734597921
22577,0.006517974194139242
22578,0.00655174907296896
22579,0.006393007002770901
22580,0.008066143840551376
22581,0.014906462281942368
22582,0.02655617892742157
22583,0.045200057327747345
22584,0.0685226321220398
22585,0.08709417283535004
22586,0.07983571290969849
22587,0.06862037628889084
22588,0.04202665388584137
22589,0.019229859113693237
22590,0.010513906367123127
22591,0.008631723001599312
22592,0.009238814935088158
22593,0.012894902378320694
22594,0.01958749070763588
22595,0.029315590858459473
22596,0.03919776529073715
22597,0.04474356025457382
22598,0.04607544466853142
22599,0.03850304335355759
22600,0.025401785969734192
22601,0.01040727086365223
22602,0.007982257753610611
22603,0.019722234457731247
22604,0.035391390323638916
22605,0.03968615457415581
22606,0.025141190737485886
22607,0.012691674754023552
22608,0.008920598775148392
22609,0.01664505898952484
22610,0.023307781666517258
22611,0.02014952339231968
22612,0.015721632167696953
22613,0.011053504422307014
22614,0.00833674892783165
22615,0.0085655078291893
22616,0.009434481151401997
22617,0.009318197146058083
22618,0.007974179461598396
22619,0.006550224497914314
22620,0.004279506858438253
22621,0.007554810494184494
22622,0.015437369234859943
22623,0.02200992777943611
22624,0.02288515865802765
22625,0.012592382729053497
22626,0.005456765182316303
22627,0.011174796149134636
22628,0.02286429889500141
22629,0.029925083741545677
22630,0.01981028914451599
22631,0.005576939322054386
22632,0.005975024774670601
22633,0.016582626849412918
22634,0.025997912511229515
22635,0.01749815046787262
22636,0.004689760506153107
22637,0.006944516208022833
22638,0.01850420981645584
22639,0.027159828692674637
22640,0.01635868102312088
22641,0.004125596024096012
22642,0.009934818372130394
22643,0.02416953817009926
22644,0.031280629336833954
22645,0.015686601400375366
22646,0.0038485024124383926
22647,0.01583009958267212
22648,0.034929610788822174
22649,0.03937047719955444
22650,0.015934737399220467
22651,0.004896578378975391
22652,0.026479480788111687
22653,0.051389776170253754
22654,0.04850594699382782
22655,0.013791105709969997
22656,0.009282073006033897
22657,0.04648292809724808
22658,0.07382834702730179
22659,0.05209064856171608
22660,0.007470641750842333
22661,0.025417886674404144
22662,0.08077169209718704
22663,0.09110680967569351
22664,0.036303889006376266
22665,0.005892445333302021
22666,0.07035773992538452
22667,0.11625784635543823
22668,0.06880545616149902
22669,0.006798045709729195
22670,0.04326837509870529
22671,0.12068895995616913
22672,0.08635513484477997
22673,0.010912920348346233
22674,0.03184365853667259
22675,0.08986881375312805
22676,0.07592722028493881
22677,0.01533717941492796
22678,0.027629856020212173
22679,0.07434215396642685
22680,0.044621966779232025
22681,0.013414796441793442
22682,0.026729147881269455
22683,0.046818919479846954
22684,0.02856132574379444
22685,0.007550951559096575
22686,0.021015681326389313
22687,0.026195179671049118
22688,0.014005069620907307
22689,0.008183447644114494
22690,0.014606393873691559
22691,0.013186878524720669
22692,0.006069794297218323
22693,0.009331478737294674
22694,0.011560749262571335
22695,0.007466875482350588
22696,0.005571911111474037
22697,0.0098609309643507
22698,0.009604285471141338
22699,0.0054095140658319
22700,0.006976710632443428
22701,0.010532399639487267
22702,0.007878446020185947
22703,0.004332553595304489
22704,0.006858270149677992
22705,0.0088043212890625
22706,0.006432916969060898
22707,0.004338140599429607
22708,0.006160099059343338
22709,0.0069574229419231415
22710,0.0049426499754190445
22711,0.004272751975804567
22712,0.005434838589280844
22713,0.005613928660750389
22714,0.004257582128047943
22715,0.004179961979389191
22716,0.004660674836486578
22717,0.00456891069188714
22718,0.003985836636275053
22719,0.004072554409503937
22720,0.004315968602895737
22721,0.00403574900701642
22722,0.003926796372979879
22723,0.004062683321535587
22724,0.0041341278702020645
22725,0.003838134231045842
22726,0.003939756657928228
22727,0.004150371067225933
22728,0.0040781558491289616
22729,0.003855000948533416
22730,0.00393472146242857
22731,0.004229115322232246
22732,0.0040915049612522125
22733,0.003798213554546237
22734,0.003814833238720894
22735,0.004089090041816235
22736,0.004100088961422443
22737,0.003840612480416894
22738,0.0037567319814115763
22739,0.003907151985913515
22740,0.003983435221016407
22741,0.0038485603872686625
22742,0.003741457127034664
22743,0.0037886113859713078
22744,0.0038562901318073273
22745,0.0038048261776566505
22746,0.0037360021378844976
22747,0.003741960506886244
22748,0.003768622176721692
22749,0.003754478180781007
22750,0.0037173894234001637
22751,0.00372191215865314
22752,0.00372841558419168
22753,0.0037061634939163923
22754,0.0036780829541385174
22755,0.0036836322396993637
22756,0.0037037706933915615
22757,0.0036864271387457848
22758,0.0036549479700624943
22759,0.003647672012448311
22760,0.0036690235137939453
22761,0.0036741159856319427
22762,0.0036485514137893915
22763,0.003628030652180314
22764,0.0036331648007035255
22765,0.00364855513907969
22766,0.0036432675551623106
22767,0.0036242972128093243
22768,0.0036129560321569443
22769,0.0036176647990942
22770,0.0036230371333658695
22771,0.003618526505306363
22772,0.0036102300509810448
22773,0.003605775535106659
22774,0.0036074051167815924
22775,0.0036067282781004906
22776,0.0036056526005268097
22777,0.003604866098612547
22778,0.003603988792747259
22779,0.003602458629757166
22780,0.003604572732001543
22781,0.0036185651551932096
22782,0.0036428968887776136
22783,0.003677312284708023
22784,0.0037275233771651983
22785,0.0038038091734051704
22786,0.003932078368961811
22787,0.004154544789344072
22788,0.004521552473306656
22789,0.005144242197275162
22790,0.006191319786012173
22791,0.008013506419956684
22792,0.011026466265320778
22793,0.01618238538503647
22794,0.023922134190797806
22795,0.035490915179252625
22796,0.048111073672771454
22797,0.06221138685941696
22798,0.06828214228153229
22799,0.0663284882903099
22800,0.05297955870628357
22801,0.03354466333985329
22802,0.01545350719243288
22803,0.005485068541020155
22804,0.0073663052171468735
22805,0.017381034791469574
22806,0.02714860439300537
22807,0.030506417155265808
22808,0.02641783282160759
22809,0.018304869532585144
22810,0.011521454900503159
22811,0.006878861226141453
22812,0.005502020940184593
22813,0.00667301332578063
22814,0.009586975909769535
22815,0.012470625340938568
22816,0.012396449223160744
22817,0.010205740109086037
22818,0.006367160473018885
22819,0.004004462156444788
22820,0.0040321615524590015
22821,0.00548918591812253
22822,0.006844743620604277
22823,0.007013615686446428
22824,0.006471280939877033
22825,0.005604691803455353
22826,0.004753900691866875
22827,0.00405668281018734
22828,0.003828746033832431
22829,0.004150697961449623
22830,0.004747768864035606
22831,0.005127822980284691
22832,0.005058841779828072
22833,0.004717626143246889
22834,0.0043084281496703625
22835,0.003951250109821558
22836,0.003689942415803671
22837,0.0036324181128293276
22838,0.003801338141784072
22839,0.004056579899042845
22840,0.004215072840452194
22841,0.004199575167149305
22842,0.004083514213562012
22843,0.003932055551558733
22844,0.003777922596782446
22845,0.003643604926764965
22846,0.003584686666727066
22847,0.003612866625189781
22848,0.003678613342344761
22849,0.0037287771701812744
22850,0.0037480625323951244
22851,0.003768830792978406
22852,0.0037845128681510687
22853,0.0037698738742619753
22854,0.0037126722745597363
22855,0.003640232142060995
22856,0.003591069718822837
22857,0.0035681999288499355
22858,0.0035547404550015926
22859,0.003546374384313822
22860,0.0035484549589455128
22861,0.0035643638111650944
22862,0.0035806114319711924
22863,0.0035864233504980803
22864,0.0035850321874022484
22865,0.003587926272302866
22866,0.003596666967496276
22867,0.003598256269469857
22868,0.0035893626045435667
22869,0.003576046321541071
22870,0.003566576400771737
22871,0.003562074387446046
22872,0.0035561085678637028
22873,0.0035452870652079582
22874,0.0035332292318344116
22875,0.0035276964772492647
22876,0.0035302266478538513
22877,0.0035330511163920164
22878,0.0035336550790816545
22879,0.0035338853485882282
22880,0.00353421363979578
22881,0.0035373237915337086
22882,0.0035454886965453625
22883,0.003557496936991811
22884,0.0035754318814724684
22885,0.003605242120102048
22886,0.0036544809117913246
22887,0.0037275373470038176
22888,0.0038387547247111797
22889,0.00400485610589385
22890,0.004245493561029434
22891,0.004590494558215141
22892,0.005150310695171356
22893,0.006005629897117615
22894,0.0073943533934652805
22895,0.009399035945534706
22896,0.012575634755194187
22897,0.016945986077189445
22898,0.023641251027584076
22899,0.031194264069199562
22900,0.040392618626356125
22901,0.04613455384969711
22902,0.050570450723171234
22903,0.04974711686372757
22904,0.04661089926958084
22905,0.040388405323028564
22906,0.030419640243053436
22907,0.01838327944278717
22908,0.00794166885316372
22909,0.0051176827400922775
22910,0.010838057845830917
22911,0.020055288448929787
22912,0.02771111950278282
22913,0.032960377633571625
22914,0.036951448768377304
22915,0.04360280930995941
22916,0.039094701409339905
22917,0.030851809307932854
22918,0.014390328899025917
22919,0.005122496280819178
22920,0.006821425631642342
22921,0.012437335215508938
22922,0.015723183751106262
22923,0.01396033726632595
22924,0.013013334013521671
22925,0.014329720288515091
22926,0.0156860314309597
22927,0.01394405122846365
22928,0.010248454287648201
22929,0.007259282283484936
22930,0.006289281882345676
22931,0.005795144475996494
22932,0.005141786765307188
22933,0.005344782955944538
22934,0.006654770113527775
22935,0.007584793493151665
22936,0.0065323226153850555
22937,0.004753130488097668
22938,0.003915912471711636
22939,0.004329198971390724
22940,0.004816670902073383
22941,0.00468991044908762
22942,0.004426741972565651
22943,0.004446159116923809
22944,0.004581271205097437
22945,0.004488741979002953
22946,0.004330047406256199
22947,0.004284611903131008
22948,0.004197618458420038
22949,0.003889083629474044
22950,0.0035686343908309937
22951,0.0036041266284883022
22952,0.0038941609673202038
22953,0.004057514946907759
22954,0.003965870477259159
22955,0.003853938775137067
22956,0.003936724737286568
22957,0.004047736991196871
22958,0.003984297160059214
22959,0.0038236542604863644
22960,0.003757714293897152
22961,0.0038158718962222338
22962,0.0037808548659086227
22963,0.003628244623541832
22964,0.0035131173208355904
22965,0.0035469275899231434
22966,0.0036473912186920643
22967,0.003631663043051958
22968,0.003527716500684619
22969,0.0034867909271270037
22970,0.0035634792875498533
22971,0.003652168670669198
22972,0.003631129628047347
22973,0.0035504712723195553
22974,0.003527676686644554
22975,0.003599555930122733
22976,0.0036872264463454485
22977,0.00369175523519516
22978,0.0036717229522764683
22979,0.003709048731252551
22980,0.0037942309863865376
22981,0.0038701724261045456
22982,0.003919187001883984
22983,0.003978971857577562
22984,0.004118665121495724
22985,0.004368836060166359
22986,0.004746091552078724
22987,0.005215655546635389
22988,0.005936405621469021
22989,0.006959688849747181
22990,0.008334806188941002
22991,0.00990520603954792
22992,0.0122020673006773
22993,0.014841814525425434
22994,0.018290095031261444
22995,0.021148165687918663
22996,0.0239337719976902
22997,0.02453789860010147
22998,0.023975858464837074
22999,0.02110578492283821
23000,0.01737993396818638
23001,0.013403387740254402
23002,0.010084154084324837
23003,0.007724699564278126
23004,0.006248989142477512
23005,0.005347945261746645
23006,0.00496844993904233
23007,0.005366839002817869
23008,0.006330578587949276
23009,0.007558200508356094
23010,0.008528489619493484
23011,0.008906693197786808
23012,0.008603479713201523
23013,0.007852165028452873
23014,0.006800901144742966
23015,0.00575594836845994
23016,0.004792914725840092
23017,0.004104388877749443
23018,0.003706736024469137
23019,0.0035752281546592712
23020,0.0036774356849491596
23021,0.0039049251936376095
23022,0.004109495785087347
23023,0.004238822963088751
23024,0.004288500174880028
23025,0.004283187445253134
23026,0.0043404968455433846
23027,0.004491143394261599
23028,0.004741411656141281
23029,0.005030912347137928
23030,0.005175323225557804
23031,0.005092822480946779
23032,0.005062468815594912
23033,0.004999727010726929
23034,0.004997439682483673
23035,0.0050839707255363464
23036,0.005310904700309038
23037,0.005510363727807999
23038,0.005734071135520935
23039,0.005913556553423405
23040,0.00599049823358655
23041,0.005967417266219854
23042,0.0060867625288665295
23043,0.0062088933773338795
23044,0.006411699578166008
23045,0.006644938141107559
23046,0.007036285474896431
23047,0.007505915127694607
23048,0.008137183263897896
23049,0.00885134655982256
23050,0.009587859734892845
23051,0.010199073702096939
23052,0.01118575967848301
23053,0.012148710899055004
23054,0.013493752107024193
23055,0.014701703563332558
23056,0.016367197036743164
23057,0.01764121651649475
23058,0.019057586789131165
23059,0.019664674997329712
23060,0.01965242251753807
23061,0.01857048273086548
23062,0.017609283328056335
23063,0.01651213876903057
23064,0.01577259786427021
23065,0.014921667985618114
23066,0.013841912150382996
23067,0.012702861800789833
23068,0.011355549097061157
23069,0.009865758009254932
23070,0.00845441222190857
23071,0.007490541785955429
23072,0.006907775066792965
23073,0.007067623548209667
23074,0.007877487689256668
23075,0.009222062304615974
23076,0.010948293842375278
23077,0.013626955449581146
23078,0.016208352521061897
23079,0.018962198868393898
23080,0.020148251205682755
23081,0.02094462513923645
23082,0.01967639848589897
23083,0.017863716930150986
23084,0.014668953604996204
23085,0.010928783565759659
23086,0.007122514303773642
23087,0.004572559613734484
23088,0.0034806434996426105
23089,0.0037234744522720575
23090,0.004649426322430372
23091,0.0056600673124194145
23092,0.006713643670082092
23093,0.007562538608908653
23094,0.00820551160722971
23095,0.008560564368963242
23096,0.008775273337960243
23097,0.00859787780791521
23098,0.008212797343730927
23099,0.00751241110265255
23100,0.006495584733784199
23101,0.005397076718509197
23102,0.004641314968466759
23103,0.004207628313452005
23104,0.0040944600477814674
23105,0.004005716647952795
23106,0.003893861547112465
23107,0.0039202868938446045
23108,0.003974719904363155
23109,0.004011252429336309
23110,0.00419448409229517
23111,0.004734721966087818
23112,0.0055023496970534325
23113,0.0065541695803403854
23114,0.0078061651438474655
23115,0.008580617606639862
23116,0.008745863102376461
23117,0.009529942646622658
23118,0.010362820699810982
23119,0.011554437689483166
23120,0.012662263587117195
23121,0.014355115592479706
23122,0.015088606625795364
23123,0.015591779723763466
23124,0.014514539390802383
23125,0.011540784500539303
23126,0.007447807118296623
23127,0.0047095525078475475
23128,0.003636253299191594
23129,0.0041399565525352955
23130,0.005079352296888828
23131,0.005468054208904505
23132,0.0057721869088709354
23133,0.00594875356182456
23134,0.006215590052306652
23135,0.007022485136985779
23136,0.008648976683616638
23137,0.010579172521829605
23138,0.013300961814820766
23139,0.016441810876131058
23140,0.019652729853987694
23141,0.022453632205724716
23142,0.026737533509731293
23143,0.030907778069376945
23144,0.03563285619020462
23145,0.03828943520784378
23146,0.03947661072015762
23147,0.0371495746076107
23148,0.032379310578107834
23149,0.025003734976053238
23150,0.016868330538272858
23151,0.009868061169981956
23152,0.005504172760993242
23153,0.004231052938848734
23154,0.00559233408421278
23155,0.008132176473736763
23156,0.011013144627213478
23157,0.01369992084801197
23158,0.015074340626597404
23159,0.015218041837215424
23160,0.013106748461723328
23161,0.0107338335365057
23162,0.008401717990636826
23163,0.007244489621371031
23164,0.006989728659391403
23165,0.006443077232688665
23166,0.005457392893731594
23167,0.005098924972116947
23168,0.005184459965676069
23169,0.005528923589736223
23170,0.00570900971069932
23171,0.0053885579109191895
23172,0.004915686324238777
23173,0.004383874125778675
23174,0.00391625240445137
23175,0.003723656293004751
23176,0.004137943033128977
23177,0.004944941028952599
23178,0.0059774271212518215
23179,0.007040372118353844
23180,0.006921503227204084
23181,0.0058958688750863075
23182,0.00524774519726634
23183,0.004711649846285582
23184,0.004217257723212242
23185,0.004025629721581936
23186,0.0043954323045909405
23187,0.005096100270748138
23188,0.006019979249686003
23189,0.006960303522646427
23190,0.006687830202281475
23191,0.00568104675039649
23192,0.005386135540902615
23193,0.0054925535805523396
23194,0.005831735208630562
23195,0.006386582739651203
23196,0.007734846789389849
23197,0.009669393301010132
23198,0.012728916481137276
23199,0.01637957990169525
23200,0.01854003593325615
23201,0.01774112693965435
23202,0.017783666029572487
23203,0.016936542466282845
23204,0.016180995851755142
23205,0.015374505892395973
23206,0.015496473759412766
23207,0.014190148562192917
23208,0.012685585767030716
23209,0.010530121624469757
23210,0.00715921726077795
23211,0.004243941977620125
23212,0.0036395855713635683
23213,0.004809570033103228
23214,0.007012839429080486
23215,0.00821304228156805
23216,0.008002526126801968
23217,0.007990188896656036
23218,0.007978127337992191
23219,0.00814871396869421
23220,0.008272502571344376
23221,0.008678030222654343
23222,0.008989432826638222
23223,0.009291324764490128
23224,0.009274691343307495
23225,0.008217670023441315
23226,0.007210558280348778
23227,0.0075171636417508125
23228,0.009186984971165657
23229,0.012171386741101742
23230,0.013885950669646263
23231,0.013765409588813782
23232,0.014256984926760197
23233,0.014525478705763817
23234,0.01460548397153616
23235,0.015087347477674484
23236,0.016572248190641403
23237,0.016804303973913193
23238,0.016392245888710022
23239,0.014972742646932602
23240,0.010592753067612648
23241,0.006219463422894478
23242,0.0050438167527318
23243,0.0064198169857263565
23244,0.009189708158373833
23245,0.01073930412530899
23246,0.011335627175867558
23247,0.012740647420287132
23248,0.01649477332830429
23249,0.021950721740722656
23250,0.02881261520087719
23251,0.032622698694467545
23252,0.038898758590221405
23253,0.04270027205348015
23254,0.04521235078573227
23255,0.044783785939216614
23256,0.04115649685263634
23257,0.030470851808786392
23258,0.01694183424115181
23259,0.006669895723462105
23260,0.004397205077111721
23261,0.01083647832274437
23262,0.01934620924293995
23263,0.024227995425462723
23264,0.02481275610625744
23265,0.022323697805404663
23266,0.01869325153529644
23267,0.018544208258390427
23268,0.015088819898664951
23269,0.012060122564435005
23270,0.009529623202979565
23271,0.010798456147313118
23272,0.01470785029232502
23273,0.01580175757408142
23274,0.013766604475677013
23275,0.013593223877251148
23276,0.018933739513158798
23277,0.024881664663553238
23278,0.02467542141675949
23279,0.02035549283027649
23280,0.011847412213683128
23281,0.007207626476883888
23282,0.008261283859610558
23283,0.011449215933680534
23284,0.015056007541716099
23285,0.014687484130263329
23286,0.010724753141403198
23287,0.007625069934874773
23288,0.005015871953219175
23289,0.004643953405320644
23290,0.005398760084062815
23291,0.005846933927386999
23292,0.005689541809260845
23293,0.0044978829100728035
23294,0.003918280825018883
23295,0.004063866101205349
23296,0.005180823616683483
23297,0.00626103300601244
23298,0.006650670897215605
23299,0.007233977317810059
23300,0.0063329036347568035
23301,0.005255363415926695
23302,0.005398076958954334
23303,0.006102963350713253
23304,0.0077562411315739155
23305,0.00730940280482173
23306,0.005513011012226343
23307,0.00463396729901433
23308,0.0048051332123577595
23309,0.006430286914110184
23310,0.00647962698712945
23311,0.005116729531437159
23312,0.004387299530208111
23313,0.004425738472491503
23314,0.005766677670180798
23315,0.005779873579740524
23316,0.004795572720468044
23317,0.004491041414439678
23318,0.004863233771175146
23319,0.006291292142122984
23320,0.005972769111394882
23321,0.0046843430027365685
23322,0.004425366874784231
23323,0.005184050649404526
23324,0.007232410833239555
23325,0.007100613787770271
23326,0.0052405851893126965
23327,0.0043452465906739235
23328,0.004320241045206785
23329,0.0054925307631492615
23330,0.005447215400636196
23331,0.004933296702802181
23332,0.005514913238584995
23333,0.0072353133000433445
23334,0.01049545593559742
23335,0.011319248005747795
23336,0.00963474903255701
23337,0.009729133918881416
23338,0.010528765618801117
23339,0.012997319921851158
23340,0.016213342547416687
23341,0.02196381241083145
23342,0.029216773808002472
23343,0.038076505064964294
23344,0.044475290924310684
23345,0.0433850921690464
23346,0.030691437423229218
23347,0.02181151509284973
23348,0.01480121910572052
23349,0.014414917677640915
23350,0.014066480100154877
23351,0.010241476818919182
23352,0.007154335733503103
23353,0.004548708908259869
23354,0.0041942051611840725
23355,0.005605699960142374
23356,0.008114402182400227
23357,0.010346068069338799
23358,0.011919805780053139
23359,0.013361348770558834
23360,0.01065993681550026
23361,0.006769377272576094
23362,0.006769226863980293
23363,0.009515088982880116
23364,0.014698158949613571
23365,0.013816488906741142
23366,0.007852228358387947
23367,0.0047547039575874805
23368,0.0046164728701114655
23369,0.0075775934383273125
23370,0.007506438530981541
23371,0.005065838806331158
23372,0.004731209482997656
23373,0.006173301488161087
23374,0.009274807758629322
23375,0.007963947020471096
23376,0.00480272900313139
23377,0.0050649624317884445
23378,0.007966583594679832
23379,0.012708648107945919
23380,0.010995794087648392
23381,0.00542311929166317
23382,0.003994965925812721
23383,0.006193230394273996
23384,0.01095312088727951
23385,0.009749234654009342
23386,0.004869306925684214
23387,0.003989268094301224
23388,0.006476405076682568
23389,0.011151502840220928
23390,0.009419558569788933
23391,0.004424622748047113
23392,0.004118375014513731
23393,0.00750325620174408
23394,0.013023138046264648
23395,0.01087294053286314
23396,0.004648231901228428
23397,0.0037391693331301212
23398,0.007091585546731949
23399,0.012903961353003979
23400,0.010827993042767048
23401,0.004497920628637075
23402,0.0037338347174227238
23403,0.0072911703027784824
23404,0.013230890035629272
23405,0.01074938289821148
23406,0.004232069011777639
23407,0.0039078895933926105
23408,0.008291535079479218
23409,0.015121351927518845
23410,0.012288035824894905
23411,0.0046008569188416
23412,0.0038063894025981426
23413,0.008164828643202782
23414,0.015142240561544895
23415,0.012046882882714272
23416,0.0044378978200256824
23417,0.004381381440907717
23418,0.010156367905437946
23419,0.018967855721712112
23420,0.016093509271740913
23421,0.006894491147249937
23422,0.00631371047347784
23423,0.012007464654743671
23424,0.02072194591164589
23425,0.01862194389104843
23426,0.01441849023103714
23427,0.021588709205389023
23428,0.039603669196367264
23429,0.062022797763347626
23430,0.06705798208713531
23431,0.05264870077371597
23432,0.05198453739285469
23433,0.059061482548713684
23434,0.07141279429197311
23435,0.05673610419034958
23436,0.025589201599359512
23437,0.011622123420238495
23438,0.018383292481303215
23439,0.03411984443664551
23440,0.025988586246967316
23441,0.009436476975679398
23442,0.01683065854012966
23443,0.04405956715345383
23444,0.06668062508106232
23445,0.04726973921060562
23446,0.017157409340143204
23447,0.023935619741678238
23448,0.05024941638112068
23449,0.06674766540527344
23450,0.028360750526189804
23451,0.009094003587961197
23452,0.04550774022936821
23453,0.08390089124441147
23454,0.07770762592554092
23455,0.015664035454392433
23456,0.025016887113451958
23457,0.09573438763618469
23458,0.11402823776006699
23459,0.053193069994449615
23460,0.00902324728667736
23461,0.11080823093652725
23462,0.16732145845890045
23463,0.08466663956642151
23464,0.0462648943066597
23465,0.11132428050041199
23466,0.19129833579063416
23467,0.08540220558643341
23468,0.0573468916118145
23469,0.07871931046247482
23470,0.1375163495540619
23471,0.10020023584365845
23472,0.06302852928638458
23473,0.06261695176362991
23474,0.1236858144402504
23475,0.09658628702163696
23476,0.07112346589565277
23477,0.038135409355163574
23478,0.08073724806308746
23479,0.05319345369935036
23480,0.028276745229959488
23481,0.03752349689602852
23482,0.04864850640296936
23483,0.018029319122433662
23484,0.018045326694846153
23485,0.037853699177503586
23486,0.008149635046720505
23487,0.018722200766205788
23488,0.0287238210439682
23489,0.011406496167182922
23490,0.01617143489420414
23491,0.028005450963974
23492,0.02060420624911785
23493,0.011949257925152779
23494,0.016225824132561684
23495,0.021712500602006912
23496,0.01706664264202118
23497,0.011314361356198788
23498,0.013937105424702168
23499,0.018322836607694626
23500,0.010081104934215546
23501,0.005245481617748737
23502,0.013797257095575333
23503,0.012041199952363968
23504,0.007518569938838482
23505,0.007566473446786404
23506,0.0060061318799853325
23507,0.00866052694618702
23508,0.009033234789967537
23509,0.007076909299939871
23510,0.0054103657603263855
23511,0.005981086287647486
23512,0.008723345585167408
23513,0.009276428259909153
23514,0.006850936450064182
23515,0.005356810986995697
23516,0.008180121891200542
23517,0.008692475967109203
23518,0.008287767879664898
23519,0.008153285831212997
23520,0.005742164328694344
23521,0.005801264196634293
23522,0.008276807144284248
23523,0.00890025869011879
23524,0.0065754735842347145
23525,0.004018274135887623
23526,0.005439450964331627
23527,0.00830565020442009
23528,0.00771157443523407
23529,0.0049199131317436695
23530,0.00382301677018404
23531,0.005822624079883099
23532,0.0077728210017085075
23533,0.006938616745173931
23534,0.004456537775695324
23535,0.0037763731088489294
23536,0.006208199076354504
23537,0.007619875483214855
23538,0.0064034853130578995
23539,0.004338668659329414
23540,0.004062829539179802
23541,0.006077894475311041
23542,0.00701175956055522
23543,0.00599836278706789
23544,0.004333876073360443
23545,0.003945557866245508
23546,0.005392154678702354
23547,0.006458711810410023
23548,0.005694928579032421
23549,0.004047712776809931
23550,0.003664780408143997
23551,0.004934757482260466
23552,0.005892907734960318
23553,0.005286656320095062
23554,0.003914854023605585
23555,0.0035392125137150288
23556,0.004547544755041599
23557,0.00538565032184124
23558,0.005009552463889122
23559,0.003939697984606028
23560,0.0034864326007664204
23561,0.0042000687681138515
23562,0.004963244311511517
23563,0.004815907683223486
23564,0.004012764897197485
23565,0.003504952182993293
23566,0.003879109164699912
23567,0.004518771078437567
23568,0.004623142071068287
23569,0.004087829031050205
23570,0.0035310788080096245
23571,0.0036091057118028402
23572,0.0041209058836102486
23573,0.004397091921418905
23574,0.004100963473320007
23575,0.0035697356797754765
23576,0.0034504574723541737
23577,0.003799138590693474
23578,0.004127995576709509
23579,0.004046357236802578
23580,0.0036344167310744524
23581,0.0034006249625235796
23582,0.003562504891306162
23583,0.0038558512460440397
23584,0.0039321198128163815
23585,0.003680685069411993
23586,0.003422469599172473
23587,0.0034259511157870293
23588,0.0036251209676265717
23589,0.0037723868153989315
23590,0.003671063110232353
23591,0.003460467327386141
23592,0.0033706449903547764
23593,0.003463341388851404
23594,0.0036041296552866697
23595,0.0035989496391266584
23596,0.0034640594385564327
23597,0.003357349429279566
23598,0.003378859255462885
23599,0.0034696897491812706
23600,0.0034939441829919815
23601,0.0034232554025948048
23602,0.0033484899904578924
23603,0.0033474431838840246
23604,0.0033899913541972637
23605,0.0034045041538774967
23606,0.0033690580166876316
23607,0.0033306521363556385
23608,0.003332896623760462
23609,0.003351804567500949
23610,0.0033535854890942574
23611,0.003332743886858225
23612,0.003314447356387973
23613,0.0033211277332156897
23614,0.0033325450494885445
23615,0.00332909869030118
23616,0.00331487855874002
23617,0.0033056766260415316
23618,0.003313784720376134
23619,0.0033227521926164627
23620,0.003316290443763137
23621,0.003302188590168953
23622,0.003294907044619322
23623,0.0033033122308552265
23624,0.0033140035811811686
23625,0.0033089935313910246
23626,0.0032931051682680845
23627,0.0032815146259963512
23628,0.003285238053649664
23629,0.0032958544325083494
23630,0.003296081442385912
23631,0.003284039907157421
23632,0.0032710323575884104
23633,0.0032694246619939804
23634,0.0032757194712758064
23635,0.003277575597167015
23636,0.003270392771810293
23637,0.003260335186496377
23638,0.003258188720792532
23639,0.003262130543589592
23640,0.0032631540670990944
23641,0.003257721196860075
23642,0.003249961417168379
23643,0.0032487085554748774
23644,0.0032522124238312244
23645,0.003252217313274741
23646,0.0032464603427797556
23647,0.003239390905946493
23648,0.0032381347846239805
23649,0.0032411813735961914
23650,0.0032411657739430666
23651,0.0032357533928006887
23652,0.003229044144973159
23653,0.003226854372769594
23654,0.003228207118809223
23655,0.0032279924489557743
23656,0.00322404270991683
23657,0.0032189148478209972
23658,0.0032169250771403313
23659,0.00321746664121747
23660,0.003216721350327134
23661,0.0032132079359143972
23662,0.0032090102322399616
23663,0.003207154804840684
23664,0.003207262372598052
23665,0.0032062828540802
23666,0.003203062107786536
23667,0.003199255093932152
23668,0.00319709163159132
23669,0.0031964213121682405
23670,0.003195243887603283
23671,0.0031926995143294334
23672,0.0031896396540105343
23673,0.003187658032402396
23674,0.0031867260113358498
23675,0.003185371868312359
23676,0.003182915970683098
23677,0.0031801466830074787
23678,0.0031780689023435116
23679,0.0031767061445862055
23680,0.003175256075337529
23681,0.0031731794588267803
23682,0.0031708613969385624
23683,0.003168943803757429
23684,0.0031675747595727444
23685,0.0031660478562116623
23686,0.003163988469168544
23687,0.003161723492667079
23688,0.0031596808694303036
23689,0.0031579213682562113
23690,0.0031564184464514256
23691,0.0031550107523798943
23692,0.003153744386509061
23693,0.0031529858242720366
23694,0.00315307779237628
23695,0.0031534607987850904
23696,0.0031542000360786915
23697,0.0031568449921905994
23698,0.00316292024217546
23699,0.003175138495862484
23700,0.0031991186551749706
23701,0.003244339022785425
23702,0.0033262171782553196
23703,0.003476567566394806
23704,0.0037502520717680454
23705,0.0042257159948349
23706,0.005059468559920788
23707,0.006648397538810968
23708,0.00954730249941349
23709,0.015085501596331596
23710,0.02422911301255226
23711,0.0405101403594017
23712,0.06415625661611557
23713,0.09946802258491516
23714,0.12629251182079315
23715,0.13574188947677612
23716,0.09869542717933655
23717,0.04591873660683632
23718,0.009078511968255043
23719,0.011661061085760593
23720,0.03862918168306351
23721,0.05661267414689064
23722,0.050559163093566895
23723,0.0243307463824749
23724,0.0053912862204015255
23725,0.007238500751554966
23726,0.021235764026641846
23727,0.029646364971995354
23728,0.023002203553915024
23729,0.010732504539191723
23730,0.004921252839267254
23731,0.008059465326368809
23732,0.01291574351489544
23733,0.013526414521038532
23734,0.010522117838263512
23735,0.007235175929963589
23736,0.005822372622787952
23737,0.005905075930058956
23738,0.007130765356123447
23739,0.008251262828707695
23740,0.007504494860768318
23741,0.005206943955272436
23742,0.0036946837790310383
23743,0.004566594026982784
23744,0.006321381777524948
23745,0.006330591626465321
23746,0.004705067258328199
23747,0.0034676059149205685
23748,0.0037567978724837303
23749,0.004732884932309389
23750,0.004889488220214844
23751,0.004350604489445686
23752,0.0038958650548011065
23753,0.003749409457668662
23754,0.0037690293975174427
23755,0.0037909168750047684
23756,0.004032471217215061
23757,0.004192227032035589
23758,0.0038793671410530806
23759,0.003418541979044676
23760,0.003364918753504753
23761,0.003884154837578535
23762,0.004195837303996086
23763,0.003853147616609931
23764,0.0033474210649728775
23765,0.003334066830575466
23766,0.0038406106177717447
23767,0.004052781965583563
23768,0.0036948954220861197
23769,0.003303203033283353
23770,0.0033935296814888716
23771,0.003829648718237877
23772,0.003923855256289244
23773,0.003555482719093561
23774,0.00323901092633605
23775,0.0033573361579328775
23776,0.0037251017056405544
23777,0.0037969923578202724
23778,0.0034884894266724586
23779,0.0032166833989322186
23780,0.0032857938203960657
23781,0.0035578811075538397
23782,0.0036350074224174023
23783,0.0034312019124627113
23784,0.003224762622267008
23785,0.0032433164305984974
23786,0.003419444663450122
23787,0.0034882845357060432
23788,0.003363434225320816
23789,0.003211716888472438
23790,0.003203079104423523
23791,0.0033222362399101257
23792,0.0033917338587343693
23793,0.003322016913443804
23794,0.0032023515086621046
23795,0.0031640250235795975
23796,0.003234406001865864
23797,0.0033060137648135424
23798,0.0032881726510822773
23799,0.003207178320735693
23800,0.0031528419349342585
23801,0.0031781799625605345
23802,0.0032341976184397936
23803,0.0032457367051392794
23804,0.0032010602299124002
23805,0.0031486558727920055
23806,0.0031468954402953386
23807,0.0031858955044299364
23808,0.0032113613560795784
23809,0.003193899057805538
23810,0.003148478688672185
23811,0.0031285930890589952
23812,0.0031494249124079943
23813,0.0031769443303346634
23814,0.003178232815116644
23815,0.0031453892588615417
23816,0.0031197459902614355
23817,0.0031275299843400717
23818,0.0031500747427344322
23819,0.003158886916935444
23820,0.0031358906999230385
23821,0.003110966645181179
23822,0.0031121219508349895
23823,0.003129723947495222
23824,0.0031414334662258625
23825,0.003124804235994816
23826,0.0031022585462778807
23827,0.0031006152275949717
23828,0.0031143100932240486
23829,0.003126168390735984
23830,0.003113118000328541
23831,0.0030931676737964153
23832,0.003090892918407917
23833,0.0031015046406537294
23834,0.0031111277639865875
23835,0.003099427092820406
23836,0.0030828635208308697
23837,0.0030825429130345583
23838,0.0030932913068681955
23839,0.003102758899331093
23840,0.0030905900057405233
23841,0.0030740012880414724
23842,0.0030740268994122744
23843,0.0030849080067127943
23844,0.003094571642577648
23845,0.003082101931795478
23846,0.003065213095396757
23847,0.003065485041588545
23848,0.003077221568673849
23849,0.0030883343424648046
23850,0.0030757556669414043
23851,0.0030571860261261463
23852,0.0030561350286006927
23853,0.00306774047203362
23854,0.003080373862758279
23855,0.003068741410970688
23856,0.0030492867808789015
23857,0.0030467810574918985
23858,0.003057626076042652
23859,0.0030712152365595102
23860,0.003060972085222602
23861,0.003041473450139165
23862,0.0030377418734133244
23863,0.003047031117603183
23864,0.003060094779357314
23865,0.003050914965569973
23866,0.0030328300781548023
23867,0.0030295895412564278
23868,0.003039213363081217
23869,0.003054038854315877
23870,0.0030463365837931633
23871,0.0030276942998170853
23872,0.0030228914692997932
23873,0.0030297618359327316
23874,0.0030407169833779335
23875,0.003037430113181472
23876,0.003036517184227705
23877,0.0030607678927481174
23878,0.0031206877902150154
23879,0.0032337219454348087
23880,0.00336537160910666
23881,0.003570781322196126
23882,0.004006798379123211
23883,0.004895730875432491
23884,0.006614480167627335
23885,0.010030608624219894
23886,0.01644129678606987
23887,0.029295144602656364
23888,0.05100615322589874
23889,0.09040828049182892
23890,0.1295536756515503
23891,0.169331356883049
23892,0.15819770097732544
23893,0.11525120586156845
23894,0.0491655096411705
23895,0.013327899388968945
23896,0.01940908282995224
23897,0.048101454973220825
23898,0.06741899996995926
23899,0.05340254306793213
23900,0.025128908455371857
23901,0.006506570614874363
23902,0.010579323396086693
23903,0.026313945651054382
23904,0.03388258442282677
23905,0.0282270684838295
23906,0.012911953032016754
23907,0.004214795306324959
23908,0.007541162893176079
23909,0.016238249838352203
23910,0.019715145230293274
23911,0.012745194137096405
23912,0.005123230628669262
23913,0.004215887747704983
23914,0.008842367678880692
23915,0.01208517700433731
23916,0.009840247221291065
23917,0.00576423667371273
23918,0.0039847856387495995
23919,0.005509554874151945
23920,0.007778936997056007
23921,0.007918044924736023
23922,0.005807661451399326
23923,0.0038501168601214886
23924,0.004138304851949215
23925,0.005542309023439884
23926,0.005972923710942268
23927,0.005146291106939316
23928,0.004221785347908735
23929,0.003964537754654884
23930,0.004066266119480133
23931,0.004266653209924698
23932,0.004441069904714823
23933,0.0042573679238557816
23934,0.003863934427499771
23935,0.0035412719007581472
23936,0.003572828369215131
23937,0.0038200209382921457
23938,0.003914182074368
23939,0.0038182325661182404
23940,0.0034997141920030117
23941,0.0032532294280827045
23942,0.0033469332847744226
23943,0.003603847697377205
23944,0.0037621730007231236
23945,0.003520169761031866
23946,0.0032055433839559555
23947,0.003179305698722601
23948,0.0033573941327631474
23949,0.0035563348792493343
23950,0.0034701211843639612
23951,0.003255175892263651
23952,0.003163009649142623
23953,0.0032315533608198166
23954,0.003400722285732627
23955,0.0033735004253685474
23956,0.0032225893810391426
23957,0.0031677461229264736
23958,0.0032532592304050922
23959,0.00338871031999588
23960,0.0033022647257894278
23961,0.0031433673575520515
23962,0.0031509066466242075
23963,0.0032980593387037516
23964,0.00343542592599988
23965,0.003302485914900899
23966,0.0031070923432707787
23967,0.0031181650701910257
23968,0.0032828906551003456
23969,0.0034529834520071745
23970,0.0033339287620037794
23971,0.003116411156952381
23972,0.0030895767267793417
23973,0.0032236999832093716
23974,0.0034064766950905323
23975,0.0033244872465729713
23976,0.0031212428584694862
23977,0.003074514912441373
23978,0.0031733568757772446
23979,0.0033400424290448427
23980,0.003279233817011118
23981,0.0031063188798725605
23982,0.0030649458058178425
23983,0.0031518805772066116
23984,0.0033079683780670166
23985,0.0032535174395889044
23986,0.0030974068213254213
23987,0.0030632559210062027
23988,0.0031531488057225943
23989,0.0033145048655569553
23990,0.00325938337482512
23991,0.0030959805008023977
23992,0.003054962260648608
23993,0.003145853988826275
23994,0.003317140741273761
23995,0.0032674551475793123
23996,0.003095448948442936
23997,0.0030407842714339495
23998,0.0031228014267981052
23999,0.00329522299580276
24000,0.003256455296650529
24001,0.00309028010815382
24002,0.0030305134132504463
24003,0.003101954935118556
24004,0.0032667680643498898
24005,0.003234551753848791
24006,0.0030797957442700863
24007,0.0030229436233639717
24008,0.003089290577918291
24009,0.003248373745009303
24010,0.0032194952946156263
24011,0.003072327934205532
24012,0.0030168266966938972
24013,0.003079276764765382
24014,0.0032368404790759087
24015,0.0032128298189491034
24016,0.0030696589965373278
24017,0.003009721403941512
24018,0.0030633024871349335
24019,0.0032178207766264677
24020,0.00320298015139997
24021,0.003068293211981654
24022,0.003003884805366397
24023,0.0030440220143646
24024,0.003187130205333233
24025,0.003179742954671383
24026,0.0030613872222602367
24027,0.003002188168466091
24028,0.003040278097614646
24029,0.003185973037034273
24030,0.003185550682246685
24031,0.0030679956544190645
24032,0.002996981143951416
24033,0.0030127307400107384
24034,0.003135040868073702
24035,0.0031415587291121483
24036,0.003053962253034115
24037,0.003004300408065319
24038,0.0030409193132072687
24039,0.0032045594416558743
24040,0.00323201110586524
24041,0.003118639811873436
24042,0.0030197948217391968
24043,0.002972231712192297
24044,0.0030066620092839003
24045,0.003066356061026454
24046,0.0032380777411162853
24047,0.0035821646451950073
24048,0.004296167753636837
24049,0.0057654171250760555
24050,0.007264242973178625
24051,0.009172379970550537
24052,0.01265745796263218
24053,0.019852910190820694
24054,0.031178489327430725
24055,0.05154015123844147
24056,0.07366687059402466
24057,0.10200276970863342
24058,0.10291366279125214
24059,0.08611921221017838
24060,0.040019601583480835
24061,0.008271719329059124
24062,0.00893497746437788
24063,0.03197965770959854
24064,0.0562283992767334
24065,0.04920646548271179
24066,0.024884339421987534
24067,0.006952975876629353
24068,0.008537380024790764
24069,0.02324858494102955
24070,0.026373926550149918
24071,0.015495856292545795
24072,0.006055204197764397
24073,0.005833064205944538
24074,0.012737337499856949
24075,0.013172205537557602
24076,0.006897985469549894
24077,0.004054120741784573
24078,0.00555356964468956
24079,0.008363890461623669
24080,0.005865217186510563
24081,0.003397226333618164
24082,0.005990329198539257
24083,0.009697932749986649
24084,0.010667012073099613
24085,0.005272704642266035
24086,0.004541662055999041
24087,0.011143911629915237
24088,0.016944749280810356
24089,0.016749735921621323
24090,0.007018447387963533
24091,0.005190014839172363
24092,0.014675791375339031
24093,0.023026350885629654
24094,0.022811856120824814
24095,0.009090297855436802
24096,0.0062753623351454735
24097,0.018735110759735107
24098,0.029104243963956833
24099,0.027427833527326584
24100,0.009350495412945747
24101,0.007918277755379677
24102,0.025813590735197067
24103,0.03724934160709381
24104,0.030766893178224564
24105,0.007572084665298462
24106,0.011649413034319878
24107,0.038172647356987
24108,0.04674500226974487
24109,0.029798738658428192
24110,0.004348193295300007
24111,0.021295133978128433
24112,0.055788423866033554
24113,0.05113477259874344
24114,0.01956838369369507
24115,0.004531442187726498
24116,0.03977437689900398
24117,0.06935452669858932
24118,0.041002579033374786
24119,0.006568482145667076
24120,0.0179138220846653
24121,0.05656109005212784
24122,0.05771917849779129
24123,0.017823580652475357
24124,0.008151762187480927
24125,0.037319790571928024
24126,0.0487077459692955
24127,0.024579323828220367
24128,0.0068212393671274185
24129,0.021534621715545654
24130,0.033952005207538605
24131,0.02154046669602394
24132,0.008037224411964417
24133,0.014900939539074898
24134,0.02168591506779194
24135,0.015307087451219559
24136,0.00801737792789936
24137,0.01108747161924839
24138,0.015650026500225067
24139,0.011860338971018791
24140,0.007697565946727991
24141,0.008999325335025787
24142,0.011761395260691643
24143,0.009713461622595787
24144,0.007118965499103069
24145,0.006713387556374073
24146,0.008806999772787094
24147,0.00863833911716938
24148,0.006439655087888241
24149,0.005277519579976797
24150,0.006202842574566603
24151,0.0070342132821679115
24152,0.00571775808930397
24153,0.004332143813371658
24154,0.004919896833598614
24155,0.005837178789079189
24156,0.004938377067446709
24157,0.0038502109237015247
24158,0.004361283034086227
24159,0.0051032742485404015
24160,0.004369926638901234
24161,0.0035539211239665747
24162,0.004283017944544554
24163,0.004808865953236818
24164,0.004055427387356758
24165,0.00326073938049376
24166,0.00407293438911438
24167,0.004725661128759384
24168,0.003992934711277485
24169,0.0031225241255015135
24170,0.0035843478981405497
24171,0.004389406647533178
24172,0.00404545571655035
24173,0.0032243344467133284
24174,0.003232264658436179
24175,0.0037834132090210915
24176,0.0038490532897412777
24177,0.003398369299247861
24178,0.003166318405419588
24179,0.003345019882544875
24180,0.003480645129457116
24181,0.0033778746146708727
24182,0.003231945913285017
24183,0.0031723370775580406
24184,0.003211206290870905
24185,0.0032411599531769753
24186,0.0032263053581118584
24187,0.003148730844259262
24188,0.003090417943894863
24189,0.0031251031905412674
24190,0.003172032767906785
24191,0.0031352979131042957
24192,0.003063684096559882
24193,0.0030648713000118732
24194,0.0031267167069017887
24195,0.003125379327684641
24196,0.003066352801397443
24197,0.0030615911819040775
24198,0.0031239690724760294
24199,0.0031709964387118816
24200,0.0031479448080062866
24201,0.00317175779491663
24202,0.0033104640897363424
24203,0.0035138321109116077
24204,0.0037445146590471268
24205,0.004107033833861351
24206,0.00484723225235939
24207,0.006148701533675194
24208,0.008329523727297783
24209,0.01176506094634533
24210,0.017567070201039314
24211,0.02633735164999962
24212,0.04019812494516373
24213,0.05687809735536575
24214,0.07688085734844208
24215,0.08537960052490234
24216,0.08284362405538559
24217,0.058609526604413986
24218,0.02914036065340042
24219,0.008009820245206356
24220,0.0051337722688913345
24221,0.01653096452355385
24222,0.030014226213097572
24223,0.035220060497522354
24224,0.02827737107872963
24225,0.014987793751060963
24226,0.004982428625226021
24227,0.00410035764798522
24228,0.01033648382872343
24229,0.016784198582172394
24230,0.01799694076180458
24231,0.013568076305091381
24232,0.00771019421517849
24233,0.003995764069259167
24234,0.00434779142960906
24235,0.007305667735636234
24236,0.009741783142089844
24237,0.00972689688205719
24238,0.007015211973339319
24239,0.004259647335857153
24240,0.0032764712814241648
24241,0.004257502034306526
24242,0.005889394320547581
24243,0.006559773813933134
24244,0.005914716050028801
24245,0.004437827039510012
24246,0.0033331590238958597
24247,0.003282728837803006
24248,0.004010432865470648
24249,0.004729066044092178
24250,0.004790802951902151
24251,0.004358104430139065
24252,0.003803730709478259
24253,0.003379860194399953
24254,0.0032280755694955587
24255,0.003370856400579214
24256,0.0037760897539556026
24257,0.0040808022022247314
24258,0.003963865339756012
24259,0.0035145501606166363
24260,0.0031181140802800655
24261,0.003122116671875119
24262,0.003379969857633114
24263,0.003561648540198803
24264,0.003535466268658638
24265,0.0033754506148397923
24266,0.0033284539822489023
24267,0.003391140140593052
24268,0.003410732140764594
24269,0.0033189612440764904
24270,0.0031281914561986923
24271,0.0030991146340966225
24272,0.0032837847247719765
24273,0.0034853683318942785
24274,0.0035168153699487448
24275,0.0032662218436598778
24276,0.0030465915333479643
24277,0.0030732157174497843
24278,0.0032441180665045977
24279,0.003359938971698284
24280,0.0032236194238066673
24281,0.003056315938010812
24282,0.0030780585948377848
24283,0.0032205190509557724
24284,0.0033158373553305864
24285,0.0031769508495926857
24286,0.0029955655336380005
24287,0.002991144312545657
24288,0.003124683629721403
24289,0.0032508859876543283
24290,0.003156778635457158
24291,0.0030004598665982485
24292,0.0029928579460829496
24293,0.0031129843555390835
24294,0.00324657722376287
24295,0.0031645854469388723
24296,0.003001483390107751
24297,0.0029656707774847746
24298,0.0030479428824037313
24299,0.003161395899951458
24300,0.003102425020188093
24301,0.0029791537672281265
24302,0.0029625059105455875
24303,0.0030422089621424675
24304,0.0031491185072809458
24305,0.003091498976573348
24306,0.0029799214098602533
24307,0.002970681991428137
24308,0.0030548397917300463
24309,0.00317759090103209
24310,0.003124943235889077
24311,0.002999399323016405
24312,0.002965373219922185
24313,0.003020514501258731
24314,0.003126807976514101
24315,0.003090670332312584
24316,0.0029935785569250584
24317,0.002971633104607463
24318,0.0030275790486484766
24319,0.0031460660975426435
24320,0.0031191932503134012
24321,0.00301892077550292
24322,0.002979141427204013
24323,0.0029990379698574543
24324,0.0030789123848080635
24325,0.003065884578973055
24326,0.003025278216227889
24327,0.003042978700250387
24328,0.0031164069660007954
24329,0.0032757408916950226
24330,0.0033111190423369408
24331,0.0032931959722191095
24332,0.0033497544936835766
24333,0.0034809866920113564
24334,0.0037259035743772984
24335,0.004146144725382328
24336,0.0049501811154186726
24337,0.0063047390431165695
24338,0.00842657033354044
24339,0.011993339285254478
24340,0.016349874436855316
24341,0.022886965423822403
24342,0.031092654913663864
24343,0.04299382120370865
24344,0.05318959057331085
24345,0.0629538968205452
24346,0.06308580189943314
24347,0.055544063448905945
24348,0.03977889567613602
24349,0.02343970164656639
24350,0.012424367479979992
24351,0.00881287269294262
24352,0.011030001565814018
24353,0.015417499467730522
24354,0.019806738942861557
24355,0.021504150703549385
24356,0.02050919458270073
24357,0.016164207831025124
24358,0.010480456054210663
24359,0.005723564885556698
24360,0.004127311520278454
24361,0.0061890678480267525
24362,0.009809596464037895
24363,0.012148596346378326
24364,0.011157666333019733
24365,0.007744917180389166
24366,0.004384707659482956
24367,0.0032663436140865088
24368,0.004337073303759098
24369,0.006095353979617357
24370,0.006788507103919983
24371,0.006310786120593548
24372,0.005527185276150703
24373,0.004916141740977764
24374,0.004658808000385761
24375,0.004181759897619486
24376,0.003682547714561224
24377,0.0035865427926182747
24378,0.00380306551232934
24379,0.004200838040560484
24380,0.004295423161238432
24381,0.004078524187207222
24382,0.003741095308214426
24383,0.003336813533678651
24384,0.003018118441104889
24385,0.002944054314866662
24386,0.003153539029881358
24387,0.0033773507457226515
24388,0.0033860979601740837
24389,0.0032372106797993183
24390,0.0031228498555719852
24391,0.0033455058000981808
24392,0.0036708421539515257
24393,0.0037916279397904873
24394,0.0037240833044052124
24395,0.003366896416991949
24396,0.0031825206242501736
24397,0.0032739597372710705
24398,0.003391752950847149
24399,0.0035157406236976385
24400,0.003421046305447817
24401,0.003337505040690303
24402,0.003350912593305111
24403,0.0032668227795511484
24404,0.003148232586681843
24405,0.0030529024079442024
24406,0.0031775531824678183
24407,0.0033866518642753363
24408,0.003410494653508067
24409,0.0033152443356812
24410,0.003112663049250841
24411,0.003135815029963851
24412,0.003329358296468854
24413,0.0033642579801380634
24414,0.0032385126687586308
24415,0.0030078082345426083
24416,0.0030453104991465807
24417,0.0033098123967647552
24418,0.003432357683777809
24419,0.003351170103996992
24420,0.0030635991133749485
24421,0.003017142415046692
24422,0.003270532703027129
24423,0.003427831456065178
24424,0.0033684137742966413
24425,0.003055361332371831
24426,0.0029673301614820957
24427,0.0032263651955872774
24428,0.0034232940524816513
24429,0.0033600484021008015
24430,0.003002840094268322
24431,0.002895064651966095
24432,0.0032164929434657097
24433,0.003581973724067211
24434,0.00376215111464262
24435,0.003453298006206751
24436,0.0031999824568629265
24437,0.003426165319979191
24438,0.003782867453992367
24439,0.003949448466300964
24440,0.004153851885348558
24441,0.005169686861336231
24442,0.007560777477920055
24443,0.011506832204759121
24444,0.018161069601774216
24445,0.02495574578642845
24446,0.03470923751592636
24447,0.045441098511219025
24448,0.06070119887590408
24449,0.06436361372470856
24450,0.06479541957378387
24451,0.05089550465345383
24452,0.03724198415875435
24453,0.02921537682414055
24454,0.02885291911661625
24455,0.03138740360736847
24456,0.029276952147483826
24457,0.02504662424325943
24458,0.017786797136068344
24459,0.011319044977426529
24460,0.007985146716237068
24461,0.009087294340133667
24462,0.01398194208741188
24463,0.018384678289294243
24464,0.017067402601242065
24465,0.010578824207186699
24466,0.0041896807961165905
24467,0.0040243035182356834
24468,0.008254282176494598
24469,0.011188270524144173
24470,0.00902371946722269
24471,0.00497819110751152
24472,0.003980862908065319
24473,0.005646141245961189
24474,0.007398105226457119
24475,0.006646319292485714
24476,0.004873569589108229
24477,0.004286110866814852
24478,0.004451662767678499
24479,0.004584449343383312
24480,0.004066300578415394
24481,0.0036933699157088995
24482,0.003911804407835007
24483,0.0038850882556289434
24484,0.003641329472884536
24485,0.003359368769451976
24486,0.0037066154181957245
24487,0.0042177727445960045
24488,0.00418094452470541
24489,0.0040250420570373535
24490,0.003783059772104025
24491,0.004074716940522194
24492,0.004427194129675627
24493,0.004503814037889242
24494,0.004652957431972027
24495,0.004351270385086536
24496,0.004137473646551371
24497,0.004133900161832571
24498,0.00432824669405818
24499,0.005071550607681274
24500,0.005030485801398754
24501,0.004443647805601358
24502,0.003856278955936432
24503,0.0037299126852303743
24504,0.004434708505868912
24505,0.004718511365354061
24506,0.004414355847984552
24507,0.004011177457869053
24508,0.004011087119579315
24509,0.004866672679781914
24510,0.0051969680935144424
24511,0.004985574632883072
24512,0.004655891563743353
24513,0.004786453675478697
24514,0.005629994906485081
24515,0.006246393546462059
24516,0.006762148812413216
24517,0.007596785202622414
24518,0.009186135604977608
24519,0.012106272391974926
24520,0.01375106442719698
24521,0.015106240287423134
24522,0.015921449288725853
24523,0.01780172809958458
24524,0.019606340676546097
24525,0.02116527408361435
24526,0.021534353494644165
24527,0.020426811650395393
24528,0.017736805602908134
24529,0.014814416877925396
24530,0.010483668185770512
24531,0.007079978473484516
24532,0.005015536677092314
24533,0.004681185819208622
24534,0.005979154258966446
24535,0.006459972821176052
24536,0.006406029686331749
24537,0.0065886955708265305
24538,0.007504673674702644
24539,0.0091200927272439
24540,0.009581301361322403
24541,0.008742108009755611
24542,0.007515161298215389
24543,0.00641629658639431
24544,0.006135084200650454
24545,0.005515119526535273
24546,0.004739586729556322
24547,0.004026113077998161
24548,0.0037368766497820616
24549,0.0042854840867221355
24550,0.004290255252271891
24551,0.004108943976461887
24552,0.004259332083165646
24553,0.004877639934420586
24554,0.006096291355788708
24555,0.005951053462922573
24556,0.0049787904135882854
24557,0.004428037907928228
24558,0.004528977442532778
24559,0.005655061453580856
24560,0.00573066808283329
24561,0.004907455760985613
24562,0.004136866889894009
24563,0.0037402308080345392
24564,0.004061439540237188
24565,0.004134634509682655
24566,0.004183340817689896
24567,0.004565298557281494
24568,0.005354485474526882
24569,0.006912026554346085
24570,0.006690610200166702
24571,0.005458935163915157
24572,0.004665082786232233
24573,0.00447529461234808
24574,0.00506789144128561
24575,0.0055461665615439415
24576,0.006187701132148504
24577,0.0073908232152462006
24578,0.009215230122208595
24579,0.012276683002710342
24580,0.013375356793403625
24581,0.013851473107933998
24582,0.014656084589660168
24583,0.016732919961214066
24584,0.01929762400686741
24585,0.022819355130195618
24586,0.026928266510367393
24587,0.03103136643767357
24588,0.033336855471134186
24589,0.0345839262008667
24590,0.029538314789533615
24591,0.02348758839070797
24592,0.016819123178720474
24593,0.012416904792189598
24594,0.010425657033920288
24595,0.008341046050190926
24596,0.006097863893955946
24597,0.005055190064013004
24598,0.00503174401819706
24599,0.006481470540165901
24600,0.008039260283112526
24601,0.00909594725817442
24602,0.009382829070091248
24603,0.00891275703907013
24604,0.008833890780806541
24605,0.007267419248819351
24606,0.005759107880294323
24607,0.0050255050882697105
24608,0.005322324112057686
24609,0.007171410135924816
24610,0.007011002860963345
24611,0.005504447501152754
24612,0.004510026425123215
24613,0.00446575041860342
24614,0.005934273824095726
24615,0.006180049851536751
24616,0.005267552565783262
24617,0.004617329686880112
24618,0.004563800059258938
24619,0.0057898531667888165
24620,0.005502782762050629
24621,0.004379848018288612
24622,0.0038864649832248688
24623,0.0043969652615487576
24624,0.006340249441564083
24625,0.006118107587099075
24626,0.004408170934766531
24627,0.0034744483418762684
24628,0.0037066214717924595
24629,0.005387595389038324
24630,0.005347857251763344
24631,0.004101290833204985
24632,0.0036565212067216635
24633,0.0043034628033638
24634,0.006313219666481018
24635,0.006055598147213459
24636,0.004384604748338461
24637,0.0036199470050632954
24638,0.0040125250816345215
24639,0.005658441223204136
24640,0.00544276088476181
24641,0.004198651760816574
24642,0.004086743108928204
24643,0.005291341803967953
24644,0.008068213239312172
24645,0.008043181151151657
24646,0.006221030838787556
24647,0.005387692712247372
24648,0.005722894333302975
24649,0.007164324168115854
24650,0.008158844895660877
24651,0.010039491578936577
24652,0.014115963131189346
24653,0.02046304941177368
24654,0.030417513102293015
24655,0.033452123403549194
24656,0.03340313956141472
24657,0.032005298882722855
24658,0.03232410550117493
24659,0.031761087477207184
24660,0.03154183179140091
24661,0.029403269290924072
24662,0.024826062843203545
24663,0.01811201311647892
24664,0.011623356491327286
24665,0.006478169001638889
24666,0.007705814205110073
24667,0.01415531150996685
24668,0.023191653192043304
24669,0.033508241176605225
24670,0.028585681691765785
24671,0.016829809173941612
24672,0.007763212081044912
24673,0.00498841842636466
24674,0.008449720218777657
24675,0.009467467665672302
24676,0.0061233979649841785
24677,0.0036604178603738546
24678,0.0030281853396445513
24679,0.004260385874658823
24680,0.004126537591218948
24681,0.004395205993205309
24682,0.006775996647775173
24683,0.01021271850913763
24684,0.013720426708459854
24685,0.00909603014588356
24686,0.0036093697417527437
24687,0.004415114410221577
24688,0.009956521913409233
24689,0.017556462436914444
24690,0.01416412927210331
24691,0.005864120554178953
24692,0.0029830713756382465
24693,0.005299735348671675
24694,0.01071583479642868
24695,0.008871672675013542
24696,0.0037538898177444935
24697,0.0033820453099906445
24698,0.0067674810998141766
24699,0.011855334043502808
24700,0.008543003350496292
24701,0.003258993150666356
24702,0.004341802094131708
24703,0.009826546534895897
24704,0.016913261264562607
24705,0.012196406722068787
24706,0.004017667844891548
24707,0.0036672563292086124
24708,0.009229505434632301
24709,0.017368782311677933
24710,0.012953013181686401
24711,0.004175686277449131
24712,0.003600320778787136
24713,0.009233148768544197
24714,0.017473820596933365
24715,0.012504780665040016
24716,0.003707777475938201
24717,0.004282109439373016
24718,0.011500254273414612
24719,0.021004758775234222
24720,0.01446945033967495
24721,0.0038163105491548777
24722,0.004705372732132673
24723,0.01362522877752781
24724,0.02491060271859169
24725,0.016736023128032684
24726,0.0039241136983036995
24727,0.005304856225848198
24728,0.0163195189088583
24729,0.029378192499279976
24730,0.018711255863308907
24731,0.003714753082022071
24732,0.006916274316608906
24733,0.021524133160710335
24734,0.03668808937072754
24735,0.02134033665060997
24736,0.003353620646521449
24737,0.010399134829640388
24738,0.03091522864997387
24739,0.04806748777627945
24740,0.024147776886820793
24741,0.0029677576385438442
24742,0.01857594959437847
24743,0.048123665153980255
24744,0.06383059918880463
24745,0.0239962600171566
24746,0.004651179071515799
24747,0.04106541723012924
24748,0.07999733835458755
24749,0.07772813737392426
24750,0.014195390045642853
24751,0.02277379110455513
24752,0.10015957057476044
24753,0.11918918788433075
24754,0.05641721189022064
24755,0.00534811383113265
24756,0.10325583815574646
24757,0.18254855275154114
24758,0.08378761261701584
24759,0.004345481749624014
24760,0.09850111603736877
24761,0.1808287650346756
24762,0.08154964447021484
24763,0.008421860635280609
24764,0.10870005190372467
24765,0.14052006602287292
24766,0.03827880322933197
24767,0.031843431293964386
24768,0.10904540121555328
24769,0.05999946594238281
24770,0.01423717476427555
24771,0.04764090105891228
24772,0.04021017625927925
24773,0.01370925735682249
24774,0.02171911671757698
24775,0.0267605260014534
24776,0.005146608222275972
24777,0.019073255360126495
24778,0.02257058024406433
24779,0.007601953577250242
24780,0.012964676134288311
24781,0.027168836444616318
24782,0.015238191932439804
24783,0.0062278155237436295
24784,0.0214517991989851
24785,0.01593218930065632
24786,0.005593223962932825
24787,0.010654531419277191
24788,0.015052778646349907
24789,0.005664425902068615
24790,0.006143555976450443
24791,0.008151047863066196
24792,0.004511919338256121
24793,0.005410162266343832
24794,0.006165989208966494
24795,0.004307121504098177
24796,0.005948303267359734
24797,0.007871361449360847
24798,0.004015275742858648
24799,0.004568677395582199
24800,0.008057883009314537
24801,0.006561176851391792
24802,0.0034551438875496387
24803,0.005754853133112192
24804,0.006482454016804695
24805,0.004025542642921209
24806,0.0034835038240998983
24807,0.004552767612040043
24808,0.004185765981674194
24809,0.0033249189145863056
24810,0.003509729402139783
24811,0.003288891399279237
24812,0.003235537325963378
24813,0.003368131350725889
24814,0.003289602929726243
24815,0.003218697616830468
24816,0.0038970205932855606
24817,0.0036819209344685078
24818,0.0031182626262307167
24819,0.0034502889029681683
24820,0.004076342564076185
24821,0.003710202407091856
24822,0.003080539871007204
24823,0.003514021635055542
24824,0.003743494860827923
24825,0.0033661583438515663
24826,0.00305312592536211
24827,0.0032120179384946823
24828,0.0033311755396425724
24829,0.003123263129964471
24830,0.003020672360435128
24831,0.0030335381161421537
24832,0.0030251892749220133
24833,0.003022328484803438
24834,0.0030181582551449537
24835,0.0030267005786299706
24836,0.0030753547325730324
24837,0.0030506253242492676
24838,0.0029980328399688005
24839,0.0030115593690425158
24840,0.0031268559396266937
24841,0.0031780751887708902
24842,0.003024111036211252
24843,0.0029904567636549473
24844,0.0031071193516254425
24845,0.00316442409530282
24846,0.0030680561903864145
24847,0.0029581852722913027
24848,0.0030343541875481606
24849,0.0030870744958519936
24850,0.003039776813238859
24851,0.0029648402705788612
24852,0.002953887917101383
24853,0.0030042510479688644
24854,0.00299201556481421
24855,0.00296066259033978
24856,0.0029374121222645044
24857,0.002933453069999814
24858,0.0029420466162264347
24859,0.002936206990852952
24860,0.0029319413006305695
24861,0.0029294153209775686
24862,0.002922664163634181
24863,0.0029277214780449867
24864,0.002943989122286439
24865,0.0029631098732352257
24866,0.002974799368530512
24867,0.002969562541693449
24868,0.0029913494363427162
24869,0.0030564030166715384
24870,0.0031910426914691925
24871,0.003421519184485078
24872,0.00381606537848711
24873,0.004560110624879599
24874,0.0059482320211827755
24875,0.008244989439845085
24876,0.012284033000469208
24877,0.019123028963804245
24878,0.03132547438144684
24879,0.048576559871435165
24880,0.0735638439655304
24881,0.09170567989349365
24882,0.10336526483297348
24883,0.08344461023807526
24884,0.050171397626399994
24885,0.016072053462266922
24886,0.004460565745830536
24887,0.016518257558345795
24888,0.03510871157050133
24889,0.04380795359611511
24890,0.03417450934648514
24891,0.016148552298545837
24892,0.004314151126891375
24893,0.006455275230109692
24894,0.017230577766895294
24895,0.023863833397626877
24896,0.019942937418818474
24897,0.010344266891479492
24898,0.0042213196866214275
24899,0.0050271060317754745
24900,0.009338794276118279
24901,0.011991121806204319
24902,0.01070854440331459
24903,0.007184119429439306
24904,0.003944321069866419
24905,0.003649707417935133
24906,0.005578464828431606
24907,0.007179370149970055
24908,0.006785347126424313
24909,0.004710777662694454
24910,0.0032694453839212656
24911,0.0033169069793075323
24912,0.0041882009245455265
24913,0.004853672347962856
24914,0.004706745035946369
24915,0.004101114347577095
24916,0.003446967341005802
24917,0.003097877139225602
24918,0.0032374286092817783
24919,0.0036499793641269207
24920,0.003963337279856205
24921,0.003868511412292719
24922,0.0034345651511102915
24923,0.0030516996048390865
24924,0.0029918320942670107
24925,0.0031914033461362123
24926,0.003434491343796253
24927,0.0035273111425340176
24928,0.0034317653626203537
24929,0.0032212177757173777
24930,0.002998198149725795
24931,0.002936351578682661
24932,0.003069277387112379
24933,0.003249803790822625
24934,0.0033181870821863413
24935,0.0032028735149651766
24936,0.0030354659538716078
24937,0.002941867569461465
24938,0.0029357047751545906
24939,0.00298957503400743
24940,0.0030439510010182858
24941,0.003062053117901087
24942,0.003029966028407216
24943,0.0029612514190375805
24944,0.0029043981339782476
24945,0.0028937975876033306
24946,0.0029091343749314547
24947,0.002916487865149975
24948,0.0029127555899322033
24949,0.0029094452038407326
24950,0.002916269702836871
24951,0.002921215957030654
24952,0.0029085215646773577
24953,0.0028875060379505157
24954,0.00287287007085979
24955,0.0028686642181128263
24956,0.0028743534348905087
24957,0.002881245454773307
24958,0.0028859670273959637
24959,0.002890073461458087
24960,0.002887364476919174
24961,0.002876629587262869
24962,0.002861896064132452
24963,0.002848163479939103
24964,0.0028418267611414194
24965,0.0028430551756173372
24966,0.0028444482013583183
24967,0.002841731533408165
24968,0.0028368132188916206
24969,0.0028339114505797625
24970,0.0028349801432341337
24971,0.00283702346496284
24972,0.002835840219631791
24973,0.0028326516039669514
24974,0.00283022690564394
24975,0.002827179152518511
24976,0.0028229672461748123
24977,0.0028181287925690413
24978,0.002813447266817093
24979,0.0028103794902563095
24980,0.00280898273922503
24981,0.002807853277772665
24982,0.0028058679308742285
24983,0.0028031403198838234
24984,0.002800579648464918
24985,0.0027987693902105093
24986,0.002797852037474513
24987,0.0027969535440206528
24988,0.0027958208229392767
24989,0.0027947998605668545
24990,0.0027932748198509216
24991,0.002791467122733593
24992,0.002789996797218919
24993,0.0027884633745998144
24994,0.00278691784478724
24995,0.0027870796620845795
24996,0.0027900023851543665
24997,0.002795247361063957
24998,0.0028035552240908146
24999,0.0028166845440864563
25000,0.002832937054336071
25001,0.002855786355212331
25002,0.0028943046927452087
25003,0.002958396915346384
25004,0.003063229378312826
25005,0.0032407057005912066
25006,0.0035349540412425995
25007,0.004037186503410339
25008,0.004867891315370798
25009,0.006309724412858486
25010,0.00852295197546482
25011,0.012223427183926105
25012,0.017844190821051598
25013,0.02695966139435768
25014,0.03817271441221237
25015,0.05200667679309845
25016,0.05985204875469208
25017,0.06261435151100159
25018,0.051678285002708435
25019,0.035252977162599564
25020,0.01700206845998764
25021,0.00573835289105773
25022,0.00452482420951128
25023,0.011079041287302971
25024,0.020074397325515747
25025,0.025101318955421448
25026,0.024779949337244034
25027,0.01908150501549244
25028,0.011072940193116665
25029,0.004724978469312191
25030,0.003038686001673341
25031,0.005830425303429365
25032,0.009932883083820343
25033,0.011918626725673676
25034,0.010760929435491562
25035,0.008030986413359642
25036,0.005467432551085949
25037,0.004130652640014887
25038,0.0038433626759797335
25039,0.004514889791607857
25040,0.005698475055396557
25041,0.006453912705183029
25042,0.006233460269868374
25043,0.005000731907784939
25044,0.0038756257854402065
25045,0.0033377003856003284
25046,0.003314828034490347
25047,0.003498997073620558
25048,0.0038426273968070745
25049,0.004304574802517891
25050,0.0044641210697591305
25051,0.004132211208343506
25052,0.0034854887053370476
25053,0.0029979883693158627
25054,0.002886801492422819
25055,0.0029948411975055933
25056,0.0031009307131171227
25057,0.003189683426171541
25058,0.003280083416029811
25059,0.003314581699669361
25060,0.0032453732565045357
25061,0.0030918505508452654
25062,0.0029525982681661844
25063,0.0028662930708378553
25064,0.0028203490655869246
25065,0.0028017275035381317
25066,0.0028449699748307467
25067,0.0029385059606283903
25068,0.003013860434293747
25069,0.003030145540833473
25070,0.0029840562492609024
25071,0.002938715508207679
25072,0.0029045152477920055
25073,0.002852172125130892
25074,0.002788267098367214
25075,0.0027552414685487747
25076,0.0027816318906843662
25077,0.002817990258336067
25078,0.002816224005073309
25079,0.0027881001587957144
25080,0.0027804854325950146
25081,0.0028249577153474092
25082,0.00287178298458457
25083,0.0028757203835994005
25084,0.002851171651855111
25085,0.002824819181114435
25086,0.0028335554525256157
25087,0.002847404219210148
25088,0.0028283039573580027
25089,0.0027869143523275852
25090,0.002763777505606413
25091,0.002786386525258422
25092,0.002816681982949376
25093,0.0028143743984401226
25094,0.0027885492891073227
25095,0.0027638678438961506
25096,0.0027771161403506994
25097,0.002805895172059536
25098,0.0028062271885573864
25099,0.002775995060801506
25100,0.0027550598606467247
25101,0.0027867883909493685
25102,0.002851195866242051
25103,0.0029062642715871334
25104,0.0029476762283593416
25105,0.0029786955565214157
25106,0.0030637613963335752
25107,0.003229962196201086
25108,0.0034668948501348495
25109,0.0037756015080958605
25110,0.00428362749516964
25111,0.005116567015647888
25112,0.006542728282511234
25113,0.00867653638124466
25114,0.012175768613815308
25115,0.016495954245328903
25116,0.0230153426527977
25117,0.030325107276439667
25118,0.040467698127031326
25119,0.04659925401210785
25120,0.05134836584329605
25121,0.046043846756219864
25122,0.03779482841491699
25123,0.02668576128780842
25124,0.018174005672335625
25125,0.0130784185603261
25126,0.010416531935334206
25127,0.009592599235475063
25128,0.009994734078645706
25129,0.01239657774567604
25130,0.015254353173077106
25131,0.01692754402756691
25132,0.015776731073856354
25133,0.011660220101475716
25134,0.006727632135152817
25135,0.003557015908882022
25136,0.0032862513326108456
25137,0.0049187978729605675
25138,0.006470196880400181
25139,0.006795312277972698
25140,0.006166771054267883
25141,0.005445325281471014
25142,0.005160146858543158
25143,0.004883247427642345
25144,0.00439554825425148
25145,0.0036798203364014626
25146,0.0031788351479917765
25147,0.0031380485743284225
25148,0.0034873145632445812
25149,0.003941995557397604
25150,0.004183272831141949
25151,0.004207182209938765
25152,0.004014077130705118
25153,0.0037631732411682606
25154,0.0034851692616939545
25155,0.0032493704929947853
25156,0.0030891387723386288
25157,0.0029999143444001675
25158,0.002937426557764411
25159,0.0028744598384946585
25160,0.0028270245529711246
25161,0.0028502526693046093
25162,0.002957508899271488
25163,0.0030810171738266945
25164,0.003141718916594982
25165,0.0031062853522598743
25166,0.0030414294451475143
25167,0.003012680448591709
25168,0.003040474373847246
25169,0.003082410665228963
25170,0.0030572775285691023
25171,0.002966916188597679
25172,0.0028915926814079285
25173,0.0028451771941035986
25174,0.002825307659804821
25175,0.002814338542521
25176,0.002804652089253068
25177,0.002801208756864071
25178,0.002806943142786622
25179,0.002817420521751046
25180,0.0028113513253629208
25181,0.0027973863761872053
25182,0.002799027832224965
25183,0.002811416517943144
25184,0.002831041580066085
25185,0.002865914721041918
25186,0.002941596321761608
25187,0.0030633886344730854
25188,0.003250938607379794
25189,0.0035161306150257587
25190,0.003834896720945835
25191,0.004243009258061647
25192,0.004954891745001078
25193,0.006015167571604252
25194,0.0077503640204668045
25195,0.010156712494790554
25196,0.014039283618330956
25197,0.01905914582312107
25198,0.026824017986655235
25199,0.03463809937238693
25200,0.043649427592754364
25201,0.04620376601815224
25202,0.04708686098456383
25203,0.03962678462266922
25204,0.03075484000146389
25205,0.02079787291586399
25206,0.013406507670879364
25207,0.009412109851837158
25208,0.008205601945519447
25209,0.008725016377866268
25210,0.009822125546634197
25211,0.011744316667318344
25212,0.013424333184957504
25213,0.014387175440788269
25214,0.013667878694832325
25215,0.010898930951952934
25216,0.007198574021458626
25217,0.004189672879874706
25218,0.0030990794766694307
25219,0.0038645421154797077
25220,0.005372125655412674
25221,0.006590995937585831
25222,0.006956472992897034
25223,0.006445069797337055
25224,0.00541316345334053
25225,0.004225072450935841
25226,0.0035639149136841297
25227,0.0035502221435308456
25228,0.0039027445018291473
25229,0.004137737676501274
25230,0.0038721896708011627
25231,0.0034960955381393433
25232,0.003522691782563925
25233,0.003972576465457678
25234,0.004493697080761194
25235,0.004430979024618864
25236,0.0037811247166246176
25237,0.0032308916561305523
25238,0.00292480131611228
25239,0.002875130856409669
25240,0.0028499336913228035
25241,0.0027678553014993668
25242,0.002745852805674076
25243,0.0027577937580645084
25244,0.0027692089788615704
25245,0.00273549510166049
25246,0.0027979169972240925
25247,0.0029806627426296473
25248,0.0031701955012977123
25249,0.00327689410187304
25250,0.003133759368211031
25251,0.003001584205776453
25252,0.0030778467189520597
25253,0.0031875865533947945
25254,0.003200783859938383
25255,0.0029828280676156282
25256,0.0028596259653568268
25257,0.0030163985211402178
25258,0.0033203542698174715
25259,0.003588604275137186
25260,0.003416526596993208
25261,0.0030757770873606205
25262,0.0030245627276599407
25263,0.0031454605050385
25264,0.003282296471297741
25265,0.0032537514343857765
25266,0.0033253193832933903
25267,0.0036967776250094175
25268,0.004384813830256462
25269,0.00529052410274744
25270,0.005867451429367065
25271,0.006210495717823505
25272,0.007232723757624626
25273,0.0087587870657444
25274,0.011138340458273888
25275,0.014128101989626884
25276,0.01900624670088291
25277,0.02418927475810051
25278,0.03125447779893875
25279,0.03583964705467224
25280,0.03783337026834488
25281,0.03283990919589996
25282,0.02759299986064434
25283,0.021103043109178543
25284,0.016702404245734215
25285,0.013067075982689857
25286,0.009779118932783604
25287,0.0077433837577700615
25288,0.006511908955872059
25289,0.0058187078684568405
25290,0.005736763123422861
25291,0.006681657396256924
25292,0.008082840591669083
25293,0.009445542469620705
25294,0.00992614310234785
25295,0.008885442279279232
25296,0.007569887209683657
25297,0.006804993376135826
25298,0.006372283678501844
25299,0.005809243768453598
25300,0.004045517183840275
25301,0.002933291718363762
25302,0.003825861494988203
25303,0.005795028526335955
25304,0.007408651988953352
25305,0.0064190709963440895
25306,0.004455899819731712
25307,0.003916452638804913
25308,0.00477423332631588
25309,0.00614458043128252
25310,0.005620224867016077
25311,0.0038448621053248644
25312,0.0031333151273429394
25313,0.0032894951291382313
25314,0.003767977235838771
25315,0.0032641994766891003
25316,0.002640400780364871
25317,0.0030030137859284878
25318,0.003841268364340067
25319,0.004474716726690531
25320,0.0035260729491710663
25321,0.0026705521158874035
25322,0.0033313713502138853
25323,0.004826833494007587
25324,0.006185620091855526
25325,0.00509275309741497
25326,0.0032468242570757866
25327,0.003126162104308605
25328,0.004091922659426928
25329,0.005196727812290192
25330,0.004312385804951191
25331,0.0030648522078990936
25332,0.0034239888191223145
25333,0.004887267015874386
25334,0.006511567160487175
25335,0.0056486474350094795
25336,0.0038433512672781944
25337,0.003807167522609234
25338,0.004862952046096325
25339,0.006070992909371853
25340,0.005286520812660456
25341,0.004664332140237093
25342,0.00610159058123827
25343,0.009301943704485893
25344,0.013151722028851509
25345,0.013718277215957642
25346,0.011863411404192448
25347,0.0127439945936203
25348,0.014803370460867882
25349,0.01802569068968296
25350,0.01945856213569641
25351,0.023011432960629463
25352,0.02720528468489647
25353,0.032832011580467224
25354,0.03520477935671806
25355,0.030039966106414795
25356,0.020639674738049507
25357,0.01645083725452423
25358,0.016630349680781364
25359,0.019083991646766663
25360,0.015230038203299046
25361,0.008222563192248344
25362,0.005924984812736511
25363,0.006842263042926788
25364,0.008607053197920322
25365,0.006597238592803478
25366,0.005428159609436989
25367,0.00855343695729971
25368,0.013432035222649574
25369,0.01623222604393959
25370,0.011155849322676659
25371,0.005950327962636948
25372,0.007884230464696884
25373,0.01248388085514307
25374,0.014924397692084312
25375,0.007737212814390659
25376,0.0027299008797854185
25377,0.007318913005292416
25378,0.015042758546769619
25379,0.019276149570941925
25380,0.010885342955589294
25381,0.004290553275495768
25382,0.009114012122154236
25383,0.01685912534594536
25384,0.01951027661561966
25385,0.00991559773683548
25386,0.005472641438245773
25387,0.013538295403122902
25388,0.01960381120443344
25389,0.01745752990245819
25390,0.005947277881205082
25391,0.0075667304918169975
25392,0.021129459142684937
25393,0.02532798983156681
25394,0.018464159220457077
25395,0.007659852970391512
25396,0.015277001075446606
25397,0.028584055602550507
25398,0.023317094892263412
25399,0.013512118719518185
25400,0.014262082055211067
25401,0.027159923687577248
25402,0.0274211298674345
25403,0.012013878673315048
25404,0.013709943741559982
25405,0.02710079774260521
25406,0.024991268292069435
25407,0.009481132961809635
25408,0.01090327650308609
25409,0.027365177869796753
25410,0.023873373866081238
25411,0.00539266224950552
25412,0.007499070838093758
25413,0.022045686841011047
25414,0.020544204860925674
25415,0.008669634349644184
25416,0.006408844143152237
25417,0.01163371093571186
25418,0.014558995142579079
25419,0.018880385905504227
25420,0.013579937629401684
25421,0.004123012535274029
25422,0.008072243072092533
25423,0.019949287176132202
25424,0.025220073759555817
25425,0.011638760566711426
25426,0.005057967267930508
25427,0.014861347153782845
25428,0.02731640264391899
25429,0.03181332349777222
25430,0.016938339918851852
25431,0.005632835905998945
25432,0.019419552758336067
25433,0.04011039808392525
25434,0.03691992163658142
25435,0.010004308074712753
25436,0.007282283157110214
25437,0.035706162452697754
25438,0.054604388773441315
25439,0.03596802428364754
25440,0.0067812660709023476
25441,0.02436080388724804
25442,0.06184801459312439
25443,0.06037171930074692
25444,0.02015281654894352
25445,0.006888543721288443
25446,0.059260789304971695
25447,0.08307227492332458
25448,0.03942536562681198
25449,0.00543269794434309
25450,0.042646847665309906
25451,0.08614595234394073
25452,0.048028916120529175
25453,0.003859608666971326
25454,0.030893031507730484
25455,0.06468497216701508
25456,0.03974820300936699
25457,0.004787994548678398
25458,0.025800436735153198
25459,0.04704645276069641
25460,0.02175338938832283
25461,0.004665129818022251
25462,0.02124750427901745
25463,0.029041837900877
25464,0.010188160464167595
25465,0.005288892891258001
25466,0.014780394732952118
25467,0.014067872427403927
25468,0.00426445621997118
25469,0.006345055066049099
25470,0.010522935539484024
25471,0.005178265739232302
25472,0.0036020632833242416
25473,0.007294099312275648
25474,0.0071827322244644165
25475,0.0031664699781686068
25476,0.0060583665035665035
25477,0.008813009597361088
25478,0.005286220461130142
25479,0.0031654650811105967
25480,0.0069638816639781
25481,0.008952859789133072
25482,0.004557402338832617
25483,0.003251527901738882
25484,0.006477293558418751
25485,0.007046745624393225
25486,0.003890837775543332
25487,0.003110648365691304
25488,0.005303030367940664
25489,0.005262819118797779
25490,0.003231004811823368
25491,0.0029376554302871227
25492,0.004114633891731501
25493,0.00402973173186183
25494,0.0029701534658670425
25495,0.0029094680212438107
25496,0.0032539290841668844
25497,0.003070578910410404
25498,0.002722320146858692
25499,0.0028071023989468813
25500,0.002901759697124362
25501,0.0027040073182433844
25502,0.0027174262795597315
25503,0.0028687212616205215
25504,0.0028765976894646883
25505,0.002728923223912716
25506,0.0028878184966742992
25507,0.003032130654901266
25508,0.0028115338645875454
25509,0.002634048229083419
25510,0.002847743919119239
25511,0.0032133879140019417
25512,0.0030683125369250774
25513,0.0028442558832466602
25514,0.003071125131100416
25515,0.0035332778934389353
25516,0.0036819549277424812
25517,0.0035217697732150555
25518,0.00373716838657856
25519,0.004566702991724014
25520,0.0057497392408549786
25521,0.007486362941563129
25522,0.010219281539320946
25523,0.015219679102301598
25524,0.0224279947578907
25525,0.03247924894094467
25526,0.04258083552122116
25527,0.054940611124038696
25528,0.059802234172821045
25529,0.05905067175626755
25530,0.04385584592819214
25531,0.025357387959957123
25532,0.009431300684809685
25533,0.0036501975264400244
25534,0.007858269847929478
25535,0.016666386276483536
25536,0.024057377129793167
25537,0.024457300081849098
25538,0.0185602605342865
25539,0.00978183839470148
25540,0.00404773373156786
25541,0.003491467796266079
25542,0.006503023207187653
25543,0.010134667158126831
25544,0.0120500847697258
25545,0.011458984576165676
25546,0.008137013763189316
25547,0.004625916015356779
25548,0.0027802656404674053
25549,0.0033345865085721016
25550,0.005046031437814236
25551,0.00619319174438715
25552,0.006315309554338455
25553,0.005365248769521713
25554,0.003991259261965752
25555,0.0029359629843384027
25556,0.002668845234438777
25557,0.0031096264719963074
25558,0.0037247701548039913
25559,0.004066322930157185
25560,0.004071997012943029
25561,0.0038945304695516825
25562,0.0034886484500020742
25563,0.002994084032252431
25564,0.002656785771250725
25565,0.0026787372771650553
25566,0.0030115933623164892
25567,0.0033117071725428104
25568,0.0034043577034026384
25569,0.0033314358443021774
25570,0.003186465473845601
25571,0.003006794024258852
25572,0.002789231250062585
25573,0.002625178312882781
25574,0.0026395386084914207
25575,0.0028002820909023285
25576,0.0029403851367533207
25577,0.0029354412108659744
25578,0.0028396686539053917
25579,0.0027750858571380377
25580,0.0027715431060642004
25581,0.002754582092165947
25582,0.0026696077547967434
25583,0.0025833183899521828
25584,0.002569182077422738
25585,0.002614908618852496
25586,0.0026539447717368603
25587,0.002652841852977872
25588,0.0026436045300215483
25589,0.0026578777469694614
25590,0.0026789638213813305
25591,0.0026733623817563057
25592,0.002637735800817609
25593,0.0025979215279221535
25594,0.0025784799363464117
25595,0.002575446153059602
25596,0.0025685543660074472
25597,0.002552177757024765
25598,0.0025365466717630625
25599,0.0025318546686321497
25600,0.002535114763304591
25601,0.002536401152610779
25602,0.0025339743588119745
25603,0.0025314874947071075
25604,0.0025328390765935183
25605,0.0025368276983499527
25606,0.0025401113089174032
25607,0.0025427364744246006
25608,0.0025465195067226887
25609,0.002553515136241913
25610,0.00256294384598732
25611,0.0025750892236828804
25612,0.0025926907546818256
25613,0.0026195745449513197
25614,0.002659514080733061
25615,0.002715953392907977
25616,0.0027963523752987385
25617,0.002922913059592247
25618,0.00311632314696908
25619,0.003426123643293977
25620,0.0038665998727083206
25621,0.004556096624583006
25622,0.005618812516331673
25623,0.007382456213235855
25624,0.010008787736296654
25625,0.014035126194357872
25626,0.019161509349942207
25627,0.027013838291168213
25628,0.035210590809583664
25629,0.04529297351837158
25630,0.049050308763980865
25631,0.04932771623134613
25632,0.04043041542172432
25633,0.02890630066394806
25634,0.015810219570994377
25635,0.006615767255425453
25636,0.003084668656811118
25637,0.005214337259531021
25638,0.010786796920001507
25639,0.016222134232521057
25640,0.0189516581594944
25641,0.017506293952465057
25642,0.01355058141052723
25643,0.008711572736501694
25644,0.0051870569586753845
25645,0.0033343140967190266
25646,0.003398200264200568
25647,0.0050263842567801476
25648,0.007156401872634888
25649,0.008708047680556774
25650,0.008159667253494263
25651,0.006301761604845524
25652,0.004282196052372456
25653,0.0030483235605061054
25654,0.0027934634126722813
25655,0.003096872242167592
25656,0.003608740633353591
25657,0.004173615016043186
25658,0.004459261428564787
25659,0.004242194816470146
25660,0.0037238856311887503
25661,0.0033300321083515882
25662,0.003173695644363761
25663,0.00308852456510067
25664,0.00293131940998137
25665,0.002683997619897127
25666,0.0028123764786869287
25667,0.003338499227538705
25668,0.003838678589090705
25669,0.00401092367246747
25670,0.003542012069374323
25671,0.0030975237023085356
25672,0.0030590191017836332
25673,0.0031618245411664248
25674,0.0031085945665836334
25675,0.0027387444861233234
25676,0.002552188467234373
25677,0.002801706315949559
25678,0.0031559693161398172
25679,0.003244879189878702
25680,0.0028831700328737497
25681,0.002670289482921362
25682,0.002939593978226185
25683,0.003413281636312604
25684,0.003693169681355357
25685,0.0032629419583827257
25686,0.0027504004538059235
25687,0.0027424399740993977
25688,0.0030424771830439568
25689,0.0032462948001921177
25690,0.002929484937340021
25691,0.0025674551725387573
25692,0.002646563109010458
25693,0.0030286437831819057
25694,0.003352108644321561
25695,0.003044343087822199
25696,0.00259025557897985
25697,0.002570714568719268
25698,0.0028776386752724648
25699,0.003170747309923172
25700,0.0029233444947749376
25701,0.0025489809922873974
25702,0.0025700959376990795
25703,0.0029114377684891224
25704,0.0032745145726948977
25705,0.003044816665351391
25706,0.002623181091621518
25707,0.002581465058028698
25708,0.002848951378837228
25709,0.0031308431643992662
25710,0.0029495260678231716
25711,0.0027192390989512205
25712,0.0029269533697515726
25713,0.0035800416953861713
25714,0.00453287223353982
25715,0.00484593166038394
25716,0.005028165876865387
25717,0.005968911573290825
25718,0.008022390305995941
25719,0.011162247508764267
25720,0.016452616080641747
25721,0.02479100041091442
25722,0.03848985582590103
25723,0.053989775478839874
25724,0.07480362057685852
25725,0.07776327431201935
25726,0.07332466542720795
25727,0.05346858501434326
25728,0.03574303165078163
25729,0.022066231817007065
25730,0.012374687008559704
25731,0.007018087897449732
25732,0.009739808738231659
25733,0.018622230738401413
25734,0.02552296221256256
25735,0.022911909967660904
25736,0.014965785667300224
25737,0.01021328940987587
25738,0.00986128393560648
25739,0.01006532646715641
25740,0.006155041977763176
25741,0.005908632650971413
25742,0.011904952116310596
25743,0.016631703823804855
25744,0.015910273417830467
25745,0.007732007652521133
25746,0.0043551381677389145
25747,0.008278697729110718
25748,0.01179625652730465
25749,0.011382758617401123
25750,0.00684378482401371
25751,0.007813489064574242
25752,0.012695079669356346
25753,0.012882399372756481
25754,0.008095921948552132
25755,0.003629731247201562
25756,0.008746026083827019
25757,0.01640976592898369
25758,0.0153088653460145
25759,0.007350711617618799
25760,0.002793960040435195
25761,0.010735574178397655
25762,0.0192892886698246
25763,0.015891164541244507
25764,0.006194840185344219
25765,0.0033586877398192883
25766,0.013477425090968609
25767,0.02072363719344139
25768,0.01444311160594225
25769,0.00495406799018383
25770,0.005133877974003553
25771,0.015498830005526543
25772,0.019262373447418213
25773,0.010888706892728806
25774,0.0035922362003475428
25775,0.006893865764141083
25776,0.015714352950453758
25777,0.015760280191898346
25778,0.007124289870262146
25779,0.0027748148422688246
25780,0.007564743049442768
25781,0.013399689458310604
25782,0.011051196604967117
25783,0.004369050730019808
25784,0.003056015120819211
25785,0.0074411481618881226
25786,0.009861929342150688
25787,0.006737702526152134
25788,0.0029122489504516125
25789,0.0035537949297577143
25790,0.006403239909559488
25791,0.0064792996272444725
25792,0.003977766260504723
25793,0.0025485537480562925
25794,0.0037641385570168495
25795,0.004980948753654957
25796,0.004134303890168667
25797,0.0027817205991595984
25798,0.0027206754311919212
25799,0.0036679781042039394
25800,0.0037776771932840347
25801,0.002919224090874195
25802,0.002534782513976097
25803,0.002969353925436735
25804,0.003414308885112405
25805,0.0030315998010337353
25806,0.0025567924603819847
25807,0.0027591115795075893
25808,0.0031943656504154205
25809,0.0031964124646037817
25810,0.002682400168851018
25811,0.0026102622505277395
25812,0.0031018841546028852
25813,0.0033916730899363756
25814,0.0031047712545841932
25815,0.0025863524060696363
25816,0.0027865367010235786
25817,0.003412035061046481
25818,0.0035596871748566628
25819,0.0030607532244175673
25820,0.0025209796149283648
25821,0.0028839223086833954
25822,0.0036382058169692755
25823,0.003808428067713976
25824,0.003270372748374939
25825,0.00268684234470129
25826,0.0030712285079061985
25827,0.003940790891647339
25828,0.004204951226711273
25829,0.003697337582707405
25830,0.0032351436093449593
25831,0.0040399557910859585
25832,0.0057899863459169865
25833,0.007763690315186977
25834,0.009687181562185287
25835,0.012469051405787468
25836,0.01721942611038685
25837,0.025736026465892792
25838,0.03531521558761597
25839,0.046273380517959595
25840,0.05301298946142197
25841,0.05638513341546059
25842,0.04785306006669998
25843,0.03374052047729492
25844,0.015646502375602722
25845,0.004756661131978035
25846,0.004320566542446613
25847,0.011485770344734192
25848,0.020065218210220337
25849,0.023278405889868736
25850,0.021766070276498795
25851,0.016271362081170082
25852,0.011210041120648384
25853,0.0073032258078455925
25854,0.00520212622359395
25855,0.005269605666399002
25856,0.00772181898355484
25857,0.010987943038344383
25858,0.011784274131059647
25859,0.009198441170156002
25860,0.005066624842584133
25861,0.0030651341658085585
25862,0.004091997630894184
25863,0.005948943085968494
25864,0.006390764378011227
25865,0.005323739256709814
25866,0.005054615903645754
25867,0.006020396947860718
25868,0.006684647407382727
25869,0.005591378081589937
25870,0.00331875029951334
25871,0.0026478292420506477
25872,0.004267020151019096
25873,0.00611448846757412
25874,0.006312965415418148
25875,0.004683707375079393
25876,0.0036832927726209164
25877,0.004388245288282633
25878,0.005073930136859417
25879,0.004570516292005777
25880,0.0030795899219810963
25881,0.0029827645048499107
25882,0.0045183561742305756
25883,0.005539421923458576
25884,0.0048479740507900715
25885,0.0030524288304150105
25886,0.002979226177558303
25887,0.004704297985881567
25888,0.005942028481513262
25889,0.005268145352602005
25890,0.003152119694277644
25891,0.00282226107083261
25892,0.004709899891167879
25893,0.006320023909211159
25894,0.005934206303209066
25895,0.0037007497157901525
25896,0.0030629525426775217
25897,0.004840985871851444
25898,0.006369009148329496
25899,0.005840914323925972
25900,0.003426184644922614
25901,0.002870167838409543
25902,0.004951687529683113
25903,0.0068078236654400826
25904,0.006362998858094215
25905,0.003650376806035638
25906,0.002875796053558588
25907,0.00512592913582921
25908,0.00733538530766964
25909,0.007100588642060757
25910,0.004129171837121248
25911,0.003018933581188321
25912,0.0053065866231918335
25913,0.007621565833687782
25914,0.007314316928386688
25915,0.004046444781124592
25916,0.0029615056701004505
25917,0.005650022067129612
25918,0.008389844559133053
25919,0.008166398853063583
25920,0.0044692400842905045
25921,0.0031252920161932707
25922,0.0060819173231720924
25923,0.009010137990117073
25924,0.008587183430790901
25925,0.00441244151443243
25926,0.003166789887472987
25927,0.006761238910257816
25928,0.01018485613167286
25929,0.009671933017671108
25930,0.004856477491557598
25931,0.0034579955972731113
25932,0.007617071270942688
25933,0.011251261457800865
25934,0.010207487270236015
25935,0.004628331400454044
25936,0.003629845567047596
25937,0.008952930569648743
25938,0.013416320085525513
25939,0.012256558984518051
25940,0.0059280842542648315
25941,0.004939850885421038
25942,0.01121828518807888
25943,0.015401185490190983
25944,0.012758748605847359
25945,0.005842425860464573
25946,0.0075022378005087376
25947,0.017429739236831665
25948,0.025551768019795418
25949,0.025379229336977005
25950,0.02048051357269287
25951,0.023381585255265236
25952,0.03634220361709595
25953,0.040570762008428574
25954,0.033656127750873566
25955,0.024295125156641006
25956,0.03011954016983509
25957,0.04001818224787712
25958,0.03690169379115105
25959,0.019683685153722763
25960,0.007889836095273495
25961,0.015409747138619423
25962,0.026915743947029114
25963,0.024835802614688873
25964,0.01649043709039688
25965,0.015870247036218643
25966,0.02509477734565735
25967,0.03067266009747982
25968,0.02064373902976513
25969,0.009728539735078812
25970,0.010804614052176476
25971,0.02015923336148262
25972,0.021311024203896523
25973,0.013083722442388535
25974,0.008233154192566872
25975,0.012286216020584106
25976,0.01752166636288166
25977,0.015370802953839302
25978,0.010762162506580353
25979,0.009467597119510174
25980,0.01168593019247055
25981,0.012931713834404945
25982,0.010809551924467087
25983,0.008019985631108284
25984,0.006588703021407127
25985,0.0075809527188539505
25986,0.00945979356765747
25987,0.008825782686471939
25988,0.006062748376280069
25989,0.004491032566875219
25990,0.006103179417550564
25991,0.008042041212320328
25992,0.006361967418342829
25993,0.00357234850525856
25994,0.00381257850676775
25995,0.006056627258658409
25996,0.006174194626510143
25997,0.0036704912781715393
25998,0.0026940125972032547
25999,0.004359048791229725
26000,0.005288335960358381
26001,0.003861458972096443
26002,0.0025029561948031187
26003,0.0032589605543762445
26004,0.004361816216260195
26005,0.0037549957633018494
26006,0.002591736614704132
26007,0.0027013409417122602
26008,0.003550047753378749
26009,0.0035278410650789738
26010,0.002733115339651704
26011,0.0024971691891551018
26012,0.0030144343618303537
26013,0.003287701401859522
26014,0.0029602497816085815
26015,0.002618013182654977
26016,0.0027885225135833025
26017,0.0031631621532142162
26018,0.003248022636398673
26019,0.0031493925489485264
26020,0.0032385436352342367
26021,0.0037486921064555645
26022,0.004627526272088289
26023,0.005676823668181896
26024,0.007255739998072386
26025,0.009299278259277344
26026,0.012812960892915726
26027,0.017771748825907707
26028,0.024769019335508347
26029,0.032023776322603226
26030,0.040466826409101486
26031,0.044234536588191986
26032,0.045440226793289185
26033,0.037516236305236816
26034,0.026351124048233032
26035,0.013583909720182419
26036,0.005503328982740641
26037,0.003517651464790106
26038,0.006503221578896046
26039,0.011852039955556393
26040,0.01594521850347519
26041,0.01778753101825714
26042,0.015909889712929726
26043,0.011620860546827316
26044,0.006540090776979923
26045,0.003192937234416604
26046,0.0028292806819081306
26047,0.004648537840694189
26048,0.006758205592632294
26049,0.0077545614913105965
26050,0.007551944814622402
26051,0.006697450764477253
26052,0.005735992453992367
26053,0.004501099698245525
26054,0.0033362219110131264
26055,0.002655689837411046
26056,0.002997869160026312
26057,0.00408413028344512
26058,0.004997113719582558
26059,0.005213667638599873
26060,0.004492247477173805
26061,0.003695591352880001
26062,0.003256241325289011
26063,0.0030382901895791292
26064,0.0028561993967741728
26065,0.002668083179742098
26066,0.0027843681164085865
26067,0.003198829246684909
26068,0.003502904437482357
26069,0.0034252647310495377
26070,0.003078530775383115
26071,0.002918785670772195
26072,0.0030301723163574934
26073,0.0031382094603031874
26074,0.0030261653009802103
26075,0.0026250467635691166
26076,0.002433499088510871
26077,0.0026476597413420677
26078,0.0029973587952554226
26079,0.003184160217642784
26080,0.0029457081109285355
26081,0.002707874169573188
26082,0.002772032981738448
26083,0.0029530213214457035
26084,0.0029836108442395926
26085,0.002717058639973402
26086,0.0025192219763994217
26087,0.002624165965244174
26088,0.0028825318440794945
26089,0.003033353015780449
26090,0.002763287629932165
26091,0.0024594406131654978
26092,0.002474171109497547
26093,0.0026987972669303417
26094,0.002882953267544508
26095,0.002697569550946355
26096,0.0024385524448007345
26097,0.0024419010151177645
26098,0.002645796164870262
26099,0.002837624866515398
26100,0.0026830097194761038
26101,0.0024448405019938946
26102,0.002444786485284567
26103,0.0026564314030110836
26104,0.002912011928856373
26105,0.002802819712087512
26106,0.0025476794689893723
26107,0.0024946241173893213
26108,0.0026309886015951633
26109,0.0028136626351624727
26110,0.002799724228680134
26111,0.002816838212311268
26112,0.0031202000100165606
26113,0.003796031465753913
26114,0.004925718531012535
26115,0.00580646051093936
26116,0.006902982946485281
26117,0.00888424925506115
26118,0.012560125440359116
26119,0.01789121888577938
26120,0.026565158739686012
26121,0.03746004402637482
26122,0.05251158028841019
26123,0.06347515434026718
26124,0.0736255794763565
26125,0.06307584047317505
26126,0.04660511016845703
26127,0.02445119246840477
26128,0.010637806728482246
26129,0.007512625306844711
26130,0.010212303139269352
26131,0.014562088996171951
26132,0.01854139193892479
26133,0.02144552767276764
26134,0.020192628726363182
26135,0.014024002477526665
26136,0.006710630841553211
26137,0.0034187219571322203
26138,0.005290906876325607
26139,0.008577471598982811
26140,0.009088782593607903
26141,0.00860230065882206
26142,0.009516619145870209
26143,0.010571226477622986
26144,0.010090317577123642
26145,0.0055123730562627316
26146,0.002549476455897093
26147,0.004411683883517981
26148,0.008162624202668667
26149,0.01030995324254036
26150,0.0073121655732393265
26151,0.004348811227828264
26152,0.00463113933801651
26153,0.006041672546416521
26154,0.006529050879180431
26155,0.004408299922943115
26156,0.0037819219287484884
26157,0.005993785336613655
26158,0.007696444168686867
26159,0.006943496875464916
26160,0.0034729507751762867
26161,0.0029067506548017263
26162,0.006311178207397461
26163,0.009195081889629364
26164,0.008709446527063847
26165,0.003995953127741814
26166,0.0029097702354192734
26167,0.007387638092041016
26168,0.01157393679022789
26169,0.01148375403136015
26170,0.005238139536231756
26171,0.003072859952226281
26172,0.007964096963405609
26173,0.012757624499499798
26174,0.01240965723991394
26175,0.005310783162713051
26176,0.0035352809354662895
26177,0.009763127192854881
26178,0.014911682344973087
26179,0.013193607330322266
26180,0.00463011022657156
26181,0.0038576098158955574
26182,0.012298870831727982
26183,0.01808195188641548
26184,0.014998565427958965
26185,0.00462286826223135
26186,0.005014962982386351
26187,0.015784794464707375
26188,0.021491926163434982
26189,0.016167238354682922
26190,0.004441622644662857
26191,0.007407885976135731
26192,0.02064286172389984
26193,0.02449692040681839
26194,0.01516669150441885
26195,0.0033942207228392363
26196,0.011262636631727219
26197,0.0267641618847847
26198,0.026397820562124252
26199,0.01244090124964714
26200,0.003275504568591714
26201,0.017363302409648895
26202,0.032311853021383286
26203,0.02468433603644371
26204,0.007828513160347939
26205,0.00558437267318368
26206,0.02455805242061615
26207,0.03340323269367218
26208,0.017794055864214897
26209,0.0035284904297441244
26210,0.010658429935574532
26211,0.028218252584338188
26212,0.026400726288557053
26213,0.008581910282373428
26214,0.003636180190369487
26215,0.015980375930666924
26216,0.02397075667977333
26217,0.013978837057948112
26218,0.003121266607195139
26219,0.007387116551399231
26220,0.01619156077504158
26221,0.013707361184060574
26222,0.004754920490086079
26223,0.0036664213985204697
26224,0.009713295847177505
26225,0.010809436440467834
26226,0.005207397043704987
26227,0.0028483117930591106
26228,0.006111818365752697
26229,0.008210115134716034
26230,0.005086231045424938
26231,0.0027100250590592623
26232,0.004707416985183954
26233,0.0066640074364840984
26234,0.005077117122709751
26235,0.0026738224551081657
26236,0.0037526441738009453
26237,0.005949718877673149
26238,0.005268281325697899
26239,0.0029932870529592037
26240,0.0028075368609279394
26241,0.004846767522394657
26242,0.005432409234344959
26243,0.003606240963563323
26244,0.002433872316032648
26245,0.003448371309787035
26246,0.004738101735711098
26247,0.004097035154700279
26248,0.002661700127646327
26249,0.0025763825979083776
26250,0.003598493058234453
26251,0.003872427623718977
26252,0.003015562891960144
26253,0.002386673353612423
26254,0.002777912188321352
26255,0.003293285146355629
26256,0.003035379806533456
26257,0.002490625949576497
26258,0.0024388893507421017
26259,0.0028185113333165646
26260,0.0029516166541725397
26261,0.0027428949251770973
26262,0.0027635470032691956
26263,0.0032914106268435717
26264,0.004172402434051037
26265,0.005051197484135628
26266,0.006579336244612932
26267,0.009725488722324371
26268,0.015601709485054016
26269,0.024866588413715363
26270,0.040265507996082306
26271,0.05899563804268837
26272,0.08263750374317169
26273,0.09343013167381287
26274,0.0915614664554596
26275,0.061431825160980225
26276,0.029118891805410385
26277,0.007535487879067659
26278,0.0069557842798531055
26279,0.022798458114266396
26280,0.0390520840883255
26281,0.046822644770145416
26282,0.03683430328965187
26283,0.018212739378213882
26284,0.004653112962841988
26285,0.0048798248171806335
26286,0.014602990821003914
26287,0.02335761860013008
26288,0.024843618273735046
26289,0.017788322642445564
26290,0.01007052045315504
26291,0.006159239448606968
26292,0.006392314564436674
26293,0.008096517994999886
26294,0.009715767577290535
26295,0.01042218878865242
26296,0.008689140900969505
26297,0.0055704787373542786
26298,0.0032516419887542725
26299,0.003914260305464268
26300,0.006399823818355799
26301,0.007580138742923737
26302,0.006606248673051596
26303,0.004206417594105005
26304,0.0027280403301119804
26305,0.0028718276880681515
26306,0.0037353159859776497
26307,0.004382860381156206
26308,0.004291091579943895
26309,0.0038228207267820835
26310,0.003266081213951111
26311,0.0028192533645778894
26312,0.002626273315399885
26313,0.0027685114182531834
26314,0.0031261404510587454
26315,0.003363568102940917
26316,0.0032774365972727537
26317,0.0029099269304424524
26318,0.0025598504580557346
26319,0.002465294674038887
26320,0.0025987657718360424
26321,0.002792243380099535
26322,0.0028848641086369753
26323,0.0028607258573174477
26324,0.0027614301070570946
26325,0.0026152790524065495
26326,0.002493971958756447
26327,0.0024589344393461943
26328,0.0025174212642014027
26329,0.0026221347507089376
26330,0.0026685758493840694
26331,0.0026346291415393353
26332,0.002558163832873106
26333,0.002476432593539357
26334,0.002433694899082184
26335,0.002425592625513673
26336,0.002452197717502713
26337,0.002484614495187998
26338,0.0024933787062764168
26339,0.00247604469768703
26340,0.002444869140163064
26341,0.0024448863696306944
26342,0.002464394550770521
26343,0.0024732649326324463
26344,0.002454934408888221
26345,0.0024032052606344223
26346,0.0023816218599677086
26347,0.002409621374681592
26348,0.002452859887853265
26349,0.0024755322374403477
26350,0.0024390153121203184
26351,0.0023974294308573008
26352,0.0023954377975314856
26353,0.002412449801340699
26354,0.0024206789676100016
26355,0.0023909492883831263
26356,0.0023621011059731245
26357,0.002364233136177063
26358,0.002384609542787075
26359,0.0024025326129049063
26360,0.002379616955295205
26361,0.00235060416162014
26362,0.002348776673898101
26363,0.002363242208957672
26364,0.0023810185957700014
26365,0.002365980064496398
26366,0.0023445645347237587
26367,0.0023442369420081377
26368,0.002349197631701827
26369,0.0023506830912083387
26370,0.002333486219868064
26371,0.00232952949590981
26372,0.0023518670350313187
26373,0.0023803855292499065
26374,0.002405941253527999
26375,0.002393680391833186
26376,0.002382080303505063
26377,0.0024107133504003286
26378,0.0024508365895599127
26379,0.00249087018892169
26380,0.0025602709501981735
26381,0.002746699610725045
26382,0.003095860593020916
26383,0.003695181105285883
26384,0.004644383676350117
26385,0.0059397267177701
26386,0.0076752919703722
26387,0.010842930525541306
26388,0.01522151380777359
26389,0.022079719230532646
26390,0.028450604528188705
26391,0.03559619188308716
26392,0.036943819373846054
26393,0.035158976912498474
26394,0.025641992688179016
26395,0.015024114400148392
26396,0.006178032606840134
26397,0.003074693027883768
26398,0.005376709159463644
26399,0.010270889848470688
26400,0.01434277556836605
26401,0.014723772183060646
26402,0.013123881071805954
26403,0.009562220424413681
26404,0.006129603832960129
26405,0.0038243294693529606
26406,0.0029987271409481764
26407,0.0035193832591176033
26408,0.004688777960836887
26409,0.005816125776618719
26410,0.006350573152303696
26411,0.006217110902070999
26412,0.0053371950052678585
26413,0.004092066548764706
26414,0.002978676464408636
26415,0.0023950133472681046
26416,0.0026871792506426573
26417,0.003576836548745632
26418,0.0044345976784825325
26419,0.004791186191141605
26420,0.004354810807853937
26421,0.003602555487304926
26422,0.0030945700127631426
26423,0.0027989442460238934
26424,0.0026571652851998806
26425,0.0025259668473154306
26426,0.0026076710782945156
26427,0.002950850175693631
26428,0.0032232506200671196
26429,0.003199847647920251
26430,0.002837273757904768
26431,0.0026402114890515804
26432,0.002804600168019533
26433,0.0031087181996554136
26434,0.00325901061296463
26435,0.002870636060833931
26436,0.002441546181216836
26437,0.002455427311360836
26438,0.0027234486769884825
26439,0.0029863021336495876
26440,0.002807015087455511
26441,0.002512754173949361
26442,0.0025381792802363634
26443,0.002678843215107918
26444,0.002713119378313422
26445,0.002460762858390808
26446,0.0023441019002348185
26447,0.002588338917121291
26448,0.002961142919957638
26449,0.0031856794375926256
26450,0.002808815333992243
26451,0.0023871632292866707
26452,0.0024542147293686867
26453,0.0027530211955308914
26454,0.0029641413129866123
26455,0.0026368899270892143
26456,0.0022904262878000736
26457,0.0024205385707318783
26458,0.0028238159138709307
26459,0.003188368398696184
26460,0.002875362057238817
26461,0.002386436564847827
26462,0.002384587423875928
26463,0.0026623080484569073
26464,0.0029005592223256826
26465,0.002619817852973938
26466,0.0023601532448083162
26467,0.0026304046623408794
26468,0.0032945815473794937
26469,0.00408649817109108
26470,0.004036420024931431
26471,0.0035815928131341934
26472,0.0038072229363024235
26473,0.004488319158554077
26474,0.005453881341964006
26475,0.006722577847540379
26476,0.009551573544740677
26477,0.014019121415913105
26478,0.02143886312842369
26479,0.030060356482863426
26480,0.03787530958652496
26481,0.038970865309238434
26482,0.04150499403476715
26483,0.03769061714410782
26484,0.03327620029449463
26485,0.025388365611433983
26486,0.018757466226816177
26487,0.013361955061554909
26488,0.010225441306829453
26489,0.008457401767373085
26490,0.007652083411812782
26491,0.009447289630770683
26492,0.012719308026134968
26493,0.016600394621491432
26494,0.018084987998008728
26495,0.015116172842681408
26496,0.010832095518708229
26497,0.009354371577501297
26498,0.010329511016607285
26499,0.011674651876091957
26500,0.008765239268541336
26501,0.004094737581908703
26502,0.002818052191287279
26503,0.004873480647802353
26504,0.007992670871317387
26505,0.007397420704364777
26506,0.0046014003455638885
26507,0.00363179761916399
26508,0.004767512436956167
26509,0.006628972478210926
26510,0.005243930034339428
26511,0.0026678896974772215
26512,0.0026607431937009096
26513,0.004465172998607159
26514,0.006447706371545792
26515,0.005028314422816038
26516,0.003014013869687915
26517,0.0037558232434093952
26518,0.005661163479089737
26519,0.006932086776942015
26520,0.004362584091722965
26521,0.0024177548475563526
26522,0.0043054623529314995
26523,0.00755371293053031
26524,0.00945923663675785
26525,0.005739990156143904
26526,0.0025464000646024942
26527,0.00462325569242239
26528,0.008645042777061462
26529,0.011119564063847065
26530,0.006696836091578007
26531,0.0027969188522547483
26532,0.00524061219766736
26533,0.009726790711283684
26534,0.012065588496625423
26535,0.006390607915818691
26536,0.002432402689009905
26537,0.006269630044698715
26538,0.012282322160899639
26539,0.014997007325291634
26540,0.007626599166542292
26541,0.002707177773118019
26542,0.007648130878806114
26543,0.014584600925445557
26544,0.0169321708381176
26545,0.0077787828631699085
26546,0.0032038958743214607
26547,0.010460620746016502
26548,0.018064476549625397
26549,0.018678104504942894
26550,0.007117092609405518
26551,0.004483941942453384
26552,0.01557929627597332
26553,0.022971492260694504
26554,0.019954651594161987
26555,0.0065563758835196495
26556,0.008546847850084305
26557,0.023832567036151886
26558,0.02648860774934292
26559,0.016981398686766624
26560,0.006233378313481808
26561,0.017413415014743805
26562,0.032972097396850586
26563,0.02413085848093033
26564,0.011184420436620712
26565,0.013446350581943989
26566,0.029646966606378555
26567,0.030200008302927017
26568,0.0113982567563653
26569,0.012854678556323051
26570,0.028546465560793877
26571,0.02595328539609909
26572,0.008757025934755802
26573,0.010702653788030148
26574,0.027642659842967987
26575,0.023675821721553802
26576,0.004958033096045256
26577,0.008051932789385319
26578,0.021452881395816803
26579,0.01730278506875038
26580,0.006493733264505863
26581,0.007521297316998243
26582,0.01299259252846241
26583,0.015694845467805862
26584,0.02124413102865219
26585,0.01833255961537361
26586,0.010213957168161869
26587,0.014908765442669392
26588,0.025831324979662895
26589,0.02917848527431488
26590,0.018022121861577034
26591,0.018101857975125313
26592,0.03145424276590347
26593,0.045801177620887756
26594,0.046992406249046326
26595,0.028972726315259933
26596,0.01274888589978218
26597,0.023650528863072395
26598,0.04060833156108856
26599,0.032453346997499466
26600,0.008205439895391464
26601,0.013493821024894714
26602,0.041039787232875824
26603,0.0464058518409729
26604,0.02053193561732769
26605,0.004194987937808037
26606,0.03336572274565697
26607,0.05800988897681236
26608,0.04061461612582207
26609,0.009257451631128788
26610,0.017588363960385323
26611,0.06016113609075546
26612,0.05653613060712814
26613,0.014014001004397869
26614,0.010702171362936497
26615,0.04792409390211105
26616,0.056131914258003235
26617,0.017409220337867737
26618,0.005365458782762289
26619,0.03263762593269348
26620,0.04004288464784622
26621,0.015457551926374435
26622,0.00482074823230505
26623,0.02369217947125435
26624,0.026582734659314156
26625,0.009594064205884933
26626,0.004386814311146736
26627,0.0159161277115345
26628,0.0158180370926857
26629,0.005250348709523678
26630,0.004298131912946701
26631,0.009820237755775452
26632,0.008654695935547352
26633,0.0034580454230308533
26634,0.004905171226710081
26635,0.006804849021136761
26636,0.003975114785134792
26637,0.0028284802101552486
26638,0.005375991575419903
26639,0.005844941362738609
26640,0.0034056701697409153
26641,0.004067104309797287
26642,0.006006736773997545
26643,0.0043512205593287945
26644,0.002679486060515046
26645,0.004616586957126856
26646,0.006831556558609009
26647,0.004446160979568958
26648,0.0023885308764874935
26649,0.004091859795153141
26650,0.00576353445649147
26651,0.00433143088594079
26652,0.002397953299805522
26653,0.0034796446561813354
26654,0.004717947915196419
26655,0.003812774084508419
26656,0.0024267046246677637
26657,0.0027993840631097555
26658,0.0037108464166522026
26659,0.003328865859657526
26660,0.002494649263098836
26661,0.0024533341638743877
26662,0.0028683808632194996
26663,0.0027864498551934958
26664,0.0023878503125160933
26665,0.0023279169108718634
26666,0.0024315668269991875
26667,0.0024066728074103594
26668,0.0023254165425896645
26669,0.0023363095242530107
26670,0.0023494837805628777
26671,0.002271211938932538
26672,0.002272952115163207
26673,0.0023068059235811234
26674,0.0023283245973289013
26675,0.002294305944815278
26676,0.0023450395092368126
26677,0.0023823471274226904
26678,0.0023103931453078985
26679,0.0022606593556702137
26680,0.002329140668734908
26681,0.0024832100607454777
26682,0.002440896350890398
26683,0.002292090328410268
26684,0.002293332014232874
26685,0.002462005941197276
26686,0.0025729455519467592
26687,0.0024159562308341265
26688,0.0022363325115293264
26689,0.002279499312862754
26690,0.0024637358728796244
26691,0.0025437192525714636
26692,0.0024286380503326654
26693,0.002416239120066166
26694,0.0026625427417457104
26695,0.0029775239527225494
26696,0.0031798724085092545
26697,0.0034078604076057673
26698,0.0040079872123897076
26699,0.005296597257256508
26700,0.007405055686831474
26701,0.011056382209062576
26702,0.01668231561779976
26703,0.026200678199529648
26704,0.038249239325523376
26705,0.052831199020147324
26706,0.060773707926273346
26707,0.06470958888530731
26708,0.053425855934619904
26709,0.03609123080968857
26710,0.01592475362122059
26711,0.004177555907517672
26712,0.0038518961519002914
26713,0.011956032365560532
26714,0.021835727617144585
26715,0.02600828930735588
26716,0.023477371782064438
26717,0.015030856244266033
26718,0.006670012138783932
26719,0.002557956613600254
26720,0.0038955321069806814
26721,0.008230090141296387
26722,0.011762699112296104
26723,0.012365087866783142
26724,0.009457394480705261
26725,0.005623457487672567
26726,0.0029468133579939604
26727,0.002645358443260193
26728,0.004240386188030243
26729,0.006196978501975536
26730,0.006902617402374744
26731,0.005757743492722511
26732,0.003941833972930908
26733,0.0025889987591654062
26734,0.0023643055465072393
26735,0.0029793023131787777
26736,0.0036955950781702995
26737,0.004059882834553719
26738,0.003811232279986143
26739,0.0031986709218472242
26740,0.0026370384730398655
26741,0.0023575900122523308
26742,0.002344530075788498
26743,0.002510880585759878
26744,0.0027267467230558395
26745,0.0028965389356017113
26746,0.0029557456728070974
26747,0.0028213514015078545
26748,0.0025709138717502356
26749,0.0023388436529785395
26750,0.0022494106087833643
26751,0.002331571187824011
26752,0.002473631873726845
26753,0.0025802464224398136
26754,0.002623083768412471
26755,0.002585546812042594
26756,0.0024907540064305067
26757,0.0023728995583951473
26758,0.0022657301742583513
26759,0.0022211226169019938
26760,0.0022522194776684046
26761,0.002317108679562807
26762,0.0023506206925958395
26763,0.002331577939912677
26764,0.002298446837812662
26765,0.002296860795468092
26766,0.0023197541013360023
26767,0.0023165482562035322
26768,0.0022777735721319914
26769,0.002232183236628771
26770,0.002208685502409935
26771,0.0022188685834407806
26772,0.0022362694144248962
26773,0.0022375190164893866
26774,0.0022294577211141586
26775,0.0022259096149355173
26776,0.00223911483772099
26777,0.0022552991285920143
26778,0.002251171041280031
26779,0.002228759229183197
26780,0.002212734892964363
26781,0.002221885370090604
26782,0.0022429993841797113
26783,0.0022559466306120157
26784,0.002252695383504033
26785,0.0022326516918838024
26786,0.0022207421716302633
26787,0.0022285254672169685
26788,0.002237393520772457
26789,0.0022344773169606924
26790,0.00222744676284492
26791,0.002238581655547023
26792,0.002273803111165762
26793,0.0023282142356038094
26794,0.0023936941288411617
26795,0.0024443836882710457
26796,0.002501419745385647
26797,0.0026230434887111187
26798,0.002818373031914234
26799,0.0031231215689331293
26800,0.003585279220715165
26801,0.004343941807746887
26802,0.005501357838511467
26803,0.007408490404486656
26804,0.010121744126081467
26805,0.013895977288484573
26806,0.017961207777261734
26807,0.023810099810361862
26808,0.028800204396247864
26809,0.034031882882118225
26810,0.0341336764395237
26811,0.03167172148823738
26812,0.024061884731054306
26813,0.01579757034778595
26814,0.008026793599128723
26815,0.0034823212772607803
26816,0.0025243288837373257
26817,0.004458695184439421
26818,0.00793515145778656
26819,0.011259812861680984
26820,0.01342864241451025
26821,0.013381214812397957
26822,0.011764638125896454
26823,0.008786470629274845
26824,0.005770976655185223
26825,0.003447300521656871
26826,0.002408968983218074
26827,0.002584480680525303
26828,0.0035273199900984764
26829,0.004675448406487703
26830,0.005421417765319347
26831,0.0055587682873010635
26832,0.0050685591995716095
26833,0.004256252199411392
26834,0.003326636040583253
26835,0.002619097474962473
26836,0.0022484955843538046
26837,0.0022224748972803354
26838,0.0024592485278844833
26839,0.0028145976830273867
26840,0.003136569866910577
26841,0.003305263351649046
26842,0.0033272365108132362
26843,0.003190679242834449
26844,0.0029755018185824156
26845,0.0027117866557091475
26846,0.002470065141096711
26847,0.002289058407768607
26848,0.002186895115301013
26849,0.002161282580345869
26850,0.002192714950069785
26851,0.002254860708490014
26852,0.0023290091194212437
26853,0.0023975754156708717
26854,0.0024473550729453564
26855,0.002477128989994526
26856,0.0024875826202332973
26857,0.0024892534129321575
26858,0.002481102477759123
26859,0.0024698080960661173
26860,0.002438184805214405
26861,0.002398646203801036
26862,0.0023636126425117254
26863,0.0023369668051600456
26864,0.0023164565209299326
26865,0.0023055768106132746
26866,0.0023012293968349695
26867,0.002302928129211068
26868,0.002310800366103649
26869,0.0023287448566406965
26870,0.0023449454456567764
26871,0.00236457958817482
26872,0.0023986883461475372
26873,0.0024566701613366604
26874,0.0025433495175093412
26875,0.0026711623650044203
26876,0.002850851509720087
26877,0.0031319097615778446
26878,0.003542184131219983
26879,0.004190510138869286
26880,0.005006380379199982
26881,0.0062074214220047
26882,0.007908746600151062
26883,0.010638142004609108
26884,0.014196440577507019
26885,0.01915682479739189
26886,0.024078771471977234
26887,0.030963387340307236
26888,0.03590542823076248
26889,0.041243672370910645
26890,0.03976976126432419
26891,0.03591366112232208
26892,0.02700285241007805
26893,0.01798369735479355
26894,0.009807588532567024
26895,0.004770514089614153
26896,0.0030796057544648647
26897,0.004406694322824478
26898,0.007686755619943142
26899,0.011211346834897995
26900,0.013799402862787247
26901,0.01416684128344059
26902,0.01262606866657734
26903,0.009524419903755188
26904,0.006351269781589508
26905,0.0037578295450657606
26906,0.0025142263621091843
26907,0.002683843718841672
26908,0.0037991784047335386
26909,0.005171481519937515
26910,0.005920282565057278
26911,0.005802634172141552
26912,0.004964827094227076
26913,0.003924061078578234
26914,0.0029857137706130743
26915,0.002463562646880746
26916,0.002327920636162162
26917,0.0024377258960157633
26918,0.0026794415898621082
26919,0.0029128375463187695
26920,0.0030821135733276606
26921,0.003217692719772458
26922,0.0033273384906351566
26923,0.0033661245834082365
26924,0.0033318237401545048
26925,0.003019860479980707
26926,0.0026024337857961655
26927,0.0022973939776420593
26928,0.002154682297259569
26929,0.0021546792704612017
26930,0.0022080272901803255
26931,0.002229328267276287
26932,0.002243368187919259
26933,0.0022599741350859404
26934,0.0022752098739147186
26935,0.002320976695045829
26936,0.0023990552872419357
26937,0.0024765573907643557
26938,0.0025528916157782078
26939,0.0026337597519159317
26940,0.0026026656851172447
26941,0.0025082172360271215
26942,0.0024390944745391607
26943,0.002400880679488182
26944,0.0023823082447052
26945,0.0024075235705822706
26946,0.0024755073245614767
26947,0.002566608367487788
26948,0.0026942973490804434
26949,0.0028879072051495314
26950,0.0029893286991864443
26951,0.0030321304220706224
26952,0.003124268725514412
26953,0.003319988027215004
26954,0.0036201351322233677
26955,0.0041929977014660835
26956,0.0050582969561219215
26957,0.006367960013449192
26958,0.008088546805083752
26959,0.010748479515314102
26960,0.01307425182312727
26961,0.01590009778738022
26962,0.01849231868982315
26963,0.02217886596918106
26964,0.0242601465433836
26965,0.02644702047109604
26966,0.025515684857964516
26967,0.023800645023584366
26968,0.019561540335416794
26969,0.0151664512231946
26970,0.010656861588358879
26971,0.007361619267612696
26972,0.005463890731334686
26973,0.00488527026027441
26974,0.005301292985677719
26975,0.005868034437298775
26976,0.006553940009325743
26977,0.0073147546499967575
26978,0.008257651701569557
26979,0.00887194462120533
26980,0.009175468236207962
26981,0.008727753534913063
26982,0.0076178074814379215
26983,0.006030298303812742
26984,0.0044386419467628
26985,0.0031252531334757805
26986,0.002361334627494216
26987,0.0021866264287382364
26988,0.002496313536539674
26989,0.0031064595095813274
26990,0.0037223240360617638
26991,0.00415841955691576
26992,0.004311549477279186
26993,0.004221625626087189
26994,0.003923363052308559
26995,0.003582548350095749
26996,0.0032771057449281216
26997,0.0030400508549064398
26998,0.0028815190307796
26999,0.002819910179823637
27000,0.002681632759049535
27001,0.0024985321797430515
27002,0.0023564002476632595
27003,0.0022557845804840326
27004,0.0022132399026304483
27005,0.0022317308466881514
27006,0.002261877991259098
27007,0.002269043819978833
27008,0.0022536213509738445
27009,0.0022367488127201796
27010,0.0022708727046847343
27011,0.0023861241061240435
27012,0.002544248243793845
27013,0.002731169108301401
27014,0.002977874595671892
27015,0.0031130402348935604
27016,0.003194643184542656
27017,0.00334321241825819
27018,0.003605367848649621
27019,0.003966314252465963
27020,0.004653987009078264
27021,0.005674884654581547
27022,0.007235303521156311
27023,0.009219211526215076
27024,0.012233085930347443
27025,0.014796100556850433
27026,0.01796508952975273
27027,0.02085377275943756
27028,0.02507469430565834
27029,0.027347546070814133
27030,0.029936686158180237
27031,0.028878280892968178
27032,0.027150187641382217
27033,0.02248625084757805
27034,0.017545703798532486
27035,0.012531580403447151
27036,0.009110557846724987
27037,0.007657265290617943
27038,0.00782380998134613
27039,0.008908918127417564
27040,0.009097980335354805
27041,0.008570875972509384
27042,0.007667086087167263
27043,0.007082452066242695
27044,0.006608582101762295
27045,0.006688462104648352
27046,0.006768101826310158
27047,0.006613787729293108
27048,0.006077160593122244
27049,0.0051852562464773655
27050,0.004236950539052486
27051,0.003480070037767291
27052,0.0029597654938697815
27053,0.002695624018087983
27054,0.002686732914298773
27055,0.0028298809193074703
27056,0.0032016129698604345
27057,0.0037226523272693157
27058,0.004163182340562344
27059,0.004321256652474403
27060,0.004064462147653103
27061,0.003585483878850937
27062,0.00318280141800642
27063,0.002915326738730073
27064,0.002787312725558877
27065,0.002606223337352276
27066,0.0023925192654132843
27067,0.0022915657609701157
27068,0.002253713319078088
27069,0.0022255589719861746
27070,0.002227429300546646
27071,0.00229975045658648
27072,0.002408119849860668
27073,0.0025012833066284657
27074,0.0025326216127723455
27075,0.0023770758416503668
27076,0.0022081967908889055
27077,0.0021913612727075815
27078,0.0022793274838477373
27079,0.002421376761049032
27080,0.002421246375888586
27081,0.0023371558636426926
27082,0.0023458285722881556
27083,0.002409182721748948
27084,0.0024745746050029993
27085,0.002634837757796049
27086,0.0030479172710329294
27087,0.003791403491050005
27088,0.004924213048070669
27089,0.00672103138640523
27090,0.008336237631738186
27091,0.010362397879362106
27092,0.013350863009691238
27093,0.018491119146347046
27094,0.02435682713985443
27095,0.03318338096141815
27096,0.04013534635305405
27097,0.04860609024763107
27098,0.0493273064494133
27099,0.047412365674972534
27100,0.035098351538181305
27101,0.02223825827240944
27102,0.013215437531471252
27103,0.011519824154675007
27104,0.016297198832035065
27105,0.019878845661878586
27106,0.01953176036477089
27107,0.015288285911083221
27108,0.01017790101468563
27109,0.005363002885133028
27110,0.0037010819651186466
27111,0.0038702257443219423
27112,0.004619871266186237
27113,0.005197680089622736
27114,0.00512892659753561
27115,0.005288328975439072
27116,0.005950933322310448
27117,0.0062820459716022015
27118,0.0059920987114310265
27119,0.004871943034231663
27120,0.003100779140368104
27121,0.002364975167438388
27122,0.0033910523634403944
27123,0.005243969149887562
27124,0.006675538141280413
27125,0.005579713732004166
27126,0.003235085168853402
27127,0.0021955855190753937
27128,0.002646411769092083
27129,0.003932079300284386
27130,0.0039609866216778755
27131,0.002835288178175688
27132,0.0022130960132926702
27133,0.002253904240205884
27134,0.0027006848249584436
27135,0.002563057467341423
27136,0.002157982438802719
27137,0.002287223469465971
27138,0.0027844158466905355
27139,0.0033269734121859074
27140,0.002808560151606798
27141,0.0021440708078444004
27142,0.0023566761519759893
27143,0.0030664221849292517
27144,0.0038365302607417107
27145,0.003302688244730234
27146,0.002417224459350109
27147,0.0024309027940034866
27148,0.0028659990057349205
27149,0.0032693766988813877
27150,0.0026755984872579575
27151,0.00214515533298254
27152,0.0026303173508495092
27153,0.003502938896417618
27154,0.004127152729779482
27155,0.0032359668985009193
27156,0.0022765477187931538
27157,0.00269965804181993
27158,0.0038185385055840015
27159,0.004906311631202698
27160,0.004197903908789158
27161,0.003158127423375845
27162,0.0036540545988827944
27163,0.005106156226247549
27164,0.006542648188769817
27165,0.007147208787500858
27166,0.008571110665798187
27167,0.012986160814762115
27168,0.020001212134957314
27169,0.029575008898973465
27170,0.035404328256845474
27171,0.03982147201895714
27172,0.043774452060461044
27173,0.049237802624702454
27174,0.04786522686481476
27175,0.04208679497241974
27176,0.030296191573143005
27177,0.021046796813607216
27178,0.015432266518473625
27179,0.011378314346075058
27180,0.007337905000895262
27181,0.007759104948490858
27182,0.01534629613161087
27183,0.02464897930622101
27184,0.029013514518737793
27185,0.02043038420379162
27186,0.010324095375835896
27187,0.009152897633612156
27188,0.014745386317372322
27189,0.01859521120786667
27190,0.013946933671832085
27191,0.007795637473464012
27192,0.00898532010614872
27193,0.01179337315261364
27194,0.009739239700138569
27195,0.004430850967764854
27196,0.004721544682979584
27197,0.010441954247653484
27198,0.01247529499232769
27199,0.0083689596503973
27200,0.0034224255941808224
27201,0.007539955899119377
27202,0.013622411526739597
27203,0.012612138874828815
27204,0.009712202474474907
27205,0.010254178196191788
27206,0.014815186150372028
27207,0.012065963819622993
27208,0.004598903935402632
27209,0.004530513659119606
27210,0.010876800864934921
27211,0.013313623145222664
27212,0.006719212047755718
27213,0.004430000204592943
27214,0.011172224767506123
27215,0.013757176697254181
27216,0.007480253465473652
27217,0.0026307383086532354
27218,0.006423404440283775
27219,0.010865543968975544
27220,0.00703924847766757
27221,0.002400350756943226
27222,0.004328278359025717
27223,0.008205655962228775
27224,0.008990981616079807
27225,0.005487438291311264
27226,0.003111329162493348
27227,0.00387647096067667
27228,0.005159059539437294
27229,0.007502269931137562
27230,0.006382147781550884
27231,0.003074350766837597
27232,0.002384733874350786
27233,0.004175445064902306
27234,0.007365048862993717
27235,0.005711243487894535
27236,0.0025436491705477238
27237,0.0028151210863143206
27238,0.005060747265815735
27239,0.008163312450051308
27240,0.0063751814886927605
27241,0.003367176977917552
27242,0.0031853485852479935
27243,0.005298829637467861
27244,0.00940872821956873
27245,0.007910944521427155
27246,0.0038178868126124144
27247,0.002772773616015911
27248,0.005482547916471958
27249,0.010478834621608257
27250,0.008309670723974705
27251,0.0032361438497900963
27252,0.002689397893846035
27253,0.006441051140427589
27254,0.011628576554358006
27255,0.008331299759447575
27256,0.0027004170697182417
27257,0.002981328871101141
27258,0.007591475732624531
27259,0.013427650555968285
27260,0.00940090510994196
27261,0.0028179497458040714
27262,0.0030368955340236425
27263,0.007996821776032448
27264,0.014456037431955338
27265,0.009989297948777676
27266,0.0027507019694894552
27267,0.0034307297319173813
27268,0.009629733860492706
27269,0.01752675324678421
27270,0.011864119209349155
27271,0.0030860407277941704
27272,0.004052087664604187
27273,0.011630146764218807
27274,0.02058103308081627
27275,0.013334570452570915
27276,0.003376718843355775
27277,0.005948625970631838
27278,0.016748422756791115
27279,0.029004283249378204
27280,0.018711015582084656
27281,0.005866920575499535
27282,0.009972669184207916
27283,0.024390947073698044
27284,0.03751374036073685
27285,0.02286311239004135
27286,0.009348899126052856
27287,0.021371953189373016
27288,0.04463208466768265
27289,0.06266947090625763
27290,0.03273440897464752
27291,0.012498336844146252
27292,0.032974567264318466
27293,0.0613979771733284
27294,0.06466948240995407
27295,0.016089871525764465
27296,0.011182610876858234
27297,0.06402291357517242
27298,0.0911506786942482
27299,0.06028531864285469
27300,0.0038753338158130646
27301,0.0509607195854187
27302,0.14767546951770782
27303,0.12835171818733215
27304,0.035647302865982056
27305,0.019911665469408035
27306,0.15062710642814636
27307,0.23875106871128082
27308,0.1102059930562973
27309,0.007090286817401648
27310,0.13225442171096802
27311,0.29665619134902954
27312,0.2514079213142395
27313,0.03263777494430542
27314,0.1672688126564026
27315,0.2750614285469055
27316,0.21073900163173676
27317,0.09723597764968872
27318,0.17685943841934204
27319,0.1870485097169876
27320,0.14817366003990173
27321,0.07294861227273941
27322,0.14483343064785004
27323,0.05657171458005905
27324,0.05333682522177696
27325,0.07539793848991394
27326,0.04101376235485077
27327,0.07342305779457092
27328,0.03256645053625107
27329,0.04875199496746063
27330,0.059526413679122925
27331,0.01090344786643982
27332,0.046675823628902435
27333,0.03811269998550415
27334,0.008981825783848763
27335,0.04455980658531189
27336,0.029875503852963448
27337,0.010908089578151703
27338,0.027100425213575363
27339,0.020998362451791763
27340,0.013723185285925865
27341,0.01601610891520977
27342,0.019736148416996002
27343,0.012536948546767235
27344,0.010496461763978004
27345,0.016300372779369354
27346,0.008119216188788414
27347,0.009048599749803543
27348,0.011800762265920639
27349,0.006556427106261253
27350,0.008726273663341999
27351,0.008806855417788029
27352,0.006872124504297972
27353,0.006571746431291103
27354,0.006668346002697945
27355,0.006408714689314365
27356,0.004809185862541199
27357,0.006147764623165131
27358,0.004921408835798502
27359,0.00427198875695467
27360,0.005491291638463736
27361,0.0039401850663125515
27362,0.004293451085686684
27363,0.004340505227446556
27364,0.003489359747618437
27365,0.004078179597854614
27366,0.003929642494767904
27367,0.003588742110878229
27368,0.003518913872539997
27369,0.0036033582873642445
27370,0.0034278652165085077
27371,0.0032643554732203484
27372,0.003491630544885993
27373,0.0030451666098088026
27374,0.003099119523540139
27375,0.003255421295762062
27376,0.002940134843811393
27377,0.003132416168227792
27378,0.002979763550683856
27379,0.002841319190338254
27380,0.0030121905729174614
27381,0.0029248660430312157
27382,0.0028685880824923515
27383,0.002858772873878479
27384,0.0028263814747333527
27385,0.002797212917357683
27386,0.002794673666357994
27387,0.0028116037137806416
27388,0.002716698683798313
27389,0.0027281269431114197
27390,0.0027312771417200565
27391,0.002691779052838683
27392,0.0027349258307367563
27393,0.0026870393194258213
27394,0.002655124757438898
27395,0.00267895869910717
27396,0.0026595541276037693
27397,0.00265518669039011
27398,0.0026483440306037664
27399,0.0026303231716156006
27400,0.002615909557789564
27401,0.0026119407266378403
27402,0.0026229466311633587
27403,0.002602902939543128
27404,0.002593191107735038
27405,0.002589764539152384
27406,0.002576200757175684
27407,0.0025866497308015823
27408,0.0025812583044171333
27409,0.0025659771636128426
27410,0.0025672472547739744
27411,0.002559130545705557
27412,0.002552659483626485
27413,0.002557002939283848
27414,0.0025504715740680695
27415,0.002539718523621559
27416,0.002535184845328331
27417,0.002534665632992983
27418,0.002529710065573454
27419,0.002528275828808546
27420,0.002524646930396557
27421,0.0025160338263958693
27422,0.002514973981305957
27423,0.0025128701236099005
27424,0.0025081895291805267
27425,0.002508248435333371
27426,0.0025028695818036795
27427,0.0024964171461760998
27428,0.0024964918848127127
27429,0.002493418287485838
27430,0.0024893982335925102
27431,0.0024867651518434286
27432,0.002482858020812273
27433,0.002479733433574438
27434,0.0024773459881544113
27435,0.0024743792600929737
27436,0.0024716255720704794
27437,0.0024688856210559607
27438,0.0024658592883497477
27439,0.0024632250424474478
27440,0.0024609514512121677
27441,0.0024585940409451723
27442,0.0024553672410547733
27443,0.0024530128575861454
27444,0.0024507443886250257
27445,0.0024478414561599493
27446,0.002445194637402892
27447,0.0024429105687886477
27448,0.0024404542054980993
27449,0.002437904477119446
27450,0.002435483504086733
27451,0.0024331288877874613
27452,0.0024307859130203724
27453,0.0024284780956804752
27454,0.00242618378251791
27455,0.002423811936751008
27456,0.0024215891025960445
27457,0.002419239841401577
27458,0.002416985109448433
27459,0.002414924558252096
27460,0.0024126365315169096
27461,0.002410212531685829
27462,0.0024079945869743824
27463,0.00240588141605258
27464,0.0024037098046392202
27465,0.002401519101113081
27466,0.002399282995611429
27467,0.0023971484042704105
27468,0.0023950147442519665
27469,0.0023928929585963488
27470,0.002390800043940544
27471,0.0023887103889137506
27472,0.0023866179399192333
27473,0.002384542254731059
27474,0.002382506150752306
27475,0.0023804933298379183
27476,0.002378439763560891
27477,0.0023763710632920265
27478,0.00237438827753067
27479,0.0023724075872451067
27480,0.002370371948927641
27481,0.002368372632190585
27482,0.002366382395848632
27483,0.0023644466418772936
27484,0.002362492261454463
27485,0.002360515296459198
27486,0.0023585674352943897
27487,0.0023566102609038353
27488,0.0023547131568193436
27489,0.0023527899757027626
27490,0.0023508891463279724
27491,0.002348999958485365
27492,0.0023471005260944366
27493,0.002345206681638956
27494,0.00234335009008646
27495,0.0023414860479533672
27496,0.0023396098986268044
27497,0.002337765647098422
27498,0.0023359348997473717
27499,0.0023340985644608736
27500,0.0023322426714003086
27501,0.0023304149508476257
27502,0.0023285902570933104
27503,0.002326780231669545
27504,0.0023249757941812277
27505,0.0023231792729347944
27506,0.0023213832173496485
27507,0.0023195971734821796
27508,0.002317819045856595
27509,0.002316055353730917
27510,0.0023142765276134014
27511,0.002312527736648917
27512,0.0023107731249183416
27513,0.002309034578502178
27514,0.0023072888143360615
27515,0.0023055565543472767
27516,0.002303819637745619
27517,0.0023020890075713396
27518,0.0023003665264695883
27519,0.002298654057085514
27520,0.0022969371639192104
27521,0.002295244950801134
27522,0.002293555997312069
27523,0.0022918598260730505
27524,0.0022901941556483507
27525,0.002288507530465722
27526,0.0022868337109684944
27527,0.0022851626854389906
27528,0.002283492824062705
27529,0.002281846944242716
27530,0.0022801891900599003
27531,0.0022785612381994724
27532,0.002276939805597067
27533,0.0022753565572202206
27534,0.002273803111165762
27535,0.002272227546200156
27536,0.002270694589242339
27537,0.0022692191414535046
27538,0.0022678356617689133
27539,0.002266615629196167
27540,0.0022655767388641834
27541,0.002264975570142269
27542,0.0022649632301181555
27543,0.0022659108508378267
27544,0.0022685218136757612
27545,0.002273502526804805
27546,0.002282599685713649
27547,0.0022990352008491755
27548,0.0023283124901354313
27549,0.002379686338827014
27550,0.0024675512686371803
27551,0.0026187303010374308
27552,0.0028885018546134233
27553,0.0033641085028648376
27554,0.004222175106406212
27555,0.005678758956491947
27556,0.008261051028966904
27557,0.01267134491354227
27558,0.020432809367775917
27559,0.032224081456661224
27560,0.04964517802000046
27561,0.06634242832660675
27562,0.08019108325242996
27563,0.07024739682674408
27564,0.044711142778396606
27565,0.013193495571613312
27566,0.0025901691988110542
27567,0.015310747548937798
27568,0.032102420926094055
27569,0.035876184701919556
27570,0.02112666331231594
27571,0.00595691055059433
27572,0.0032182028517127037
27573,0.012018871493637562
27574,0.02118917740881443
27575,0.01998518779873848
27576,0.011184118688106537
27577,0.003467855742201209
27578,0.003367798402905464
27579,0.008787737227976322
27580,0.012180252000689507
27581,0.01004592701792717
27582,0.005082012619823217
27583,0.0024297828786075115
27584,0.003836182877421379
27585,0.006375744938850403
27586,0.006602051667869091
27587,0.004556023050099611
27588,0.0026412545703351498
27589,0.002595176687464118
27590,0.0037345385644584894
27591,0.0042200335301458836
27592,0.003573786932975054
27593,0.002648495603352785
27594,0.002361495513468981
27595,0.002710656262934208
27596,0.0029541621915996075
27597,0.0028280073311179876
27598,0.002533711725845933
27599,0.0023396392352879047
27600,0.002364635467529297
27601,0.0024165050126612186
27602,0.002418002812191844
27603,0.002378196222707629
27604,0.002313957316800952
27605,0.0022943473886698484
27606,0.0022889927495270967
27607,0.002279445296153426
27608,0.002283569425344467
27609,0.0022841738536953926
27610,0.0022926367819309235
27611,0.0023086864966899157
27612,0.002300524851307273
27613,0.002291441662237048
27614,0.0022797395940870047
27615,0.0022770757786929607
27616,0.0023125072475522757
27617,0.002346219727769494
27618,0.0023547925520688295
27619,0.002318687504157424
27620,0.0022642668336629868
27621,0.0022740934509783983
27622,0.002337420592084527
27623,0.002389141358435154
27624,0.002372158458456397
27625,0.0022877040319144726
27626,0.002242579823359847
27627,0.002281147288158536
27628,0.002353765070438385
27629,0.0023835492320358753
27630,0.0023220181465148926
27631,0.002246022690087557
27632,0.0022339781280606985
27633,0.0022831731475889683
27634,0.002334526041522622
27635,0.00231726560741663
27636,0.0022559964563697577
27637,0.0022190616000443697
27638,0.0022322414442896843
27639,0.002267272677272558
27640,0.0022716394159942865
27641,0.002241038251668215
27642,0.0022139817010611296
27643,0.002212788676843047
27644,0.002225237898528576
27645,0.0022275412920862436
27646,0.002214431529864669
27647,0.002203003503382206
27648,0.0022038514725863934
27649,0.0022080757189542055
27650,0.002206113887950778
27651,0.002199266804382205
27652,0.00219525583088398
27653,0.002198761561885476
27654,0.0022019685711711645
27655,0.0021975087001919746
27656,0.0021911761723458767
27657,0.0021896674297749996
27658,0.0021953138057142496
27659,0.0022001576144248247
27660,0.002194465370848775
27661,0.002184540731832385
27662,0.002180220792070031
27663,0.002184912795200944
27664,0.002191382460296154
27665,0.002188589656725526
27666,0.0021789518650621176
27667,0.0021721385419368744
27668,0.00217301188968122
27669,0.0021768712904304266
27670,0.002175878966227174
27671,0.002169884042814374
27672,0.0021649054251611233
27673,0.0021647994872182608
27674,0.0021662528160959482
27675,0.002164776436984539
27676,0.002160784788429737
27677,0.002157850656658411
27678,0.002158357296139002
27679,0.002159374998882413
27680,0.0021573295816779137
27681,0.0021534243132919073
27682,0.0021509064827114344
27683,0.00215145549736917
27684,0.0021526722703129053
27685,0.002150856889784336
27686,0.00214680889621377
27687,0.002143735298886895
27688,0.0021432393696159124
27689,0.0021437008399516344
27690,0.0021424368023872375
27691,0.002139483578503132
27692,0.0021368947345763445
27693,0.0021361152175813913
27694,0.0021360451355576515
27695,0.0021347124129533768
27696,0.0021322753746062517
27697,0.002130192471668124
27698,0.0021295747719705105
27699,0.002129515167325735
27700,0.002128112129867077
27701,0.0021255866158753633
27702,0.002123418264091015
27703,0.0021225258242338896
27704,0.00212219450622797
27705,0.0021209216210991144
27706,0.002118744421750307
27707,0.002116789110004902
27708,0.002115798182785511
27709,0.002115181414410472
27710,0.0021138684824109077
27711,0.0021119716111570597
27712,0.002110266126692295
27713,0.002109311753883958
27714,0.0021086568012833595
27715,0.0021073571406304836
27716,0.0021054784301668406
27717,0.0021037671249359846
27718,0.002102624624967575
27719,0.0021017189137637615
27720,0.00210043927654624
27721,0.002098863013088703
27722,0.0020973870996385813
27723,0.0020963840652257204
27724,0.0020955863874405622
27725,0.0020943335257470608
27726,0.002092670649290085
27727,0.0020910592284053564
27728,0.002089796820655465
27729,0.0020886643324047327
27730,0.0020874629262834787
27731,0.00208620959892869
27732,0.0020850850269198418
27733,0.0020843364764004946
27734,0.0020838493946939707
27735,0.002082934370264411
27736,0.0020815699826925993
27737,0.002080335281789303
27738,0.002079495694488287
27739,0.002079024212434888
27740,0.0020796952303498983
27741,0.0020822349470108747
27742,0.0020869383588433266
27743,0.0020951905753463507
27744,0.002109196037054062
27745,0.0021288390271365643
27746,0.002158288611099124
27747,0.002208450809121132
27748,0.0022945536766201258
27749,0.0024402993731200695
27750,0.0026899974327534437
27751,0.0031123124063014984
27752,0.003852938301861286
27753,0.005112531594932079
27754,0.007354693487286568
27755,0.010948843322694302
27756,0.017208829522132874
27757,0.027162732556462288
27758,0.04440159350633621
27759,0.06726238131523132
27760,0.09924487769603729
27761,0.11843181401491165
27762,0.12601535022258759
27763,0.08867569267749786
27764,0.03997306525707245
27765,0.005909219849854708
27766,0.009497901424765587
27767,0.03668057918548584
27768,0.053640130907297134
27769,0.0464438796043396
27770,0.019479330629110336
27771,0.0030219864565879107
27772,0.008909914642572403
27773,0.024656182155013084
27774,0.030822934582829475
27775,0.0191047266125679
27776,0.0055219074711203575
27777,0.003443455556407571
27778,0.011616915464401245
27779,0.018296532332897186
27780,0.014053183607757092
27781,0.0055840350687503815
27782,0.002585326787084341
27783,0.006965204142034054
27784,0.011594765819609165
27785,0.009410396218299866
27786,0.004191414453089237
27787,0.0024950862862169743
27788,0.005290829576551914
27789,0.00795578770339489
27790,0.006411387585103512
27791,0.003153576049953699
27792,0.002412568312138319
27793,0.004403107333928347
27794,0.005913702771067619
27795,0.004644419066607952
27796,0.0026133498176932335
27797,0.0024171078111976385
27798,0.0037545033264905214
27799,0.004604307468980551
27800,0.0036977394483983517
27801,0.002419813070446253
27802,0.0023522735573351383
27803,0.0032608555629849434
27804,0.00383120309561491
27805,0.003175622783601284
27806,0.0023233117535710335
27807,0.0023320834152400494
27808,0.0029701516032218933
27809,0.0033582139294594526
27810,0.002904532477259636
27811,0.0023175454698503017
27812,0.0023047556169331074
27813,0.0027602515183389187
27814,0.0030823657289147377
27815,0.002774160820990801
27816,0.002317716833204031
27817,0.002259802771732211
27818,0.0025976537726819515
27819,0.002889365656301379
27820,0.0026911143213510513
27821,0.0023129612673074007
27822,0.00220720237120986
27823,0.0024578943848609924
27824,0.0027288892306387424
27825,0.002606829395517707
27826,0.0022866684012115
27827,0.0021612890996038914
27828,0.0023435240145772696
27829,0.002575900172814727
27830,0.002509988145902753
27831,0.0022581208031624556
27832,0.0021321058738976717
27833,0.0022502567153424025
27834,0.002436267212033272
27835,0.0024122039321810007
27836,0.0022273813374340534
27837,0.0021146477665752172
27838,0.0021832133643329144
27839,0.0023202074225991964
27840,0.0023192851804196835
27841,0.002194504253566265
27842,0.0021051233634352684
27843,0.002140481024980545
27844,0.0022348365746438503
27845,0.0022430347744375467
27846,0.002162354765459895
27847,0.0020971382036805153
27848,0.002116041025146842
27849,0.0021804480347782373
27850,0.0021890271455049515
27851,0.002136170631274581
27852,0.002090242225676775
27853,0.0021018243860453367
27854,0.002147538121789694
27855,0.0021542999893426895
27856,0.0021171304397284985
27857,0.0020834754686802626
27858,0.002091440372169018
27859,0.0021262040827423334
27860,0.0021314837504178286
27861,0.0021029263734817505
27862,0.002076135715469718
27863,0.0020807620603591204
27864,0.002107886364683509
27865,0.0021131280809640884
27866,0.002090979367494583
27867,0.0020683903712779284
27868,0.0020689356606453657
27869,0.0020890242885798216
27870,0.0020949929021298885
27871,0.002079482190310955
27872,0.0020611020736396313
27873,0.002058272948488593
27874,0.002071543363854289
27875,0.002077206037938595
27876,0.0020676213316619396
27877,0.0020541148260235786
27878,0.0020501241087913513
27879,0.0020582631696015596
27880,0.0020625165197998285
27881,0.0020566764287650585
27882,0.002047258662059903
27883,0.0020435277838259935
27884,0.002048538066446781
27885,0.002051191171631217
27886,0.0020470372401177883
27887,0.002040205057710409
27888,0.002036800840869546
27889,0.002039619255810976
27890,0.0020411198493093252
27891,0.0020381559152156115
27892,0.0020332387648522854
27893,0.0020300578325986862
27894,0.0020310659892857075
27895,0.0020316278096288443
27896,0.0020297260489314795
27897,0.002026532543823123
27898,0.002023804234340787
27899,0.002023531822487712
27900,0.002023126231506467
27901,0.002021786291152239
27902,0.0020198975689709187
27903,0.002017849823459983
27904,0.0020169818308204412
27905,0.0020158258266747
27906,0.002014456083998084
27907,0.0020132253412157297
27908,0.0020116756204515696
27909,0.0020105266012251377
27910,0.0020088437013328075
27911,0.002007553819566965
27912,0.0020069472957402468
27913,0.002005991293117404
27914,0.002004841109737754
27915,0.002002725610509515
27916,0.002001088345423341
27917,0.0020005626138299704
27918,0.001999909058213234
27919,0.0019987814594060183
27920,0.001996418461203575
27921,0.001994710648432374
27922,0.0019944708328694105
27923,0.0019943416118621826
27924,0.0019935406744480133
27925,0.001990975346416235
27926,0.0019887869711965322
27927,0.001988377422094345
27928,0.0019883383065462112
27929,0.001987591851502657
27930,0.001984924543648958
27931,0.0019827280193567276
27932,0.0019825552590191364
27933,0.0019830381497740746
27934,0.001982913352549076
27935,0.0019801934249699116
27936,0.00197738129645586
27937,0.0019767391495406628
27938,0.0019769202917814255
27939,0.001976416911929846
27940,0.0019737095572054386
27941,0.0019715081434696913
27942,0.001971819903701544
27943,0.0019735817331820726
27944,0.0019755223765969276
27945,0.0019737554248422384
27946,0.001970803365111351
27947,0.001970800571143627
27948,0.0019726629834622145
27949,0.001975053222849965
27950,0.0019801086746156216
27951,0.0019941218197345734
27952,0.0020214607939124107
27953,0.002069346373900771
27954,0.00215121079236269
27955,0.002263209316879511
27956,0.0024391873739659786
27957,0.0027559809386730194
27958,0.003331871936097741
27959,0.0043402863666415215
27960,0.006151525303721428
27961,0.009243939071893692
27962,0.014996139332652092
27963,0.02446107007563114
27964,0.04170405864715576
27965,0.06375027447938919
27966,0.09681874513626099
27967,0.12031558156013489
27968,0.13630449771881104
27969,0.1016039252281189
27970,0.0511837936937809
27971,0.00904466025531292
27972,0.007887107320129871
27973,0.03676178678870201
27974,0.05794773995876312
27975,0.05343297868967056
27976,0.025776827707886696
27977,0.006992523558437824
27978,0.009888850152492523
27979,0.023716017603874207
27980,0.029857276007533073
27981,0.020716983824968338
27982,0.008829128928482533
27983,0.005918098613619804
27984,0.01212206482887268
27985,0.01653236895799637
27986,0.013047171756625175
27987,0.007130979560315609
27988,0.005286071449518204
27989,0.008092118427157402
27990,0.009971575811505318
27991,0.008665535598993301
27992,0.0061779627576470375
27993,0.004929627291858196
27994,0.005927597172558308
27995,0.00698167085647583
27996,0.006780639290809631
27997,0.005396031774580479
27998,0.004269959405064583
27999,0.004839102737605572
28000,0.005768247414380312
28001,0.005599581636488438
28002,0.004409032873809338
28003,0.0037554623559117317
28004,0.004443633835762739
28005,0.004970701411366463
28006,0.004415829200297594
28007,0.0035624895244836807
28008,0.003527323016896844
28009,0.004146979656070471
28010,0.0041268994100391865
28011,0.0034417181741446257
28012,0.0030698382761329412
28013,0.003379982663318515
28014,0.0037815424147993326
28015,0.0034801200963556767
28016,0.002899876795709133
28017,0.0027792993932962418
28018,0.003118421882390976
28019,0.003409341908991337
28020,0.0031184563413262367
28021,0.002632599789649248
28022,0.00252161524258554
28023,0.0028059817850589752
28024,0.0031201052479445934
28025,0.0029248164501041174
28026,0.002473901491612196
28027,0.002318493789061904
28028,0.0025528273545205593
28029,0.002874803263694048
28030,0.0027449403423815966
28031,0.0023573236539959908
28032,0.002213158877566457
28033,0.0023907783906906843
28034,0.0026530688628554344
28035,0.002561147091910243
28036,0.0022795810364186764
28037,0.0021824261639267206
28038,0.0022939068730920553
28039,0.0024680255446583033
28040,0.0023991886992007494
28041,0.0022242895793169737
28042,0.0021812086924910545
28043,0.002245191019028425
28044,0.002343136118724942
28045,0.0022770243231207132
28046,0.0021747639402747154
28047,0.002181876916438341
28048,0.002234232146292925
28049,0.0022838027216494083
28050,0.0021966572385281324
28051,0.0021238706540316343
28052,0.0021744787227362394
28053,0.0022494453005492687
28054,0.002282588044181466
28055,0.0021610010880976915
28056,0.0020791685674339533
28057,0.0021572564728558064
28058,0.0022713220678269863
28059,0.0023166791070252657
28060,0.0021635908633470535
28061,0.0020472046453505754
28062,0.002129937522113323
28063,0.0022811051458120346
28064,0.0023591804783791304
28065,0.0021906020119786263
28066,0.0020311931148171425
28067,0.00209650956094265
28068,0.0022685641888529062
28069,0.0023852246813476086
28070,0.002220973838120699
28071,0.0020288981031626463
28072,0.0020670355297625065
28073,0.0022415786515921354
28074,0.0023897760547697544
28075,0.0022423029877245426
28076,0.0020354369189590216
28077,0.0020491129253059626
28078,0.0022146287374198437
28079,0.0023839257191866636
28080,0.002257006708532572
28081,0.002048804424703121
28082,0.002043677493929863
28083,0.002194054424762726
28084,0.002376064658164978
28085,0.002270401455461979
28086,0.0020688471850007772
28087,0.002047973219305277
28088,0.0021768705919384956
28089,0.0023629351053386927
28090,0.002278872998431325
28091,0.002093210117891431
28092,0.002062638523057103
28093,0.0021662297658622265
28094,0.0023469130974262953
28095,0.002281603869050741
28096,0.002119769575074315
28097,0.0020874720066785812
28098,0.002165913349017501
28099,0.002335191238671541
28100,0.002284023445099592
28101,0.0021488911006599665
28102,0.0021206748206168413
28103,0.0021744135301560163
28104,0.002327556489035487
28105,0.00228641158901155
28106,0.0021801977418363094
28107,0.0021613282151520252
28108,0.0021887316834181547
28109,0.0023169496562331915
28110,0.0022802178282290697
28111,0.002208482474088669
28112,0.002209878759458661
28113,0.0022133749444037676
28114,0.0023067628499120474
28115,0.0022632782347500324
28116,0.0022288677282631397
28117,0.0022653050255030394
28118,0.0022543645463883877
28119,0.0023064943961799145
28120,0.002240341855213046
28121,0.002238939981907606
28122,0.0023236251436173916
28123,0.0023110562469810247
28124,0.002317670965567231
28125,0.0022099451161921024
28126,0.002233420265838504
28127,0.00238131545484066
28128,0.0023897155188024044
28129,0.0023584773298352957
28130,0.002189516555517912
28131,0.0022158834617584944
28132,0.002429445507004857
28133,0.002475984860211611
28134,0.002413642592728138
28135,0.002167349448427558
28136,0.002179363276809454
28137,0.002464598510414362
28138,0.0025778813287615776
28139,0.0025106442626565695
28140,0.002174771623685956
28141,0.002137502422556281
28142,0.0024790558964014053
28143,0.0026677085552364588
28144,0.002605483867228031
28145,0.002174552995711565
28146,0.0020768032409250736
28147,0.0024770500604063272
28148,0.0027779950760304928
28149,0.0027807459700852633
28150,0.0022622072137892246
28151,0.002047691959887743
28152,0.002449251711368561
28153,0.002812267979606986
28154,0.0028245518915355206
28155,0.002221120288595557
28156,0.0019701961427927017
28157,0.0024732747115194798
28158,0.003085572272539139
28159,0.0034275006037205458
28160,0.002869768301025033
28161,0.0024038879200816154
28162,0.0028253355994820595
28163,0.003417008090764284
28164,0.0037306270096451044
28165,0.0038512214086949825
28166,0.005518186837434769
28167,0.009479936212301254
28168,0.01658421941101551
28169,0.027166899293661118
28170,0.04019109904766083
28171,0.05203473940491676
28172,0.07405976951122284
28173,0.08490645885467529
28174,0.09430151432752609
28175,0.07118888199329376
28176,0.043988071382045746
28177,0.018274787813425064
28178,0.010643944144248962
28179,0.01700860634446144
28180,0.023571204394102097
28181,0.028641466051340103
28182,0.029122721403837204
28183,0.026211030781269073
28184,0.019148699939250946
28185,0.010651745833456516
28186,0.009430909529328346
28187,0.01533790584653616
28188,0.018624939024448395
28189,0.013628695160150528
28190,0.005187478847801685
28191,0.004950249567627907
28192,0.01177266612648964
28193,0.014889688231050968
28194,0.011129232123494148
28195,0.005036846734583378
28196,0.0044646356254816055
28197,0.0075407554395496845
28198,0.008465278893709183
28199,0.007649146486073732
28200,0.006638524122536182
28201,0.006234418135136366
28202,0.005322624929249287
28203,0.004393797367811203
28204,0.005577141419053078
28205,0.006763373035937548
28206,0.005553939379751682
28207,0.003381488611921668
28208,0.003283813828602433
28209,0.005438610445708036
28210,0.0058988286182284355
28211,0.003630866762250662
28212,0.002200847025960684
28213,0.003437907202169299
28214,0.005277954041957855
28215,0.0045312680304050446
28216,0.002430619904771447
28217,0.002287068637087941
28218,0.0038671381771564484
28219,0.004831839818507433
28220,0.0034878128208220005
28221,0.002006611553952098
28222,0.002567271701991558
28223,0.004033624194562435
28224,0.004700794350355864
28225,0.003313366323709488
28226,0.001993091544136405
28227,0.002597497310489416
28228,0.004059284925460815
28229,0.00495509710162878
28230,0.0035559083335101604
28231,0.002000326756387949
28232,0.002544653369113803
28233,0.004238137509673834
28234,0.00549637246876955
28235,0.003952960018068552
28236,0.002027913462370634
28237,0.002535927342250943
28238,0.004486540798097849
28239,0.006096730940043926
28240,0.004437589552253485
28241,0.002187127713114023
28242,0.002619928913190961
28243,0.004730065353214741
28244,0.006668516434729099
28245,0.0049678850919008255
28246,0.0024239560589194298
28247,0.0027350899763405323
28248,0.0049785105511546135
28249,0.007247813045978546
28250,0.005500338971614838
28251,0.0026495661586523056
28252,0.0028945431113243103
28253,0.005385292693972588
28254,0.008005018346011639
28255,0.006066261325031519
28256,0.002804333809763193
28257,0.003109874203801155
28258,0.006071573123335838
28259,0.009130138903856277
28260,0.006795705296099186
28261,0.002903308952227235
28262,0.003351984079927206
28263,0.0070094154216349125
28264,0.010622115805745125
28265,0.007692948915064335
28266,0.0029483893886208534
28267,0.0036333338357508183
28268,0.008209191262722015
28269,0.012454033829271793
28270,0.008680161088705063
28271,0.0029194457456469536
28272,0.004080553539097309
28273,0.009902870282530785
28274,0.014790063723921776
28275,0.009728355333209038
28276,0.0027941293083131313
28277,0.004907156340777874
28278,0.012513544410467148
28279,0.017968274652957916
28280,0.010858879424631596
28281,0.0025803481694310904
28282,0.006484894081950188
28283,0.016703367233276367
28284,0.022416511550545692
28285,0.011996908113360405
28286,0.00235194293782115
28287,0.009580956771969795
28288,0.023534148931503296
28289,0.02838708460330963
28290,0.012562553398311138
28291,0.002474704524502158
28292,0.01606728322803974
28293,0.03479461371898651
28294,0.03531411290168762
28295,0.011082302778959274
28296,0.004731689114123583
28297,0.030017059296369553
28298,0.0518403984606266
28299,0.03917239233851433
28300,0.005804111249744892
28301,0.015911690890789032
28302,0.0568276047706604
28303,0.06772042065858841
28304,0.028867578133940697
28305,0.0032360171899199486
28306,0.050440575927495956
28307,0.08602745085954666
28308,0.052186597138643265
28309,0.005027848295867443
28310,0.03131994977593422
28311,0.0913877785205841
28312,0.06266406178474426
28313,0.007542111910879612
28314,0.025422606617212296
28315,0.06602494418621063
28316,0.047783851623535156
28317,0.006406884174793959
28318,0.025541827082633972
28319,0.05093255639076233
28320,0.02314506098628044
28321,0.0052339076064527035
28322,0.0263065155595541
28323,0.028135422617197037
28324,0.007017027586698532
28325,0.006859526038169861
28326,0.017710162326693535
28327,0.011451274156570435
28328,0.0024470710195600986
28329,0.00912702176719904
28330,0.010906895622611046
28331,0.003267285879701376
28332,0.005097358487546444
28333,0.009619597345590591
28334,0.005258155055344105
28335,0.003198648802936077
28336,0.00900315772742033
28337,0.008313143625855446
28338,0.0028060877230018377
28339,0.004712543450295925
28340,0.008614502847194672
28341,0.005714348517358303
28342,0.002193233696743846
28343,0.005122444126754999
28344,0.006553554441779852
28345,0.0033665108494460583
28346,0.0023691358510404825
28347,0.004416688345372677
28348,0.004232540261000395
28349,0.002220315160229802
28350,0.002467989455908537
28351,0.0031676804646849632
28352,0.0025759839918464422
28353,0.0020095291547477245
28354,0.002512269886210561
28355,0.0024663424119353294
28356,0.002022070810198784
28357,0.0023107468150556087
28358,0.0025464333593845367
28359,0.0021951026283204556
28360,0.0020940809044986963
28361,0.0027310089208185673
28362,0.0026772688142955303
28363,0.002053733915090561
28364,0.0021548906806856394
28365,0.0027514377143234015
28366,0.002694367431104183
28367,0.0020404383540153503
28368,0.0020724995993077755
28369,0.0025143418461084366
28370,0.0024330238811671734
28371,0.0020216142293065786
28372,0.001988639123737812
28373,0.0022781621664762497
28374,0.0022171710152179003
28375,0.001977343577891588
28376,0.0019453223794698715
28377,0.0020724106580018997
28378,0.002063620835542679
28379,0.001949530909769237
28380,0.0019366351189091802
28381,0.0019534481689333916
28382,0.0019320112187415361
28383,0.0018999588210135698
28384,0.0019107434200122952
28385,0.0019138833740726113
28386,0.0018926910124719143
28387,0.0018931232625618577
28388,0.0019020434701815248
28389,0.0018982639303430915
28390,0.0018894070526584983
28391,0.001917546964250505
28392,0.0019247456220909953
28393,0.0018929969519376755
28394,0.0018818463431671262
28395,0.0019175212364643812
28396,0.0019520458299666643
28397,0.001910529681481421
28398,0.001867418410256505
28399,0.0018859589472413063
28400,0.0019287696341052651
28401,0.0019241622649133205
28402,0.0018763082334771752
28403,0.001869442407041788
28404,0.0019036532612517476
28405,0.0019174393964931369
28406,0.0018917036941275
28407,0.0018678883789107203
28408,0.00187876564450562
28409,0.00189490569755435
28410,0.0018949416698887944
28411,0.0018967782380059361
28412,0.0019196528010070324
28413,0.00196354603394866
28414,0.002017772290855646
28415,0.002086709486320615
28416,0.002192671876400709
28417,0.0023708443623036146
28418,0.0026538970414549112
28419,0.0031214249320328236
28420,0.003891254775226116
28421,0.005204119253903627
28422,0.007300471421331167
28423,0.010846760123968124
28424,0.016344308853149414
28425,0.02503442019224167
28426,0.03654000908136368
28427,0.05325329303741455
28428,0.06863322108983994
28429,0.08246441185474396
28430,0.07577162981033325
28431,0.05630418658256531
28432,0.025317341089248657
28433,0.005126637406647205
28434,0.004327256698161364
28435,0.017572659999132156
28436,0.03114357776939869
28437,0.03267264366149902
28438,0.023662475869059563
28439,0.010553278028964996
28440,0.003198874881491065
28441,0.004513069987297058
28442,0.010776683688163757
28443,0.015649238601326942
28444,0.014304770156741142
28445,0.008426070213317871
28446,0.0030752038583159447
28447,0.002393740462139249
28448,0.005659898743033409
28449,0.008622904308140278
28450,0.008286896161735058
28451,0.005296437069773674
28452,0.0027021709829568863
28453,0.0023988236207515
28454,0.0038703451864421368
28455,0.005174451507627964
28456,0.005042760167270899
28457,0.0038376047741621733
28458,0.002606936264783144
28459,0.002259807428345084
28460,0.0027291327714920044
28461,0.003387042321264744
28462,0.0036419383250176907
28463,0.0032325000502169132
28464,0.0025282613933086395
28465,0.0020196042023599148
28466,0.002073446288704872
28467,0.002536078216508031
28468,0.0028877202421426773
28469,0.002806456061080098
28470,0.0023570917546749115
28471,0.0019943020306527615
28472,0.0019617266952991486
28473,0.002150848740711808
28474,0.0023283343762159348
28475,0.002341034123674035
28476,0.0022510066628456116
28477,0.002127014799043536
28478,0.0020033507607877254
28479,0.0019333227537572384
28480,0.00195471104234457
28481,0.002052522264420986
28482,0.002127307467162609
28483,0.002097827848047018
28484,0.001991934608668089
28485,0.0019039298640564084
28486,0.0018958772998303175
28487,0.0019353243988007307
28488,0.0019636971410363913
28489,0.001959107583388686
28490,0.001941136666573584
28491,0.001938943169079721
28492,0.0019411271205171943
28493,0.0019232205813750625
28494,0.0018877270631492138
28495,0.0018614412983879447
28496,0.0018761965911835432
28497,0.0019147424027323723
28498,0.0019334001699462533
28499,0.0019147814018651843
28500,0.0018760948441922665
28501,0.0018589006504043937
28502,0.0018687028205022216
28503,0.0018790968460962176
28504,0.0018728385912254453
28505,0.001855798764154315
28506,0.0018525815103203058
28507,0.0018659282941371202
28508,0.0018752346513792872
28509,0.0018662383081391454
28510,0.0018448370974510908
28511,0.0018333237385377288
28512,0.0018389434553682804
28513,0.0018488871864974499
28514,0.0018492455128580332
28515,0.0018377375090494752
28516,0.0018294345354661345
28517,0.0018331294413655996
28518,0.0018419118132442236
28519,0.0018447709735482931
28520,0.0018348030280321836
28521,0.001822535414248705
28522,0.0018192834686487913
28523,0.001823263824917376
28524,0.0018268285784870386
28525,0.001822543446905911
28526,0.0018148558447137475
28527,0.0018120290478691459
28528,0.0018142800545319915
28529,0.0018169916002079844
28530,0.0018147557275369763
28531,0.0018098580185323954
28532,0.0018074305262416601
28533,0.0018083283212035894
28534,0.0018100901506841183
28535,0.001808054163120687
28536,0.0018036328256130219
28537,0.001800743630155921
28538,0.0017999702831730247
28539,0.001800032565370202
28540,0.0017986791208386421
28541,0.0017965140286833048
28542,0.0017950937617570162
28543,0.0017944735009223223
28544,0.001794037176296115
28545,0.001792478607967496
28546,0.0017908603185787797
28547,0.0017899733502417803
28548,0.0017893360927700996
28549,0.0017884890548884869
28550,0.0017868084833025932
28551,0.001785558182746172
28552,0.001785079832188785
28553,0.0017844364047050476
28554,0.0017832218436524272
28555,0.0017812550067901611
28556,0.001780168735422194
28557,0.0017802163492888212
28558,0.0017802033107727766
28559,0.001779521582648158
28560,0.0017775652231648564
28561,0.0017762781353667378
28562,0.0017764855874702334
28563,0.0017766986275091767
28564,0.0017761500785127282
28565,0.0017755292356014252
28566,0.0017776505555957556
28567,0.0017834791215136647
28568,0.0017928059678524733
28569,0.0018068964127451181
28570,0.0018249336862936616
28571,0.0018543474143370986
28572,0.0019076814642176032
28573,0.0019993323367089033
28574,0.002153743989765644
28575,0.0024222787469625473
28576,0.0028850140515714884
28577,0.0037178327329456806
28578,0.00515549723058939
28579,0.007777283899486065
28580,0.011943712830543518
28581,0.019316352903842926
28582,0.030708467587828636
28583,0.050311338156461716
28584,0.07310541719198227
28585,0.10183599591255188
28586,0.10669121891260147
28587,0.09639608860015869
28588,0.05251796171069145
28589,0.014837839640676975
28590,0.0035747659858316183
28591,0.018262742087244987
28592,0.0388590469956398
28593,0.04051102697849274
28594,0.028950389474630356
28595,0.01656416431069374
28596,0.015033433213829994
28597,0.02054794877767563
28598,0.019921477884054184
28599,0.013454452157020569
28600,0.006610829383134842
28601,0.007273990660905838
28602,0.012388914823532104
28603,0.013441548682749271
28604,0.009006216190755367
28605,0.003831225913017988
28606,0.004030556883662939
28607,0.007642290089279413
28608,0.008485333062708378
28609,0.005460985470563173
28610,0.0025582709349691868
28611,0.003241355065256357
28612,0.005473572760820389
28613,0.005442020948976278
28614,0.003448204603046179
28615,0.0022665690630674362
28616,0.003048529149964452
28617,0.004041401669383049
28618,0.003593186615034938
28619,0.00260681239888072
28620,0.00234589003957808
28621,0.0028250550385564566
28622,0.003136059734970331
28623,0.0028135147877037525
28624,0.0024340746458619833
28625,0.002279669279232621
28626,0.002421919023618102
28627,0.0026710908859968185
28628,0.002719157375395298
28629,0.002554901409894228
28630,0.0021577889565378428
28631,0.0020978511311113834
28632,0.0025068437680602074
28633,0.0028332022484391928
28634,0.0026948717422783375
28635,0.002087053842842579
28636,0.0019641248509287834
28637,0.0025118517223745584
28638,0.002950956579297781
28639,0.002775231609120965
28640,0.002061478327959776
28641,0.0019599786028265953
28642,0.002605283400043845
28643,0.003086345037445426
28644,0.0028778407722711563
28645,0.0020870016887784004
28646,0.001978608313947916
28647,0.0026750024408102036
28648,0.0032108656596392393
28649,0.0030394834466278553
28650,0.002196046756580472
28651,0.002029858762398362
28652,0.0027229287661612034
28653,0.0033163344487547874
28654,0.0032346579246222973
28655,0.002355234231799841
28656,0.0021001582499593496
28657,0.002760880859568715
28658,0.0034091821871697903
28659,0.003438121173530817
28660,0.002531972713768482
28661,0.0021839297842234373
28662,0.002806062111631036
28663,0.0034877508878707886
28664,0.0035969421733170748
28665,0.002665688283741474
28666,0.0022720571141690016
28667,0.0029032572638243437
28668,0.0036162736359983683
28669,0.003758660051971674
28670,0.0027646804228425026
28671,0.002353619784116745
28672,0.003055690787732601
28673,0.003831502515822649
28674,0.003990596160292625
28675,0.002882411004975438
28676,0.0024411268532276154
28677,0.00324803008697927
28678,0.004116345196962357
28679,0.004288670606911182
28680,0.0030236556194722652
28681,0.002539063338190317
28682,0.0034812912344932556
28683,0.004463666584342718
28684,0.004630213603377342
28685,0.0031633987091481686
28686,0.002641430590301752
28687,0.003775364253669977
28688,0.004907387308776379
28689,0.0050434572622179985
28690,0.003309677354991436
28691,0.0027545681223273277
28692,0.004149825312197208
28693,0.0054797278717160225
28694,0.005567038431763649
28695,0.003490980714559555
28696,0.002895957790315151
28697,0.004615732003003359
28698,0.006183916702866554
28699,0.006191391497850418
28700,0.0036974940448999405
28701,0.0030785584822297096
28702,0.00520631019026041
28703,0.00704887043684721
28704,0.006919874809682369
28705,0.003923027776181698
28706,0.0033263699151575565
28707,0.005969432182610035
28708,0.00811400730162859
28709,0.0077706556767225266
28710,0.004182310309261084
28711,0.0036891521885991096
28712,0.006966419983655214
28713,0.009404899552464485
28714,0.008721493184566498
28715,0.004470677115023136
28716,0.004227558150887489
28717,0.008261619135737419
28718,0.010927245020866394
28719,0.009739178232848644
28720,0.0048072198405861855
28721,0.005040191579610109
28722,0.00991519633680582
28723,0.01263592578470707
28724,0.01075846515595913
28725,0.00524655357003212
28726,0.006263121962547302
28727,0.0119350366294384
28728,0.014377458021044731
28729,0.011667754501104355
28730,0.005883898586034775
28731,0.008021121844649315
28732,0.014204873703420162
28733,0.015900859609246254
28734,0.012452872470021248
28735,0.00693882443010807
28736,0.010302862152457237
28737,0.016326770186424255
28738,0.016886796802282333
28739,0.013292809948325157
28740,0.008591492660343647
28741,0.012652989476919174
28742,0.017708685249090195
28743,0.017443116754293442
28744,0.014785582199692726
28745,0.010584643110632896
28746,0.013909507542848587
28747,0.01811288669705391
28748,0.018639205023646355
28749,0.017292233183979988
28750,0.011387062259018421
28751,0.013012386858463287
28752,0.019162217155098915
28753,0.022084463387727737
28754,0.01905044913291931
28755,0.008775115013122559
28756,0.011935552582144737
28757,0.024322573095560074
28758,0.02625684067606926
28759,0.015346599742770195
28760,0.0041418070904910564
28761,0.016290416941046715
28762,0.032535653561353683
28763,0.02409791387617588
28764,0.006164296064525843
28765,0.005409308709204197
28766,0.02524307370185852
28767,0.0322427973151207
28768,0.013465959578752518
28769,0.002740585245192051
28770,0.013908851891756058
28771,0.025835499167442322
28772,0.019220933318138123
28773,0.0062766168266534805
28774,0.007344556041061878
28775,0.015676705166697502
28776,0.01595691591501236
28777,0.009320540353655815
28778,0.006260264664888382
28779,0.007665496319532394
28780,0.009748829528689384
28781,0.00887011643499136
28782,0.006150579079985619
28783,0.004337206948548555
28784,0.005244391970336437
28785,0.006594664417207241
28786,0.005321006290614605
28787,0.002960784360766411
28788,0.003250598441809416
28789,0.005258576944470406
28790,0.0043991608545184135
28791,0.002275024773553014
28792,0.0026900761295109987
28793,0.00444092508405447
28794,0.004114867188036442
28795,0.0021056646946817636
28796,0.002480017254129052
28797,0.004374775569885969
28798,0.004074280150234699
28799,0.002366818953305483
28800,0.002101275371387601
28801,0.0038160313852131367
28802,0.004341389983892441
28803,0.002964537125080824
28804,0.0020955479703843594
28805,0.0027912489604204893
28806,0.003767568152397871
28807,0.003483444917947054
28808,0.0025587871205061674
28809,0.0022203766275197268
28810,0.0026737370062619448
28811,0.0031787799671292305
28812,0.002953896066173911
28813,0.0023263951297849417
28814,0.0020327484235167503
28815,0.0023910244926810265
28816,0.0027393344789743423
28817,0.0024984213523566723
28818,0.0020082262344658375
28819,0.0019500231137499213
28820,0.0023259688168764114
28821,0.002532298443838954
28822,0.0024249597918242216
28823,0.0024508400820195675
28824,0.002981476951390505
28825,0.0037173302844166756
28826,0.004547196440398693
28827,0.005929007660597563
28828,0.00854109600186348
28829,0.012846400029957294
28830,0.019923394545912743
28831,0.030271830037236214
28832,0.046323977410793304
28833,0.0644291341304779
28834,0.08497905731201172
28835,0.08802886307239532
28836,0.07533813267946243
28837,0.04314436390995979
28838,0.013743717223405838
28839,0.0023624650202691555
28840,0.0115236546844244
28841,0.027621259912848473
28842,0.034603409469127655
28843,0.028148341923952103
28844,0.013446707278490067
28845,0.0038199257105588913
28846,0.004020337946712971
28847,0.010244367644190788
28848,0.015485403127968311
28849,0.014666703529655933
28850,0.00964570976793766
28851,0.004180656746029854
28852,0.0025043876376003027
28853,0.005070294253528118
28854,0.008409913629293442
28855,0.008899853564798832
28856,0.005758978426456451
28857,0.002644498599693179
28858,0.002209135564044118
28859,0.003991847857832909
28860,0.005437404382973909
28861,0.005059666931629181
28862,0.003690538927912712
28863,0.0024487446062266827
28864,0.0021865915041416883
28865,0.0028360753785818815
28866,0.0036727190017700195
28867,0.0037844558246433735
28868,0.002949930727481842
28869,0.0020538868848234415
28870,0.0019485482480376959
28871,0.002524946816265583
28872,0.0029199544806033373
28873,0.0027424523141235113
28874,0.0023497953079640865
28875,0.0021738295909017324
28876,0.0022293708752840757
28877,0.0022138592321425676
28878,0.0021323899272829294
28879,0.002164130564779043
28880,0.002294883131980896
28881,0.00231829471886158
28882,0.0021101997699588537
28883,0.0018758748192340136
28884,0.0018585575744509697
28885,0.002021207707002759
28886,0.002126956358551979
28887,0.002062572166323662
28888,0.0019284936133772135
28889,0.0018663338851183653
28890,0.0018805887084454298
28891,0.001883950550109148
28892,0.001864507095888257
28893,0.0018591684056445956
28894,0.001881295582279563
28895,0.0018918541027233005
28896,0.0018616138258948922
28897,0.001820964040234685
28898,0.001803040038794279
28899,0.0018105946946889162
28900,0.0018191223498433828
28901,0.0018237433396279812
28902,0.0018317034700885415
28903,0.001836649957112968
28904,0.0018301644595339894
28905,0.001805997802875936
28906,0.0017893279436975718
28907,0.0017933392664417624
28908,0.001804328290745616
28909,0.0018103464972227812
28910,0.0018036686815321445
28911,0.001802913029678166
28912,0.0018085404299199581
28913,0.001804499072022736
28914,0.0017896936042234302
28915,0.0017749707913026214
28916,0.0017837230116128922
28917,0.0018031467916443944
28918,0.0018068073550239205
28919,0.0017907717265188694
28920,0.0017711070831865072
28921,0.0017814873717725277
28922,0.0018084811745211482
28923,0.0018180105835199356
28924,0.0018004955491051078
28925,0.0017688787775114179
28926,0.0017695579444989562
28927,0.001798963756300509
28928,0.0018170411931350827
28929,0.0018045868491753936
28930,0.0017679105512797832
28931,0.0017614240059629083
28932,0.0017923216801136732
28933,0.0018179405014961958
28934,0.0018096975982189178
28935,0.0017663489561527967
28936,0.0017503922572359443
28937,0.0017812077421694994
28938,0.0018172746058553457
28939,0.0018212315626442432
28940,0.0017737658927217126
28941,0.0017434860346838832
28942,0.0017675254493951797
28943,0.0018085597548633814
28944,0.0018236162140965462
28945,0.0017775885062292218
28946,0.0017385915853083134
28947,0.0017564279260113835
28948,0.0017995007801800966
28949,0.0018232336733490229
28950,0.001779287587851286
28951,0.0017348361434414983
28952,0.0017486227443441749
28953,0.001793858828023076
28954,0.0018270449945703149
28955,0.0017853995086625218
28956,0.0017345817759633064
28957,0.001742244348861277
28958,0.0017840639920905232
28959,0.0018181808991357684
28960,0.0017787760589271784
28961,0.0017313051503151655
28962,0.00174378277733922
28963,0.0017942460253834724
28964,0.0018449226627126336
28965,0.0018091361271217465
28966,0.0017538173124194145
28967,0.001761846011504531
28968,0.0018082433380186558
28969,0.0018546647625043988
28970,0.0018454896053299308
28971,0.0018628170946612954
28972,0.0019827703945338726
28973,0.002210995415225625
28974,0.002567937131971121
28975,0.002903822110965848
28976,0.00339079974219203
28977,0.004323842469602823
28978,0.0059979320503771305
28979,0.008679168298840523
28980,0.013314307667315006
28981,0.020479321479797363
28982,0.032406214624643326
28983,0.04741758853197098
28984,0.06818397343158722
28985,0.07804827392101288
28986,0.07995079457759857
28987,0.05858856439590454
28988,0.032118842005729675
28989,0.008863826282322407
28990,0.002862211549654603
28991,0.011329205706715584
28992,0.023223519325256348
28993,0.029999490827322006
28994,0.02617914043366909
28995,0.01768999546766281
28996,0.009270858019590378
28997,0.004689762368798256
28998,0.0055666835978627205
28999,0.009799730032682419
29000,0.013367779552936554
29001,0.012788793072104454
29002,0.008222785778343678
29003,0.003775482065975666
29004,0.003108736127614975
29005,0.005625039804726839
29006,0.008192108944058418
29007,0.008186313323676586
29008,0.005960345733910799
29009,0.0038817832246422768
29010,0.0030143926851451397
29011,0.0036942320875823498
29012,0.004956924356520176
29013,0.0056436145678162575
29014,0.00539724575355649
29015,0.0037551093846559525
29016,0.0024416735395789146
29017,0.002614684170112014
29018,0.003862860845401883
29019,0.004967003129422665
29020,0.00421755388379097
29021,0.00285641779191792
29022,0.002385085681453347
29023,0.0029055438935756683
29024,0.003654185216873884
29025,0.0032345489598810673
29026,0.002517427783459425
29027,0.0025752834044396877
29028,0.003122183261439204
29029,0.0034604170359671116
29030,0.0026517144870013
29031,0.001887478749267757
29032,0.0022292023058980703
29033,0.0031256405636668205
29034,0.0036652563139796257
29035,0.0027756199706345797
29036,0.0019042581552639604
29037,0.002264839829877019
29038,0.003266440238803625
29039,0.003938016016036272
29040,0.0029028477147221565
29041,0.001883483724668622
29042,0.002340483944863081
29043,0.0035740090534090996
29044,0.004477722104638815
29045,0.003248426131904125
29046,0.0018887578044086695
29047,0.0022475046571344137
29048,0.0036002076230943203
29049,0.00472464133054018
29050,0.0034707828890532255
29051,0.001990619581192732
29052,0.0023598065599799156
29053,0.00377178518101573
29054,0.004924066364765167
29055,0.0035029517021030188
29056,0.001965230330824852
29057,0.0025509062688797712
29058,0.004235218279063702
29059,0.005520573351532221
29060,0.003767312504351139
29061,0.0020000869408249855
29062,0.0028095650486648083
29063,0.00489184632897377
29064,0.006452757865190506
29065,0.004267590586096048
29066,0.0020973258651793003
29067,0.003084552939981222
29068,0.005599868483841419
29069,0.007471179123967886
29070,0.004813280887901783
29071,0.002226231386885047
29072,0.0034602913074195385
29073,0.006450408138334751
29074,0.008545567281544209
29075,0.005272524431347847
29076,0.002320070518180728
29077,0.0040491074323654175
29078,0.0077264513820409775
29079,0.010039987973868847
29080,0.005849048960953951
29081,0.0024417228996753693
29082,0.004921083338558674
29083,0.00956289004534483
29084,0.012117521837353706
29085,0.006626973394304514
29086,0.002659506630152464
29087,0.006201726384460926
29088,0.012061423622071743
29089,0.01466321013867855
29090,0.007390216924250126
29091,0.0030196337029337883
29092,0.008279598318040371
29093,0.015684138983488083
29094,0.017856333404779434
29095,0.008061118423938751
29096,0.0037384205497801304
29097,0.011746050789952278
29098,0.020929154008626938
29099,0.021681472659111023
29100,0.008498270995914936
29101,0.0054591987282037735
29102,0.01764693297445774
29103,0.02809741720557213
29104,0.025257039815187454
29105,0.008349626325070858
29106,0.00967841874808073
29107,0.027475908398628235
29108,0.03645768016576767
29109,0.02651478350162506
29110,0.008162025362253189
29111,0.019416581839323044
29112,0.0414796844124794
29113,0.04162393510341644
29114,0.022612396627664566
29115,0.011408254504203796
29116,0.03677540272474289
29117,0.05330813676118851
29118,0.03590405732393265
29119,0.016442501917481422
29120,0.022450078278779984
29121,0.050979193300008774
29122,0.048556696623563766
29123,0.02356383204460144
29124,0.019987469539046288
29125,0.032263100147247314
29126,0.04196641594171524
29127,0.03008248284459114
29128,0.019371716305613518
29129,0.023419145494699478
29130,0.028801456093788147
29131,0.027274150401353836
29132,0.018212618306279182
29133,0.01287735067307949
29134,0.01763308420777321
29135,0.023119118064641953
29136,0.014111727476119995
29137,0.007061671931296587
29138,0.012893551029264927
29139,0.0169125497341156
29140,0.00856149010360241
29141,0.0033818590454757214
29142,0.010180278681218624
29143,0.011771715246140957
29144,0.004216029774397612
29145,0.003034850349649787
29146,0.008179480209946632
29147,0.006123686209321022
29148,0.0023238882422447205
29149,0.004037447273731232
29150,0.005700947251170874
29151,0.0028068204410374165
29152,0.00229077716358006
29153,0.00426088459789753
29154,0.003812657203525305
29155,0.002102259546518326
29156,0.003157437779009342
29157,0.0041280221194028854
29158,0.002720971591770649
29159,0.0022485358640551567
29160,0.0032580173574388027
29161,0.003628702135756612
29162,0.0028818752616643906
29163,0.002501202281564474
29164,0.0026800986379384995
29165,0.002921439940109849
29166,0.0031242910772562027
29167,0.002581551671028137
29168,0.0020909642335027456
29169,0.0024179609026759863
29170,0.002919593593105674
29171,0.002453823806717992
29172,0.0018124276539310813
29173,0.0021332416217774153
29174,0.0025689229369163513
29175,0.002227678196504712
29176,0.0018201799830421805
29177,0.002020279411226511
29178,0.00222791894339025
29179,0.00207425095140934
29180,0.00189538998529315
29181,0.0019507958786562085
29182,0.0019981060177087784
29183,0.0019700017292052507
29184,0.001927919453009963
29185,0.0018804382998496294
29186,0.0018499124562367797
29187,0.001874157227575779
29188,0.0018939697183668613
29189,0.001819368451833725
29190,0.0017774547450244427
29191,0.0018063843017444015
29192,0.001821703976020217
29193,0.0017820015782490373
29194,0.0017617014236748219
29195,0.0017831186996772885
29196,0.001770912203937769
29197,0.0017490357859060168
29198,0.0017482946859672666
29199,0.0017619640566408634
29200,0.0017479306552559137
29201,0.0017424148973077536
29202,0.0017612127121537924
29203,0.0017706842627376318
29204,0.0017677968135103583
29205,0.0017698173178359866
29206,0.0017920256359502673
29207,0.0017988254548981786
29208,0.0017839415231719613
29209,0.0017851256998255849
29210,0.0018353054765611887
29211,0.001931935315951705
29212,0.002053064526990056
29213,0.0022429749369621277
29214,0.002586008980870247
29215,0.003091678721830249
29216,0.0038758954033255577
29217,0.005144086200743914
29218,0.00736660324037075
29219,0.0109833599999547
29220,0.017217693850398064
29221,0.02619154006242752
29222,0.040876634418964386
29223,0.057177137583494186
29224,0.07742176949977875
29225,0.08100646734237671
29226,0.072398841381073
29227,0.04246831685304642
29228,0.014603879302740097
29229,0.002408337313681841
29230,0.00955725833773613
29231,0.024094440042972565
29232,0.031428925693035126
29233,0.027553986757993698
29234,0.014716636389493942
29235,0.0043911742977797985
29236,0.002627796260640025
29237,0.008051994256675243
29238,0.014041068963706493
29239,0.014603015966713428
29240,0.01045987382531166
29241,0.004877246450632811
29242,0.002237060572952032
29243,0.0037221871316432953
29244,0.007022084668278694
29245,0.00859927013516426
29246,0.006562867201864719
29247,0.0034576342441141605
29248,0.002007308416068554
29249,0.0028895053546875715
29250,0.004470929503440857
29251,0.00501520000398159
29252,0.004269708879292011
29253,0.0028363498859107494
29254,0.0019144417019560933
29255,0.002182607538998127
29256,0.0030845506116747856
29257,0.003518389305099845
29258,0.0030926531180739403
29259,0.0023817250039428473
29260,0.0020133890211582184
29261,0.0020419787615537643
29262,0.0022203042171895504
29263,0.0024176742881536484
29264,0.002520497888326645
29265,0.002387678250670433
29266,0.002090797759592533
29267,0.001847730833105743
29268,0.0018408133182674646
29269,0.0020188791677355766
29270,0.002160239964723587
29271,0.0021358556114137173
29272,0.0019936771132051945
29273,0.0018547330982983112
29274,0.001803062972612679
29275,0.0018180375918745995
29276,0.0018477559788152575
29277,0.0018810356268659234
29278,0.001898456015624106
29279,0.0018765818094834685
29280,0.0018191392300650477
29281,0.0017727043014019728
29282,0.001769285649061203
29283,0.0017880594823509455
29284,0.0017961973790079355
29285,0.0017942890990525484
29286,0.0018092847894877195
29287,0.0018243195954710245
29288,0.0018094044644385576
29289,0.0017715983558446169
29290,0.0017437157221138477
29291,0.0017580187413841486
29292,0.0017876038327813148
29293,0.0017965808510780334
29294,0.0017858572537079453
29295,0.0017711976543068886
29296,0.0017738249152898788
29297,0.0017770497361198068
29298,0.0017620924627408385
29299,0.0017405753023922443
29300,0.0017339687328785658
29301,0.0017544751754030585
29302,0.0017739087343215942
29303,0.0017659392906352878
29304,0.001739992992952466
29305,0.0017255457350984216
29306,0.0017415346810594201
29307,0.0017612772062420845
29308,0.0017564082518219948
29309,0.001732186647132039
29310,0.0017143790610134602
29311,0.0017269470263272524
29312,0.001750158378854394
29313,0.0017539840191602707
29314,0.0017365466337651014
29315,0.0017159383278340101
29316,0.0017201321898028255
29317,0.001739525469020009
29318,0.0017451161984354258
29319,0.001729047391563654
29320,0.001705625676549971
29321,0.0017056192737072706
29322,0.0017259354935958982
29323,0.0017386815743520856
29324,0.0017293940763920546
29325,0.0017038991209119558
29326,0.001697161584161222
29327,0.0017156092217192054
29328,0.0017338598845526576
29329,0.0017325702356174588
29330,0.001706785405986011
29331,0.0016923296498134732
29332,0.0017053413903340697
29333,0.0017241087043657899
29334,0.0017268576193600893
29335,0.0017025514971464872
29336,0.0016860433388501406
29337,0.001697750762104988
29338,0.001720178872346878
29339,0.001731092925183475
29340,0.0017082483973354101
29341,0.0016852372791618109
29342,0.0016905163647606969
29343,0.0017097097588703036
29344,0.0017209314974024892
29345,0.001701894449070096
29346,0.001683852868154645
29347,0.0016941112698987126
29348,0.0017230145167559385
29349,0.0017524480354040861
29350,0.0017425701953470707
29351,0.0017238319851458073
29352,0.001737416023388505
29353,0.0017753285355865955
29354,0.001822221209295094
29355,0.0018744443077594042
29356,0.00197941018268466
29357,0.002185236196964979
29358,0.002533826045691967
29359,0.0031103151850402355
29360,0.0038416325114667416
29361,0.004973701201379299
29362,0.006841579452157021
29363,0.01007350068539381
29364,0.014949340373277664
29365,0.022713683545589447
29366,0.03247035667300224
29367,0.046402689069509506
29368,0.05732010304927826
29369,0.06677566468715668
29370,0.058092452585697174
29371,0.04166703671216965
29372,0.01907043717801571
29373,0.004915137775242329
29374,0.003523115534335375
29375,0.01090362947434187
29376,0.019558332860469818
29377,0.023307209834456444
29378,0.021922074258327484
29379,0.015356156043708324
29380,0.007761430460959673
29381,0.002837082138285041
29382,0.0028869397938251495
29383,0.006681488826870918
29384,0.010087930597364902
29385,0.01013551652431488
29386,0.0074380990117788315
29387,0.004608274903148413
29388,0.003404738614335656
29389,0.0036840895190835
29390,0.004240218549966812
29391,0.005131155252456665
29392,0.006107341963797808
29393,0.006065135821700096
29394,0.004820314701646566
29395,0.002613417338579893
29396,0.0019048986723646522
29397,0.0033371145837008953
29398,0.005138549953699112
29399,0.005702297668904066
29400,0.004025415983051062
29401,0.00242653489112854
29402,0.0023606857284903526
29403,0.0031485154759138823
29404,0.003792837727814913
29405,0.00325037376023829
29406,0.0027272615116089582
29407,0.0030070245265960693
29408,0.003352276748046279
29409,0.003206067020073533
29410,0.0022129504941403866
29411,0.0018520732410252094
29412,0.0027129969093948603
29413,0.00365435890853405
29414,0.0037269198801368475
29415,0.0024321081582456827
29416,0.0018258009804412723
29417,0.0028037014417350292
29418,0.004069168586283922
29419,0.004371697083115578
29420,0.00270456587895751
29421,0.001746082678437233
29422,0.002898417180404067
29423,0.0046319239772856236
29424,0.005322554148733616
29425,0.0033091779332607985
29426,0.0018215548479929566
29427,0.002853445243090391
29428,0.004754555877298117
29429,0.0056308857165277
29430,0.003491900162771344
29431,0.0019537112675607204
29432,0.0032035112380981445
29433,0.005280676297843456
29434,0.006060563959181309
29435,0.0035232147201895714
29436,0.00198977324180305
29437,0.003719738917425275
29438,0.006236211396753788
29439,0.007069301791489124
29440,0.003917389083653688
29441,0.002183495322242379
29442,0.0044080051593482494
29443,0.007472293917089701
29444,0.008438212797045708
29445,0.004531129729002714
29446,0.0025036504957824945
29447,0.005258437246084213
29448,0.008855262771248817
29449,0.009770762175321579
29450,0.004996037110686302
29451,0.0028855414129793644
29452,0.006502761505544186
29453,0.010742388665676117
29454,0.011368874460458755
29455,0.005392433609813452
29456,0.0033507123589515686
29457,0.008266592398285866
29458,0.013338332995772362
29459,0.01347286906093359
29460,0.005886301398277283
29461,0.004096429329365492
29462,0.010764249600470066
29463,0.01665644347667694
29464,0.015722906216979027
29465,0.006165841594338417
29466,0.005328965373337269
29467,0.014497518539428711
29468,0.0208246149122715
29469,0.017610017210245132
29470,0.0059134019538760185
29471,0.007590940222144127
29472,0.02018224075436592
29473,0.02565145120024681
29474,0.018320124596357346
29475,0.00524707930162549
29476,0.012022729031741619
29477,0.028089571744203568
29478,0.02944677323102951
29479,0.016097815707325935
29480,0.004984233994036913
29481,0.019892655313014984
29482,0.03640086203813553
29483,0.028391461819410324
29484,0.010138574987649918
29485,0.007691720966249704
29486,0.02993108704686165
29487,0.03848548233509064
29488,0.019192997366189957
29489,0.004982094280421734
29490,0.0154493423178792
29491,0.03384964540600777
29492,0.026802275329828262
29493,0.0073532829992473125
29494,0.007880053482949734
29495,0.02178921177983284
29496,0.023251257836818695
29497,0.009461019188165665
29498,0.004901822190731764
29499,0.013847388327121735
29500,0.016517646610736847
29501,0.007972879335284233
29502,0.0043700700625777245
29503,0.009427715092897415
29504,0.011604893021285534
29505,0.0059707146137952805
29506,0.003914503380656242
29507,0.008377636782824993
29508,0.009068796411156654
29509,0.004684876650571823
29510,0.0029565063305199146
29511,0.006939924322068691
29512,0.00808254536241293
29513,0.004216973669826984
29514,0.002287027658894658
29515,0.0051836855709552765
29516,0.006348007824271917
29517,0.0037239096127450466
29518,0.0018992965342476964
29519,0.0037159286439418793
29520,0.004884923342615366
29521,0.0030566812492907047
29522,0.0017482716357335448
29523,0.002861596643924713
29524,0.003825139719992876
29525,0.002671737689524889
29526,0.0017633398529142141
29527,0.0025541246868669987
29528,0.0032578338868916035
29529,0.0024728039279580116
29530,0.001780558261089027
29531,0.0024442248977720737
29532,0.0030667397659271955
29533,0.002412950387224555
29534,0.0017358316108584404
29535,0.002120302990078926
29536,0.002823939546942711
29537,0.0024782733526080847
29538,0.001781750819645822
29539,0.0018470106879249215
29540,0.002369918394833803
29541,0.0023636016994714737
29542,0.0018767318688333035
29543,0.0017366032116115093
29544,0.0020274652633816004
29545,0.0021096346899867058
29546,0.0018583318451419473
29547,0.0017450415762141347
29548,0.0018820082768797874
29549,0.001962596084922552
29550,0.0018106928328052163
29551,0.0017411056905984879
29552,0.001857528812251985
29553,0.0019148214487358928
29554,0.0018074035178869963
29555,0.0017401844961568713
29556,0.0018833096837624907
29557,0.0020445005502551794
29558,0.00204524421133101
29559,0.0020766607485711575
29560,0.002321681473404169
29561,0.0027658073231577873
29562,0.0032960413955152035
29563,0.004093770403414965
29564,0.005533981136977673
29565,0.008107563480734825
29566,0.011982440017163754
29567,0.018463894724845886
29568,0.027516532689332962
29569,0.042095232754945755
29570,0.055966105312108994
29571,0.07124610245227814
29572,0.07305997610092163
29573,0.06611832976341248
29574,0.04093037545681
29575,0.01657651737332344
29576,0.0030370252206921577
29577,0.005790282506495714
29578,0.01838862895965576
29579,0.02833740971982479
29580,0.02932628244161606
29581,0.019595349207520485
29582,0.008169793523848057
29583,0.002398459706455469
29584,0.00490067433565855
29585,0.01116243377327919
29586,0.014274761080741882
29587,0.01211670134216547
29588,0.00647695641964674
29589,0.0023365169763565063
29590,0.0024102157913148403
29591,0.005137587897479534
29592,0.007163519039750099
29593,0.006507865618914366
29594,0.004228242672979832
29595,0.002567710354924202
29596,0.002433293964713812
29597,0.0030282323714345694
29598,0.003589831292629242
29599,0.0038050871808081865
29600,0.003611197229474783
29601,0.0030235217418521643
29602,0.002224977593868971
29603,0.0018866186728700995
29604,0.0022326612379401922
29605,0.0027888414915651083
29606,0.0029719052836298943
29607,0.002647945424541831
29608,0.0021780719980597496
29609,0.00186325260438025
29610,0.0018078996799886227
29611,0.0019449132960289717
29612,0.0021533139515668154
29613,0.002263921545818448
29614,0.002173729008063674
29615,0.0019713975489139557
29616,0.0018066078191623092
29617,0.001755904988385737
29618,0.001781598199158907
29619,0.0018344378331676126
29620,0.0018922958988696337
29621,0.0019290931522846222
29622,0.0019060539780184627
29623,0.0018171262927353382
29624,0.0017241672612726688
29625,0.0016912873834371567
29626,0.0017191560473293066
29627,0.0017578478436917067
29628,0.0017738559981808066
29629,0.0017735067522153258
29630,0.0017684900667518377
29631,0.0017557665705680847
29632,0.0017240493325516582
29633,0.0016877871239557862
29634,0.0016730886418372393
29635,0.0016861929325386882
29636,0.0017077082302421331
29637,0.0017148498445749283
29638,0.0017085418803617358
29639,0.0017020171508193016
29640,0.0016982738161459565
29641,0.00169086002279073
29642,0.0016775804106146097
29643,0.0016651791520416737
29644,0.0016614953055977821
29645,0.0016644303686916828
29646,0.001666929805651307
29647,0.0016671163029968739
29648,0.0016665828879922628
29649,0.0016664735740050673
29650,0.0016652797348797321
29651,0.0016621177783235908
29652,0.0016582504613325
29653,0.0016551802400499582
29654,0.0016528434352949262
29655,0.001649413607083261
29656,0.0016455930890515447
29657,0.001643566181883216
29658,0.0016435825964435935
29659,0.001644336967729032
29660,0.001643750467337668
29661,0.0016419796738773584
29662,0.0016407502116635442
29663,0.001640244503505528
29664,0.00163979921489954
29665,0.0016387850046157837
29666,0.001637604204006493
29667,0.0016367933712899685
29668,0.0016362672904506326
29669,0.0016356579726561904
29670,0.0016342949820682406
29671,0.0016328637721017003
29672,0.0016319657443091273
29673,0.0016310776118189096
29674,0.0016299588605761528
29675,0.0016291170613840222
29676,0.001629307633265853
29677,0.0016304171876981854
29678,0.0016319607384502888
29679,0.0016338637797161937
29680,0.001635727589018643
29681,0.0016389519441872835
29682,0.0016451106639578938
29683,0.0016541837248951197
29684,0.0016676702070981264
29685,0.0016880081966519356
29686,0.0017207857454195619
29687,0.0017728419043123722
29688,0.0018561113392934203
29689,0.0019866335205733776
29690,0.0021790629252791405
29691,0.002467307960614562
29692,0.0029565575532615185
29693,0.0037375926040112972
29694,0.0050712209194898605
29695,0.007017695344984531
29696,0.010215640999376774
29697,0.014898370951414108
29698,0.022629087790846825
29699,0.03193925321102142
29700,0.04400366544723511
29701,0.05041257292032242
29702,0.05516482889652252
29703,0.0457010492682457
29704,0.03181427717208862
29705,0.01429887767881155
29706,0.003946269862353802
29707,0.0033949066419154406
29708,0.009599920362234116
29709,0.016945628449320793
29710,0.019038502126932144
29711,0.017498087137937546
29712,0.01387837715446949
29713,0.011193027719855309
29714,0.009768390096724033
29715,0.008400670252740383
29716,0.006432063411921263
29717,0.004727033898234367
29718,0.0045455810613930225
29719,0.005595655180513859
29720,0.0065762875601649284
29721,0.006087549962103367
29722,0.004285342991352081
29723,0.0025403269100934267
29724,0.00204560998827219
29725,0.0028182361274957657
29726,0.0037469847593456507
29727,0.0039482926949858665
29728,0.003373587504029274
29729,0.0025671557523310184
29730,0.0020735105499625206
29731,0.0019768753554672003
29732,0.002137906849384308
29733,0.0023591420613229275
29734,0.0025032791309058666
29735,0.00249824789352715
29736,0.0023128963075578213
29737,0.0020567586179822683
29738,0.0018719861982390285
29739,0.0018120233435183764
29740,0.001846897997893393
29741,0.0018639730988070369
29742,0.0018342991825193167
29743,0.0017985287122428417
29744,0.001797282136976719
29745,0.0018354571657255292
29746,0.0018642720533534884
29747,0.0018496511038392782
29748,0.0017890252638608217
29749,0.001712873112410307
29750,0.0016562973614782095
29751,0.0016475901938974857
29752,0.0016736710676923394
29753,0.0017068951856344938
29754,0.0017280466854572296
29755,0.0017231251113116741
29756,0.0017117394600063562
29757,0.0017043972620740533
29758,0.0016942298971116543
29759,0.0016785952029749751
29760,0.0016631634207442403
29761,0.001660533482208848
29762,0.0016646857839077711
29763,0.0016609509475529194
29764,0.0016452725976705551
29765,0.0016239492688328028
29766,0.0016216121148318052
29767,0.0016398702282458544
29768,0.0016576555790379643
29769,0.0016594994813203812
29770,0.0016410419484600425
29771,0.0016273253131657839
29772,0.0016333271050825715
29773,0.001647039782255888
29774,0.0016516974428668618
29775,0.001637995825149119
29776,0.0016252511413767934
29777,0.0016295547829940915
29778,0.001644724514335394
29779,0.0016568704741075635
29780,0.001649151206947863
29781,0.0016347767086699605
29782,0.0016334963729605079
29783,0.001645100535824895
29784,0.0016604873817414045
29785,0.0016673917416483164
29786,0.0016736512770876288
29787,0.0016946723917499185
29788,0.0017337497556582093
29789,0.0017913146875798702
29790,0.0018552775727584958
29791,0.0019413389964029193
29792,0.00207962142303586
29793,0.0023059993982315063
29794,0.002650859300047159
29795,0.003150909673422575
29796,0.0038639609701931477
29797,0.005040219519287348
29798,0.006775888614356518
29799,0.009583229199051857
29800,0.013085832819342613
29801,0.01820814609527588
29802,0.023993927985429764
29803,0.03183678537607193
29804,0.03706805408000946
29805,0.04067420959472656
29806,0.03565770015120506
29807,0.028051942586898804
29808,0.01649448834359646
29809,0.007308379281312227
29810,0.002747001126408577
29811,0.0029980165418237448
29812,0.006208185572177172
29813,0.009562714025378227
29814,0.011820074170827866
29815,0.011693599633872509
29816,0.010613935999572277
29817,0.009005963802337646
29818,0.007607762236148119
29819,0.006509172730147839
29820,0.005525123793631792
29821,0.004723949357867241
29822,0.004222455434501171
29823,0.004166283644735813
29824,0.0042544640600681305
29825,0.004153200425207615
29826,0.003833179594948888
29827,0.003527282038703561
29828,0.0033109127543866634
29829,0.0031826398335397243
29830,0.002884647576138377
29831,0.0023878158535808325
29832,0.0020985244773328304
29833,0.0020699938759207726
29834,0.0022402668837457895
29835,0.0023998406250029802
29836,0.0023404560051858425
29837,0.0021487255580723286
29838,0.0019169491715729237
29839,0.001736160833388567
29840,0.0016786254709586501
29841,0.0017339740879833698
29842,0.001806990010663867
29843,0.0018457530532032251
29844,0.0018486441113054752
29845,0.0018151506083086133
29846,0.0018826625309884548
29847,0.002031269483268261
29848,0.0021307417191565037
29849,0.0021162943448871374
29850,0.0018661852227523923
29851,0.0016439700266346335
29852,0.001658120658248663
29853,0.0018220175988972187
29854,0.00200099591165781
29855,0.0019108367851004004
29856,0.0016972257290035486
29857,0.0016364841721951962
29858,0.0017142761498689651
29859,0.0018519433215260506
29860,0.0018140858737751842
29861,0.001675143837928772
29862,0.0016368002397939563
29863,0.0016882804920896888
29864,0.0017797081964090466
29865,0.0017166567267850041
29866,0.0016101500950753689
29867,0.0016329091740772128
29868,0.0017553470097482204
29869,0.0019243466667830944
29870,0.0018564994679763913
29871,0.0016694841906428337
29872,0.0016197231598198414
29873,0.001661202753894031
29874,0.0017366704996675253
29875,0.001672019949182868
29876,0.001604504301212728
29877,0.0016921291826292872
29878,0.0018935645930469036
29879,0.0021517020650207996
29880,0.002082287799566984
29881,0.001841742079705
29882,0.0017991126514971256
29883,0.0018963179318234324
29884,0.0020683612674474716
29885,0.002174094319343567
29886,0.0024310003500431776
29887,0.0030198050662875175
29888,0.004063787870109081
29889,0.005622273311018944
29890,0.007066507823765278
29891,0.008342023938894272
29892,0.010934007354080677
29893,0.014419889077544212
29894,0.01995321735739708
29895,0.026087742298841476
29896,0.03525206446647644
29897,0.0414457768201828
29898,0.048213228583335876
29899,0.045794107019901276
29900,0.03741874545812607
29901,0.021787287667393684
29902,0.01010376587510109
29903,0.005501779727637768
29904,0.008100426755845547
29905,0.012491044588387012
29906,0.01297437958419323
29907,0.011571880429983139
29908,0.007764535956084728
29909,0.004544434137642384
29910,0.003238234668970108
29911,0.0036806112620979548
29912,0.0049853138625621796
29913,0.005960672162473202
29914,0.005914763547480106
29915,0.004642543848603964
29916,0.004010664764791727
29917,0.0043842787854373455
29918,0.005526119843125343
29919,0.006664322689175606
29920,0.005364089272916317
29921,0.0036082009319216013
29922,0.00329345790669322
29923,0.004236728884279728
29924,0.0057378667406737804
29925,0.004970323294401169
29926,0.002887520706281066
29927,0.002235802821815014
29928,0.002812280785292387
29929,0.0039911107160151005
29930,0.003511927556246519
29931,0.002019711770117283
29932,0.0016969142016023397
29933,0.002359558828175068
29934,0.003511865623295307
29935,0.0030399616807699203
29936,0.0019962915685027838
29937,0.0021860862616449594
29938,0.003117971820756793
29939,0.0042676664888858795
29940,0.0032100901007652283
29941,0.0018460346618667245
29942,0.002430730266496539
29943,0.0040616621263325214
29944,0.0058129532262682915
29945,0.004246791824698448
29946,0.0018541821045801044
29947,0.0020064108539372683
29948,0.003891550935804844
29949,0.00630416814237833
29950,0.004845743533223867
29951,0.002016558079048991
29952,0.001864300575107336
29953,0.0036930020432919264
29954,0.006251313723623753
29955,0.00479169562458992
29956,0.0019323906162753701
29957,0.001996311591938138
29958,0.004213682375848293
29959,0.0072690220549702644
29960,0.0055914344266057014
29961,0.002180175855755806
29962,0.002146909711882472
29963,0.004397010430693626
29964,0.007361298426985741
29965,0.005308366380631924
29966,0.0020590093918144703
29967,0.0029077441431581974
29968,0.006469643674790859
29969,0.010839991271495819
29970,0.008200258016586304
29971,0.003439259249716997
29972,0.003875304013490677
29973,0.007665552664548159
29974,0.012148146517574787
29975,0.009331129491329193
29976,0.005355984903872013
29977,0.007940661162137985
29978,0.015017637982964516
29979,0.02321862429380417
29980,0.01933750882744789
29981,0.011426432058215141
29982,0.011746645905077457
29983,0.017380818724632263
29984,0.023329399526119232
29985,0.016398848965764046
29986,0.0069522252306342125
29987,0.008337393403053284
29988,0.01587093248963356
29989,0.022631891071796417
29990,0.011562409810721874
29991,0.0016273572109639645
29992,0.008467065170407295
29993,0.02314954251050949
29994,0.03378421068191528
29995,0.018297303467988968
29996,0.004446708597242832
29997,0.014590575359761715
29998,0.030900083482265472
29999,0.03613154590129852
