epoch,total,physics,heat,visc,ic,bc,bc_disp,bc_flux,data,data_temp,data_disp
0,673.8597412109375,0.3455764353275299,0.3222214877605438,0.023354973644018173,291747.8125,5.30585256911679e+19,5.30585256911679e+19,0.0016328265191987157,31177454.0,0.74076247215271,31177454.0
1,310.32696533203125,0.10125462710857391,0.09441209584474564,0.0068425401113927364,291718.8125,9.783531429764792e+18,9.783531429764792e+18,0.001511255744844675,376184.90625,0.7406608462333679,376184.15625
2,335.3572692871094,0.09167417883872986,0.0854787826538086,0.006195393390953541,291545.6875,3.721841912219435e+18,3.721841912219435e+18,0.001499923411756754,3550600.0,0.7441626191139221,3550599.25
3,294.5215148925781,0.03659550100564957,0.03412231430411339,0.0024731892626732588,291333.0,1.3348649779194757e+18,1.3348649779194757e+18,0.0015276657650247216,2387.828857421875,0.7461414933204651,2387.082763671875
4,294.81414794921875,0.016495149582624435,0.015380403026938438,0.0011147467885166407,291107.34375,1.8388093649582817e+18,1.8388093649582817e+18,0.001531044952571392,104319.828125,0.7465067505836487,104319.078125
5,310.58880615234375,0.046026233583688736,0.04291585460305214,0.0031103752553462982,290881.5625,1.210731764411007e+18,1.210731764411007e+18,0.0015214472077786922,1619521.625,0.746371328830719,1619520.875
6,313.4391174316406,0.04622187465429306,0.0430983230471611,0.0031235497444868088,290676.375,2.6217917986237317e+18,2.6217917986237317e+18,0.0015055055264383554,1782982.75,0.745918333530426,1782982.0
7,296.8753967285156,0.03956320136785507,0.03688957914710045,0.0026736247818917036,290491.15625,2.065172008521433e+18,2.065172008521433e+18,0.0015089729567989707,234089.578125,0.745752215385437,234088.828125
8,296.9566650390625,0.036577507853507996,0.03410561382770538,0.0024718951899558306,290313.5625,1.8974000031402557e+18,1.8974000031402557e+18,0.0015065405750647187,291679.71875,0.7455018162727356,291678.96875
9,298.04754638671875,0.03309424966573715,0.030857723206281662,0.0022365262266248465,290138.3125,1.9239525217562788e+18,1.9239525217562788e+18,0.0014962144196033478,433053.84375,0.7450231909751892,433053.09375
10,294.9460754394531,0.026390565559267998,0.024607013911008835,0.0017835507169365883,289964.9375,1.7645948039845642e+18,1.7645948039845642e+18,0.0014947436284273863,189701.484375,0.7446850538253784,189700.734375
11,296.36322021484375,0.02741052210330963,0.02555800974369049,0.0018525151535868645,289794.375,1.5121704363082383e+18,1.5121704363082383e+18,0.0014953422360122204,368613.46875,0.744117796421051,368612.71875
12,292.2794494628906,0.02562635764479637,0.0238944198936224,0.0017319367034360766,289627.65625,1.2534728050396365e+18,1.2534728050396365e+18,0.0014837512280791998,11700.5576171875,0.7430965900421143,11699.814453125
13,294.5882873535156,0.02356019988656044,0.021967897191643715,0.0015923030441626906,289464.3125,1.047151028635435e+18,1.047151028635435e+18,0.001468848087824881,289881.28125,0.7417231202125549,289880.53125
14,291.3526916503906,0.02435041032731533,0.022704705595970154,0.0016457061283290386,289305.59375,7.913916360336343e+17,7.913916360336343e+17,0.0014575745444744825,3816.555908203125,0.7402693033218384,3815.815673828125
15,292.6158752441406,0.027345726266503334,0.025497591122984886,0.0018481338629499078,289153.28125,6.31608269823017e+17,6.31608269823017e+17,0.0014447588473558426,146369.0625,0.738561749458313,146368.328125
16,291.2408752441406,0.03063463792204857,0.028564222157001495,0.002070412738248706,289007.8125,5.807211537026253e+17,5.807211537026253e+17,0.001430822885595262,12060.7265625,0.7367338538169861,12059.990234375
17,292.82977294921875,0.029944011941552162,0.027920261025428772,0.0020237527787685394,288867.0,5.452114292511867e+17,5.452114292511867e+17,0.0014178587589412928,192037.5625,0.7348379492759705,192036.828125
18,290.8634033203125,0.025540651753544807,0.023814473301172256,0.0017261782195419073,288727.8125,4.8149864743174144e+17,4.8149864743174144e+17,0.0014067267766222358,37703.89453125,0.7328962683677673,37703.16015625
19,290.9097900390625,0.023187799379229546,0.021620629355311394,0.0015671756118535995,288586.625,4.294271854895432e+17,4.294271854895432e+17,0.001396156963892281,73434.09375,0.73093581199646,73433.359375
20,290.1839904785156,0.023179709911346436,0.02161307819187641,0.0015666342806071043,288440.59375,4.022422758888571e+17,4.022422758888571e+17,0.001384709612466395,18211.669921875,0.7289357781410217,18210.94140625
21,291.6263732910156,0.02146381139755249,0.02001313492655754,0.0014506722800433636,288289.375,3.7412199113057894e+17,3.7412199113057894e+17,0.0013726248871535063,188968.921875,0.7269230484962463,188968.1875
22,290.55499267578125,0.019530311226844788,0.01821030303835869,0.0013200057437643409,288136.21875,3.582755546731643e+17,3.582755546731643e+17,0.00136379967443645,108397.9765625,0.7251775860786438,108397.25
23,289.64532470703125,0.019025353714823723,0.017739467322826385,0.0012858860427513719,287980.125,3.336756999885947e+17,3.336756999885947e+17,0.0013522068038582802,38024.125,0.7231898903846741,38023.40234375
24,290.5694580078125,0.019481899216771126,0.01816515065729618,0.0013167473953217268,287823.71875,3.123439718188974e+17,3.123439718188974e+17,0.0013375013368204236,145928.046875,0.7209221124649048,145927.328125
25,288.9267883300781,0.018930619582533836,0.01765112392604351,0.0012794946087524295,287670.8125,3.0062822874834534e+17,3.0062822874834534e+17,0.0013242956483736634,878.17333984375,0.7186471819877625,877.4547119140625
26,289.36724853515625,0.017978563904762268,0.016763417050242424,0.0012151442933827639,287519.40625,2.923119351127081e+17,2.923119351127081e+17,0.0013088659616187215,65660.2109375,0.7161376476287842,65659.4921875
27,288.58038330078125,0.017375556752085686,0.01620117761194706,0.001174377161078155,287366.875,2.9060099194067354e+17,2.9060099194067354e+17,0.0012905483599752188,5413.171875,0.7133733630180359,5412.45849609375
28,288.6881103515625,0.016691744327545166,0.015563585795462132,0.0011281578335911036,287211.53125,2.88602938794836e+17,2.88602938794836e+17,0.0012701107189059258,35335.84765625,0.7103411555290222,35335.13671875
29,288.5306091308594,0.01691419631242752,0.01577100157737732,0.0011431938037276268,287052.4375,2.6716302898888704e+17,2.6716302898888704e+17,0.0012485223123803735,36528.140625,0.7071050405502319,36527.43359375
30,288.0067138671875,0.017651831731200218,0.016458770260214806,0.0011930608889088035,286889.0625,2.307070717025321e+17,2.307070717025321e+17,0.0012276321649551392,433.6784362792969,0.7040908336639404,432.9743347167969
31,288.0430603027344,0.016700053587555885,0.015571290627121925,0.001128762261942029,286721.6875,2.0293844168658125e+17,2.0293844168658125e+17,0.001210876158438623,28340.205078125,0.7017396092414856,28339.50390625
32,287.6128845214844,0.01600545644760132,0.014923624694347382,0.0010818315204232931,286550.875,1.8547196074498458e+17,1.8547196074498458e+17,0.0011960555566474795,7623.435546875,0.6997331976890564,7622.73583984375
33,287.4571533203125,0.016133086755871773,0.015042636543512344,0.0010904499795287848,286376.59375,1.7605728935293747e+17,1.7605728935293747e+17,0.0011810391442850232,9783.44921875,0.6976774334907532,9782.751953125
34,287.420166015625,0.016667554154992104,0.015540994703769684,0.0011265598004683852,286198.65625,1.6583794724805018e+17,1.6583794724805018e+17,0.0011654729023575783,22228.330078125,0.6954047679901123,22227.634765625
35,286.9961853027344,0.016584668308496475,0.015463708899915218,0.001120958593674004,286017.15625,1.4897616334199194e+17,1.4897616334199194e+17,0.0011493007186800241,78.3316650390625,0.6928703784942627,77.6387939453125
36,286.9815979003906,0.01598522998392582,0.014904772862792015,0.0010804594494402409,285832.65625,1.310765005888553e+17,1.310765005888553e+17,0.0011315238662064075,21860.025390625,0.690045952796936,21859.3359375
37,286.61883544921875,0.015803813934326172,0.014735609292984009,0.0010682034771889448,285645.90625,1.2552410430753997e+17,1.2552410430753997e+17,0.0011135548120364547,5719.9482421875,0.6870998740196228,5719.26123046875
38,286.4159851074219,0.015818672254681587,0.014749468304216862,0.0010692027863115072,285457.375,1.2066512190622925e+17,1.2066512190622925e+17,0.0010943012312054634,4699.5068359375,0.6842771768569946,4698.82275390625
39,286.2591552734375,0.01647064834833145,0.015357389114797115,0.0011132567888125777,285266.09375,1.1270395334649446e+17,1.1270395334649446e+17,0.0010740673169493675,5677.88525390625,0.6815569400787354,5677.20361328125
40,286.0173034667969,0.016807638108730316,0.015671607106924057,0.0011360301868990064,285070.625,1.0428323187602227e+17,1.0428323187602227e+17,0.0010551814921200275,199.5499725341797,0.6788698434829712,198.87110900878906
41,285.83685302734375,0.016517195850610733,0.015400785952806473,0.0011164089664816856,284871.15625,9.786869821944627e+16,9.786869821944627e+16,0.0010365978814661503,4195.05859375,0.6760556697845459,4194.38232421875
42,285.60418701171875,0.016690589487552643,0.015562457032501698,0.00112813466694206,284669.25,9.690566347246797e+16,9.690566347246797e+16,0.0010175410425290465,349.6805114746094,0.6731094121932983,349.0074157714844
43,285.4259948730469,0.01679975725710392,0.015664245933294296,0.001135510392487049,284465.71875,9.740714385394893e+16,9.740714385394893e+16,0.0009985704673454165,2285.6337890625,0.6701542139053345,2284.963623046875
44,285.2341003417969,0.017519598826766014,0.016335438936948776,0.001184161752462387,284260.3125,9.389842186108928e+16,9.389842186108928e+16,0.0009803450666368008,389.9418640136719,0.6672418713569641,389.2746276855469
45,284.99462890625,0.016855904832482338,0.015716606751084328,0.0011393025051802397,284052.5625,9.67353422493778e+16,9.67353422493778e+16,0.000960737990681082,249.52218627929688,0.6638584136962891,248.8583221435547
46,284.8106384277344,0.017285410314798355,0.016117075458168983,0.0011683347402140498,283842.53125,1.00518993688789e+17,1.00518993688789e+17,0.0009391560452058911,330.5191650390625,0.6602909564971924,329.85888671875
47,284.5911865234375,0.01712724380195141,0.015969568863511086,0.001157676219008863,283631.6875,1.0119310598576538e+17,1.0119310598576538e+17,0.0009206630056723952,192.69204711914062,0.6571153402328491,192.03492736816406
48,284.38775634765625,0.017284708097577095,0.016116393730044365,0.001168314483948052,283419.78125,1.020988974086226e+17,1.020988974086226e+17,0.0009027265477925539,160.6529541015625,0.6540305614471436,159.99891662597656
49,284.1687316894531,0.017182791605591774,0.01602138951420784,0.0011614038376137614,283206.21875,1.0162812604330803e+17,1.0162812604330803e+17,0.0008866665884852409,174.27569580078125,0.6510581970214844,173.6246337890625
50,283.93487548828125,0.016804752871394157,0.01566888391971588,0.001135864993557334,282990.40625,9.87567686072402e+16,9.87567686072402e+16,0.0008712776470929384,545.6464233398438,0.6482580900192261,544.9981689453125
51,283.7140197753906,0.01682797633111477,0.0156905185431242,0.0011374609312042594,282772.84375,9.809693278155571e+16,9.809693278155571e+16,0.0008541803108528256,167.60252380371094,0.645322322845459,166.9571990966797
52,283.4905090332031,0.016543349251151085,0.0154251204803586,0.0011182253947481513,282555.1875,9.958970879482266e+16,9.958970879482266e+16,0.0008356744074262679,853.3840942382812,0.6421063542366028,852.7420043945312
53,283.2573547363281,0.016359491273760796,0.015253711491823196,0.0011057808296754956,282337.90625,9.933108304412672e+16,9.933108304412672e+16,0.0008158879354596138,213.32518005371094,0.6386639475822449,212.6865234375
54,283.0149841308594,0.015679413452744484,0.014619600027799606,0.0010598161024972796,282119.125,1.0073576068821811e+17,1.0073576068821811e+17,0.0007948024431243539,1113.2952880859375,0.6349930167198181,1112.6602783203125
55,282.7977294921875,0.01540747657418251,0.014366025105118752,0.0010414505377411842,281897.21875,1.1067839523009331e+17,1.1067839523009331e+17,0.0007711196085438132,1941.93505859375,0.6307738423347473,1941.3043212890625
56,282.55322265625,0.015261567197740078,0.014229956082999706,0.0010316121624782681,281672.84375,1.0357607410067046e+17,1.0357607410067046e+17,0.0007504595560021698,1369.1097412109375,0.6270471811294556,1368.482666015625
57,282.3018493652344,0.01488771103322506,0.01388137973845005,0.0010063324589282274,281447.84375,1.0453008082639258e+17,1.0453008082639258e+17,0.0007304438622668386,508.9279479980469,0.623062014579773,508.3049011230469
58,282.0290832519531,0.014139619655907154,0.013183869421482086,0.0009557509911246598,281221.25,9.500283834151731e+16,9.500283834151731e+16,0.0007144032861106098,585.7720336914062,0.6196817755699158,585.15234375
59,281.7677307128906,0.013639918528497219,0.012717955745756626,0.0009219637722708285,280991.15625,9.142587790825882e+16,9.142587790825882e+16,0.0006964220083318651,310.2131042480469,0.6160000562667847,309.59710693359375
60,281.5169982910156,0.013412480242550373,0.012505880557000637,0.000906600384041667,280756.9375,8.83152564340654e+16,8.83152564340654e+16,0.0006793471984565258,111.18795776367188,0.6121788024902344,110.5757827758789
61,281.26568603515625,0.013127571903169155,0.012240220792591572,0.0008873529732227325,280519.9375,8.81219829057454e+16,8.81219829057454e+16,0.0006584528600797057,123.0994873046875,0.6079080104827881,122.4915771484375
62,280.99725341796875,0.01246600691229105,0.01162338349968195,0.0008426251588389277,280281.5,9.117116057780224e+16,9.117116057780224e+16,0.0006336487713269889,128.1901397705078,0.6031656265258789,127.58696746826172
63,280.73468017578125,0.01194180827587843,0.011134633794426918,0.0008071752381511033,280040.46875,9.51707801527255e+16,9.51707801527255e+16,0.0006091731484048069,193.29322814941406,0.598304033279419,192.69493103027344
64,280.46240234375,0.011281072162091732,0.01051853597164154,0.0007625353173352778,279794.90625,1.0117028252955443e+17,1.0117028252955443e+17,0.0005864134291186929,224.821044921875,0.593714714050293,224.22732543945312
65,280.1885070800781,0.010690988972783089,0.009968318976461887,0.0007226693560369313,279544.53125,1.027936083687506e+17,1.027936083687506e+17,0.000563957029953599,663.6734619140625,0.5891968011856079,663.0842895507812
66,279.99560546875,0.010454332455992699,0.009747693315148354,0.0007066397811286151,279290.0,1.1330003467763712e+17,1.1330003467763712e+17,0.0005368351703509688,6958.28564453125,0.5839792490005493,6957.70166015625
67,280.03143310546875,0.011014863848686218,0.010270274244248867,0.0007445880910381675,279031.5625,9.54132310565847e+16,9.54132310565847e+16,0.0005251075490377843,35365.37109375,0.5811337232589722,35364.7890625
68,279.55828857421875,0.009792245924472809,0.009130331687629223,0.0006619143532589078,278773.46875,9.951748462477312e+16,9.951748462477312e+16,0.0005021632532589138,19567.23828125,0.5760900974273682,19566.662109375
69,279.1051330566406,0.009599314071238041,0.008950439281761646,0.000648873916361481,278512.71875,8.755953116853043e+16,8.755953116853043e+16,0.00048452758346684277,2486.97509765625,0.5721818804740906,2486.40283203125
70,278.93890380859375,0.009254241362214088,0.008628658950328827,0.0006255824118852615,278249.21875,7.9577574967083e+16,7.9577574967083e+16,0.0004681899445131421,14737.4931640625,0.5684439539909363,14736.9248046875
71,278.51361083984375,0.008999685756862164,0.008391336537897587,0.0006083489279262722,277983.5,7.469364739571712e+16,7.469364739571712e+16,0.0004474883317016065,538.7952270507812,0.5637103319168091,538.2315063476562
72,278.358642578125,0.00904160551726818,0.008430455811321735,0.0006111496477387846,277713.625,6.994946088029389e+16,6.994946088029389e+16,0.0004273233062122017,12299.392578125,0.5591180324554443,12298.8330078125
73,277.9376220703125,0.008696402423083782,0.008108576759696007,0.0005878271767869592,277438.40625,6.202385464976998e+16,6.202385464976998e+16,0.000411217100918293,236.54466247558594,0.5551618337631226,235.989501953125
74,277.7497253417969,0.008695759810507298,0.008107943460345268,0.0005878157680854201,277158.09375,5.718313874436915e+16,5.718313874436915e+16,0.0003946495126001537,9963.5908203125,0.5511717200279236,9963.0400390625
75,277.3721923828125,0.008714866824448109,0.008125734515488148,0.0005891324253752828,276873.6875,5.398202230924902e+16,5.398202230924902e+16,0.0003783942083828151,879.1747436523438,0.5471876859664917,878.6275634765625
76,277.1333923339844,0.008613664656877518,0.008031399920582771,0.0005822642706334591,276588.15625,5.040905619557581e+16,5.040905619557581e+16,0.000359784287866205,6412.107421875,0.5426042079925537,6411.56494140625
77,276.7919921875,0.008426172658801079,0.007856586016714573,0.000569585885386914,276301.375,4.940149122767258e+16,4.940149122767258e+16,0.00034349827910773456,1988.6890869140625,0.5382729768753052,1988.1507568359375
78,276.4922790527344,0.008031882345676422,0.007488938979804516,0.0005429438897408545,276011.78125,5.03810444188713e+16,5.03810444188713e+16,0.00032628964981995523,2853.434814453125,0.5339190363883972,2852.90087890625
79,276.1917419433594,0.007946793921291828,0.007409629411995411,0.0005371648585423827,275718.46875,5.01042294816768e+16,5.01042294816768e+16,0.00030598940793424845,2582.05859375,0.5289813280105591,2581.529541015625
80,275.84649658203125,0.007464626803994179,0.006960087921470404,0.0005045385332778096,275420.0,5.028779638390784e+16,5.028779638390784e+16,0.0002859473752323538,296.66644287109375,0.5240168571472168,296.1424255371094
81,275.582763671875,0.007514101918786764,0.00700619351118803,0.0005079091060906649,275116.0,5.012573438292787e+16,5.012573438292787e+16,0.0002715194132179022,4090.599609375,0.5198332071304321,4090.079833984375
82,275.3232727050781,0.007760257925838232,0.0072357007302343845,0.0005245586507953703,274808.09375,5.279805444456448e+16,5.279805444456448e+16,0.0002555653336457908,7437.34228515625,0.5157634615898132,7436.82666015625
83,275.0126037597656,0.007729623932391405,0.007207110989838839,0.000522512593306601,274500.03125,4.98701494690775e+16,4.98701494690775e+16,0.00024147926887962967,7623.61865234375,0.5116597414016724,7623.10693359375
84,274.6562194824219,0.007586552761495113,0.007073688320815563,0.0005128646153025329,274188.25,5.283085940477133e+16,5.283085940477133e+16,0.00023149057233240455,3580.322021484375,0.508206844329834,3579.813720703125
85,274.2994384765625,0.007405218668282032,0.006904617417603731,0.0005006011924706399,273874.375,5.37858797427753e+16,5.37858797427753e+16,0.00022025920043233782,100.00833892822266,0.5043203234672546,99.50402069091797
86,273.9917297363281,0.007173130754381418,0.006688272580504417,0.00048485773731954396,273558.75,5.482239279025357e+16,5.482239279025357e+16,0.00020751619013026357,1949.3824462890625,0.4999476969242096,1948.8824462890625
87,273.7845764160156,0.007828924804925919,0.007299763150513172,0.000529161945451051,273237.84375,6.591559753111962e+16,6.591559753111962e+16,0.00019394989067222923,8934.185546875,0.49554306268692017,8933.6904296875
88,273.5976257324219,0.00861934944987297,0.008036699146032333,0.0005826496053487062,272911.0625,5.679277346180301e+16,5.679277346180301e+16,0.00018730222654994577,19878.630859375,0.49232351779937744,19878.138671875
89,273.24908447265625,0.00986310001462698,0.00919641088694334,0.0006666882545687258,272579.53125,6.589522220626739e+16,6.589522220626739e+16,0.0001758462021825835,11046.2685546875,0.4886940121650696,11045.7802734375
90,272.8519592285156,0.010664775036275387,0.00994383729994297,0.000720938784070313,272247.6875,6.444224765493248e+16,6.444224765493248e+16,0.0001660112466197461,654.9874267578125,0.48473677039146423,654.502685546875
91,272.5123596191406,0.009243924170732498,0.008619014173746109,0.0006249093567021191,271915.40625,6.239083383540941e+16,6.239083383540941e+16,0.00015398419054690748,7237.36181640625,0.4805682301521301,7236.88134765625
92,272.1896057128906,0.01074611209332943,0.010019759647548199,0.0007263528532348573,271581.125,6.383381829281382e+16,6.383381829281382e+16,0.00014143084990791976,732.4868774414062,0.47629523277282715,732.0105590820312
93,271.8885498046875,0.01103449147194624,0.010288658551871777,0.0007458351319655776,271244.0625,6.348909992266957e+16,6.348909992266957e+16,0.0001323000033153221,2925.85546875,0.47234824299812317,2925.383056640625
94,271.4659729003906,0.009542612358927727,0.008897567167878151,0.0006450471701100469,270902.03125,5.782535231923814e+16,5.782535231923814e+16,0.00012526522914413363,2897.06494140625,0.4689845144748688,2896.595947265625
95,271.2066955566406,0.011806732974946499,0.011008658446371555,0.0007980747031979263,270554.5625,5.651939449844531e+16,5.651939449844531e+16,0.00011738884495571256,527.835693359375,0.4652983248233795,527.3704223632812
96,270.8168640136719,0.01056644320487976,0.009852160699665546,0.0007142822141759098,270204.8125,5.598743273406464e+16,5.598743273406464e+16,0.00010824511991813779,2772.420654296875,0.4609927237033844,2771.959716796875
97,270.4562072753906,0.01097877323627472,0.010236615315079689,0.0007421583868563175,269853.3125,5.232016631844045e+16,5.232016631844045e+16,9.833580406848341e-05,162.71536254882812,0.45677149295806885,162.2585906982422
98,270.1313171386719,0.011524352245032787,0.010745348408818245,0.0007790022064000368,269499.28125,5.372441017083494e+16,5.372441017083494e+16,8.798899943940341e-05,210.10507202148438,0.45264655351638794,209.6524200439453
99,269.72052001953125,0.010444502346217632,0.0097384974360466,0.000706005550455302,269142.78125,5.453123695725773e+16,5.453123695725773e+16,7.883006037445739e-05,98.56305694580078,0.44823184609413147,98.11482238769531
100,269.4041442871094,0.011369084939360619,0.010600605048239231,0.0007684791926294565,268781.6875,5.12367006884823e+16,5.12367006884823e+16,7.164530688896775e-05,275.5516357421875,0.44381001591682434,275.1078186035156
101,268.9937744140625,0.01046643778681755,0.009758943691849709,0.0007074930472299457,268413.90625,5.098689680061235e+16,5.098689680061235e+16,6.490891246357933e-05,554.7864379882812,0.43959659337997437,554.3468627929688
102,268.66162109375,0.011329113505780697,0.010563273914158344,0.0007658398244529963,268041.9375,5.099680958513152e+16,5.099680958513152e+16,5.7252251281170174e-05,219.35333251953125,0.43521249294281006,218.91812133789062
103,268.23687744140625,0.010422891937196255,0.009718326851725578,0.0007045659003779292,267666.125,4.706126662729728e+16,4.706126662729728e+16,5.001011595595628e-05,254.42698669433594,0.43060508370399475,253.9963836669922
104,267.8808288574219,0.010808338411152363,0.010077737271785736,0.0007305995095521212,267285.4375,4.651504557149389e+16,4.651504557149389e+16,4.2586674680933356e-05,843.9701538085938,0.42580118775367737,843.5443725585938
105,267.48870849609375,0.010808822698891163,0.010078171268105507,0.0007306521874852479,266900.5,4.557707195868774e+16,4.557707195868774e+16,3.560211189324036e-05,219.94854736328125,0.42095473408699036,219.527587890625
106,267.0802001953125,0.010417083278298378,0.009712912142276764,0.0007041717180982232,266510.5,4.393829712212787e+16,4.393829712212787e+16,2.973178561660461e-05,490.6116027832031,0.4161326587200165,490.1954650878906
107,266.68798828125,0.010556225664913654,0.009842651896178722,0.0007135758642107248,266114.78125,4.389794160941466e+16,4.389794160941466e+16,2.4606128135928884e-05,149.17369079589844,0.4113066792488098,148.76239013671875
108,266.2649230957031,0.010134837590157986,0.009449731558561325,0.0006851069629192352,265713.90625,4.419669094458982e+16,4.419669094458982e+16,1.938212699315045e-05,5.997936248779297,0.4062574505805969,5.591678619384766
109,265.8716735839844,0.01041027344763279,0.009706564247608185,0.0007037068717181683,265306.84375,4.42434244837376e+16,4.42434244837376e+16,1.4638681932410691e-05,6.388956546783447,0.4010121524333954,5.987944602966309
110,265.4662170410156,0.010581976734101772,0.00986664742231369,0.0007153305923566222,264893.375,4.314030078846566e+16,4.314030078846566e+16,1.0507772458367981e-05,53.81988525390625,0.39578330516815186,53.424102783203125
111,265.05999755859375,0.010573532432317734,0.009858796373009682,0.0007147353608161211,264474.6875,4.400364504953651e+16,4.400364504953651e+16,6.80054108670447e-06,1260.3890380859375,0.3901776671409607,1259.9989013671875
112,264.8802185058594,0.010915130376815796,0.01017729751765728,0.0007378315785899758,264051.03125,4.018608913829069e+16,4.018608913829069e+16,3.827799446298741e-06,24321.32421875,0.38451093435287476,24320.939453125
113,266.76763916015625,0.017456328496336937,0.016276441514492035,0.0011798837222158909,263617.78125,5.79613352787968e+16,5.79613352787968e+16,2.165103524021106e-06,221908.375,0.3799826204776764,221908.0
114,267.36090087890625,0.03615552559494972,0.033711861819028854,0.0024436626117676497,263189.90625,5.947114513235968e+16,5.947114513235968e+16,1.721682906463684e-06,230374.953125,0.37541693449020386,230374.578125
115,264.9384460449219,0.027306601405143738,0.02546100690960884,0.0018455937970429659,262751.0,5.793547528070758e+16,5.793547528070758e+16,1.1275924407527782e-06,76419.7734375,0.37173992395401,76419.3984375
116,263.1138000488281,0.014540748670697212,0.013557791709899902,0.000982956844381988,262319.5,6.365076249169101e+16,6.365076249169101e+16,1.0970715038638446e-06,357.85797119140625,0.3680172860622406,357.4899597167969
117,263.6291198730469,0.0212037805467844,0.019770508632063866,0.001433270750567317,261885.015625,6.715808432521216e+16,6.715808432521216e+16,1.4460177908404148e-06,61674.453125,0.36405858397483826,61674.08984375
118,262.8433837890625,0.0171949602663517,0.01603275164961815,0.0011622061720117927,261437.609375,5.198418820674355e+16,5.198418820674355e+16,2.5603703761589713e-06,49405.31640625,0.35974183678627014,49404.95703125
119,262.06280517578125,0.019831519573926926,0.01849113591015339,0.0013403842458501458,260991.921875,5.050167716531405e+16,5.050167716531405e+16,4.011710643680999e-06,2878.627685546875,0.3554667830467224,2878.272216796875
120,261.94085693359375,0.026083456352353096,0.024320358410477638,0.001763098407536745,260539.1875,4.777310591700173e+16,4.777310591700173e+16,5.8867944972007535e-06,4971.9404296875,0.3509036898612976,4971.58935546875
121,260.9447021484375,0.016357896849513054,0.01525217667222023,0.0011057204101234674,260077.578125,4.541063338603315e+16,4.541063338603315e+16,8.30208864499582e-06,382.46319580078125,0.346667617559433,382.11651611328125
122,260.8031005859375,0.021700331941246986,0.02023361250758171,0.001466719782911241,259609.625,4.413291068024422e+16,4.413291068024422e+16,1.1430638551246375e-05,6429.90234375,0.3418610692024231,6429.560546875
123,260.19891357421875,0.020019447430968285,0.01866612769663334,0.0013533169403672218,259141.359375,4.296798240558285e+16,4.296798240558285e+16,1.5341638572863303e-05,1361.5843505859375,0.33647510409355164,1361.2479248046875
124,259.6506042480469,0.0155269680544734,0.014477306976914406,0.0010496635222807527,258669.015625,4.395955291527578e+16,4.395955291527578e+16,2.0429783035069704e-05,16130.0234375,0.3312877118587494,16129.6923828125
125,259.1161193847656,0.01757948100566864,0.016391223296523094,0.0011882553808391094,258188.53125,4.461551038549197e+16,4.461551038549197e+16,2.7228621547692455e-05,400.7643127441406,0.32582414150238037,400.4384765625
126,258.7093200683594,0.014927100390195847,0.013918083161115646,0.001009018043987453,257704.59375,4.620244926175642e+16,4.620244926175642e+16,3.478744474705309e-05,21213.82421875,0.3200007379055023,21213.50390625
127,258.2121887207031,0.01634152978658676,0.015237007290124893,0.0011045222636312246,257218.984375,4.598155050378854e+16,4.598155050378854e+16,4.2712956201285124e-05,13012.9794921875,0.31393951177597046,13012.666015625
128,257.5551452636719,0.015394754707813263,0.014354071579873562,0.0010406833607703447,256721.171875,4.697655269235098e+16,4.697655269235098e+16,5.0540416850708425e-05,1724.188232421875,0.3084942698478699,1723.8797607421875
129,257.0843811035156,0.01548099983483553,0.014434488490223885,0.0010465107625350356,256215.375,4.965758724263117e+16,4.965758724263117e+16,6.004584793117829e-05,4529.24072265625,0.3029966950416565,4528.9375
130,256.5450439453125,0.015519576147198677,0.014470505528151989,0.0010490699205547571,255709.796875,4.973409779004211e+16,4.973409779004211e+16,7.128626020858064e-05,952.5411376953125,0.29697561264038086,952.244140625
131,256.07843017578125,0.01611965149641037,0.015029974281787872,0.0010896767489612103,255203.5,4.776597197632307e+16,4.776597197632307e+16,8.457543299300596e-05,2117.39697265625,0.2909127175807953,2117.10595703125
132,255.45465087890625,0.014132031239569187,0.013176746666431427,0.0009552864357829094,254687.171875,4.81885709884457e+16,4.81885709884457e+16,9.858862176770344e-05,1267.9205322265625,0.2854646146297455,1267.635009765625
133,255.00050354003906,0.014161261729896069,0.013204053044319153,0.0009572061826474965,254159.75,5.105042366188749e+16,5.105042366188749e+16,0.00011359429481672123,8161.87451171875,0.27970191836357117,8161.5947265625
134,254.42379760742188,0.014885373413562775,0.013879167847335339,0.001006204984150827,253628.265625,5.010882509668352e+16,5.010882509668352e+16,0.00012872612569481134,114.5440673828125,0.2740277349948883,114.2700424194336
135,253.88592529296875,0.013920934870839119,0.012979901395738125,0.0009410319034941494,253089.84375,5.032801016270029e+16,5.032801016270029e+16,0.00014342508802656084,4970.23095703125,0.268596351146698,4969.96240234375
136,253.33139038085938,0.014264250174164772,0.013299931772053242,0.0009643165394663811,252541.671875,5.622373324475597e+16,5.622373324475597e+16,0.0001610164763405919,2026.380859375,0.2633326053619385,2026.1175537109375
137,252.86326599121094,0.016284536570310593,0.01518382877111435,0.001100708614103496,251982.109375,5.768405219016704e+16,5.768405219016704e+16,0.00018184188229497522,925.2673950195312,0.2574364244937897,925.0099487304688
138,252.5796356201172,0.021840399131178856,0.02036408707499504,0.0014763135695829988,251418.40625,6.006007963792179e+16,6.006007963792179e+16,0.00020143298024777323,914.4224243164062,0.25171205401420593,914.1707153320312
139,252.5099639892578,0.03160238638520241,0.029466476291418076,0.0021359154488891363,250845.59375,6.124520714377626e+16,6.124520714377626e+16,0.000226409116294235,2297.934814453125,0.2461499571800232,2297.688720703125
140,252.01470947265625,0.033268529921770096,0.031019901856780052,0.0022486269008368254,250272.96875,6.28817528923095e+16,6.28817528923095e+16,0.00024558472796343267,1541.975830078125,0.24091163277626038,1541.73486328125
141,250.6658477783203,0.017834706231951714,0.016629235818982124,0.001205469947308302,249684.625,6.515643629174784e+16,6.515643629174784e+16,0.00026941776741296053,2431.981689453125,0.23559220135211945,2431.74609375
142,250.0834503173828,0.017467360943555832,0.01628652960062027,0.0011808299459517002,249091.109375,6.57820412280832e+16,6.57820412280832e+16,0.0002929222537204623,5317.89599609375,0.23017950356006622,5317.666015625
143,249.59274291992188,0.020458243787288666,0.019075337797403336,0.0013829059898853302,248493.765625,6.970585892519936e+16,6.970585892519936e+16,0.0003182923828717321,635.2984008789062,0.22447288036346436,635.0739135742188
144,248.80484008789062,0.013752409256994724,0.012822803109884262,0.0009296052739955485,247891.484375,7.187561627359642e+16,7.187561627359642e+16,0.0003501509490888566,15385.5693359375,0.21907450258731842,15385.3505859375
145,248.26620483398438,0.017195630818605423,0.016033321619033813,0.0011623093159869313,247285.15625,6.782260596021658e+16,6.782260596021658e+16,0.0003786571032833308,5341.43603515625,0.21384353935718536,5341.22216796875
146,247.6018829345703,0.015780437737703323,0.014713731594383717,0.001066706608980894,246666.765625,6.911272823658906e+16,6.911272823658906e+16,0.0004055002355016768,7697.970703125,0.2081264853477478,7697.7626953125
147,247.00689697265625,0.01473097875714302,0.013735185377299786,0.0009957948932424188,246037.640625,7.161822747348173e+16,7.161822747348173e+16,0.0004346600326243788,16107.3408203125,0.2028786540031433,16107.1376953125
148,246.3651123046875,0.017762359231710434,0.016561580821871758,0.0012007803888991475,245406.90625,6.690208709450138e+16,6.690208709450138e+16,0.0004630213079508394,317.2008361816406,0.19770799577236176,317.0031433105469
149,246.57485961914062,0.026919718831777573,0.025100186467170715,0.0018195320153608918,244775.28125,6.390821142134784e+16,6.390821142134784e+16,0.0004964064573869109,38966.1171875,0.19192402064800262,38965.92578125
150,249.31597900390625,0.08536423742771149,0.07959490269422531,0.005769337527453899,244131.625,7.703416405386854e+16,7.703416405386854e+16,0.0005350260180421174,83908.5,0.18668071925640106,83908.3125
151,252.87460327148438,0.1758609563112259,0.16397614777088165,0.011884823441505432,243503.0,7.215239255608525e+16,7.215239255608525e+16,0.000562569941394031,50639.51953125,0.18142525851726532,50639.33984375
152,246.82736206054688,0.07695640623569489,0.07175502181053162,0.005201389081776142,242892.0,6.625139095922278e+16,6.625139095922278e+16,0.0005985642201267183,2126.81298828125,0.17782141268253326,2126.63525390625
153,244.5992889404297,0.04164028912782669,0.03882560878992081,0.0028146812692284584,242283.890625,6.549182599292518e+16,6.549182599292518e+16,0.0006309339660219848,16787.2890625,0.17325040698051453,16787.115234375
154,244.33387756347656,0.05047077313065529,0.04705963283777237,0.0034111409913748503,241678.5,6.233134424339251e+16,6.233134424339251e+16,0.0006684228428639472,6948.96484375,0.16841533780097961,6948.79638671875
155,243.08541870117188,0.036044709384441376,0.033608578145504,0.002436133101582527,241061.640625,6.287029821453107e+16,6.287029821453107e+16,0.0007123061222955585,15868.1630859375,0.16331472992897034,15868.0
156,243.12940979003906,0.045105453580617905,0.042056962847709656,0.0030484905000776052,240419.75,7.06476980085719e+16,7.06476980085719e+16,0.000761943229008466,38372.35546875,0.15770521759986877,38372.19921875
157,241.7683868408203,0.03829282522201538,0.035704657435417175,0.002588167553767562,239784.296875,6.785198353652122e+16,6.785198353652122e+16,0.0007945777615532279,159.25314331054688,0.1543651670217514,159.09878540039062
158,241.313232421875,0.03801874816417694,0.035448841750621796,0.0025699036195874214,239145.515625,6.635377009465754e+16,6.635377009465754e+16,0.0008266015793196857,20041.1484375,0.15069372951984406,20040.998046875
159,241.73193359375,0.06258004903793335,0.05835076794028282,0.004229284822940826,238494.1875,7.406744116396032e+16,7.406744116396032e+16,0.0008738999022170901,3466.80615234375,0.1440954953432083,3466.662109375
160,240.5642547607422,0.052138011902570724,0.04861361160874367,0.003524398896843195,237832.484375,7.013835354197197e+16,7.013835354197197e+16,0.0009133574203588068,5471.53955078125,0.1407247930765152,5471.39892578125
161,240.2464141845703,0.059243861585855484,0.055239591747522354,0.004004270303994417,237188.765625,6.590287583798886e+16,6.590287583798886e+16,0.0009520929306745529,2953.84375,0.13635331392288208,2953.707275390625
162,240.3654022216797,0.07472144812345505,0.06967150419950485,0.005049935542047024,236544.5,6.639297026116813e+16,6.639297026116813e+16,0.0010021134512498975,1843.004150390625,0.131429061293602,1842.8726806640625
163,240.77845764160156,0.09561764448881149,0.08915553241968155,0.00646210927516222,235900.9375,6.934780468160102e+16,6.934780468160102e+16,0.001046482240781188,2726.391357421875,0.12778635323047638,2726.263671875
164,237.27761840820312,0.03914344310760498,0.03649766743183136,0.002645774045959115,235230.703125,6.706600452135322e+16,6.706600452135322e+16,0.0010918272892013192,2267.329833984375,0.12286119163036346,2267.20703125
165,236.58673095703125,0.038955215364694595,0.03632200509309769,0.0026332049164921045,234561.90625,6.61624636613591e+16,6.61624636613591e+16,0.0011319995392113924,1089.4185791015625,0.1187998428940773,1089.2998046875
166,236.17408752441406,0.04402169585227966,0.04104609787464142,0.002975597744807601,233905.9375,6.447814928655974e+16,6.447814928655974e+16,0.001177500351332128,258.4285583496094,0.1150827556848526,258.3134765625
167,235.0402069091797,0.034462153911590576,0.03213276341557503,0.0023293939884752035,233248.25,6.454952305308467e+16,6.454952305308467e+16,0.001238746801391244,429.4370422363281,0.11016348749399185,429.3268737792969
168,234.43563842773438,0.03599248453974724,0.03355991467833519,0.002432565437629819,232566.671875,6.609752375584358e+16,6.609752375584358e+16,0.0012973399134352803,323.3485107421875,0.10510102659463882,323.243408203125
169,233.42617797851562,0.029888657853007317,0.02786831185221672,0.0020203464664518833,231865.0625,6.498395470010778e+16,6.498395470010778e+16,0.0013506924733519554,168.6973876953125,0.10110080987215042,168.59628295898438
170,233.08152770996094,0.0365879163146019,0.03411461040377617,0.002473310334607959,231164.65625,6.716470716478259e+16,6.716470716478259e+16,0.0014110939810052514,2029.5552978515625,0.09692326933145523,2029.4583740234375
171,232.3459930419922,0.03458915278315544,0.03225131332874298,0.0023378448095172644,230475.046875,6.70929726210048e+16,6.70929726210048e+16,0.0014743661740794778,7438.03125,0.09207520633935928,7437.93896484375
172,232.15362548828125,0.04314432293176651,0.04022836685180664,0.0029159553814679384,229765.421875,7.183872679949107e+16,7.183872679949107e+16,0.001538365613669157,15915.22265625,0.08803710341453552,15915.134765625
173,233.5547637939453,0.08255050331354141,0.07697111368179321,0.005579391960054636,229037.671875,6.260877336091034e+16,6.260877336091034e+16,0.0015961879398673773,32693.16015625,0.08411983400583267,32693.076171875
174,236.17481994628906,0.1430165320634842,0.13335077464580536,0.009665769524872303,228305.796875,7.99137678271447e+16,7.99137678271447e+16,0.001666019088588655,63827.56640625,0.07983485609292984,63827.48828125
175,234.68572998046875,0.1115618497133255,0.10402179509401321,0.007540060672909021,227608.96875,7.178638832802202e+16,7.178638832802202e+16,0.0017148236511275172,142687.109375,0.07656916230916977,142687.03125
176,230.61477661132812,0.03647051006555557,0.03400522843003273,0.002465278608724475,226904.8125,1.1949914995451494e+17,1.1949914995451494e+17,0.0017833685269579291,176693.640625,0.07298044860363007,176693.5625
177,232.2329864501953,0.0802716538310051,0.07484633475542068,0.005425311625003815,226215.109375,8.238259233829683e+16,8.238259233829683e+16,0.0018207374960184097,192190.171875,0.07019972056150436,192190.109375
178,230.94497680664062,0.07083269208669662,0.06604517996311188,0.004787506069988012,225509.328125,1.0782877032854323e+17,1.0782877032854323e+17,0.0018825273727998137,178616.40625,0.06727271527051926,178616.34375
179,228.97052001953125,0.07252822071313858,0.06762583553791046,0.004902374930679798,224792.03125,8.283151091000934e+16,8.283151091000934e+16,0.0019421227043494582,46926.078125,0.06492601335048676,46926.01171875
180,226.49343872070312,0.0444888137280941,0.04148169606924057,0.003007121616974473,224087.796875,8.998892787990528e+16,8.998892787990528e+16,0.0020105349831283092,9118.4599609375,0.06149156764149666,9118.3984375
181,227.33432006835938,0.062019143253564835,0.057827893644571304,0.004191247746348381,223377.859375,1.1019487640184422e+17,1.1019487640184422e+17,0.0020828002598136663,74530.671875,0.057914916425943375,74530.6171875
182,225.6783447265625,0.051477015018463135,0.047997649759054184,0.0034793659579008818,222650.375,9.803167504846029e+16,9.803167504846029e+16,0.00213657901622355,35606.05078125,0.05582423880696297,35605.99609375
183,224.4136962890625,0.04801419377326965,0.0447683185338974,0.0032458719797432423,221910.125,9.081542561654374e+16,9.081542561654374e+16,0.0021973082330077887,1202.7464599609375,0.052727799862623215,1202.6937255859375
184,224.2272186279297,0.050724346190690994,0.04729555919766426,0.003428790019825101,221164.390625,9.558038259381043e+16,9.558038259381043e+16,0.002282889327034354,43101.515625,0.04889518395066261,43101.46484375
185,222.15292358398438,0.02723310887813568,0.025392159819602966,0.0018409474287182093,220425.34375,8.834064828071936e+16,8.834064828071936e+16,0.0023685928899794817,27759.306640625,0.04638637229800224,27759.259765625
186,222.3240966796875,0.050675250589847565,0.04725015163421631,0.0034250931348651648,219668.34375,9.315016983864934e+16,9.315016983864934e+16,0.002459895331412554,2882.99951171875,0.04361188784241676,2882.955810546875
187,221.17694091796875,0.0320887453854084,0.029919808730483055,0.0021689326968044043,218894.671875,1.0258750147815014e+17,1.0258750147815014e+17,0.0025536632165312767,57523.56640625,0.04000163823366165,57523.52734375
188,220.0147247314453,0.031583335250616074,0.029448576271533966,0.002134759444743395,218125.0625,8.520587191045325e+16,8.520587191045325e+16,0.0026245431508868933,22527.349609375,0.03728678449988365,22527.3125
189,219.2299346923828,0.032211385667324066,0.030033735558390617,0.00217765336856246,217329.328125,7.644811576632934e+16,7.644811576632934e+16,0.0027077801059931517,21358.142578125,0.03521790727972984,21358.107421875
190,218.63502502441406,0.031464144587516785,0.02933703549206257,0.0021271107252687216,216510.890625,8.377443662010778e+16,8.377443662010778e+16,0.002810883102938533,46714.05859375,0.032335709780454636,46714.02734375
191,217.82383728027344,0.041025880724191666,0.03825259953737259,0.0027732825838029385,215701.828125,7.049884732699443e+16,7.049884732699443e+16,0.0029081865213811398,20.585453033447266,0.03005071170628071,20.555402755737305
192,217.2033233642578,0.039569009095430374,0.036894846707582474,0.002674163319170475,214876.484375,6.814217729684275e+16,6.814217729684275e+16,0.003008398227393627,28022.583984375,0.027398264035582542,28022.556640625
193,218.92709350585938,0.09350047260522842,0.08718062192201614,0.006319847423583269,214033.765625,6.77111300840489e+16,6.77111300840489e+16,0.0031067223753780127,15057.720703125,0.025831779465079308,15057.6953125
194,222.63079833984375,0.1871860921382904,0.17453573644161224,0.01265033334493637,213198.4375,6.668825785270272e+16,6.668825785270272e+16,0.0031913083512336016,637.6219482421875,0.02300858125090599,637.5989379882812
195,229.343994140625,0.33767056465148926,0.3148497939109802,0.0228207278996706,212374.875,7.136596686431846e+16,7.136596686431846e+16,0.003312336513772607,1421.68798828125,0.022391580045223236,1421.6656494140625
196,221.21734619140625,0.1916661560535431,0.17871172726154327,0.01295440923422575,211571.3125,5.894678116512563e+16,5.894678116512563e+16,0.0033385606948286295,376.8446044921875,0.021978456526994705,376.8226318359375
197,214.40744018554688,0.0694851279258728,0.06478805094957352,0.0046970779076218605,210792.71875,6.821332772506829e+16,6.821332772506829e+16,0.0033961194567382336,7224.56494140625,0.021033339202404022,7224.5439453125
198,217.52369689941406,0.14891400933265686,0.13885004818439484,0.01006397232413292,210002.5,7.339912707283354e+16,7.339912707283354e+16,0.003492335556074977,210.12376403808594,0.01980246976017952,210.1039581298828
199,211.4607696533203,0.043361734598875046,0.04043144732713699,0.0029302912298589945,209213.359375,7.52248403609518e+16,7.52248403609518e+16,0.0035672695375978947,408.56884765625,0.019153684377670288,408.5496826171875
200,215.13414001464844,0.13209398090839386,0.12316644191741943,0.008927537128329277,208394.03125,8.23392475283456e+16,8.23392475283456e+16,0.0036252059508115053,5304.7373046875,0.018574398010969162,5304.71875
201,210.1691131591797,0.047285132110118866,0.04408859834074974,0.003196542616933584,207563.03125,7.020492553505997e+16,7.020492553505997e+16,0.0036881014239042997,17161.1015625,0.018095433712005615,17161.083984375
202,211.8202667236328,0.0933552011847496,0.08704482018947601,0.006310388911515474,206728.296875,9.555963790177075e+16,9.555963790177075e+16,0.003766311565414071,32864.5078125,0.01779228448867798,32864.48828125
203,210.0877685546875,0.07086264342069626,0.06607268005609512,0.004789973609149456,205905.125,6.168188505869517e+16,6.168188505869517e+16,0.0038534647319465876,57781.52734375,0.01724441722035408,57781.51171875
204,215.25418090820312,0.19136010110378265,0.1784268617630005,0.01293324027210474,205074.375,7.401877059456205e+16,7.401877059456205e+16,0.003971557132899761,53776.12109375,0.01692144386470318,53776.10546875
205,226.3417510986328,0.4384971261024475,0.40886327624320984,0.029633820056915283,204260.1875,6.406858979514778e+16,6.406858979514778e+16,0.004071503411978483,9262.9501953125,0.016110733151435852,9262.9345703125
206,241.39968872070312,0.7530741095542908,0.7021793127059937,0.050894808024168015,203482.40625,5.977923172643635e+16,5.977923172643635e+16,0.004143718164414167,20378.7578125,0.01727881096303463,20378.740234375
207,214.71408081054688,0.2221657633781433,0.2071489840745926,0.01501677930355072,202807.4375,9.855894241358643e+16,9.855894241358643e+16,0.004201031755656004,69978.6484375,0.017300475388765335,69978.6328125
208,223.2427978515625,0.40586814284324646,0.37843868136405945,0.02742944099009037,202164.484375,9.772591632665805e+16,9.772591632665805e+16,0.004228506237268448,68716.90625,0.017462745308876038,68716.890625
209,232.02655029296875,0.5686484575271606,0.5302168130874634,0.03843160718679428,201543.765625,1.460463771708293e+17,1.460463771708293e+17,0.004237637855112553,190431.625,0.018147557973861694,190431.609375
210,228.7456817626953,0.47163668274879456,0.4397611618041992,0.031875550746917725,200993.875,2.6010217147373978e+17,2.6010217147373978e+17,0.004320408217608929,390986.96875,0.018616629764437675,390986.9375
211,218.50665283203125,0.29231563210487366,0.2725593149662018,0.019756319001317024,200485.53125,2.7020233682609766e+17,2.7020233682609766e+17,0.004352028947323561,313513.875,0.018611082807183266,313513.84375
212,213.72601318359375,0.26416078209877014,0.24630804359912872,0.017852725461125374,199989.046875,1.3635309984022528e+17,1.3635309984022528e+17,0.00441523315384984,39255.8046875,0.019158190116286278,39255.78515625
213,221.31149291992188,0.4182511270046234,0.3899837136268616,0.028267430141568184,199480.984375,2.1000137796589978e+17,2.1000137796589978e+17,0.004503358155488968,70794.5234375,0.020051641389727592,70794.5
214,211.927978515625,0.1601974219083786,0.14936953783035278,0.010827872902154922,199038.46875,2.3234261242871808e+17,2.3234261242871808e+17,0.004517219495028257,464727.03125,0.020235056057572365,464727.0
215,229.92236328125,0.44003936648368835,0.4103009104728699,0.0297384150326252,198583.5625,3.220046589376594e+17,3.220046589376594e+17,0.004546955693513155,901482.1875,0.02034778892993927,901482.1875
216,207.22694396972656,0.16003616154193878,0.1492197960615158,0.010816357098519802,198102.09375,1.571682121636905e+17,1.571682121636905e+17,0.004566445015370846,96586.15625,0.020976565778255463,96586.1328125
217,224.39724731445312,0.21196937561035156,0.19764162600040436,0.014327764511108398,197575.046875,1.7134122628336845e+17,1.7134122628336845e+17,0.004639473743736744,1605238.25,0.022063471376895905,1605238.25
218,305.49072265625,0.4432252049446106,0.41326814889907837,0.02995702251791954,197130.21875,2.3710019924210483e+18,2.3710019924210483e+18,0.004664040636271238,8382821.5,0.02295791357755661,8382821.5
219,236.04660034179688,0.7489224076271057,0.6983084678649902,0.050613898783922195,196739.171875,1.6728861540194714e+17,1.6728861540194714e+17,0.00474119745194912,169401.125,0.023055072873830795,169401.109375
220,266.453125,0.695356547832489,0.648363471031189,0.04699311405420303,196429.859375,1.2412691880439972e+18,1.2412691880439972e+18,0.004836170002818108,3401414.5,0.023103516548871994,3401414.5
221,235.3157196044922,0.6361777186393738,0.5931834578514099,0.042994286864995956,196343.6875,9.978553181572956e+17,9.978553181572956e+17,0.004840773530304432,616528.25,0.02358255721628666,616528.25
222,281.8925476074219,1.225981593132019,1.1431255340576172,0.08285602927207947,196292.75,1.0180124586708828e+18,1.0180124586708828e+18,0.0047601922415196896,2328270.75,0.0238757636398077,2328270.75
223,273.3467102050781,1.5244472026824951,1.4214192628860474,0.10302791744470596,196447.40625,4.3478366254268416e+17,4.3478366254268416e+17,0.004665610380470753,24215.810546875,0.023459063842892647,24215.787109375
224,281.780029296875,1.6735734939575195,1.5604673624038696,0.11310605704784393,196821.828125,2.0302346485917286e+17,2.0302346485917286e+17,0.004630665294826031,107648.3984375,0.02255815453827381,107648.375
225,234.67234802246094,0.6942865252494812,0.6473656892776489,0.04692086577415466,197432.390625,2.5547406933439283e+17,2.5547406933439283e+17,0.004674977622926235,227013.59375,0.020894350484013557,227013.578125
226,236.37010192871094,0.7477676868438721,0.697231650352478,0.050535980612039566,198052.421875,5.616711526787318e+17,5.616711526787318e+17,0.004631462506949902,36760.8828125,0.0202593095600605,36760.86328125
227,246.40380859375,0.9285558462142944,0.8658027052879333,0.06275305896997452,198522.859375,8.847448461562348e+17,8.847448461562348e+17,0.0045151724480092525,56838.4140625,0.01972794346511364,56838.39453125
228,278.190673828125,1.552518367767334,1.4475963115692139,0.10492212325334549,199134.5,9.313400186376028e+17,9.313400186376028e+17,0.004388154949992895,49889.55859375,0.020110346376895905,49889.5390625
229,292.6285400390625,1.8076658248901367,1.6855005025863647,0.1221652403473854,199632.1875,1.237941516102533e+18,1.237941516102533e+18,0.004354252014309168,137510.640625,0.018493495881557465,137510.625
230,233.17686462402344,0.5988096594810486,0.558342456817627,0.04046723246574402,200139.65625,1.3862318247069614e+18,1.3862318247069614e+18,0.004247670993208885,171049.6875,0.020009079948067665,171049.671875
231,289.8178405761719,1.7614173889160156,1.6423754692077637,0.11904188990592957,200581.75,9.463638142390108e+17,9.463638142390108e+17,0.004133092705160379,21886.05859375,0.0212692990899086,21886.037109375
232,250.12384033203125,0.9300932884216309,0.8672365546226501,0.06285665184259415,201030.296875,1.0794471898365297e+18,1.0794471898365297e+18,0.004011377226561308,150942.1875,0.020914407446980476,150942.171875
233,248.95904541015625,0.92232745885849,0.8599945902824402,0.0623328872025013,201483.078125,9.121116905715794e+17,9.121116905715794e+17,0.003939740359783173,44748.4375,0.020851412788033485,44748.41796875
234,225.21188354492188,0.42709773778915405,0.39823225140571594,0.02886551059782505,201905.828125,1.0277904842961715e+18,1.0277904842961715e+18,0.0038600615225732327,92336.375,0.021607037633657455,92336.3515625
235,223.14967346191406,0.36098259687423706,0.3365846574306488,0.02439790777862072,202265.1875,1.1392986242581791e+18,1.1392986242581791e+18,0.003832057351246476,169604.3125,0.022779257968068123,169604.296875
236,219.99278259277344,0.3133673071861267,0.29218706488609314,0.02118026278913021,202560.015625,8.610786830020772e+17,8.610786830020772e+17,0.003805732587352395,90331.203125,0.023299511522054672,90331.1796875
237,221.89988708496094,0.3597865104675293,0.3354698121547699,0.02431670017540455,202857.421875,7.032273648798925e+17,7.032273648798925e+17,0.0037733351346105337,34988.48046875,0.022900206968188286,34988.45703125
238,214.2592010498047,0.20050589740276337,0.18695399165153503,0.013551896438002586,203148.328125,7.495968625996595e+17,7.495968625996595e+17,0.0037281864788383245,33596.58203125,0.022245341911911964,33596.55859375
239,212.32374572753906,0.16244250535964966,0.1514633595943451,0.010979133658111095,203410.453125,7.626007866213663e+17,7.626007866213663e+17,0.003723813919350505,2854.29833984375,0.021551145240664482,2854.27685546875
240,217.97720336914062,0.26025429368019104,0.24266494810581207,0.01758938655257225,203586.109375,7.229504044589384e+17,7.229504044589384e+17,0.0037527962122112513,65542.375,0.02093263901770115,65542.3515625
241,215.22068786621094,0.15575827658176422,0.14523033797740936,0.010527937673032284,203674.03125,7.149223890282086e+17,7.149223890282086e+17,0.003806750988587737,304380.15625,0.020298779010772705,304380.125
242,217.11459350585938,0.2056064009666443,0.1917099803686142,0.013896423391997814,203676.578125,5.022172947897385e+17,5.022172947897385e+17,0.0038722241297364235,265547.78125,0.019351715222001076,265547.75
243,211.0955352783203,0.13424155116081238,0.12516847252845764,0.009073073975741863,203675.1875,4.37418607798911e+17,4.37418607798911e+17,0.0039299107156693935,27083.55859375,0.018357187509536743,27083.541015625
244,211.74142456054688,0.14856041967868805,0.13852018117904663,0.01004023477435112,203645.4375,3.843911892158382e+17,3.843911892158382e+17,0.003995678387582302,28356.390625,0.017471691593527794,28356.373046875
245,211.3292236328125,0.12335070967674255,0.11501473933458328,0.008335956372320652,203545.421875,3.3596151594326426e+17,3.3596151594326426e+17,0.0040673501789569855,128028.40625,0.016850575804710388,128028.390625
246,208.24319458007812,0.07117757201194763,0.06636739522218704,0.0048101781867444515,203358.0625,3.36270169473024e+17,3.36270169473024e+17,0.004123664926737547,98996.5078125,0.016630245372653008,98996.4921875
247,209.5094757080078,0.11273878067731857,0.10511886328458786,0.00761990575119853,203065.96875,2.8945763728674e+17,2.8945763728674e+17,0.004176009446382523,51709.9921875,0.01664484478533268,51709.9765625
248,208.4948272705078,0.10424285382032394,0.09719646722078323,0.007046390790492296,202761.171875,2.7271597502601626e+17,2.7271597502601626e+17,0.004233459010720253,24877.2890625,0.016754981130361557,24877.271484375
249,205.6248779296875,0.05760307237505913,0.053709112107753754,0.0038939614314585924,202469.0,2.3781335279180186e+17,2.3781335279180186e+17,0.004304131492972374,3789.57421875,0.016791120171546936,3789.557373046875
250,206.8126220703125,0.08754780888557434,0.08163097500801086,0.005916825961321592,202150.21875,2.092864548896768e+17,2.092864548896768e+17,0.004378835670650005,7572.0244140625,0.016798553988337517,7572.0078125
251,205.8479766845703,0.07218014448881149,0.06730228662490845,0.004877857398241758,201745.421875,1.9732747923121766e+17,1.9732747923121766e+17,0.004441776312887669,29620.3203125,0.01688864640891552,29620.302734375
252,204.88514709472656,0.058388106524944305,0.05444217100739479,0.003945933189243078,201248.5625,1.8771546268185395e+17,1.8771546268185395e+17,0.004494206048548222,52946.328125,0.017163673415780067,52946.3125
253,204.74327087402344,0.07140173763036728,0.06657577306032181,0.004825969692319632,200725.8125,1.8210970572685312e+17,1.8210970572685312e+17,0.004539325833320618,26526.537109375,0.017706574872136116,26526.51953125
254,202.60972595214844,0.04507947713136673,0.04203217849135399,0.0030472995713353157,200189.0,1.6557973381421466e+17,1.6557973381421466e+17,0.004591126926243305,116.82066345214844,0.0184401273727417,116.8022232055664
255,202.6230010986328,0.05038054287433624,0.046974990516901016,0.0034055570140480995,199629.53125,1.4883753897754624e+17,1.4883753897754624e+17,0.004645823501050472,32558.810546875,0.01925043761730194,32558.791015625
256,201.92555236816406,0.047780077904462814,0.044550132006406784,0.003229945432394743,199034.734375,1.3645054405823693e+17,1.3645054405823693e+17,0.004701347090303898,36536.03125,0.020046334713697433,36536.01171875
257,200.18679809570312,0.032053396105766296,0.029886487871408463,0.002166906837373972,198391.671875,1.2338304593061478e+17,1.2338304593061478e+17,0.004768087062984705,6906.14697265625,0.020904211327433586,6906.1259765625
258,200.037109375,0.04344724863767624,0.04051082953810692,0.002936417004093528,197728.296875,1.1767934654139597e+17,1.1767934654139597e+17,0.004840928129851818,1877.098388671875,0.021928345784544945,1877.076416015625
259,198.78720092773438,0.031412236392498016,0.029289167374372482,0.002123066456988454,197048.921875,1.1438853400926618e+17,1.1438853400926618e+17,0.004912985488772392,5325.2021484375,0.023146502673625946,5325.17919921875
260,198.28021240234375,0.03548760712146759,0.033088814467191696,0.002398796146735549,196347.234375,1.10381733249024e+17,1.10381733249024e+17,0.0049812342040240765,4819.96728515625,0.024573156610131264,4819.94287109375
261,197.6902618408203,0.038294561207294464,0.03570600599050522,0.002588559640571475,195629.71875,1.0467089562415923e+17,1.0467089562415923e+17,0.005043583922088146,4111.83642578125,0.026153525337576866,4111.81005859375
262,196.40988159179688,0.027331994846463203,0.025484256446361542,0.001847740262746811,194887.828125,9.67421970171822e+16,9.67421970171822e+16,0.005105256102979183,5871.982421875,0.027849795296788216,5871.95458984375
263,195.83120727539062,0.031777575612068176,0.029629256576299667,0.002148318337276578,194123.328125,9.013953520310682e+16,9.013953520310682e+16,0.005171551369130611,2884.734619140625,0.0296798013150692,2884.704833984375
264,195.05235290527344,0.03226715326309204,0.030085651203989983,0.00218150089494884,193344.578125,8.63563304402944e+16,8.63563304402944e+16,0.005249274428933859,805.5367431640625,0.031703848391771317,805.5050659179688
265,194.06375122070312,0.025920463725924492,0.024167930707335472,0.0017525316216051579,192571.21875,8.36092779477074e+16,8.36092779477074e+16,0.005335445981472731,11289.333984375,0.033866461366415024,11289.2998046875
266,193.56935119628906,0.03132649511098862,0.029208870604634285,0.002117622410878539,191802.734375,8.178838361289523e+16,8.178838361289523e+16,0.00541961332783103,11848.509765625,0.036141056567430496,11848.4736328125
267,192.6600341796875,0.030573977157473564,0.0285074133425951,0.0020665666088461876,191009.8125,8.069445544260403e+16,8.069445544260403e+16,0.005501200910657644,4082.23046875,0.03867800161242485,4082.19189453125
268,191.6209716796875,0.02688189223408699,0.02506471797823906,0.001817170763388276,190195.125,7.739661634397798e+16,7.739661634397798e+16,0.005578553304076195,435.3115234375,0.04142238572239876,435.2701110839844
269,191.06056213378906,0.032265327870845795,0.030083993449807167,0.002181337447836995,189368.265625,7.427207058581094e+16,7.427207058581094e+16,0.005656336434185505,475.7541809082031,0.04438338428735733,475.7098083496094
270,190.07264709472656,0.0282839834690094,0.026371650397777557,0.0019123340025544167,188545.6875,7.264300667030733e+16,7.264300667030733e+16,0.00573889072984457,4009.469482421875,0.0475287064909935,4009.421875
271,189.1875762939453,0.02705218642950058,0.025223098695278168,0.0018290876178070903,187727.015625,6.857724030405837e+16,6.857724030405837e+16,0.005826246924698353,3936.530517578125,0.050785649567842484,3936.479736328125
272,188.4769287109375,0.03024526685476303,0.028200360015034676,0.002044912427663803,186887.265625,6.649737662116659e+16,6.649737662116659e+16,0.00591678824275732,1090.1171875,0.05433882027864456,1090.0628662109375
273,187.6013946533203,0.029965868219733238,0.02794007398188114,0.002025797264650464,186032.390625,6.602618864402432e+16,6.602618864402432e+16,0.006005396600812674,468.4764099121094,0.05819745734333992,468.418212890625
274,186.7718963623047,0.02963368594646454,0.027630524709820747,0.0020031603053212166,185179.75,6.600221843154534e+16,6.600221843154534e+16,0.006094097625464201,4444.0771484375,0.06225936859846115,4444.0146484375
275,185.85372924804688,0.026746651157736778,0.024938631802797318,0.0018080197041854262,184321.03125,6.218638050721792e+16,6.218638050721792e+16,0.006180239375680685,13317.341796875,0.06643886119127274,13317.275390625
276,185.22312927246094,0.028997667133808136,0.02703709527850151,0.0019605727866292,183429.234375,6.385422797740442e+16,6.385422797740442e+16,0.006266967859119177,28014.052734375,0.07103195786476135,28013.982421875
277,184.4270477294922,0.02860882692039013,0.02667435072362423,0.0019344808533787727,182537.328125,5.908748429374259e+16,5.908748429374259e+16,0.006350238807499409,40019.80078125,0.07573620229959488,40019.7265625
278,183.82171630859375,0.03129097819328308,0.02917538397014141,0.0021155921276658773,181644.140625,6.382198136294605e+16,6.382198136294605e+16,0.006439562421292067,54919.7578125,0.08094334602355957,54919.67578125
279,183.83567810058594,0.041937943547964096,0.03910316526889801,0.0028347757179290056,180773.375,5.752051701540454e+16,5.752051701540454e+16,0.006526660639792681,90788.359375,0.08608730137348175,90788.2734375
280,184.84475708007812,0.05685907229781151,0.05301577225327492,0.0038433047011494637,179897.15625,6.80491440102441e+16,6.80491440102441e+16,0.0066213104873895645,203657.984375,0.09175976365804672,203657.890625
281,187.98497009277344,0.09361841529607773,0.08729095757007599,0.006327461451292038,179042.28125,5.887049825098138e+16,5.887049825098138e+16,0.006701736245304346,420288.4375,0.09701766818761826,420288.34375
282,193.7100372314453,0.16497379541397095,0.15382350981235504,0.011150280945003033,178189.796875,8.75299216639918e+16,8.75299216639918e+16,0.006789750419557095,718402.3125,0.10325206071138382,718402.1875
283,194.3004608154297,0.21713559329509735,0.20246067643165588,0.014674910344183445,177399.203125,6.197636090141082e+16,6.197636090141082e+16,0.006858079694211483,598247.6875,0.10841195285320282,598247.5625
284,183.8347625732422,0.10568484663963318,0.09854141622781754,0.007143430877476931,176610.1875,7.152137166598963e+16,7.152137166598963e+16,0.014102508313953876,186880.859375,0.11468150466680527,186880.75
285,178.8211212158203,0.051249466836452484,0.04778503626585007,0.0034644363913685083,175843.53125,6.578863829784986e+16,6.578863829784986e+16,0.029180923476815224,34932.16015625,0.12018418312072754,34932.0390625
286,182.43580627441406,0.10351574420928955,0.09651932120323181,0.006996415555477142,175074.4375,7.218453609132851e+16,7.218453609132851e+16,0.059600550681352615,211339.125,0.1257043331861496,211339.0
287,176.36801147460938,0.03850273787975311,0.03590000048279762,0.002602739492431283,174297.875,7.34717463798743e+16,7.34717463798743e+16,0.10725800693035126,7152.244140625,0.13223226368427277,7152.11181640625
288,178.42904663085938,0.07830457389354706,0.07301162928342819,0.005292939953505993,173536.609375,8.086463063680614e+16,8.086463063680614e+16,0.1530950367450714,89633.9453125,0.13865843415260315,89633.8046875
289,175.3906707763672,0.050192926079034805,0.04679983854293823,0.003393086837604642,172787.9375,8.885883608498176e+16,8.885883608498176e+16,0.2641129195690155,423.1829833984375,0.14483848214149475,423.03814697265625
290,175.76548767089844,0.054271798580884933,0.05060359835624695,0.0036681974306702614,172023.015625,1.0995959809336934e+17,1.0995959809336934e+17,0.38053515553474426,91891.5078125,0.15155118703842163,91891.359375
291,174.0945587158203,0.05310536548495293,0.04951540380716324,0.003589960979297757,171230.609375,1.04280732205056e+17,1.04280732205056e+17,0.7914145588874817,10438.453125,0.1589934229850769,10438.2939453125
292,173.57786560058594,0.04456520453095436,0.04155220091342926,0.0030130029190331697,170455.015625,9.553228755002982e+16,9.553228755002982e+16,0.916302502155304,79905.2265625,0.16638433933258057,79905.0625
293,172.39845275878906,0.04720582067966461,0.04401485621929169,0.003190963063389063,169718.5625,9.821885831315456e+16,9.821885831315456e+16,0.9217515587806702,22137.0,0.17396198213100433,22136.826171875
294,171.78201293945312,0.04046911001205444,0.03773446008563042,0.002734644804149866,168948.21875,1.1287240196384358e+17,1.1287240196384358e+17,0.9267830848693848,69746.8046875,0.1822296530008316,69746.625
295,170.08026123046875,0.0331977978348732,0.03095315210521221,0.0022446485236287117,168125.65625,1.056440579040215e+17,1.056440579040215e+17,0.9324370622634888,18906.06640625,0.190495103597641,18905.875
296,169.92120361328125,0.03932752460241318,0.036667920649051666,0.002659604651853442,167312.46875,9.610112160864666e+16,9.610112160864666e+16,0.9381543397903442,54627.01171875,0.19901606440544128,54626.8125
297,168.0420684814453,0.024934256449341774,0.02324816584587097,0.0016860897885635495,166552.109375,9.798934385079091e+16,9.798934385079091e+16,0.9433756470680237,14523.8955078125,0.20821133255958557,14523.6875
298,167.9138946533203,0.03114774078130722,0.029042977839708328,0.0021047606132924557,165777.15625,1.019730376869806e+17,1.019730376869806e+17,0.9483146667480469,47737.01953125,0.21794402599334717,47736.80078125
299,166.31105041503906,0.024612940847873688,0.02294914796948433,0.0016637956723570824,164940.859375,9.767983132757197e+16,9.767983132757197e+16,0.9531711935997009,4184.12744140625,0.22763769328594208,4183.89990234375
300,165.80642700195312,0.02700958400964737,0.025182880461215973,0.0018267036648467183,164090.28125,9.646554099377766e+16,9.646554099377766e+16,0.9578325152397156,26919.5390625,0.23747724294662476,26919.30078125
301,164.68487548828125,0.025426020845770836,0.023706575855612755,0.0017194438260048628,163280.25,9.594761088755302e+16,9.594761088755302e+16,0.96221524477005,3736.701171875,0.24794773757457733,3736.453125
302,163.83334350585938,0.022021839395165443,0.02053321711719036,0.0014886230928823352,162473.359375,9.422542349113754e+16,9.422542349113754e+16,0.9661221504211426,16465.341796875,0.25887420773506165,16465.08203125
303,162.99801635742188,0.025001216679811478,0.02331114187836647,0.0016900753835216165,161628.578125,9.041533223305216e+16,9.041533223305216e+16,0.9698842763900757,2895.992919921875,0.2701374292373657,2895.722900390625
304,162.0383758544922,0.02184179797768593,0.020365167409181595,0.0014766290551051497,160762.03125,9.00009280185303e+16,9.00009280185303e+16,0.9735601544380188,9425.57421875,0.2819206118583679,9425.2919921875
305,161.4288787841797,0.02619209885597229,0.024421192705631256,0.0017709055682644248,159906.40625,8.71367259979776e+16,8.71367259979776e+16,0.9769083261489868,12572.38671875,0.2934402823448181,12572.09375
306,162.37823486328125,0.056014470756053925,0.05222846940159798,0.003785995300859213,159046.5625,8.475621460436582e+16,8.475621460436582e+16,0.9795339107513428,44618.26953125,0.3050958514213562,44617.96484375
307,167.61827087402344,0.18344849348068237,0.17104922235012054,0.012399271130561829,158186.34375,7.992585386511565e+16,7.992585386511565e+16,0.9822412133216858,17956.130859375,0.3182884752750397,17955.8125
308,179.59286499023438,0.4425615668296814,0.4126536548137665,0.02990788407623768,157328.0625,7.798294809935872e+16,7.798294809935872e+16,0.9843608140945435,5873.85986328125,0.3310829699039459,5873.52880859375
309,178.27618408203125,0.41693592071533203,0.38875681161880493,0.02817915380001068,156491.265625,7.778080116860518e+16,7.778080116860518e+16,0.9864087700843811,86033.4296875,0.34215447306632996,86033.0859375
310,160.3533172607422,0.09165281057357788,0.08545826375484467,0.006194534711539745,155680.34375,8.65621710429225e+16,8.65621710429225e+16,0.9876765608787537,376.90576171875,0.35229557752609253,376.553466796875
311,168.70391845703125,0.25293394923210144,0.23584052920341492,0.01709343120455742,154850.703125,1.0721479616364544e+17,1.0721479616364544e+17,0.9889843463897705,109930.484375,0.36462172865867615,109930.1171875
312,160.05584716796875,0.11684345453977585,0.1089451014995575,0.007898349314928055,154050.46875,1.3200939325535027e+17,1.3200939325535027e+17,0.9900997877120972,3119.508544921875,0.37635114789009094,3119.132080078125
313,166.36422729492188,0.227678120136261,0.2122904658317566,0.015387644991278648,153272.734375,1.2159540323260826e+17,1.2159540323260826e+17,0.9909913539886475,158597.640625,0.3868056833744049,158597.25
314,159.83729553222656,0.14386345446109772,0.13414037227630615,0.009723088704049587,152438.25,1.840087512865833e+17,1.840087512865833e+17,0.9916437864303589,2184.71923828125,0.39913076162338257,2184.320068359375
315,164.9996795654297,0.22025179862976074,0.20536643266677856,0.01488533802330494,151620.671875,3.214384448090931e+17,3.214384448090931e+17,0.9921790361404419,204497.359375,0.4124930799007416,204496.953125
316,155.93789672851562,0.09065993130207062,0.08453201502561569,0.006127907428890467,150861.125,2.180371415176315e+17,2.180371415176315e+17,0.9925055503845215,32573.873046875,0.42158257961273193,32573.451171875
317,154.8898162841797,0.08799056708812714,0.08204255253076553,0.005948010366410017,150063.109375,2.1143412751623782e+17,2.1143412751623782e+17,0.9927371144294739,21573.103515625,0.43451645970344543,21572.669921875
318,155.67166137695312,0.1236359179019928,0.11527979373931885,0.008356118574738503,149225.625,2.1991550251486413e+17,2.1991550251486413e+17,0.9928448796272278,4432.033203125,0.45011791586875916,4431.5830078125
319,153.98324584960938,0.10428684949874878,0.09723880887031555,0.007048046216368675,148408.671875,1.951073762761769e+17,1.951073762761769e+17,0.992774248123169,16511.201171875,0.4627557098865509,16510.73828125
320,151.09278869628906,0.06378684937953949,0.0594753623008728,0.0043114847503602505,147590.921875,2.1534046899142656e+17,2.1534046899142656e+17,0.9925372004508972,9716.7099609375,0.47644296288490295,9716.2333984375
321,151.5607147216797,0.08942735940217972,0.08338239043951035,0.006044965237379074,146739.171875,1.7424190975613338e+17,1.7424190975613338e+17,0.9920166730880737,17591.197265625,0.49140626192092896,17590.705078125
322,149.4080810546875,0.06358401477336884,0.059285473078489304,0.004298543557524681,145891.5625,1.1180195008479232e+17,1.1180195008479232e+17,0.9913359880447388,22551.16796875,0.5056999325752258,22550.662109375
323,149.1917724609375,0.0805366188287735,0.07509337365627289,0.005443238187581301,145057.3125,9.563043614267802e+16,9.563043614267802e+16,0.9903855919837952,1201.1689453125,0.52321857213974,1200.645751953125
324,147.2974853515625,0.05955391004681587,0.05552893504500389,0.004024975001811981,144225.015625,8.688457705796403e+16,8.688457705796403e+16,0.989025354385376,788.748779296875,0.5405372381210327,788.208251953125
325,146.58050537109375,0.06206561625003815,0.05787007883191109,0.004195540677756071,143382.9375,8.007833379405824e+16,8.007833379405824e+16,0.9874179363250732,1418.6861572265625,0.5548899173736572,1418.1312255859375
326,145.1107940673828,0.04912753403186798,0.04580605402588844,0.003321486059576273,142517.90625,7.491541373707878e+16,7.491541373707878e+16,0.9853357672691345,6157.7216796875,0.5734966993331909,6157.14794921875
327,143.8602752685547,0.043006401509046555,0.040099162608385086,0.0029072361066937447,141639.53125,6.35976208613376e+16,6.35976208613376e+16,0.9828227162361145,681.8676147460938,0.5941513776779175,681.2734375
328,143.31443786621094,0.04838011786341667,0.0451103150844574,0.003269802313297987,140798.65625,5.76693805818839e+16,5.76693805818839e+16,0.9804758429527283,3910.444580078125,0.6118896007537842,3909.832763671875
329,142.14639282226562,0.04277018457651138,0.039879754185676575,0.0028904248028993607,139943.875,5.491800305722982e+16,5.491800305722982e+16,0.9774942398071289,909.1876831054688,0.6322056651115417,908.5554809570312
330,141.15042114257812,0.04154016822576523,0.03873157128691673,0.002808597171679139,139018.65625,5.126384917676032e+16,5.126384917676032e+16,0.9738759398460388,348.29278564453125,0.6529352068901062,347.6398620605469
331,142.32159423828125,0.08280899375677109,0.07721088081598282,0.005598119460046291,138118.5,5.351216577196851e+16,5.351216577196851e+16,0.9703193306922913,914.0751953125,0.6726402640342712,913.4025268554688
332,143.0634002685547,0.1155143603682518,0.10770828276872635,0.00780608132481575,137238.796875,4.734964361645261e+16,4.734964361645261e+16,0.9662491679191589,153.90135192871094,0.6954540014266968,153.20590209960938
333,148.2196044921875,0.23630641400814056,0.22033576667308807,0.0159706249833107,136334.015625,5.072025234597478e+16,5.072025234597478e+16,0.9628238677978516,1955.2672119140625,0.7160372138023376,1954.5511474609375
334,154.26681518554688,0.37470754981040955,0.349384069442749,0.025323444977402687,135448.546875,4.980440640467763e+16,4.980440640467763e+16,0.9595903754234314,3308.171630859375,0.7333702445030212,3307.438232421875
335,149.4596710205078,0.29533907771110535,0.2753783166408539,0.01996079832315445,134561.1875,5.100268939535974e+16,5.100268939535974e+16,0.9555494785308838,8051.69140625,0.7541256546974182,8050.9375
336,143.690673828125,0.19537189602851868,0.18216679990291595,0.013205111026763916,133720.9375,4.261983665153638e+16,4.261983665153638e+16,0.9530237317085266,15850.6689453125,0.7719308733940125,15849.8974609375
337,156.52679443359375,0.4715454578399658,0.4396769404411316,0.03186850622296333,132898.703125,3.932755524059136e+16,3.932755524059136e+16,0.9494296908378601,1148.7254638671875,0.785542368888855,1147.93994140625
338,142.36790466308594,0.20453502237796783,0.19071297347545624,0.013822045177221298,132014.65625,4.056755524861952e+16,4.056755524861952e+16,0.9444915056228638,8591.8642578125,0.8113331198692322,8591.052734375
339,142.2866668701172,0.2144617885351181,0.19996733963489532,0.014494425617158413,131244.953125,3.786449610604544e+16,3.786449610604544e+16,0.9422483444213867,28075.951171875,0.8252021670341492,28075.125
340,140.99444580078125,0.1976841688156128,0.18432392179965973,0.013360227458178997,130450.8046875,3.319004482712371e+16,3.319004482712371e+16,0.9393741488456726,62624.15234375,0.8406499028205872,62623.3125
341,146.60263061523438,0.3235231935977936,0.30165472626686096,0.021868467330932617,129585.1875,4.051746304504627e+16,4.051746304504627e+16,0.9372692704200745,80076.25,0.8581666946411133,80075.390625
342,134.9193115234375,0.11951486021280289,0.11143725365400314,0.008077602833509445,128788.8828125,3.234587115257856e+16,3.234587115257856e+16,0.929814338684082,12233.455078125,0.8774123191833496,12232.578125
343,137.03494262695312,0.17704781889915466,0.16508334875106812,0.01196447852998972,128004.78125,3.070926097953587e+16,3.070926097953587e+16,0.9246712923049927,14705.150390625,0.9004600048065186,14704.25
344,135.77706909179688,0.16352224349975586,0.1524714231491089,0.011050811968743801,127207.3125,3.4778772557266944e+16,3.4778772557266944e+16,0.9212286472320557,35886.15234375,0.9202322959899902,35885.23046875
345,131.08628845214844,0.0927242785692215,0.08645676076412201,0.006267516408115625,126388.2109375,2.771293073257267e+16,2.771293073257267e+16,0.9174602031707764,3414.536376953125,0.9406946301460266,3413.595703125
346,131.43603515625,0.11423423141241074,0.10651075839996338,0.007723474409431219,125554.796875,2.799774075138867e+16,2.799774075138867e+16,0.9120745062828064,14151.8447265625,0.9599245190620422,14150.884765625
347,128.9979705810547,0.08353625982999802,0.07788798213005066,0.005648263730108738,124697.140625,3.1930315886821376e+16,3.1930315886821376e+16,0.9037835001945496,9207.2578125,0.9868927597999573,9206.2705078125
348,129.65065002441406,0.11486891657114029,0.10710698366165161,0.007761940360069275,123871.4140625,3.0862587017035776e+16,3.0862587017035776e+16,0.8952605724334717,491.2087097167969,1.0181934833526611,490.1905212402344
349,128.15228271484375,0.10063766688108444,0.09383845329284668,0.006799228955060244,123061.875,2.9201798325600256e+16,2.9201798325600256e+16,0.8886283040046692,2930.471923828125,1.0421980619430542,2929.4296875
350,125.11564636230469,0.058019381016492844,0.0540967658162117,0.003922612406313419,122168.671875,3.155464368737485e+16,3.155464368737485e+16,0.882660984992981,1444.228271484375,1.0685542821884155,1443.15966796875
351,125.59878540039062,0.08423236757516861,0.07853652536869049,0.005695841275155544,121281.890625,3.1244465444225024e+16,3.1244465444225024e+16,0.8739679455757141,7402.42626953125,1.096473217010498,7401.32958984375
352,123.04182434082031,0.04687505215406418,0.043704889714717865,0.003170161973685026,120461.3046875,3.343432538705101e+16,3.343432538705101e+16,0.8648267984390259,20333.10546875,1.1231310367584229,20331.982421875
353,122.16241455078125,0.04810335487127304,0.044853027909994125,0.0032503274269402027,119591.4296875,2.8241411425959936e+16,2.8241411425959936e+16,0.8541539907455444,13756.705078125,1.1577919721603394,13755.546875
354,122.23301696777344,0.06954140216112137,0.0648435652256012,0.004697847180068493,118675.2265625,2.7534086146883584e+16,2.7534086146883584e+16,0.8431745767593384,5318.0380859375,1.1929595470428467,5316.84521484375
355,119.42206573486328,0.03136005997657776,0.029239831492304802,0.002120229648426175,117806.25,3.0285034174808064e+16,3.0285034174808064e+16,0.8358165621757507,1751.4552001953125,1.2198981046676636,1750.2353515625
356,119.61231231689453,0.05340532585978508,0.04979350417852402,0.0036118263378739357,116909.15625,2.9946494115119104e+16,2.9946494115119104e+16,0.8264162540435791,293.5606994628906,1.2476557493209839,292.31304931640625
357,117.58939361572266,0.02890736237168312,0.02695149928331375,0.001955862157046795,115948.21875,2.8423165851992064e+16,2.8423165851992064e+16,0.8144990801811218,16737.80859375,1.2841942310333252,16736.5234375
358,117.87062072753906,0.04000087082386017,0.03729865327477455,0.002702214987948537,115035.21875,3.782268459941888e+16,3.782268459941888e+16,0.8025433421134949,79753.421875,1.322192907333374,79752.1015625
359,118.0949935913086,0.034791212528944016,0.03244154900312424,0.0023496628273278475,114115.078125,2.975441673519104e+16,2.975441673519104e+16,0.7931987047195435,221059.46875,1.355034351348877,221058.109375
360,120.81970977783203,0.05193563923239708,0.04842523857951164,0.0035104018170386553,113143.9921875,6.129339667683738e+16,6.129339667683738e+16,0.7823807001113892,501764.09375,1.3878439664840698,501762.71875
361,128.33738708496094,0.13760575652122498,0.128302663564682,0.00930307898670435,112159.1328125,4.521520378413056e+16,4.521520378413056e+16,0.773910641670227,925274.25,1.4204219579696655,925272.8125
362,134.5450439453125,0.2996445298194885,0.2793944478034973,0.02025006152689457,111234.8984375,7.771473598165811e+16,7.771473598165811e+16,0.7603681683540344,825020.875,1.456611156463623,825019.4375
363,147.3138427734375,0.6558258533477783,0.6115036010742188,0.044322315603494644,110358.21875,4.742327653577523e+16,4.742327653577523e+16,0.7552492022514343,411689.25,1.489004373550415,411687.75
364,148.57623291015625,0.7793548703193665,0.7266865968704224,0.05266822129487991,109498.5390625,4.37434945854505e+16,4.37434945854505e+16,0.7459739446640015,6620.99365234375,1.5115300416946411,6619.48193359375
365,134.58026123046875,0.45191532373428345,0.4213723838329315,0.03054291009902954,108567.5390625,6.307705364519322e+16,6.307705364519322e+16,0.7418053150177002,335386.0,1.5430233478546143,335384.46875
366,127.03031921386719,0.2971666753292084,0.27707943320274353,0.02008724957704544,107876.484375,6.85957773829079e+16,6.85957773829079e+16,0.7408806681632996,422690.46875,1.548991322517395,422688.90625
367,120.75993347167969,0.27132558822631836,0.25298795104026794,0.01833759807050228,107123.5234375,4.632060810703667e+16,4.632060810703667e+16,0.735973596572876,2381.4072265625,1.57350492477417,2379.833740234375
368,121.34150695800781,0.22484973073005676,0.20965474843978882,0.01519495714455843,106227.359375,1.0952420866863923e+17,1.0952420866863923e+17,0.7253968715667725,376213.125,1.6049420833587646,376211.53125
369,119.30982208251953,0.26520442962646484,0.2472810447216034,0.01792338863015175,105498.4140625,3.918595446380954e+16,3.918595446380954e+16,0.7184238433837891,51199.5078125,1.6255227327346802,51197.8828125
370,117.07835388183594,0.16628921031951904,0.15504926443099976,0.011239945888519287,104817.4453125,4.354884237262848e+16,4.354884237262848e+16,0.7184314727783203,390289.65625,1.6454529762268066,390288.0
371,114.9146499633789,0.1404171884059906,0.130925253033638,0.009491939097642899,103971.0078125,1.1189696335131443e+17,1.1189696335131443e+17,0.7074909806251526,381087.84375,1.6773537397384644,381086.15625
372,120.74058532714844,0.33141306042671204,0.309013694524765,0.02239939384162426,103135.46875,5.994740117091123e+16,5.994740117091123e+16,0.6925696730613708,97450.984375,1.7120364904403687,97449.2734375
373,154.29290771484375,0.9711595773696899,0.9055269360542297,0.06563262641429901,102493.6875,5.648098031094989e+16,5.648098031094989e+16,0.6869410872459412,318475.5,1.7428717613220215,318473.75
374,252.36122131347656,2.9432361125946045,2.7443301677703857,0.1989058405160904,101841.9765625,3.550915536827187e+16,3.550915536827187e+16,0.677990734577179,332192.53125,1.7642114162445068,332190.78125
375,158.62774658203125,1.0491288900375366,0.9782260656356812,0.07090293616056442,101290.34375,3.9514489397182464e+17,3.9514489397182464e+17,0.6715466976165771,448581.4375,1.7925282716751099,448579.65625
376,143.94696044921875,0.8467904329299927,0.7895612716674805,0.05722922831773758,101000.921875,5.612368799454986e+17,5.612368799454986e+17,0.6691057682037354,4527.1240234375,1.7804375886917114,4525.34375
377,215.03858947753906,2.2471580505371094,2.095287799835205,0.15187007188796997,100871.09375,5.0756167721497395e+17,5.0756167721497395e+17,0.6802754402160645,130202.2109375,1.7763469219207764,130200.4375
378,425.0284423828125,6.281157493591309,5.856667518615723,0.4244903028011322,100764.8984375,9.18177833660973e+17,9.18177833660973e+17,0.6843135356903076,928750.9375,1.7500627040863037,928749.1875
379,335.8375549316406,4.466294288635254,4.164443016052246,0.3018510639667511,101313.140625,4.0360244049189274e+17,4.0360244049189274e+17,0.6971324682235718,1080610.625,1.703160047531128,1080608.875
380,426.2790222167969,6.4263916015625,5.992075443267822,0.4343162775039673,102147.8984375,4.711582559685837e+17,4.711582559685837e+17,0.7067586183547974,234040.015625,1.6388850212097168,234038.375
381,599.181640625,9.804231643676758,9.141633987426758,0.6625966429710388,103600.0234375,1.1026470226215567e+18,1.1026470226215567e+18,0.7352691888809204,426742.21875,1.5545154809951782,426740.65625
382,747.905517578125,12.686125755310059,11.828758239746094,0.8573654294013977,105937.4921875,1.093524718243283e+18,1.093524718243283e+18,0.7939640283584595,656822.0625,1.3957115411758423,656820.6875
383,415.81890869140625,5.721269130706787,5.334611892700195,0.38665738701820374,109088.5234375,9.831493501357916e+17,9.831493501357916e+17,0.845313549041748,1968378.5,1.2453864812850952,1968377.25
384,458.1825866699219,6.793905258178711,6.334752082824707,0.4591529965400696,113103.0,2.0036059544357437e+18,2.0036059544357437e+18,0.8771017789840698,338072.59375,1.096290946006775,338071.5
385,541.3098754882812,6.057248592376709,5.647887706756592,0.4093610644340515,117193.828125,8.907032096183157e+18,8.907032096183157e+18,0.8905833959579468,11234656.0,0.9811835885047913,11234655.0
386,685.6724243164062,11.104670524597168,10.354188919067383,0.7504816055297852,121117.78125,9.36779989854978e+17,9.36779989854978e+17,0.8986449837684631,838436.625,0.8903859853744507,838435.75
387,718.0889892578125,11.151421546936035,10.397789001464844,0.7536319494247437,124696.71875,4.2112394855448576e+18,4.2112394855448576e+18,0.9180055856704712,3160991.0,0.8339306116104126,3160990.25
388,528.7667236328125,7.635636806488037,7.119609832763672,0.5160270929336548,127773.4609375,3.034805474533835e+18,3.034805474533835e+18,0.9335148930549622,1617661.125,0.7900168895721436,1617660.375
389,415.6213073730469,5.4584150314331055,5.089521408081055,0.36889344453811646,130846.3046875,2.007391435531223e+18,2.007391435531223e+18,0.9392709732055664,984687.125,0.7040165662765503,984686.4375
390,673.54541015625,10.563920974731445,9.849985122680664,0.7139365673065186,133890.546875,3.4619855331341107e+18,3.4619855331341107e+18,0.9535125494003296,799681.4375,0.6361573934555054,799680.8125
391,622.4036865234375,9.447752952575684,8.809263229370117,0.6384894251823425,137349.125,3.225843695714566e+18,3.225843695714566e+18,0.9729304909706116,944109.5625,0.5925101637840271,944109.0
392,807.1760864257812,12.888854026794434,12.01779556274414,0.8710592985153198,140690.28125,2.4517754151323566e+18,2.4517754151323566e+18,0.9829001426696777,1959132.5,0.548320472240448,1959132.0
393,464.4371032714844,6.128698348999023,5.714513778686523,0.4141846299171448,143667.140625,2.0299550634006282e+18,2.0299550634006282e+18,0.9861845374107361,1230508.375,0.49840420484542847,1230507.875
394,450.7592468261719,6.028228759765625,5.620835781097412,0.40739232301712036,146364.96875,2.111550645931606e+18,2.111550645931606e+18,0.9867685437202454,87127.578125,0.43896669149398804,87127.140625
395,483.7838134765625,6.652475833892822,6.202889442443848,0.4495866298675537,148681.8125,2.4363377221225677e+18,2.4363377221225677e+18,0.9885029792785645,4187.525390625,0.386269211769104,4187.13916015625
396,526.8814086914062,7.4481048583984375,6.944748878479004,0.503356397151947,150730.921875,2.5491162790509937e+18,2.5491162790509937e+18,0.9836653470993042,119610.859375,0.3392462134361267,119610.5234375
397,616.4194946289062,9.203360557556152,8.581372261047363,0.621989369392395,153028.34375,2.5121603188519076e+18,2.5121603188519076e+18,0.9787726402282715,71092.265625,0.30499404668807983,71091.9609375
398,789.4490356445312,12.6231107711792,11.770028114318848,0.8530818819999695,155298.546875,2.507829617428005e+18,2.507829617428005e+18,0.9739340543746948,48709.4765625,0.2819162607192993,48709.1953125
399,439.12420654296875,5.5916337966918945,5.213740348815918,0.3778930902481079,157533.21875,1.8445371333442273e+18,1.8445371333442273e+18,0.9699034094810486,16472.9140625,0.2630108594894409,16472.650390625
400,344.3648376464844,3.6177315711975098,3.3732335567474365,0.24449774622917175,160042.796875,1.409772506096599e+18,1.409772506096599e+18,0.9647660851478577,202569.03125,0.24157950282096863,202568.796875
401,315.79425048828125,3.022315502166748,2.818058729171753,0.20425693690776825,162737.046875,1.6345939092355154e+18,1.6345939092355154e+18,0.9591525793075562,30683.62109375,0.21973444521427155,30683.400390625
402,258.3602600097656,1.836614966392517,1.7124911546707153,0.1241236999630928,165446.515625,8.160230329580257e+17,8.160230329580257e+17,0.9532234072685242,26697.7890625,0.2017725557088852,26697.587890625
403,250.54710388183594,1.6326663494110107,1.5223268270492554,0.11033940315246582,167641.0,6.461862134593618e+17,6.461862134593618e+17,0.9470330476760864,62660.5,0.1865333616733551,62660.3125
404,211.7806396484375,0.8211410045623779,0.7656479477882385,0.055493053048849106,169391.859375,1.155302497036796e+18,1.155302497036796e+18,0.9174864888191223,17641.736328125,0.1730187088251114,17641.5625
405,217.8214874267578,0.8433119654655457,0.7863196134567261,0.05699235945940018,170916.78125,1.8340568633861734e+18,1.8340568633861734e+18,0.8325839042663574,290503.0625,0.15931163728237152,290502.90625
406,247.85543823242188,1.4514821767807007,1.3533886671066284,0.09809362143278122,172351.734375,1.5476421932487803e+18,1.5476421932487803e+18,0.7303225994110107,138193.546875,0.14831390976905823,138193.40625
407,279.7892761230469,2.099618911743164,1.957719087600708,0.14189954102039337,173769.625,7.487861789326049e+17,7.487861789326049e+17,0.6460782289505005,28991.904296875,0.1392071545124054,28991.765625
408,327.3635559082031,3.0292551517486572,2.8245368003845215,0.2047184407711029,175024.625,7.739548934455951e+17,7.739548934455951e+17,0.5892345905303955,10222.68359375,0.13038945198059082,10222.552734375
409,230.82913208007812,1.0685559511184692,0.9963392615318298,0.07221676409244537,176073.109375,1.1248405961087386e+18,1.1248405961087386e+18,0.38847649097442627,20336.90234375,0.12285290658473969,20336.779296875
410,228.17388916015625,1.004341721534729,0.936464786529541,0.06787696480751038,176905.484375,1.0123739568852173e+18,1.0123739568852173e+18,0.2606213092803955,3894.595947265625,0.11611322313547134,3894.479736328125
411,222.1309814453125,0.851121723651886,0.7936016321182251,0.057520173490047455,177589.5,7.079841270595584e+17,7.079841270595584e+17,0.12306641787290573,127740.6953125,0.11022955179214478,127740.5859375
412,226.0246124267578,0.9404242038726807,0.8768689036369324,0.06355531513690948,178260.515625,6.4369011590588e+17,6.4369011590588e+17,0.10850860178470612,9918.18359375,0.10486508160829544,9918.0791015625
413,213.4872589111328,0.6670305728912354,0.6219495534896851,0.0450810082256794,178886.59375,7.727725748483523e+17,7.727725748483523e+17,0.05292904004454613,47636.1640625,0.10046229511499405,47636.0625
414,206.10691833496094,0.4837585389614105,0.45106422901153564,0.032694265246391296,179473.28125,8.911293665813463e+17,8.911293665813463e+17,0.02789376489818096,155456.75,0.09658502042293549,155456.65625
415,203.83592224121094,0.45411157608032227,0.42342275381088257,0.0306888148188591,179943.328125,8.697027024545382e+17,8.697027024545382e+17,0.006905634421855211,31729.826171875,0.09325604885816574,31729.732421875
416,213.19760131835938,0.6320631504058838,0.5893484950065613,0.042714692652225494,180270.34375,7.186368829042196e+17,7.186368829042196e+17,0.006863197311758995,60545.2265625,0.09082638472318649,60545.13671875
417,209.35302734375,0.5328397154808044,0.49682992696762085,0.0360097736120224,180546.21875,5.221026841325732e+17,5.221026841325732e+17,0.006832058075815439,164270.453125,0.0889449417591095,164270.359375
418,210.63262939453125,0.5842623114585876,0.5447758436203003,0.03948649764060974,180692.140625,4.366318385097605e+17,4.366318385097605e+17,0.006794753950089216,29071.853515625,0.08782926946878433,29071.765625
419,196.73953247070312,0.3035324513912201,0.2830187678337097,0.02051370032131672,180793.640625,4.491999092502692e+17,4.491999092502692e+17,0.006768145598471165,32004.91796875,0.0868183895945549,32004.83203125
420,202.57049560546875,0.4014999270439148,0.37436553835868835,0.02713441476225853,180861.15625,5.024179556618076e+17,5.024179556618076e+17,0.006746756378561258,113192.3359375,0.08620700240135193,113192.25
421,201.69570922851562,0.3950634002685547,0.36836308240890503,0.02670031413435936,180915.34375,5.220576041558344e+17,5.220576041558344e+17,0.006727708037942648,50511.50390625,0.08604378253221512,50511.41796875
422,192.81861877441406,0.2266349345445633,0.2113177478313446,0.015317175537347794,180974.65625,4.8516428175979315e+17,4.8516428175979315e+17,0.0067177568562328815,2704.18017578125,0.08595550805330276,2704.09423828125
423,198.34613037109375,0.3243604004383087,0.30243998765945435,0.02192043885588646,181013.0625,4.336479013909299e+17,4.336479013909299e+17,0.00670964689925313,68137.4140625,0.08606237918138504,68137.328125
424,192.7439727783203,0.21390946209430695,0.19945356249809265,0.014455879107117653,181009.125,3.9910420098370765e+17,3.9910420098370765e+17,0.006697742268443108,64025.03515625,0.08644874393939972,64024.94921875
425,194.340087890625,0.25928330421447754,0.24176068603992462,0.017522621899843216,180959.5625,3.794101953835827e+17,3.794101953835827e+17,0.006688814144581556,3694.088623046875,0.08694986253976822,3694.001708984375
426,191.0817108154297,0.19116264581680298,0.1782437264919281,0.0129189258441329,180857.84375,3.704500689704059e+17,3.704500689704059e+17,0.0066855899058282375,29527.6875,0.08751067519187927,29527.599609375
427,190.90737915039062,0.18311707675457,0.17074176669120789,0.012375314719974995,180700.703125,3.546348311554294e+17,3.546348311554294e+17,0.0066832974553108215,69618.6015625,0.08828020840883255,69618.515625
428,190.0332489013672,0.18099366128444672,0.1687614470720291,0.012232217006385326,180512.125,3.2248724146303795e+17,3.2248724146303795e+17,0.006681038998067379,14894.4326171875,0.08930891007184982,14894.34375
429,188.2672119140625,0.14930789172649384,0.1392168253660202,0.010091050527989864,180317.03125,2.9373425648245146e+17,2.9373425648245146e+17,0.006682036444544792,19104.455078125,0.09044858068227768,19104.365234375
430,188.7965850830078,0.15683849155902863,0.14623843133449554,0.010600060224533081,180120.734375,2.750376969072804e+17,2.750376969072804e+17,0.006686849053949118,55887.66015625,0.09157566726207733,55887.5703125
431,186.12142944335938,0.11642234027385712,0.1085536852478981,0.007868671789765358,179924.71875,2.5866658724498637e+17,2.5866658724498637e+17,0.006694571115076542,11690.677734375,0.09275564551353455,11690.5849609375
432,185.85247802734375,0.11666855216026306,0.1087835431098938,0.007885006256401539,179729.15625,2.349041137441833e+17,2.349041137441833e+17,0.006706528831273317,5497.2587890625,0.09411558508872986,5497.16455078125
433,185.4948272705078,0.11087404191493988,0.10338100045919418,0.007493047043681145,179520.140625,2.132883851570053e+17,2.132883851570053e+17,0.006720526143908501,21769.046875,0.09563992917537689,21768.951171875
434,184.49313354492188,0.09692706167697906,0.09037674963474274,0.006550310179591179,179276.578125,2.0344365009967514e+17,2.0344365009967514e+17,0.006734163966029882,16675.419921875,0.09719415009021759,16675.322265625
435,184.0601043701172,0.09678932279348373,0.09024833142757416,0.006541004870086908,178994.921875,1.9952428628364493e+17,1.9952428628364493e+17,0.006748516112565994,2618.544921875,0.09875766187906265,2618.446044921875
436,183.24932861328125,0.08647266775369644,0.08062873780727386,0.005843934137374163,178688.8125,1.9059171638063923e+17,1.9059171638063923e+17,0.00676553463563323,4626.84228515625,0.10045811533927917,4626.74169921875
437,182.37132263183594,0.07292843610048294,0.06799952685832977,0.004928901791572571,178370.734375,1.7592749544125235e+17,1.7592749544125235e+17,0.006784284953027964,17822.552734375,0.10235991328954697,17822.451171875
438,182.6451873779297,0.08722240477800369,0.08132718503475189,0.005895229987800121,178048.6875,1.5961636070227968e+17,1.5961636070227968e+17,0.006803380325436592,7576.43603515625,0.10434719920158386,7576.33154296875
439,181.4091033935547,0.0703873410820961,0.0656297579407692,0.004757574759423733,177730.515625,1.4558118067306496e+17,1.4558118067306496e+17,0.006823869422078133,1362.1728515625,0.10629308968782425,1362.0665283203125
440,181.2094268798828,0.07049180567264557,0.06572739034891129,0.004764414392411709,177420.21875,1.357796959364055e+17,1.357796959364055e+17,0.00684711430221796,12882.4375,0.10824261605739594,12882.3291015625
441,180.723388671875,0.06773965060710907,0.06316151469945908,0.004578133579343557,177115.015625,1.296156619524014e+17,1.296156619524014e+17,0.006872300524264574,9178.482421875,0.11031804978847504,9178.3720703125
442,179.76187133789062,0.05646317079663277,0.05264723673462868,0.003815924283117056,176807.9375,1.2649961163954586e+17,1.2649961163954586e+17,0.006897877436131239,426.47613525390625,0.1125301718711853,426.3636169433594
443,179.8743896484375,0.06438235938549042,0.06003120541572571,0.004351151641458273,176491.8125,1.245952918599762e+17,1.245952918599762e+17,0.0081174923107028,3886.885498046875,0.1147727519273758,3886.770751953125
444,178.9939422607422,0.052975818514823914,0.04939548298716545,0.0035803355276584625,176161.5,1.2094035200049152e+17,1.2094035200049152e+17,0.01441982015967369,6269.58154296875,0.1169879138469696,6269.46435546875
445,178.8846893310547,0.05875930190086365,0.054788075387477875,0.003971228841692209,175815.265625,1.143584434683904e+17,1.143584434683904e+17,0.02462427318096161,1709.2220458984375,0.11924637109041214,1709.102783203125
446,178.05958557128906,0.04978058114647865,0.046416088938713074,0.0033644919749349356,175458.34375,1.0616594797009306e+17,1.0616594797009306e+17,0.03784726932644844,602.1549072265625,0.12162461131811142,602.0332641601562
447,177.89654541015625,0.05331210792064667,0.04970887303352356,0.0036032318603247404,175099.25,9.877419758452736e+16,9.877419758452736e+16,0.04991273954510689,3292.062744140625,0.12409722805023193,3291.938720703125
448,177.55209350585938,0.053613316267728806,0.04998963698744774,0.0036236816085875034,174745.5,9.415508910669824e+16,9.415508910669824e+16,0.06200708821415901,3174.82080078125,0.12657953798770905,3174.6943359375
449,176.9879608154297,0.04975869879126549,0.04639542102813721,0.00336327962577343,174399.609375,9.25778139068498e+16,9.25778139068498e+16,0.07801369577646255,784.7777709960938,0.12905055284500122,784.6487426757812
450,176.7313232421875,0.051444508135318756,0.047967251390218735,0.0034772586077451706,174060.484375,9.235009474081587e+16,9.235009474081587e+16,0.09315765649080276,627.5861206054688,0.1315644383430481,627.4545288085938
451,176.21998596191406,0.04743508622050285,0.04422890767455101,0.003206186695024371,173724.28125,9.112561674459546e+16,9.112561674459546e+16,0.116705521941185,3281.604736328125,0.13416551053524017,3281.470458984375
452,175.87225341796875,0.04753360152244568,0.04432099312543869,0.0032126139849424362,173385.203125,8.80010967562322e+16,8.80010967562322e+16,0.12717588245868683,2236.998779296875,0.1368417739868164,2236.86181640625
453,175.47402954101562,0.046972062438726425,0.04379755258560181,0.003174512879922986,173038.296875,8.428954922778624e+16,8.428954922778624e+16,0.14483805000782013,283.58746337890625,0.1395593136548996,283.4479064941406
454,175.0836639404297,0.04561161622405052,0.04252898320555687,0.0030826313886791468,172682.28125,8.17297830791086e+16,8.17297830791086e+16,0.162260502576828,3906.926025390625,0.14230963587760925,3906.78369140625
455,174.6703338623047,0.044861212372779846,0.04182908311486244,0.0030321250669658184,172319.390625,8.04124221201449e+16,8.04124221201449e+16,0.2080814242362976,2746.677978515625,0.1451093554496765,2746.532958984375
456,174.2238311767578,0.043777622282505035,0.04081854969263077,0.0029590721242129803,171953.640625,7.95368844469207e+16,7.95368844469207e+16,0.2501870393753052,175.74888610839844,0.1479690819978714,175.60092163085938
457,173.9342498779297,0.04482970014214516,0.04179946333169937,0.0030302295926958323,171589.984375,7.824134192182067e+16,7.824134192182067e+16,0.2959620952606201,2452.134033203125,0.150888592004776,2451.983154296875
458,173.5501708984375,0.044468022882938385,0.04146227985620499,0.0030057434923946857,171232.625,7.613048575492096e+16,7.613048575492096e+16,0.3573592007160187,1800.5301513671875,0.15387006103992462,1800.376220703125
459,173.11038208007812,0.04306845739483833,0.04015737026929855,0.0029110859613865614,170881.8125,7.382728377263718e+16,7.382728377263718e+16,0.4888404905796051,131.2995147705078,0.1569124460220337,131.14260864257812
460,172.80023193359375,0.04367507994174957,0.04072307050228119,0.00295200920663774,170532.9375,7.205361260324454e+16,7.205361260324454e+16,0.6656959652900696,1147.702880859375,0.16000261902809143,1147.5428466796875
461,172.40164184570312,0.04267960041761398,0.039794933050870895,0.0028846636414527893,170180.671875,7.092005047474586e+16,7.092005047474586e+16,0.893669843673706,1605.3817138671875,0.16313436627388,1605.2186279296875
462,172.0595245361328,0.04326735436916351,0.04034300521016121,0.002924349159002304,169822.796875,7.018821811227853e+16,7.018821811227853e+16,0.9138432741165161,317.4966735839844,0.16632676124572754,317.3303527832031
463,171.6747283935547,0.04280104488134384,0.039908166974782944,0.0028928813990205526,169459.390625,6.957218236307866e+16,6.957218236307866e+16,0.9161044955253601,571.599365234375,0.16959625482559204,571.4297485351562
464,171.306640625,0.04264305159449577,0.039760734885931015,0.002882318338379264,169091.203125,6.867400162226995e+16,6.867400162226995e+16,0.9183679223060608,1458.18408203125,0.17292602360248566,1458.0111083984375
465,170.92877197265625,0.042732637375593185,0.03984417766332626,0.0028884639032185078,168720.71875,6.722582454940467e+16,6.722582454940467e+16,0.9206283092498779,418.8048095703125,0.17629346251487732,418.6285095214844
466,170.5745086669922,0.04306655749678612,0.040155526250600815,0.0029110314790159464,168352.390625,6.547638558549606e+16,6.547638558549606e+16,0.9228760600090027,329.08563232421875,0.1797109991312027,328.9059143066406
467,170.1999053955078,0.042712338268756866,0.03982529416680336,0.0028870475944131613,167989.359375,6.397698243769139e+16,6.397698243769139e+16,0.9250951409339905,1094.7474365234375,0.18320395052433014,1094.564208984375
468,169.81752014160156,0.042379677295684814,0.03951513022184372,0.0028645459096878767,167629.828125,6.311420081733632e+16,6.311420081733632e+16,0.9272816181182861,557.766845703125,0.1867644190788269,557.580078125
469,169.4523162841797,0.042388640344142914,0.03952348977327347,0.0028651447501033545,167269.109375,6.277670658218394e+16,6.277670658218394e+16,0.9294608235359192,99.39120483398438,0.19036249816417694,99.20084381103516
470,169.07261657714844,0.04200565442442894,0.039166439324617386,0.002839217660948634,166904.109375,6.243318221294797e+16,6.243318221294797e+16,0.9316456317901611,578.2743530273438,0.19399578869342804,578.0803833007812
471,168.72021484375,0.042360637336969376,0.039497483521699905,0.002863154513761401,166535.046875,6.170157318878003e+16,6.170157318878003e+16,0.933801531791687,543.5338134765625,0.19769766926765442,543.3361206054688
472,168.32151794433594,0.041922904551029205,0.03908930718898773,0.0028335934039205313,166163.78125,6.073428212921139e+16,6.073428212921139e+16,0.9358906149864197,85.69479370117188,0.20148499310016632,85.4933090209961
473,167.9635772705078,0.04216555878520012,0.039315469563007355,0.0028500903863459826,165791.53125,5.990021236523008e+16,5.990021236523008e+16,0.9379299879074097,385.32818603515625,0.20533066987991333,385.12286376953125
474,167.58865356445312,0.04209979251027107,0.03925406560301781,0.0028457255102694035,165419.140625,5.929746953981133e+16,5.929746953981133e+16,0.9399591088294983,521.447998046875,0.2092011272907257,521.23876953125
475,167.21824645996094,0.04220011830329895,0.03934761881828308,0.0028525039087980986,165048.015625,5.880025835582259e+16,5.880025835582259e+16,0.9419794678688049,142.31837463378906,0.2131085842847824,142.1052703857422
476,166.84632873535156,0.0421389639377594,0.0392906479537487,0.0028483159840106964,164679.546875,5.828000896725811e+16,5.828000896725811e+16,0.9439643621444702,156.28945922851562,0.21709290146827698,156.07237243652344
477,166.47120666503906,0.04192386195063591,0.03909013047814369,0.002833728212863207,164312.875,5.769071368444314e+16,5.769071368444314e+16,0.9459065794944763,443.76373291015625,0.22115927934646606,443.5425720214844
478,166.10585021972656,0.042034585028886795,0.03919340297579765,0.002841188106685877,163944.875,5.711417874946458e+16,5.711417874946458e+16,0.9478165507316589,212.3638916015625,0.22526860237121582,212.1386260986328
479,165.7232208251953,0.04183881729841232,0.039010848850011826,0.0028279677499085665,163573.359375,5.667287515476787e+16,5.667287515476787e+16,0.9496950507164001,125.10031127929688,0.2294047623872757,124.87090301513672
480,165.36465454101562,0.04208480939269066,0.03924017399549484,0.0028446312062442303,163199.265625,5.632478094032896e+16,5.632478094032896e+16,0.9515342712402344,481.0550537109375,0.23360352218151093,480.8214416503906
481,164.97418212890625,0.041828446090221405,0.039001092314720154,0.0028273523785173893,162825.0,5.596305879465984e+16,5.596305879465984e+16,0.9533321261405945,178.69947814941406,0.2378847301006317,178.4615936279297
482,164.61270141601562,0.04209453612565994,0.03924917057156563,0.0028453574050217867,162451.171875,5.565036370067456e+16,5.565036370067456e+16,0.9550958275794983,114.54747009277344,0.2422129213809967,114.30525970458984
483,164.23089599609375,0.041893623769283295,0.039061855524778366,0.002831768710166216,162077.9375,5.540296069952307e+16,5.540296069952307e+16,0.9568333029747009,287.3481140136719,0.24656035006046295,287.1015625
484,163.86293029785156,0.042019035667181015,0.039178814738988876,0.0028402283787727356,161705.859375,5.509083254122086e+16,5.509083254122086e+16,0.9585444331169128,102.73023223876953,0.2509613633155823,102.4792709350586
485,163.47850036621094,0.04176589474081993,0.03894277289509773,0.002823120914399624,161334.734375,5.469874068180173e+16,5.469874068180173e+16,0.960221529006958,75.54496765136719,0.25545045733451843,75.28952026367188
486,163.1098175048828,0.041816215962171555,0.03898969292640686,0.0028265214059501886,160962.5,5.438260531901235e+16,5.438260531901235e+16,0.9618621468544006,212.17124938964844,0.2600043714046478,211.91123962402344
487,162.73025512695312,0.04174047335982323,0.038919080048799515,0.002821390051394701,160587.75,5.422663787662541e+16,5.422663787662541e+16,0.9634698629379272,125.70653533935547,0.264585942029953,125.44194793701172
488,162.35345458984375,0.04174907132983208,0.0389271005988121,0.0028219714295119047,160211.375,5.415196987018445e+16,5.415196987018445e+16,0.9650415778160095,47.575252532958984,0.269206702709198,47.30604553222656
489,161.97616577148438,0.041707348078489304,0.03888816386461258,0.002819186309352517,159835.140625,5.404616764581478e+16,5.404616764581478e+16,0.9665698409080505,159.77859497070312,0.27389824390411377,159.50469970703125
490,161.5977325439453,0.04167041555047035,0.03885369002819061,0.0028167269192636013,159459.5,5.386074102274458e+16,5.386074102274458e+16,0.9680590033531189,83.73543548583984,0.27865856885910034,83.45677947998047
491,161.22030639648438,0.04164523631334305,0.038830216974020004,0.0028150263242423534,159083.921875,5.364758609081139e+16,5.364758609081139e+16,0.9695173501968384,47.396305084228516,0.283463716506958,47.11284255981445
492,160.84197998046875,0.04157756268978119,0.03876712918281555,0.0028104332741349936,158708.296875,5.349669100480102e+16,5.349669100480102e+16,0.9709402322769165,130.78709411621094,0.2883144021034241,130.498779296875
493,160.4622802734375,0.04150944575667381,0.03870363160967827,0.0028058227617293596,158332.671875,5.340838218222797e+16,5.340838218222797e+16,0.9723189473152161,73.19683074951172,0.2932352125644684,72.90359497070312
494,160.08401489257812,0.04147343337535858,0.038670044392347336,0.0028033903799951077,157956.71875,5.330555637019443e+16,5.330555637019443e+16,0.9736539721488953,32.68083953857422,0.29822951555252075,32.38261032104492
495,159.7051239013672,0.04142832010984421,0.038627974689006805,0.0028003440238535404,157579.71875,5.317874746078003e+16,5.317874746078003e+16,0.9749479293823242,81.07711029052734,0.30327191948890686,80.77384185791016
496,159.32456970214844,0.04138132557272911,0.0385841466486454,0.002797182183712721,157201.984375,5.306932887394714e+16,5.306932887394714e+16,0.9761977195739746,44.54133987426758,0.30835720896720886,44.23298263549805
497,158.94351196289062,0.04132276773452759,0.038529518991708755,0.0027932487428188324,156824.171875,5.295435259943322e+16,5.295435259943322e+16,0.9774022698402405,25.837831497192383,0.3135095536708832,25.524322509765625
498,158.5638427734375,0.041284848004579544,0.038494158536195755,0.002790694124996662,156446.25,5.280803165359309e+16,5.280803165359309e+16,0.9785650372505188,53.17179870605469,0.31873512268066406,52.853065490722656
499,158.18116760253906,0.04120267927646637,0.038417551666498184,0.0027851334307342768,156067.90625,5.267944462771814e+16,5.267944462771814e+16,0.9796860814094543,43.663658142089844,0.32401514053344727,43.33964157104492
500,157.7995147705078,0.041144244372844696,0.03836305812001228,0.0027811864856630564,155689.515625,5.259479941224858e+16,5.259479941224858e+16,0.9807620048522949,17.91250228881836,0.32935047149658203,17.583152770996094
501,157.41604614257812,0.04103323817253113,0.038259539753198624,0.002773699816316366,155311.4375,5.251143839200051e+16,5.251143839200051e+16,0.9817914366722107,42.75489807128906,0.334755539894104,42.420143127441406
502,157.0338897705078,0.04096638783812523,0.03819720447063446,0.0027691812720149755,154932.84375,5.238619714564915e+16,5.238619714564915e+16,0.9827772378921509,33.799922943115234,0.34022626280784607,33.45969772338867
503,156.64903259277344,0.040871359407901764,0.038108617067337036,0.002762743504717946,154553.09375,5.221597470680678e+16,5.221597470680678e+16,0.9837203621864319,15.471595764160156,0.34575188159942627,15.12584400177002
504,156.265625,0.04081510007381439,0.0380561426281929,0.002758946269750595,154172.484375,5.204890906892698e+16,5.204890906892698e+16,0.9846171140670776,33.752201080322266,0.35133832693099976,33.40086364746094
505,155.87998962402344,0.040730539709329605,0.03797728568315506,0.0027532598469406366,153791.28125,5.193367939134259e+16,5.193367939134259e+16,0.9854653477668762,22.33765983581543,0.35699254274368286,21.980667114257812
506,155.49566650390625,0.04068167135119438,0.03793170303106308,0.0027499767020344734,153409.609375,5.183705121711718e+16,5.183705121711718e+16,0.9862678647041321,11.89141845703125,0.36271020770072937,11.528708457946777
507,155.10903930664062,0.04058756306767464,0.03784395754337311,0.0027436143718659878,153027.6875,5.170580131151872e+16,5.170580131151872e+16,0.9870262145996094,26.118820190429688,0.368490993976593,25.750329971313477
508,154.72296142578125,0.040511999279260635,0.0377735011279583,0.0027384976856410503,152645.625,5.155198564774707e+16,5.155198564774707e+16,0.987738847732544,17.003276824951172,0.3743421137332916,16.628934860229492
509,154.33583068847656,0.04042677953839302,0.037694040685892105,0.0027327309362590313,152263.015625,5.139697168809984e+16,5.139697168809984e+16,0.9884037971496582,9.765518188476562,0.38026171922683716,9.38525676727295
510,153.9484405517578,0.04035443440079689,0.037626586854457855,0.0027278438210487366,151879.296875,5.123323894484173e+16,5.123323894484173e+16,0.9890199899673462,17.999727249145508,0.3862379193305969,17.613489151000977
511,153.55990600585938,0.04029017686843872,0.037566665560007095,0.002723516896367073,151494.234375,5.106192987927347e+16,5.106192987927347e+16,0.9895873665809631,9.291787147521973,0.3922766149044037,8.899510383605957
512,153.17123413085938,0.040244247764348984,0.037523820996284485,0.0027204330544918776,151108.046875,5.089295298094694e+16,5.089295298094694e+16,0.9901068210601807,9.102324485778809,0.3983933627605438,8.703930854797363
513,152.78228759765625,0.04020421952009201,0.037486482411623,0.0027177375741302967,150721.1875,5.073044430336819e+16,5.073044430336819e+16,0.9905787706375122,14.786831855773926,0.4045819640159607,14.38224983215332
514,152.3918914794922,0.04014170169830322,0.03742818534374237,0.002713513793423772,150334.1875,5.055966351877734e+16,5.055966351877734e+16,0.9910022616386414,6.2592597007751465,0.4108295738697052,5.848430156707764
515,152.00181579589844,0.04008370265364647,0.037374116480350494,0.0027095903642475605,149947.203125,5.036457321929114e+16,5.036457321929114e+16,0.9913764595985413,5.928798198699951,0.41714805364608765,5.511650085449219
516,151.6109619140625,0.04002246633172035,0.03731701523065567,0.0027054487727582455,149559.578125,5.017251087174861e+16,5.017251087174861e+16,0.9917013049125671,7.684121131896973,0.423543244600296,7.26057767868042
517,151.2197723388672,0.03997953236103058,0.0372769720852375,0.0027025537565350533,149170.734375,5.00136099666985e+16,5.00136099666985e+16,0.9919772744178772,3.747134208679199,0.42999938130378723,3.3171348571777344
518,150.8280487060547,0.03993873670697212,0.03723892197012901,0.002699813339859247,148781.1875,4.986797192065843e+16,4.986797192065843e+16,0.9922035336494446,6.088107109069824,0.4365173876285553,5.651589870452881
519,150.4363555908203,0.03989671543240547,0.03719973564147949,0.0026969865430146456,148391.703125,4.971503672518246e+16,4.971503672518246e+16,0.9923803806304932,8.627251625061035,0.44311240315437317,8.184139251708984
520,150.04454040527344,0.0398428849875927,0.03714952990412712,0.0026933541521430016,148002.78125,4.957335004905472e+16,4.957335004905472e+16,0.9925076365470886,2.3934848308563232,0.4497717320919037,1.9437131881713867
521,149.652099609375,0.03976433351635933,0.03707629069685936,0.002688049105927348,147614.359375,4.946305528889344e+16,4.946305528889344e+16,0.9925851821899414,4.456607818603516,0.4564858376979828,4.0001220703125
522,149.25975036621094,0.039682380855083466,0.03699987381696701,0.0026825075037777424,147226.21875,4.938000780125798e+16,4.938000780125798e+16,0.9926124811172485,2.6736369132995605,0.46327152848243713,2.2103652954101562
523,148.86724853515625,0.039603278040885925,0.03692612797021866,0.0026771544944494963,146837.734375,4.931549309750477e+16,4.931549309750477e+16,0.9925893545150757,3.091973066329956,0.47012433409690857,2.6218488216400146
524,148.47450256347656,0.03952137753367424,0.0368497408926487,0.002671632217243314,146449.0625,4.927091992690688e+16,4.927091992690688e+16,0.992515504360199,8.55472469329834,0.477037250995636,8.07768726348877
525,148.08172607421875,0.039438843727111816,0.036772772669792175,0.0026660761795938015,146060.484375,4.92370755846144e+16,4.92370755846144e+16,0.9923908710479736,6.096833229064941,0.4840155243873596,5.612817764282227
526,147.68824768066406,0.03933700919151306,0.03667782247066498,0.0026591913774609566,145672.1875,4.917761176240128e+16,4.917761176240128e+16,0.9922153949737549,1.3554458618164062,0.49105584621429443,0.8643900752067566
527,147.29464721679688,0.0392255038022995,0.036573849618434906,0.002651661168783903,145284.1875,4.91578291430359e+16,4.91578291430359e+16,0.9919887781143188,1.2882503271102905,0.49817267060279846,0.7900776863098145
528,146.90097045898438,0.03911998122930527,0.036475472152233124,0.0026445132680237293,144895.84375,4.910115275459789e+16,4.910115275459789e+16,0.9917112588882446,2.601085662841797,0.5053387880325317,2.0957467555999756
529,146.5076446533203,0.039018888026475906,0.03638117387890816,0.0026377085596323013,144507.46875,4.913649174550938e+16,4.913649174550938e+16,0.9913823008537292,9.753252983093262,0.5125969052314758,9.240655899047852
530,146.11631774902344,0.03897721692919731,0.03634234890341759,0.0026348652318120003,144118.390625,4.903817994410394e+16,4.903817994410394e+16,0.991003155708313,1.0242249965667725,0.5198894739151001,0.5043355822563171
531,145.7299041748047,0.0390184260904789,0.03638071566820145,0.0026377164758741856,143729.515625,4.914697576067891e+16,4.914697576067891e+16,0.9905712008476257,30.44166374206543,0.5272924900054932,29.914371490478516
532,145.34835815429688,0.039187368005514145,0.036538317799568176,0.0026490502059459686,143339.84375,4.898762817903002e+16,4.898762817903002e+16,0.9900891780853271,17.141357421875,0.5347062945365906,16.606651306152344
533,144.96800231933594,0.039346106350421906,0.03668621927499771,0.0026598910335451365,142951.265625,4.91656674583511e+16,4.91656674583511e+16,0.9895545840263367,25.59341812133789,0.5422658324241638,25.0511531829834
534,144.55914306640625,0.03897714614868164,0.03634228557348251,0.0026348563842475414,142561.171875,4.910767680992051e+16,4.910767680992051e+16,0.9889666438102722,0.9192756414413452,0.5498312711715698,0.3694443702697754
535,144.14305114746094,0.03843992203474045,0.03584132716059685,0.002598592545837164,142171.90625,4.911494389458534e+16,4.911494389458534e+16,0.9883310198783875,3.4079740047454834,0.5575019717216492,2.8504719734191895
536,143.76004028320312,0.03857031092047691,0.03596286103129387,0.002607450820505619,141782.328125,4.917273697452032e+16,4.917273697452032e+16,0.9876452684402466,1.8076900243759155,0.5652494430541992,1.2424405813217163
537,143.37879943847656,0.03878054767847061,0.0361589640378952,0.002621584804728627,141390.5625,4.918870566292685e+16,4.918870566292685e+16,0.9868993163108826,2.1725881099700928,0.5730406641960144,1.5995473861694336
538,142.96810913085938,0.03832995891571045,0.03573872894048691,0.0025912229903042316,141002.09375,4.92383683697705e+16,4.92383683697705e+16,0.9861147403717041,26.332130432128906,0.5809406042098999,25.751190185546875
539,142.56387329101562,0.03805144503712654,0.03547908738255501,0.0025723509024828672,140612.0,4.925100845852262e+16,4.925100845852262e+16,0.9852675795555115,4.84843635559082,0.5888923406600952,4.2595438957214355
540,142.1861572265625,0.03831002861261368,0.035720232874155045,0.002589793875813484,140221.296875,4.935383856552346e+16,4.935383856552346e+16,0.9843704104423523,1.291235089302063,0.5969117283821106,0.6943233609199524
541,141.79837036132812,0.038363538682460785,0.03577006235718727,0.0025934784207493067,139830.78125,4.937177864391885e+16,4.937177864391885e+16,0.9834283590316772,1.4245853424072266,0.6050227284431458,0.8195626139640808
542,141.40147399902344,0.03826643154025078,0.03567954897880554,0.0025868823286145926,139438.625,4.949823536601498e+16,4.949823536601498e+16,0.9824276566505432,3.6493067741394043,0.6132074594497681,3.0360991954803467
543,141.0274658203125,0.03862582892179489,0.03601464629173279,0.002611184259876609,139046.59375,4.955346005550694e+16,4.955346005550694e+16,0.9813743233680725,1.261380910873413,0.6214417219161987,0.6399391293525696
544,140.69818115234375,0.03984195366501808,0.03714851289987564,0.0026934449560940266,138656.109375,4.972235534945485e+16,4.972235534945485e+16,0.9802806973457336,23.82061767578125,0.6297876238822937,23.19083023071289
545,140.439453125,0.04253526031970978,0.039659954607486725,0.002875308273360133,138262.9375,4.968725687671194e+16,4.968725687671194e+16,0.9791093468666077,6.276423931121826,0.6381691694259644,5.638254642486572
546,140.34976196289062,0.048551321029663086,0.04526926949620247,0.0032820559572428465,137872.0,5.001464075884954e+16,5.001464075884954e+16,0.9779200553894043,16.513774871826172,0.6466907262802124,15.867083549499512
547,140.71165466308594,0.06367386877536774,0.059369929134845734,0.0043039401061832905,137477.734375,4.990228870935347e+16,4.990228870935347e+16,0.9766415357589722,32.76845932006836,0.6551775336265564,32.11328125
548,142.2763214111328,0.10273146629333496,0.09578775614500046,0.006943708285689354,137088.046875,5.051075672617779e+16,5.051075672617779e+16,0.9753615856170654,119.08734893798828,0.663885235786438,118.4234619140625
549,146.614013671875,0.1973310112953186,0.18399423360824585,0.01333676092326641,136695.5625,5.004040626765824e+16,5.004040626765824e+16,0.9739707112312317,185.80941772460938,0.6723808646202087,185.1370391845703
550,156.96188354492188,0.41180330514907837,0.3839716911315918,0.027831608429551125,136315.671875,5.160924185677005e+16,5.160924185677005e+16,0.9726502895355225,444.69049072265625,0.681216299533844,444.00927734375
551,170.2674102783203,0.6852685809135437,0.6389560103416443,0.0463126078248024,135937.53125,5.041503049508454e+16,5.041503049508454e+16,0.9711941480636597,1603.1993408203125,0.6892165541648865,1602.5101318359375
552,168.50714111328125,0.6567485928535461,0.6123629212379456,0.04438570886850357,135600.03125,5.465756912530227e+16,5.465756912530227e+16,0.9699956774711609,1501.8206787109375,0.6977695822715759,1501.1229248046875
553,143.67816162109375,0.1669580638408661,0.15567417442798615,0.011283895000815392,135261.0,5.489168779260723e+16,5.489168779260723e+16,0.9686118960380554,1437.6636962890625,0.704775869846344,1436.9588623046875
554,148.30868530273438,0.26593178510665894,0.24795818328857422,0.017973612993955612,134951.484375,5.778165102700134e+16,5.778165102700134e+16,0.9673680067062378,282.0707702636719,0.7130540013313293,281.35772705078125
555,144.6142578125,0.19855040311813354,0.1851319670677185,0.013418447226285934,134616.171875,6.433166942692966e+16,6.433166942692966e+16,0.9659320116043091,622.4482421875,0.7206016778945923,621.7276611328125
556,143.59194946289062,0.1844848245382309,0.17201641201972961,0.012468425557017326,134302.625,6.344341865050931e+16,6.344341865050931e+16,0.9647696614265442,163.08778381347656,0.728234052658081,162.3595428466797
557,141.026611328125,0.13929025828838348,0.12987512350082397,0.009415129199624062,133981.046875,6.363033992219853e+16,6.363033992219853e+16,0.9635576605796814,1742.97607421875,0.7349558472633362,1742.2410888671875
558,140.28184509277344,0.1309276670217514,0.12207841873168945,0.00884925201535225,133632.890625,6.803879313906074e+16,6.803879313906074e+16,0.9619812965393066,3451.209228515625,0.743737518787384,3450.465576171875
559,139.13409423828125,0.11536634713411331,0.10756965726613998,0.0077967033721506596,133294.59375,7.054843272442675e+16,7.054843272442675e+16,0.9604825973510742,64.38495635986328,0.7515353560447693,63.6334228515625
560,137.78944396972656,0.0930628851056099,0.08677247911691666,0.006290414370596409,132993.203125,6.953579969511424e+16,6.953579969511424e+16,0.9593632817268372,7356.201171875,0.7584489583969116,7355.44287109375
561,138.50143432617188,0.11537489295005798,0.10757634043693542,0.007798551116138697,132650.390625,6.870269629877453e+16,6.870269629877453e+16,0.9579254388809204,1361.1209716796875,0.7664644122123718,1360.3544921875
562,136.14297485351562,0.075174979865551,0.07009425759315491,0.005080714821815491,132263.359375,7.05465558237184e+16,7.05465558237184e+16,0.9560403823852539,5031.61083984375,0.775306761264801,5030.83544921875
563,137.01356506347656,0.0998692661523819,0.09311911463737488,0.006750143598765135,131921.859375,7.134654072723866e+16,7.134654072723866e+16,0.9544697403907776,2688.353271484375,0.7841952443122864,2687.569091796875
564,135.5174102783203,0.07697583734989166,0.07177209854125977,0.005203736014664173,131588.78125,7.084287420740403e+16,7.084287420740403e+16,0.9530215263366699,899.205322265625,0.7917488813400269,898.41357421875
565,134.4899139404297,0.06367750465869904,0.0593731515109539,0.004304362926632166,131222.765625,6.938703061791539e+16,6.938703061791539e+16,0.9512538313865662,1389.094970703125,0.8001363277435303,1388.2947998046875
566,135.27565002441406,0.08716638386249542,0.08127529919147491,0.005891084671020508,130846.921875,6.871388039361331e+16,6.871388039361331e+16,0.9493216872215271,169.18495178222656,0.8095372319221497,168.3754119873047
567,133.424072265625,0.057453084737062454,0.05356941372156143,0.0038836689200252295,130480.390625,6.911488001520435e+16,6.911488001520435e+16,0.9474814534187317,190.9113006591797,0.8183683753013611,190.09292602539062
568,133.59439086914062,0.06793171167373657,0.06333917379379272,0.004592535551637411,130118.1640625,6.923375182505574e+16,6.923375182505574e+16,0.9455987811088562,1041.220703125,0.8274031281471252,1040.393310546875
569,132.885986328125,0.061485763639211655,0.0573296844959259,0.004156077746301889,129739.765625,6.866813899191091e+16,6.866813899191091e+16,0.943424642086029,325.2174377441406,0.8368455767631531,324.3805847167969
570,132.2510223388672,0.056406401097774506,0.052594054490327835,0.0038123514968901873,129357.2734375,6.780416766561485e+16,6.780416766561485e+16,0.9412215948104858,560.588134765625,0.8464909195899963,559.7416381835938
571,131.66065979003906,0.0523042194545269,0.048768267035484314,0.003535953816026449,128971.625,6.737402239595315e+16,6.737402239595315e+16,0.9390820264816284,645.0398559570312,0.8558269143104553,644.1840209960938
572,131.761474609375,0.062094539403915405,0.05789664387702942,0.0041978987865149975,128588.34375,6.719339754631987e+16,6.719339754631987e+16,0.9368130564689636,119.9014663696289,0.8651480674743652,119.03631591796875
573,130.65306091308594,0.0473928265273571,0.04418917000293732,0.003203663043677807,128210.3671875,6.659502699760845e+16,6.659502699760845e+16,0.9343777298927307,645.7161865234375,0.8756575584411621,644.8405151367188
574,130.38084411621094,0.049873944371938705,0.04650299996137619,0.003370944643393159,127818.3984375,6.652191806429594e+16,6.652191806429594e+16,0.9318132996559143,220.85169982910156,0.885802149772644,219.9658966064453
575,130.0870361328125,0.05173614248633385,0.04823874682188034,0.003497396595776081,127430.1328125,6.630486330205798e+16,6.630486330205798e+16,0.9293346405029297,379.8019104003906,0.8958010673522949,378.9060974121094
576,129.19692993164062,0.041756097227334976,0.0389329232275486,0.0028231737669557333,127038.1484375,6.591019446226125e+16,6.591019446226125e+16,0.9267691969871521,506.43951416015625,0.9059725403785706,505.5335388183594
577,129.06857299804688,0.04732408747076988,0.0441250242292881,0.0031990644056349993,126634.46875,6.543458696377139e+16,6.543458696377139e+16,0.9240343570709229,246.33460998535156,0.9164382815361023,245.4181671142578
578,128.60194396972656,0.04581949859857559,0.042722009122371674,0.0030974855180829763,126240.8828125,6.457229067472077e+16,6.457229067472077e+16,0.921374499797821,550.1024169921875,0.9269729852676392,549.1754150390625
579,128.15577697753906,0.04473796486854553,0.04171338677406311,0.0030245743691921234,125851.21875,6.424404350415667e+16,6.424404350415667e+16,0.9186586141586304,341.80413818359375,0.9374493360519409,340.86669921875
580,127.74651336669922,0.044429048895835876,0.04142565280199051,0.0030033946968615055,125457.3671875,6.364392490375578e+16,6.364392490375578e+16,0.9157398343086243,404.46697998046875,0.9488489627838135,403.51812744140625
581,127.62213134765625,0.050212562084198,0.04681875929236412,0.0033938069827854633,125046.6171875,6.34038104621056e+16,6.34038104621056e+16,0.9127023220062256,148.1678009033203,0.9596301913261414,147.2081756591797
582,127.14988708496094,0.048641387373209,0.04535293206572533,0.003288456704467535,124650.8984375,6.200143921545216e+16,6.200143921545216e+16,0.9099994897842407,491.2837829589844,0.9705761671066284,490.3132019042969
583,127.50259399414062,0.06418688595294952,0.059847600758075714,0.00433928519487381,124230.2421875,6.17243665802199e+16,6.17243665802199e+16,0.907034158706665,128.24642944335938,0.9811389446258545,127.26529693603516
584,128.0544891357422,0.08314569294452667,0.07752540707588196,0.005620288196951151,123835.2421875,6.061106810742374e+16,6.061106810742374e+16,0.9039947986602783,133.6549530029297,0.9934736490249634,132.66148376464844
585,130.3140411376953,0.1361510157585144,0.12694963812828064,0.00920139066874981,123438.5625,6.10330915939287e+16,6.10330915939287e+16,0.9007622599601746,687.4385375976562,1.0039469003677368,686.4345703125
586,134.58792114257812,0.2289208620786667,0.21344894170761108,0.015471919439733028,123080.6796875,5.886432638297702e+16,5.886432638297702e+16,0.8982288837432861,232.46502685546875,1.0161383152008057,231.44888305664062
587,140.61273193359375,0.3584793508052826,0.3342520296573639,0.02422727830708027,122626.7890625,6.077583593780019e+16,6.077583593780019e+16,0.8949103951454163,118.50582885742188,1.0251874923706055,117.48064422607422
588,140.58938598632812,0.36485522985458374,0.34019601345062256,0.024659205228090286,122267.296875,5.85124912520233e+16,5.85124912520233e+16,0.8927652835845947,2079.41455078125,1.0376415252685547,2078.376953125
589,128.71682739257812,0.1354101449251175,0.1262580305337906,0.009152127429842949,121883.015625,5.973653116157952e+16,5.973653116157952e+16,0.8897504210472107,357.49798583984375,1.0458333492279053,356.4521484375
590,124.54789733886719,0.0588650219142437,0.05488622561097145,0.003978794440627098,121539.8828125,5.873280589443891e+16,5.873280589443891e+16,0.887281060218811,603.0899047851562,1.0560754537582397,602.0338134765625
591,130.19236755371094,0.17902223765850067,0.16692288219928741,0.012099377810955048,121182.1484375,5.724312225762509e+16,5.724312225762509e+16,0.884909987449646,186.26702880859375,1.0676093101501465,185.1994171142578
592,123.8351821899414,0.05990594998002052,0.05585620179772377,0.004049751441925764,120778.375,5.883919652932813e+16,5.883919652932813e+16,0.8819018602371216,266.5610656738281,1.0771632194519043,265.4839172363281
593,125.57496643066406,0.10214748978614807,0.09524298459291458,0.006904509849846363,120406.6953125,5.925006169079808e+16,5.925006169079808e+16,0.8789848685264587,163.79147338867188,1.0876259803771973,162.70384216308594
594,124.48888397216797,0.08723036199808121,0.08133437484502792,0.005895976908504963,120068.7890625,5.754609784061952e+16,5.754609784061952e+16,0.8763465285301208,102.2518539428711,1.099684715270996,101.15216827392578
595,122.92354583740234,0.06328654289245605,0.05900866538286209,0.004277877975255251,119697.9765625,5.762902077420339e+16,5.762902077420339e+16,0.873389482498169,360.4573059082031,1.1109321117401123,359.34637451171875
596,123.74713897705078,0.08760131150484085,0.0816798210144043,0.005921481177210808,119304.984375,5.910472429246874e+16,5.910472429246874e+16,0.8701705932617188,297.85528564453125,1.1215838193893433,296.73370361328125
597,121.57585906982422,0.051518503576517105,0.04803576320409775,0.0034827422350645065,118936.1328125,5.936414031714714e+16,5.936414031714714e+16,0.8670603036880493,442.2950744628906,1.133543610572815,441.1615295410156
598,122.53087615966797,0.07778123766183853,0.07252400368452072,0.005257246550172567,118579.21875,5.86629138916311e+16,5.86629138916311e+16,0.8639653325080872,393.0986328125,1.1462616920471191,391.9523620605469
599,120.68357849121094,0.0482749417424202,0.04501140117645264,0.003263538470491767,118204.1640625,5.867019815616512e+16,5.867019815616512e+16,0.8607304692268372,699.22998046875,1.1579176187515259,698.0720825195312
600,121.20890808105469,0.06664451956748962,0.06213926523923874,0.004505267832428217,117810.703125,5.965508999171277e+16,5.965508999171277e+16,0.85728919506073,631.5029907226562,1.1693251132965088,630.3336791992188
601,119.92078399658203,0.048587143421173096,0.045302607119083405,0.003284535836428404,117425.109375,6.030274529014579e+16,6.030274529014579e+16,0.8537696599960327,600.6461181640625,1.182005524635315,599.464111328125
602,119.92578887939453,0.056078244000673294,0.05228757858276367,0.003790666116401553,117058.5625,5.97369778381783e+16,5.97369778381783e+16,0.8503382802009583,357.0539245605469,1.1953178644180298,355.8586120605469
603,119.22396087646484,0.049362752586603165,0.04602552205324173,0.0033372361212968826,116687.5078125,5.906252194381824e+16,5.906252194381824e+16,0.846919596195221,924.6481323242188,1.207497477531433,923.4406127929688
604,118.67972564697266,0.04662511497735977,0.04347315430641174,0.003151955781504512,116285.9609375,5.980070656291635e+16,5.980070656291635e+16,0.8430710434913635,270.7066955566406,1.2197794914245605,269.4869079589844
605,118.4431381225586,0.0497710220515728,0.046406712383031845,0.003364314790815115,115886.2109375,6.071329691900314e+16,6.071329691900314e+16,0.8391754627227783,766.295654296875,1.232757568359375,765.0629272460938
606,117.62596893310547,0.04107574000954628,0.03829850256443024,0.002777231391519308,115511.234375,5.974412895872614e+16,5.974412895872614e+16,0.8355763554573059,119.54661560058594,1.2459602355957031,118.3006591796875
607,117.57698059082031,0.047628290951251984,0.04440814629197121,0.0032201483845710754,115129.4296875,5.865348214344909e+16,5.865348214344909e+16,0.8317568302154541,747.594970703125,1.2594021558761597,746.3355712890625
608,116.62177276611328,0.03667968511581421,0.034200139343738556,0.00247954367659986,114727.421875,5.933167465935667e+16,5.933167465935667e+16,0.8275231122970581,102.71246337890625,1.2730190753936768,101.43944549560547
609,116.69200897216797,0.045986589044332504,0.04287812486290932,0.003108460223302245,114326.453125,6.016836864835584e+16,6.016836864835584e+16,0.8233414888381958,605.3270874023438,1.2866451740264893,604.0404663085938
610,115.68999481201172,0.033879753202199936,0.03158881515264511,0.0022909389808773994,113935.890625,5.884627893039923e+16,5.884627893039923e+16,0.8194031715393066,126.71868133544922,1.300473690032959,125.41820526123047
611,115.7437973022461,0.04275969788432121,0.0398685485124588,0.002891145646572113,113541.796875,5.776491783441613e+16,5.776491783441613e+16,0.8152615427970886,624.75146484375,1.3149449825286865,623.4365234375
612,114.81568908691406,0.03241465985774994,0.03022332675755024,0.0021913358941674232,113135.140625,5.85385788833792e+16,5.85385788833792e+16,0.8106319904327393,126.92352294921875,1.3299356698989868,125.59358978271484
613,114.78308868408203,0.039834387600421906,0.037141647189855576,0.002692742506042123,112729.1875,5.883436898608742e+16,5.883436898608742e+16,0.8061073422431946,333.3162536621094,1.3444364070892334,331.9718322753906
614,113.99508666992188,0.03214387223124504,0.029970241710543633,0.0021736337803304195,112328.6328125,5.756804082853478e+16,5.756804082853478e+16,0.8019745349884033,168.46395874023438,1.3588511943817139,167.1051025390625
615,113.91963195800781,0.0387747585773468,0.03615323081612587,0.0026215307880192995,111920.40625,5.695656633460326e+16,5.695656633460326e+16,0.7972866296768188,353.4860534667969,1.3743995428085327,352.1116638183594
616,113.56844329833984,0.03999829664826393,0.037293992936611176,0.0027042992878705263,111509.140625,5.744526059844403e+16,5.744526059844403e+16,0.7930058240890503,193.98080444335938,1.3880375623703003,192.5927734375
617,113.49213409423828,0.04677464812994003,0.04361311346292496,0.003161535132676363,111094.265625,5.670293992583987e+16,5.670293992583987e+16,0.7879783511161804,243.09776306152344,1.403671383857727,241.694091796875
618,112.98219299316406,0.044655777513980865,0.04163646325469017,0.003019310999661684,110690.515625,5.605177134415872e+16,5.605177134415872e+16,0.7840953469276428,282.8642883300781,1.4175693988800049,281.44671630859375
619,112.3058090209961,0.03958183899521828,0.03690586984157562,0.002675970084965229,110270.25,5.528203589530419e+16,5.528203589530419e+16,0.7793630957603455,117.70919036865234,1.4329472780227661,116.2762451171875
620,111.63678741455078,0.03440498933196068,0.032078828662633896,0.002326162066310644,109860.34375,5.511890015250022e+16,5.511890015250022e+16,0.774762749671936,106.06959533691406,1.447772741317749,104.621826171875
621,111.34278869628906,0.03692120686173439,0.03442523628473282,0.002495975000783801,109440.484375,5.438140702313677e+16,5.438140702313677e+16,0.7701233625411987,185.1297149658203,1.4626976251602173,183.66702270507812
622,110.69755554199219,0.03240292891860008,0.030212262645363808,0.0021906665060669184,109022.0078125,5.376803844862771e+16,5.376803844862771e+16,0.7654238343238831,163.02346801757812,1.4786584377288818,161.54481506347656
623,110.51143646240234,0.03698061779141426,0.03447999432682991,0.0025006288196891546,108607.5234375,5.370762114367488e+16,5.370762114367488e+16,0.7608010172843933,116.96429443359375,1.4944287538528442,115.46986389160156
624,110.1108169555664,0.03755837306380272,0.035019274801015854,0.002539095003157854,108178.28125,5.313632606879744e+16,5.313632606879744e+16,0.7558836340904236,147.13807678222656,1.510292410850525,145.62777709960938
625,109.67957305908203,0.0371953584253788,0.03468075767159462,0.0025145960971713066,107765.4140625,5.280986989959578e+16,5.280986989959578e+16,0.7510758638381958,158.30393981933594,1.5267292261123657,156.77720642089844
626,108.90840148925781,0.030312860384583473,0.02826347015798092,0.0020493885967880487,107338.546875,5.271742502351667e+16,5.271742502351667e+16,0.746166467666626,149.07696533203125,1.5430715084075928,147.5338897705078
627,108.542724609375,0.03148432821035385,0.029355276376008987,0.00212904904037714,106914.9765625,5.255321124392141e+16,5.255321124392141e+16,0.7413845658302307,97.91783905029297,1.559466004371643,96.3583755493164
628,108.1195297241211,0.03158188983798027,0.029446538537740707,0.0021353508345782757,106487.109375,5.212779473325261e+16,5.212779473325261e+16,0.7363848686218262,119.98529815673828,1.5762852430343628,118.40901184082031
629,107.59738159179688,0.02967558428645134,0.02766924910247326,0.0020063358824700117,106060.4375,5.203046218439066e+16,5.203046218439066e+16,0.731372058391571,112.87055206298828,1.5927244424819946,111.27782440185547
630,107.19824981689453,0.03014453686773777,0.028106272220611572,0.002038264414295554,105638.03125,5.202054510490419e+16,5.202054510490419e+16,0.7264482975006104,97.10195922851562,1.6096967458724976,95.49226379394531
631,106.9248046875,0.03339415416121483,0.031136494129896164,0.002257660496979952,105202.3828125,5.170382562656256e+16,5.170382562656256e+16,0.721392810344696,100.89065551757812,1.6267400979995728,99.263916015625
632,106.60691833496094,0.035596370697021484,0.0331893265247345,0.002407040214166045,104774.1328125,5.171500542643405e+16,5.171500542643405e+16,0.7164286971092224,125.14801025390625,1.6432973146438599,123.50471496582031
633,106.26446533203125,0.03744816407561302,0.03491676598787308,0.00253139715641737,104339.3828125,5.158987155426509e+16,5.158987155426509e+16,0.7111870050430298,108.26932525634766,1.660627841949463,106.60869598388672
634,105.99217987060547,0.040364690124988556,0.0376354455947876,0.0027292503509670496,103920.875,5.155349747623526e+16,5.155349747623526e+16,0.7063130736351013,150.73130798339844,1.677856206893921,149.05345153808594
635,105.9232406616211,0.047872330993413925,0.044636454433202744,0.0032358767930418253,103477.109375,5.13540606698455e+16,5.13540606698455e+16,0.7010289430618286,116.05681610107422,1.6950485706329346,114.36177062988281
636,106.2828369140625,0.06342807412147522,0.05913998559117317,0.004288095980882645,103058.8515625,5.165459241644851e+16,5.165459241644851e+16,0.6960498094558716,93.23750305175781,1.7125824689865112,91.52491760253906
637,107.17947387695312,0.09025456756353378,0.08415479958057404,0.0060997698456048965,102614.6875,5.11792597958656e+16,5.11792597958656e+16,0.6907311677932739,87.70022583007812,1.7298641204833984,85.9703598022461
638,109.2316665649414,0.13925676047801971,0.12984347343444824,0.00941329076886177,102214.390625,5.147826682907853e+16,5.147826682907853e+16,0.6859903931617737,296.1084289550781,1.7477489709854126,294.3606872558594
639,113.11676025390625,0.22611282765865326,0.21083234250545502,0.015280486084520817,101755.21875,5.088647187529728e+16,5.088647187529728e+16,0.6804501414299011,500.62347412109375,1.7648553848266602,498.8586120605469
640,117.4543685913086,0.3203333914279938,0.2986820936203003,0.02165130525827408,101381.8515625,5.095326291171738e+16,5.095326291171738e+16,0.6761779189109802,488.48187255859375,1.782308578491211,486.6995544433594
641,118.34786987304688,0.3471766412258148,0.3237147033214569,0.023461896926164627,100930.953125,5.010096960149914e+16,5.010096960149914e+16,0.6710582971572876,797.1409912109375,1.7985107898712158,795.3424682617188
642,109.28176879882812,0.1728038638830185,0.1611233353614807,0.011680526658892632,100578.421875,4.954107766479258e+16,4.954107766479258e+16,0.6671084761619568,1361.4107666015625,1.8151016235351562,1359.595703125
643,101.95132446289062,0.034731730818748474,0.032383423298597336,0.002348308451473713,100163.6171875,4.905137837860454e+16,4.905137837860454e+16,0.6625873446464539,206.3761749267578,1.8307416439056396,204.54544067382812
644,106.10650634765625,0.1256689876317978,0.11717604100704193,0.008492936380207539,99756.375,4.87000930034647e+16,4.87000930034647e+16,0.6579091548919678,1798.108642578125,1.8470255136489868,1796.2615966796875
645,104.89818572998047,0.10828892141580582,0.10096879303455353,0.007320116274058819,99395.4296875,4.812128173581926e+16,4.812128173581926e+16,0.653768002986908,4018.922119140625,1.8635532855987549,4017.05859375
646,101.04679870605469,0.04033168777823448,0.037604641169309616,0.0027270454447716475,98980.8671875,4.826742229303296e+16,4.826742229303296e+16,0.6491893529891968,106.48731994628906,1.8795292377471924,104.6077880859375
647,103.88599395751953,0.10403655469417572,0.09700524061918259,0.0070313154719769955,98564.59375,4.884639676943565e+16,4.884639676943565e+16,0.6442413926124573,7072.29052734375,1.8962551355361938,7070.39404296875
648,100.44811248779297,0.04369679465889931,0.04074238985776901,0.002954406663775444,98196.1328125,4.823588864314573e+16,4.823588864314573e+16,0.6397934556007385,1890.3372802734375,1.91321861743927,1888.424072265625
649,101.3607406616211,0.06927821040153503,0.06459469348192215,0.004683511797338724,97800.46875,4.827269651287245e+16,4.827269651287245e+16,0.6352162957191467,4807.8134765625,1.9304349422454834,4805.8828125
650,100.54048919677734,0.06070052459836006,0.0565975084900856,0.004103010054677725,97374.359375,4.909088778276045e+16,4.909088778276045e+16,0.6300772428512573,8200.7353515625,1.947849988937378,8198.787109375
651,99.27860260009766,0.0447731539607048,0.041746336966753006,0.0030268155969679356,96981.15625,4.895806162416435e+16,4.895806162416435e+16,0.6251434087753296,982.6812133789062,1.9652738571166992,980.7159423828125
652,99.93177795410156,0.06349020451307297,0.05919810011982918,0.0042921071872115135,96599.1484375,4.86029279583273e+16,4.86029279583273e+16,0.620323896408081,10952.2333984375,1.9838693141937256,10950.25
653,98.02601623535156,0.035780467092990875,0.03336106613278389,0.002419393276795745,96185.625,4.866742977717862e+16,4.866742977717862e+16,0.6151224970817566,269.1496887207031,2.002492666244507,267.1471862792969
654,98.82737731933594,0.05833125486969948,0.05438799038529396,0.00394326401874423,95765.203125,4.977252915740672e+16,4.977252915740672e+16,0.6097535490989685,9583.23046875,2.0204102993011475,9581.2099609375
655,97.19705200195312,0.035197459161281586,0.03281799331307411,0.002379463519901037,95368.84375,4.916670684043674e+16,4.916670684043674e+16,0.6044391989707947,1916.6256103515625,2.039670705795288,1914.5859375
656,97.61412048339844,0.05029909685254097,0.04689853638410568,0.0034005618654191494,94976.390625,4.904392231537869e+16,4.904392231537869e+16,0.5991021990776062,7373.1533203125,2.0595293045043945,7371.09375
657,96.35116577148438,0.03412599116563797,0.03181814029812813,0.002307848073542118,94555.28125,4.949729906314445e+16,4.949729906314445e+16,0.5935587286949158,4008.7080078125,2.07855224609375,4006.62939453125
658,96.5506362915039,0.046568796038627625,0.04342072829604149,0.0031480712350457907,94130.921875,4.98423438508032e+16,4.98423438508032e+16,0.587884783744812,4142.50537109375,2.097775459289551,4140.40771484375
659,95.45452880859375,0.032222796231508255,0.03004424460232258,0.002178551396355033,93738.4609375,4.953887005160243e+16,4.953887005160243e+16,0.5822752118110657,5538.92236328125,2.1181507110595703,5536.80419921875
660,95.50613403320312,0.041936974972486496,0.03910147771239281,0.0028355009853839874,93340.2421875,4.92629527625728e+16,4.92629527625728e+16,0.5766769051551819,1977.5731201171875,2.1386640071868896,1975.4344482421875
661,94.60159301757812,0.031943485140800476,0.029783328995108604,0.002160153118893504,92911.6171875,4.985782291293798e+16,4.985782291293798e+16,0.5709891319274902,4294.09912109375,2.1582164764404297,4291.94091796875
662,94.42034149169922,0.03719665855169296,0.034681934863328934,0.0025147246196866035,92497.078125,4.991479565411942e+16,4.991479565411942e+16,0.565191388130188,1351.4522705078125,2.178600311279297,1349.273681640625
663,93.85578918457031,0.0332571417093277,0.031008627265691757,0.0022485144436359406,92108.484375,4.954979215343616e+16,4.954979215343616e+16,0.5595244765281677,3488.69921875,2.1999332904815674,3486.499267578125
664,93.37055206298828,0.032090093940496445,0.029920022934675217,0.002170071005821228,91697.6875,4.960577705213952e+16,4.960577705213952e+16,0.5539466142654419,1874.2803955078125,2.2205309867858887,1872.059814453125
665,92.99532318115234,0.032478827983140945,0.030282795429229736,0.002196031389757991,91270.53125,4.995370805782118e+16,4.995370805782118e+16,0.5481789708137512,5089.1640625,2.2413363456726074,5086.9228515625
666,92.44168090820312,0.030228720977902412,0.028184745460748672,0.0020439724903553724,90867.046875,4.989048613922406e+16,4.989048613922406e+16,0.5424731373786926,1330.485107421875,2.262627601623535,1328.2225341796875
667,92.05754089355469,0.02955690212547779,0.027558375149965286,0.001998524647206068,90463.0,4.997659593854157e+16,4.997659593854157e+16,0.5368850231170654,6671.3125,2.2842965126037598,6669.0283203125
668,91.50516510009766,0.028138209134340286,0.026235496625304222,0.0019027122762054205,90042.9765625,4.984536750777958e+16,4.984536750777958e+16,0.5312605500221252,542.6946411132812,2.3058152198791504,540.3888549804688
669,91.22601318359375,0.029439372941851616,0.02744854986667633,0.001990827964618802,89624.1875,5.020289347040051e+16,5.020289347040051e+16,0.5255733132362366,7965.00390625,2.3273093700408936,7962.6767578125
670,90.56485748291016,0.026114312931895256,0.024348538368940353,0.0017657713033258915,89208.609375,5.002586350839398e+16,5.002586350839398e+16,0.5198913812637329,50.713199615478516,2.3493714332580566,48.363826751708984
671,90.32132720947266,0.027958502992987633,0.02606799826025963,0.0018905071774497628,88796.4609375,5.042682447527936e+16,5.042682447527936e+16,0.5142929553985596,7651.0703125,2.371628761291504,7648.69873046875
672,89.76773834228516,0.026601415127515793,0.02480247989296913,0.0017989332554861903,88377.4140625,5.012481955489382e+16,5.012481955489382e+16,0.5086346864700317,1012.2529907226562,2.3938283920288086,1009.8591918945312
673,89.41104125976562,0.02759396657347679,0.025727957487106323,0.0018660088535398245,87949.890625,5.04921766976553e+16,5.04921766976553e+16,0.5029184222221375,3095.4580078125,2.4158506393432617,3093.042236328125
674,88.92123413085938,0.026555079966783524,0.02475963719189167,0.0017954441718757153,87535.296875,5.041401258783539e+16,5.041401258783539e+16,0.49721866846084595,776.9315795898438,2.4389801025390625,774.4926147460938
675,88.63180541992188,0.028589673340320587,0.026656126603484154,0.0019335466204211116,87122.796875,5.091250796704563e+16,5.091250796704563e+16,0.4915878474712372,2861.01513671875,2.4615190029144287,2858.5537109375
676,88.29081726074219,0.0305386483669281,0.028474142774939537,0.002064507920295,86692.609375,5.066186226558566e+16,5.066186226558566e+16,0.48580366373062134,2061.4228515625,2.4845902919769287,2058.938232421875
677,88.19263458251953,0.03731831535696983,0.03479474037885666,0.0025235700886696577,86272.78125,5.138744545063731e+16,5.138744545063731e+16,0.48013198375701904,254.61795043945312,2.5071613788604736,252.1107940673828
678,88.69261169433594,0.05566945672035217,0.05190672725439072,0.0037627245765179396,85857.8125,5.081408879145779e+16,5.081408879145779e+16,0.47437405586242676,51.32969284057617,2.5315988063812256,48.798095703125
679,90.66917419433594,0.10224386304616928,0.09533202648162842,0.006911829579621553,85435.6484375,5.25596579898327e+16,5.25596579898327e+16,0.46880167722702026,6877.443359375,2.55330228805542,6874.89013671875
680,96.31529998779297,0.22124096751213074,0.20628981292247772,0.014951140619814396,85011.9140625,5.112477384074854e+16,5.112477384074854e+16,0.4630686044692993,19020.796875,2.578744411468506,19018.21875
681,110.28418731689453,0.5086617469787598,0.47428151965141296,0.034380219876766205,84598.6484375,5.460654920879309e+16,5.460654920879309e+16,0.45789721608161926,19784.78515625,2.597778081893921,19782.1875
682,128.24395751953125,0.870928943157196,0.8120726943016052,0.05885631591081619,84196.328125,5.157861015001498e+16,5.157861015001498e+16,0.45302891731262207,44959.61328125,2.6244993209838867,44956.98828125
683,130.67904663085938,0.9232156276702881,0.8608178496360779,0.062397703528404236,83812.1328125,5.836971365420237e+16,5.836971365420237e+16,0.4492035210132599,64776.26171875,2.6358020305633545,64773.625
684,94.83065795898438,0.21742062270641327,0.2027277946472168,0.014692840166389942,83435.6796875,5.473048049011917e+16,5.473048049011917e+16,0.44564366340637207,46920.43359375,2.6579396724700928,46917.77734375
685,96.25680541992188,0.26074641942977905,0.24312487244606018,0.017621546983718872,83087.4921875,5.618149224139981e+16,5.618149224139981e+16,0.44246748089790344,7580.6845703125,2.6721065044403076,7578.0126953125
686,95.86949920654297,0.2415781319141388,0.2252490520477295,0.01632906310260296,82745.765625,6.19746600943616e+16,6.19746600943616e+16,0.4396509528160095,98284.7265625,2.6843607425689697,98282.0390625
687,92.78167724609375,0.20620302855968475,0.1922660917043686,0.013936953619122505,82389.1640625,5.843531498468147e+16,5.843531498468147e+16,0.43663737177848816,2392.611083984375,2.7022669315338135,2389.908935546875
688,94.21066284179688,0.21874064207077026,0.20395644009113312,0.014784217812120914,82060.2265625,6.291412835578675e+16,6.291412835578675e+16,0.4334944188594818,115048.4296875,2.7175753116607666,115045.7109375
689,91.74239349365234,0.195841982960701,0.18260708451271057,0.013234899379312992,81746.1328125,6.344383096736973e+16,6.344383096736973e+16,0.42961493134498596,14070.826171875,2.735527276992798,14068.0908203125
690,93.45105743408203,0.20530277490615845,0.19142742455005646,0.013875345699489117,81420.015625,6.966308964086579e+16,6.966308964086579e+16,0.42757314443588257,169623.359375,2.7499477863311768,169620.609375
691,94.47728729248047,0.25060683488845825,0.23366673290729523,0.01694011315703392,81109.9375,6.653476001651098e+16,6.653476001651098e+16,0.4237646758556366,77047.1640625,2.7669312953948975,77044.3984375
692,89.98310852050781,0.17398813366889954,0.16222736239433289,0.011760767549276352,80782.0390625,6.722785606893568e+16,6.722785606893568e+16,0.4206096827983856,43442.58203125,2.785262107849121,43439.796875
693,91.20458221435547,0.2087887078523636,0.19468015432357788,0.014108567498624325,80487.7890625,6.93563130118144e+16,6.93563130118144e+16,0.41556698083877563,20798.953125,2.8071353435516357,20796.146484375
694,85.2904052734375,0.08775806427001953,0.08182669430971146,0.0059313690289855,80188.421875,6.937405122674688e+16,6.937405122674688e+16,0.41251465678215027,64470.5390625,2.822532892227173,64467.71484375
695,85.71818542480469,0.11276472359895706,0.10514003783464432,0.007624688092619181,79853.7578125,6.984299723096064e+16,6.984299723096064e+16,0.4088236093521118,15635.220703125,2.8410210609436035,15632.3798828125
696,85.8948745727539,0.1125645786523819,0.1049550473690033,0.007609540596604347,79530.375,7.399142024282112e+16,7.399142024282112e+16,0.40383180975914,66228.0546875,2.8623158931732178,66225.1953125
697,84.14456939697266,0.0927007794380188,0.08643629401922226,0.00626448355615139,79234.53125,7.009434301208986e+16,7.009434301208986e+16,0.39912909269332886,20490.521484375,2.8826072216033936,20487.638671875
698,84.2128677368164,0.09456101804971695,0.0881701186299324,0.0063909003511071205,78913.7109375,7.155556819560038e+16,7.155556819560038e+16,0.3940984308719635,49955.2265625,2.9050180912017822,49952.3203125
699,81.993896484375,0.06393731385469437,0.05961420014500618,0.004323115106672049,78562.3984375,7.424513255093043e+16,7.424513255093043e+16,0.3891626298427582,16038.30859375,2.9255518913269043,16035.3828125
700,83.33586120605469,0.09294163435697556,0.08665847778320312,0.006283148657530546,78227.90625,7.647585266512691e+16,7.647585266512691e+16,0.3844088912010193,38438.90234375,2.94612455368042,38435.95703125
701,81.08258056640625,0.05953922122716904,0.055514246225357056,0.004024979658424854,77911.7265625,7.063209439238554e+16,7.063209439238554e+16,0.378994882106781,12325.73046875,2.9710404872894287,12322.759765625
702,80.90815734863281,0.058653347194194794,0.054688625037670135,0.00396471843123436,77574.15625,7.15161446907904e+16,7.15161446907904e+16,0.37318477034568787,32980.93359375,2.9954404830932617,32977.9375
703,81.1745376586914,0.07588500529527664,0.07075592875480652,0.0051290737465023994,77221.296875,7.68863484594094e+16,7.68863484594094e+16,0.3676014244556427,8210.353515625,3.018770694732666,8207.3349609375
704,79.06192016601562,0.037308089435100555,0.03478529676795006,0.0025227926671504974,76882.59375,7.74927978416046e+16,7.74927978416046e+16,0.36242151260375977,23642.720703125,3.043785333633423,23639.677734375
705,79.60746765136719,0.05930960550904274,0.055299777537584305,0.0040098270401358604,76533.5703125,7.173707780849664e+16,7.173707780849664e+16,0.3569474220275879,3667.44140625,3.0696189403533936,3664.371826171875
706,79.15646362304688,0.05423200502991676,0.05056609958410263,0.003665898460894823,76171.140625,7.168288391115571e+16,7.168288391115571e+16,0.3511814475059509,20203.29296875,3.095210075378418,20200.197265625
707,77.76661682128906,0.03744082152843475,0.034909315407276154,0.0025315142702311277,75818.078125,7.40936662342697e+16,7.40936662342697e+16,0.34570223093032837,239.30226135253906,3.1211907863616943,236.1810760498047
708,78.10370635986328,0.046242475509643555,0.04311623051762581,0.0031262424308806658,75453.953125,7.831868569288704e+16,7.831868569288704e+16,0.33997225761413574,25930.560546875,3.1484458446502686,25927.412109375
709,76.92584228515625,0.035408128052949905,0.033014681190252304,0.0023934501223266125,75079.7890625,7.399558636109824e+16,7.399558636109824e+16,0.3343026638031006,163.8645782470703,3.17502498626709,160.68955993652344
710,77.07825469970703,0.039834946393966675,0.037141792476177216,0.002693156711757183,74703.03125,7.101646390060646e+16,7.101646390060646e+16,0.3290385603904724,31246.51953125,3.201371431350708,31243.318359375
711,76.0433120727539,0.032798390835523605,0.03058035299181938,0.00221803761087358,74314.375,7.41275964759081e+16,7.41275964759081e+16,0.3234822452068329,1488.355224609375,3.2289159297943115,1485.1263427734375
712,75.65362548828125,0.028683016076683998,0.026743287220597267,0.0019397292053326964,73934.0546875,7.860522873100698e+16,7.860522873100698e+16,0.3178732991218567,20681.244140625,3.2560694217681885,20677.98828125
713,75.487060546875,0.03672761470079422,0.0342450775206089,0.0024825390428304672,73547.0859375,7.291890677946778e+16,7.291890677946778e+16,0.3123864531517029,3067.353271484375,3.2842280864715576,3064.069091796875
714,74.59452819824219,0.025768961757421494,0.0240272656083107,0.0017416957998648286,73141.875,7.127069589975859e+16,7.127069589975859e+16,0.30704739689826965,9293.2880859375,3.312680959701538,9289.9755859375
715,74.33848571777344,0.030177582055330276,0.028136376291513443,0.0020412057638168335,72746.140625,7.32900778531881e+16,7.32900778531881e+16,0.3020573854446411,1017.195068359375,3.339686632156372,1013.8554077148438
716,73.93838500976562,0.029422342777252197,0.027432309463620186,0.0019900361075997353,72342.0546875,7.362964655754445e+16,7.362964655754445e+16,0.29674994945526123,5158.3076171875,3.3682360649108887,5154.939453125
717,73.2747802734375,0.025438211858272552,0.023718945682048798,0.0017192618688568473,71930.265625,7.103271176188723e+16,7.103271176188723e+16,0.2913157641887665,157.35833740234375,3.3976664543151855,153.96067810058594
718,73.02578735351562,0.02732519619166851,0.02547774277627468,0.0018474573735147715,71531.9375,6.938662259602227e+16,6.938662259602227e+16,0.28636306524276733,5819.779296875,3.426378011703491,5816.35302734375
719,72.24781799316406,0.02128031477332115,0.019840966910123825,0.0014393473975360394,71113.4140625,6.97923638615081e+16,6.97923638615081e+16,0.2813440263271332,58.454193115234375,3.4552416801452637,54.99895095825195
720,72.2283935546875,0.028304260224103928,0.026390615850687027,0.0019136412302032113,70689.2578125,7.059910045361766e+16,7.059910045361766e+16,0.27624744176864624,5331.33984375,3.484274387359619,5327.85546875
721,71.54407501220703,0.02373807691037655,0.022132426500320435,0.0016056521562859416,70286.8203125,6.799236454259098e+16,6.799236454259098e+16,0.2713979482650757,234.91555786132812,3.513866662979126,231.4016876220703
722,70.96109008789062,0.01973486691713333,0.01840037852525711,0.0013344889739528298,69865.484375,6.681163508324762e+16,6.681163508324762e+16,0.2663854658603668,4205.5986328125,3.5438523292541504,4202.0546875
723,70.72749328613281,0.024351995438337326,0.022705834358930588,0.0016461629420518875,69441.3125,6.728658545174118e+16,6.728658545174118e+16,0.26139989495277405,129.99539184570312,3.5739052295684814,126.4214859008789
724,70.22464752197266,0.021886328235268593,0.02040582150220871,0.0014805042883381248,69033.09375,6.746549231445606e+16,6.746549231445606e+16,0.25667309761047363,2977.2001953125,3.603771448135376,2973.596435546875
725,69.81346130371094,0.022791992872953415,0.021250665187835693,0.0015413288492709398,68607.5078125,6.594496222252237e+16,6.594496222252237e+16,0.25181445479393005,39.71315002441406,3.634134292602539,36.079017639160156
726,69.31258392333984,0.020485350862145424,0.019100021570920944,0.0013853275449946523,68186.2109375,6.47496427592745e+16,6.47496427592745e+16,0.2470022737979889,3735.000244140625,3.6651580333709717,3731.335205078125
727,68.8376693725586,0.019956840202212334,0.01860702969133854,0.0013498105108737946,67773.515625,6.540656659713229e+16,6.540656659713229e+16,0.24224838614463806,89.74382781982422,3.695803642272949,86.04802703857422
728,68.4837646484375,0.020663024857640266,0.01926596462726593,0.0013970615109428763,67350.203125,6.561106287499674e+16,6.561106287499674e+16,0.23742108047008514,3479.739013671875,3.727248191833496,3476.01171875
729,67.97859191894531,0.019551383331418037,0.018229084089398384,0.0013222983106970787,66929.640625,6.41210657055703e+16,6.41210657055703e+16,0.2328321933746338,726.5252685546875,3.7583370208740234,722.7669067382812
730,67.64378356933594,0.021182401105761528,0.01974961720407009,0.001432780409231782,66507.6484375,6.400019244095898e+16,6.400019244095898e+16,0.2282637059688568,1300.5328369140625,3.7897040843963623,1296.7431640625
731,67.08758544921875,0.0186613779515028,0.01739930361509323,0.0012620746856555343,66088.09375,6.38850572526551e+16,6.38850572526551e+16,0.22362317144870758,253.20521545410156,3.8219950199127197,249.3832244873047
732,66.75401306152344,0.02033119834959507,0.018956465646624565,0.001374731888063252,65666.8828125,6.412253458438554e+16,6.412253458438554e+16,0.21903246641159058,643.728271484375,3.85351824760437,639.874755859375
733,66.28024291992188,0.01945849508047104,0.01814240776002407,0.00131608743686229,65243.67578125,6.357491766421094e+16,6.357491766421094e+16,0.21456314623355865,7.1640706062316895,3.8861515522003174,3.277919054031372
734,65.85189056396484,0.01890643686056137,0.01762765645980835,0.0012787816813215613,64823.96484375,6.338142079759155e+16,6.338142079759155e+16,0.21017007529735565,1921.779541015625,3.918196678161621,1917.861328125
735,65.43116760253906,0.019310880452394485,0.018004953861236572,0.0013059295015409589,64398.53125,6.36931795887063e+16,6.36931795887063e+16,0.20565617084503174,339.28436279296875,3.9508843421936035,335.3334655761719
736,64.97271728515625,0.018381966277956963,0.017138496041297913,0.0012434680247679353,63982.1875,6.360973266911232e+16,6.360973266911232e+16,0.20131422579288483,782.1243896484375,3.9838180541992188,778.1405639648438
737,64.56963348388672,0.01883370615541935,0.017560098320245743,0.0012736031785607338,63560.72265625,6.354019714859008e+16,6.354019714859008e+16,0.19692738354206085,368.534912109375,4.016627788543701,364.5182800292969
738,64.11874389648438,0.01820206083357334,0.01697097159922123,0.001231093076057732,63140.5859375,6.344464701115597e+16,6.344464701115597e+16,0.19261491298675537,460.3688049316406,4.050142765045166,456.31866455078125
739,63.7723274230957,0.019569745287299156,0.01824607141315937,0.0013236735248938203,62728.23046875,6.370207017100902e+16,6.370207017100902e+16,0.18840254843235016,190.4470672607422,4.083011627197266,186.3640594482422
740,63.365814208984375,0.019708145409822464,0.01837524026632309,0.00133290677331388,62310.32421875,6.363629274687078e+16,6.363629274687078e+16,0.1841120719909668,644.3844604492188,4.116901397705078,640.267578125
741,63.01271057128906,0.020791180431842804,0.019384978339076042,0.001406203955411911,61901.2265625,6.385133316944691e+16,6.385133316944691e+16,0.1799623668193817,807.0130004882812,4.150218486785889,802.86279296875
742,62.66138458251953,0.02207707054913044,0.02058424800634384,0.0014928217278793454,61493.59765625,6.373681645643366e+16,6.373681645643366e+16,0.17575247585773468,19.342533111572266,4.184779167175293,15.157752990722656
743,62.43059158325195,0.025600619614124298,0.023869536817073822,0.0017310784896835685,61085.68359375,6.42993111433216e+16,6.42993111433216e+16,0.17168956995010376,57.54015350341797,4.217715740203857,53.32243728637695
744,62.43935012817383,0.033740874379873276,0.03145911172032356,0.002281760098412633,60682.66796875,6.386549797158912e+16,6.386549797158912e+16,0.16762761771678925,577.2914428710938,4.2533063888549805,573.0381469726562
745,63.08949279785156,0.054582033306360245,0.050892800092697144,0.0036892287898808718,60282.35546875,6.507454415031501e+16,6.507454415031501e+16,0.16358554363250732,1295.287841796875,4.285601615905762,1291.002197265625
746,65.50717163085938,0.11116951704025269,0.10365493595600128,0.007514581549912691,59884.08984375,6.364298860088525e+16,6.364298860088525e+16,0.15963679552078247,95.49380493164062,4.323488712310791,91.17031860351562
747,72.47174072265625,0.25828585028648376,0.2408304661512375,0.017455393448472023,59488.65234375,6.683944499648922e+16,6.683944499648922e+16,0.15579980611801147,195.56759643554688,4.352099895477295,191.2154998779297
748,87.621826171875,0.5689371824264526,0.5304844975471497,0.03845265880227089,59111.15625,6.313969574320538e+16,6.313969574320538e+16,0.15234501659870148,66.7314453125,4.393284797668457,62.33816146850586
749,107.5946044921875,0.9755704998970032,0.9096412062644958,0.06592929363250732,58742.390625,6.987304052719616e+16,6.987304052719616e+16,0.14893870055675507,381.55255126953125,4.413020610809326,377.1395263671875
750,96.24919128417969,0.755152702331543,0.7041152715682983,0.051037438213825226,58408.55859375,6.593221905455514e+16,6.593221905455514e+16,0.1468009650707245,1705.8511962890625,4.45118522644043,1701.4000244140625
751,68.33045959472656,0.19873252511024475,0.18530072271823883,0.013431805185973644,58148.828125,6.38240687170519e+16,6.38240687170519e+16,0.14478707313537598,18117.23828125,4.4706244468688965,18112.767578125
752,78.34131622314453,0.40429362654685974,0.37697169184684753,0.027321912348270416,57765.51171875,6.698748822421504e+16,6.698748822421504e+16,0.14223895967006683,29413.861328125,4.491940498352051,29409.369140625
753,71.70707702636719,0.28163382411003113,0.2625971734523773,0.019036639481782913,57461.45703125,6.177833284429414e+16,6.177833284429414e+16,0.1406925469636917,10215.2841796875,4.523234844207764,10210.7607421875
754,84.14598846435547,0.5366535782814026,0.5003836750984192,0.036269910633563995,57241.62890625,6.307924837348147e+16,6.307924837348147e+16,0.1389257311820984,859.6111450195312,4.538858413696289,855.072265625
755,108.66992950439453,1.0322434902191162,0.9624855518341064,0.06975790858268738,56835.90234375,5.882074105485722e+16,5.882074105485722e+16,0.136455699801445,16303.0048828125,4.5649824142456055,16298.439453125
756,143.01043701171875,1.695414662361145,1.5808296203613281,0.11458498984575272,56522.6328125,6.780319270803866e+16,6.780319270803866e+16,0.13604219257831573,164926.78125,4.57264518737793,164922.203125
757,135.7324981689453,1.5367988348007202,1.432944893836975,0.10385407507419586,56396.8203125,7.115607610753024e+16,7.115607610753024e+16,0.13437935709953308,242458.296875,4.593583106994629,242453.703125
758,94.05655670166016,0.748740017414093,0.6981362104415894,0.05060374364256859,56208.61328125,7.537081770940826e+16,7.537081770940826e+16,0.13659226894378662,33557.19140625,4.587181091308594,33552.60546875
759,133.6690673828125,1.5326035022735596,1.4290231466293335,0.10358041524887085,55963.39453125,1.2832629559027302e+17,1.2832629559027302e+17,0.13600648939609528,94717.984375,4.583582401275635,94713.3984375
760,107.38231658935547,0.9873363971710205,0.9206053018569946,0.0667310580611229,55862.91015625,1.9059161330142413e+17,1.9059161330142413e+17,0.13802699744701385,196199.203125,4.5881242752075195,196194.609375
761,119.05435180664062,1.260533332824707,1.175349473953247,0.08518393337726593,55831.95703125,1.7001987100481946e+17,1.7001987100481946e+17,0.13844361901283264,2570.439697265625,4.57866907119751,2565.861083984375
762,80.60271453857422,0.4927007853984833,0.45940151810646057,0.033299267292022705,55765.05859375,2.0169645740366234e+17,2.0169645740366234e+17,0.14054758846759796,91.36054992675781,4.5727458000183105,86.78780364990234
763,95.40843963623047,0.7912076711654663,0.7377305030822754,0.053477197885513306,55600.7578125,2.0663792035692544e+17,2.0663792035692544e+17,0.1418096423149109,4065.330078125,4.571061134338379,4060.759033203125
764,86.54354095458984,0.5984008312225342,0.5579573512077332,0.04044352099299431,55562.13671875,1.836208126605394e+17,1.836208126605394e+17,0.1425923854112625,87773.6640625,4.568396091461182,87769.09375
765,76.42192840576172,0.39436036348342896,0.36770668625831604,0.026653697714209557,55610.95703125,2.2561427128162714e+17,2.2561427128162714e+17,0.1427050530910492,86733.40625,4.57210111618042,86728.8359375
766,85.98419189453125,0.5847720503807068,0.5452527403831482,0.039519283920526505,55555.76953125,2.4009025239436493e+17,2.4009025239436493e+17,0.14098821580410004,94973.3515625,4.584723949432373,94968.765625
767,66.5736312866211,0.17117801308631897,0.15961016714572906,0.01156785897910595,55454.3046875,2.145297509646336e+17,2.145297509646336e+17,0.13976699113845825,234589.140625,4.593799591064453,234584.546875
768,80.90442657470703,0.500684916973114,0.46684184670448303,0.033843062818050385,55406.78125,2.3639180451617178e+17,2.3639180451617178e+17,0.13940323889255524,22700.708984375,4.599374294281006,22696.109375
769,66.87826538085938,0.1789308488368988,0.16683287918567657,0.01209795568138361,55390.203125,2.6153777288236237e+17,2.6153777288236237e+17,0.13727885484695435,227998.609375,4.610677719116211,227994.0
770,69.53030395507812,0.2742416262626648,0.25570985674858093,0.01853175088763237,55330.94140625,1.9280389941598618e+17,1.9280389941598618e+17,0.1332501620054245,29447.875,4.631299018859863,29443.244140625
771,70.09214782714844,0.2542954683303833,0.23711231350898743,0.017183145508170128,55246.2578125,1.800055153491968e+17,1.800055153491968e+17,0.13019639253616333,195110.578125,4.649454593658447,195105.921875
772,62.68475341796875,0.09745162725448608,0.09086291491985321,0.006588710471987724,55161.890625,1.996720503384965e+17,1.996720503384965e+17,0.1285010427236557,245060.765625,4.660706520080566,245056.109375
773,66.58781433105469,0.21922935545444489,0.20440822839736938,0.014821117743849754,55068.296875,1.8685478559547392e+17,1.8685478559547392e+17,0.12617537379264832,37119.015625,4.675273895263672,37114.33984375
774,63.84584045410156,0.10579182207584381,0.09864027053117752,0.007151555735617876,54974.4921875,1.9335607759142912e+17,1.9335607759142912e+17,0.12276188284158707,338839.5625,4.699582099914551,338834.875
775,60.66973876953125,0.11241649091243744,0.10482054948806763,0.007595938164740801,54874.51953125,1.6951995399143424e+17,1.6951995399143424e+17,0.11951887607574463,486.9916076660156,4.728170394897461,482.263427734375
776,63.66611099243164,0.12940016388893127,0.12065575271844864,0.008744411170482635,54732.8125,1.8587269837357056e+17,1.8587269837357056e+17,0.1170363575220108,227741.734375,4.753495216369629,227736.984375
777,59.70292663574219,0.09413126856088638,0.08776865899562836,0.006362614221870899,54556.0234375,1.6094302456040653e+17,1.6094302456040653e+17,0.11462191492319107,27939.5703125,4.776082515716553,27934.794921875
778,58.88116455078125,0.07234690338373184,0.0674559623003006,0.004890950862318277,54383.625,1.676401842449285e+17,1.676401842449285e+17,0.11184971034526825,71254.9921875,4.802212715148926,71250.1875
779,60.96337127685547,0.12224312871694565,0.11397932469844818,0.008263802155852318,54204.37890625,1.7167269467940454e+17,1.7167269467940454e+17,0.10903403908014297,47516.0859375,4.833056449890137,47511.25390625
780,56.73579788208008,0.0510513074696064,0.04759984463453293,0.0034514584112912416,53978.265625,1.5818177290593894e+17,1.5818177290593894e+17,0.10613010823726654,4678.27001953125,4.864309310913086,4673.40576171875
781,58.21218490600586,0.07413346320390701,0.06912463158369064,0.005008826497942209,53718.328125,1.5385481669351834e+17,1.5385481669351834e+17,0.10313351452350616,63332.578125,4.894603729248047,63327.68359375
782,57.6576042175293,0.08003194630146027,0.07462344318628311,0.005408509634435177,53462.2421875,1.588820071940096e+17,1.588820071940096e+17,0.10045304149389267,3487.669189453125,4.925843715667725,3482.743408203125
783,55.551292419433594,0.02888917550444603,0.02693551778793335,0.0019536551553756,53183.45703125,1.720417698090844e+17,1.720417698090844e+17,0.09769667685031891,75133.25,4.958310604095459,75128.2890625
784,56.21711730957031,0.06109525263309479,0.0569659061729908,0.004129351582378149,52860.265625,1.64517416603222e+17,1.64517416603222e+17,0.09467744827270508,13756.998046875,4.990743160247803,13752.0068359375
785,55.67154312133789,0.04357470944523811,0.040628544986248016,0.0029461570084095,52527.53515625,1.6786123762171904e+17,1.6786123762171904e+17,0.09198221564292908,79740.90625,5.0236358642578125,79735.8828125
786,53.86845397949219,0.027709079906344414,0.02583436295390129,0.0018747181165963411,52189.96484375,1.6303809242752614e+17,1.6303809242752614e+17,0.08941224217414856,12999.841796875,5.058836460113525,12994.783203125
787,54.73900604248047,0.0429699681699276,0.040066514164209366,0.0029034533072263002,51822.078125,1.6239836563872154e+17,1.6239836563872154e+17,0.08644308149814606,60603.0859375,5.096860885620117,60597.98828125
788,53.58259201049805,0.038204941898584366,0.03562435507774353,0.0025805842597037554,51437.9453125,1.455196252017787e+17,1.455196252017787e+17,0.08354772627353668,8888.0126953125,5.135140419006348,8882.8779296875
789,52.96628952026367,0.028522919863462448,0.026594122871756554,0.0019287964096292853,51057.5234375,1.4487474445221888e+17,1.4487474445221888e+17,0.08107253164052963,33774.2109375,5.171019077301025,33769.0390625
790,52.708168029785156,0.036636341363191605,0.03415829315781593,0.002478049835190177,50665.515625,1.4398235332732518e+17,1.4398235332732518e+17,0.07864432036876678,6684.73974609375,5.206878662109375,6679.53271484375
791,52.278663635253906,0.035129379481077194,0.032754089683294296,0.0023752907291054726,50255.97265625,1.399650384871424e+17,1.399650384871424e+17,0.07606469839811325,12625.4423828125,5.24690055847168,12620.1953125
792,51.31071472167969,0.02520066872239113,0.023497290909290314,0.0017033801414072514,49852.66015625,1.3065744062978458e+17,1.3065744062978458e+17,0.07340952754020691,6736.47412109375,5.2892961502075195,6731.18505859375
793,51.27828598022461,0.0331537090241909,0.030913321301341057,0.002240388188511133,49462.9140625,1.2288420265905357e+17,1.2288420265905357e+17,0.07081929594278336,3480.225830078125,5.329612731933594,3474.896240234375
794,50.750701904296875,0.03015388548374176,0.028115592896938324,0.002038293983787298,49067.68359375,1.1833346147064218e+17,1.1833346147064218e+17,0.06847021728754044,5699.34033203125,5.368985176086426,5693.97119140625
795,49.7292366027832,0.018923019990324974,0.017643161118030548,0.0012798607349395752,48662.265625,1.1649783539800474e+17,1.1649783539800474e+17,0.06625471264123917,431.944580078125,5.409861087799072,426.53472900390625
796,50.077850341796875,0.0331340916454792,0.03089391253888607,0.0022401793394237757,48265.01953125,1.1509012550700237e+17,1.1509012550700237e+17,0.06399507820606232,4103.3701171875,5.450697898864746,4097.91943359375
797,49.04637145996094,0.021141670644283295,0.019711453467607498,0.0014302211347967386,47878.5390625,1.1018662147470131e+17,1.1018662147470131e+17,0.06172294169664383,56.21869659423828,5.4912495613098145,50.727447509765625
798,48.6681022644043,0.021056311205029488,0.019632242619991302,0.0014240695163607597,47485.4609375,1.054634545292247e+17,1.054634545292247e+17,0.05938686057925224,2436.229736328125,5.534094333648682,2430.695556640625
799,48.472747802734375,0.025493819266557693,0.02377130277454853,0.0017225168412551284,47088.9375,1.036305772356567e+17,1.036305772356567e+17,0.05708196386694908,548.4266967773438,5.57773494720459,542.8489379882812
800,47.788230895996094,0.019485658034682274,0.018168700858950615,0.0013169570593163371,46699.03515625,1.0295620724064256e+17,1.0295620724064256e+17,0.05504804477095604,1195.724365234375,5.61905574798584,1190.1053466796875
801,47.35225296020508,0.018660347908735275,0.017397772520780563,0.0012625777162611485,46302.42578125,1.01204461879296e+17,1.01204461879296e+17,0.05309927463531494,1560.3673095703125,5.659924030303955,1554.7073974609375
802,47.07229995727539,0.021238433197140694,0.01980159804224968,0.0014368343399837613,45899.984375,1.0051459564227789e+17,1.0051459564227789e+17,0.0510026291012764,988.0565795898438,5.703227519989014,982.3533325195312
803,46.526737213134766,0.01785222627222538,0.016645073890686035,0.0012071526143699884,45510.2734375,1.0024122956382208e+17,1.0024122956382208e+17,0.04890366643667221,2360.693603515625,5.748013973236084,2354.945556640625
804,46.072471618652344,0.016877224668860435,0.015736492350697517,0.0011407322017475963,45120.9765625,9.67024771596288e+16,9.67024771596288e+16,0.046928521245718,1093.069580078125,5.792387962341309,1087.2772216796875
805,45.8135986328125,0.01947460137307644,0.018157804384827614,0.0013167955912649632,44717.9296875,9.297404181977498e+16,9.297404181977498e+16,0.045018717646598816,2895.58251953125,5.836328029632568,2889.74609375
806,45.19907760620117,0.015349643304944038,0.014311330392956734,0.0010383132612332702,44325.02734375,9.240424568848384e+16,9.240424568848384e+16,0.04312054440379143,1415.9879150390625,5.880563259124756,1410.1072998046875
807,44.92289352416992,0.017135174944996834,0.01597651280462742,0.0011586634209379554,43948.27734375,9.325396201832448e+16,9.325396201832448e+16,0.04126878082752228,2459.9150390625,5.9248857498168945,2453.990234375
808,44.512569427490234,0.016999168321490288,0.015849141404032707,0.001150026568211615,43559.06640625,9.104448481237402e+16,9.104448481237402e+16,0.039467956870794296,1249.644287109375,5.969579219818115,1243.6746826171875
809,43.97450637817383,0.01411863137036562,0.013163301162421703,0.000955329101998359,43165.9609375,8.709608701742285e+16,8.709608701742285e+16,0.03766379877924919,1551.4010009765625,6.015478610992432,1545.385498046875
810,43.72663879394531,0.01678900420665741,0.015654083341360092,0.0011349200503900647,42795.3203125,8.522394513283482e+16,8.522394513283482e+16,0.035918671637773514,663.9596557617188,6.061306476593018,657.8983764648438
811,43.261531829833984,0.014935868792235851,0.013926159590482712,0.0010097086196765304,42422.73046875,8.496438307926835e+16,8.496438307926835e+16,0.034248486161231995,704.2930908203125,6.1065545082092285,698.1865234375
812,42.856101989746094,0.014742725528776646,0.013745234347879887,0.0009974909480661154,42033.63671875,8.37964268526633e+16,8.37964268526633e+16,0.03262058645486832,152.96156311035156,6.152243137359619,146.809326171875
813,42.4950065612793,0.014969056472182274,0.013955945149064064,0.0010131106246262789,41661.07421875,8.27083913775022e+16,8.27083913775022e+16,0.031070876866579056,276.75970458984375,6.197596073150635,270.5621032714844
814,42.077396392822266,0.013912859372794628,0.012972107157111168,0.0009407515171915293,41299.5859375,8.176829175588454e+16,8.176829175588454e+16,0.029539169743657112,39.525997161865234,6.243575572967529,33.28242111206055
815,41.67354965209961,0.013435234315693378,0.012526669539511204,0.0009085651836358011,40920.83203125,8.045538038303949e+16,8.045538038303949e+16,0.028018563985824585,49.92835998535156,6.291046619415283,43.63731384277344
816,41.36857986450195,0.014791485853493214,0.013790864497423172,0.0010006213560700417,40547.94921875,7.966711644527002e+16,7.966711644527002e+16,0.026568366214632988,138.69989013671875,6.33763313293457,132.3622589111328
817,40.90491485595703,0.01259535737335682,0.011743715032935143,0.0008516433299519122,40194.328125,7.969073017546342e+16,7.969073017546342e+16,0.02521655336022377,112.84540557861328,6.383187770843506,106.46221923828125
818,40.59724426269531,0.013723247684538364,0.01279471069574356,0.0009285364649258554,39830.67578125,7.951420701959782e+16,7.951420701959782e+16,0.0239258985966444,89.29167175292969,6.429682731628418,82.86199188232422
819,40.18769073486328,0.0128342779353261,0.01196578610688448,0.000868491770233959,39465.08203125,7.856299202261811e+16,7.856299202261811e+16,0.022624021396040916,233.0262451171875,6.47722053527832,226.5490264892578
820,39.80924606323242,0.012212288565933704,0.011386316269636154,0.0008259726455435157,39120.328125,7.796683338206413e+16,7.796683338206413e+16,0.02138875238597393,33.0072135925293,6.524456977844238,26.482757568359375
821,39.45639419555664,0.012079739943146706,0.011263102293014526,0.0008166387560777366,38771.296875,7.76828587343872e+16,7.76828587343872e+16,0.020215502008795738,342.54364013671875,6.571869850158691,335.9717712402344
822,39.062068939208984,0.011380590498447418,0.010610480792820454,0.0007701090071350336,38414.609375,7.732816315521434e+16,7.732816315521434e+16,0.019116556271910667,109.90184783935547,6.619032859802246,103.2828140258789
823,38.73064422607422,0.011584908701479435,0.010800848715007305,0.000784060568548739,38071.37890625,7.721741312851968e+16,7.721741312851968e+16,0.01805949956178665,279.8855285644531,6.665757656097412,273.2197570800781
824,38.352256774902344,0.010888323187828064,0.0101519376039505,0.000736385234631598,37727.29296875,7.702865790579507e+16,7.702865790579507e+16,0.017012234777212143,351.6643371582031,6.713564395904541,344.9507751464844
825,38.00275421142578,0.010980742052197456,0.0102377999573946,0.0007429416291415691,37375.4453125,7.643470687843123e+16,7.643470687843123e+16,0.01602584682404995,183.47525024414062,6.761826038360596,176.7134246826172
826,37.67108917236328,0.011193659156560898,0.01043663453310728,0.0007570239249616861,37030.890625,7.588872204582912e+16,7.588872204582912e+16,0.015087058767676353,462.2711181640625,6.809103012084961,455.4620056152344
827,37.298187255859375,0.010675806552171707,0.00995344202965498,0.0007223654538393021,36687.453125,7.593982356671693e+16,7.593982356671693e+16,0.014196313917636871,100.51188659667969,6.856306076049805,93.65557861328125
828,37.00946044921875,0.011750478297472,0.010955767706036568,0.0007947107078507543,36339.2421875,7.589275072515277e+16,7.589275072515277e+16,0.013323872350156307,679.7691040039062,6.904265403747559,672.8648681640625
829,36.70204544067383,0.012562496587634087,0.011712206527590752,0.0008502909913659096,35997.81640625,7.555831021174784e+16,7.555831021174784e+16,0.012515528127551079,54.66044998168945,6.951605319976807,47.70884323120117
830,36.55326461791992,0.016384132206439972,0.015276833437383175,0.0011072992347180843,35658.078125,7.482225589642854e+16,7.482225589642854e+16,0.011709936894476414,115.71438598632812,7.000218391418457,108.71416473388672
831,36.70096206665039,0.0261322520673275,0.024364827200770378,0.0017674268456175923,35318.48828125,7.521660261367808e+16,7.521660261367808e+16,0.01098371110856533,64.02496337890625,7.0473952293396,56.97756576538086
832,37.79786682128906,0.05470169708132744,0.05100535973906517,0.0036963310558348894,34982.77734375,7.450519282070323e+16,7.450519282070323e+16,0.01024635974317789,549.8840942382812,7.096185207366943,542.7879028320312
833,41.879459381103516,0.14289350807666779,0.13323326408863068,0.00966025609523058,34650.5390625,7.585123557126963e+16,7.585123557126963e+16,0.009636507369577885,839.30810546875,7.140924453735352,832.1671752929688
834,54.31447982788086,0.397785484790802,0.3709060847759247,0.02687941864132881,34322.828125,7.388670894014464e+16,7.388670894014464e+16,0.008928327821195126,2848.780029296875,7.192403793334961,2841.587646484375
835,87.47335815429688,1.0655794143676758,0.9935584664344788,0.07202091813087463,34011.7578125,7.93780823261184e+16,7.93780823261184e+16,0.00853695534169674,10325.390625,7.227675437927246,10318.1630859375
836,126.08656311035156,1.8398122787475586,1.7154830694198608,0.12432923913002014,33723.9296875,7.752617832742912e+16,7.752617832742912e+16,0.007962752133607864,29448.65234375,7.273611068725586,29441.37890625
837,98.49261474609375,1.2911720275878906,1.203903317451477,0.08726862072944641,33490.7421875,9.361721317235098e+16,9.361721317235098e+16,0.007963581942021847,34965.09375,7.283921718597412,34957.80859375
838,45.9003791809082,0.24742941558361053,0.23070651292800903,0.016722898930311203,33303.55078125,9.21080475638825e+16,9.21080475638825e+16,0.00789864081889391,13324.8701171875,7.304223537445068,13317.5654296875
839,78.07205200195312,0.8954960107803345,0.8349830508232117,0.06051304191350937,33127.22265625,1.0713046877575578e+17,1.0713046877575578e+17,0.007784035988152027,6289.75537109375,7.315352439880371,6282.43994140625
840,38.68263626098633,0.11232177168130875,0.10472887009382248,0.007592889480292797,32924.0703125,1.091065660487762e+17,1.091065660487762e+17,0.007816641591489315,3336.64013671875,7.327704429626465,3329.3125
841,69.0120620727539,0.7136399745941162,0.6654052734375,0.04823464900255203,32786.33984375,1.1728951812974182e+17,1.1728951812974182e+17,0.007841498591005802,42643.75390625,7.339802265167236,42636.4140625
842,46.7371826171875,0.26613807678222656,0.24814845621585846,0.01798960007727146,32688.044921875,1.2709662068362445e+17,1.2709662068362445e+17,0.007865230552852154,61513.50390625,7.338099002838135,61506.1640625
843,64.77677917480469,0.6400142312049866,0.5967638492584229,0.04325040802359581,32433.529296875,1.2657256595403571e+17,1.2657256595403571e+17,0.007653244771063328,21595.998046875,7.358295440673828,21588.640625
844,52.04011154174805,0.3904833495616913,0.36409327387809753,0.02639007568359375,32362.302734375,1.2955494829470515e+17,1.2955494829470515e+17,0.007580901961773634,2408.292724609375,7.372859954833984,2400.919921875
845,70.53438568115234,0.7571823000907898,0.706007182598114,0.0511750765144825,32322.78515625,1.3930988417581056e+17,1.3930988417581056e+17,0.007417952176183462,21317.251953125,7.379631996154785,21309.873046875
846,107.46601104736328,1.4798591136932373,1.3798458576202393,0.10001348704099655,32169.40625,1.5790540035037594e+17,1.5790540035037594e+17,0.007286551874130964,114573.609375,7.4089202880859375,114566.203125
847,157.59603881835938,2.4548439979553223,2.2889328002929688,0.16591158509254456,32180.796875,1.7446839197158605e+17,1.7446839197158605e+17,0.00736346235498786,249855.84375,7.3974785804748535,249848.453125
848,149.8438720703125,2.2533133029937744,2.101046323776245,0.15226678550243378,32062.087890625,2.0220627002169754e+17,2.0220627002169754e+17,0.007156692445278168,491391.125,7.413420677185059,491383.71875
849,87.68004608154297,1.0883700847625732,1.0148080587387085,0.07356204092502594,32235.017578125,1.2328734546932531e+17,1.2328734546932531e+17,0.00810240302234888,90323.7890625,7.376708030700684,90316.4140625
850,87.48387908935547,1.0442044734954834,0.9736268520355225,0.070577472448349,32337.134765625,1.316855269514281e+17,1.316855269514281e+17,0.008250083774328232,280483.59375,7.360184192657471,280476.21875
851,63.81715774536133,0.5535813570022583,0.5161721706390381,0.03740923851728439,32337.27734375,2.2195293192087142e+17,2.2195293192087142e+17,0.008112088777124882,357885.5,7.360682010650635,357878.125
852,92.3580322265625,1.194888710975647,1.114135980606079,0.08075251430273056,32433.111328125,1.7775641277497344e+17,1.7775641277497344e+17,0.008628442883491516,272.40020751953125,7.334927558898926,265.0652770996094
853,61.78555679321289,0.5444532632827759,0.5076593160629272,0.036793917417526245,32494.26171875,1.5452599982279885e+17,1.5452599982279885e+17,0.008621052838861942,191410.5,7.327465057373047,191403.171875
854,105.564453125,1.453757643699646,1.355501651763916,0.09825606644153595,32572.734375,2.2397457302709862e+17,2.2397457302709862e+17,0.008633854798972607,7985.73388671875,7.326808929443359,7978.4072265625
855,120.40169525146484,1.6695111989974976,1.5566871166229248,0.11282400786876678,32703.552734375,2.9727598959394816e+17,2.9727598959394816e+17,0.008628441020846367,392529.1875,7.3314642906188965,392521.84375
856,119.19420623779297,1.6343880891799927,1.5239295959472656,0.11045855283737183,32929.76171875,1.1488045379354624e+17,1.1488045379354624e+17,0.009083296172320843,443015.59375,7.287179946899414,443008.3125
857,56.110233306884766,0.45332014560699463,0.4226842522621155,0.030635891482234,32879.9140625,1.365552553609134e+17,1.365552553609134e+17,0.008705312386155128,42775.21875,7.286686420440674,42767.93359375
858,70.7126235961914,0.6965501308441162,0.6494743227958679,0.0470757894217968,33002.50390625,1.585104753430364e+17,1.585104753430364e+17,0.008478074334561825,272409.5,7.276684761047363,272402.21875
859,73.54159545898438,0.7393837571144104,0.6894105076789856,0.049973197281360626,33285.578125,1.5630832535129293e+17,1.5630832535129293e+17,0.008575908839702606,313051.75,7.252934455871582,313044.5
860,54.97962188720703,0.4298388957977295,0.4007938802242279,0.02904505468904972,33293.40234375,1.7164489765106483e+17,1.7164489765106483e+17,0.008422481827437878,2262.869873046875,7.257994174957275,2255.61181640625
861,69.80467987060547,0.6928322911262512,0.6460089087486267,0.046823326498270035,33229.7109375,1.9162785147099546e+17,1.9162785147099546e+17,0.008337792940437794,174173.34375,7.257321834564209,174166.09375
862,60.474666595458984,0.4850996434688568,0.45230633020401,0.03279326856136322,33355.43359375,3.3506204671226675e+17,3.3506204671226675e+17,0.00839812308549881,252918.65625,7.243986129760742,252911.40625
863,58.12701416015625,0.4815974831581116,0.4490513205528259,0.032546184957027435,33472.96484375,2.7153494491896218e+17,2.7153494491896218e+17,0.008240815252065659,30263.876953125,7.252221584320068,30256.625
864,49.08614730834961,0.2985539436340332,0.27838584780693054,0.02016809582710266,33457.5859375,2.8054667965916774e+17,2.8054667965916774e+17,0.008069771341979504,42031.3671875,7.261944770812988,42024.10546875
865,50.56843185424805,0.30472517013549805,0.28412696719169617,0.020598234608769417,33416.4921875,3.355884722638029e+17,3.355884722638029e+17,0.00821690633893013,158009.0,7.259594917297363,158001.734375
866,53.70045471191406,0.3862638473510742,0.3601500391960144,0.026113860309123993,33448.0546875,2.7714063315448627e+17,2.7714063315448627e+17,0.008244261145591736,66206.7109375,7.259756565093994,66199.453125
867,42.93220901489258,0.1705482304096222,0.15902473032474518,0.011523490771651268,33498.38671875,2.8601673282748416e+17,2.8601673282748416e+17,0.007908167317509651,62038.6640625,7.277257919311523,62031.38671875
868,49.037391662597656,0.26538196206092834,0.24745255708694458,0.017929421737790108,33485.56640625,3.657511685901517e+17,3.657511685901517e+17,0.007617915514856577,191697.265625,7.300436496734619,191689.96875
869,42.39583206176758,0.17304584383964539,0.1613507717847824,0.011695055291056633,33419.57421875,2.934917798087885e+17,2.934917798087885e+17,0.007542463019490242,3047.101318359375,7.310880661010742,3039.79052734375
870,41.65512466430664,0.14021621644496918,0.1307351142168045,0.009481099434196949,33345.90234375,2.6316075512417485e+17,2.6316075512417485e+17,0.007444531656801701,103524.640625,7.322165012359619,103517.3203125
871,43.93437576293945,0.19890345633029938,0.1854580044746399,0.013445462100207806,33280.63671875,2.840285581064274e+17,2.840285581064274e+17,0.007142094429582357,42453.2734375,7.3484296798706055,42445.92578125
872,39.890052795410156,0.12453289330005646,0.11612004786729813,0.008412851020693779,33188.23828125,2.665172205263913e+17,2.665172205263913e+17,0.006760862190276384,20864.7578125,7.378322601318359,20857.37890625
873,38.9077262878418,0.09732802957296371,0.09075190871953964,0.006576118059456348,33052.796875,2.434541910396764e+17,2.434541910396764e+17,0.0064717684872448444,74507.0,7.404734134674072,74499.59375
874,39.98110580444336,0.13627362251281738,0.12706105411052704,0.009212550707161427,32902.359375,2.354116586194862e+17,2.354116586194862e+17,0.006211952771991491,2964.69287109375,7.427658557891846,2957.26513671875
875,38.87702560424805,0.10909389704465866,0.10171942412853241,0.0073744794353842735,32736.376953125,2.2410467617642906e+17,2.2410467617642906e+17,0.005912655033171177,46184.97265625,7.4550251960754395,46177.51953125
876,35.88592529296875,0.05587990581989288,0.052104402333498,0.003775500226765871,32534.669921875,2.17774169260032e+17,2.17774169260032e+17,0.00555669330060482,33948.53125,7.493896484375,33941.0390625
877,37.29753875732422,0.0955214649438858,0.08906751126050949,0.006453946698457003,32296.849609375,2.037764241657692e+17,2.037764241657692e+17,0.0051900832913815975,2083.49609375,7.5335187911987305,2075.962646484375
878,37.07825469970703,0.0916697308421135,0.08547291904687881,0.006196803413331509,32048.4296875,1.8392357349516902e+17,1.8392357349516902e+17,0.004914554767310619,26241.19140625,7.566507816314697,26233.625
879,35.06391143798828,0.05936957523226738,0.05535527318716049,0.00401429645717144,31799.6328125,1.8491957641111142e+17,1.8491957641111142e+17,0.0046270242892205715,11087.8447265625,7.600465297698975,11080.244140625
880,34.1961784362793,0.04896564781665802,0.04565584659576416,0.003309795167297125,31536.21875,1.7014387530058957e+17,1.7014387530058957e+17,0.004266785457730293,4153.1328125,7.644842147827148,4145.48779296875
881,35.51369857788086,0.07598017901182175,0.07084683328866959,0.005133350379765034,31257.078125,1.4760093199368192e+17,1.4760093199368192e+17,0.003908481448888779,31001.00390625,7.690943241119385,30993.3125
882,33.081199645996094,0.038491390645504,0.03589054197072983,0.0026008489076048136,30962.326171875,1.4894242207891456e+17,1.4894242207891456e+17,0.003654818283393979,4535.92578125,7.730838775634766,4528.19482421875
883,32.833213806152344,0.03857642784714699,0.03596747666597366,0.002608946990221739,30640.740234375,1.4331820535447552e+17,1.4331820535447552e+17,0.003427110845223069,12033.2998046875,7.770448207855225,12025.529296875
884,33.570884704589844,0.05770779401063919,0.0538068562746048,0.0039009437896311283,30312.626953125,1.2123893812690944e+17,1.2123893812690944e+17,0.003140815068036318,25162.748046875,7.816574573516846,25154.931640625
885,32.2599983215332,0.04257180914282799,0.0396939218044281,0.0028778843116015196,30007.5703125,1.2261962408368538e+17,1.2261962408368538e+17,0.0028788894414901733,121.87049102783203,7.866377830505371,114.00411224365234
886,31.809486389160156,0.03687280789017677,0.034381963312625885,0.00249084341339767,29709.369140625,1.2149443714141389e+17,1.2149443714141389e+17,0.0026394326705485582,13498.02734375,7.911518573760986,13490.1162109375
887,31.0727596282959,0.03086511231958866,0.028778482228517532,0.0020866303239017725,29384.380859375,1.0379415536009216e+17,1.0379415536009216e+17,0.0024268769193440676,4132.93505859375,7.957623481750488,4124.9775390625
888,31.630977630615234,0.04891245439648628,0.04560532420873642,0.0033071294892579317,29044.830078125,9.769645285100749e+16,9.769645285100749e+16,0.002206158824265003,4282.53564453125,8.007121086120605,4274.5283203125
889,29.821006774902344,0.0188705213367939,0.01759445294737816,0.0012760679237544537,28725.82421875,9.905994175873024e+16,9.905994175873024e+16,0.001993242185562849,5259.48681640625,8.058117866516113,5251.4287109375
890,30.162899017333984,0.03299466893076897,0.030764982104301453,0.0022296863608062267,28421.162109375,9.039223389893427e+16,9.039223389893427e+16,0.0017899833619594574,160.96865844726562,8.10943603515625,152.85922241210938
891,29.6523494720459,0.02870287373661995,0.02676261030137539,0.0019402623875066638,28098.03515625,8.317271170193818e+16,8.317271170193818e+16,0.0015981202013790607,3599.787353515625,8.161247253417969,3591.626220703125
892,29.427913665771484,0.031439512968063354,0.029313355684280396,0.002126161241903901,27768.7421875,8.220774421967667e+16,8.220774421967667e+16,0.0014188258210197091,498.6039123535156,8.213078498840332,490.3908386230469
893,28.410709381103516,0.017055457457900047,0.015901559963822365,0.0011538970284163952,27468.58203125,7.797602461207757e+16,7.797602461207757e+16,0.0012467646738514304,1137.48974609375,8.266530990600586,1129.2232666015625
894,28.623952865600586,0.02680920995771885,0.024997027590870857,0.0018121828325092793,27180.57421875,7.235179929770394e+16,7.235179929770394e+16,0.0010819053277373314,3056.524169921875,8.32298469543457,3048.201171875
895,28.154115676879883,0.02412877231836319,0.022499069571495056,0.0016297020483762026,26874.583984375,7.193246446072627e+16,7.193246446072627e+16,0.0009345292346552014,116.00274658203125,8.378702163696289,107.6240463256836
896,27.830778121948242,0.023140911012887955,0.021575147286057472,0.0015657617477700114,26560.8046875,7.09279489196032e+16,7.09279489196032e+16,0.0008192099048756063,4199.7392578125,8.43336009979248,4191.3056640625
897,27.73554229736328,0.026677176356315613,0.024873550981283188,0.001803625375032425,26261.59765625,6.549384033258701e+16,6.549384033258701e+16,0.0007034548325464129,7459.15576171875,8.487911224365234,7450.66796875
898,27.89723014831543,0.037183988839387894,0.03466952219605446,0.002514467341825366,25969.80859375,6.587486835625165e+16,6.587486835625165e+16,0.0005987464683130383,234.653564453125,8.548295974731445,226.1052703857422
899,28.76427459716797,0.05965546518564224,0.05562595650553703,0.004029518458992243,25674.65625,6.526265083297792e+16,6.526265083297792e+16,0.0004997763899154961,4158.19677734375,8.604727745056152,4149.59228515625
900,31.672483444213867,0.1243247538805008,0.11591885983943939,0.008405876345932484,25369.849609375,6.038248565296333e+16,6.038248565296333e+16,0.0004319717700127512,2601.175537109375,8.662097930908203,2592.513427734375
901,39.03156280517578,0.2769923806190491,0.258276104927063,0.018716229125857353,25081.669921875,6.048637232191898e+16,6.048637232191898e+16,0.00035744011984206736,3978.707275390625,8.713438987731934,3969.993896484375
902,54.11516189575195,0.5818848013877869,0.5425530076026917,0.03933181241154671,24800.830078125,6.168160588582093e+16,6.168160588582093e+16,0.0003291287284810096,15841.0771484375,8.773543357849121,15832.3037109375
903,64.6709213256836,0.7967514991760254,0.7429143190383911,0.0538371205329895,24557.970703125,6.026233394285773e+16,6.026233394285773e+16,0.00031851965468376875,21511.37890625,8.810197830200195,21502.568359375
904,46.710323333740234,0.44448867440223694,0.4144412577152252,0.030047424137592316,24299.833984375,5.498928662944154e+16,5.498928662944154e+16,0.00031805734033696353,13106.40234375,8.855559349060059,13097.546875
905,28.732017517089844,0.08966093510389328,0.08360046148300171,0.0060604773461818695,24095.513671875,5.310429420270387e+16,5.310429420270387e+16,0.0003193834563717246,10035.3212890625,8.889799118041992,10026.431640625
906,38.39026641845703,0.28890782594680786,0.26938819885253906,0.019519604742527008,23890.701171875,5.230913684242432e+16,5.230913684242432e+16,0.00032073899637907743,186.3153839111328,8.92724323272705,177.3881378173828
907,28.041765213012695,0.08446352928876877,0.07875300198793411,0.0057105193845927715,23654.029296875,5.042997268630733e+16,5.042997268630733e+16,0.0003214638272766024,11412.7294921875,8.963497161865234,11403.765625
908,35.46860885620117,0.23093898594379425,0.21532700955867767,0.015611975453794003,23452.396484375,4.932381244915712e+16,4.932381244915712e+16,0.00032245100010186434,41993.75,8.9989652633667,41984.75
909,26.730112075805664,0.06239883229136467,0.058182068169116974,0.004216759465634823,23268.9609375,5.217716967728742e+16,5.217716967728742e+16,0.00032394329900853336,28903.09375,9.042652130126953,28894.05078125
910,29.77220344543457,0.13345582783222198,0.12443919479846954,0.00901663675904274,23044.12890625,4.881664553097626e+16,4.881664553097626e+16,0.00032532066688872874,646.3446044921875,9.080305099487305,637.2642822265625
911,29.304338455200195,0.11781028658151627,0.10984732955694199,0.007962953299283981,22798.822265625,4.761548061723853e+16,4.761548061723853e+16,0.000326441164361313,56738.62890625,9.117762565612793,56729.51171875
912,26.742219924926758,0.07333448529243469,0.06837458163499832,0.004959902726113796,22612.443359375,5.67911757339689e+16,5.67911757339689e+16,0.0003276068018749356,40626.0703125,9.164420127868652,40616.90625
913,28.068967819213867,0.11100170761346817,0.10349950194358826,0.007502202410250902,22460.46875,5.097579860511949e+16,5.097579860511949e+16,0.0003289247688371688,743.642578125,9.207599639892578,734.4349975585938
914,24.68380355834961,0.04374846816062927,0.04079405590891838,0.0029544204007834196,22223.677734375,4.746692199343718e+16,4.746692199343718e+16,0.0003305258578620851,22523.419921875,9.25347900390625,22514.166015625
915,27.81817054748535,0.1122189462184906,0.10463353991508484,0.007585406303405762,21960.3203125,5.644180161927578e+16,5.644180161927578e+16,0.00033202406484633684,19046.048828125,9.301264762878418,19036.748046875
916,24.578378677368164,0.05350833758711815,0.049888983368873596,0.003619352588430047,21790.041015625,4.958870885210522e+16,4.958870885210522e+16,0.0003332401975058019,6333.037109375,9.344921112060547,6323.6923828125
917,24.29229736328125,0.052288398146629333,0.048755891621112823,0.003532504430040717,21614.171875,5.264874420148634e+16,5.264874420148634e+16,0.00033475071541033685,1105.758056640625,9.39841365814209,1096.359619140625
918,25.133726119995117,0.07126709818840027,0.0664515569806099,0.004815537948161364,21375.2578125,6.063149926685082e+16,6.063149926685082e+16,0.0003363060241099447,13448.1689453125,9.450176239013672,13438.71875
919,23.447614669799805,0.04322114214301109,0.04029659554362297,0.002924542175605893,21140.017578125,5.048256026587955e+16,5.048256026587955e+16,0.0003377166576683521,9605.8310546875,9.492593765258789,9596.3388671875
920,23.837011337280273,0.056881386786699295,0.05303654447197914,0.0038448439445346594,20923.154296875,5.435283690068378e+16,5.435283690068378e+16,0.00033948416239582,1543.460693359375,9.545984268188477,1533.9146728515625
921,22.334394454956055,0.03101995401084423,0.028926154598593712,0.002093798015266657,20722.818359375,5.308052585368781e+16,5.308052585368781e+16,0.0003411334182601422,749.6112670898438,9.599929809570312,740.0113525390625
922,22.912525177001953,0.0466613844037056,0.043506573885679245,0.003154815174639225,20506.5078125,5.231289064384102e+16,5.231289064384102e+16,0.00034237460931763053,2063.618896484375,9.647123336791992,2053.9716796875
923,22.41179847717285,0.03914603218436241,0.03649767115712166,0.002648366382345557,20270.625,5.930476239427994e+16,5.930476239427994e+16,0.00034390337532386184,12456.53125,9.700279235839844,12446.8310546875
924,21.466548919677734,0.02501680701971054,0.02332654595375061,0.0016902609495446086,20056.4609375,5.028740124691661e+16,5.028740124691661e+16,0.0003457148850429803,10895.884765625,9.753244400024414,10886.1318359375
925,21.762802124023438,0.03727194294333458,0.03475405275821686,0.0025178934447467327,19832.701171875,5.465191694834074e+16,5.465191694834074e+16,0.00038431165739893913,1184.9974365234375,9.805126190185547,1175.1922607421875
926,20.529373168945312,0.01701725460588932,0.01586652733385563,0.0011507276212796569,19599.302734375,5.511074400960512e+16,5.511074400960512e+16,0.0005603215540759265,2409.542724609375,9.85886287689209,2399.683837890625
927,21.21504783630371,0.033056311309337616,0.03082084469497204,0.0022354661487042904,19385.849609375,4.938355973921178e+16,4.938355973921178e+16,0.000803990988060832,12699.857421875,9.911417007446289,12689.9462890625
928,20.558822631835938,0.023219192400574684,0.02164936251938343,0.001569828251376748,19166.076171875,5.78463375294464e+16,5.78463375294464e+16,0.003806134918704629,17394.02734375,9.965084075927734,17384.0625
929,19.829448699951172,0.01636791229248047,0.015262250788509846,0.0011056625517085195,18929.9375,5.160490393980109e+16,5.160490393980109e+16,0.005508889444172382,2950.776611328125,10.01836109161377,2940.75830078125
930,19.842243194580078,0.021014688536524773,0.019594252109527588,0.0014204358449205756,18688.15234375,5.063768589467648e+16,5.063768589467648e+16,0.005684488452970982,5271.90771484375,10.071928977966309,5261.8359375
931,19.46400260925293,0.016127247363328934,0.015036125667393208,0.0010911207646131516,18468.50390625,5.552596426791322e+16,5.552596426791322e+16,0.0057083433493971825,13360.939453125,10.12423324584961,13350.8154296875
932,19.18553352355957,0.016322042793035507,0.015218890272080898,0.0011031510075554252,18249.533203125,4.973895969302118e+16,4.973895969302118e+16,0.005733284167945385,7015.5712890625,10.178350448608398,7005.39306640625
933,19.118444442749023,0.021030858159065247,0.0196096021682024,0.0014212578535079956,18012.326171875,5.056702509272269e+16,5.056702509272269e+16,0.005759457126259804,400.8114013671875,10.234251022338867,390.5771484375
934,18.626209259033203,0.014994600787758827,0.013979792594909668,0.0010148079600185156,17786.796875,5.173377443351757e+16,5.173377443351757e+16,0.00578412227332592,3794.953857421875,10.28525447845459,3784.668701171875
935,18.334796905517578,0.013996537774801254,0.01305030845105648,0.0009462297894060612,17553.48046875,4.897270746264371e+16,4.897270746264371e+16,0.005811042618006468,3251.413818359375,10.340535163879395,3241.0732421875
936,17.995248794555664,0.012214312329888344,0.011389298364520073,0.0008250129758380353,17329.419921875,4.939596789972992e+16,4.939596789972992e+16,0.005837060045450926,571.585693359375,10.396105766296387,561.1895751953125
937,17.724815368652344,0.010454695671796799,0.009747347794473171,0.0007073486922308803,17113.748046875,5.00016914324521e+16,5.00016914324521e+16,0.005860426463186741,3832.9384765625,10.449576377868652,3822.489013671875
938,17.775436401367188,0.016445966437458992,0.015333393588662148,0.0011125723831355572,16888.44921875,4.73749925134336e+16,4.73749925134336e+16,0.005885216873139143,1731.2052001953125,10.5045804977417,1720.7005615234375
939,17.269290924072266,0.010960514657199383,0.010219280607998371,0.0007412336999550462,16667.474609375,4.864175446268314e+16,4.864175446268314e+16,0.005911814980208874,515.0006103515625,10.559073448181152,504.4415588378906
940,17.204378128051758,0.013057224452495575,0.012175223790109158,0.0008819988579489291,16445.25390625,5.000754976784384e+16,5.000754976784384e+16,0.0059386747889220715,5625.57763671875,10.615086555480957,5614.96240234375
941,16.972623825073242,0.011862527579069138,0.011060038581490517,0.0008024885319173336,16231.7822265625,4.807397696602112e+16,4.807397696602112e+16,0.0059629566967487335,9964.0029296875,10.66799259185791,9953.3349609375
942,16.54344367980957,0.008695495314896107,0.00810685008764267,0.0005886451690457761,16013.7998046875,4.898892096418611e+16,4.898892096418611e+16,0.005988416727632284,4588.04638671875,10.724658012390137,4577.32177734375
943,16.421669006347656,0.011239089071750641,0.010479646734893322,0.0007594417547807097,15809.6044921875,4.801595625281946e+16,4.801595625281946e+16,0.006014655344188213,209.36578369140625,10.77995777130127,198.58583068847656
944,16.049884796142578,0.007843946106731892,0.0073133958503603935,0.0005305503727868199,15597.546875,4.745405427141837e+16,4.745405427141837e+16,0.006040310021489859,1268.6268310546875,10.834660530090332,1257.7921142578125
945,15.89717960357666,0.009021664038300514,0.008410735987126827,0.0006109264213591814,15382.216796875,4.797273599691981e+16,4.797273599691981e+16,0.006066573318094015,1590.655029296875,10.88929557800293,1579.7657470703125
946,15.63637924194336,0.008074207231402397,0.007528899237513542,0.0005453085759654641,15180.078125,4.741773602796339e+16,4.741773602796339e+16,0.006093605421483517,517.2901611328125,10.945591926574707,506.34454345703125
947,15.374401092529297,0.006843394134193659,0.006380596198141575,0.00046279875095933676,14982.5771484375,4.663152078959411e+16,4.663152078959411e+16,0.006118564400821924,302.12933349609375,11.000229835510254,291.12908935546875
948,15.2802152633667,0.008968546986579895,0.008361073210835457,0.0006074742996133864,14774.63671875,4.616339941910118e+16,4.616339941910118e+16,0.006144250743091106,1098.7730712890625,11.055355072021484,1087.7177734375
949,14.982368469238281,0.00717386556789279,0.0066888583824038506,0.0004850071854889393,14573.990234375,4.587966958456013e+16,4.587966958456013e+16,0.006171635817736387,380.5030212402344,11.111614227294922,369.39141845703125
950,14.847039222717285,0.008369489572942257,0.007803881075233221,0.0005656086723320186,14380.265625,4.596169916494643e+16,4.596169916494643e+16,0.006198277231305838,233.73809814453125,11.16592025756836,222.57217407226562
951,14.683972358703613,0.00902456883341074,0.008413841016590595,0.000610728224273771,14174.71875,4.524169514241229e+16,4.524169514241229e+16,0.006224576383829117,1278.3067626953125,11.222477912902832,1267.084228515625
952,14.572863578796387,0.010203508660197258,0.00951321516185999,0.0006902943132445216,13988.654296875,4.513223360590643e+16,4.513223360590643e+16,0.006250383798032999,2889.984130859375,11.277002334594727,2878.70703125
953,14.64094066619873,0.015046114102005959,0.014029588550329208,0.001016525668092072,13796.95703125,4.493270660520346e+16,4.493270660520346e+16,0.006277274806052446,4674.400390625,11.334355354309082,4663.06591796875
954,14.90015983581543,0.023720450699329376,0.02211574651300907,0.0016047045355662704,13609.7705078125,4.492391910211584e+16,4.492391910211584e+16,0.006302659399807453,5944.27392578125,11.386796951293945,5932.88720703125
955,16.002912521362305,0.04888763651251793,0.04558470845222473,0.003302929224446416,13413.15234375,4.523601290067968e+16,4.523601290067968e+16,0.0063301632180809975,10014.1826171875,11.446152687072754,10002.736328125
956,19.095239639282227,0.11077506095170975,0.10328614711761475,0.0074889264069497585,13252.4970703125,4.619410843526758e+16,4.619410843526758e+16,0.00635359063744545,25779.537109375,11.49288558959961,25768.044921875
957,26.925914764404297,0.2623017132282257,0.2445784956216812,0.017723223194479942,13046.9208984375,4.923166392582144e+16,4.923166392582144e+16,0.006381242070347071,71467.6640625,11.558825492858887,71456.1015625
958,46.427364349365234,0.6281163096427917,0.5856591463088989,0.042457133531570435,12924.9189453125,5.635295592579072e+16,5.635295592579072e+16,0.006397211458534002,204027.46875,11.586445808410645,204015.875
959,75.69869995117188,1.1628444194793701,1.0842676162719727,0.07857676595449448,12722.4013671875,8.106666589840998e+16,8.106666589840998e+16,0.006423524580895901,475300.25,11.65844440460205,475288.59375
960,98.80936431884766,1.5297421216964722,1.4263460636138916,0.10339601337909698,12704.0673828125,1.0715992366147174e+17,1.0715992366147174e+17,0.006418663077056408,951102.4375,11.641156196594238,951090.8125
961,51.3993034362793,0.6026247143745422,0.5619056224822998,0.04071914777159691,12582.486328125,1.198677096881193e+17,1.198677096881193e+17,0.006421620026230812,856571.125,11.684003829956055,856559.4375
962,41.98406982421875,0.5393533706665039,0.5029033422470093,0.03645007312297821,12571.466796875,5.316831498521805e+16,5.316831498521805e+16,0.006411315873265266,239176.421875,11.671021461486816,239164.75
963,43.92727279663086,0.6213507652282715,0.5793551206588745,0.041995614767074585,12595.9453125,5.539173794997862e+16,5.539173794997862e+16,0.0063995253294706345,20839.15625,11.652337074279785,20827.50390625
964,31.576091766357422,0.32594650983810425,0.30391231179237366,0.0220341719686985,12496.4501953125,7.049517512995635e+16,7.049517512995635e+16,0.006398822646588087,271182.15625,11.662393569946289,271170.5
965,36.89850616455078,0.4439418911933899,0.41394492983818054,0.02999693527817726,12511.0986328125,6.152118026738074e+16,6.152118026738074e+16,0.006394206080585718,212879.578125,11.664673805236816,212867.90625
966,27.810028076171875,0.30114516615867615,0.2807941436767578,0.02035100944340229,12485.76953125,6.441049496171315e+16,6.441049496171315e+16,0.006386334542185068,20258.751953125,11.645687103271484,20247.10546875
967,24.012048721313477,0.21649111807346344,0.20185618102550507,0.014634925872087479,12419.1767578125,7.138580531825869e+16,7.138580531825869e+16,0.006400924641638994,69692.9375,11.661499977111816,69681.2734375
968,29.48796844482422,0.2911433279514313,0.2714640200138092,0.01967933215200901,12472.185546875,8.816760404836352e+16,8.816760404836352e+16,0.006401389837265015,237045.015625,11.661093711853027,237033.359375
969,23.00933074951172,0.17571711540222168,0.16383972764015198,0.011877392418682575,12413.2646484375,8.631905871409971e+16,8.631905871409971e+16,0.0064051803201437,172389.09375,11.669095993041992,172377.421875
970,42.30677032470703,0.5953043103218079,0.5550776124000549,0.040226735174655914,12302.123046875,7.607893755743437e+16,7.607893755743437e+16,0.006424021907150745,16335.123046875,11.694706916809082,16323.4287109375
971,90.20313262939453,1.5555779933929443,1.4504445791244507,0.10513347387313843,12323.328125,8.202329255418266e+16,8.202329255418266e+16,0.006431910675019026,1888.23876953125,11.711777687072754,1876.5269775390625
972,271.23040771484375,5.1596550941467285,4.810964584350586,0.34869059920310974,12344.59375,8.681742094932378e+16,8.681742094932378e+16,0.006441453006118536,81622.203125,11.702887535095215,81610.5
973,188.9509735107422,3.375617504119873,3.147481679916382,0.22813580930233002,12357.1015625,2.1726055989090714e+17,2.1726055989090714e+17,0.006441486068069935,759574.5625,11.693251609802246,759562.875
974,64.57997131347656,0.9661237001419067,0.9008209109306335,0.06530274450778961,12567.2783203125,1.4710570508458394e+17,1.4710570508458394e+17,0.006395526230335236,355939.59375,11.617993354797363,355927.96875
975,126.72122192382812,2.2460687160491943,2.094289779663086,0.15177850425243378,12762.529296875,2.0058009232421683e+17,2.0058009232421683e+17,0.00635557621717453,145468.015625,11.528849601745605,145456.484375
976,110.89004516601562,1.8056765794754028,1.6836472749710083,0.12202934920787811,12974.6669921875,3.9985561410207744e+17,3.9985561410207744e+17,0.0062956600449979305,723169.3125,11.442310333251953,723157.875
977,149.46897888183594,2.624600887298584,2.447211742401123,0.17738910019397736,13275.20703125,3.36453169439572e+17,3.36453169439572e+17,0.006243679206818342,462727.15625,11.317071914672852,462715.84375
978,382.4303894042969,7.3597917556762695,6.862407684326172,0.4973834753036499,13584.0849609375,2.1644018677763277e+17,2.1644018677763277e+17,0.006204674951732159,64028.890625,11.24555492401123,64017.64453125
979,288.7135314941406,5.471331596374512,5.101567268371582,0.3697636127471924,14070.8046875,3.3257258058829005e+17,3.3257258058829005e+17,0.006114719435572624,74355.75,11.004129409790039,74344.7421875
980,163.75656127929688,2.957263708114624,2.7574074268341064,0.19985637068748474,14581.638671875,6.049470369947976e+17,6.049470369947976e+17,0.006075557786971331,70678.5859375,10.83505916595459,70667.75
981,770.832763671875,14.994561195373535,13.981188774108887,1.013372778892517,15305.12890625,9.208897790908826e+17,9.208897790908826e+17,0.005999278277158737,487868.53125,10.613799095153809,487857.90625
982,2737.95703125,54.210933685302734,50.54730224609375,3.6636319160461426,16313.42578125,1.3727354569149645e+18,1.3727354569149645e+18,0.005248687230050564,972413.125,10.316524505615234,972402.8125
983,571.34765625,9.647764205932617,8.995715141296387,0.6520500183105469,18637.05078125,1.0253604948793098e+18,1.0253604948793098e+18,0.0025488859973847866,6929704.0,9.742616653442383,6929694.5
984,1475.880126953125,28.676355361938477,26.738357543945312,1.937997579574585,21672.88671875,4.892079075696312e+18,4.892079075696312e+18,0.0015007839538156986,1549746.375,8.973798751831055,1549737.375
985,9958.84375,198.2783660888672,184.87843322753906,13.39993667602539,25825.4375,5.186767433393766e+18,5.186767433393766e+18,0.0026702701579779387,1391442.875,8.116718292236328,1391434.75
986,4753.9384765625,94.04396057128906,87.68828582763672,6.355675220489502,31361.345703125,1.0718829896420819e+19,1.0718829896420819e+19,0.006074469070881605,966036.875,7.268781661987305,966029.625
987,494.96441650390625,8.9834566116333,8.376341819763184,0.6071144342422485,36832.30859375,4.615912541124559e+18,4.615912541124559e+18,0.014721598476171494,434339.71875,6.459235191345215,434333.25
988,2783.383056640625,54.60546112060547,50.9151496887207,3.690312147140503,42166.14453125,7.456468395890835e+18,7.456468395890835e+18,0.029139526188373566,348740.4375,5.785630702972412,348734.65625
989,2310.835693359375,45.19217300415039,42.13802719116211,3.0541470050811768,47564.546875,3.405359309914112e+18,3.405359309914112e+18,0.044129934161901474,25739.78515625,5.359254837036133,25734.42578125
990,1158.294921875,20.228912353515625,18.861835479736328,1.3670785427093506,53129.6171875,1.2767085918548918e+19,1.2767085918548918e+19,0.061669301241636276,8095267.5,4.991674900054932,8095262.5
991,2814.9677734375,54.89695739746094,51.18693542480469,3.710029363632202,58195.4296875,5.724671061690155e+18,5.724671061690155e+18,0.07984606176614761,619992.125,4.674936771392822,619987.4375
992,3341.112548828125,65.4325942993164,61.01047897338867,4.422115325927734,62879.37890625,1.381833365878997e+18,1.381833365878997e+18,0.09929237514734268,522158.6875,4.389488220214844,522154.3125
993,2537.08251953125,48.87742614746094,45.57419204711914,3.3032379150390625,66946.53125,1.2073554390800138e+18,1.2073554390800138e+18,0.12429618090391159,2505742.0,4.051336288452148,2505738.0
994,801.6935424804688,14.564153671264648,13.579874038696289,0.9842802882194519,70718.0703125,1.7023981799803453e+18,1.7023981799803453e+18,0.1520608365535736,106535.0,3.810807466506958,106531.1875
995,645.8072509765625,11.185625076293945,10.429686546325684,0.7559371590614319,73756.8203125,8.800167399983677e+17,8.800167399983677e+17,0.17593133449554443,1188918.125,3.647270679473877,1188914.5
996,1085.82861328125,20.161388397216797,18.798847198486328,1.3625434637069702,76393.75,7.070454190073446e+17,7.070454190073446e+17,0.20395293831825256,65847.953125,3.4191596508026123,65844.53125
997,1322.0513916015625,24.776615142822266,23.102169036865234,1.6744452714920044,79067.1875,2.2511843620516004e+18,2.2511843620516004e+18,0.2453344315290451,190226.03125,3.211031198501587,190222.8125
998,536.8782958984375,9.071337699890137,8.458279609680176,0.6130585074424744,81751.0625,1.1946578664855962e+18,1.1946578664855962e+18,0.285559743642807,36568.8828125,3.008711338043213,36565.875
999,1115.2347412109375,20.589054107666016,19.197589874267578,1.3914624452590942,83915.6796875,6.331642162152735e+17,6.331642162152735e+17,0.3241274058818817,123315.515625,2.8484270572662354,123312.6640625
