step,loss
0,563.737060546875
1,503.0894470214844
2,107.9000244140625
3,38.55609893798828
4,23.11992073059082
5,20.68145751953125
6,19.642719268798828
7,16.771291732788086
8,14.451850891113281
9,12.407638549804688
10,11.309747695922852
11,10.850058555603027
12,9.65650749206543
13,8.595542907714844
14,7.878347873687744
15,6.381007194519043
16,5.5571370124816895
17,4.705604553222656
18,3.9530787467956543
19,3.104489803314209
20,2.773404598236084
21,2.548103094100952
22,2.39143967628479
23,2.0809450149536133
24,1.9047505855560303
25,1.6613976955413818
26,1.4789552688598633
27,1.3408565521240234
28,1.1893023252487183
29,1.008836030960083
30,0.8968847990036011
31,0.8610875010490417
32,0.8542091846466064
33,0.8476317524909973
34,0.8180077075958252
35,0.796128511428833
36,0.7814455032348633
37,0.775918185710907
38,0.7723658084869385
39,0.7664875984191895
40,0.7575584053993225
41,0.7353572845458984
42,0.7150445580482483
43,0.684167206287384
44,0.6690075993537903
45,0.6510693430900574
46,0.6326205730438232
47,0.6217744946479797
48,0.6113619804382324
49,0.5949456095695496
50,0.5764580368995667
51,0.5522612929344177
52,0.5465750098228455
53,0.5457739233970642
54,0.5456609129905701
55,0.5453360676765442
56,0.5435489416122437
57,0.5401406288146973
58,0.53094881772995
59,0.5131648778915405
60,0.4892345070838928
61,0.4744921624660492
62,0.48122915625572205
63,0.46656933426856995
64,0.4627344608306885
65,0.4626557528972626
66,0.4603569805622101
67,0.4579017758369446
68,0.45625609159469604
69,0.4551504850387573
70,0.4545297622680664
71,0.4541265368461609
72,0.4537750482559204
73,0.45319533348083496
74,0.45187047123908997
75,0.44908463954925537
76,0.4454839825630188
77,0.444789856672287
78,0.4438832700252533
79,0.44041454792022705
80,0.4377710223197937
81,0.43650972843170166
82,0.4358811378479004
83,0.4354799687862396
84,0.43531590700149536
85,0.4352050721645355
86,0.4350001811981201
87,0.43449294567108154
88,0.43321850895881653
89,0.43015986680984497
90,0.4285295903682709
91,0.4265716075897217
92,0.42059916257858276
93,0.4206473231315613
94,0.4193643033504486
95,0.42089149355888367
96,0.4186971187591553
97,0.41798141598701477
98,0.41773658990859985
99,0.41762280464172363
100,0.4175622761249542
101,0.41753125190734863
102,0.4174879491329193
103,0.4173891246318817
104,0.4172195792198181
105,0.4169609844684601
106,0.4167115092277527
107,0.41648945212364197
108,0.4161919951438904
109,0.4158097505569458
110,0.41546231508255005
111,0.415249764919281
112,0.4151149392127991
113,0.41497641801834106
114,0.4148067235946655
115,0.4144333302974701
116,0.41392168402671814
117,0.41309526562690735
118,0.4119206964969635
119,0.41029033064842224
120,0.4086971879005432
121,0.4086660146713257
122,0.40812575817108154
123,0.4077777862548828
124,0.40766459703445435
125,0.4075795114040375
126,0.4075300395488739
127,0.4074932932853699
128,0.4074716567993164
129,0.40743333101272583
130,0.407254159450531
131,0.4070366322994232
132,0.4064096212387085
133,0.40511029958724976
134,0.40281397104263306
135,0.4006023108959198
136,0.42430299520492554
137,0.3972034454345703
138,0.39510390162467957
139,0.4047432541847229
140,0.39247235655784607
141,0.4216242730617523
142,0.38741013407707214
143,0.38761061429977417
144,0.3849004805088043
145,0.38280877470970154
146,0.37881824374198914
147,0.3770539462566376
148,0.3762887716293335
149,0.376083105802536
150,0.37592893838882446
151,0.37574446201324463
152,0.3754899203777313
153,0.37485024333000183
154,0.3744848072528839
155,0.37420517206192017
156,0.37349092960357666
157,0.3725537359714508
158,0.3710225224494934
159,0.3698306679725647
160,0.3693386912345886
161,0.3683602511882782
162,0.36847564578056335
163,0.367877334356308
164,0.3673323690891266
165,0.3666847050189972
166,0.3662126660346985
167,0.36588239669799805
168,0.3656049370765686
169,0.365424245595932
170,0.36518174409866333
171,0.364664763212204
172,0.36345812678337097
173,0.36094987392425537
174,0.3576953709125519
175,0.3536524772644043
176,0.35012659430503845
177,0.3500879406929016
178,0.3470846712589264
179,0.3477883040904999
180,0.3456968367099762
181,0.3442457318305969
182,0.3455272614955902
183,0.34315529465675354
184,0.3442416787147522
185,0.3415795862674713
186,0.3407929539680481
187,0.3395506739616394
188,0.3385160267353058
189,0.3376370370388031
190,0.3369027376174927
191,0.3365577161312103
192,0.3359168469905853
193,0.34200364351272583
194,0.3357503116130829
195,0.33558493852615356
196,0.33501946926116943
197,0.33479371666908264
198,0.3346240818500519
199,0.33443307876586914
200,0.3341834545135498
201,0.3338170647621155
202,0.3334539532661438
203,0.33331966400146484
204,0.333243191242218
205,0.3332142233848572
206,0.3331882953643799
207,0.33316197991371155
208,0.3331264555454254
209,0.3330589234828949
210,0.33298221230506897
211,0.3374941349029541
212,0.332953542470932
213,0.33286964893341064
214,0.33270734548568726
215,0.33254769444465637
216,0.3323436975479126
217,0.33202603459358215
218,0.3315700590610504
219,0.3308166563510895
220,0.32959264516830444
221,0.32769104838371277
222,0.32851022481918335
223,0.32670852541923523
224,0.32513177394866943
225,0.32613828778266907
226,0.3241324722766876
227,0.32364895939826965
228,0.3228875994682312
229,0.3225635886192322
230,0.32234904170036316
231,0.32214000821113586
232,0.32202398777008057
233,0.32186785340309143
234,0.3216482698917389
235,0.32128074765205383
236,0.3205379843711853
237,0.3199693262577057
238,0.31958308815956116
239,0.3190731108188629
240,0.3187430500984192
241,0.31824588775634766
242,0.31799396872520447
243,0.31778472661972046
244,0.31750941276550293
245,0.3171646296977997
246,0.3162369430065155
247,0.31551581621170044
248,0.31547167897224426
249,0.3150731027126312
250,0.31448492407798767
251,0.3143578767776489
252,0.3140051066875458
253,0.31385359168052673
254,0.31364262104034424
255,0.3133705258369446
256,0.3132733404636383
257,0.31307876110076904
258,0.31289538741111755
259,0.31271442770957947
260,0.3126178979873657
261,0.3125375509262085
262,0.3124106526374817
263,0.31226846575737
264,0.31198689341545105
265,0.3116360008716583
266,0.3108421266078949
267,0.31022951006889343
268,0.3092883825302124
269,0.3095194697380066
270,0.3073973059654236
271,0.3052433729171753
272,0.30293598771095276
273,0.3069726228713989
274,0.3018087148666382
275,0.301252156496048
276,0.30060964822769165
277,0.3006019592285156
278,0.3004925847053528
279,0.3003386855125427
280,0.3002001941204071
281,0.30010950565338135
282,0.30000433325767517
283,0.2999466359615326
284,0.29986846446990967
285,0.2997925579547882
286,0.29968783259391785
287,0.29953810572624207
288,0.2993132770061493
289,0.29895490407943726
290,0.29834097623825073
291,0.29868072271347046
292,0.29792162775993347
293,0.29734987020492554
294,0.29730224609375
295,0.2968842089176178
296,0.2961800992488861
297,0.2955598831176758
298,0.29492270946502686
299,0.29469504952430725
300,0.294287770986557
301,0.29374366998672485
302,0.29282495379447937
303,0.2927969992160797
304,0.292473167181015
305,0.29226139187812805
306,0.2912759482860565
307,0.2903998792171478
308,0.28915882110595703
309,0.28849416971206665
310,0.28827965259552
311,0.28940191864967346
312,0.2876797616481781
313,0.2875078022480011
314,0.28703582286834717
315,0.28689154982566833
316,0.28657424449920654
317,0.28657570481300354
318,0.28642329573631287
319,0.2861894369125366
320,0.28578001260757446
321,0.28549304604530334
322,0.28509950637817383
323,0.2869674563407898
324,0.2849356234073639
325,0.28484219312667847
326,0.28459659218788147
327,0.2843705713748932
328,0.28402945399284363
329,0.28653499484062195
330,0.2837928831577301
331,0.28330501914024353
332,0.28490427136421204
333,0.2830565273761749
334,0.2830670475959778
335,0.2828139066696167
336,0.28270450234413147
337,0.28258243203163147
338,0.28245046734809875
339,0.282349556684494
340,0.2822241485118866
341,0.28216391801834106
342,0.2821055054664612
343,0.28200647234916687
344,0.2819211781024933
345,0.2816774249076843
346,0.2815493643283844
347,0.2813956141471863
348,0.28104135394096375
349,0.28054535388946533
350,0.2800390422344208
351,0.27933192253112793
352,0.28105294704437256
353,0.2791110575199127
354,0.278835266828537
355,0.27842509746551514
356,0.2780470550060272
357,0.2777000963687897
358,0.2772713303565979
359,0.2768954336643219
360,0.2762048542499542
361,0.2775876224040985
362,0.27588173747062683
363,0.27570468187332153
364,0.27494606375694275
365,0.2744820713996887
366,0.2739068567752838
367,0.27331849932670593
368,0.2728300392627716
369,0.2722276449203491
370,0.2719554901123047
371,0.2723613381385803
372,0.271862268447876
373,0.2717679440975189
374,0.2717016339302063
375,0.2716738283634186
376,0.2715934216976166
377,0.27129894495010376
378,0.27087509632110596
379,0.27024418115615845
380,0.2701552212238312
381,0.26984554529190063
382,0.2695002257823944
383,0.26984721422195435
384,0.26937684416770935
385,0.2690979540348053
386,0.26873600482940674
387,0.26805493235588074
388,0.2672463357448578
389,0.2664737105369568
390,0.2658728361129761
391,0.26469630002975464
392,0.263393759727478
393,0.26170966029167175
394,0.2629837393760681
395,0.26066240668296814
396,0.25959014892578125
397,0.2589672803878784
398,0.2586401402950287
399,0.25815868377685547
400,0.25797218084335327
401,0.25785306096076965
402,0.25769203901290894
403,0.25758248567581177
404,0.25749197602272034
405,0.25744545459747314
406,0.2573692202568054
407,0.25720563530921936
408,0.2570660710334778
409,0.2568053603172302
410,0.2564365863800049
411,0.2559978663921356
412,0.2560078501701355
413,0.2556707262992859
414,0.2554585039615631
415,0.2548007369041443
416,0.2548235058784485
417,0.2538875341415405
418,0.252723753452301
419,0.25574731826782227
420,0.2517836093902588
421,0.2502591907978058
422,0.2497006356716156
423,0.24837619066238403
424,0.24781014025211334
425,0.24657896161079407
426,0.24543112516403198
427,0.24363581836223602
428,0.24131064116954803
429,0.24549078941345215
430,0.23948952555656433
431,0.24078117311000824
432,0.23796752095222473
433,0.23683801293373108
434,0.23703701794147491
435,0.23618236184120178
436,0.2370075285434723
437,0.23525913059711456
438,0.23474398255348206
439,0.2341618686914444
440,0.23395508527755737
441,0.2336006909608841
442,0.23342163860797882
443,0.23330649733543396
444,0.23325124382972717
445,0.23321211338043213
446,0.23315192759037018
447,0.23302778601646423
448,0.23277676105499268
449,0.23234663903713226
450,0.23216529190540314
451,0.23185919225215912
452,0.23175552487373352
453,0.23157410323619843
454,0.2314104288816452
455,0.23123669624328613
456,0.23113738000392914
457,0.23095659911632538
458,0.2307707667350769
459,0.23049965500831604
460,0.2301744669675827
461,0.229632169008255
462,0.2289808690547943
463,0.22844505310058594
464,0.22881677746772766
465,0.22822712361812592
466,0.22798645496368408
467,0.2277129739522934
468,0.2276208996772766
469,0.22755272686481476
470,0.22751504182815552
471,0.2274709790945053
472,0.2274322807788849
473,0.22736944258213043
474,0.22729697823524475
475,0.22723138332366943
476,0.22715942561626434
477,0.2271093726158142
478,0.22703051567077637
479,0.22694024443626404
480,0.22686918079853058
481,0.22676798701286316
482,0.22669099271297455
483,0.22663971781730652
484,0.2265697866678238
485,0.22649191319942474
486,0.22639358043670654
487,0.22619862854480743
488,0.22584986686706543
489,0.2251586765050888
490,0.2251514047384262
491,0.22475694119930267
492,0.22637256979942322
493,0.2244292050600052
494,0.2268560230731964
495,0.22413305938243866
496,0.22361768782138824
497,0.22338725626468658
498,0.22314903140068054
499,0.2229616492986679
500,0.22277092933654785
501,0.2225954681634903
502,0.22262713313102722
503,0.22244733572006226
504,0.22227005660533905
505,0.22198174893856049
506,0.22176562249660492
507,0.22171777486801147
508,0.221645325422287
509,0.22153069078922272
510,0.22139853239059448
511,0.22132688760757446
512,0.2212664783000946
513,0.22120237350463867
514,0.22115960717201233
515,0.22112193703651428
516,0.22110986709594727
517,0.22107449173927307
518,0.22105132043361664
519,0.22101037204265594
520,0.22081807255744934
521,0.22050879895687103
522,0.21991018950939178
523,0.21981486678123474
524,0.21950885653495789
525,0.21913601458072662
526,0.21881549060344696
527,0.21845337748527527
528,0.2181212157011032
529,0.21821081638336182
530,0.21753071248531342
531,0.21698251366615295
532,0.21616707742214203
533,0.2151491791009903
534,0.21441088616847992
535,0.21425560116767883
536,0.21407610177993774
537,0.21393251419067383
538,0.2135690152645111
539,0.21366868913173676
540,0.213422030210495
541,0.21327516436576843
542,0.21301580965518951
543,0.2128751575946808
544,0.21273520588874817
545,0.21262890100479126
546,0.2123575359582901
547,0.21224230527877808
548,0.21215878427028656
549,0.2119806408882141
550,0.21176844835281372
551,0.2113553285598755
552,0.21085232496261597
553,0.2103961706161499
554,0.21048504114151
555,0.21013391017913818
556,0.20992450416088104
557,0.2094912827014923
558,0.2093561887741089
559,0.20873679220676422
560,0.20847953855991364
561,0.2078315019607544
562,0.2073819786310196
563,0.20681872963905334
564,0.20637404918670654
565,0.20594340562820435
566,0.2056540548801422
567,0.20515471696853638
568,0.2048671990633011
569,0.2046581208705902
570,0.20439566671848297
571,0.20410341024398804
572,0.20357412099838257
573,0.20318856835365295
574,0.20314240455627441
575,0.20294925570487976
576,0.20267856121063232
577,0.20238880813121796
578,0.20181894302368164
579,0.2012590616941452
580,0.20365455746650696
581,0.20101812481880188
582,0.20106291770935059
583,0.20071282982826233
584,0.20020703971385956
585,0.2002236545085907
586,0.19989748299121857
587,0.19997623562812805
588,0.19969838857650757
589,0.2006964087486267
590,0.19962233304977417
591,0.19940821826457977
592,0.1992858350276947
593,0.19917702674865723
594,0.19909174740314484
595,0.19904091954231262
596,0.1989833563566208
597,0.19883468747138977
598,0.19863954186439514
599,0.1984155923128128
600,0.19818422198295593
601,0.1979714035987854
602,0.1978604793548584
603,0.19760684669017792
604,0.19730809330940247
605,0.19634750485420227
606,0.19587992131710052
607,0.19533251225948334
608,0.1948648989200592
609,0.19439543783664703
610,0.19418032467365265
611,0.1938362866640091
612,0.19363243877887726
613,0.19288258254528046
614,0.19250471889972687
615,0.1925070434808731
616,0.19224491715431213
617,0.19183708727359772
618,0.1917538046836853
619,0.19142985343933105
620,0.19126677513122559
621,0.19105841219425201
622,0.1909332275390625
623,0.19074474275112152
624,0.19068503379821777
625,0.19052481651306152
626,0.19045163691043854
627,0.19027015566825867
628,0.19016104936599731
629,0.19000299274921417
630,0.18988943099975586
631,0.18952703475952148
632,0.18933124840259552
633,0.18924130499362946
634,0.18909937143325806
635,0.18893326818943024
636,0.1887892633676529
637,0.1885773092508316
638,0.188242107629776
639,0.18822064995765686
640,0.1880873143672943
641,0.18796557188034058
642,0.18795213103294373
643,0.18787400424480438
644,0.18785153329372406
645,0.18776026368141174
646,0.18775026500225067
647,0.18767593801021576
648,0.18761801719665527
649,0.1875413954257965
650,0.18733912706375122
651,0.1871405392885208
652,0.18687720596790314
653,0.18635495007038116
654,0.18582983314990997
655,0.1854427009820938
656,0.18443645536899567
657,0.18341776728630066
658,0.18229074776172638
659,0.18184545636177063
660,0.18173372745513916
661,0.18130004405975342
662,0.18091648817062378
663,0.18061506748199463
664,0.18036240339279175
665,0.17987333238124847
666,0.17953521013259888
667,0.17911912500858307
668,0.1788051426410675
669,0.1786387860774994
670,0.1784202754497528
671,0.17820270359516144
672,0.1777014136314392
673,0.1772557497024536
674,0.17679928243160248
675,0.176389679312706
676,0.17623016238212585
677,0.17605338990688324
678,0.17582876980304718
679,0.17562131583690643
680,0.17558325827121735
681,0.17518553137779236
682,0.17475932836532593
683,0.1741778403520584
684,0.1738029569387436
685,0.1735548973083496
686,0.1732274442911148
687,0.17277011275291443
688,0.17255929112434387
689,0.17251308262348175
690,0.17223487794399261
691,0.17201556265354156
692,0.17174658179283142
693,0.1710929572582245
694,0.17056596279144287
695,0.17030707001686096
696,0.16941764950752258
697,0.1701759546995163
698,0.16896069049835205
699,0.16858138144016266
700,0.16806766390800476
701,0.1683623045682907
702,0.16754189133644104
703,0.16744856536388397
704,0.16721691191196442
705,0.16700626909732819
706,0.16677245497703552
707,0.16665790975093842
708,0.16649796068668365
709,0.16633015871047974
710,0.1662268489599228
711,0.1662132740020752
712,0.16613498330116272
713,0.16610530018806458
714,0.1660645455121994
715,0.16601809859275818
716,0.16593611240386963
717,0.16582654416561127
718,0.16574899852275848
719,0.16566187143325806
720,0.16562055051326752
721,0.16552148759365082
722,0.16546154022216797
723,0.16541852056980133
724,0.16538013517856598
725,0.16534632444381714
726,0.1653124839067459
727,0.16526730358600616
728,0.16520796716213226
729,0.16515187919139862
730,0.1649864912033081
731,0.16471362113952637
732,0.16427716612815857
733,0.16375164687633514
734,0.16286873817443848
735,0.16263245046138763
736,0.16216444969177246
737,0.16725565493106842
738,0.161624476313591
739,0.16100715100765228
740,0.16065822541713715
741,0.1605873852968216
742,0.16043464839458466
743,0.16026033461093903
744,0.15998418629169464
745,0.15960265696048737
746,0.15977445244789124
747,0.15937183797359467
748,0.15922923386096954
749,0.15914583206176758
750,0.15907689929008484
751,0.158988356590271
752,0.15880881249904633
753,0.15871237218379974
754,0.1585472971200943
755,0.15845082700252533
756,0.15828199684619904
757,0.15816693007946014
758,0.15805932879447937
759,0.1579390913248062
760,0.15781758725643158
761,0.157699853181839
762,0.1575712412595749
763,0.15749269723892212
764,0.15741696953773499
765,0.15736868977546692
766,0.15729860961437225
767,0.1572587788105011
768,0.15721985697746277
769,0.15715615451335907
770,0.1570824235677719
771,0.15700258314609528
772,0.1568477600812912
773,0.15669351816177368
774,0.15657579898834229
775,0.15652203559875488
776,0.1564631313085556
777,0.15643787384033203
778,0.15638762712478638
779,0.15633012354373932
780,0.15627531707286835
781,0.15624114871025085
782,0.1562240570783615
783,0.1562124341726303
784,0.15619483590126038
785,0.1561756283044815
786,0.15615154802799225
787,0.15612800419330597
788,0.15609826147556305
789,0.1560629904270172
790,0.1560174524784088
791,0.15597625076770782
792,0.15592405200004578
793,0.15588650107383728
794,0.15586374700069427
795,0.15584459900856018
796,0.1558232456445694
797,0.15577347576618195
798,0.15566399693489075
799,0.1554638147354126
800,0.15515948832035065
801,0.15551185607910156
802,0.1550035923719406
803,0.15478651225566864
804,0.15647315979003906
805,0.15456783771514893
806,0.15439021587371826
807,0.15404660999774933
808,0.15353304147720337
809,0.15734882652759552
810,0.1533028483390808
811,0.1588239222764969
812,0.15298430621623993
813,0.15274479985237122
814,0.15286566317081451
815,0.15209028124809265
816,0.18242527544498444
817,0.15170493721961975
818,0.1519574224948883
819,0.15137845277786255
820,0.15104340016841888
821,0.15059494972229004
822,0.15037329494953156
823,0.14981018006801605
824,0.149455264210701
825,0.14915049076080322
826,0.14913257956504822
827,0.1489562690258026
828,0.14881093800067902
829,0.14850348234176636
830,0.1482747197151184
831,0.14793425798416138
832,0.14750707149505615
833,0.1471947431564331
834,0.1470586359500885
835,0.14686745405197144
836,0.14681971073150635
837,0.14677593111991882
838,0.14674267172813416
839,0.1467243880033493
840,0.14668795466423035
841,0.1466108113527298
842,0.14653518795967102
843,0.14644388854503632
844,0.1463424414396286
845,0.1462322175502777
846,0.1460837572813034
847,0.1459515392780304
848,0.1457834541797638
849,0.1456834226846695
850,0.1456332802772522
851,0.14557619392871857
852,0.14551551640033722
853,0.14542585611343384
854,0.14533719420433044
855,0.14525239169597626
856,0.14521831274032593
857,0.14518067240715027
858,0.1451300084590912
859,0.1450745016336441
860,0.14500336349010468
861,0.14503489434719086
862,0.14495854079723358
863,0.144886314868927
864,0.14480087161064148
865,0.1447344571352005
866,0.14469733834266663
867,0.1446153074502945
868,0.14452455937862396
869,0.14436081051826477
870,0.14415761828422546
871,0.14393533766269684
872,0.14357919991016388
873,0.14326179027557373
874,0.14315930008888245
875,0.14302077889442444
876,0.1431189328432083
877,0.14277245104312897
878,0.14271807670593262
879,0.1424059122800827
880,0.14218612015247345
881,0.1418917328119278
882,0.14153437316417694
883,0.1415073722600937
884,0.14134886860847473
885,0.14124661684036255
886,0.1412087231874466
887,0.14109349250793457
888,0.1409931778907776
889,0.1408630758523941
890,0.14062710106372833
891,0.14048850536346436
892,0.14025479555130005
893,0.14023597538471222
894,0.14011885225772858
895,0.13994328677654266
896,0.1397741436958313
897,0.13954715430736542
898,0.13930802047252655
899,0.1389940083026886
900,0.13870055973529816
901,0.13843654096126556
902,0.1381596475839615
903,0.1379961520433426
904,0.13787302374839783
905,0.13768307864665985
906,0.13741138577461243
907,0.13708414137363434
908,0.1369072049856186
909,0.1369618922472
910,0.13673101365566254
911,0.1366737186908722
912,0.13657335937023163
913,0.1365278661251068
914,0.13647933304309845
915,0.1364220231771469
916,0.13638216257095337
917,0.13630947470664978
918,0.13624829053878784
919,0.13617563247680664
920,0.13610267639160156
921,0.13597455620765686
922,0.1358165293931961
923,0.1356242150068283
924,0.135395348072052
925,0.1351700872182846
926,0.13499751687049866
927,0.13484032452106476
928,0.13465078175067902
929,0.13455398380756378
930,0.13447913527488708
931,0.13442362844944
932,0.13438235223293304
933,0.13434623181819916
934,0.13430263102054596
935,0.13420434296131134
936,0.13415810465812683
937,0.13410836458206177
938,0.13405337929725647
939,0.13396604359149933
940,0.13388848304748535
941,0.1338481307029724
942,0.13378532230854034
943,0.13368509709835052
944,0.1335705667734146
945,0.13333526253700256
946,0.1329323798418045
947,0.13247092068195343
948,0.13283559679985046
949,0.13216650485992432
950,0.13211585581302643
951,0.13165713846683502
952,0.13071507215499878
953,0.13259749114513397
954,0.13006067276000977
955,0.1333891600370407
956,0.12951382994651794
957,0.12912841141223907
958,0.1290092170238495
959,0.12865200638771057
960,0.1287708729505539
961,0.12824520468711853
962,0.12777532637119293
963,0.12728796899318695
964,0.12686915695667267
965,0.1265849769115448
966,0.12652359902858734
967,0.12640252709388733
968,0.12620361149311066
969,0.12608446180820465
970,0.12587153911590576
971,0.12577253580093384
972,0.12561941146850586
973,0.12553824484348297
974,0.12533488869667053
975,0.1251247078180313
976,0.1251288652420044
977,0.12490250170230865
978,0.1249208152294159
979,0.12472852319478989
980,0.12442949414253235
981,0.12480717152357101
982,0.1241883784532547
983,0.12402484565973282
984,0.12384495139122009
985,0.12353798747062683
986,0.12328729033470154
987,0.12336143106222153
988,0.12314186245203018
989,0.12333054840564728
990,0.12307191640138626
991,0.12299894541501999
992,0.122952900826931
993,0.12283781170845032
994,0.12277290225028992
995,0.12271004170179367
996,0.12253767251968384
997,0.12234821170568466
998,0.12206324189901352
999,0.12179405242204666
1000,0.12156419456005096
1001,0.12181545048952103
1002,0.12122751772403717
1003,0.12121760100126266
1004,0.12087857723236084
1005,0.12052134424448013
1006,0.11994625627994537
1007,0.11933847516775131
1008,0.11890725046396255
1009,0.11913859844207764
1010,0.11839321255683899
1011,0.11828971654176712
1012,0.1176031231880188
1013,0.11724559217691422
1014,0.11690527945756912
1015,0.11659733951091766
1016,0.11624991148710251
1017,0.11584131419658661
1018,0.1154632568359375
1019,0.11510419845581055
1020,0.11468315124511719
1021,0.11383206397294998
1022,0.11370130628347397
1023,0.11326576769351959
1024,0.11291658878326416
1025,0.11267000436782837
1026,0.11209972947835922
1027,0.11143430322408676
1028,0.11100276559591293
1029,0.11067326366901398
1030,0.11051513999700546
1031,0.1102817952632904
1032,0.11013652384281158
1033,0.1100587248802185
1034,0.10973774641752243
1035,0.10956936329603195
1036,0.10935817658901215
1037,0.109162837266922
1038,0.10889197140932083
1039,0.1084659993648529
1040,0.10844233632087708
1041,0.10824084281921387
1042,0.10792707651853561
1043,0.10798464715480804
1044,0.10775156319141388
1045,0.10756882280111313
1046,0.1073916107416153
1047,0.1068236231803894
1048,0.106312096118927
1049,0.1059037521481514
1050,0.10554991662502289
1051,0.10535110533237457
1052,0.10507949441671371
1053,0.10487386584281921
1054,0.10444863140583038
1055,0.1039448231458664
1056,0.10437211394309998
1057,0.10370036214590073
1058,0.10342877358198166
1059,0.10328472405672073
1060,0.1031438410282135
1061,0.10309135168790817
1062,0.10302209109067917
1063,0.10294657200574875
1064,0.10286721587181091
1065,0.10276925563812256
1066,0.1026383489370346
1067,0.1023755818605423
1068,0.1021488755941391
1069,0.10198310762643814
1070,0.1018231064081192
1071,0.10170354694128036
1072,0.10171785950660706
1073,0.1016436517238617
1074,0.10154636949300766
1075,0.10139742493629456
1076,0.10126769542694092
1077,0.10112497955560684
1078,0.10093183070421219
1079,0.10082630068063736
1080,0.10056842863559723
1081,0.10047876089811325
1082,0.1003979742527008
1083,0.10033191740512848
1084,0.10026776790618896
1085,0.10019700229167938
1086,0.10006818920373917
1087,0.09996992349624634
1088,0.09987080097198486
1089,0.09979398548603058
1090,0.09966986626386642
1091,0.09955774247646332
1092,0.0993645116686821
1093,0.09914658218622208
1094,0.0987156331539154
1095,0.0981980636715889
1096,0.09809812158346176
1097,0.09765642136335373
1098,0.09782760590314865
1099,0.09706385433673859
1100,0.09680705517530441
1101,0.09907709807157516
1102,0.0958935096859932
1103,0.0953788235783577
1104,0.0953640267252922
1105,0.09508614987134933
1106,0.09483003616333008
1107,0.09478452056646347
1108,0.09452773630619049
1109,0.09426840394735336
1110,0.09419873356819153
1111,0.09408220648765564
1112,0.09394000470638275
1113,0.0937337726354599
1114,0.09339138120412827
1115,0.09330640733242035
1116,0.09318489581346512
1117,0.09316280484199524
1118,0.09310050308704376
1119,0.09306835383176804
1120,0.09300731122493744
1121,0.0928926095366478
1122,0.09282470494508743
1123,0.09271938353776932
1124,0.09254233539104462
1125,0.09245724976062775
1126,0.09248341619968414
1127,0.09239577502012253
1128,0.09235520660877228
1129,0.09229648113250732
1130,0.09224004298448563
1131,0.09218098968267441
1132,0.09211921691894531
1133,0.09205009788274765
1134,0.09192200005054474
1135,0.09178297221660614
1136,0.09164966642856598
1137,0.0915193259716034
1138,0.09143075346946716
1139,0.09138551354408264
1140,0.09130938351154327
1141,0.09125027060508728
1142,0.09119568765163422
1143,0.09114547818899155
1144,0.09111333638429642
1145,0.09106840938329697
1146,0.09100884199142456
1147,0.09089313447475433
1148,0.09068533778190613
1149,0.090555340051651
1150,0.09030534327030182
1151,0.09005729854106903
1152,0.09004490822553635
1153,0.08991008251905441
1154,0.08978015184402466
1155,0.08971263468265533
1156,0.08941058814525604
1157,0.08923739939928055
1158,0.089014932513237
1159,0.08879387378692627
1160,0.08859193325042725
1161,0.08840962499380112
1162,0.08837905526161194
1163,0.08806031197309494
1164,0.08775230497121811
1165,0.08740174025297165
1166,0.08750170469284058
1167,0.08704721927642822
1168,0.08687543123960495
1169,0.08660481870174408
1170,0.08632393181324005
1171,0.08593454957008362
1172,0.08525778353214264
1173,0.08448433130979538
1174,0.0839284136891365
1175,0.08377394825220108
1176,0.08337350189685822
1177,0.08451894670724869
1178,0.08325054496526718
1179,0.08315210044384003
1180,0.0828368067741394
1181,0.08274418860673904
1182,0.08269618451595306
1183,0.08255040645599365
1184,0.08247295022010803
1185,0.0823795273900032
1186,0.08225370198488235
1187,0.08220039308071136
1188,0.08216547966003418
1189,0.08212141692638397
1190,0.08206367492675781
1191,0.08199690282344818
1192,0.08194805681705475
1193,0.08190857619047165
1194,0.08186745643615723
1195,0.08178554475307465
1196,0.08166496455669403
1197,0.08150030672550201
1198,0.08134809136390686
1199,0.08127544075250626
1200,0.08122006803750992
1201,0.08121636509895325
1202,0.08119836449623108
1203,0.08117546141147614
1204,0.08116203546524048
1205,0.0810389295220375
1206,0.08094511926174164
1207,0.08074641972780228
1208,0.08048968017101288
1209,0.0804072692990303
1210,0.08026795089244843
1211,0.0826730951666832
1212,0.08005532622337341
1213,0.08000150322914124
1214,0.07989764213562012
1215,0.07987111061811447
1216,0.0798630341887474
1217,0.07983749359846115
1218,0.07982487231492996
1219,0.07980091869831085
1220,0.07977207750082016
1221,0.07974918186664581
1222,0.07972457259893417
1223,0.07968594133853912
1224,0.07963422685861588
1225,0.07954778522253036
1226,0.07941658049821854
1227,0.07911514490842819
1228,0.07896861433982849
1229,0.08065306395292282
1230,0.0787862166762352
1231,0.0799078494310379
1232,0.07846184819936752
1233,0.07835213094949722
1234,0.07820834219455719
1235,0.07806073129177094
1236,0.07798662036657333
1237,0.07786745578050613
1238,0.07781806588172913
1239,0.07774864882230759
1240,0.07783310860395432
1241,0.07769913226366043
1242,0.07767749577760696
1243,0.0776175707578659
1244,0.07751429080963135
1245,0.07741306722164154
1246,0.07721666991710663
1247,0.0770178809762001
1248,0.07666679471731186
1249,0.0766177847981453
1250,0.07652198523283005
1251,0.07611799240112305
1252,0.07722751796245575
1253,0.07585710287094116
1254,0.07570729404687881
1255,0.07620859146118164
1256,0.07545958459377289
1257,0.07894094288349152
1258,0.07499133050441742
1259,0.07445673644542694
1260,0.07391563802957535
1261,0.07344771176576614
1262,0.07324277609586716
1263,0.0755583718419075
1264,0.07282162457704544
1265,0.07292639464139938
1266,0.07239063084125519
1267,0.07192380726337433
1268,0.07099250704050064
1269,0.07242783904075623
1270,0.07051530480384827
1271,0.07211688160896301
1272,0.07004743069410324
1273,0.06986057013273239
1274,0.06963739544153214
1275,0.06977339088916779
1276,0.06946586817502975
1277,0.07386776059865952
1278,0.0692145898938179
1279,0.06902225315570831
1280,0.06888248026371002
1281,0.06853312253952026
1282,0.06835013628005981
1283,0.06804962456226349
1284,0.06770892441272736
1285,0.06746010482311249
1286,0.06722550839185715
1287,0.06699220836162567
1288,0.06683617830276489
1289,0.06674965471029282
1290,0.0665891170501709
1291,0.06651611626148224
1292,0.06642275303602219
1293,0.0663435161113739
1294,0.06623730063438416
1295,0.06607115268707275
1296,0.06582006067037582
1297,0.06544607877731323
1298,0.06514319032430649
1299,0.06501124054193497
1300,0.06481242924928665
1301,0.0647052526473999
1302,0.06461476534605026
1303,0.06451617926359177
1304,0.06441161036491394
1305,0.06428806483745575
1306,0.06413082033395767
1307,0.06391722708940506
1308,0.06355921924114227
1309,0.06332209706306458
1310,0.0630180686712265
1311,0.06297676265239716
1312,0.06275142729282379
1313,0.06257954984903336
1314,0.06229590252041817
1315,0.061981093138456345
1316,0.061815086752176285
1317,0.061435259878635406
1318,0.060983967036008835
1319,0.06063782423734665
1320,0.060550324618816376
1321,0.06035448983311653
1322,0.060185179114341736
1323,0.0599624440073967
1324,0.05996852368116379
1325,0.05986664816737175
1326,0.059775762259960175
1327,0.05975944548845291
1328,0.05969721078872681
1329,0.059657949954271317
1330,0.05959386005997658
1331,0.05951674282550812
1332,0.05947872996330261
1333,0.059427618980407715
1334,0.05930439382791519
1335,0.059091322124004364
1336,0.05887020379304886
1337,0.05859830230474472
1338,0.058408915996551514
1339,0.05835709720849991
1340,0.05813257768750191
1341,0.05803385004401207
1342,0.05791262164711952
1343,0.05784548819065094
1344,0.05776011943817139
1345,0.05765679106116295
1346,0.05753118917346001
1347,0.057332299649715424
1348,0.05710114911198616
1349,0.056917838752269745
1350,0.05733504518866539
1351,0.05684061720967293
1352,0.05671299248933792
1353,0.05684984102845192
1354,0.05661587044596672
1355,0.056628912687301636
1356,0.05653046816587448
1357,0.0564303994178772
1358,0.05630548670887947
1359,0.05622673034667969
1360,0.05619543790817261
1361,0.05614379048347473
1362,0.05611661821603775
1363,0.05606092885136604
1364,0.05599090829491615
1365,0.05584517493844032
1366,0.05556272715330124
1367,0.05519302189350128
1368,0.0557093620300293
1369,0.05499758943915367
1370,0.05467783287167549
1371,0.05450698733329773
1372,0.05452003702521324
1373,0.05435406416654587
1374,0.05425823852419853
1375,0.05413583293557167
1376,0.05398416519165039
1377,0.05382543057203293
1378,0.05371634662151337
1379,0.053716015070676804
1380,0.05365899205207825
1381,0.05360586941242218
1382,0.05356869101524353
1383,0.05350880324840546
1384,0.05345969647169113
1385,0.05339072644710541
1386,0.05330439284443855
1387,0.05321410670876503
1388,0.053268563002347946
1389,0.053106050938367844
1390,0.05302656069397926
1391,0.05296003073453903
1392,0.052861537784338
1393,0.052800923585891724
1394,0.05273936316370964
1395,0.05270516127347946
1396,0.052655983716249466
1397,0.052631769329309464
1398,0.052603743970394135
1399,0.05257055163383484
1400,0.052507609128952026
1401,0.052460432052612305
1402,0.05243927985429764
1403,0.05242123827338219
1404,0.052402742207050323
1405,0.0523817203938961
1406,0.05236087366938591
1407,0.052317358553409576
1408,0.0522775799036026
1409,0.05221908539533615
1410,0.05216248333454132
1411,0.05209742859005928
1412,0.052017420530319214
1413,0.051953211426734924
1414,0.051852721720933914
1415,0.05173768103122711
1416,0.05166181921958923
1417,0.051572270691394806
1418,0.051447875797748566
1419,0.05135340243577957
1420,0.051201093941926956
1421,0.05121356621384621
1422,0.05105629190802574
1423,0.050895992666482925
1424,0.05085340887308121
1425,0.05078185349702835
1426,0.05070289224386215
1427,0.05067704617977142
1428,0.05065831542015076
1429,0.05064806714653969
1430,0.050639018416404724
1431,0.05060846731066704
1432,0.05058274045586586
1433,0.05055025592446327
1434,0.05053319036960602
1435,0.05052143707871437
1436,0.05051346868276596
1437,0.05050569400191307
1438,0.05049664527177811
1439,0.05047902092337608
1440,0.05046946555376053
1441,0.05045188218355179
1442,0.050440795719623566
1443,0.050427958369255066
1444,0.05041375383734703
1445,0.050374969840049744
1446,0.05032181367278099
1447,0.050265152007341385
1448,0.05019776150584221
1449,0.0500936321914196
1450,0.04994167760014534
1451,0.049835190176963806
1452,0.05012178793549538
1453,0.04976543039083481
1454,0.04961134493350983
1455,0.04960077628493309
1456,0.0495058074593544
1457,0.04943706467747688
1458,0.04936879500746727
1459,0.04924074560403824
1460,0.0492338091135025
1461,0.049171801656484604
1462,0.049068719148635864
1463,0.049024730920791626
1464,0.04889544099569321
1465,0.04883002117276192
1466,0.04880060628056526
1467,0.048773132264614105
1468,0.048800092190504074
1469,0.04875100404024124
1470,0.04871668294072151
1471,0.04868322238326073
1472,0.04861510172486305
1473,0.048568837344646454
1474,0.048526469618082047
1475,0.04850360006093979
1476,0.04846632853150368
1477,0.048423491418361664
1478,0.048361849039793015
1479,0.048305124044418335
1480,0.04820680618286133
1481,0.04814174771308899
1482,0.04826715961098671
1483,0.04798148199915886
1484,0.047882288694381714
1485,0.047751735895872116
1486,0.047674816101789474
1487,0.047587111592292786
1488,0.04764575511217117
1489,0.047488559037446976
1490,0.04739169403910637
1491,0.04727218300104141
1492,0.04718346148729324
1493,0.04701594263315201
1494,0.046897366642951965
1495,0.04695229232311249
1496,0.0468401201069355
1497,0.04673001170158386
1498,0.04655952379107475
1499,0.046432703733444214
1500,0.04632817208766937
1501,0.04623044654726982
1502,0.04618137702345848
1503,0.04610532149672508
1504,0.046029120683670044
1505,0.045989226549863815
1506,0.04595622792840004
1507,0.045931294560432434
1508,0.04592163860797882
1509,0.04590395465493202
1510,0.04588860645890236
1511,0.04587104916572571
1512,0.04584983363747597
1513,0.045825790613889694
1514,0.04580548033118248
1515,0.04578281193971634
1516,0.0457627959549427
1517,0.04573690891265869
1518,0.04568840563297272
1519,0.04560094326734543
1520,0.04545574635267258
1521,0.045311182737350464
1522,0.04517018049955368
1523,0.045188210904598236
1524,0.04507346823811531
1525,0.04499788582324982
1526,0.044917378574609756
1527,0.04473605751991272
1528,0.044588036835193634
1529,0.04444746673107147
1530,0.04445752128958702
1531,0.044332973659038544
1532,0.04421849921345711
1533,0.044185589998960495
1534,0.04414164274930954
1535,0.04412049427628517
1536,0.044071950018405914
1537,0.044002849608659744
1538,0.04398176819086075
1539,0.043934985995292664
1540,0.04388296976685524
1541,0.04382699728012085
1542,0.04374818503856659
1543,0.04368932172656059
1544,0.043636810034513474
1545,0.043586790561676025
1546,0.04354548081755638
1547,0.043500225991010666
1548,0.043477725237607956
1549,0.04345178231596947
1550,0.04342952370643616
1551,0.043402086943387985
1552,0.0433376282453537
1553,0.04325874149799347
1554,0.04310983791947365
1555,0.042899150401353836
1556,0.042724501341581345
1557,0.042569391429424286
1558,0.04249964654445648
1559,0.042266104370355606
1560,0.042146410793066025
1561,0.041988056153059006
1562,0.04183996468782425
1563,0.04175522178411484
1564,0.04172598943114281
1565,0.041652895510196686
1566,0.04158879444003105
1567,0.041551124304533005
1568,0.0415019653737545
1569,0.041460130363702774
1570,0.041434396058321
1571,0.04138783738017082
1572,0.04131942242383957
1573,0.04126981645822525
1574,0.04117332398891449
1575,0.04109301045536995
1576,0.04100164771080017
1577,0.040889620780944824
1578,0.04086650162935257
1579,0.04099169373512268
1580,0.04076310992240906
1581,0.04082993417978287
1582,0.0406617633998394
1583,0.04061785712838173
1584,0.040569763630628586
1585,0.040543701499700546
1586,0.04049871116876602
1587,0.04044581577181816
1588,0.04039166122674942
1589,0.04035595804452896
1590,0.04032444581389427
1591,0.04029503092169762
1592,0.04026086628437042
1593,0.04022631421685219
1594,0.04016600549221039
1595,0.040105290710926056
1596,0.04002934321761131
1597,0.04001037776470184
1598,0.03994949534535408
1599,0.03992784023284912
1600,0.039906106889247894
1601,0.039888784289360046
1602,0.03987213224172592
1603,0.03985694795846939
1604,0.03985358402132988
1605,0.03984268009662628
1606,0.039836905896663666
1607,0.03982754051685333
1608,0.03981798142194748
1609,0.03981071338057518
1610,0.03980403393507004
1611,0.03979656100273132
1612,0.03978525102138519
1613,0.03976214677095413
1614,0.039724200963974
1615,0.039671700447797775
1616,0.039631690829992294
1617,0.03957139328122139
1618,0.040166597813367844
1619,0.03954498842358589
1620,0.039503563195466995
1621,0.039444878697395325
1622,0.03937617689371109
1623,0.039248026907444
1624,0.04034968838095665
1625,0.039153289049863815
1626,0.039022233337163925
1627,0.03889615833759308
1628,0.03886794298887253
1629,0.038745053112506866
1630,0.03866714984178543
1631,0.03859009966254234
1632,0.038438282907009125
1633,0.0383744016289711
1634,0.038340967148542404
1635,0.03846372291445732
1636,0.03821159899234772
1637,0.03809474781155586
1638,0.03802800551056862
1639,0.03790312632918358
1640,0.03790467604994774
1641,0.037865132093429565
1642,0.037848543375730515
1643,0.03778034448623657
1644,0.03772207722067833
1645,0.03767528012394905
1646,0.03763387352228165
1647,0.03758838400244713
1648,0.037535037845373154
1649,0.03752368688583374
1650,0.03750583156943321
1651,0.037472210824489594
1652,0.03739989548921585
1653,0.03735768049955368
1654,0.03732707351446152
1655,0.03729691356420517
1656,0.03726106882095337
1657,0.037194617092609406
1658,0.03710205480456352
1659,0.037005603313446045
1660,0.036911580711603165
1661,0.037889692932367325
1662,0.03687325492501259
1663,0.03676380589604378
1664,0.03668411076068878
1665,0.03658784553408623
1666,0.03650898113846779
1667,0.03649378567934036
1668,0.03645605221390724
1669,0.03639330714941025
1670,0.03635586425662041
1671,0.036287572234869
1672,0.036222588270902634
1673,0.036143794655799866
1674,0.0360674113035202
1675,0.03599574416875839
1676,0.035950917750597
1677,0.035945676267147064
1678,0.0359230563044548
1679,0.035883091390132904
1680,0.035833317786455154
1681,0.0358143113553524
1682,0.03578495606780052
1683,0.03572462499141693
1684,0.035680294036865234
1685,0.03570376709103584
1686,0.035651594400405884
1687,0.03560726344585419
1688,0.0355728380382061
1689,0.03552921488881111
1690,0.03550943359732628
1691,0.035467736423015594
1692,0.035442084074020386
1693,0.03539982810616493
1694,0.035390403121709824
1695,0.03668862208724022
1696,0.035354841500520706
1697,0.03529044985771179
1698,0.03523944318294525
1699,0.03510900214314461
1700,0.03494945168495178
1701,0.03493263199925423
1702,0.03488093242049217
1703,0.03483341261744499
1704,0.034834496676921844
1705,0.03480283543467522
1706,0.034771159291267395
1707,0.03470709174871445
1708,0.03461991995573044
1709,0.03502912074327469
1710,0.034569151699543
1711,0.03448161110281944
1712,0.03438172861933708
1713,0.03430040553212166
1714,0.03426573425531387
1715,0.03417966514825821
1716,0.034237273037433624
1717,0.03412117809057236
1718,0.03412218019366264
1719,0.03406841307878494
1720,0.034027259796857834
1721,0.033969029784202576
1722,0.0339285209774971
1723,0.033872250467538834
1724,0.03386589139699936
1725,0.03382260352373123
1726,0.03375820815563202
1727,0.03374575823545456
1728,0.03366226330399513
1729,0.03362223505973816
1730,0.033573590219020844
1731,0.03353983163833618
1732,0.03350548818707466
1733,0.033466968685388565
1734,0.03345184028148651
1735,0.03343462571501732
1736,0.0334211103618145
1737,0.033401969820261
1738,0.033402957022190094
1739,0.03339261934161186
1740,0.03337825462222099
1741,0.03335771709680557
1742,0.03333840146660805
1743,0.03330198675394058
1744,0.03330105170607567
1745,0.03327905386686325
1746,0.03324092552065849
1747,0.03319338709115982
1748,0.033283963799476624
1749,0.033152882009744644
1750,0.03309140354394913
1751,0.033050961792469025
1752,0.033168818801641464
1753,0.03299873322248459
1754,0.032965295016765594
1755,0.03294450044631958
1756,0.0329209566116333
1757,0.03291219472885132
1758,0.03289716690778732
1759,0.03288381174206734
1760,0.03287377208471298
1761,0.032865896821022034
1762,0.03285876289010048
1763,0.03284876421093941
1764,0.03285438194870949
1765,0.032839253544807434
1766,0.03281368315219879
1767,0.032783299684524536
1768,0.03274550661444664
1769,0.03273516520857811
1770,0.032686300575733185
1771,0.03265071660280228
1772,0.032603275030851364
1773,0.032573144882917404
1774,0.03254339471459389
1775,0.03253437206149101
1776,0.032516974955797195
1777,0.0325058288872242
1778,0.032491281628608704
1779,0.03248114511370659
1780,0.03247100114822388
1781,0.03245874494314194
1782,0.03243367746472359
1783,0.032386645674705505
1784,0.032342441380023956
1785,0.03231026977300644
1786,0.032294873148202896
1787,0.03225568309426308
1788,0.0322238951921463
1789,0.0321769043803215
1790,0.032117560505867004
1791,0.03207718953490257
1792,0.03203689679503441
1793,0.032017383724451065
1794,0.03198319673538208
1795,0.03194921091198921
1796,0.03190445527434349
1797,0.03185330703854561
1798,0.03179240971803665
1799,0.03173770755529404
1800,0.03170503303408623
1801,0.03167486563324928
1802,0.03165563941001892
1803,0.03163425251841545
1804,0.03161133453249931
1805,0.03158974647521973
1806,0.03154526650905609
1807,0.031504787504673004
1808,0.03146364167332649
1809,0.031427543610334396
1810,0.03139263764023781
1811,0.031338129192590714
1812,0.03131181374192238
1813,0.031262561678886414
1814,0.031208913773298264
1815,0.03112974762916565
1816,0.031040161848068237
1817,0.03109661675989628
1818,0.03100597858428955
1819,0.030932607129216194
1820,0.030830450356006622
1821,0.030760006979107857
1822,0.030698178336024284
1823,0.03066299855709076
1824,0.030636094510555267
1825,0.030595168471336365
1826,0.030527323484420776
1827,0.03046162985265255
1828,0.03037804737687111
1829,0.030314169824123383
1830,0.030305054038763046
1831,0.030330734327435493
1832,0.03026835061609745
1833,0.03026573918759823
1834,0.030241671949625015
1835,0.03022375889122486
1836,0.030197717249393463
1837,0.030156027525663376
1838,0.030123595148324966
1839,0.030099540948867798
1840,0.03007829189300537
1841,0.030041556805372238
1842,0.02998938411474228
1843,0.02994542010128498
1844,0.02988233044743538
1845,0.02988545596599579
1846,0.029847029596567154
1847,0.02981426753103733
1848,0.029757017269730568
1849,0.029730848968029022
1850,0.02969972789287567
1851,0.029677659273147583
1852,0.029660353437066078
1853,0.029642008244991302
1854,0.029623400419950485
1855,0.02960020862519741
1856,0.029569417238235474
1857,0.02953030914068222
1858,0.029484644532203674
1859,0.029438873752951622
1860,0.029382992535829544
1861,0.029330534860491753
1862,0.02929428592324257
1863,0.029251733794808388
1864,0.02919776551425457
1865,0.029134176671504974
1866,0.02909611538052559
1867,0.029136374592781067
1868,0.029057888314127922
1869,0.02904471568763256
1870,0.02899009920656681
1871,0.028955738991498947
1872,0.02890254743397236
1873,0.028870906680822372
1874,0.028864072635769844
1875,0.028835566714406013
1876,0.028810488060116768
1877,0.028806466609239578
1878,0.028773535043001175
1879,0.028752082958817482
1880,0.02872101403772831
1881,0.028687454760074615
1882,0.028653623536229134
1883,0.028632160276174545
1884,0.0285998173058033
1885,0.02857472188770771
1886,0.028550999239087105
1887,0.02853170409798622
1888,0.028513437137007713
1889,0.02850075252354145
1890,0.02849876880645752
1891,0.028484802693128586
1892,0.02846255898475647
1893,0.028434820473194122
1894,0.028409073129296303
1895,0.028374869376420975
1896,0.028328806161880493
1897,0.02827877178788185
1898,0.028203215450048447
1899,0.028097406029701233
1900,0.02802460826933384
1901,0.027977608144283295
1902,0.0279540978372097
1903,0.027910226956009865
1904,0.02787606231868267
1905,0.02791534923017025
1906,0.027853135019540787
1907,0.027860626578330994
1908,0.027826204895973206
1909,0.027805006131529808
1910,0.027795055881142616
1911,0.027783535420894623
1912,0.02775975689291954
1913,0.027747606858611107
1914,0.0277313943952322
1915,0.027726706117391586
1916,0.02771417796611786
1917,0.027706164866685867
1918,0.027696553617715836
1919,0.02768731489777565
1920,0.027678702026605606
1921,0.027669260278344154
1922,0.027659956365823746
1923,0.027652259916067123
1924,0.027643883600831032
1925,0.027624253183603287
1926,0.027603836730122566
1927,0.027564236894249916
1928,0.027533752843737602
1929,0.02751283533871174
1930,0.027467237785458565
1931,0.027442261576652527
1932,0.027403762564063072
1933,0.02736625261604786
1934,0.02735244482755661
1935,0.02732906863093376
1936,0.02731981687247753
1937,0.027310069650411606
1938,0.027305347844958305
1939,0.02729981765151024
1940,0.02728949673473835
1941,0.027276355773210526
1942,0.02725738100707531
1943,0.02723042666912079
1944,0.027199232950806618
1945,0.027187196537852287
1946,0.02715710923075676
1947,0.027141675353050232
1948,0.027111642062664032
1949,0.02707829512655735
1950,0.027053406462073326
1951,0.027024364098906517
1952,0.02698846347630024
1953,0.02694839797914028
1954,0.02690848335623741
1955,0.026867642998695374
1956,0.026838647201657295
1957,0.026835286989808083
1958,0.026816079393029213
1959,0.026801519095897675
1960,0.02678600884974003
1961,0.0267604049295187
1962,0.026743613183498383
1963,0.026717225089669228
1964,0.02668502926826477
1965,0.02663266658782959
1966,0.026587987318634987
1967,0.026543065905570984
1968,0.02666693739593029
1969,0.026505880057811737
1970,0.026453230530023575
1971,0.026394646614789963
1972,0.026509549468755722
1973,0.026366164907813072
1974,0.026320230215787888
1975,0.026288213208317757
1976,0.026255927979946136
1977,0.026233602315187454
1978,0.026220090687274933
1979,0.026190664619207382
1980,0.026170047000050545
1981,0.026146458461880684
1982,0.026160981506109238
1983,0.026124095544219017
1984,0.02609614096581936
1985,0.02606780081987381
1986,0.026035234332084656
1987,0.026004837825894356
1988,0.025968123227357864
1989,0.02594057098031044
1990,0.02591426856815815
1991,0.025871727615594864
1992,0.025847766548395157
1993,0.025803126394748688
1994,0.02575981244444847
1995,0.0257332194596529
1996,0.025698985904455185
1997,0.0256726685911417
1998,0.025651011615991592
1999,0.025640230625867844
2000,0.02562764473259449
2001,0.025613294914364815
2002,0.025598227977752686
2003,0.025577537715435028
2004,0.025556515902280807
2005,0.02553897351026535
2006,0.02552080526947975
2007,0.025504928082227707
2008,0.025491155683994293
2009,0.025477781891822815
2010,0.02545999363064766
2011,0.02544420026242733
2012,0.025416336953639984
2013,0.025392789393663406
2014,0.02537725865840912
2015,0.025356709957122803
2016,0.025345267727971077
2017,0.02532821334898472
2018,0.025290613994002342
2019,0.025269975885748863
2020,0.025233259424567223
2021,0.025190791115164757
2022,0.025158032774925232
2023,0.025170784443616867
2024,0.025124821811914444
2025,0.025079933926463127
2026,0.025032293051481247
2027,0.02502843551337719
2028,0.025008827447891235
2029,0.024979162961244583
2030,0.024978484958410263
2031,0.02496383525431156
2032,0.024964291602373123
2033,0.02494555525481701
2034,0.02493293024599552
2035,0.02491944283246994
2036,0.02489793486893177
2037,0.024877674877643585
2038,0.024864977225661278
2039,0.024838488548994064
2040,0.02482459880411625
2041,0.02480967901647091
2042,0.024788858368992805
2043,0.024767404422163963
2044,0.024748729541897774
2045,0.02473537065088749
2046,0.02472521737217903
2047,0.02471262402832508
2048,0.02469012141227722
2049,0.02466227300465107
2050,0.024708641692996025
2051,0.02465043030679226
2052,0.024626081809401512
2053,0.0246090367436409
2054,0.024591686204075813
2055,0.024576328694820404
2056,0.024571077898144722
2057,0.024558084085583687
2058,0.024547243490815163
2059,0.024531681090593338
2060,0.024511683732271194
2061,0.024491896852850914
2062,0.024465830996632576
2063,0.024448266252875328
2064,0.02443752810359001
2065,0.024417990818619728
2066,0.02440483123064041
2067,0.024394210427999496
2068,0.024374540895223618
2069,0.024340195581316948
2070,0.024401603266596794
2071,0.024316271767020226
2072,0.024277858436107635
2073,0.024251971393823624
2074,0.024248775094747543
2075,0.02422768995165825
2076,0.0242136362940073
2077,0.024205397814512253
2078,0.024192288517951965
2079,0.024178912863135338
2080,0.024166621267795563
2081,0.024165155366063118
2082,0.024155642837285995
2083,0.024143896996974945
2084,0.024131018668413162
2085,0.02411712519824505
2086,0.0240947175770998
2087,0.024054763838648796
2088,0.024015160277485847
2089,0.023983251303434372
2090,0.02395504340529442
2091,0.023925140500068665
2092,0.023892272263765335
2093,0.02384757250547409
2094,0.02383536472916603
2095,0.02381042018532753
2096,0.023788869380950928
2097,0.023758137598633766
2098,0.023725192993879318
2099,0.02370137721300125
2100,0.023673025891184807
2101,0.023634029552340508
2102,0.02358739823102951
2103,0.023538533598184586
2104,0.023535678163170815
2105,0.02351829782128334
2106,0.02347039058804512
2107,0.023429639637470245
2108,0.02337772771716118
2109,0.02333843521773815
2110,0.023363454267382622
2111,0.023318585008382797
2112,0.02326500229537487
2113,0.02319083735346794
2114,0.02311246655881405
2115,0.023047586902976036
2116,0.02307567000389099
2117,0.022992566227912903
2118,0.022930869832634926
2119,0.02288723737001419
2120,0.022850677371025085
2121,0.022800331935286522
2122,0.02276909351348877
2123,0.022726768627762794
2124,0.022778792306780815
2125,0.022707700729370117
2126,0.02268615923821926
2127,0.0226539708673954
2128,0.022644609212875366
2129,0.022614791989326477
2130,0.02259615808725357
2131,0.022581588476896286
2132,0.022577019408345222
2133,0.022565729916095734
2134,0.02255810610949993
2135,0.022540723904967308
2136,0.02252139523625374
2137,0.022508714348077774
2138,0.022498957812786102
2139,0.02249046415090561
2140,0.022482803091406822
2141,0.02247321978211403
2142,0.022459957748651505
2143,0.022462382912635803
2144,0.022449050098657608
2145,0.022428490221500397
2146,0.022407233715057373
2147,0.022399939596652985
2148,0.022381309419870377
2149,0.022360507398843765
2150,0.022340696305036545
2151,0.022313548251986504
2152,0.02228269912302494
2153,0.022266296669840813
2154,0.022254515439271927
2155,0.022212674841284752
2156,0.022208215668797493
2157,0.022194478660821915
2158,0.022181935608386993
2159,0.022169163450598717
2160,0.022153478115797043
2161,0.022141361609101295
2162,0.0221233107149601
2163,0.02210659347474575
2164,0.022091370075941086
2165,0.0220742616802454
2166,0.0220580343157053
2167,0.02204994484782219
2168,0.022045332938432693
2169,0.02202904038131237
2170,0.02202393114566803
2171,0.02201668731868267
2172,0.022006584331393242
2173,0.0219974834471941
2174,0.021985922008752823
2175,0.021974822506308556
2176,0.021969299763441086
2177,0.02196071483194828
2178,0.021953502669930458
2179,0.02194504253566265
2180,0.021938404068350792
2181,0.021931303665041924
2182,0.021925095468759537
2183,0.021919317543506622
2184,0.02191483974456787
2185,0.021909568458795547
2186,0.021933386102318764
2187,0.021904287859797478
2188,0.021893924102187157
2189,0.02187909185886383
2190,0.0218582134693861
2191,0.021837759763002396
2192,0.021835720166563988
2193,0.02182394079864025
2194,0.021806715056300163
2195,0.02178741618990898
2196,0.02176089584827423
2197,0.021716641262173653
2198,0.02169056423008442
2199,0.02174486219882965
2200,0.021676525473594666
2201,0.02166079729795456
2202,0.02163357473909855
2203,0.021603131666779518
2204,0.021559249609708786
2205,0.021575769409537315
2206,0.021539758890867233
2207,0.021499454975128174
2208,0.021473316475749016
2209,0.021416954696178436
2210,0.021379441022872925
2211,0.02134343795478344
2212,0.021271172910928726
2213,0.02123444527387619
2214,0.021204693242907524
2215,0.021182352676987648
2216,0.021171053871512413
2217,0.021149462088942528
2218,0.021133119240403175
2219,0.021110717207193375
2220,0.021080221980810165
2221,0.021058762446045876
2222,0.021042926236987114
2223,0.02103743515908718
2224,0.021027179434895515
2225,0.02101937122642994
2226,0.021011080592870712
2227,0.02099383808672428
2228,0.020991627126932144
2229,0.02098068781197071
2230,0.020977232605218887
2231,0.020974231883883476
2232,0.0209734495729208
2233,0.020972350612282753
2234,0.020971057936549187
2235,0.020970206707715988
2236,0.020968513563275337
2237,0.02097158692777157
2238,0.02096700109541416
2239,0.02096187323331833
2240,0.021010853350162506
2241,0.02095807157456875
2242,0.020944083109498024
2243,0.0209188349545002
2244,0.020901385694742203
2245,0.021012036129832268
2246,0.020887017250061035
2247,0.020863397046923637
2248,0.020831001922488213
2249,0.02082468569278717
2250,0.020814556628465652
2251,0.02079060673713684
2252,0.020756736397743225
2253,0.020791813731193542
2254,0.0207397248595953
2255,0.02072540856897831
2256,0.020704861730337143
2257,0.020693408325314522
2258,0.020671403035521507
2259,0.02065122500061989
2260,0.020610639825463295
2261,0.020559202879667282
2262,0.02053556777536869
2263,0.020498184487223625
2264,0.02045510895550251
2265,0.02041175775229931
2266,0.020360242575407028
2267,0.020336544141173363
2268,0.02044079080224037
2269,0.02028961293399334
2270,0.020324544981122017
2271,0.020254280418157578
2272,0.020222539082169533
2273,0.020189665257930756
2274,0.020168209448456764
2275,0.020148444920778275
2276,0.020109158009290695
2277,0.02003972791135311
2278,0.01996317133307457
2279,0.019907742738723755
2280,0.019811240956187248
2281,0.019812747836112976
2282,0.019777316600084305
2283,0.019748808816075325
2284,0.019720224663615227
2285,0.019699834287166595
2286,0.01966976374387741
2287,0.019616741687059402
2288,0.019581755623221397
2289,0.01952960714697838
2290,0.019450703635811806
2291,0.019400333985686302
2292,0.019352208822965622
2293,0.019330233335494995
2294,0.019304711371660233
2295,0.01928771659731865
2296,0.01926346682012081
2297,0.019227715209126472
2298,0.019195957109332085
2299,0.019174613058567047
2300,0.019156284630298615
2301,0.019132493063807487
2302,0.01911737211048603
2303,0.019105684012174606
2304,0.019095730036497116
2305,0.019088558852672577
2306,0.01908518560230732
2307,0.019081246107816696
2308,0.01907774619758129
2309,0.01907205954194069
2310,0.01906500570476055
2311,0.01905282586812973
2312,0.01904473267495632
2313,0.01903240755200386
2314,0.01902584731578827
2315,0.0190143883228302
2316,0.01900376006960869
2317,0.018988298252224922
2318,0.018978707492351532
2319,0.018971337005496025
2320,0.01896389201283455
2321,0.01895599439740181
2322,0.018943358212709427
2323,0.01893261820077896
2324,0.01892298087477684
2325,0.018915142863988876
2326,0.018911872059106827
2327,0.018906231969594955
2328,0.018902180716395378
2329,0.018896393477916718
2330,0.01888863742351532
2331,0.01887950487434864
2332,0.018867168575525284
2333,0.018858540803194046
2334,0.018860872834920883
2335,0.01885019987821579
2336,0.01884138397872448
2337,0.01882839761674404
2338,0.018811499699950218
2339,0.01880139857530594
2340,0.018789829686284065
2341,0.018777169287204742
2342,0.01876419596374035
2343,0.018748139962553978
2344,0.018731819465756416
2345,0.018721899017691612
2346,0.018708551302552223
2347,0.018686557188630104
2348,0.018655696883797646
2349,0.018638987094163895
2350,0.01860230788588524
2351,0.018580643460154533
2352,0.018558651208877563
2353,0.018551014363765717
2354,0.018540792167186737
2355,0.018515460193157196
2356,0.01846758835017681
2357,0.018447596579790115
2358,0.018433354794979095
2359,0.018417349085211754
2360,0.018405379727482796
2361,0.01838458515703678
2362,0.01836124248802662
2363,0.01833307556807995
2364,0.01832295022904873
2365,0.018311068415641785
2366,0.018295681104063988
2367,0.018282638862729073
2368,0.0182613767683506
2369,0.018238449469208717
2370,0.018224896863102913
2371,0.018202736973762512
2372,0.018181445077061653
2373,0.01813236065208912
2374,0.018177516758441925
2375,0.018071027472615242
2376,0.018016770482063293
2377,0.017928417772054672
2378,0.017859013751149178
2379,0.017822200432419777
2380,0.01792607642710209
2381,0.017774254083633423
2382,0.017775941640138626
2383,0.017751138657331467
2384,0.01772933267056942
2385,0.017702026292681694
2386,0.01766911894083023
2387,0.017631694674491882
2388,0.017581665888428688
2389,0.017525486648082733
2390,0.017470231279730797
2391,0.017431698739528656
2392,0.017373912036418915
2393,0.017338711768388748
2394,0.017305435612797737
2395,0.017268257215619087
2396,0.01725754141807556
2397,0.017223430797457695
2398,0.01720474101603031
2399,0.017166659235954285
2400,0.017125293612480164
2401,0.017126822844147682
2402,0.017098214477300644
2403,0.017069054767489433
2404,0.017044926062226295
2405,0.017031479626893997
2406,0.01701895333826542
2407,0.01700006052851677
2408,0.016990812495350838
2409,0.016971353441476822
2410,0.016954194754362106
2411,0.0169405248016119
2412,0.01693030260503292
2413,0.01692207157611847
2414,0.016913507133722305
2415,0.016903603449463844
2416,0.016895119100809097
2417,0.016894889995455742
2418,0.01689174212515354
2419,0.016885777935385704
2420,0.016882454976439476
2421,0.016878990456461906
2422,0.016876468434929848
2423,0.016872357577085495
2424,0.01686578243970871
2425,0.01685643196105957
2426,0.016843628138303757
2427,0.01683058962225914
2428,0.016810353845357895
2429,0.01678856834769249
2430,0.016760287806391716
2431,0.016739118844270706
2432,0.016730614006519318
2433,0.016731319949030876
2434,0.016721419990062714
2435,0.016713067889213562
2436,0.016705164685845375
2437,0.016686251387000084
2438,0.016673322767019272
2439,0.016647212207317352
2440,0.01661771535873413
2441,0.016598055139183998
2442,0.01656731404364109
2443,0.016543516889214516
2444,0.01651303470134735
2445,0.016477471217513084
2446,0.016450585797429085
2447,0.016438700258731842
2448,0.01640298403799534
2449,0.016386931762099266
2450,0.016365675255656242
2451,0.01633848063647747
2452,0.016323093324899673
2453,0.01632547751069069
2454,0.016315585002303123
2455,0.016307206824421883
2456,0.016294704750180244
2457,0.016283581033349037
2458,0.016276467591524124
2459,0.016268279403448105
2460,0.016257990151643753
2461,0.016245927661657333
2462,0.016229020431637764
2463,0.016208389773964882
2464,0.01619102992117405
2465,0.016172945499420166
2466,0.016157003119587898
2467,0.01621059514582157
2468,0.016146866604685783
2469,0.016131915152072906
2470,0.016110269352793694
2471,0.016098476946353912
2472,0.016081571578979492
2473,0.016060546040534973
2474,0.01605670154094696
2475,0.016037870198488235
2476,0.016033703461289406
2477,0.016027621924877167
2478,0.016022197902202606
2479,0.01604580692946911
2480,0.016014687716960907
2481,0.016001280397176743
2482,0.01598500832915306
2483,0.015968497842550278
2484,0.015957262367010117
2485,0.015940874814987183
2486,0.015920544043183327
2487,0.015895988792181015
2488,0.015873508527874947
2489,0.01586412452161312
2490,0.015847401693463326
2491,0.0158312376588583
2492,0.015815913677215576
2493,0.015810903161764145
2494,0.01580590382218361
2495,0.015800319612026215
2496,0.015792742371559143
2497,0.01578483171761036
2498,0.015778157860040665
2499,0.015771126374602318
2500,0.015763910487294197
2501,0.015756892040371895
2502,0.015795709565281868
2503,0.015754621475934982
2504,0.01574026234447956
2505,0.015725234523415565
2506,0.015721382573246956
2507,0.015706416219472885
2508,0.015681693330407143
2509,0.015661368146538734
2510,0.015637129545211792
2511,0.015616445802152157
2512,0.015614036470651627
2513,0.01559557393193245
2514,0.015576242469251156
2515,0.015550578013062477
2516,0.01552785374224186
2517,0.015510586090385914
2518,0.01549236848950386
2519,0.015472748316824436
2520,0.015438116155564785
2521,0.015432767570018768
2522,0.01541790273040533
2523,0.015414102002978325
2524,0.015385102480649948
2525,0.015340171754360199
2526,0.015304546803236008
2527,0.015270095318555832
2528,0.015241331420838833
2529,0.015207363292574883
2530,0.015174448490142822
2531,0.015178138390183449
2532,0.015155634842813015
2533,0.015136392787098885
2534,0.015127276070415974
2535,0.01511690579354763
2536,0.015111000277101994
2537,0.015103701502084732
2538,0.015093367546796799
2539,0.015085930936038494
2540,0.015073048882186413
2541,0.015055553987622261
2542,0.015049115754663944
2543,0.015040126629173756
2544,0.015029567293822765
2545,0.01502512488514185
2546,0.015015661716461182
2547,0.015005449764430523
2548,0.014987083151936531
2549,0.014972587116062641
2550,0.014966489747166634
2551,0.014953401871025562
2552,0.014948333613574505
2553,0.01494290679693222
2554,0.014936215244233608
2555,0.014929252676665783
2556,0.014917481690645218
2557,0.014902515336871147
2558,0.01489060465246439
2559,0.014881222508847713
2560,0.014871833845973015
2561,0.0148573387414217
2562,0.014836118556559086
2563,0.014810973778367043
2564,0.014786971732974052
2565,0.014763002283871174
2566,0.01474288571625948
2567,0.014788004569709301
2568,0.014737720601260662
2569,0.014729797840118408
2570,0.014725265093147755
2571,0.014720511622726917
2572,0.014714333228766918
2573,0.014708028174936771
2574,0.014731286093592644
2575,0.014702589251101017
2576,0.014692003838717937
2577,0.01467775646597147
2578,0.014683572575449944
2579,0.014673248864710331
2580,0.014666405506432056
2581,0.014660393819212914
2582,0.014654148370027542
2583,0.014645513147115707
2584,0.014637116342782974
2585,0.014634015038609505
2586,0.014626411721110344
2587,0.014623107388615608
2588,0.014616839587688446
2589,0.014611577615141869
2590,0.014608029276132584
2591,0.014602643437683582
2592,0.01460082083940506
2593,0.014595539309084415
2594,0.014590824954211712
2595,0.014585904777050018
2596,0.014580114744603634
2597,0.014581108465790749
2598,0.014576666057109833
2599,0.014570393599569798
2600,0.014561330899596214
2601,0.014559587463736534
2602,0.014553471468389034
2603,0.01455099880695343
2604,0.014547047205269337
2605,0.014537421986460686
2606,0.014526289887726307
2607,0.014546792022883892
2608,0.014520003460347652
2609,0.014504332095384598
2610,0.01448267512023449
2611,0.014468293637037277
2612,0.014511024579405785
2613,0.014460266567766666
2614,0.014453700743615627
2615,0.014440225437283516
2616,0.014431159943342209
2617,0.014428320340812206
2618,0.014421881176531315
2619,0.01441668439656496
2620,0.014412145130336285
2621,0.014407561160624027
2622,0.014401010237634182
2623,0.014396379701793194
2624,0.014392735436558723
2625,0.014389117248356342
2626,0.014385919086635113
2627,0.014382834546267986
2628,0.014379268512129784
2629,0.014374012127518654
2630,0.014365116134285927
2631,0.014357337728142738
2632,0.014353114180266857
2633,0.01434354018419981
2634,0.014343501068651676
2635,0.014339450746774673
2636,0.014332074671983719
2637,0.014326329343020916
2638,0.014321212656795979
2639,0.014315903186798096
2640,0.014310507103800774
2641,0.014305971562862396
2642,0.014302164316177368
2643,0.014298697002232075
2644,0.014295065775513649
2645,0.014291325584053993
2646,0.014330781996250153
2647,0.014289296232163906
2648,0.014279504306614399
2649,0.014269696548581123
2650,0.014256789349019527
2651,0.014248126186430454
2652,0.014234449714422226
2653,0.014223791658878326
2654,0.014207214117050171
2655,0.014202402904629707
2656,0.014195965602993965
2657,0.014190596528351307
2658,0.014185174368321896
2659,0.014198835007846355
2660,0.014180951751768589
2661,0.01419000793248415
2662,0.014176305383443832
2663,0.014164505526423454
2664,0.014158796519041061
2665,0.014151651412248611
2666,0.01414344273507595
2667,0.014135216362774372
2668,0.014121637679636478
2669,0.01411123014986515
2670,0.014105097390711308
2671,0.014094254933297634
2672,0.014086100272834301
2673,0.014072119258344173
2674,0.01406119391322136
2675,0.014043656177818775
2676,0.014020567759871483
2677,0.014099684543907642
2678,0.014005743898451328
2679,0.01397906243801117
2680,0.013952476903796196
2681,0.013941040262579918
2682,0.013939568772912025
2683,0.013933276757597923
2684,0.013914513401687145
2685,0.013899575918912888
2686,0.013883049599826336
2687,0.01386795099824667
2688,0.013858462683856487
2689,0.013850551098585129
2690,0.013849432580173016
2691,0.013846063986420631
2692,0.013833582401275635
2693,0.01382384542375803
2694,0.013811782002449036
2695,0.013800380751490593
2696,0.013799639418721199
2697,0.013792681507766247
2698,0.013786569237709045
2699,0.013778036460280418
2700,0.013770458288490772
2701,0.013762783259153366
2702,0.013755162246525288
2703,0.01374902855604887
2704,0.013743149116635323
2705,0.013735915534198284
2706,0.013728470541536808
2707,0.013719730079174042
2708,0.013712789863348007
2709,0.013712777756154537
2710,0.013708684593439102
2711,0.013701303862035275
2712,0.013690865598618984
2713,0.013682585209608078
2714,0.013678395189344883
2715,0.013675524853169918
2716,0.013662802055478096
2717,0.01365633960813284
2718,0.01365292351692915
2719,0.013647676445543766
2720,0.013643798418343067
2721,0.013639322482049465
2722,0.01363307423889637
2723,0.013628654181957245
2724,0.013624061830341816
2725,0.0136181665584445
2726,0.013605976477265358
2727,0.013597370125353336
2728,0.01359118428081274
2729,0.013586891815066338
2730,0.013584000989794731
2731,0.013579467311501503
2732,0.01357448659837246
2733,0.013569986447691917
2734,0.01356524508446455
2735,0.01356135681271553
2736,0.01355544850230217
2737,0.013551122508943081
2738,0.013548007234930992
2739,0.013540253043174744
2740,0.013536055572330952
2741,0.013531042262911797
2742,0.013526584021747112
2743,0.013518864288926125
2744,0.013509518466889858
2745,0.013508493080735207
2746,0.01350276730954647
2747,0.013494309037923813
2748,0.013487840071320534
2749,0.013480623252689838
2750,0.013467071577906609
2751,0.013556291349232197
2752,0.013460914604365826
2753,0.013883806765079498
2754,0.013458264991641045
2755,0.013446526601910591
2756,0.013464370742440224
2757,0.013432803563773632
2758,0.013418606482446194
2759,0.01340266689658165
2760,0.013380195014178753
2761,0.013369320891797543
2762,0.013365174643695354
2763,0.013354694470763206
2764,0.01335060317069292
2765,0.013346838764846325
2766,0.013340424746274948
2767,0.013336412608623505
2768,0.013332969509065151
2769,0.013329975306987762
2770,0.01332771871238947
2771,0.013325088657438755
2772,0.013321712613105774
2773,0.013319717720150948
2774,0.013313914649188519
2775,0.013306079432368279
2776,0.01330051850527525
2777,0.013296006247401237
2778,0.013307384215295315
2779,0.013294054195284843
2780,0.013290848582983017
2781,0.013285615481436253
2782,0.01327786035835743
2783,0.013268202543258667
2784,0.013255893252789974
2785,0.013248616829514503
2786,0.01324465312063694
2787,0.01323738694190979
2788,0.013234148733317852
2789,0.013231157325208187
2790,0.013224689289927483
2791,0.01322228368371725
2792,0.013213633559644222
2793,0.013205804862082005
2794,0.013199789449572563
2795,0.013194097205996513
2796,0.013187140226364136
2797,0.01317864004522562
2798,0.013169576413929462
2799,0.013163804076611996
2800,0.013158767484128475
2801,0.013153793290257454
2802,0.013149267993867397
2803,0.013144141063094139
2804,0.013139703311026096
2805,0.01313325110822916
2806,0.013133915141224861
2807,0.013130477629601955
2808,0.013126813806593418
2809,0.01312405988574028
2810,0.013118574395775795
2811,0.013110494241118431
2812,0.013149583712220192
2813,0.013107704930007458
2814,0.01309885736554861
2815,0.013085486367344856
2816,0.013107300736010075
2817,0.01307966373860836
2818,0.013066183775663376
2819,0.013055774383246899
2820,0.013045568019151688
2821,0.01303498912602663
2822,0.013028796762228012
2823,0.01303115300834179
2824,0.013022849336266518
2825,0.013014412485063076
2826,0.013004590757191181
2827,0.012993411161005497
2828,0.01298719272017479
2829,0.01297109853476286
2830,0.012957608327269554
2831,0.012960055842995644
2832,0.012944720685482025
2833,0.0129291582852602
2834,0.013136142864823341
2835,0.012904352508485317
2836,0.012874425388872623
2837,0.012839759700000286
2838,0.012800917029380798
2839,0.01286381483078003
2840,0.012788170017302036
2841,0.012759530916810036
2842,0.012809469364583492
2843,0.012746436521410942
2844,0.012725583277642727
2845,0.012703550979495049
2846,0.012684042565524578
2847,0.01275036670267582
2848,0.012671763077378273
2849,0.012642617337405682
2850,0.01318370457738638
2851,0.012622540816664696
2852,0.012588548474013805
2853,0.012540963478386402
2854,0.012503482401371002
2855,0.012470688670873642
2856,0.012608615681529045
2857,0.012456472963094711
2858,0.01248517632484436
2859,0.012433188036084175
2860,0.012408302165567875
2861,0.012378355488181114
2862,0.012358486652374268
2863,0.012337589636445045
2864,0.012320613488554955
2865,0.012309769168496132
2866,0.012288779020309448
2867,0.012277882546186447
2868,0.012262980453670025
2869,0.012248813174664974
2870,0.012237506918609142
2871,0.012229746207594872
2872,0.012218116782605648
2873,0.012207386083900928
2874,0.012195529416203499
2875,0.012187079526484013
2876,0.012177038006484509
2877,0.012165557593107224
2878,0.012157386168837547
2879,0.012145550921559334
2880,0.012137608602643013
2881,0.012130447663366795
2882,0.012126028537750244
2883,0.012123201042413712
2884,0.012120471335947514
2885,0.012117338366806507
2886,0.012112827971577644
2887,0.012108530849218369
2888,0.01210109330713749
2889,0.01209635566920042
2890,0.012091092765331268
2891,0.012086576782166958
2892,0.012083611451089382
2893,0.012080018408596516
2894,0.012076826766133308
2895,0.012073762714862823
2896,0.012067964300513268
2897,0.012061193585395813
2898,0.012049846351146698
2899,0.012041546404361725
2900,0.012031888589262962
2901,0.012024005874991417
2902,0.012020205147564411
2903,0.012015363201498985
2904,0.012011159211397171
2905,0.01200674008578062
2906,0.012002237141132355
2907,0.01199857983738184
2908,0.011994057334959507
2909,0.011988961137831211
2910,0.01198416855186224
2911,0.011981059797108173
2912,0.011976951733231544
2913,0.011972292326390743
2914,0.011964453384280205
2915,0.011955790221691132
2916,0.011947707273066044
2917,0.011941175907850266
2918,0.01193624921143055
2919,0.011928553692996502
2920,0.011918475851416588
2921,0.011904873885214329
2922,0.011902611702680588
2923,0.011893839575350285
2924,0.011891663074493408
2925,0.011888855136930943
2926,0.011885594576597214
2927,0.01187978032976389
2928,0.011868946254253387
2929,0.011858337558805943
2930,0.011840266175568104
2931,0.011829150840640068
2932,0.011816858313977718
2933,0.011808788403868675
2934,0.01180166658014059
2935,0.011796070262789726
2936,0.01179184764623642
2937,0.011789283715188503
2938,0.011786261573433876
2939,0.011781584471464157
2940,0.011771507561206818
2941,0.011762401089072227
2942,0.011750994250178337
2943,0.011737566441297531
2944,0.011728815734386444
2945,0.01171231921762228
2946,0.011697287671267986
2947,0.011677647940814495
2948,0.011661704629659653
2949,0.011646873317658901
2950,0.011623496189713478
2951,0.011608465574681759
2952,0.011602116748690605
2953,0.011597772128880024
2954,0.01159390527755022
2955,0.011588726192712784
2956,0.011586301028728485
2957,0.011581892147660255
2958,0.011579295620322227
2959,0.01157350279390812
2960,0.011566557921469212
2961,0.01156172901391983
2962,0.011552225798368454
2963,0.011548498645424843
2964,0.011537620797753334
2965,0.011529147624969482
2966,0.01152073685079813
2967,0.011514110490679741
2968,0.011510810814797878
2969,0.011506627313792706
2970,0.011503709480166435
2971,0.011500230990350246
2972,0.011497337371110916
2973,0.011494837701320648
2974,0.011492406949400902
2975,0.011489483527839184
2976,0.011486219242215157
2977,0.011483760550618172
2978,0.011538625694811344
2979,0.01148324552923441
2980,0.011480887420475483
2981,0.011477895081043243
2982,0.01147210318595171
2983,0.011466448195278645
2984,0.011458728462457657
2985,0.011447623372077942
2986,0.011426967568695545
2987,0.011421131901443005
2988,0.011417034082114697
2989,0.011415842920541763
2990,0.011405663564801216
2991,0.011396563611924648
2992,0.01137359719723463
2993,0.01135493628680706
2994,0.011332009918987751
2995,0.01146179810166359
2996,0.011316723190248013
2997,0.01129869744181633
2998,0.011280365288257599
2999,0.011278088204562664
3000,0.011267587542533875
3001,0.011261340230703354
3002,0.011254631914198399
3003,0.01125348825007677
3004,0.01124965026974678
3005,0.011244483292102814
3006,0.011239096522331238
3007,0.011231734417378902
3008,0.011225965805351734
3009,0.011220371350646019
3010,0.011213516816496849
3011,0.011205175891518593
3012,0.011195722036063671
3013,0.011197034269571304
3014,0.011190254241228104
3015,0.01119894441217184
3016,0.011185582727193832
3017,0.011181848123669624
3018,0.011176242493093014
3019,0.011173290200531483
3020,0.011170174926519394
3021,0.011167775839567184
3022,0.011163473129272461
3023,0.011160138994455338
3024,0.011155936866998672
3025,0.011153347790241241
3026,0.011150187812745571
3027,0.01114549022167921
3028,0.011140347458422184
3029,0.011132638901472092
3030,0.01112110260874033
3031,0.011096647940576077
3032,0.0110879335552454
3033,0.011121326126158237
3034,0.011080926284193993
3035,0.011078006587922573
3036,0.011066434904932976
3037,0.011058717966079712
3038,0.011051516979932785
3039,0.01103913877159357
3040,0.011029970832169056
3041,0.011019596830010414
3042,0.01101357489824295
3043,0.010997267439961433
3044,0.01098405197262764
3045,0.010973337106406689
3046,0.010967179201543331
3047,0.010961784981191158
3048,0.01095668412744999
3049,0.010950004681944847
3050,0.010945017449557781
3051,0.01094092708081007
3052,0.010935662314295769
3053,0.0109304990619421
3054,0.010923142544925213
3055,0.010916412808001041
3056,0.010911786928772926
3057,0.010906866751611233
3058,0.010902325622737408
3059,0.010893258266150951
3060,0.010885865427553654
3061,0.010877788066864014
3062,0.010870227590203285
3063,0.010859940201044083
3064,0.010852343402802944
3065,0.010840903036296368
3066,0.010833053849637508
3067,0.01082694437354803
3068,0.010819383896887302
3069,0.010813218541443348
3070,0.010808761231601238
3071,0.010805393569171429
3072,0.010800407268106937
3073,0.010792733170092106
3074,0.01078816968947649
3075,0.010782931931316853
3076,0.010777771472930908
3077,0.010768823325634003
3078,0.010764054022729397
3079,0.010754878632724285
3080,0.01074726041406393
3081,0.010744962841272354
3082,0.010740838013589382
3083,0.010738242417573929
3084,0.010734142735600471
3085,0.010725240223109722
3086,0.010716813616454601
3087,0.010748384520411491
3088,0.010710096918046474
3089,0.010709023103117943
3090,0.010705919936299324
3091,0.010693914256989956
3092,0.01068686880171299
3093,0.01067673321813345
3094,0.010668184608221054
3095,0.010662312619388103
3096,0.010667020455002785
3097,0.010658974759280682
3098,0.010654128156602383
3099,0.010649492964148521
3100,0.010643606074154377
3101,0.01063617505133152
3102,0.010631361976265907
3103,0.010627317242324352
3104,0.01062622107565403
3105,0.010619845241308212
3106,0.010616108775138855
3107,0.01061142235994339
3108,0.010608619078993797
3109,0.010604209266602993
3110,0.010598351247608662
3111,0.010593969374895096
3112,0.01059333048760891
3113,0.01059094537049532
3114,0.010584932751953602
3115,0.010579935275018215
3116,0.01057233102619648
3117,0.010567664168775082
3118,0.010563837364315987
3119,0.01055864617228508
3120,0.010556049644947052
3121,0.010550543665885925
3122,0.010547507554292679
3123,0.01054419856518507
3124,0.010540436021983624
3125,0.010536468587815762
3126,0.010532054118812084
3127,0.010529347695410252
3128,0.010523272678256035
3129,0.01051987987011671
3130,0.01051437295973301
3131,0.010509490966796875
3132,0.010500680655241013
3133,0.010494275018572807
3134,0.010508659295737743
3135,0.010491032153367996
3136,0.010486826300621033
3137,0.010483827441930771
3138,0.010481839068233967
3139,0.010479208081960678
3140,0.010474742390215397
3141,0.010473291389644146
3142,0.01047180313616991
3143,0.01046664360910654
3144,0.010463345795869827
3145,0.010459504090249538
3146,0.010456967167556286
3147,0.010454023256897926
3148,0.01045198179781437
3149,0.01045098714530468
3150,0.010449097491800785
3151,0.010447260923683643
3152,0.010445174761116505
3153,0.010442119091749191
3154,0.010437297634780407
3155,0.010433334857225418
3156,0.010441943071782589
3157,0.010431214235723019
3158,0.010428211651742458
3159,0.010425026528537273
3160,0.01042326632887125
3161,0.010421141982078552
3162,0.010419267229735851
3163,0.01041752751916647
3164,0.010414937511086464
3165,0.010412572883069515
3166,0.010409947484731674
3167,0.010407626628875732
3168,0.010405431501567364
3169,0.010403498075902462
3170,0.010411638766527176
3171,0.010402284562587738
3172,0.010425733402371407
3173,0.010401304811239243
3174,0.010397713631391525
3175,0.010394499637186527
3176,0.010390901938080788
3177,0.01039033941924572
3178,0.010387657210230827
3179,0.010385834611952305
3180,0.010384192690253258
3181,0.010382252745330334
3182,0.010380340740084648
3183,0.010376687161624432
3184,0.010372761636972427
3185,0.010367829352617264
3186,0.01037697121500969
3187,0.010361266322433949
3188,0.010356475599110126
3189,0.010352546349167824
3190,0.010348048992455006
3191,0.010347035713493824
3192,0.010345694608986378
3193,0.010341617278754711
3194,0.010337158106267452
3195,0.010332342237234116
3196,0.010325903072953224
3197,0.010336058214306831
3198,0.010319551452994347
3199,0.010307838208973408
3200,0.010294605046510696
3201,0.010289364494383335
3202,0.01028657890856266
3203,0.010302077978849411
3204,0.010280542075634003
3205,0.010275238193571568
3206,0.010270160622894764
3207,0.01026163250207901
3208,0.010257174260914326
3209,0.010252059437334538
3210,0.010242670774459839
3211,0.010231430642306805
3212,0.010221803560853004
3213,0.010228901170194149
3214,0.010217530652880669
3215,0.010208671912550926
3216,0.010201794095337391
3217,0.010195487178862095
3218,0.0101874815300107
3219,0.01017950102686882
3220,0.010168359614908695
3221,0.010154870338737965
3222,0.010150155052542686
3223,0.010141544975340366
3224,0.010136336088180542
3225,0.01013205572962761
3226,0.010125101543962955
3227,0.01011650450527668
3228,0.010106652975082397
3229,0.010101069696247578
3230,0.010099218226969242
3231,0.010094269178807735
3232,0.010091903619468212
3233,0.010086680762469769
3234,0.01008144486695528
3235,0.010077323764562607
3236,0.0100736478343606
3237,0.010071647353470325
3238,0.010068286210298538
3239,0.010065815411508083
3240,0.010062146931886673
3241,0.010058687068521976
3242,0.010054005309939384
3243,0.010072757489979267
3244,0.010052173398435116
3245,0.010045808739960194
3246,0.010033156722784042
3247,0.010026884265244007
3248,0.010023599490523338
3249,0.010017785243690014
3250,0.0100081292912364
3251,0.00999552384018898
3252,0.009981701150536537
3253,0.00999896414577961
3254,0.009974864311516285
3255,0.00995903741568327
3256,0.009949072264134884
3257,0.009939120151102543
3258,0.009935399517416954
3259,0.0099253561347723
3260,0.009919899515807629
3261,0.00991063378751278
3262,0.009901532903313637
3263,0.00989887397736311
3264,0.00989235658198595
3265,0.00988890789449215
3266,0.009884829632937908
3267,0.009881250560283661
3268,0.00987890362739563
3269,0.009877672418951988
3270,0.009873289614915848
3271,0.00987041462212801
3272,0.009866864420473576
3273,0.009862884879112244
3274,0.00985794048756361
3275,0.00985344685614109
3276,0.009847132489085197
3277,0.009843495674431324
3278,0.009838942438364029
3279,0.009833719581365585
3280,0.009823421016335487
3281,0.00982017070055008
3282,0.009817204438149929
3283,0.009818267077207565
3284,0.009815693832933903
3285,0.009813865646719933
3286,0.009811978787183762
3287,0.009809587150812149
3288,0.009807051159441471
3289,0.009805712848901749
3290,0.009804552420973778
3291,0.009803288616240025
3292,0.0098022585734725
3293,0.009801367297768593
3294,0.009801344014704227
3295,0.009800707921385765
3296,0.009802157059311867
3297,0.00980024877935648
3298,0.009799236431717873
3299,0.009797965176403522
3300,0.009797108359634876
3301,0.009795913472771645
3302,0.009794402867555618
3303,0.009793291799724102
3304,0.00979253277182579
3305,0.009791943244636059
3306,0.0097914207726717
3307,0.009790714830160141
3308,0.00978963915258646
3309,0.009788899682462215
3310,0.00978779885917902
3311,0.0097861522808671
3312,0.009784523397684097
3313,0.009783132001757622
3314,0.009782172739505768
3315,0.009781318716704845
3316,0.009780963882803917
3317,0.009780198335647583
3318,0.009779353626072407
3319,0.00977753009647131
3320,0.009775161743164062
3321,0.009772378951311111
3322,0.009771080687642097
3323,0.009772609919309616
3324,0.009769097901880741
3325,0.009767635725438595
3326,0.009765458293259144
3327,0.00976407527923584
3328,0.009760361164808273
3329,0.009756638668477535
3330,0.009757224470376968
3331,0.009753481484949589
3332,0.00975060649216175
3333,0.009748043492436409
3334,0.009744025766849518
3335,0.009737757965922356
3336,0.009729706682264805
3337,0.009721814654767513
3338,0.009767211973667145
3339,0.009718786925077438
3340,0.009714030660688877
3341,0.009705902077257633
3342,0.009700287133455276
3343,0.009694399312138557
3344,0.009688351303339005
3345,0.009695147164165974
3346,0.009687098674476147
3347,0.009685695171356201
3348,0.009681499563157558
3349,0.009679476730525494
3350,0.009676679968833923
3351,0.009675020352005959
3352,0.009673087857663631
3353,0.009671462699770927
3354,0.00967106781899929
3355,0.00966932624578476
3356,0.009668532758951187
3357,0.00966732855886221
3358,0.009665784426033497
3359,0.00970454141497612
3360,0.009665125980973244
3361,0.009663265198469162
3362,0.009661520831286907
3363,0.009659936651587486
3364,0.009658300317823887
3365,0.009656345471739769
3366,0.009653998538851738
3367,0.00965119805186987
3368,0.009648888371884823
3369,0.009647003374993801
3370,0.009645620360970497
3371,0.009644059464335442
3372,0.009642462246119976
3373,0.009639881551265717
3374,0.00963582843542099
3375,0.009652680717408657
3376,0.00963385310024023
3377,0.009628278203308582
3378,0.00963391549885273
3379,0.009623435325920582
3380,0.0096150366589427
3381,0.009607846848666668
3382,0.009602468460798264
3383,0.009594076313078403
3384,0.009584235958755016
3385,0.009577111341059208
3386,0.009569255635142326
3387,0.009571561589837074
3388,0.00956587865948677
3389,0.009561209939420223
3390,0.009557483717799187
3391,0.009553773328661919
3392,0.009550340473651886
3393,0.00954484287649393
3394,0.009541246108710766
3395,0.009537243284285069
3396,0.009544097818434238
3397,0.009534542448818684
3398,0.009530983865261078
3399,0.009526204317808151
3400,0.00952216237783432
3401,0.009515036828815937
3402,0.009509854950010777
3403,0.009512858465313911
3404,0.009506834670901299
3405,0.009501656517386436
3406,0.00949480477720499
3407,0.009489270858466625
3408,0.009484254755079746
3409,0.009480106644332409
3410,0.009480883367359638
3411,0.009477573446929455
3412,0.009475043043494225
3413,0.009472040459513664
3414,0.009466850198805332
3415,0.00946363341063261
3416,0.009459882974624634
3417,0.009456576779484749
3418,0.009454366751015186
3419,0.009451672434806824
3420,0.00944825354963541
3421,0.00944465957581997
3422,0.009441405534744263
3423,0.009438944049179554
3424,0.009438486769795418
3425,0.009437812492251396
3426,0.009436452761292458
3427,0.00943458266556263
3428,0.009431811980903149
3429,0.009428522549569607
3430,0.009424779564142227
3431,0.00942104309797287
3432,0.0094173988327384
3433,0.009420400485396385
3434,0.009415329433977604
3435,0.009412102401256561
3436,0.0094083147123456
3437,0.009405413642525673
3438,0.009401515126228333
3439,0.009396021254360676
3440,0.009390169754624367
3441,0.009385216049849987
3442,0.009379363618791103
3443,0.00938478298485279
3444,0.009376407600939274
3445,0.009368108585476875
3446,0.00936208851635456
3447,0.009356427006423473
3448,0.009355093352496624
3449,0.009352319873869419
3450,0.009348633699119091
3451,0.009344231337308884
3452,0.009340077638626099
3453,0.00933571346104145
3454,0.009334473870694637
3455,0.009331141598522663
3456,0.009329310618340969
3457,0.009324530139565468
3458,0.009319942444562912
3459,0.00931623950600624
3460,0.009313678368926048
3461,0.009311290457844734
3462,0.009309311397373676
3463,0.009305744431912899
3464,0.009302162565290928
3465,0.009297716431319714
3466,0.009307081811130047
3467,0.009296072646975517
3468,0.009292513132095337
3469,0.009290815331041813
3470,0.009287118911743164
3471,0.00928764883428812
3472,0.009285797365009785
3473,0.009283713065087795
3474,0.009281468577682972
3475,0.009279576130211353
3476,0.00927734188735485
3477,0.009274994023144245
3478,0.009272551164031029
3479,0.009270444512367249
3480,0.009267759509384632
3481,0.009265742264688015
3482,0.009263992309570312
3483,0.009262272156774998
3484,0.009259391576051712
3485,0.009257026016712189
3486,0.009253024123609066
3487,0.009250015020370483
3488,0.009247505106031895
3489,0.00924507062882185
3490,0.009241138584911823
3491,0.009238024242222309
3492,0.00923374854028225
3493,0.009230374358594418
3494,0.009225952439010143
3495,0.0092236939817667
3496,0.009221184067428112
3497,0.009219148196280003
3498,0.009216454811394215
3499,0.009212151169776917
3500,0.009206769987940788
3501,0.009202681481838226
3502,0.009197245351970196
3503,0.009192698635160923
3504,0.009187881834805012
3505,0.009183219633996487
3506,0.009179326705634594
3507,0.009173688478767872
3508,0.009172476828098297
3509,0.0091656893491745
3510,0.00916189607232809
3511,0.009157270193099976
3512,0.009157617576420307
3513,0.009155098348855972
3514,0.00915144756436348
3515,0.009147477336227894
3516,0.009140778332948685
3517,0.009130090475082397
3518,0.009122801013290882
3519,0.009119002148509026
3520,0.009109032340347767
3521,0.009104322642087936
3522,0.009098552167415619
3523,0.009094626642763615
3524,0.009090338833630085
3525,0.009085940197110176
3526,0.009080515243113041
3527,0.00907585397362709
3528,0.00907048024237156
3529,0.009064302779734135
3530,0.009059406816959381
3531,0.009053305722773075
3532,0.009046008810400963
3533,0.009040781296789646
3534,0.009036042727530003
3535,0.009029217064380646
3536,0.00902384240180254
3537,0.009018718264997005
3538,0.009016141295433044
3539,0.009012207388877869
3540,0.00900873914361
3541,0.009005426429212093
3542,0.009055186063051224
3543,0.00900485459715128
3544,0.00900275632739067
3545,0.009000393562018871
3546,0.008998602628707886
3547,0.008996507152915001
3548,0.008993859402835369
3549,0.008990834467113018
3550,0.008986707776784897
3551,0.008982530795037746
3552,0.008979802951216698
3553,0.008976992219686508
3554,0.008975395932793617
3555,0.008972221985459328
3556,0.008968288078904152
3557,0.008959709666669369
3558,0.008955193683505058
3559,0.008951513096690178
3560,0.008947905153036118
3561,0.008945315144956112
3562,0.008942101150751114
3563,0.008938422426581383
3564,0.008933977223932743
3565,0.008930165320634842
3566,0.008927165530622005
3567,0.00892448890954256
3568,0.00892210379242897
3569,0.00891859270632267
3570,0.008914547972381115
3571,0.008911236189305782
3572,0.008907829411327839
3573,0.008905874565243721
3574,0.008902721107006073
3575,0.008900766260921955
3576,0.008898179978132248
3577,0.00889540184289217
3578,0.008893041871488094
3579,0.008889912627637386
3580,0.008887412957847118
3581,0.008886200375854969
3582,0.008884129114449024
3583,0.008882884867489338
3584,0.008881528861820698
3585,0.008879473432898521
3586,0.008877093903720379
3587,0.0088746203109622
3588,0.008870502933859825
3589,0.00886509008705616
3590,0.008860787376761436
3591,0.008858117274940014
3592,0.008852971717715263
3593,0.008848189376294613
3594,0.008841428905725479
3595,0.008833407424390316
3596,0.008827629499137402
3597,0.008823045529425144
3598,0.008815353736281395
3599,0.008809174410998821
3600,0.008807222358882427
3601,0.008804806508123875
3602,0.008803199976682663
3603,0.008799654431641102
3604,0.008795301429927349
3605,0.008796164765954018
3606,0.008792037144303322
3607,0.00878885481506586
3608,0.008785056881606579
3609,0.00878201611340046
3610,0.008777816779911518
3611,0.00877581350505352
3612,0.008773885667324066
3613,0.008771850727498531
3614,0.00876993965357542
3615,0.008767827413976192
3616,0.008765547536313534
3617,0.008763222023844719
3618,0.008761572651565075
3619,0.008759923279285431
3620,0.00875841174274683
3621,0.008755839429795742
3622,0.008750535547733307
3623,0.008746000938117504
3624,0.00874187983572483
3625,0.008737048134207726
3626,0.008732878603041172
3627,0.008726928383111954
3628,0.008723394013941288
3629,0.008719682693481445
3630,0.00871705636382103
3631,0.008714769966900349
3632,0.008710947819054127
3633,0.008707777597010136
3634,0.0087041687220335
3635,0.008700785227119923
3636,0.008697026409208775
3637,0.008692151866853237
3638,0.008688041940331459
3639,0.008702198974788189
3640,0.00868434738367796
3641,0.008680000901222229
3642,0.008675124496221542
3643,0.008666520938277245
3644,0.008656173013150692
3645,0.008647573180496693
3646,0.008643402718007565
3647,0.008635631762444973
3648,0.00864010863006115
3649,0.008632770739495754
3650,0.008626566268503666
3651,0.008620502427220345
3652,0.008614583872258663
3653,0.00860779732465744
3654,0.00860623363405466
3655,0.008601521141827106
3656,0.008599895052611828
3657,0.008597266860306263
3658,0.008593721315264702
3659,0.008590856567025185
3660,0.008585015311837196
3661,0.00858044158667326
3662,0.00857746135443449
3663,0.008574416860938072
3664,0.008569064550101757
3665,0.00856253132224083
3666,0.008556325919926167
3667,0.008550839498639107
3668,0.008546357043087482
3669,0.008542786352336407
3670,0.008538694120943546
3671,0.00853442307561636
3672,0.008540596812963486
3673,0.00853027030825615
3674,0.008528124541044235
3675,0.008523544296622276
3676,0.00851771142333746
3677,0.0085131311789155
3678,0.008508098311722279
3679,0.008504150435328484
3680,0.008500133641064167
3681,0.008497319184243679
3682,0.008495151065289974
3683,0.008493897505104542
3684,0.008490188978612423
3685,0.008488365449011326
3686,0.0084846718236804
3687,0.008480866439640522
3688,0.008478245697915554
3689,0.00847554299980402
3690,0.0084732286632061
3691,0.008469504304230213
3692,0.008463802747428417
3693,0.00845637358725071
3694,0.008447986096143723
3695,0.0084396256133914
3696,0.008433092385530472
3697,0.008427450433373451
3698,0.008422494865953922
3699,0.0084189772605896
3700,0.008413059636950493
3701,0.0084066865965724
3702,0.00840038526803255
3703,0.008394676260650158
3704,0.008390124887228012
3705,0.00838523544371128
3706,0.008380139246582985
3707,0.008372623473405838
3708,0.008365574292838573
3709,0.008357549086213112
3710,0.008352532982826233
3711,0.008347373455762863
3712,0.008344946429133415
3713,0.008341551758348942
3714,0.008337670937180519
3715,0.008332481607794762
3716,0.008329573087394238
3717,0.008324879221618176
3718,0.008317962288856506
3719,0.008313334546983242
3720,0.008308134973049164
3721,0.00830498430877924
3722,0.008302229456603527
3723,0.008299952372908592
3724,0.008297252468764782
3725,0.008294949308037758
3726,0.008291035890579224
3727,0.00828602910041809
3728,0.008280795067548752
3729,0.00827520526945591
3730,0.008268803358078003
3731,0.008262764662504196
3732,0.008257397450506687
3733,0.008250926621258259
3734,0.008246557787060738
3735,0.008243606425821781
3736,0.008241861127316952
3737,0.008238707669079304
3738,0.008236216381192207
3739,0.008233299478888512
3740,0.008228949271142483
3741,0.008224686607718468
3742,0.00822521559894085
3743,0.008221501484513283
3744,0.008216963149607182
3745,0.008213975466787815
3746,0.008212458342313766
3747,0.008210414089262486
3748,0.008208565413951874
3749,0.008206239901483059
3750,0.00820433534681797
3751,0.008202381432056427
3752,0.00820055790245533
3753,0.00819824542850256
3754,0.00819533783942461
3755,0.008192517794668674
3756,0.008188920095562935
3757,0.008185830898582935
3758,0.008185016922652721
3759,0.008183794096112251
3760,0.008181420154869556
3761,0.00817923154681921
3762,0.008176710456609726
3763,0.008173996582627296
3764,0.00817030854523182
3765,0.008167226798832417
3766,0.008164651691913605
3767,0.008162712678313255
3768,0.008160456083714962
3769,0.008158734068274498
3770,0.008156657218933105
3771,0.008154032751917839
3772,0.008151011541485786
3773,0.008146030828356743
3774,0.008142936043441296
3775,0.008140839636325836
3776,0.008137580007314682
3777,0.008134741336107254
3778,0.008131069131195545
3779,0.008128046989440918
3780,0.008126595057547092
3781,0.008123907260596752
3782,0.00812232494354248
3783,0.008119439706206322
3784,0.008117208257317543
3785,0.008118056692183018
3786,0.00811600498855114
3787,0.008114301599562168
3788,0.008111715316772461
3789,0.008108571171760559
3790,0.00810957606881857
3791,0.008106431923806667
3792,0.008102203719317913
3793,0.008099222555756569
3794,0.008095921948552132
3795,0.00809396244585514
3796,0.008092470467090607
3797,0.008090786635875702
3798,0.008088763803243637
3799,0.008085068315267563
3800,0.00807920005172491
3801,0.008074547164142132
3802,0.008067231625318527
3803,0.008053849451243877
3804,0.008044673129916191
3805,0.008037358522415161
3806,0.008034681901335716
3807,0.008031275123357773
3808,0.008028042502701283
3809,0.00802547112107277
3810,0.008023425936698914
3811,0.008020511828362942
3812,0.008035360835492611
3813,0.00801655650138855
3814,0.008010239340364933
3815,0.008000213652849197
3816,0.008257837034761906
3817,0.007996944710612297
3818,0.007988323457539082
3819,0.007985113188624382
3820,0.007981725968420506
3821,0.007979570887982845
3822,0.007977795787155628
3823,0.00797339528799057
3824,0.00796943437308073
3825,0.007966805249452591
3826,0.00796299334615469
3827,0.007959769107401371
3828,0.007954281754791737
3829,0.00794791430234909
3830,0.007961311377584934
3831,0.007943282835185528
3832,0.00793421920388937
3833,0.007926223799586296
3834,0.00792299397289753
3835,0.007917962037026882
3836,0.00791182927787304
3837,0.007905280217528343
3838,0.007901218719780445
3839,0.007895470596849918
3840,0.007893710397183895
3841,0.007890576496720314
3842,0.007886822335422039
3843,0.00788431242108345
3844,0.007879712618887424
3845,0.007876264862716198
3846,0.007873122580349445
3847,0.007871601730585098
3848,0.007869538851082325
3849,0.007868364453315735
3850,0.007867236621677876
3851,0.007865170948207378
3852,0.007862994447350502
3853,0.007860465906560421
3854,0.007857413031160831
3855,0.007863699458539486
3856,0.007856654934585094
3857,0.007853815332055092
3858,0.007854098454117775
3859,0.007852546870708466
3860,0.007851071655750275
3861,0.00785011239349842
3862,0.00784860085695982
3863,0.007846513763070107
3864,0.00784427672624588
3865,0.00784129649400711
3866,0.007837804965674877
3867,0.007833767682313919
3868,0.007829948328435421
3869,0.007827097550034523
3870,0.007824827916920185
3871,0.007822557352483273
3872,0.007820064201951027
3873,0.007817720994353294
3874,0.00781642273068428
3875,0.007813061587512493
3876,0.0078094471246004105
3877,0.007805614732205868
3878,0.0078013744205236435
3879,0.0077969906851649284
3880,0.00780413718894124
3881,0.007794615812599659
3882,0.00779080530628562
3883,0.007786354515701532
3884,0.007781114894896746
3885,0.007777855731546879
3886,0.007781599182635546
3887,0.007774551399052143
3888,0.007770937867462635
3889,0.007766406983137131
3890,0.007763646077364683
3891,0.007761196233332157
3892,0.007757232990115881
3893,0.007754725869745016
3894,0.007752034813165665
3895,0.007749172393232584
3896,0.007746459916234016
3897,0.007741416338831186
3898,0.007736580912023783
3899,0.0077291629277169704
3900,0.007721313275396824
3901,0.007712196558713913
3902,0.007698873523622751
3903,0.007686873897910118
3904,0.007680186536163092
3905,0.007683887612074614
3906,0.007675169967114925
3907,0.007669826503843069
3908,0.007665733806788921
3909,0.007660458795726299
3910,0.00765795074403286
3911,0.00765248155221343
3912,0.007651385851204395
3913,0.007648345082998276
3914,0.007644540164619684
3915,0.007641370873898268
3916,0.007637409493327141
3917,0.007633190136402845
3918,0.0076298159547150135
3919,0.007625744678080082
3920,0.007622889243066311
3921,0.007620565593242645
3922,0.007618898991495371
3923,0.007616295013576746
3924,0.0076115913689136505
3925,0.007609035819768906
3926,0.007606804370880127
3927,0.007605711463838816
3928,0.007604767102748156
3929,0.00760404858738184
3930,0.00760272890329361
3931,0.0076013896614313126
3932,0.007599872071295977
3933,0.00759747251868248
3934,0.007595376577228308
3935,0.007593479007482529
3936,0.007591919973492622
3937,0.007590281777083874
3938,0.007588140666484833
3939,0.00758666917681694
3940,0.0075848898850381374
3941,0.007583015598356724
3942,0.007582127116620541
3943,0.0075811115093529224
3944,0.00757777551189065
3945,0.007575132418423891
3946,0.007572455797344446
3947,0.007571755442768335
3948,0.007569679990410805
3949,0.0075685568153858185
3950,0.007567154709249735
3951,0.007566463202238083
3952,0.007565873209387064
3953,0.007565217558294535
3954,0.007564368192106485
3955,0.007563682273030281
3956,0.007562994956970215
3957,0.007562164217233658
3958,0.0075607807375490665
3959,0.007564677391201258
3960,0.007559920195490122
3961,0.0075577665120363235
3962,0.007555051706731319
3963,0.0075519634410738945
3964,0.007551442366093397
3965,0.007549857720732689
3966,0.007546104956418276
3967,0.007543337065726519
3968,0.007541693281382322
3969,0.007539522368460894
3970,0.007538088131695986
3971,0.007536502555012703
3972,0.007535532582551241
3973,0.007534612901508808
3974,0.007533911149948835
3975,0.007532889489084482
3976,0.007531970739364624
3977,0.007530628237873316
3978,0.007528780493885279
3979,0.007525785360485315
3980,0.007521839812397957
3981,0.007528133224695921
3982,0.007519157603383064
3983,0.00751526840031147
3984,0.007512866519391537
3985,0.007509270217269659
3986,0.007504645735025406
3987,0.007500918116420507
3988,0.007496497593820095
3989,0.007498428225517273
3990,0.007494571153074503
3991,0.007488560862839222
3992,0.007485983893275261
3993,0.007482613902539015
3994,0.007477082312107086
3995,0.007472277153283358
3996,0.007470129057765007
3997,0.00746475625783205
3998,0.007461508270353079
3999,0.00745643675327301
4000,0.007447189651429653
4001,0.007438007742166519
4002,0.00742419483140111
4003,0.007424697279930115
4004,0.007415942847728729
4005,0.007414368446916342
4006,0.0074457223527133465
4007,0.00740521727129817
4008,0.007404339965432882
4009,0.007394531741738319
4010,0.007387904450297356
4011,0.00737623730674386
4012,0.007366096135228872
4013,0.007358046248555183
4014,0.007358666509389877
4015,0.007349167950451374
4016,0.00734329828992486
4017,0.007330316584557295
4018,0.007318662479519844
4019,0.007306069601327181
4020,0.007301943376660347
4021,0.007290681824088097
4022,0.007286645006388426
4023,0.00727440370246768
4024,0.007265904452651739
4025,0.007256363518536091
4026,0.00724740931764245
4027,0.007237767335027456
4028,0.007231425493955612
4029,0.007220011670142412
4030,0.007212236989289522
4031,0.007202902343124151
4032,0.007198947481811047
4033,0.007186720613390207
4034,0.007184512913227081
4035,0.007180260960012674
4036,0.007172165438532829
4037,0.007160699926316738
4038,0.007154415361583233
4039,0.0071507785469293594
4040,0.007142930291593075
4041,0.007143000606447458
4042,0.007136656437069178
4043,0.007133072707802057
4044,0.007124592550098896
4045,0.007117306347936392
4046,0.007109992206096649
4047,0.007104403339326382
4048,0.007102268282324076
4049,0.007096391636878252
4050,0.007092603016644716
4051,0.007088557817041874
4052,0.00708566652610898
4053,0.00708293030038476
4054,0.007077337242662907
4055,0.007073788903653622
4056,0.007069556508213282
4057,0.007063910365104675
4058,0.007059251889586449
4059,0.0070529477670788765
4060,0.007046854589134455
4061,0.007041743025183678
4062,0.007035317365080118
4063,0.007026964798569679
4064,0.007015521172434092
4065,0.007006416562944651
4066,0.006995792500674725
4067,0.00698648439720273
4068,0.006978306453675032
4069,0.006972155068069696
4070,0.006966882385313511
4071,0.006961388047784567
4072,0.00695552583783865
4073,0.006949321366846561
4074,0.006944178603589535
4075,0.006942538544535637
4076,0.006938074249774218
4077,0.006935622543096542
4078,0.006931115873157978
4079,0.0069265649653971195
4080,0.006922082509845495
4081,0.006919088773429394
4082,0.0069169579073786736
4083,0.006915368605405092
4084,0.0069136288948357105
4085,0.0069113303907215595
4086,0.006909217685461044
4087,0.006906239781528711
4088,0.006902724504470825
4089,0.006898708175867796
4090,0.00689668720588088
4091,0.006893511395901442
4092,0.006891715340316296
4093,0.006889518350362778
4094,0.006887759082019329
4095,0.00688571622595191
4096,0.006884204689413309
4097,0.006883151829242706
4098,0.006882219575345516
4099,0.006880922708660364
4100,0.0068797338753938675
4101,0.006879028398543596
4102,0.006878525484353304
4103,0.006878122687339783
4104,0.0068778228014707565
4105,0.006877684500068426
4106,0.006876960396766663
4107,0.006876572500914335
4108,0.006876084022223949
4109,0.0068755741231143475
4110,0.006874492391943932
4111,0.0068732076324522495
4112,0.006871639750897884
4113,0.006870029494166374
4114,0.0068687815219163895
4115,0.006867893040180206
4116,0.006866957526654005
4117,0.006865796633064747
4118,0.006864432245492935
4119,0.006862537004053593
4120,0.006861188914626837
4121,0.006859215442091227
4122,0.006858123932033777
4123,0.006856792140752077
4124,0.006854953244328499
4125,0.006852909456938505
4126,0.006851641461253166
4127,0.006850776262581348
4128,0.006850170902907848
4129,0.006849328987300396
4130,0.006848545745015144
4131,0.006846707779914141
4132,0.006850836332887411
4133,0.006845643278211355
4134,0.006844313815236092
4135,0.006843477953225374
4136,0.006842714734375477
4137,0.006842191331088543
4138,0.006841426715254784
4139,0.006840817164629698
4140,0.006840065587311983
4141,0.006839069537818432
4142,0.006837704684585333
4143,0.0068365540355443954
4144,0.006835253443568945
4145,0.006833637598901987
4146,0.00683199055492878
4147,0.006832080893218517
4148,0.006830967031419277
4149,0.006829436402767897
4150,0.006829550024122
4151,0.006828186102211475
4152,0.006826783064752817
4153,0.00682603195309639
4154,0.006825058255344629
4155,0.006824031472206116
4156,0.006822528783231974
4157,0.006821011658757925
4158,0.006820326671004295
4159,0.00681868614628911
4160,0.006818100344389677
4161,0.006816531531512737
4162,0.006815591361373663
4163,0.006813418120145798
4164,0.006811138242483139
4165,0.006809962447732687
4166,0.006808124016970396
4167,0.006807398982346058
4168,0.006806489545851946
4169,0.006805692799389362
4170,0.006805016193538904
4171,0.006803852505981922
4172,0.006802890915423632
4173,0.006801302544772625
4174,0.006800121162086725
4175,0.006799337454140186
4176,0.006798509042710066
4177,0.006797730457037687
4178,0.006796862464398146
4179,0.006795818451792002
4180,0.006794735323637724
4181,0.0067932866513729095
4182,0.006792417261749506
4183,0.006790231913328171
4184,0.0067883688025176525
4185,0.006787601858377457
4186,0.006789345759898424
4187,0.006786157842725515
4188,0.006784343626350164
4189,0.006782656069844961
4190,0.006778308190405369
4191,0.0067750513553619385
4192,0.006770537234842777
4193,0.006766194943338633
4194,0.0067608542740345
4195,0.006755470763891935
4196,0.006747604347765446
4197,0.006740625016391277
4198,0.0067353821359574795
4199,0.006734316702932119
4200,0.006726808845996857
4201,0.006731193047016859
4202,0.006723491009324789
4203,0.006715363822877407
4204,0.00670427642762661
4205,0.006695367395877838
4206,0.006730879191309214
4207,0.006683664862066507
4208,0.006681794300675392
4209,0.006676618941128254
4210,0.006686553359031677
4211,0.006671625189483166
4212,0.006667079869657755
4213,0.0066624297760427
4214,0.006651186849921942
4215,0.006647141184657812
4216,0.006644634995609522
4217,0.006640058942139149
4218,0.006635643076151609
4219,0.006631126161664724
4220,0.006625841837376356
4221,0.00661937752738595
4222,0.006612256169319153
4223,0.00660704355686903
4224,0.0066002244129776955
4225,0.006594098173081875
4226,0.0065895323641598225
4227,0.006587186362594366
4228,0.006585448514670134
4229,0.0065835691057145596
4230,0.0065809087827801704
4231,0.0065783848986029625
4232,0.006576081272214651
4233,0.006573489401489496
4234,0.006571013480424881
4235,0.00656882906332612
4236,0.006566478405147791
4237,0.006563911680132151
4238,0.006566960364580154
4239,0.006562880240380764
4240,0.0065607489086687565
4241,0.006561280693858862
4242,0.0065589905716478825
4243,0.006556405685842037
4244,0.0065529257990419865
4245,0.006550440099090338
4246,0.006547350902110338
4247,0.006544990465044975
4248,0.006542101968079805
4249,0.006537746638059616
4250,0.0065331775695085526
4251,0.006530362647026777
4252,0.006527361925691366
4253,0.006524484604597092
4254,0.006522467825561762
4255,0.006521085277199745
4256,0.00651908852159977
4257,0.006518042646348476
4258,0.006516828201711178
4259,0.006515684071928263
4260,0.006514835171401501
4261,0.006512901280075312
4262,0.006510957144200802
4263,0.006509432103484869
4264,0.006517034489661455
4265,0.0065089380368590355
4266,0.006507490761578083
4267,0.006505582481622696
4268,0.00650319317355752
4269,0.006499053444713354
4270,0.006495386362075806
4271,0.0064916168339550495
4272,0.006488909013569355
4273,0.006486004218459129
4274,0.006481317803263664
4275,0.006479484960436821
4276,0.006476739887148142
4277,0.0064745619893074036
4278,0.006472616922110319
4279,0.0064713130705058575
4280,0.006470458582043648
4281,0.006469574756920338
4282,0.006468114908784628
4283,0.006466586608439684
4284,0.006464318837970495
4285,0.006460506934672594
4286,0.0064615532755851746
4287,0.0064576962031424046
4288,0.0064535378478467464
4289,0.006447946187108755
4290,0.006443561986088753
4291,0.006439389660954475
4292,0.006436551921069622
4293,0.006432448048144579
4294,0.0064282794483006
4295,0.0064231883734464645
4296,0.006417322903871536
4297,0.006411165930330753
4298,0.006407198030501604
4299,0.006404591258615255
4300,0.006402530241757631
4301,0.006400359328836203
4302,0.006398428231477737
4303,0.006395365111529827
4304,0.00639389967545867
4305,0.006392384879291058
4306,0.006389855872839689
4307,0.006389555986970663
4308,0.006387568544596434
4309,0.006383722182363272
4310,0.006379757542163134
4311,0.00637433584779501
4312,0.006370225455611944
4313,0.006367555353790522
4314,0.006365944165736437
4315,0.0063642291352152824
4316,0.006363178603351116
4317,0.006361648440361023
4318,0.006362861022353172
4319,0.0063607157208025455
4320,0.006359006743878126
4321,0.006356671452522278
4322,0.006355187389999628
4323,0.006353733129799366
4324,0.006351963151246309
4325,0.006350850220769644
4326,0.0063514127396047115
4327,0.006349311210215092
4328,0.006346910260617733
4329,0.006344701163470745
4330,0.006343294400721788
4331,0.006340672727674246
4332,0.006339517887681723
4333,0.006338184699416161
4334,0.0063372268341481686
4335,0.006336221471428871
4336,0.006335294805467129
4337,0.006334509234875441
4338,0.006333543919026852
4339,0.006332593970000744
4340,0.006331766489893198
4341,0.006332948803901672
4342,0.0063312845304608345
4343,0.006330680567771196
4344,0.006329932250082493
4345,0.006329386029392481
4346,0.006328577641397715
4347,0.006327603943645954
4348,0.006326587405055761
4349,0.006325510796159506
4350,0.0063258870504796505
4351,0.006324822083115578
4352,0.006323378533124924
4353,0.0063224476762115955
4354,0.006321324501186609
4355,0.006320609711110592
4356,0.006319910287857056
4357,0.006319135427474976
4358,0.006318349856883287
4359,0.0063461242243647575
4360,0.006318050902336836
4361,0.006316922605037689
4362,0.006315779406577349
4363,0.006315057165920734
4364,0.006314463447779417
4365,0.006313819903880358
4366,0.006313137244433165
4367,0.0063126771710813046
4368,0.006312302313745022
4369,0.006311953999102116
4370,0.006311614532023668
4371,0.006311279721558094
4372,0.006310923490673304
4373,0.006310673430562019
4374,0.006310329772531986
4375,0.006309763062745333
4376,0.006311030592769384
4377,0.006309506483376026
4378,0.006308760028332472
4379,0.006308203563094139
4380,0.006307119037955999
4381,0.006306258495897055
4382,0.006304678972810507
4383,0.006302634719759226
4384,0.006299921777099371
4385,0.006297603715211153
4386,0.0062945387326180935
4387,0.006291575264185667
4388,0.006286303512752056
4389,0.0062844417989254
4390,0.006280177738517523
4391,0.0062790121883153915
4392,0.006277702283114195
4393,0.006275547668337822
4394,0.006273160222917795
4395,0.006271143443882465
4396,0.006266301032155752
4397,0.006262546870857477
4398,0.0062589035369455814
4399,0.006258537992835045
4400,0.00625413004308939
4401,0.006251418963074684
4402,0.0062491740100085735
4403,0.006246555130928755
4404,0.006243011448532343
4405,0.006238793954253197
4406,0.006235785316675901
4407,0.00623302161693573
4408,0.006230886094272137
4409,0.006230085156857967
4410,0.006228478159755468
4411,0.006227993872016668
4412,0.006226622499525547
4413,0.006225879304111004
4414,0.006225202698260546
4415,0.00622783787548542
4416,0.006224397569894791
4417,0.006222245283424854
4418,0.006219862494617701
4419,0.006215436849743128
4420,0.006223659496754408
4421,0.00621388852596283
4422,0.006210947874933481
4423,0.006208786275237799
4424,0.006207066588103771
4425,0.006205900572240353
4426,0.006204749457538128
4427,0.006203741300851107
4428,0.006212363950908184
4429,0.006202949211001396
4430,0.006201283074915409
4431,0.006199846975505352
4432,0.006199033930897713
4433,0.006198176182806492
4434,0.006196914706379175
4435,0.006195048335939646
4436,0.006197028327733278
4437,0.00619421387091279
4438,0.006192984990775585
4439,0.006192194763571024
4440,0.006191176827996969
4441,0.006190285086631775
4442,0.006189519539475441
4443,0.006189147941768169
4444,0.00618879497051239
4445,0.006188464350998402
4446,0.006188180763274431
4447,0.006187743972986937
4448,0.006187458522617817
4449,0.00618691835552454
4450,0.006186415906995535
4451,0.006185924634337425
4452,0.006185516715049744
4453,0.006185232196003199
4454,0.006184869445860386
4455,0.006184506230056286
4456,0.006184190046042204
4457,0.006183876655995846
4458,0.006183422636240721
4459,0.006182956974953413
4460,0.006182581186294556
4461,0.0061822691932320595
4462,0.006181799340993166
4463,0.006181132048368454
4464,0.006180397234857082
4465,0.006179687101393938
4466,0.00617894995957613
4467,0.006178420037031174
4468,0.0061774058267474174
4469,0.006187004037201405
4470,0.006177104078233242
4471,0.00617602001875639
4472,0.006174840498715639
4473,0.006173886824399233
4474,0.006172741763293743
4475,0.006171044893562794
4476,0.00616990402340889
4477,0.006168712396174669
4478,0.006167411804199219
4479,0.006165766157209873
4480,0.006164028774946928
4481,0.0061652944423258305
4482,0.006163081619888544
4483,0.006161194294691086
4484,0.006159487180411816
4485,0.0061586531810462475
4486,0.006157735362648964
4487,0.006156960502266884
4488,0.006156126502901316
4489,0.006155406590551138
4490,0.006154433358460665
4491,0.006153210066258907
4492,0.006151440553367138
4493,0.006149543449282646
4494,0.006147862412035465
4495,0.0061468989588320255
4496,0.006146094761788845
4497,0.006144924554973841
4498,0.006143722217530012
4499,0.006142125930637121
4500,0.006140764802694321
4501,0.006139406003057957
4502,0.006138098891824484
4503,0.006136619485914707
4504,0.006135271862149239
4505,0.006134414579719305
4506,0.006133744027465582
4507,0.006132913287729025
4508,0.006132219918072224
4509,0.006131595000624657
4510,0.006130869500339031
4511,0.006130028050392866
4512,0.006129175890237093
4513,0.006128933746367693
4514,0.006127662491053343
4515,0.006126790773123503
4516,0.006124776788055897
4517,0.006121604237705469
4518,0.0061191595159471035
4519,0.006116420030593872
4520,0.006115475203841925
4521,0.006112908478826284
4522,0.006111250724643469
4523,0.006108507513999939
4524,0.006105970125645399
4525,0.006106365006417036
4526,0.006103450432419777
4527,0.006099121179431677
4528,0.006094976328313351
4529,0.006093862932175398
4530,0.006090332753956318
4531,0.0060874721966683865
4532,0.006084689870476723
4533,0.006083407439291477
4534,0.006080960389226675
4535,0.0060803527012467384
4536,0.006079224403947592
4537,0.006077400874346495
4538,0.006076226010918617
4539,0.006073957309126854
4540,0.006071263924241066
4541,0.00606776587665081
4542,0.006064118351787329
4543,0.006064610555768013
4544,0.006061153952032328
4545,0.006059317849576473
4546,0.006057172082364559
4547,0.0060535604134202
4548,0.0060482872650027275
4549,0.006043421104550362
4550,0.006037564016878605
4551,0.006032287608832121
4552,0.006026189774274826
4553,0.006022369954735041
4554,0.006050861906260252
4555,0.006018234416842461
4556,0.006013748236000538
4557,0.006007867399603128
4558,0.006003079004585743
4559,0.006000965368002653
4560,0.005993299651890993
4561,0.0059942263178527355
4562,0.005989239551126957
4563,0.005992372985929251
4564,0.005987171549350023
4565,0.005983262788504362
4566,0.005978994537144899
4567,0.005975996609777212
4568,0.005972089245915413
4569,0.005972006823867559
4570,0.00596968550235033
4571,0.005966950673609972
4572,0.0059645469300448895
4573,0.005962867755442858
4574,0.005961413495242596
4575,0.0059601180255413055
4576,0.005959119647741318
4577,0.005957700777798891
4578,0.005956226959824562
4579,0.0059549445286393166
4580,0.005953933112323284
4581,0.005952823907136917
4582,0.005951614584773779
4583,0.0059501491487026215
4584,0.0059485225938260555
4585,0.005946958903223276
4586,0.0059445202350616455
4587,0.005942645948380232
4588,0.005940939299762249
4589,0.00593901053071022
4590,0.0059361993335187435
4591,0.005934023763984442
4592,0.0059335678815841675
4593,0.00593216298148036
4594,0.005930732470005751
4595,0.005928849335759878
4596,0.0059273396618664265
4597,0.00592588959261775
4598,0.005924837198108435
4599,0.0059241061098873615
4600,0.0059228623285889626
4601,0.005921510513871908
4602,0.0059198178350925446
4603,0.005918429233133793
4604,0.0059171151369810104
4605,0.005916041787713766
4606,0.0059183998964726925
4607,0.005915709305554628
4608,0.005914855282753706
4609,0.005914217326790094
4610,0.00591362826526165
4611,0.005913093686103821
4612,0.005912709981203079
4613,0.005911785177886486
4614,0.005911171901971102
4615,0.005910434760153294
4616,0.0059099262580275536
4617,0.005909377709031105
4618,0.005908920429646969
4619,0.005908478517085314
4620,0.005907887127250433
4621,0.005907346960157156
4622,0.005906522274017334
4623,0.005912992171943188
4624,0.0059058088809251785
4625,0.00590452691540122
4626,0.005903217475861311
4627,0.005902209784835577
4628,0.005901631899178028
4629,0.005900952033698559
4630,0.005900169722735882
4631,0.005899285897612572
4632,0.005897740367799997
4633,0.0058958642184734344
4634,0.005893717985600233
4635,0.005892212502658367
4636,0.005891095846891403
4637,0.0058902595192193985
4638,0.005889673251658678
4639,0.005888756364583969
4640,0.005887907929718494
4641,0.0058869291096925735
4642,0.005886207800358534
4643,0.005885749123990536
4644,0.005885236896574497
4645,0.005884724203497171
4646,0.005884089972823858
4647,0.0058834063820540905
4648,0.005882414989173412
4649,0.005881770979613066
4650,0.005881150718778372
4651,0.005880660377442837
4652,0.00588001124560833
4653,0.005879639182239771
4654,0.005879038944840431
4655,0.005878535099327564
4656,0.00587824359536171
4657,0.00587797537446022
4658,0.005877683404833078
4659,0.005877274088561535
4660,0.00587677164003253
4661,0.005876017734408379
4662,0.005875251721590757
4663,0.005874229595065117
4664,0.005873146466910839
4665,0.005871911067515612
4666,0.005870794877409935
4667,0.0058699301443994045
4668,0.005869204178452492
4669,0.0058676498010754585
4670,0.005865344312041998
4671,0.005863533355295658
4672,0.005861308425664902
4673,0.005858945194631815
4674,0.0058560604229569435
4675,0.00585323479026556
4676,0.005850442685186863
4677,0.0058484370820224285
4678,0.005846535786986351
4679,0.005847707856446505
4680,0.0058455984108150005
4681,0.005843533668667078
4682,0.0058395229279994965
4683,0.005836953409016132
4684,0.005832090508192778
4685,0.005825903732329607
4686,0.00582144595682621
4687,0.005816334392875433
4688,0.005809834226965904
4689,0.005804458633065224
4690,0.005800376646220684
4691,0.005797937512397766
4692,0.005795167293399572
4693,0.005790803115814924
4694,0.0057856375351548195
4695,0.005779159255325794
4696,0.005774671211838722
4697,0.005773967131972313
4698,0.005768780596554279
4699,0.0057657742872834206
4700,0.005762047134339809
4701,0.005762789864093065
4702,0.005759489256888628
4703,0.005754969548434019
4704,0.005751095246523619
4705,0.005745616275817156
4706,0.0057405829429626465
4707,0.005740945693105459
4708,0.005738001316785812
4709,0.005734259728342295
4710,0.005730756558477879
4711,0.005726772826164961
4712,0.00572253717109561
4713,0.005717110820114613
4714,0.005713396705687046
4715,0.005710779223591089
4716,0.005708644166588783
4717,0.0057068513706326485
4718,0.005704449489712715
4719,0.005702289752662182
4720,0.005699839908629656
4721,0.005698048043996096
4722,0.005695995409041643
4723,0.005693658720701933
4724,0.005692148115485907
4725,0.005725843831896782
4726,0.005690837744623423
4727,0.005688595585525036
4728,0.005687000695616007
4729,0.0056860605254769325
4730,0.0056848046369850636
4731,0.005683796014636755
4732,0.005682937800884247
4733,0.005681923124939203
4734,0.005681067705154419
4735,0.0056803543120622635
4736,0.0056798639707267284
4737,0.005679302383214235
4738,0.005678810644894838
4739,0.005678302142769098
4740,0.005677847657352686
4741,0.005677242297679186
4742,0.0056767649948596954
4743,0.005678058136254549
4744,0.005676526576280594
4745,0.00567596172913909
4746,0.005675347521901131
4747,0.005674839019775391
4748,0.005673697218298912
4749,0.005672281142324209
4750,0.005670579615980387
4751,0.005668913945555687
4752,0.00566796725615859
4753,0.005666953511536121
4754,0.005665633827447891
4755,0.005664966534823179
4756,0.005664199125021696
4757,0.005663401912897825
4758,0.005662750918418169
4759,0.005661976058036089
4760,0.0056613739579916
4761,0.0056605953723192215
4762,0.0056596980430185795
4763,0.005658722948282957
4764,0.005657431669533253
4765,0.005656147841364145
4766,0.005654839798808098
4767,0.005653425585478544
4768,0.0056524151004850864
4769,0.005651517771184444
4770,0.0056509822607040405
4771,0.005650173872709274
4772,0.005649535451084375
4773,0.005648754071444273
4774,0.005648200400173664
4775,0.005647387355566025
4776,0.005646685604006052
4777,0.005645956844091415
4778,0.005644975695759058
4779,0.005643889773637056
4780,0.005642991978675127
4781,0.0056443847715854645
4782,0.005642469972372055
4783,0.005641511641442776
4784,0.005639850161969662
4785,0.005639028735458851
4786,0.00563796004280448
4787,0.005636899266391993
4788,0.005635742098093033
4789,0.005634423810988665
4790,0.005633272230625153
4791,0.005631458479911089
4792,0.005633827298879623
4793,0.005630576983094215
4794,0.0056287809275090694
4795,0.005624677985906601
4796,0.005656232126057148
4797,0.005623603239655495
4798,0.0056209503673017025
4799,0.005619068630039692
4800,0.005618023686110973
4801,0.005617185030132532
4802,0.005616324953734875
4803,0.005615337286144495
4804,0.005613739136606455
4805,0.005611791275441647
4806,0.005609495565295219
4807,0.0056058140471577644
4808,0.005603297613561153
4809,0.005601615644991398
4810,0.005599741358309984
4811,0.005597371608018875
4812,0.005594615824520588
4813,0.005592086352407932
4814,0.005589716136455536
4815,0.0055870674550533295
4816,0.005585855804383755
4817,0.005584946367889643
4818,0.005583828315138817
4819,0.005582805257290602
4820,0.005581609904766083
4821,0.0055792853236198425
4822,0.005581117235124111
4823,0.005576873663812876
4824,0.005574818234890699
4825,0.005572898779064417
4826,0.00557183800265193
4827,0.005570606328547001
4828,0.00556920887902379
4829,0.005567791871726513
4830,0.005567354615777731
4831,0.0055658528581261635
4832,0.00556502491235733
4833,0.005563555285334587
4834,0.0055608367547392845
4835,0.0055581494234502316
4836,0.0055547854863107204
4837,0.005552581045776606
4838,0.00555005157366395
4839,0.005549151916056871
4840,0.005546614993363619
4841,0.005545326974242926
4842,0.005543873179703951
4843,0.005542124155908823
4844,0.005541070364415646
4845,0.005539263598620892
4846,0.005538298282772303
4847,0.005536254961043596
4848,0.005534451920539141
4849,0.005528965499252081
4850,0.005524481646716595
4851,0.0055172499269247055
4852,0.005513064097613096
4853,0.005510283168405294
4854,0.005506915971636772
4855,0.005504420027136803
4856,0.005502358078956604
4857,0.005500985775142908
4858,0.005498095415532589
4859,0.0054963151924312115
4860,0.005494284443557262
4861,0.005492546129971743
4862,0.005492004100233316
4863,0.005490282084792852
4864,0.005488850641995668
4865,0.005487225949764252
4866,0.005485258996486664
4867,0.0054842159152030945
4868,0.005482994019985199
4869,0.005481680389493704
4870,0.005480039399117231
4871,0.0054780966602265835
4872,0.005476183257997036
4873,0.00548591511324048
4874,0.005475340411067009
4875,0.005474996753036976
4876,0.00547169940546155
4877,0.005469006951898336
4878,0.005465943831950426
4879,0.005465763155370951
4880,0.005464520305395126
4881,0.005461749155074358
4882,0.005460212007164955
4883,0.005459147039800882
4884,0.005457549821585417
4885,0.005455419886857271
4886,0.005454155616462231
4887,0.005452021956443787
4888,0.005449539981782436
4889,0.005447037052363157
4890,0.005444137845188379
4891,0.005441460758447647
4892,0.005440030712634325
4893,0.0054374379105865955
4894,0.005435675848275423
4895,0.005432902369648218
4896,0.005430808290839195
4897,0.0054293726570904255
4898,0.005428026430308819
4899,0.005426956806331873
4900,0.005425780545920134
4901,0.0054237497970461845
4902,0.005458034574985504
4903,0.00542255537584424
4904,0.005420557223260403
4905,0.0054177516140043736
4906,0.005415087565779686
4907,0.005411292891949415
4908,0.005407364573329687
4909,0.005405423231422901
4910,0.005403242073953152
4911,0.0054008010774850845
4912,0.005398374982178211
4913,0.005395988933742046
4914,0.00539415143430233
4915,0.005392827093601227
4916,0.005390901118516922
4917,0.005388378165662289
4918,0.0053851851262152195
4919,0.0053895763121545315
4920,0.0053840335458517075
4921,0.0053814370185136795
4922,0.005377211607992649
4923,0.005373876076191664
4924,0.005370649974793196
4925,0.005367831792682409
4926,0.005365130957216024
4927,0.005361940711736679
4928,0.005357156042009592
4929,0.0053502293303608894
4930,0.005346574820578098
4931,0.005344291217625141
4932,0.0053432052955031395
4933,0.005342240910977125
4934,0.005341073963791132
4935,0.0053397975862026215
4936,0.005339625291526318
4937,0.005338182207196951
4938,0.005337282549589872
4939,0.005335401277989149
4940,0.0053352550603449345
4941,0.00533375795930624
4942,0.0053306519985198975
4943,0.005327616352587938
4944,0.005326175130903721
4945,0.005323636345565319
4946,0.00532227149233222
4947,0.005321594886481762
4948,0.005320489872246981
4949,0.005319021176546812
4950,0.005317129660397768
4951,0.005314522422850132
4952,0.005312731489539146
4953,0.005311058834195137
4954,0.005309618078172207
4955,0.005308132618665695
4956,0.005306506995111704
4957,0.005304994527250528
4958,0.005303643178194761
4959,0.005301874130964279
4960,0.005299696233123541
4961,0.005298194941133261
4962,0.005300653632730246
4963,0.005297828000038862
4964,0.005298167001456022
4965,0.005297443363815546
4966,0.005296617746353149
4967,0.005296200048178434
4968,0.005295655224472284
4969,0.005295132752507925
4970,0.005294721573591232
4971,0.005294242408126593
4972,0.005293447989970446
4973,0.005292721092700958
4974,0.005292643792927265
4975,0.005292227026075125
4976,0.005291661247611046
4977,0.005291239824146032
4978,0.005290737375617027
4979,0.0052903881296515465
4980,0.005290027242153883
4981,0.005289775785058737
4982,0.005289535969495773
4983,0.005289305001497269
4984,0.005288796033710241
4985,0.005288655404001474
4986,0.005290372297167778
4987,0.005288189277052879
4988,0.005287548992782831
4989,0.005286886356770992
4990,0.005286368075758219
4991,0.005285292863845825
4992,0.0052840858697891235
4993,0.005282820668071508
4994,0.005281464196741581
4995,0.005279774311929941
4996,0.005278961267322302
4997,0.005277540534734726
4998,0.005276297684758902
4999,0.005275501403957605
5000,0.0052745952270925045
5001,0.005273142363876104
5002,0.005270575173199177
5003,0.005268617533147335
5004,0.005267306696623564
5005,0.005266157444566488
5006,0.00526585103943944
5007,0.00526495510712266
5008,0.005263622850179672
5009,0.005262480583041906
5010,0.0052613792940974236
5011,0.0052604530937969685
5012,0.005259039346128702
5013,0.005257737822830677
5014,0.0052566127851605415
5015,0.0052551161497831345
5016,0.005253306590020657
5017,0.005251978058367968
5018,0.005250501446425915
5019,0.005248945206403732
5020,0.005247641354799271
5021,0.005246128886938095
5022,0.0052442969754338264
5023,0.005243085790425539
5024,0.005242530722171068
5025,0.005240821745246649
5026,0.0052386182360351086
5027,0.005236299708485603
5028,0.00523407245054841
5029,0.00523415207862854
5030,0.0052324929274618626
5031,0.005231073591858149
5032,0.005229674279689789
5033,0.005228251218795776
5034,0.005225871689617634
5035,0.005224010441452265
5036,0.005221411120146513
5037,0.0052186851389706135
5038,0.0052155060693621635
5039,0.005212549585849047
5040,0.005210710223764181
5041,0.005209136288613081
5042,0.0052072759717702866
5043,0.005206158850342035
5044,0.005205665249377489
5045,0.005203927867114544
5046,0.005202263128012419
5047,0.0051998416893184185
5048,0.005196052603423595
5049,0.00520225940272212
5050,0.0051950616762042046
5051,0.005193422082811594
5052,0.00519154779613018
5053,0.005187901668250561
5054,0.00518070301041007
5055,0.005174707155674696
5056,0.005177047103643417
5057,0.005170803051441908
5058,0.005162797402590513
5059,0.005159132648259401
5060,0.0051542408764362335
5061,0.005148586817085743
5062,0.0051414440385997295
5063,0.005137057043612003
5064,0.0051277680322527885
5065,0.005121166817843914
5066,0.0051127406768500805
5067,0.005100416485220194
5068,0.0050907619297504425
5069,0.005083647556602955
5070,0.005074275657534599
5071,0.005067101214081049
5072,0.005056346300989389
5073,0.005049240309745073
5074,0.005038007628172636
5075,0.00502887275069952
5076,0.005019926466047764
5077,0.005008968990296125
5078,0.005000762175768614
5079,0.00499478867277503
5080,0.004982644226402044
5081,0.004977005999535322
5082,0.004971003159880638
5083,0.004965574946254492
5084,0.004958865698426962
5085,0.004952705930918455
5086,0.004948955029249191
5087,0.004945285152643919
5088,0.004941040650010109
5089,0.004936222452670336
5090,0.004936587996780872
5091,0.004934287164360285
5092,0.004931398201733828
5093,0.004926915746182203
5094,0.004923054948449135
5095,0.004918714985251427
5096,0.004915047902613878
5097,0.004912338685244322
5098,0.004910069517791271
5099,0.0049081826582551
5100,0.004906340502202511
5101,0.004904929082840681
5102,0.004903237335383892
5103,0.004901524633169174
5104,0.004898764658719301
5105,0.004896390717476606
5106,0.004894032143056393
5107,0.004891791846603155
5108,0.004889451898634434
5109,0.0048879594542086124
5110,0.004886308219283819
5111,0.004884536378085613
5112,0.004883745685219765
5113,0.004881997127085924
5114,0.00488000363111496
5115,0.004877817817032337
5116,0.004876258317381144
5117,0.004874443169683218
5118,0.004872651305049658
5119,0.004870634526014328
5120,0.0048691462725400925
5121,0.0048676966689527035
5122,0.00486611295491457
5123,0.0048646568320691586
5124,0.004862036556005478
5125,0.004859602078795433
5126,0.004857724066823721
5127,0.004856377374380827
5128,0.004855112172663212
5129,0.004853977356106043
5130,0.0048525771126151085
5131,0.004850936587899923
5132,0.004849489312618971
5133,0.0048492769710719585
5134,0.004848874174058437
5135,0.004848165437579155
5136,0.004847739357501268
5137,0.004847403150051832
5138,0.004847102332860231
5139,0.004846617579460144
5140,0.004847640171647072
5141,0.004846272990107536
5142,0.004846049938350916
5143,0.004845515359193087
5144,0.004844991490244865
5145,0.004844488576054573
5146,0.004844119306653738
5147,0.004843731410801411
5148,0.004843319766223431
5149,0.004842860158532858
5150,0.004842469003051519
5151,0.004842144902795553
5152,0.004841834306716919
5153,0.00484149856492877
5154,0.004840719513595104
5155,0.0048398361541330814
5156,0.004838855471462011
5157,0.004840006586164236
5158,0.004838269203901291
5159,0.004837473854422569
5160,0.0048365104012191296
5161,0.004835642874240875
5162,0.004834433551877737
5163,0.004833778832107782
5164,0.004833299666643143
5165,0.004832823760807514
5166,0.004832065664231777
5167,0.004830673336982727
5168,0.004829716868698597
5169,0.004828807897865772
5170,0.004828034900128841
5171,0.004827116150408983
5172,0.00482562743127346
5173,0.004828054457902908
5174,0.004825090058147907
5175,0.004827260039746761
5176,0.0048244246281683445
5177,0.004823868162930012
5178,0.004823104478418827
5179,0.004822788294404745
5180,0.0048208883963525295
5181,0.004820274654775858
5182,0.00481976754963398
5183,0.0048191784881055355
5184,0.0048189121298491955
5185,0.004818455781787634
5186,0.004824294708669186
5187,0.004818339366465807
5188,0.004817886743694544
5189,0.0048172445967793465
5190,0.004816750530153513
5191,0.004816120490431786
5192,0.004815035965293646
5193,0.004813205450773239
5194,0.004810850135982037
5195,0.004808485973626375
5196,0.00480680400505662
5197,0.004805214237421751
5198,0.004804202821105719
5199,0.004802745301276445
5200,0.004800979048013687
5201,0.004798562731593847
5202,0.0047961752861738205
5203,0.004792618565261364
5204,0.00478992098942399
5205,0.004787840414792299
5206,0.004784674383699894
5207,0.004781921859830618
5208,0.004777714144438505
5209,0.004775271750986576
5210,0.004773468244820833
5211,0.004771937616169453
5212,0.00477102305740118
5213,0.004769038874655962
5214,0.004767405800521374
5215,0.00476369122043252
5216,0.004758650436997414
5217,0.004753682296723127
5218,0.004748851526528597
5219,0.004744275473058224
5220,0.004740363452583551
5221,0.0047383736819028854
5222,0.004734613001346588
5223,0.004731941968202591
5224,0.004726901650428772
5225,0.004723395220935345
5226,0.004719175398349762
5227,0.004715082701295614
5228,0.004712571389973164
5229,0.004709045868366957
5230,0.004706935025751591
5231,0.0047045680694282055
5232,0.004700543824583292
5233,0.004697463009506464
5234,0.004694415256381035
5235,0.004691375885158777
5236,0.004688051994889975
5237,0.004685875494033098
5238,0.004683849401772022
5239,0.004682144615799189
5240,0.004680829122662544
5241,0.004679882898926735
5242,0.00467899814248085
5243,0.004677784629166126
5244,0.0046766046434640884
5245,0.004675058647990227
5246,0.004673104267567396
5247,0.004670538939535618
5248,0.004667868372052908
5249,0.004666280932724476
5250,0.004664878360927105
5251,0.004663725849241018
5252,0.004662132356315851
5253,0.004660860635340214
5254,0.004659236874431372
5255,0.004657070152461529
5256,0.004654254298657179
5257,0.0046511986292898655
5258,0.004647431429475546
5259,0.004643022082746029
5260,0.004639896564185619
5261,0.004639944061636925
5262,0.004638573154807091
5263,0.004638107027858496
5264,0.004635727033019066
5265,0.004634525161236525
5266,0.004633000586181879
5267,0.004631171002984047
5268,0.004630062263458967
5269,0.004628679249435663
5270,0.004627129528671503
5271,0.004625434521585703
5272,0.004623778164386749
5273,0.0046228510327637196
5274,0.00462187547236681
5275,0.004621155094355345
5276,0.004620859865099192
5277,0.004620509687811136
5278,0.0046200803481042385
5279,0.004619496408849955
5280,0.004618959967046976
5281,0.004617493599653244
5282,0.0046229250729084015
5283,0.004616945516318083
5284,0.0046150702983140945
5285,0.004611895885318518
5286,0.004609554540365934
5287,0.0046081142500042915
5288,0.0046060155145823956
5289,0.004604678135365248
5290,0.004603240638971329
5291,0.0046017407439649105
5292,0.004599944222718477
5293,0.004597943741828203
5294,0.004595786798745394
5295,0.004593017976731062
5296,0.004592802841216326
5297,0.004590259864926338
5298,0.004588678944855928
5299,0.004586747381836176
5300,0.004584414418786764
5301,0.004582748748362064
5302,0.004583329893648624
5303,0.004581513814628124
5304,0.004580015316605568
5305,0.004578710533678532
5306,0.004578051622956991
5307,0.004577020648866892
5308,0.004576077219098806
5309,0.0045748185366392136
5310,0.004575106780976057
5311,0.004574076738208532
5312,0.004572791047394276
5313,0.004571020137518644
5314,0.004568631760776043
5315,0.004567176103591919
5316,0.004565915558487177
5317,0.0045650312677025795
5318,0.004563834518194199
5319,0.0045620957389473915
5320,0.004560648463666439
5321,0.004558894317597151
5322,0.004557185806334019
5323,0.004556379280984402
5324,0.0045556980185210705
5325,0.00455517740920186
5326,0.004554614424705505
5327,0.004554114770144224
5328,0.004553515464067459
5329,0.004552806261926889
5330,0.004552011843770742
5331,0.0045511843636631966
5332,0.00455054547637701
5333,0.004550016485154629
5334,0.004549478646367788
5335,0.004548750352114439
5336,0.0045481231063604355
5337,0.004548194818198681
5338,0.004546848125755787
5339,0.004545427393168211
5340,0.004544106312096119
5341,0.004542080219835043
5342,0.004541335627436638
5343,0.004540429916232824
5344,0.004540508147329092
5345,0.0045398990623652935
5346,0.004539069253951311
5347,0.004538001958280802
5348,0.004536991938948631
5349,0.004535998683422804
5350,0.004534524865448475
5351,0.0045335423201322556
5352,0.004532649647444487
5353,0.004531296901404858
5354,0.00452966196462512
5355,0.0045277997851371765
5356,0.004526617005467415
5357,0.004525209777057171
5358,0.004524382762610912
5359,0.004522963892668486
5360,0.00452199624851346
5361,0.00452120415866375
5362,0.004520796239376068
5363,0.004520596005022526
5364,0.00452025793492794
5365,0.0045199622400105
5366,0.004519213922321796
5367,0.004518692847341299
5368,0.0045178537257015705
5369,0.004516871180385351
5370,0.004515893757343292
5371,0.004514133557677269
5372,0.004512864165008068
5373,0.004512452520430088
5374,0.004510018974542618
5375,0.00450829928740859
5376,0.004506190773099661
5377,0.004504493437707424
5378,0.004503795877099037
5379,0.004502457566559315
5380,0.0045010680332779884
5381,0.0045000105164945126
5382,0.004498500842601061
5383,0.0044972095638513565
5384,0.0044957976788282394
5385,0.004494944121688604
5386,0.004493840970098972
5387,0.004492858424782753
5388,0.004491937812417746
5389,0.004490538965910673
5390,0.004489063285291195
5391,0.004487130790948868
5392,0.00448602857068181
5393,0.004483936820179224
5394,0.004482120741158724
5395,0.004479997791349888
5396,0.004478414077311754
5397,0.004477404523640871
5398,0.004476587753742933
5399,0.004475961904972792
5400,0.004475461784750223
5401,0.00447488110512495
5402,0.004474030341953039
5403,0.004473285283893347
5404,0.004473312292248011
5405,0.004472402390092611
5406,0.00447130436077714
5407,0.004469453357160091
5408,0.004513165447860956
5409,0.004469205159693956
5410,0.004467659629881382
5411,0.004468271508812904
5412,0.004466306418180466
5413,0.0044639864936470985
5414,0.004461850505322218
5415,0.0044596241787076
5416,0.004458380397409201
5417,0.004456543829292059
5418,0.004454692825675011
5419,0.004452320747077465
5420,0.004448020830750465
5421,0.0044428021647036076
5422,0.004437066148966551
5423,0.004433842375874519
5424,0.004427520092576742
5425,0.00442303903400898
5426,0.004418989643454552
5427,0.004414428491145372
5428,0.004409853834658861
5429,0.004405810032039881
5430,0.00440248055383563
5431,0.00440145842730999
5432,0.004398010205477476
5433,0.004396154545247555
5434,0.004393339157104492
5435,0.004390026442706585
5436,0.004391047637909651
5437,0.004388880915939808
5438,0.004386987071484327
5439,0.004384989384561777
5440,0.004383069928735495
5441,0.004381193313747644
5442,0.004378853365778923
5443,0.0043759699910879135
5444,0.004372942261397839
5445,0.004369043745100498
5446,0.004364376422017813
5447,0.004360306076705456
5448,0.00435748603194952
5449,0.0043548704124987125
5450,0.004351563286036253
5451,0.004349187016487122
5452,0.004346284084022045
5453,0.0043428270146250725
5454,0.00434022955596447
5455,0.004338111262768507
5456,0.004336383659392595
5457,0.004331255331635475
5458,0.004329124931246042
5459,0.00432706531137228
5460,0.004325238987803459
5461,0.004324161447584629
5462,0.004322833381593227
5463,0.004321735817939043
5464,0.0043210783042013645
5465,0.004320220556110144
5466,0.0043193744495511055
5467,0.004318907856941223
5468,0.004318044986575842
5469,0.004316984675824642
5470,0.004316037520766258
5471,0.0043146549724042416
5472,0.0043135518208146095
5473,0.0043120919726789
5474,0.004310233052819967
5475,0.0043082572519779205
5476,0.004306401126086712
5477,0.004304688423871994
5478,0.004302693996578455
5479,0.004301030654460192
5480,0.004299266263842583
5481,0.004296556115150452
5482,0.0042940047569572926
5483,0.004292114172130823
5484,0.004289655480533838
5485,0.004287547431886196
5486,0.004285378381609917
5487,0.004282773472368717
5488,0.0042807674035429955
5489,0.004279715940356255
5490,0.004278601612895727
5491,0.004277199041098356
5492,0.004274861421436071
5493,0.004272392485290766
5494,0.004295688588172197
5495,0.004271564073860645
5496,0.004268877673894167
5497,0.004267256241291761
5498,0.004264700226485729
5499,0.004262309987097979
5500,0.004260238725692034
5501,0.004259045235812664
5502,0.004258070141077042
5503,0.004257103428244591
5504,0.00425603287294507
5505,0.004255219828337431
5506,0.0042545003816485405
5507,0.004253593273460865
5508,0.004252946935594082
5509,0.0042520007118582726
5510,0.004250738304108381
5511,0.0042496840469539165
5512,0.004249013960361481
5513,0.004248340148478746
5514,0.004247619770467281
5515,0.00424693850800395
5516,0.00424614455550909
5517,0.004245661664754152
5518,0.00424526073038578
5519,0.004246799740940332
5520,0.004245035815984011
5521,0.004244629293680191
5522,0.004243913106620312
5523,0.004243194591253996
5524,0.004241940565407276
5525,0.004240748006850481
5526,0.004239237867295742
5527,0.004237154498696327
5528,0.0042349533177912235
5529,0.004232252016663551
5530,0.004230092279613018
5531,0.0042268685065209866
5532,0.00422198511660099
5533,0.004218620248138905
5534,0.004214873071759939
5535,0.004212426953017712
5536,0.004210890736430883
5537,0.004209619015455246
5538,0.00420940900221467
5539,0.00420833844691515
5540,0.004207923077046871
5541,0.0042070006020367146
5542,0.004205993376672268
5543,0.004204835742712021
5544,0.004203333053737879
5545,0.004200138617306948
5546,0.004198232665657997
5547,0.004196846857666969
5548,0.004195091780275106
5549,0.0041933502070605755
5550,0.004191932268440723
5551,0.004190568812191486
5552,0.004189357161521912
5553,0.004187777638435364
5554,0.004185742698609829
5555,0.004183981101959944
5556,0.004182223696261644
5557,0.004180189222097397
5558,0.004178212024271488
5559,0.0041757430881261826
5560,0.004172757267951965
5561,0.004169805906713009
5562,0.004168680403381586
5563,0.004166219383478165
5564,0.004164157435297966
5565,0.004162154160439968
5566,0.004159222822636366
5567,0.004157220013439655
5568,0.004155433736741543
5569,0.004154388327151537
5570,0.004152662120759487
5571,0.004151269793510437
5572,0.004148899577558041
5573,0.004146486986428499
5574,0.004146476276218891
5575,0.0041450271382927895
5576,0.00414293771609664
5577,0.004141267854720354
5578,0.00414052652195096
5579,0.004139862023293972
5580,0.004139171447604895
5581,0.004138512536883354
5582,0.004137828946113586
5583,0.004137151874601841
5584,0.004136422649025917
5585,0.0041356622241437435
5586,0.004134785383939743
5587,0.004134104121476412
5588,0.0041331700049340725
5589,0.004131558816879988
5590,0.004130162764340639
5591,0.004128667525947094
5592,0.004127384163439274
5593,0.004126056097447872
5594,0.004124443046748638
5595,0.004122560378164053
5596,0.004123397637158632
5597,0.00412112008780241
5598,0.004119678400456905
5599,0.004117011092603207
5600,0.004114494193345308
5601,0.004112163558602333
5602,0.0041090138256549835
5603,0.004106244072318077
5604,0.004103139508515596
5605,0.004100588150322437
5606,0.004100073128938675
5607,0.004098387900739908
5608,0.0040944283828139305
5609,0.004090539645403624
5610,0.004086209926754236
5611,0.004083544481545687
5612,0.004080731421709061
5613,0.004078327212482691
5614,0.004075866658240557
5615,0.0040731108747422695
5616,0.004069985821843147
5617,0.004066050052642822
5618,0.004061688203364611
5619,0.004059423226863146
5620,0.004056986421346664
5621,0.004054647404700518
5622,0.004052771721035242
5623,0.004051706753671169
5624,0.00405007041990757
5625,0.004048916976898909
5626,0.0040475246496498585
5627,0.004045151174068451
5628,0.004042878746986389
5629,0.00404050899669528
5630,0.004038691520690918
5631,0.004037376958876848
5632,0.004035745281726122
5633,0.004034533631056547
5634,0.004033938050270081
5635,0.00403338298201561
5636,0.004032788332551718
5637,0.004031929653137922
5638,0.004030945245176554
5639,0.004029892850667238
5640,0.004028621129691601
5641,0.004027605056762695
5642,0.004026658833026886
5643,0.004025764297693968
5644,0.004024974070489407
5645,0.004024266265332699
5646,0.004023340065032244
5647,0.004022205714136362
5648,0.004021724686026573
5649,0.004020392894744873
5650,0.0040197004564106464
5651,0.004018941428512335
5652,0.004018258303403854
5653,0.00401752395555377
5654,0.004017089959233999
5655,0.0040166061371564865
5656,0.004016183316707611
5657,0.004015950486063957
5658,0.00401546573266387
5659,0.004015544895082712
5660,0.004015261307358742
5661,0.004014924634248018
5662,0.0040146708488464355
5663,0.00401433976367116
5664,0.004013958387076855
5665,0.0040135071612894535
5666,0.0040129185654222965
5667,0.004012275021523237
5668,0.004011491313576698
5669,0.004010471515357494
5670,0.0040096077136695385
5671,0.004008784890174866
5672,0.0040081883780658245
5673,0.004007487557828426
5674,0.004006790462881327
5675,0.00400552386417985
5676,0.004004134796559811
5677,0.004002260509878397
5678,0.0040032099932432175
5679,0.00400157505646348
5680,0.004000309854745865
5681,0.003998739179223776
5682,0.003997172228991985
5683,0.003995389677584171
5684,0.003994741011410952
5685,0.003993685822933912
5686,0.003993131220340729
5687,0.003992623183876276
5688,0.003992217127233744
5689,0.003991842269897461
5690,0.003991291392594576
5691,0.003990760538727045
5692,0.003989954944700003
5693,0.003989547491073608
5694,0.003988734446465969
5695,0.003987782169133425
5696,0.003987422212958336
5697,0.003986992407590151
5698,0.00398652721196413
5699,0.003985334187746048
5700,0.003984511364251375
5701,0.003984049893915653
5702,0.003982750233262777
5703,0.0039815157651901245
5704,0.003994131460785866
5705,0.0039808908477425575
5706,0.0039783683605492115
5707,0.003975972067564726
5708,0.003974374383687973
5709,0.003973424434661865
5710,0.003972494509071112
5711,0.003971822094172239
5712,0.003970975521951914
5713,0.003969982266426086
5714,0.003970602992922068
5715,0.003969203215092421
5716,0.003968164790421724
5717,0.003966749645769596
5718,0.003965622279793024
5719,0.003964325413107872
5720,0.003963243216276169
5721,0.0039632972329854965
5722,0.003962547983974218
5723,0.0039617144502699375
5724,0.003961020149290562
5725,0.003960421308875084
5726,0.003959834109991789
5727,0.003959168680012226
5728,0.003958411980420351
5729,0.003957045264542103
5730,0.003955506253987551
5731,0.0039541637524962425
5732,0.003952860366553068
5733,0.003951988182961941
5734,0.003950781654566526
5735,0.003949847538024187
5736,0.0039484016597270966
5737,0.003947280813008547
5738,0.003946114797145128
5739,0.003945112694054842
5740,0.003944573923945427
5741,0.0039438772946596146
5742,0.0039429208263754845
5743,0.003941924311220646
5744,0.003940400201827288
5745,0.0039428542368113995
5746,0.0039396160282194614
5747,0.003938958048820496
5748,0.003937030676752329
5749,0.003936104476451874
5750,0.0039345864206552505
5751,0.00393285695463419
5752,0.0039307186380028725
5753,0.0039289831183850765
5754,0.0039275288581848145
5755,0.003926442936062813
5756,0.003925643395632505
5757,0.003924803342670202
5758,0.003923602402210236
5759,0.003922577481716871
5760,0.00392146036028862
5761,0.003920017741620541
5762,0.003918178845196962
5763,0.0039161029271781445
5764,0.003914053551852703
5765,0.003913587424904108
5766,0.003912231419235468
5767,0.003911193925887346
5768,0.00391017459332943
5769,0.003909548744559288
5770,0.003908667713403702
5771,0.003908056765794754
5772,0.0039069983176887035
5773,0.0039060753770172596
5774,0.003904338227584958
5775,0.0039025878068059683
5776,0.0039008683525025845
5777,0.0038996152579784393
5778,0.0038989544846117496
5779,0.0038980767130851746
5780,0.0038973710034042597
5781,0.0038959358353167772
5782,0.003895910456776619
5783,0.003895270638167858
5784,0.0038937644567340612
5785,0.0038926450069993734
5786,0.003891650354489684
5787,0.0038909288123250008
5788,0.00389008573256433
5789,0.0038888093549758196
5790,0.0038874391466379166
5791,0.003885542042553425
5792,0.0038828663527965546
5793,0.0038805382791906595
5794,0.003885742975398898
5795,0.0038793813437223434
5796,0.0038762998301535845
5797,0.003872399451211095
5798,0.003870470216497779
5799,0.003868144005537033
5800,0.003866693004965782
5801,0.003865268314257264
5802,0.003863521618768573
5803,0.0038615092635154724
5804,0.003858780488371849
5805,0.003856032621115446
5806,0.0038528884761035442
5807,0.0038489156868308783
5808,0.003845143597573042
5809,0.0038403531070798635
5810,0.003842982929199934
5811,0.003837957978248596
5812,0.003834017086774111
5813,0.003830946749076247
5814,0.0038265157490968704
5815,0.0038225953467190266
5816,0.0038195739034563303
5817,0.003816962009295821
5818,0.0038201329298317432
5819,0.003814974334090948
5820,0.003813013434410095
5821,0.003810498397797346
5822,0.0038083321414887905
5823,0.003806562628597021
5824,0.0038043626118451357
5825,0.00380354723893106
5826,0.0038014044985175133
5827,0.0038002501241862774
5828,0.0037981076166033745
5829,0.0037964200600981712
5830,0.0037947590462863445
5831,0.003793747629970312
5832,0.0037929657846689224
5833,0.0037920137401670218
5834,0.003791229333728552
5835,0.003790447488427162
5836,0.0037894798442721367
5837,0.0037886425852775574
5838,0.0037879981100559235
5839,0.003787416499108076
5840,0.003788033500313759
5841,0.00378717971034348
5842,0.003786700312048197
5843,0.0037862281315028667
5844,0.0037859452422708273
5845,0.0037856600247323513
5846,0.0037853640969842672
5847,0.0037849699147045612
5848,0.003784621600061655
5849,0.0037841261364519596
5850,0.0037837857380509377
5851,0.0037834923714399338
5852,0.0037832148373126984
5853,0.0037829228676855564
5854,0.0037827540654689074
5855,0.003782618325203657
5856,0.003782381536439061
5857,0.003781976643949747
5858,0.0037813347298651934
5859,0.0037802336737513542
5860,0.003779060672968626
5861,0.0037788550835102797
5862,0.0037784348241984844
5863,0.0037774513475596905
5864,0.003776912111788988
5865,0.0037763556465506554
5866,0.0037761421408504248
5867,0.003775645513087511
5868,0.0037753295619040728
5869,0.00377477053552866
5870,0.003774138167500496
5871,0.0037732634227722883
5872,0.0037722003180533648
5873,0.0037718142848461866
5874,0.0037710515316575766
5875,0.0037704661954194307
5876,0.003769669681787491
5877,0.0037688601296395063
5878,0.00376779492944479
5879,0.00376721890643239
5880,0.003766382345929742
5881,0.003765672678127885
5882,0.0037646580021828413
5883,0.0037636884953826666
5884,0.0037624326068907976
5885,0.00376113154925406
5886,0.003760359715670347
5887,0.0037594721652567387
5888,0.0037587503902614117
5889,0.003757575061172247
5890,0.003756828373298049
5891,0.003756420686841011
5892,0.0037560616619884968
5893,0.0037556327879428864
5894,0.003755289362743497
5895,0.003754981327801943
5896,0.0037547368556261063
5897,0.0037543948274105787
5898,0.0037539112381637096
5899,0.0037531142588704824
5900,0.0037525957450270653
5901,0.003751723561435938
5902,0.003750754985958338
5903,0.0037498981691896915
5904,0.003748613642528653
5905,0.0037473132833838463
5906,0.003746265545487404
5907,0.0037454499397426844
5908,0.003744688583537936
5909,0.0037436746060848236
5910,0.0037421167362481356
5911,0.0037397192791104317
5912,0.003736258950084448
5913,0.003731346921995282
5914,0.003728622803464532
5915,0.003726191818714142
5916,0.0037235792260617018
5917,0.0037209168076515198
5918,0.0037163598462939262
5919,0.0037128624971956015
5920,0.0037089348770678043
5921,0.0037065146025270224
5922,0.0037046968936920166
5923,0.003701734822243452
5924,0.0037153197918087244
5925,0.003700067289173603
5926,0.0036955727264285088
5927,0.0036915738601237535
5928,0.0036890909541398287
5929,0.003685692558065057
5930,0.0036831838078796864
5931,0.003679882502183318
5932,0.0036822438705712557
5933,0.0036773625761270523
5934,0.0036736857146024704
5935,0.0036717469338327646
5936,0.003668973222374916
5937,0.0036675843875855207
5938,0.003665909403935075
5939,0.0036635184660553932
5940,0.0036614653654396534
5941,0.0036583503242582083
5942,0.0036556401755660772
5943,0.0036534497048705816
5944,0.0036518436390906572
5945,0.0036502466537058353
5946,0.003647485049441457
5947,0.003645646618679166
5948,0.0036439618561416864
5949,0.003642211202532053
5950,0.0036398139782249928
5951,0.0036378807853907347
5952,0.003636003006249666
5953,0.0036348802968859673
5954,0.003633711254224181
5955,0.0036323838867247105
5956,0.0036300914362072945
5957,0.0036261959467083216
5958,0.003622873919084668
5959,0.0036193900741636753
5960,0.0036157614085823298
5961,0.0036120249424129725
5962,0.003608468221500516
5963,0.0036049815826117992
5964,0.003602134995162487
5965,0.00360026303678751
5966,0.0035980544053018093
5967,0.0035935831256210804
5968,0.0035895537585020065
5969,0.003616721136495471
5970,0.0035877882037311792
5971,0.003582461504265666
5972,0.0035792645066976547
5973,0.0035752770490944386
5974,0.003572012297809124
5975,0.0035695303231477737
5976,0.0035676532424986362
5977,0.003563704900443554
5978,0.003560309298336506
5979,0.0035580622497946024
5980,0.003555689472705126
5981,0.0035540929529815912
5982,0.0035517553333193064
5983,0.0035500763915479183
5984,0.003548567183315754
5985,0.0035466738045215607
5986,0.0035442893858999014
5987,0.00354192266240716
5988,0.0035397917963564396
5989,0.003537618089467287
5990,0.0035365752410143614
5991,0.0035360006149858236
5992,0.003534845309332013
5993,0.003533909097313881
5994,0.0035326513461768627
5995,0.003531479276716709
5996,0.0035663589369505644
5997,0.0035305717028677464
5998,0.0035291831009089947
5999,0.003527609398588538
6000,0.0035259719006717205
6001,0.0035253437235951424
6002,0.003524752799421549
6003,0.0035242559388279915
6004,0.003523534629493952
6005,0.0035229965578764677
6006,0.003522429848089814
6007,0.003521853359416127
6008,0.0035211374051868916
6009,0.0035202743019908667
6010,0.0035195695236325264
6011,0.0035209970083087683
6012,0.0035188004840165377
6013,0.0035178433172404766
6014,0.0035163506399840117
6015,0.0035152772907167673
6016,0.003514226758852601
6017,0.003513250034302473
6018,0.0035125259310007095
6019,0.003511636285111308
6020,0.0035105906426906586
6021,0.0035097221843898296
6022,0.0035094355698674917
6023,0.0035082665272057056
6024,0.003507420653477311
6025,0.0035063973627984524
6026,0.003505646251142025
6027,0.003505192929878831
6028,0.0035042529925704002
6029,0.003503096057102084
6030,0.0035093934275209904
6031,0.003502710023894906
6032,0.0035044746473431587
6033,0.0035022832453250885
6034,0.0035016676411032677
6035,0.0035013058222830296
6036,0.003500918159261346
6037,0.0035006036050617695
6038,0.0035003717057406902
6039,0.0034999120980501175
6040,0.003499362152069807
6041,0.003498735371977091
6042,0.003498043166473508
6043,0.0034972592256963253
6044,0.003499006386846304
6045,0.003496906254440546
6046,0.0034958755131810904
6047,0.0034949472174048424
6048,0.003493842203170061
6049,0.003492990043014288
6050,0.003491851733997464
6051,0.00349264033138752
6052,0.003491154871881008
6053,0.003489735070616007
6054,0.0034881839528679848
6055,0.0034861767198890448
6056,0.003484471468254924
6057,0.003483067499473691
6058,0.003481548046693206
6059,0.003479922888800502
6060,0.0034780078567564487
6061,0.0034770590718835592
6062,0.003474887227639556
6063,0.003472758224233985
6064,0.003469649702310562
6065,0.0034659546799957752
6066,0.003465428715571761
6067,0.003464614739641547
6068,0.003462801221758127
6069,0.003459583967924118
6070,0.0034570994321256876
6071,0.0034542183857411146
6072,0.003451896831393242
6073,0.0034503848291933537
6074,0.003448155242949724
6075,0.003446173621341586
6076,0.00344458082690835
6077,0.0034432339016348124
6078,0.0034414976835250854
6079,0.003438920946791768
6080,0.0034354515373706818
6081,0.0034324866719543934
6082,0.0034291271585971117
6083,0.003426899667829275
6084,0.003425483824685216
6085,0.0034232097677886486
6086,0.0034205138217657804
6087,0.0034183224197477102
6088,0.0034152392763644457
6089,0.0034126017708331347
6090,0.003411289770156145
6091,0.0034075367730110884
6092,0.0034053262788802385
6093,0.0034028219524770975
6094,0.00340047269128263
6095,0.003398745320737362
6096,0.003397257998585701
6097,0.0033956069964915514
6098,0.00339388195425272
6099,0.0033917606342583895
6100,0.003388564568012953
6101,0.0033864565193653107
6102,0.003384604584425688
6103,0.003383186412975192
6104,0.003381617134436965
6105,0.0033794662449508905
6106,0.003376952838152647
6107,0.0033747833222150803
6108,0.0033730887807905674
6109,0.003372141858562827
6110,0.0033709686249494553
6111,0.0033704922534525394
6112,0.0033696158789098263
6113,0.003368629841133952
6114,0.003367426572367549
6115,0.0033656777814030647
6116,0.0033640707843005657
6117,0.0033624456264078617
6118,0.003360387170687318
6119,0.003358371090143919
6120,0.0033567349892109632
6121,0.003355491440743208
6122,0.003354292828589678
6123,0.0033533789683133364
6124,0.0033525307662785053
6125,0.003351897234097123
6126,0.00335126556456089
6127,0.0033506040927022696
6128,0.0034780746791511774
6129,0.0033499309793114662
6130,0.003348287660628557
6131,0.0033456741366535425
6132,0.003342983778566122
6133,0.003339507384225726
6134,0.0033379511442035437
6135,0.0033371588215231895
6136,0.003335637506097555
6137,0.0033338910434395075
6138,0.0033315184991806746
6139,0.003329324768856168
6140,0.0033269994892179966
6141,0.0033233528956770897
6142,0.0033203104976564646
6143,0.0033175202552229166
6144,0.003314064582809806
6145,0.0033116976264864206
6146,0.0033089611679315567
6147,0.0033072438091039658
6148,0.0033055213280022144
6149,0.003303590463474393
6150,0.003301111748442054
6151,0.0032986232545226812
6152,0.0032966919243335724
6153,0.003293512621894479
6154,0.0032913959585130215
6155,0.0032891444861888885
6156,0.0032868606504052877
6157,0.003284456906840205
6158,0.0032831584103405476
6159,0.003281504614278674
6160,0.0032795839942991734
6161,0.00327809969894588
6162,0.003276586765423417
6163,0.003275454742833972
6164,0.0032745925709605217
6165,0.003273363457992673
6166,0.003271954134106636
6167,0.0032706372439861298
6168,0.003268871223554015
6169,0.0032672202214598656
6170,0.003265980165451765
6171,0.003265088191255927
6172,0.00326422112993896
6173,0.0032630611676722765
6174,0.00326172006316483
6175,0.003260638564825058
6176,0.0032599978148937225
6177,0.0032595819793641567
6178,0.003259117715060711
6179,0.0032578222453594208
6180,0.0032561044208705425
6181,0.0032540783286094666
6182,0.003269069129601121
6183,0.0032520508393645287
6184,0.0032493416219949722
6185,0.0032449334394186735
6186,0.003241422586143017
6187,0.0032381336204707623
6188,0.0032340027391910553
6189,0.0032322839833796024
6190,0.0032298376318067312
6191,0.0032270816154778004
6192,0.0032248578500002623
6193,0.0032230683136731386
6194,0.0032230601646006107
6195,0.0032218345440924168
6196,0.0032200333662331104
6197,0.003218641271814704
6198,0.003217053133994341
6199,0.0032146223820745945
6200,0.0032127101439982653
6201,0.003210440743714571
6202,0.0032089417800307274
6203,0.0032071522437036037
6204,0.0032071045134216547
6205,0.0032058313954621553
6206,0.00320443999953568
6207,0.003202511230483651
6208,0.0032006576657295227
6209,0.0031978976912796497
6210,0.0031980250496417284
6211,0.003196073928847909
6212,0.0031929134856909513
6213,0.0031892796978354454
6214,0.0031846556812524796
6215,0.003181828185915947
6216,0.0031808861531317234
6217,0.0031786123290657997
6218,0.003177163889631629
6219,0.0031754430383443832
6220,0.0031719340477138758
6221,0.0031696008518338203
6222,0.0031667272560298443
6223,0.0031635838095098734
6224,0.0031619505025446415
6225,0.003165564266964793
6226,0.003161063650622964
6227,0.0031594608444720507
6228,0.0031572901643812656
6229,0.0031554861925542355
6230,0.003153227036818862
6231,0.003151961602270603
6232,0.003150132019072771
6233,0.0031482730992138386
6234,0.003146725008264184
6235,0.003145563183352351
6236,0.003144486341625452
6237,0.0031435361597687006
6238,0.0031426690984517336
6239,0.003141928231343627
6240,0.0031410963274538517
6241,0.0031401612795889378
6242,0.0031395903788506985
6243,0.0031393240205943584
6244,0.0031386693008244038
6245,0.003137417370453477
6246,0.003136295359581709
6247,0.003134568454697728
6248,0.003132444340735674
6249,0.0031304650474339724
6250,0.003128906013444066
6251,0.0031279721297323704
6252,0.003127406584098935
6253,0.0031268191523849964
6254,0.0031258119270205498
6255,0.003124612383544445
6256,0.0031227520667016506
6257,0.003120661713182926
6258,0.0031185748521238565
6259,0.003117613960057497
6260,0.003116985782980919
6261,0.0031164069660007954
6262,0.003115847473964095
6263,0.0031159198842942715
6264,0.0031153846066445112
6265,0.003114537335932255
6266,0.003113588085398078
6267,0.0031119235791265965
6268,0.003110681427642703
6269,0.003110123099759221
6270,0.0031090315897017717
6271,0.003108423203229904
6272,0.0031079398468136787
6273,0.0031075174920260906
6274,0.0031070944387465715
6275,0.00310672540217638
6276,0.003106436925008893
6277,0.0031058075837790966
6278,0.0031053887214511633
6279,0.003104628762230277
6280,0.0031039000023156404
6281,0.003103629918769002
6282,0.003102763555943966
6283,0.0031047870870679617
6284,0.003102575894445181
6285,0.0031020869500935078
6286,0.003101429669186473
6287,0.003101096022874117
6288,0.0031006596982479095
6289,0.0031001989264041185
6290,0.0030998128931969404
6291,0.003099363297224045
6292,0.003098834306001663
6293,0.003098559333011508
6294,0.003098186105489731
6295,0.003097820095717907
6296,0.003098578192293644
6297,0.003097678767517209
6298,0.003097046399489045
6299,0.003099193098023534
6300,0.0030969467479735613
6301,0.0030964796897023916
6302,0.0030960498843342066
6303,0.003095821011811495
6304,0.0030955278780311346
6305,0.0030950254295021296
6306,0.003094644518569112
6307,0.0030940542928874493
6308,0.00309330178424716
6309,0.0030923672020435333
6310,0.003091819118708372
6311,0.0030912940856069326
6312,0.00309064332395792
6313,0.003090066369622946
6314,0.003089386038482189
6315,0.003089932259172201
6316,0.00308910827152431
6317,0.003088166704401374
6318,0.0030869569163769484
6319,0.0030853867065161467
6320,0.003084363415837288
6321,0.0030830674804747105
6322,0.003081957809627056
6323,0.0030808155424892902
6324,0.003080088412389159
6325,0.003078986657783389
6326,0.003078087931498885
6327,0.003077492816373706
6328,0.0030766488052904606
6329,0.0030756464693695307
6330,0.00307466764934361
6331,0.0030734988395124674
6332,0.0030725516844540834
6333,0.003071564482524991
6334,0.0030709418933838606
6335,0.0030701220966875553
6336,0.0030689528211951256
6337,0.003067615907639265
6338,0.0032124659046530724
6339,0.0030673742294311523
6340,0.003066087607294321
6341,0.003064516233280301
6342,0.0030629122629761696
6343,0.0030607765074819326
6344,0.0030582533217966557
6345,0.003057562978938222
6346,0.003055989509448409
6347,0.0030549869406968355
6348,0.0030540404841303825
6349,0.003053518244996667
6350,0.0030529843643307686
6351,0.0030523219611495733
6352,0.003051637439057231
6353,0.0030510593205690384
6354,0.0030602950137108564
6355,0.003050144761800766
6356,0.0030493522062897682
6357,0.0030486895702779293
6358,0.0030482071451842785
6359,0.0030476590618491173
6360,0.0030470420606434345
6361,0.003046427620574832
6362,0.003045744728296995
6363,0.0030449212063103914
6364,0.003044219221919775
6365,0.0030445402953773737
6366,0.0030438853427767754
6367,0.0030432678759098053
6368,0.0030425204895436764
6369,0.0030417649541050196
6370,0.0030410171020776033
6371,0.0030403241980820894
6372,0.003040331183001399
6373,0.003040006849914789
6374,0.0030394508503377438
6375,0.0030386559665203094
6376,0.0030380235984921455
6377,0.003037417307496071
6378,0.003036805894225836
6379,0.0030361092649400234
6380,0.003035849891602993
6381,0.0030354494228959084
6382,0.003035077126696706
6383,0.003034594003111124
6384,0.0030339553486555815
6385,0.0030334305483847857
6386,0.0030329462606459856
6387,0.003032670821994543
6388,0.0030323711689561605
6389,0.003032137406989932
6390,0.003031859640032053
6391,0.003031517146155238
6392,0.0030309876892715693
6393,0.0030298875644803047
6394,0.0030286237597465515
6395,0.00302712875418365
6396,0.003025836544111371
6397,0.0030251771677285433
6398,0.0030237925238907337
6399,0.0030227445531636477
6400,0.0030217047315090895
6401,0.0030207368545234203
6402,0.003019739640876651
6403,0.00301897875033319
6404,0.003018149407580495
6405,0.0030177647713571787
6406,0.003017377108335495
6407,0.003017646726220846
6408,0.003017209004610777
6409,0.003016634378582239
6410,0.0030158853624016047
6411,0.0030151898972690105
6412,0.003014584770426154
6413,0.0030139561276882887
6414,0.003013684879988432
6415,0.0030122529715299606
6416,0.003011298133060336
6417,0.0030098191928118467
6418,0.003042087657377124
6419,0.003009335370734334
6420,0.003008222207427025
6421,0.0030074473470449448
6422,0.0030070426873862743
6423,0.0030066941399127245
6424,0.0030063639860600233
6425,0.0030059528071433306
6426,0.0030053965747356415
6427,0.003004678525030613
6428,0.003004261292517185
6429,0.0030034154187887907
6430,0.003002752084285021
6431,0.0030018682591617107
6432,0.0030011122580617666
6433,0.0030003117863088846
6434,0.002999597694724798
6435,0.0029978067614138126
6436,0.002995976945385337
6437,0.0029946942813694477
6438,0.0029934567864984274
6439,0.002992368070408702
6440,0.002991109387949109
6441,0.002989859553053975
6442,0.00298815849237144
6443,0.002986870240420103
6444,0.002985995262861252
6445,0.0029850825667381287
6446,0.0029839975759387016
6447,0.002982883481308818
6448,0.0029820166528224945
6449,0.0029810327105224133
6450,0.002979981480166316
6451,0.0029794760048389435
6452,0.002978012664243579
6453,0.0029761220794171095
6454,0.002974294824525714
6455,0.002973367925733328
6456,0.0029725665226578712
6457,0.0029716959688812494
6458,0.0029712689574807882
6459,0.0029704554472118616
6460,0.00296952435746789
6461,0.002968673361465335
6462,0.0029677608981728554
6463,0.0029668440110981464
6464,0.002965861465781927
6465,0.002964561805129051
6466,0.002962864702567458
6467,0.0029616723768413067
6468,0.002960468642413616
