step,loss
0,51.84976577758789
1,51.065425872802734
2,50.38883972167969
3,49.78624725341797
4,49.23648452758789
5,48.72847366333008
6,48.26310729980469
7,47.84229278564453
8,47.45664596557617
9,47.079471588134766
10,46.68208312988281
11,46.25502395629883
12,45.818336486816406
13,45.430908203125
14,45.174259185791016
15,45.111595153808594
16,45.23029327392578
17,45.41306686401367
18,45.52339172363281
19,45.50963592529297
20,45.39789962768555
21,45.23927307128906
22,45.0771369934082
23,44.942569732666016
24,44.855621337890625
25,44.82416534423828
26,44.839141845703125
27,44.87361145019531
28,44.894657135009766
29,44.8829460144043
30,44.840877532958984
31,44.78413391113281
32,44.7252197265625
33,44.66816329956055
34,44.611698150634766
35,44.555824279785156
36,44.50556182861328
37,44.46712112426758
38,44.441829681396484
39,44.42088317871094
40,44.38922119140625
41,44.33720397949219
42,44.2675895690918
43,44.190467834472656
44,44.1134147644043
45,44.037174224853516
46,43.95915222167969
47,43.87670135498047
48,43.78684997558594
49,43.68277359008789
50,43.55413055419922
51,43.3963737487793
52,43.21413040161133
53,43.01632308959961
54,42.79942321777344
55,42.539085388183594
56,42.213287353515625
57,41.82471466064453
58,41.38832092285156
59,40.89167785644531
60,40.30805969238281
61,39.63981246948242
62,38.90282440185547
63,38.144405364990234
64,37.38231658935547
65,36.73754119873047
66,36.30937194824219
67,36.31831741333008
68,37.01008605957031
69,36.61293029785156
70,36.81862258911133
71,36.842166900634766
72,36.47518539428711
73,36.221797943115234
74,35.92192077636719
75,35.520965576171875
76,35.42914581298828
77,35.188514709472656
78,35.05177307128906
79,35.07947540283203
80,34.89594650268555
81,34.829345703125
82,34.782527923583984
83,34.564579010009766
84,34.4084358215332
85,34.23075485229492
86,33.9493522644043
87,33.69021987915039
88,33.42405700683594
89,33.08876419067383
90,32.782005310058594
91,32.45805358886719
92,32.082611083984375
93,31.7412109375
94,31.30426597595215
95,30.87391471862793
96,30.34107208251953
97,29.798187255859375
98,29.126449584960938
99,28.411832809448242
100,27.612258911132812
101,26.727699279785156
102,25.807697296142578
103,24.83953094482422
104,24.029659271240234
105,23.34767723083496
106,21.634183883666992
107,20.124225616455078
108,19.310901641845703
109,18.065580368041992
110,16.279380798339844
111,14.647163391113281
112,13.673110008239746
113,13.068568229675293
114,11.306045532226562
115,8.952749252319336
116,8.004875183105469
117,7.635682106018066
118,6.8872971534729
119,6.781456470489502
120,5.746345043182373
121,3.2282111644744873
122,4.465029716491699
123,3.5521812438964844
124,2.4401602745056152
125,2.601280689239502
126,2.1638662815093994
127,2.0558478832244873
128,1.3405613899230957
129,2.0103347301483154
130,1.113299012184143
131,1.607115387916565
132,1.2758150100708008
133,1.3700745105743408
134,1.3024007081985474
135,1.3641366958618164
136,1.2795976400375366
137,1.3661975860595703
138,1.333345651626587
139,1.2809383869171143
140,1.4275013208389282
141,1.2067620754241943
142,1.428560733795166
143,1.2259687185287476
144,1.342617392539978
145,1.2594486474990845
146,1.2679040431976318
147,1.2445242404937744
148,1.2300035953521729
149,1.2002270221710205
150,1.1884211301803589
151,1.176529884338379
152,1.1233974695205688
153,1.1594433784484863
154,1.0787115097045898
155,1.119229793548584
156,1.0626894235610962
157,1.0731912851333618
158,1.053849458694458
159,1.0403316020965576
160,1.038788914680481
161,1.0244030952453613
162,1.021191954612732
163,1.010502815246582
164,1.0135853290557861
165,0.9952542781829834
166,1.0081195831298828
167,0.9887959957122803
168,0.9990394711494446
169,0.9887216091156006
170,0.9899416565895081
171,0.9881313443183899
172,0.9855284094810486
173,0.9830664396286011
174,0.9825996160507202
175,0.9800543189048767
176,0.976326584815979
177,0.9781906604766846
178,0.9718717336654663
179,0.9736665487289429
180,0.9687491059303284
181,0.9685424566268921
182,0.9649270176887512
183,0.9644767045974731
184,0.9599168300628662
185,0.9604634642601013
186,0.9561757445335388
187,0.9549755454063416
188,0.9523082375526428
189,0.9508714079856873
190,0.947516918182373
191,0.9465947151184082
192,0.9437640309333801
193,0.9422242045402527
194,0.9399951696395874
195,0.9384241700172424
196,0.9361962676048279
197,0.934947669506073
198,0.9327829480171204
199,0.9312803149223328
200,0.9295902848243713
201,0.9281932711601257
202,0.9261441230773926
203,0.924881100654602
204,0.9232366681098938
205,0.9217333793640137
206,0.9199488162994385
207,0.9187041521072388
208,0.9170436263084412
209,0.9156271815299988
210,0.9140083193778992
211,0.9126899838447571
212,0.9110830426216125
213,0.9097511768341064
214,0.9082105755805969
215,0.9068418145179749
216,0.9053633213043213
217,0.9040273427963257
218,0.9025493264198303
219,0.9011816382408142
220,0.8998101949691772
221,0.8984847068786621
222,0.8970784544944763
223,0.8956857919692993
224,0.8944005966186523
225,0.8930941820144653
226,0.8917868137359619
227,0.8903971314430237
228,0.8891392946243286
229,0.8878750801086426
230,0.8866286277770996
231,0.8853209018707275
232,0.884046733379364
233,0.8828177452087402
234,0.8816179633140564
235,0.8803974390029907
236,0.8791560530662537
237,0.8779371976852417
238,0.8767444491386414
239,0.875588059425354
240,0.8744085431098938
241,0.8732359409332275
242,0.8720491528511047
243,0.8708953857421875
244,0.8697683811187744
245,0.8686420321464539
246,0.8675209879875183
247,0.8663776516914368
248,0.8652496933937073
249,0.8641470670700073
250,0.8630675077438354
251,0.862001359462738
252,0.8609104156494141
253,0.8598120212554932
254,0.8587251901626587
255,0.8576674461364746
256,0.8566449880599976
257,0.855619490146637
258,0.854572057723999
259,0.8535121083259583
260,0.8524561524391174
261,0.8514416217803955
262,0.8504577875137329
263,0.8494768738746643
264,0.8484810590744019
265,0.8474555611610413
266,0.8464366793632507
267,0.8454446792602539
268,0.8444780111312866
269,0.8435280323028564
270,0.8425674438476562
271,0.8416022658348083
272,0.8406393527984619
273,0.8396823406219482
274,0.8387327790260315
275,0.8377887010574341
276,0.8368573188781738
277,0.8359315991401672
278,0.8350107669830322
279,0.8340951800346375
280,0.8331788182258606
281,0.8322743773460388
282,0.8313774466514587
283,0.8304876089096069
284,0.8296048045158386
285,0.8287187218666077
286,0.8278399109840393
287,0.826969563961029
288,0.8261104822158813
289,0.8252661228179932
290,0.824451208114624
291,0.8237014412879944
292,0.823053777217865
293,0.8226078152656555
294,0.8225753903388977
295,0.8232632279396057
296,0.8255186676979065
297,0.831441342830658
298,0.8455854654312134
299,0.8783867955207825
300,0.9496563076972961
301,1.103044033050537
302,1.4124188423156738
303,1.9171340465545654
304,2.35111141204834
305,2.047579526901245
306,1.110724687576294
307,0.8947503566741943
308,1.4926462173461914
309,1.5074124336242676
310,0.9085275530815125
311,0.9976691603660583
312,1.3848497867584229
313,1.095770001411438
314,0.8124236464500427
315,1.1013967990875244
316,1.1889009475708008
317,0.8724644780158997
318,0.8726164698600769
319,1.0906977653503418
320,0.968804657459259
321,0.8062347173690796
322,0.9414757490158081
323,0.9756039977073669
324,0.8216721415519714
325,0.8528978824615479
326,0.9338588714599609
327,0.8410025238990784
328,0.8168082237243652
329,0.89201819896698
330,0.8476974964141846
331,0.8019334077835083
332,0.8560436964035034
333,0.8501746654510498
334,0.7992519736289978
335,0.8242914080619812
336,0.8467460870742798
337,0.8076872229576111
338,0.8019228577613831
339,0.8300247192382812
340,0.8152211308479309
341,0.7934325933456421
342,0.8100718259811401
343,0.8150106072425842
344,0.7947231531143188
345,0.7958248257637024
346,0.8075135946273804
347,0.7978094220161438
348,0.789217472076416
349,0.7975873947143555
350,0.797697901725769
351,0.7878983020782471
352,0.7890543937683105
353,0.7941731214523315
354,0.7892587780952454
355,0.7843575477600098
356,0.7881659269332886
357,0.7892828583717346
358,0.7838543653488159
359,0.7821641564369202
360,0.7851354479789734
361,0.7842411994934082
362,0.7801432609558105
363,0.7798303961753845
364,0.7815437912940979
365,0.7799733877182007
366,0.7771769165992737
367,0.7771655321121216
368,0.777933657169342
369,0.7764214873313904
370,0.7744236588478088
371,0.7742667198181152
372,0.7745255827903748
373,0.773344874382019
374,0.7717847228050232
375,0.7713520526885986
376,0.7712944149971008
377,0.7704178094863892
378,0.7691513895988464
379,0.7684932351112366
380,0.7682211995124817
381,0.7675362825393677
382,0.7665117979049683
383,0.7657371759414673
384,0.765296995639801
385,0.764711856842041
386,0.7638436555862427
387,0.7630355358123779
388,0.7624542713165283
389,0.7619069814682007
390,0.7611668109893799
391,0.7603577375411987
392,0.7596840858459473
393,0.7591046094894409
394,0.7584614753723145
395,0.7576927542686462
396,0.7569446563720703
397,0.756306529045105
398,0.7556948065757751
399,0.7550109624862671
400,0.7542465925216675
401,0.7535223364830017
402,0.7528807520866394
403,0.7522475719451904
404,0.7515541315078735
405,0.7507943511009216
406,0.7500630021095276
407,0.7494003772735596
408,0.7487546801567078
409,0.7480692267417908
410,0.7473181486129761
411,0.7465683221817017
412,0.7458702921867371
413,0.7452042698860168
414,0.7445273995399475
415,0.7437959313392639
416,0.7430395483970642
417,0.7423061728477478
418,0.7416025996208191
419,0.7409113049507141
420,0.7401947975158691
421,0.7394527792930603
422,0.7387097477912903
423,0.7379752993583679
424,0.7372506260871887
425,0.7365224361419678
426,0.7357863783836365
427,0.7350468039512634
428,0.7343065142631531
429,0.733565628528595
430,0.7328224778175354
431,0.7320781350135803
432,0.731331467628479
433,0.7305836081504822
434,0.729833722114563
435,0.7290759086608887
436,0.7283151149749756
437,0.727554440498352
438,0.7267947793006897
439,0.7260357737541199
440,0.7252700924873352
441,0.7244985699653625
442,0.7237241864204407
443,0.7229486107826233
444,0.7221726775169373
445,0.7213966846466064
446,0.7206211686134338
447,0.7198437452316284
448,0.7190676331520081
449,0.718297004699707
450,0.717523992061615
451,0.7167506217956543
452,0.7159876227378845
453,0.71524977684021
454,0.7145624160766602
455,0.7139885425567627
456,0.7136380672454834
457,0.7137173414230347
458,0.7146819233894348
459,0.7175164222717285
460,0.7238612174987793
461,0.7377704977989197
462,0.7689287066459656
463,0.8375968933105469
464,0.986162543296814
465,1.2764191627502441
466,1.7809031009674072
467,2.416161298751831
468,2.6303391456604004
469,1.8012988567352295
470,0.8138675689697266
471,1.0438761711120605
472,1.672814130783081
473,1.284361481666565
474,0.7328917384147644
475,1.0741523504257202
476,1.3107702732086182
477,0.8861107230186462
478,0.72900390625
479,1.0605727434158325
480,1.0573195219039917
481,0.7439512014389038
482,0.7854349613189697
483,0.9836971759796143
484,0.8513871431350708
485,0.6988157033920288
486,0.853125274181366
487,0.8768711090087891
488,0.7135364413261414
489,0.7634997367858887
490,0.8486442565917969
491,0.7389777898788452
492,0.7152247428894043
493,0.7993362545967102
494,0.7488842606544495
495,0.6943669319152832
496,0.745410144329071
497,0.748581051826477
498,0.6967166662216187
499,0.7120858430862427
500,0.7336458563804626
501,0.6994776725769043
502,0.6938384175300598
503,0.7171761989593506
504,0.7035334706306458
505,0.6865575313568115
506,0.7066738605499268
507,0.7068011164665222
508,0.6858053207397461
509,0.6922473311424255
510,0.7034215927124023
511,0.6898616552352905
512,0.6823133230209351
513,0.6930822134017944
514,0.6910902857780457
515,0.6805367469787598
516,0.6820955276489258
517,0.6864956617355347
518,0.6809802651405334
519,0.6768813133239746
520,0.6798186898231506
521,0.6787191033363342
522,0.6746487617492676
523,0.6749876141548157
524,0.6764786839485168
525,0.6736639142036438
526,0.6719145774841309
527,0.6733976006507874
528,0.6727697849273682
529,0.6700960993766785
530,0.6698508262634277
531,0.671317994594574
532,0.6698212027549744
533,0.667384147644043
534,0.6675041317939758
535,0.668408989906311
536,0.6671183705329895
537,0.6649264097213745
538,0.6647929549217224
539,0.6652693748474121
540,0.6642906069755554
541,0.6626552939414978
542,0.6620933413505554
543,0.6622528433799744
544,0.6615579128265381
545,0.6603570580482483
546,0.6596347093582153
547,0.659398078918457
548,0.658939003944397
549,0.6580738425254822
550,0.6573672294616699
551,0.6569254398345947
552,0.6564677953720093
553,0.655834972858429
554,0.6551743745803833
555,0.6546552777290344
556,0.6541987061500549
557,0.6536828875541687
558,0.6531012654304504
559,0.652532696723938
560,0.6520228981971741
561,0.6515771746635437
562,0.6511101126670837
563,0.6505741477012634
564,0.6500075459480286
565,0.6494791507720947
566,0.6490605473518372
567,0.6486468315124512
568,0.6481494903564453
569,0.6475926637649536
570,0.6470558643341064
571,0.6466331481933594
572,0.6462289690971375
573,0.6457573175430298
574,0.6452401280403137
575,0.6447347402572632
576,0.6443156599998474
577,0.6438949108123779
578,0.6434066891670227
579,0.6428958177566528
580,0.6424251794815063
581,0.6420536041259766
582,0.6416745781898499
583,0.6411920785903931
584,0.6406437754631042
585,0.6401253342628479
586,0.6397486329078674
587,0.6394380331039429
588,0.639053463935852
589,0.6385535001754761
590,0.6379933953285217
591,0.6375336647033691
592,0.6371974349021912
593,0.6368780732154846
594,0.6364801526069641
595,0.6359562277793884
596,0.6354348063468933
597,0.6350198984146118
598,0.6346871852874756
599,0.6343629956245422
600,0.6339414715766907
601,0.6334530115127563
602,0.6329919099807739
603,0.6325827240943909
604,0.6322154402732849
605,0.6318382024765015
606,0.6314359307289124
607,0.6310327649116516
608,0.6306400299072266
609,0.630264163017273
610,0.6298913955688477
611,0.6295218467712402
612,0.6291685700416565
613,0.6288391947746277
614,0.6285477876663208
615,0.6283358335494995
616,0.628280758857727
617,0.6284803152084351
618,0.6291451454162598
619,0.6306889057159424
620,0.6337684392929077
621,0.6398914456367493
622,0.6521565914154053
623,0.6764459013938904
624,0.7232619524002075
625,0.8095110654830933
626,0.9518084526062012
627,1.1431655883789062
628,1.2847611904144287
629,1.2114191055297852
630,0.8987658023834229
631,0.6614458560943604
632,0.7346082925796509
633,0.9157376289367676
634,0.888009250164032
635,0.6957032680511475
636,0.644675076007843
637,0.7723656296730042
638,0.8285717368125916
639,0.7166643738746643
640,0.6245562434196472
641,0.6797336339950562
642,0.7478734254837036
643,0.698289155960083
644,0.6259535551071167
645,0.6518352627754211
646,0.7021462321281433
647,0.6718373894691467
648,0.6235197186470032
649,0.6425378918647766
650,0.672553300857544
651,0.6485658288002014
652,0.6210031509399414
653,0.6384171843528748
654,0.6563870906829834
655,0.637573778629303
656,0.6189556121826172
657,0.6302153468132019
658,0.6416630744934082
659,0.6296645998954773
660,0.6180175542831421
661,0.6255155205726624
662,0.6328461170196533
663,0.6246309876441956
664,0.616597056388855
665,0.6212785840034485
666,0.6260021328926086
667,0.6207310557365417
668,0.6153335571289062
669,0.6181056499481201
670,0.6215420961380005
671,0.6186347007751465
672,0.6147658228874207
673,0.6159408092498779
674,0.6185280680656433
675,0.6170646548271179
676,0.6138423085212708
677,0.6135913729667664
678,0.6152541637420654
679,0.6149876117706299
680,0.6128584146499634
681,0.6120206117630005
682,0.6129929423332214
683,0.6133419275283813
684,0.6120941638946533
685,0.6109164357185364
686,0.6111230850219727
687,0.6116891503334045
688,0.611278235912323
689,0.6102833151817322
690,0.6098437309265137
691,0.610121488571167
692,0.6102163195610046
693,0.6096482872962952
694,0.6089918613433838
695,0.608965277671814
696,0.6095057725906372
697,0.6100568175315857
698,0.6106637120246887
699,0.612104058265686
700,0.614883542060852
701,0.6197576522827148
702,0.6286665797233582
703,0.6452494859695435
704,0.6768268346786499
705,0.7344152331352234
706,0.838496208190918
707,1.0235711336135864
708,1.3198689222335815
709,1.7030045986175537
710,1.9429285526275635
711,1.719498634338379
712,1.0769492387771606
713,0.6439347863197327
714,0.8446904420852661
715,1.1764264106750488
716,1.0493489503860474
717,0.6969027519226074
718,0.6358062028884888
719,0.8688543438911438
720,0.9589202404022217
721,0.774929940700531
722,0.6158785223960876
723,0.6721295118331909
724,0.8018964529037476
725,0.7558974027633667
726,0.6229842901229858
727,0.6325158476829529
728,0.7237151861190796
729,0.7093640565872192
730,0.617037296295166
731,0.6431496739387512
732,0.7191621661186218
733,0.6845114231109619
734,0.6102067828178406
735,0.6340016722679138
736,0.7124211192131042
737,0.692622184753418
738,0.6169888973236084
739,0.6156442165374756
740,0.6778292655944824
741,0.6893447041511536
742,0.6273092031478882
743,0.6050080060958862
744,0.6462863087654114
745,0.6653997302055359
746,0.6285912394523621
747,0.602432906627655
748,0.6265982985496521
749,0.6434600949287415
750,0.622947633266449
751,0.6017319560050964
752,0.6102580428123474
753,0.6255455017089844
754,0.6178435683250427
755,0.6028398275375366
756,0.6017417907714844
757,0.6101850271224976
758,0.6107848882675171
759,0.6025327444076538
760,0.5991948843002319
761,0.6019423007965088
762,0.6035998463630676
763,0.600899875164032
764,0.5983160138130188
765,0.5987996459007263
766,0.5992055535316467
767,0.5983963012695312
768,0.5974143743515015
769,0.597387433052063
770,0.5973984599113464
771,0.5968372821807861
772,0.5965150594711304
773,0.5965096354484558
774,0.5964195728302002
775,0.5958980917930603
776,0.5957995057106018
777,0.5960660576820374
778,0.5959009528160095
779,0.5952749252319336
780,0.5948423743247986
781,0.5954324007034302
782,0.5958403944969177
783,0.5951741337776184
784,0.5941525101661682
785,0.593938946723938
786,0.5949909687042236
787,0.5954674482345581
788,0.5944947600364685
789,0.5931746959686279
790,0.5929352045059204
791,0.5941659808158875
792,0.5948432683944702
793,0.5938906669616699
794,0.5923561453819275
795,0.5918172001838684
796,0.592953085899353
797,0.593938946723938
798,0.5933576226234436
799,0.5917882919311523
800,0.5907272696495056
801,0.5913937091827393
802,0.5926039218902588
803,0.5926990509033203
804,0.5914836525917053
805,0.589955747127533
806,0.5897884964942932
807,0.5907937288284302
808,0.5915108323097229
809,0.5910645127296448
810,0.5895655155181885
811,0.5885988473892212
812,0.5888972878456116
813,0.5896930694580078
814,0.5899949073791504
815,0.5891074538230896
816,0.5879194140434265
817,0.5874752402305603
818,0.587731659412384
819,0.5881609916687012
820,0.587926983833313
821,0.5871720910072327
822,0.586588978767395
823,0.5863490104675293
824,0.5863729119300842
825,0.586251437664032
826,0.5859030485153198
827,0.5855938196182251
828,0.5853664875030518
829,0.5852041244506836
830,0.5849941372871399
831,0.5847395062446594
832,0.5845333337783813
833,0.584376335144043
834,0.5842386484146118
835,0.5840353965759277
836,0.5838366746902466
837,0.5836963653564453
838,0.5835857391357422
839,0.5834707617759705
840,0.583213210105896
841,0.5829086303710938
842,0.5826941132545471
843,0.5825546979904175
844,0.5824599862098694
845,0.5822793841362
846,0.5820273160934448
847,0.5818018913269043
848,0.5816032886505127
849,0.581427276134491
850,0.581240177154541
851,0.581060528755188
852,0.5809047222137451
853,0.5807639956474304
854,0.5806304812431335
855,0.5804272294044495
856,0.5801914930343628
857,0.5799884796142578
858,0.5798100233078003
859,0.5796499848365784
860,0.5794680118560791
861,0.5792768001556396
862,0.5791016817092896
863,0.5789391994476318
864,0.5787877440452576
865,0.5786048173904419
866,0.5784070491790771
867,0.5782243013381958
868,0.5780509114265442
869,0.5778839588165283
870,0.5777047872543335
871,0.5775328874588013
872,0.5773810148239136
873,0.5772531032562256
874,0.5771605968475342
875,0.5770480036735535
876,0.576923668384552
877,0.5768717527389526
878,0.576940655708313
879,0.5772340893745422
880,0.5781010985374451
881,0.5801327228546143
882,0.5842832326889038
883,0.5927219986915588
884,0.6099273562431335
885,0.6423969864845276
886,0.7056581377983093
887,0.8334538340568542
888,1.0815423727035522
889,1.5180177688598633
890,2.1081600189208984
891,2.525135040283203
892,2.1861026287078857
893,1.1325223445892334
894,0.6441994905471802
895,1.1822729110717773
896,1.439224362373352
897,0.8966695070266724
898,0.598392903804779
899,0.9682093858718872
900,1.1340678930282593
901,0.7820709943771362
902,0.5858826041221619
903,0.8074435591697693
904,0.9466438293457031
905,0.7081122994422913
906,0.5858848690986633
907,0.770004153251648
908,0.781136691570282
909,0.6016885042190552
910,0.6533101797103882
911,0.7802845239639282
912,0.653069257736206
913,0.5905051827430725
914,0.7018818855285645
915,0.6872978210449219
916,0.586212158203125
917,0.6211631298065186
918,0.6768395900726318
919,0.6140163540840149
920,0.5822317600250244
921,0.62371826171875
922,0.6179311871528625
923,0.5779913067817688
924,0.594778835773468
925,0.609142541885376
926,0.5825366973876953
927,0.5838038325309753
928,0.5997316241264343
929,0.5863096117973328
930,0.5785483121871948
931,0.5968278646469116
932,0.5921541452407837
933,0.5758733749389648
934,0.5845091938972473
935,0.5949634313583374
936,0.5827019214630127
937,0.574416995048523
938,0.5848546624183655
939,0.5850985646247864
940,0.5755998492240906
941,0.5755736231803894
942,0.5802256464958191
943,0.576854944229126
944,0.5733499526977539
945,0.5757029056549072
946,0.575120747089386
947,0.5724828839302063
948,0.5730370283126831
949,0.5744374990463257
950,0.5727989077568054
951,0.5723692774772644
952,0.5736095905303955
953,0.572729766368866
954,0.5712617039680481
955,0.5723879337310791
956,0.573954164981842
957,0.5720305442810059
958,0.5704352259635925
959,0.5716363191604614
960,0.572668194770813
961,0.5713851451873779
962,0.5699782967567444
963,0.570586621761322
964,0.5709103345870972
965,0.5701209902763367
966,0.5695109963417053
967,0.5696617960929871
968,0.569622278213501
969,0.56885826587677
970,0.5684909224510193
971,0.5686882138252258
972,0.5687158703804016
973,0.5682360529899597
974,0.5677151679992676
975,0.5675688982009888
976,0.5676551461219788
977,0.5676665902137756
978,0.5674216151237488
979,0.5670207738876343
980,0.5666798949241638
981,0.5666812658309937
982,0.5667973160743713
983,0.5666863918304443
984,0.5663516521453857
985,0.5660115480422974
986,0.5659048557281494
987,0.5658314824104309
988,0.5657142996788025
989,0.5656100511550903
990,0.5654682517051697
991,0.5652319192886353
992,0.5648677349090576
993,0.5646567344665527
994,0.5646983981132507
995,0.5647397637367249
996,0.5645184516906738
997,0.564062774181366
998,0.5637637972831726
999,0.563744843006134
1000,0.5637855529785156
1001,0.5636216402053833
1002,0.5632618069648743
1003,0.5630096793174744
1004,0.5629398822784424
1005,0.5629013180732727
1006,0.5627173185348511
1007,0.5624045133590698
1008,0.56219482421875
1009,0.5621317625045776
1010,0.5620880722999573
1011,0.5619248747825623
1012,0.5616441965103149
1013,0.5614268183708191
1014,0.5613296031951904
1015,0.5612625479698181
1016,0.5611118674278259
1017,0.560861349105835
1018,0.5606442093849182
1019,0.5605303645133972
1020,0.5604645013809204
1021,0.5603422522544861
1022,0.560118556022644
1023,0.5598852634429932
1024,0.5597279667854309
1025,0.5596400499343872
1026,0.5595414042472839
1027,0.5593592524528503
1028,0.5591355562210083
1029,0.5589517951011658
1030,0.5588359236717224
1031,0.5587453842163086
1032,0.5586033463478088
1033,0.5584039092063904
1034,0.5582045912742615
1035,0.5580536127090454
1036,0.5579508543014526
1037,0.5578369498252869
1038,0.557672917842865
1039,0.5574778914451599
1040,0.55729740858078
1041,0.557167112827301
1042,0.5570632219314575
1043,0.5569417476654053
1044,0.5567878484725952
1045,0.55661541223526
1046,0.5564708113670349
1047,0.5563774704933167
1048,0.5563195943832397
1049,0.5562853217124939
1050,0.556297779083252
1051,0.5564368963241577
1052,0.5568232536315918
1053,0.5576421618461609
1054,0.5592151880264282
1055,0.5620570778846741
1056,0.5672568678855896
1057,0.5770171284675598
1058,0.5952112674713135
1059,0.6289544701576233
1060,0.6891494989395142
1061,0.7924016714096069
1062,0.9513581395149231
1063,1.149950385093689
1064,1.2843348979949951
1065,1.197608232498169
1066,0.8731797337532043
1067,0.6052488088607788
1068,0.6350430846214294
1069,0.821131706237793
1070,0.8606395721435547
1071,0.7100260853767395
1072,0.59732985496521
1073,0.6373652219772339
1074,0.7108085751533508
1075,0.6879411935806274
1076,0.6131500601768494
1077,0.6021847724914551
1078,0.6379625797271729
1079,0.6287554502487183
1080,0.5799291133880615
1081,0.5741947293281555
1082,0.6097773909568787
1083,0.6061184406280518
1084,0.5659646987915039
1085,0.5601739287376404
1086,0.5879811644554138
1087,0.5900083184242249
1088,0.5624458193778992
1089,0.5545812249183655
1090,0.5728559494018555
1091,0.5778003334999084
1092,0.5607404708862305
1093,0.552666425704956
1094,0.5634409189224243
1095,0.56830233335495
1096,0.5580351948738098
1097,0.5522832870483398
1098,0.5591190457344055
1099,0.562704861164093
1100,0.5558481216430664
1101,0.5516738891601562
1102,0.5563055276870728
1103,0.5595970749855042
1104,0.5554078817367554
1105,0.5509043335914612
1106,0.5531353950500488
1107,0.5570299625396729
1108,0.5559536218643188
1109,0.5522745847702026
1110,0.5509886145591736
1111,0.5529040098190308
1112,0.5542650818824768
1113,0.5535663366317749
1114,0.5525968074798584
1115,0.551491916179657
1116,0.5508701801300049
1117,0.5512703061103821
1118,0.5524474382400513
1119,0.5532418489456177
1120,0.5515386462211609
1121,0.549176037311554
1122,0.54893958568573
1123,0.5506502389907837
1124,0.5521776080131531
1125,0.5509326457977295
1126,0.5484843850135803
1127,0.5476876497268677
1128,0.5486151576042175
1129,0.5498346090316772
1130,0.549362063407898
1131,0.5478450655937195
1132,0.5470786690711975
1133,0.5471758842468262
1134,0.5476034879684448
1135,0.5474016666412354
1136,0.5467342734336853
1137,0.5463889837265015
1138,0.5463016629219055
1139,0.5462798476219177
1140,0.5460147261619568
1141,0.545698344707489
1142,0.5456269979476929
1143,0.5456328988075256
1144,0.5455693602561951
1145,0.5452441573143005
1146,0.5449700951576233
1147,0.5449768304824829
1148,0.545078694820404
1149,0.545115053653717
1150,0.5447683930397034
1151,0.5443314909934998
1152,0.5441703796386719
1153,0.5441808700561523
1154,0.544238805770874
1155,0.544028103351593
1156,0.543666660785675
1157,0.5434553027153015
1158,0.5433483123779297
1159,0.5432822704315186
1160,0.5430978536605835
1161,0.54286789894104
1162,0.5427433848381042
1163,0.5426878333091736
1164,0.5426521301269531
1165,0.5424585938453674
1166,0.542193591594696
1167,0.5420292019844055
1168,0.5419448018074036
1169,0.5419082641601562
1170,0.5417549014091492
1171,0.5415171384811401
1172,0.5413358211517334
1173,0.5412026643753052
1174,0.5411053895950317
1175,0.5409588813781738
1176,0.5407883524894714
1177,0.5406637787818909
1178,0.5405786633491516
1179,0.5405345559120178
1180,0.5404009222984314
1181,0.540186882019043
1182,0.5400065779685974
1183,0.5398452281951904
1184,0.5396947264671326
1185,0.5396021008491516
1186,0.5396378636360168
1187,0.5398094654083252
1188,0.5401925444602966
1189,0.5409368872642517
1190,0.5418092012405396
1191,0.5429679751396179
1192,0.5453171133995056
1193,0.5498075485229492
1194,0.5582461953163147
1195,0.5745011568069458
1196,0.6054282188415527
1197,0.662927508354187
1198,0.7682533264160156
1199,0.9534182548522949
1200,1.22879958152771
1201,1.5679426193237305
1202,1.8385592699050903
1203,1.746864914894104
1204,1.1845909357070923
1205,0.6447005271911621
1206,0.6635190844535828
1207,1.0277223587036133
1208,1.1190646886825562
1209,0.8142713308334351
1210,0.5596099495887756
1211,0.6363028883934021
1212,0.8532573580741882
1213,0.8921686410903931
1214,0.7109919786453247
1215,0.5598248839378357
1216,0.6038272976875305
1217,0.7043502330780029
1218,0.6673824787139893
1219,0.5673866868019104
1220,0.5755846500396729
1221,0.6322718262672424
1222,0.6101476550102234
1223,0.5555405020713806
1224,0.5644482970237732
1225,0.5946133136749268
1226,0.5783649682998657
1227,0.5513702034950256
1228,0.5578421950340271
1229,0.5741940140724182
1230,0.5612380504608154
1231,0.544405996799469
1232,0.5534669160842896
1233,0.5628445148468018
1234,0.5518113970756531
1235,0.5420896410942078
1236,0.5535832643508911
1237,0.5594967603683472
1238,0.5467024445533752
1239,0.5395946502685547
1240,0.5494071841239929
1241,0.5566572546958923
1242,0.5469749569892883
1243,0.5384950637817383
1244,0.5439624786376953
1245,0.5506746768951416
1246,0.5459421873092651
1247,0.5378717184066772
1248,0.5398072004318237
1249,0.545295000076294
1250,0.5434789657592773
1251,0.5376750826835632
1252,0.5371044874191284
1253,0.5408746600151062
1254,0.5408905148506165
1255,0.5372000336647034
1256,0.5355810523033142
1257,0.537442684173584
1258,0.5385690927505493
1259,0.5366466641426086
1260,0.5347638726234436
1261,0.535129725933075
1262,0.5362051725387573
1263,0.535761296749115
1264,0.5343471765518188
1265,0.5339373350143433
1266,0.534456193447113
1267,0.5345863699913025
1268,0.5338904857635498
1269,0.5332348346710205
1270,0.5332550406455994
1271,0.5334465503692627
1272,0.5332794189453125
1273,0.5328211784362793
1274,0.5325100421905518
1275,0.5324726104736328
1276,0.5324579477310181
1277,0.5323074460029602
1278,0.5320536494255066
1279,0.5318387150764465
1280,0.5317022800445557
1281,0.5316236019134521
1282,0.5315350294113159
1283,0.5313733220100403
1284,0.5311635732650757
1285,0.530970573425293
1286,0.5308786034584045
1287,0.5308301448822021
1288,0.5307098627090454
1289,0.5305026173591614
1290,0.5302838683128357
1291,0.530177891254425
1292,0.5301331281661987
1293,0.5300279855728149
1294,0.5298369526863098
1295,0.5296231508255005
1296,0.5295087695121765
1297,0.5294492840766907
1298,0.5293380618095398
1299,0.5291548371315002
1300,0.528952419757843
1301,0.5288407206535339
1302,0.5287811160087585
1303,0.528668224811554
1304,0.5284790992736816
1305,0.5282629728317261
1306,0.5281404256820679
1307,0.5280939936637878
1308,0.5280106067657471
1309,0.5278366208076477
1310,0.5275974869728088
1311,0.5274286270141602
1312,0.5273656249046326
1313,0.5273156762123108
1314,0.5271944999694824
1315,0.5269718170166016
1316,0.5267598032951355
1317,0.526641845703125
1318,0.5265796184539795
1319,0.5264986753463745
1320,0.526326060295105
1321,0.5261179208755493
1322,0.5259609818458557
1323,0.5258588790893555
1324,0.5257747769355774
1325,0.5256391763687134
1326,0.5254611372947693
1327,0.5252990126609802
1328,0.5251666307449341
1329,0.5250566005706787
1330,0.524931788444519
1331,0.5247846841812134
1332,0.5246406197547913
1333,0.5245051980018616
1334,0.5243777632713318
1335,0.5242466926574707
1336,0.5241113901138306
1337,0.523979902267456
1338,0.5238515734672546
1339,0.5237241387367249
1340,0.5235897898674011
1341,0.5234556794166565
1342,0.5233288407325745
1343,0.5232057571411133
1344,0.5230822563171387
1345,0.5229459404945374
1346,0.522805392742157
1347,0.5226735472679138
1348,0.522548496723175
1349,0.522426426410675
1350,0.5222949385643005
1351,0.5221570730209351
1352,0.5220238566398621
1353,0.5218948721885681
1354,0.5217692255973816
1355,0.5216397047042847
1356,0.5215073227882385
1357,0.5213775634765625
1358,0.5212501883506775
1359,0.5211246609687805
1360,0.5209981203079224
1361,0.5208747982978821
1362,0.5207589268684387
1363,0.5206528902053833
1364,0.520561158657074
1365,0.5204811096191406
1366,0.5204271078109741
1367,0.520433247089386
1368,0.5205438733100891
1369,0.5208391547203064
1370,0.5214768052101135
1371,0.5227466225624084
1372,0.5251836776733398
1373,0.5298100709915161
1374,0.5385814905166626
1375,0.5549574494361877
1376,0.585639238357544
1377,0.6427578330039978
1378,0.7455736994743347
1379,0.9162136912345886
1380,1.154637336730957
1381,1.3789225816726685
1382,1.4011623859405518
1383,1.0952787399291992
1384,0.718572199344635
1385,0.6593959927558899
1386,0.8440848588943481
1387,0.8743536472320557
1388,0.6735706329345703
1389,0.5754326581954956
1390,0.7143620252609253
1391,0.829018235206604
1392,0.7220710515975952
1393,0.5545201897621155
1394,0.5619441270828247
1395,0.6517749428749084
1396,0.6179212331771851
1397,0.5393170714378357
1398,0.5712620615959167
1399,0.6159036755561829
1400,0.5605847239494324
1401,0.5203847885131836
1402,0.5643896460533142
1403,0.5809431672096252
1404,0.5380182266235352
1405,0.5297242999076843
1406,0.5602895021438599
1407,0.5519932508468628
1408,0.5215154886245728
1409,0.5302402973175049
1410,0.5504893064498901
1411,0.536255955696106
1412,0.5203326344490051
1413,0.5320859551429749
1414,0.5368402600288391
1415,0.523048460483551
1416,0.5217864513397217
1417,0.5322213172912598
1418,0.5287147164344788
1419,0.5184895396232605
1420,0.5209606289863586
1421,0.5265268087387085
1422,0.5225353837013245
1423,0.5186273455619812
1424,0.5220193266868591
1425,0.5226861238479614
1426,0.5179126262664795
1427,0.5171878337860107
1428,0.5206257700920105
1429,0.520381510257721
1430,0.5172154307365417
1431,0.5173022747039795
1432,0.5187744498252869
1433,0.5174422264099121
1434,0.5158791542053223
1435,0.5169292688369751
1436,0.5178946256637573
1437,0.5164270997047424
1438,0.5151039361953735
1439,0.5157667994499207
1440,0.5163121819496155
1441,0.515332043170929
1442,0.5145558714866638
1443,0.515044093132019
1444,0.5152899026870728
1445,0.5145718455314636
1446,0.5140371322631836
1447,0.5142882466316223
1448,0.5144358277320862
1449,0.5139356851577759
1450,0.5134819746017456
1451,0.5135281085968018
1452,0.5136217474937439
1453,0.5133726596832275
1454,0.513092041015625
1455,0.5130283832550049
1456,0.5129575133323669
1457,0.5127152800559998
1458,0.5124539732933044
1459,0.5123611688613892
1460,0.5123120546340942
1461,0.5121458768844604
1462,0.5119494795799255
1463,0.5118306279182434
1464,0.5117533206939697
1465,0.5116151571273804
1466,0.5114502310752869
1467,0.5113402605056763
1468,0.5112664699554443
1469,0.5111636519432068
1470,0.5109990239143372
1471,0.5108453631401062
1472,0.5107340812683105
1473,0.5106127858161926
1474,0.5104628801345825
1475,0.5103208422660828
1476,0.5102223753929138
1477,0.5101330280303955
1478,0.5100173354148865
1479,0.5098916888237
1480,0.509770393371582
1481,0.509663462638855
1482,0.509552001953125
1483,0.509418249130249
1484,0.5092883110046387
1485,0.5092121958732605
1486,0.5092044472694397
1487,0.509232759475708
1488,0.5093241333961487
1489,0.5095637440681458
1490,0.5099536776542664
1491,0.5105956792831421
1492,0.5118018984794617
1493,0.5140142440795898
1494,0.5180730819702148
1495,0.5253306031227112
1496,0.5384301543235779
1497,0.5624774694442749
1498,0.6065119504928589
1499,0.6863025426864624
1500,0.8174009323120117
1501,1.023485541343689
1502,1.320374608039856
1503,1.6385118961334229
1504,1.757394552230835
1505,1.4238460063934326
1506,0.8121589422225952
1507,0.5431097149848938
1508,0.8121558427810669
1509,1.110244631767273
1510,0.9764598608016968
1511,0.6228908896446228
1512,0.5196532607078552
1513,0.7186574935913086
1514,0.9021114110946655
1515,0.7978883981704712
1516,0.563269317150116
1517,0.5288101434707642
1518,0.6726747751235962
1519,0.7043718099594116
1520,0.5608768463134766
1521,0.530005693435669
1522,0.6420055031776428
1523,0.6474161148071289
1524,0.5392573475837708
1525,0.5236575603485107
1526,0.622966468334198
1527,0.6358806490898132
1528,0.5442847013473511
1529,0.5138651728630066
1530,0.5812838673591614
1531,0.6086262464523315
1532,0.5412435531616211
1533,0.5114068388938904
1534,0.5588752627372742
1535,0.5751923322677612
1536,0.5291532278060913
1537,0.5109017491340637
1538,0.5440075397491455
1539,0.5510414838790894
1540,0.5205135941505432
1541,0.5092819929122925
1542,0.5288040637969971
1543,0.5347009301185608
1544,0.5158382654190063
1545,0.507956862449646
1546,0.5179002285003662
1547,0.5212941765785217
1548,0.5115529894828796
1549,0.5076862573623657
1550,0.5132274031639099
1551,0.5133309960365295
1552,0.5080965757369995
1553,0.5070701837539673
1554,0.510535717010498
1555,0.5099678039550781
1556,0.5066022872924805
1557,0.5069600343704224
1558,0.5091179609298706
1559,0.5084472894668579
1560,0.5058642029762268
1561,0.5067067742347717
1562,0.5089035034179688
1563,0.5079266428947449
1564,0.5055174231529236
1565,0.5057844519615173
1566,0.5083808302879333
1567,0.5081915259361267
1568,0.5055239796638489
1569,0.5046793818473816
1570,0.5066259503364563
1571,0.5080010294914246
1572,0.5061584711074829
1573,0.504116415977478
1574,0.5046473145484924
1575,0.5063634514808655
1576,0.5063489079475403
1577,0.5043880343437195
1578,0.5034415125846863
1579,0.5043728351593018
1580,0.5053080916404724
1581,0.50467449426651
1582,0.5032324194908142
1583,0.502914309501648
1584,0.5036659240722656
1585,0.5040633082389832
1586,0.5033972263336182
1587,0.5024422407150269
1588,0.5023220181465149
1589,0.5027977824211121
1590,0.5029430389404297
1591,0.5024213790893555
1592,0.5017877221107483
1593,0.5016931891441345
1594,0.5019544363021851
1595,0.5020005702972412
1596,0.5016335844993591
1597,0.5011878609657288
1598,0.5010595321655273
1599,0.5011732578277588
1600,0.5011864304542542
1601,0.5009426474571228
1602,0.5006127953529358
1603,0.5004500150680542
1604,0.5004614591598511
1605,0.5004535913467407
1606,0.5002950429916382
1607,0.5000495314598083
1608,0.4998708665370941
1609,0.4998086988925934
1610,0.49977362155914307
1611,0.49966686964035034
1612,0.499488890171051
1613,0.49931639432907104
1614,0.49920570850372314
1615,0.49913641810417175
1616,0.4990501403808594
1617,0.4989219009876251
1618,0.49877336621284485
1619,0.49864259362220764
1620,0.4985416531562805
1621,0.49845096468925476
1622,0.4983481764793396
1623,0.4982275664806366
1624,0.4981013834476471
1625,0.4979844391345978
1626,0.49787917733192444
1627,0.4977785646915436
1628,0.4976741075515747
1629,0.4975624680519104
1630,0.4974478483200073
1631,0.4973352551460266
1632,0.4972269535064697
1633,0.49712228775024414
1634,0.49701809883117676
1635,0.4969117343425751
1636,0.4968034029006958
1637,0.4966937005519867
1638,0.49658483266830444
1639,0.49647802114486694
1640,0.49637287855148315
1641,0.4962688386440277
1642,0.496163934469223
1643,0.4960575997829437
1644,0.495950311422348
1645,0.4958428740501404
1646,0.49573713541030884
1647,0.4956327974796295
1648,0.49552908539772034
1649,0.4954250156879425
1650,0.49531978368759155
1651,0.4952144920825958
1652,0.49510928988456726
1653,0.4950047433376312
1654,0.494900643825531
1655,0.4947965443134308
1656,0.49469301104545593
1657,0.4945894479751587
1658,0.4944859445095062
1659,0.4943825304508209
1660,0.4942786991596222
1661,0.49417540431022644
1662,0.49407222867012024
1663,0.49396923184394836
1664,0.4938664734363556
1665,0.49376359581947327
1666,0.49366113543510437
1667,0.4935588240623474
1668,0.49345663189888
1669,0.4933546185493469
1670,0.49325209856033325
1671,0.4931500554084778
1672,0.49304822087287903
1673,0.49294647574424744
1674,0.49284473061561584
1675,0.4927428364753723
1676,0.492641419172287
1677,0.49254027009010315
1678,0.4924390912055969
1679,0.49233800172805786
1680,0.4922366440296173
1681,0.49213582277297974
1682,0.4920351803302765
1683,0.49193453788757324
1684,0.4918341338634491
1685,0.49173322319984436
1686,0.49163293838500977
1687,0.4915326237678528
1688,0.4914324879646301
1689,0.4913325011730194
1690,0.4912322461605072
1691,0.4911324381828308
1692,0.49103277921676636
1693,0.49093323945999146
1694,0.4908338487148285
1695,0.49073415994644165
1696,0.4906350076198578
1697,0.49053600430488586
1698,0.49043741822242737
1699,0.4903390407562256
1700,0.49024084210395813
1701,0.4901438057422638
1702,0.4900478422641754
1703,0.4899540841579437
1704,0.4898636043071747
1705,0.48977720737457275
1706,0.48969918489456177
1707,0.48963630199432373
1708,0.48960018157958984
1709,0.48961174488067627
1710,0.48969903588294983
1711,0.4899260699748993
1712,0.49042728543281555
1713,0.4914427101612091
1714,0.4934353828430176
1715,0.49708837270736694
1716,0.5039429068565369
1717,0.5173178911209106
1718,0.5434122085571289
1719,0.5941475033760071
1720,0.6865469217300415
1721,0.8527570962905884
1722,1.142194390296936
1723,1.5734148025512695
1724,2.0243566036224365
1725,2.067746162414551
1726,1.4134981632232666
1727,0.64951092004776
1728,0.6782029867172241
1729,1.1932390928268433
1730,1.1757335662841797
1731,0.6747666001319885
1732,0.5120270252227783
1733,0.8256127238273621
1734,1.0501127243041992
1735,0.8085345029830933
1736,0.5104320049285889
1737,0.6058498024940491
1738,0.7961041927337646
1739,0.6686703562736511
1740,0.5002768039703369
1741,0.6543476581573486
1742,0.7220661640167236
1743,0.5405459403991699
1744,0.5229169130325317
1745,0.6674103140830994
1746,0.631757378578186
1747,0.500078558921814
1748,0.5474437475204468
1749,0.6246038675308228
1750,0.5538581609725952
1751,0.4921049475669861
1752,0.5490564107894897
1753,0.5628785490989685
1754,0.5016694068908691
1755,0.5084896087646484
1756,0.5363166332244873
1757,0.5084436535835266
1758,0.49332699179649353
1759,0.5181977152824402
1760,0.5114755630493164
1761,0.49168267846107483
1762,0.5057187676429749
1763,0.5130894780158997
1764,0.4954832196235657
1765,0.49466004967689514
1766,0.5120447874069214
1767,0.5036238431930542
1768,0.49068930745124817
1769,0.5008497834205627
1770,0.5067194700241089
1771,0.4944904148578644
1772,0.49117451906204224
1773,0.5005511045455933
1774,0.4980895221233368
1775,0.4902251660823822
1776,0.491599977016449
1777,0.4953334331512451
1778,0.4919101297855377
1779,0.4890352487564087
1780,0.49111637473106384
1781,0.4908159077167511
1782,0.48887020349502563
1783,0.48925864696502686
1784,0.49019932746887207
1785,0.48872143030166626
1786,0.488521546125412
1787,0.48985084891319275
1788,0.48922809958457947
1789,0.48786792159080505
1790,0.4886091649532318
1791,0.49004805088043213
1792,0.4887131154537201
1793,0.48732390999794006
1794,0.48822057247161865
1795,0.4891892671585083
1796,0.48816075921058655
1797,0.4868914783000946
1798,0.487517386674881
1799,0.4880356192588806
1800,0.4872968792915344
1801,0.48646438121795654
1802,0.4866105318069458
1803,0.4869652986526489
1804,0.48650407791137695
1805,0.4859955310821533
1806,0.48591098189353943
1807,0.4859827160835266
1808,0.4858168661594391
1809,0.48553210496902466
1810,0.4854172170162201
1811,0.4853338897228241
1812,0.48522239923477173
1813,0.48509523272514343
1814,0.4849834144115448
1815,0.48487189412117004
1816,0.4847964942455292
1817,0.48472288250923157
1818,0.4845975935459137
1819,0.48446089029312134
1820,0.4843886196613312
1821,0.4843912422657013
1822,0.48427432775497437
1823,0.48407965898513794
1824,0.48397096991539
1825,0.48398199677467346
1826,0.48396745324134827
1827,0.48375773429870605
1828,0.48355576395988464
1829,0.48351672291755676
1830,0.48355400562286377
1831,0.4834733307361603
1832,0.4832223057746887
1833,0.4830569326877594
1834,0.48305410146713257
1835,0.48306939005851746
1836,0.48294538259506226
1837,0.48270881175994873
1838,0.4825791120529175
1839,0.48257288336753845
1840,0.4825548827648163
1841,0.48242077231407166
1842,0.4822188913822174
1843,0.4821089506149292
1844,0.482085645198822
1845,0.4820447564125061
1846,0.48191654682159424
1847,0.48174336552619934
1848,0.48163947463035583
1849,0.48160022497177124
1850,0.4815494418144226
1851,0.4814343750476837
1852,0.48128190636634827
1853,0.4811757206916809
1854,0.481121301651001
1855,0.48106586933135986
1856,0.4809650778770447
1857,0.48082953691482544
1858,0.4807203412055969
1859,0.48065298795700073
1860,0.48059430718421936
1861,0.48050549626350403
1862,0.4803837835788727
1863,0.4802720546722412
1864,0.48019322752952576
1865,0.48013004660606384
1866,0.4800511300563812
1867,0.47994300723075867
1868,0.479832261800766
1869,0.47974351048469543
1870,0.47967368364334106
1871,0.47960036993026733
1872,0.47950491309165955
1873,0.4793987572193146
1874,0.4793030619621277
1875,0.47922471165657043
1876,0.47915250062942505
1877,0.479067862033844
1878,0.478969544172287
1879,0.47887122631073
1880,0.4787844717502594
1881,0.47870874404907227
1882,0.47863051295280457
1883,0.4785415828227997
1884,0.47844621539115906
1885,0.4783538281917572
1886,0.4782716929912567
1887,0.4781944453716278
1888,0.4781128764152527
1889,0.47802379727363586
1890,0.4779311716556549
1891,0.4778432548046112
1892,0.47776249051094055
1893,0.4776833951473236
1894,0.47760075330734253
1895,0.4775121510028839
1896,0.4774233102798462
1897,0.4773387908935547
1898,0.4772584140300751
1899,0.47717925906181335
1900,0.47709715366363525
1901,0.4770137667655945
1902,0.47693341970443726
1903,0.476859450340271
1904,0.47679415345191956
1905,0.4767405688762665
1906,0.4767080247402191
1907,0.47671598196029663
1908,0.4767991602420807
1909,0.47702306509017944
1910,0.4775039553642273
1911,0.478474497795105
1912,0.48039934039115906
1913,0.4841735064983368
1914,0.4915720522403717
1915,0.5059149861335754
1916,0.533805251121521
1917,0.5873273611068726
1918,0.6870946884155273
1919,0.8569331169128418
1920,1.100276231765747
1921,1.3198578357696533
1922,1.30527925491333
1923,0.923556923866272
1924,0.5344521403312683
1925,0.5693322420120239
1926,0.8413527011871338
1927,0.8623743057250977
1928,0.6015925407409668
1929,0.4790325164794922
1930,0.6289936304092407
1931,0.736946165561676
1932,0.6137071847915649
1933,0.47948160767555237
1934,0.5438580513000488
1935,0.6236536502838135
1936,0.5426514744758606
1937,0.4797607958316803
1938,0.5457611680030823
1939,0.5647878050804138
1940,0.4928741753101349
1941,0.4899473190307617
1942,0.5417897701263428
1943,0.5226812362670898
1944,0.4785825312137604
1945,0.49989083409309387
1946,0.525321364402771
1947,0.4945983588695526
1948,0.47784870862960815
1949,0.5030278563499451
1950,0.5037000775337219
1951,0.47958555817604065
1952,0.48447296023368835
1953,0.49876126646995544
1954,0.4861590266227722
1955,0.4763491451740265
1956,0.48718711733818054
1957,0.48954296112060547
1958,0.47820034623146057
1959,0.4780443012714386
1960,0.48523586988449097
1961,0.4813051223754883
1962,0.47568279504776
1963,0.4795629680156708
1964,0.4817844033241272
1965,0.47682619094848633
1966,0.47603604197502136
1967,0.4796989858150482
1968,0.4784507155418396
1969,0.475018709897995
1970,0.4763842821121216
1971,0.4786052107810974
1972,0.4764576256275177
1973,0.47454455494880676
1974,0.47607898712158203
1975,0.47684675455093384
1976,0.4750499129295349
1977,0.4743523895740509
1978,0.475563108921051
1979,0.47545579075813293
1980,0.47408542037010193
1981,0.47395339608192444
1982,0.47474363446235657
1983,0.47447606921195984
1984,0.4735706150531769
1985,0.4735456109046936
1986,0.47390687465667725
1987,0.4736482799053192
1988,0.4731723368167877
1989,0.47320517897605896
1990,0.47330793738365173
1991,0.473012775182724
1992,0.47275596857070923
1993,0.4728275537490845
1994,0.47286126017570496
1995,0.47258979082107544
1996,0.47238194942474365
1997,0.47242772579193115
1998,0.47242459654808044
1999,0.4722312390804291
2000,0.47206127643585205
2001,0.4720674455165863
2002,0.472034752368927
2003,0.4718552529811859
2004,0.4717119038105011
2005,0.4717026948928833
2006,0.47168880701065063
2007,0.4715321660041809
2008,0.47136208415031433
2009,0.4713131785392761
2010,0.4713103175163269
2011,0.47121912240982056
2012,0.4710554778575897
2013,0.4709542393684387
2014,0.4709261357784271
2015,0.4708736836910248
2016,0.4707546830177307
2017,0.47062936425209045
2018,0.47056424617767334
2019,0.4705202877521515
2020,0.47043994069099426
2021,0.47032859921455383
2022,0.4702320098876953
2023,0.4701719880104065
2024,0.4701119661331177
2025,0.4700254499912262
2026,0.46992650628089905
2027,0.4698418974876404
2028,0.4697778820991516
2029,0.46971142292022705
2030,0.46962860226631165
2031,0.46953895688056946
2032,0.4694569408893585
2033,0.4693869948387146
2034,0.4693174660205841
2035,0.4692400395870209
2036,0.46915775537490845
2037,0.4690776467323303
2038,0.46900442242622375
2039,0.4689337909221649
2040,0.46885964274406433
2041,0.4687821567058563
2042,0.4687035381793976
2043,0.4686288833618164
2044,0.46855786442756653
2045,0.4684858024120331
2046,0.4684113562107086
2047,0.4683339595794678
2048,0.4682580828666687
2049,0.46818605065345764
2050,0.46811529994010925
2051,0.46804380416870117
2052,0.46796858310699463
2053,0.467892050743103
2054,0.46781837940216064
2055,0.4677475392818451
2056,0.4676784574985504
2057,0.4676061272621155
2058,0.46753057837486267
2059,0.4674558639526367
2060,0.4673837125301361
2061,0.467315137386322
2062,0.46724528074264526
2063,0.46717163920402527
2064,0.4670965075492859
2065,0.467022567987442
2066,0.46695348620414734
2067,0.46688559651374817
2068,0.4668150544166565
2069,0.4667418897151947
2070,0.46666714549064636
2071,0.4665958285331726
2072,0.4665275514125824
2073,0.46645909547805786
2074,0.4663882255554199
2075,0.46631523966789246
2076,0.46624523401260376
2077,0.4661796987056732
2078,0.4661184847354889
2079,0.4660612940788269
2080,0.46600568294525146
2081,0.4659578204154968
2082,0.4659309685230255
2083,0.4659408926963806
2084,0.46601495146751404
2085,0.46619912981987
2086,0.46658921241760254
2087,0.46737590432167053
2088,0.4689154326915741
2089,0.4718976616859436
2090,0.47730350494384766
2091,0.4873982071876526
2092,0.5071084499359131
2093,0.545495331287384
2094,0.6194859743118286
2095,0.7514752149581909
2096,0.9776394367218018
2097,1.3356672525405884
2098,1.7659376859664917
2099,1.994986891746521
2100,1.6019606590270996
2101,0.8104993104934692
2102,0.5351132750511169
2103,0.9644976854324341
2104,1.237471580505371
2105,0.8777577877044678
2106,0.48986512422561646
2107,0.6122833490371704
2108,0.9416326880455017
2109,0.9426900148391724
2110,0.603685200214386
2111,0.48819294571876526
2112,0.7043927907943726
2113,0.7342039346694946
2114,0.5234674215316772
2115,0.53166663646698
2116,0.6904406547546387
2117,0.6016887426376343
2118,0.4746573567390442
2119,0.563977062702179
2120,0.631050705909729
2121,0.5290616750717163
2122,0.48002076148986816
2123,0.5563757419586182
2124,0.5551565289497375
2125,0.4817711114883423
2126,0.49410587549209595
2127,0.5336704254150391
2128,0.4969616234302521
2129,0.4757429361343384
2130,0.5043411254882812
2131,0.49622076749801636
2132,0.47261565923690796
2133,0.4852994382381439
2134,0.49540746212005615
2135,0.47656166553497314
2136,0.4754308760166168
2137,0.4888993799686432
2138,0.48041102290153503
2139,0.47057488560676575
2140,0.4806644916534424
2141,0.48398470878601074
2142,0.4718441963195801
2143,0.4722500443458557
2144,0.4794439375400543
2145,0.47485190629959106
2146,0.46886342763900757
2147,0.4726451635360718
2148,0.47463107109069824
2149,0.46954166889190674
2150,0.46829092502593994
2151,0.47041526436805725
2152,0.4694277048110962
2153,0.4674120843410492
2154,0.46831268072128296
2155,0.46839243173599243
2156,0.4667579233646393
2157,0.4670071005821228
2158,0.46773114800453186
2159,0.4668051302433014
2160,0.4660549759864807
2161,0.46721360087394714
2162,0.46725746989250183
2163,0.46579253673553467
2164,0.465683251619339
2165,0.46676427125930786
2166,0.46655938029289246
2167,0.4652539789676666
2168,0.46533486247062683
2169,0.46600615978240967
2170,0.4656008780002594
2171,0.4647652208805084
2172,0.4647967517375946
2173,0.46518653631210327
2174,0.4648078978061676
2175,0.46429798007011414
2176,0.464267760515213
2177,0.4643658399581909
2178,0.4641461968421936
2179,0.4638691544532776
2180,0.4638421833515167
2181,0.4637730121612549
2182,0.4635918140411377
2183,0.4634692072868347
2184,0.4634484648704529
2185,0.463354229927063
2186,0.4631998836994171
2187,0.46312999725341797
2188,0.463092178106308
2189,0.46299198269844055
2190,0.46286678314208984
2191,0.4628368318080902
2192,0.46279555559158325
2193,0.46266525983810425
2194,0.4625406563282013
2195,0.46251168847084045
2196,0.4625120162963867
2197,0.46238425374031067
2198,0.462224543094635
2199,0.46216583251953125
2200,0.46217411756515503
2201,0.4621135890483856
2202,0.4619450271129608
2203,0.46182981133461
2204,0.4618111550807953
2205,0.4617909789085388
2206,0.46168482303619385
2207,0.4615352153778076
2208,0.46146178245544434
2209,0.46144017577171326
2210,0.46138671040534973
2211,0.46127352118492126
2212,0.46115583181381226
2213,0.461097776889801
2214,0.46105995774269104
2215,0.46099114418029785
2216,0.460888534784317
2217,0.46079251170158386
2218,0.4607348144054413
2219,0.4606846272945404
2220,0.46061328053474426
2221,0.46052300930023193
2222,0.4604378938674927
2223,0.4603763222694397
2224,0.4603196680545807
2225,0.46025070548057556
2226,0.46016958355903625
2227,0.46008992195129395
2228,0.4600246846675873
2229,0.4599648416042328
2230,0.4598986804485321
2231,0.4598239064216614
2232,0.4597474932670593
2233,0.45967987179756165
2234,0.4596180319786072
2235,0.45955413579940796
2236,0.45948392152786255
2237,0.4594098925590515
2238,0.4593407213687897
2239,0.45927727222442627
2240,0.4592147469520569
2241,0.4591478407382965
2242,0.4590763747692108
2243,0.459006667137146
2244,0.4589417576789856
2245,0.4588793218135834
2246,0.4588150680065155
2247,0.4587460458278656
2248,0.4586765766143799
2249,0.4586104154586792
2250,0.4585475027561188
2251,0.4584847390651703
2252,0.4584183394908905
2253,0.4583498239517212
2254,0.4582828879356384
2255,0.4582188129425049
2256,0.45815661549568176
2257,0.4580923914909363
2258,0.45802566409111023
2259,0.4579585790634155
2260,0.4578934609889984
2261,0.4578308165073395
2262,0.4577680826187134
2263,0.45770329236984253
2264,0.45763710141181946
2265,0.45757126808166504
2266,0.45750758051872253
2267,0.45744526386260986
2268,0.45738211274147034
2269,0.45731741189956665
2270,0.45725172758102417
2271,0.4571872651576996
2272,0.4571244716644287
2273,0.4570620357990265
2274,0.4569988250732422
2275,0.4569339156150818
2276,0.45686933398246765
2277,0.45680609345436096
2278,0.4567434787750244
2279,0.4566809833049774
2280,0.4566173255443573
2281,0.4565533995628357
2282,0.45648983120918274
2283,0.4564269185066223
2284,0.4563644528388977
2285,0.4563014805316925
2286,0.4562382698059082
2287,0.4561751186847687
2288,0.4561123549938202
2289,0.4560496509075165
2290,0.45598703622817993
2291,0.45592427253723145
2292,0.4558617174625397
2293,0.45579928159713745
2294,0.45573684573173523
2295,0.4556741714477539
2296,0.45561182498931885
2297,0.4555495083332062
2298,0.45548728108406067
2299,0.4554251432418823
2300,0.45536255836486816
2301,0.45530053973197937
2302,0.4552384316921234
2303,0.4551765024662018
2304,0.4551145136356354
2305,0.45505228638648987
2306,0.45499032735824585
2307,0.4549283981323242
2308,0.4548667371273041
2309,0.45480501651763916
2310,0.4547429382801056
2311,0.4546811878681183
2312,0.4546193480491638
2313,0.4545578062534332
2314,0.454496294260025
2315,0.45443448424339294
2316,0.4543728828430176
2317,0.45431140065193176
2318,0.45424991846084595
2319,0.4541885554790497
2320,0.45412692427635193
2321,0.4540655314922333
2322,0.454004168510437
2323,0.4539429247379303
2324,0.45388177037239075
2325,0.45382019877433777
2326,0.4537590444087982
2327,0.4536978006362915
2328,0.4536367952823639
2329,0.4535757899284363
2330,0.4535144567489624
2331,0.4534533619880676
2332,0.4533924162387848
2333,0.45333150029182434
2334,0.4532705843448639
2335,0.45320945978164673
2336,0.4531485140323639
2337,0.4530876874923706
2338,0.4530268907546997
2339,0.4529660940170288
2340,0.4529051184654236
2341,0.45284441113471985
2342,0.45278382301330566
2343,0.45272311568260193
2344,0.45266255736351013
2345,0.45260170102119446
2346,0.4525410830974579
2347,0.4524805545806885
2348,0.4524199962615967
2349,0.45235946774482727
2350,0.4522988796234131
2351,0.45223844051361084
2352,0.4521782398223877
2353,0.4521180987358093
2354,0.45205822587013245
2355,0.45199814438819885
2356,0.4519391357898712
2357,0.4518813490867615
2358,0.45182591676712036
2359,0.45177552103996277
2360,0.4517354369163513
2361,0.4517173767089844
2362,0.4517449736595154
2363,0.45186975598335266
2364,0.4522026479244232
2365,0.45297619700431824
2366,0.45470908284187317
2367,0.45856428146362305
2368,0.46709129214286804
2369,0.4859657287597656
2370,0.527036190032959
2371,0.6155744194984436
2372,0.7972813248634338
2373,1.1333891153335571
2374,1.5938701629638672
2375,1.8598628044128418
2376,1.3935363292694092
2377,0.6168814897537231
2378,0.6312753558158875
2379,1.1229501962661743
2380,0.9532734751701355
2381,0.4814237952232361
2382,0.6430431008338928
2383,0.9460423588752747
2384,0.69992995262146
2385,0.45936959981918335
2386,0.674517810344696
2387,0.7069395184516907
2388,0.4725685715675354
2389,0.5621747970581055
2390,0.6445090174674988
2391,0.47658872604370117
2392,0.5257453322410583
2393,0.5896373391151428
2394,0.46904104948043823
2395,0.5027015209197998
2396,0.5538432598114014
2397,0.46859195828437805
2398,0.4872565269470215
2399,0.5246086120605469
2400,0.4620651304721832
2401,0.48165231943130493
2402,0.5040834546089172
2403,0.4591079652309418
2404,0.48037204146385193
2405,0.48744651675224304
2406,0.4553263783454895
2407,0.47620534896850586
2408,0.4776245057582855
2409,0.4553101062774658
2410,0.4711014926433563
2411,0.46874120831489563
2412,0.4549156427383423
2413,0.46750733256340027
2414,0.4632129371166229
2415,0.4547364115715027
2416,0.4652805030345917
2417,0.46003958582878113
2418,0.4547872245311737
2419,0.46195438504219055
2420,0.45722368359565735
2421,0.4544590413570404
2422,0.46001824736595154
2423,0.4560505449771881
2424,0.4536550045013428
2425,0.45720142126083374
2426,0.4545314908027649
2427,0.4537615478038788
2428,0.45619407296180725
2429,0.4535936415195465
2430,0.45282095670700073
2431,0.4549652338027954
2432,0.45331552624702454
2433,0.4527531564235687
2434,0.45398446917533875
2435,0.4525006115436554
2436,0.4519055485725403
2437,0.45313674211502075
2438,0.4523971378803253
2439,0.4516910910606384
2440,0.45218366384506226
2441,0.4515867233276367
2442,0.45125916600227356
2443,0.45185351371765137
2444,0.45149052143096924
2445,0.45090118050575256
2446,0.45116329193115234
2447,0.4509781002998352
2448,0.4506551921367645
2449,0.45093870162963867
2450,0.45079469680786133
2451,0.450265496969223
2452,0.45028746128082275
2453,0.4503645598888397
2454,0.450117826461792
2455,0.4500574767589569
2456,0.4500051736831665
2457,0.4497469663619995
2458,0.44964414834976196
2459,0.44969284534454346
2460,0.4495506286621094
2461,0.4494159519672394
2462,0.44939544796943665
2463,0.4492693245410919
2464,0.44914355874061584
2465,0.44913339614868164
2466,0.4490640163421631
2467,0.44891446828842163
2468,0.4488621950149536
2469,0.44882553815841675
2470,0.4487086236476898
2471,0.4486163556575775
2472,0.4485800564289093
2473,0.4485063850879669
2474,0.448412150144577
2475,0.44834524393081665
2476,0.4482717514038086
2477,0.4481920599937439
2478,0.4481350779533386
2479,0.44808489084243774
2480,0.4480009078979492
2481,0.4479196071624756
2482,0.44785571098327637
2483,0.4477844834327698
2484,0.4477177560329437
2485,0.4476598799228668
2486,0.44759297370910645
2487,0.44751352071762085
2488,0.44744718074798584
2489,0.4473918080329895
2490,0.44732415676116943
2491,0.4472509026527405
2492,0.4471889138221741
2493,0.4471322000026703
2494,0.44706836342811584
2495,0.44699934124946594
2496,0.4469328224658966
2497,0.446869820356369
2498,0.4468074440956116
2499,0.44674786925315857
2500,0.4466850161552429
2501,0.44661909341812134
2502,0.4465557932853699
2503,0.446494460105896
2504,0.44643378257751465
2505,0.4463711977005005
2506,0.4463101327419281
2507,0.44624996185302734
2508,0.4461899697780609
2509,0.44613221287727356
2510,0.4460720717906952
2511,0.4460090100765228
2512,0.44594553112983704
2513,0.44588449597358704
2514,0.4458256661891937
2515,0.4457654654979706
2516,0.4457055628299713
2517,0.4456474184989929
2518,0.4455925524234772
2519,0.445539265871048
2520,0.44548124074935913
2521,0.44542014598846436
2522,0.4453616142272949
2523,0.4453057050704956
2524,0.44525203108787537
2525,0.4452091455459595
2526,0.4451857805252075
2527,0.44518518447875977
2528,0.4452224671840668
2529,0.44532468914985657
2530,0.4454922378063202
2531,0.4457784593105316
2532,0.446336567401886
2533,0.4473802447319031
2534,0.44930097460746765
2535,0.4527190923690796
2536,0.4588855803012848
2537,0.4702875018119812
2538,0.4913524389266968
2539,0.5302138328552246
2540,0.5964040160179138
2541,0.708733320236206
2542,0.8953240513801575
2543,1.169237732887268
2544,1.469618558883667
2545,1.5825753211975098
2546,1.278355360031128
2547,0.7333712577819824
2548,0.47455936670303345
2549,0.7016168236732483
2550,0.9709075689315796
2551,0.8966077566146851
2552,0.6150974035263062
2553,0.4507356882095337
2554,0.5402970314025879
2555,0.6801190376281738
2556,0.6403282284736633
2557,0.4954763650894165
2558,0.454607218503952
2559,0.5428361892700195
2560,0.5546568632125854
2561,0.46946197748184204
2562,0.4561920762062073
2563,0.5145500898361206
2564,0.525147557258606
2565,0.4651835262775421
2566,0.45580774545669556
2567,0.5070863962173462
2568,0.5152631998062134
2569,0.46668604016304016
2570,0.4510972499847412
2571,0.5029283165931702
2572,0.5131689310073853
2573,0.46395260095596313
2574,0.4501741826534271
2575,0.4920782446861267
2576,0.5104411244392395
2577,0.4694860875606537
2578,0.4468194842338562
2579,0.47339412569999695
2580,0.49479132890701294
2581,0.4732125997543335
2582,0.446524053812027
2583,0.4590094983577728
2584,0.47719013690948486
2585,0.46697941422462463
2586,0.44777968525886536
2587,0.45010480284690857
2588,0.4635717570781708
2589,0.4606156349182129
2590,0.44858816266059875
2591,0.44577139616012573
2592,0.4522780179977417
2593,0.45412904024124146
2594,0.4479990303516388
2595,0.44481003284454346
2596,0.44671228528022766
2597,0.4483288824558258
2598,0.44648995995521545
2599,0.4444752633571625
2600,0.44484442472457886
2601,0.4452238976955414
2602,0.4447490870952606
2603,0.44415077567100525
2604,0.44420838356018066
2605,0.44420313835144043
2606,0.44386395812034607
2607,0.44382554292678833
2608,0.44394221901893616
2609,0.4438536763191223
2610,0.44352853298187256
2611,0.4437638521194458
2612,0.44410234689712524
2613,0.44382867217063904
2614,0.4432967007160187
2615,0.4433034658432007
2616,0.44415515661239624
2617,0.44433414936065674
2618,0.4434894323348999
2619,0.44282662868499756
2620,0.4432811737060547
2621,0.4443783462047577
2622,0.4442385733127594
2623,0.4430595338344574
2624,0.4424578845500946
2625,0.4431707262992859
2626,0.4442712962627411
2627,0.44395896792411804
2628,0.44269171357154846
2629,0.44211336970329285
2630,0.44283807277679443
2631,0.4438733756542206
2632,0.4435849189758301
2633,0.4423820376396179
2634,0.4417702257633209
2635,0.4423605799674988
2636,0.4433172345161438
2637,0.44318532943725586
2638,0.44214439392089844
2639,0.44145017862319946
2640,0.44179099798202515
2641,0.4426460266113281
2642,0.442748486995697
2643,0.4419560134410858
2644,0.4411979019641876
2645,0.44123589992523193
2646,0.44192248582839966
2647,0.4422391355037689
2648,0.44176149368286133
2649,0.44102996587753296
2650,0.4407743215560913
2651,0.4412061274051666
2652,0.4416453540325165
2653,0.44150519371032715
2654,0.44092437624931335
2655,0.44045931100845337
2656,0.44057467579841614
2657,0.44098296761512756
2658,0.4411144554615021
2659,0.4407906234264374
2660,0.4402776062488556
2661,0.44010570645332336
2662,0.4403396546840668
2663,0.44058990478515625
2664,0.4405335783958435
2665,0.4401354491710663
2666,0.4398044943809509
2667,0.43981149792671204
2668,0.44000616669654846
2669,0.44010767340660095
2670,0.43990206718444824
2671,0.4395838975906372
2672,0.43944042921066284
2673,0.4394901394844055
2674,0.4395921230316162
2675,0.43952739238739014
2676,0.4393221437931061
2677,0.4391612112522125
2678,0.4391053020954132
2679,0.43912413716316223
2680,0.4390929043292999
2681,0.43898338079452515
2682,0.4388766884803772
2683,0.43880367279052734
2684,0.4387654960155487
2685,0.43871644139289856
2686,0.43864303827285767
2687,0.4385754466056824
2688,0.4385186433792114
2689,0.4384695887565613
2690,0.43840935826301575
2691,0.43834641575813293
2692,0.4382946491241455
2693,0.43824824690818787
2694,0.43819934129714966
2695,0.43812957406044006
2696,0.43806201219558716
2697,0.4380151033401489
2698,0.4379785358905792
2699,0.4379381835460663
2700,0.4378652572631836
2701,0.43778300285339355
2702,0.4377230107784271
2703,0.43768104910850525
2704,0.43764567375183105
2705,0.43758466839790344
2706,0.43750664591789246
2707,0.4374396800994873
2708,0.4373851418495178
2709,0.4373391568660736
2710,0.43728262186050415
2711,0.4372171461582184
2712,0.4371573328971863
2713,0.43710312247276306
2714,0.43705254793167114
2715,0.43699419498443604
2716,0.43693292140960693
2717,0.436877578496933
2718,0.43682679533958435
2719,0.4367779493331909
2720,0.43671807646751404
2721,0.43665358424186707
2722,0.4365955591201782
2723,0.43654322624206543
2724,0.4364944398403168
2725,0.4364372193813324
2726,0.43637415766716003
2727,0.4363149404525757
2728,0.43625953793525696
2729,0.43620702624320984
2730,0.4361504018306732
2731,0.43609148263931274
2732,0.43603524565696716
2733,0.4359814524650574
2734,0.43592947721481323
2735,0.4358721971511841
2736,0.43581223487854004
2737,0.43575507402420044
2738,0.43570026755332947
2739,0.4356476664543152
2740,0.4355912208557129
2741,0.43553242087364197
2742,0.4354754090309143
2743,0.43541958928108215
2744,0.43536534905433655
2745,0.4353088438510895
2746,0.43525177240371704
2747,0.43519628047943115
2748,0.4351418912410736
2749,0.4350888729095459
2750,0.43503254652023315
2751,0.4349741041660309
2752,0.4349169135093689
2753,0.4348602592945099
2754,0.43480414152145386
2755,0.4347478449344635
2756,0.4346933364868164
2757,0.4346408247947693
2758,0.43459001183509827
2759,0.434541791677475
2760,0.43448954820632935
2761,0.43443354964256287
2762,0.43438097834587097
2763,0.43433207273483276
2764,0.43428847193717957
2765,0.4342644214630127
2766,0.43427568674087524
2767,0.4343324899673462
2768,0.434467077255249
2769,0.434737890958786
2770,0.4351674020290375
2771,0.4358830451965332
2772,0.43722546100616455
2773,0.4397009313106537
2774,0.4442514479160309
2775,0.4523036479949951
2776,0.46681350469589233
2777,0.4935809075832367
2778,0.5426445007324219
2779,0.630572497844696
2780,0.7723828554153442
2781,0.9837112426757812
2782,1.2604408264160156
2783,1.4880825281143188
2784,1.4494630098342896
2785,1.0183937549591064
2786,0.5469199419021606
2787,0.5060572028160095
2788,0.8151262998580933
2789,1.0100303888320923
2790,0.8407320976257324
2791,0.5357391238212585
2792,0.44460687041282654
2793,0.6003751754760742
2794,0.7257082462310791
2795,0.6047338843345642
2796,0.44686824083328247
2797,0.5022529363632202
2798,0.6099651455879211
2799,0.5495203733444214
2800,0.4410327076911926
2801,0.4918438792228699
2802,0.5777342319488525
2803,0.5298845767974854
2804,0.44395050406455994
2805,0.4683181345462799
2806,0.538992166519165
2807,0.5073071122169495
2808,0.4409179985523224
2809,0.46385782957077026
2810,0.509456217288971
2811,0.4787287414073944
2812,0.43674102425575256
2813,0.46093326807022095
2814,0.4866332411766052
2815,0.46107015013694763
2816,0.43618232011795044
2817,0.45275357365608215
2818,0.4672692120075226
2819,0.4485960602760315
2820,0.43571344017982483
2821,0.44746115803718567
2822,0.4531746804714203
2823,0.4407253861427307
2824,0.43565988540649414
2825,0.44358283281326294
2826,0.4440546929836273
2827,0.4367053508758545
2828,0.43567904829978943
2829,0.4406629800796509
2830,0.4394300878047943
2831,0.43474987149238586
2832,0.4359392523765564
2833,0.43898189067840576
2834,0.43722695112228394
2835,0.43408507108688354
2836,0.43606868386268616
2837,0.4384520649909973
2838,0.4362662732601166
2839,0.4337030351161957
2840,0.4351859390735626
2841,0.43771037459373474
2842,0.43613430857658386
2843,0.4334278702735901
2844,0.4340116083621979
2845,0.4361637830734253
2846,0.4358164072036743
2847,0.4334341883659363
2848,0.43302276730537415
2849,0.4345211088657379
2850,0.43494701385498047
2851,0.4335273802280426
2852,0.43245768547058105
2853,0.43310847878456116
2854,0.43381640315055847
2855,0.4332756996154785
2856,0.4322965741157532
2857,0.4321877360343933
2858,0.4327404499053955
2859,0.43275555968284607
2860,0.4321630597114563
2861,0.4317501187324524
2862,0.43188658356666565
2863,0.4321024715900421
2864,0.43190446496009827
2865,0.4315369427204132
2866,0.4313885271549225
2867,0.4314720034599304
2868,0.43149513006210327
2869,0.43131300806999207
2870,0.4311145842075348
2871,0.43104010820388794
2872,0.4310450553894043
2873,0.43100157380104065
2874,0.4308759570121765
2875,0.4307588040828705
2876,0.4306918978691101
2877,0.43065208196640015
2878,0.43059486150741577
2879,0.4305083155632019
2880,0.43042469024658203
2881,0.4303561747074127
2882,0.43029820919036865
2883,0.4302387833595276
2884,0.4301706850528717
2885,0.4301013648509979
2886,0.4300341010093689
2887,0.4299699068069458
2888,0.4299089312553406
2889,0.4298475682735443
2890,0.4297854006290436
2891,0.4297221302986145
2892,0.4296571612358093
2893,0.4295937120914459
2894,0.4295327663421631
2895,0.429473876953125
2896,0.4294152557849884
2897,0.429352343082428
2898,0.4292871952056885
2899,0.4292241036891937
2900,0.4291653335094452
2901,0.42911002039909363
2902,0.4290507733821869
2903,0.42898619174957275
2904,0.4289206862449646
2905,0.42885929346084595
2906,0.42880481481552124
2907,0.4287494719028473
2908,0.42868778109550476
2909,0.42862164974212646
2910,0.4285568296909332
2911,0.42849990725517273
2912,0.42844659090042114
2913,0.4283890426158905
2914,0.42832499742507935
2915,0.42825809121131897
2916,0.42819705605506897
2917,0.42814263701438904
2918,0.4280879497528076
2919,0.4280279278755188
2920,0.4279617965221405
2921,0.42789748311042786
2922,0.4278396666049957
2923,0.42778491973876953
2924,0.42772817611694336
2925,0.4276649057865143
2926,0.4276001751422882
2927,0.42753949761390686
2928,0.4274824559688568
2929,0.42742612957954407
2930,0.42736563086509705
2931,0.4273027181625366
2932,0.42724135518074036
2933,0.42718231678009033
2934,0.42712464928627014
2935,0.4270651042461395
2936,0.4270040690898895
2937,0.42694351077079773
2938,0.42688384652137756
2939,0.42682501673698425
2940,0.42676523327827454
2941,0.42670515179634094
2942,0.42664533853530884
2943,0.426585853099823
2944,0.42652663588523865
2945,0.42646661400794983
2946,0.4264066815376282
2947,0.42634719610214233
2948,0.4262879490852356
2949,0.4262286424636841
2950,0.4261684715747833
2951,0.4261082112789154
2952,0.42604875564575195
2953,0.4259895384311676
2954,0.4259304702281952
2955,0.42587006092071533
2956,0.4258096218109131
2957,0.42574965953826904
2958,0.4256902039051056
2959,0.4256308078765869
2960,0.4255707561969757
2961,0.42551034688949585
2962,0.42545026540756226
2963,0.42539045214653015
2964,0.42533090710639954
2965,0.42527058720588684
2966,0.4252103865146637
2967,0.4251502454280853
2968,0.4250904619693756
2969,0.42503055930137634
2970,0.4249701499938965
2971,0.42490994930267334
2972,0.42484983801841736
2973,0.42478981614112854
2974,0.4247299134731293
2975,0.4246693253517151
2976,0.42460888624191284
2977,0.42454850673675537
2978,0.424488365650177
2979,0.4244282841682434
2980,0.4243676960468292
2981,0.42430710792541504
2982,0.4242466390132904
2983,0.4241862893104553
2984,0.42412588000297546
2985,0.42406517267227173
2986,0.424004465341568
2987,0.42394399642944336
2988,0.4238835275173187
2989,0.4238230288028717
2990,0.42376211285591125
2991,0.4237012565135956
2992,0.4236404001712799
2993,0.42357978224754333
2994,0.4235190749168396
2995,0.4234579801559448
2996,0.423397034406662
2997,0.42333611845970154
2998,0.42327532172203064
2999,0.423214316368103
3000,0.4231531322002411
3001,0.4230920076370239
3002,0.42303091287612915
3003,0.422969788312912
3004,0.422908753156662
3005,0.42284730076789856
3006,0.42278602719306946
3007,0.42272472381591797
3008,0.4226634204387665
3009,0.42260217666625977
3010,0.42254048585891724
3011,0.4224790632724762
3012,0.4224175214767456
3013,0.42235618829727173
3014,0.42229464650154114
3015,0.4222327768802643
3016,0.42217108607292175
3017,0.4221094250679016
3018,0.4220477342605591
3019,0.4219859838485718
3020,0.4219239056110382
3021,0.4218621253967285
3022,0.42180031538009644
3023,0.42173850536346436
3024,0.42167678475379944
3025,0.42161470651626587
3026,0.4215529263019562
3027,0.4214912950992584
3028,0.42142999172210693
3029,0.4213694632053375
3030,0.4213104844093323
3031,0.42125558853149414
3032,0.42120710015296936
3033,0.4211713969707489
3034,0.421161025762558
3035,0.4211916923522949
3036,0.4213050603866577
3037,0.4215969741344452
3038,0.42225182056427
3039,0.4236520826816559
3040,0.4264545738697052
3041,0.4321611523628235
3042,0.4441344439983368
3043,0.4692363739013672
3044,0.5215373039245605
3045,0.6234545707702637
3046,0.8175413608551025
3047,1.1678820848464966
3048,1.6756213903427124
3049,2.097355365753174
3050,1.8388161659240723
3051,0.9155993461608887
3052,0.5197635293006897
3053,1.0221405029296875
3054,1.2641208171844482
3055,0.7722787857055664
3056,0.47665315866470337
3057,0.7916271090507507
3058,0.9932364225387573
3059,0.6816799640655518
3060,0.4672411382198334
3061,0.7061467170715332
3062,0.7015706896781921
3063,0.46780630946159363
3064,0.5919061303138733
3065,0.6502895355224609
3066,0.45978084206581116
3067,0.5156112313270569
3068,0.6154073476791382
3069,0.4752553403377533
3070,0.4587056338787079
3071,0.5528619289398193
3072,0.4737062454223633
3073,0.43862953782081604
3074,0.5133413672447205
3075,0.46373897790908813
3076,0.442350298166275
3077,0.4890610873699188
3078,0.4501279294490814
3079,0.4402621388435364
3080,0.47601568698883057
3081,0.4460136592388153
3082,0.43424272537231445
3083,0.46184369921684265
3084,0.43946290016174316
3085,0.430099755525589
3086,0.44910547137260437
3087,0.4347182512283325
3088,0.4284302592277527
3089,0.4420642554759979
3090,0.4307696521282196
3091,0.42794230580329895
3092,0.4387200176715851
3093,0.4300236105918884
3094,0.4260402023792267
3095,0.43452948331832886
3096,0.4298955500125885
3097,0.42533501982688904
3098,0.43115630745887756
3099,0.4279155433177948
3100,0.42439669370651245
3101,0.42794233560562134
3102,0.42616772651672363
3103,0.42316681146621704
3104,0.42600423097610474
3105,0.4254281222820282
3106,0.4225842356681824
3107,0.42407914996147156
3108,0.4243420660495758
3109,0.42243754863739014
3110,0.4232737421989441
3111,0.4237712621688843
3112,0.4218207895755768
3113,0.4221224784851074
3114,0.42300570011138916
3115,0.4217315912246704
3116,0.42102059721946716
3117,0.4217781722545624
3118,0.4214227497577667
3119,0.4205945134162903
3120,0.4208633303642273
3121,0.4207691550254822
3122,0.42024925351142883
3123,0.42028847336769104
3124,0.4203633666038513
3125,0.41995635628700256
3126,0.41995739936828613
3127,0.42008134722709656
3128,0.4197208881378174
3129,0.4195101261138916
3130,0.4197219908237457
3131,0.41967639327049255
3132,0.4192724823951721
3133,0.41923049092292786
3134,0.4192997217178345
3135,0.41911497712135315
3136,0.4189411699771881
3137,0.41892653703689575
3138,0.4188292324542999
3139,0.41862615942955017
3140,0.4185868501663208
3141,0.41859254240989685
3142,0.41844943165779114
3143,0.41827496886253357
3144,0.4182164669036865
3145,0.41819849610328674
3146,0.41815516352653503
3147,0.4180556535720825
3148,0.4179133176803589
3149,0.41780591011047363
3150,0.41779500246047974
3151,0.4178181290626526
3152,0.41770097613334656
3153,0.41752126812934875
3154,0.4174365699291229
3155,0.4174419045448303
3156,0.41742169857025146
3157,0.417307049036026
3158,0.4171806573867798
3159,0.41708648204803467
3160,0.4170324206352234
3161,0.4170061945915222
3162,0.4169498085975647
3163,0.41683948040008545
3164,0.4167101979255676
3165,0.41663438081741333
3166,0.4166187345981598
3167,0.41658276319503784
3168,0.41648268699645996
3169,0.4163573086261749
3170,0.4162676930427551
3171,0.4162338674068451
3172,0.41620492935180664
3173,0.41613227128982544
3174,0.41602230072021484
3175,0.4159165620803833
3176,0.41585883498191833
3177,0.4158273935317993
3178,0.4157748222351074
3179,0.41568562388420105
3180,0.4155798852443695
3181,0.4155004918575287
3182,0.4154502749443054
3183,0.4154040813446045
3184,0.41533902287483215
3185,0.4152468740940094
3186,0.4151538014411926
3187,0.4150815010070801
3188,0.41503000259399414
3189,0.41497811675071716
3190,0.41490212082862854
3191,0.41481050848960876
3192,0.41472727060317993
3193,0.41466426849365234
3194,0.4146098494529724
3195,0.41454315185546875
3196,0.414462149143219
3197,0.4143809974193573
3198,0.41431039571762085
3199,0.41424688696861267
3200,0.4141804277896881
3201,0.4141072928905487
3202,0.41403254866600037
3203,0.41396164894104004
3204,0.41389337182044983
3205,0.4138244688510895
3206,0.4137533903121948
3207,0.4136817157268524
3208,0.4136122167110443
3209,0.4135436713695526
3210,0.4134742021560669
3211,0.41340371966362
3212,0.41333267092704773
3213,0.41326308250427246
3214,0.41319432854652405
3215,0.4131245017051697
3216,0.41305428743362427
3217,0.41298365592956543
3218,0.4129142761230469
3219,0.412845641374588
3220,0.4127753973007202
3221,0.4127042591571808
3222,0.4126328229904175
3223,0.4125630259513855
3224,0.41249462962150574
3225,0.41242513060569763
3226,0.4123542010784149
3227,0.4122820198535919
3228,0.41221103072166443
3229,0.4121418297290802
3230,0.4120725691318512
3231,0.4120022654533386
3232,0.4119304120540619
3233,0.41185900568962097
3234,0.4117892384529114
3235,0.4117196202278137
3236,0.41164952516555786
3237,0.41157791018486023
3238,0.41150641441345215
3239,0.4114362597465515
3240,0.41136640310287476
3241,0.4112962484359741
3242,0.4112246632575989
3243,0.41115298867225647
3244,0.4110824763774872
3245,0.41101235151290894
3246,0.41094210743904114
3247,0.41087040305137634
3248,0.4107983112335205
3249,0.41072723269462585
3250,0.41065675020217896
3251,0.4105865955352783
3252,0.41051509976387024
3253,0.41044294834136963
3254,0.4103713929653168
3255,0.41030046343803406
3256,0.41023018956184387
3257,0.4101589024066925
3258,0.4100867211818695
3259,0.41001471877098083
3260,0.4099433124065399
3261,0.4098726212978363
3262,0.40980133414268494
3263,0.4097293019294739
3264,0.40965691208839417
3265,0.4095848798751831
3266,0.4095138609409332
3267,0.4094427227973938
3268,0.4093707203865051
3269,0.409298300743103
3270,0.409225732088089
3271,0.40915408730506897
3272,0.4090827703475952
3273,0.40901094675064087
3274,0.40893855690956116
3275,0.4088655412197113
3276,0.4087933897972107
3277,0.4087217450141907
3278,0.40864992141723633
3279,0.40857750177383423
3280,0.40850430727005005
3281,0.4084317684173584
3282,0.408359557390213
3283,0.40828752517700195
3284,0.40821516513824463
3285,0.40814208984375
3286,0.40806901454925537
3287,0.40799638628959656
3288,0.40792399644851685
3289,0.4078514575958252
3290,0.4077782928943634
3291,0.40770530700683594
3292,0.40763241052627563
3293,0.40755972266197205
3294,0.40748724341392517
3295,0.4074142277240753
3296,0.4073413908481598
3297,0.4072689712047577
3298,0.40719708800315857
3299,0.40712621808052063
3300,0.4070572555065155
3301,0.40699222683906555
3302,0.4069337844848633
3303,0.40688738226890564
3304,0.40686315298080444
3305,0.4068751633167267
3306,0.4069558084011078
3307,0.4071725308895111
3308,0.4076487421989441
3309,0.40862491726875305
3310,0.41051894426345825
3311,0.4142022430896759
3312,0.42145267128944397
3313,0.435726523399353
3314,0.4636628031730652
3315,0.5163628458976746
3316,0.6139236092567444
3317,0.7891734838485718
3318,1.064343810081482
3319,1.3992526531219482
3320,1.5533356666564941
3321,1.2618694305419922
3322,0.6857537031173706
3323,0.4598240852355957
3324,0.7295325398445129
3325,0.9482329487800598
3326,0.7992861866950989
3327,0.5389658212661743
3328,0.47635313868522644
3329,0.5847180485725403
3330,0.6224032640457153
3331,0.5283103585243225
3332,0.4638283848762512
3333,0.4887474477291107
3334,0.5213395953178406
3335,0.48542284965515137
3336,0.4441310167312622
3337,0.46363118290901184
3338,0.49698111414909363
3339,0.4774066209793091
3340,0.4279704689979553
3341,0.4498487412929535
3342,0.4916798770427704
3343,0.45635369420051575
3344,0.4140603244304657
3345,0.4521379768848419
3346,0.48383957147598267
3347,0.43449681997299194
3348,0.4105542004108429
3349,0.44936197996139526
3350,0.4619320034980774
3351,0.42573413252830505
3352,0.411459356546402
3353,0.4351043403148651
3354,0.4381901025772095
3355,0.4182320237159729
3356,0.4121913015842438
3357,0.42221683263778687
3358,0.4237370491027832
3359,0.41380026936531067
3360,0.4097408354282379
3361,0.41281822323799133
3362,0.4147590100765228
3363,0.4107185900211334
3364,0.40722596645355225
3365,0.4088148772716522
3366,0.4096234440803528
3367,0.4074024260044098
3368,0.4060612618923187
3369,0.40766170620918274
3370,0.407418817281723
3371,0.40563368797302246
3372,0.40610459446907043
3373,0.4073140621185303
3374,0.40633055567741394
3375,0.4047401547431946
3376,0.40626612305641174
3377,0.4076192080974579
3378,0.4058935046195984
3379,0.4041765332221985
3380,0.4054458737373352
3381,0.4075898826122284
3382,0.40644362568855286
3383,0.4041077792644501
3384,0.40415194630622864
3385,0.40605613589286804
3386,0.4067700505256653
3387,0.40490809082984924
3388,0.4034343361854553
3389,0.40410205721855164
3390,0.40553805232048035
3391,0.4055063724517822
3392,0.4037836492061615
3393,0.40288278460502625
3394,0.40368157625198364
3395,0.4047079086303711
3396,0.4043314754962921
3397,0.40289783477783203
3398,0.4023972749710083
3399,0.40312960743904114
3400,0.40375152230262756
3401,0.4032674729824066
3402,0.40224403142929077
3403,0.4019903242588043
3404,0.4024982750415802
3405,0.40283578634262085
3406,0.402460515499115
3407,0.40177035331726074
3408,0.4015544652938843
3409,0.40183523297309875
3410,0.402053564786911
3411,0.40182188153266907
3412,0.40133416652679443
3413,0.40110915899276733
3414,0.4012446701526642
3415,0.4013981819152832
3416,0.4012605845928192
3417,0.4009075164794922
3418,0.4006860554218292
3419,0.4007205069065094
3420,0.40081238746643066
3421,0.40073177218437195
3422,0.4004873037338257
3423,0.4002886116504669
3424,0.4002489447593689
3425,0.4002782702445984
3426,0.40022793412208557
3427,0.4000694453716278
3428,0.39990290999412537
3429,0.3998146951198578
3430,0.3997887670993805
3431,0.3997470736503601
3432,0.3996470272541046
3433,0.3995167016983032
3434,0.3994084894657135
3435,0.39934176206588745
3436,0.39928969740867615
3437,0.39921876788139343
3438,0.39912164211273193
3439,0.3990173041820526
3440,0.39892885088920593
3441,0.3988586366176605
3442,0.3987925052642822
3443,0.398716002702713
3444,0.3986266851425171
3445,0.3985353112220764
3446,0.39845186471939087
3447,0.398377388715744
3448,0.3983055055141449
3449,0.39822837710380554
3450,0.3981444835662842
3451,0.39805883169174194
3452,0.3979766070842743
3453,0.39789947867393494
3454,0.3978244960308075
3455,0.3977472186088562
3456,0.39766639471054077
3457,0.3975837528705597
3458,0.3975023329257965
3459,0.3974236845970154
3460,0.3973463773727417
3461,0.3972686529159546
3462,0.39718925952911377
3463,0.39710864424705505
3464,0.39702844619750977
3465,0.3969489634037018
3466,0.39687031507492065
3467,0.39679160714149475
3468,0.3967125713825226
3469,0.396633505821228
3470,0.396554172039032
3471,0.39647501707077026
3472,0.3963954746723175
3473,0.39631593227386475
3474,0.39623674750328064
3475,0.3961579203605652
3476,0.3960794508457184
3477,0.39600035548210144
3478,0.39592060446739197
3479,0.39584097266197205
3480,0.3957614600658417
3481,0.395682692527771
3482,0.39560383558273315
3483,0.3955245912075043
3484,0.3954450786113739
3485,0.39536550641059875
3486,0.3952863812446594
3487,0.39520740509033203
3488,0.3951280117034912
3489,0.3950484097003937
3490,0.3949686288833618
3491,0.3948895037174225
3492,0.3948104679584503
3493,0.3947312831878662
3494,0.39465177059173584
3495,0.3945719003677368
3496,0.3944924473762512
3497,0.3944132626056671
3498,0.39433398842811584
3499,0.394254595041275
3500,0.39417463541030884
3501,0.39409512281417847
3502,0.39401569962501526
3503,0.3939363956451416
3504,0.39385706186294556
3505,0.3937772214412689
3506,0.39369744062423706
3507,0.3936178982257843
3508,0.39353838562965393
3509,0.3934589624404907
3510,0.3933790922164917
3511,0.393299400806427
3512,0.39321964979171753
3513,0.39314010739326477
3514,0.39306050539016724
3515,0.3929806053638458
3516,0.3929009437561035
3517,0.39282116293907166
3518,0.3927414119243622
3519,0.39266178011894226
3520,0.3925817906856537
3521,0.3925020098686218
3522,0.39242222905158997
3523,0.3923424780368805
3524,0.39226269721984863
3525,0.3921826481819153
3526,0.39210274815559387
3527,0.3920229375362396
3528,0.3919431269168854
3529,0.39186325669288635
3530,0.39178308844566345
3531,0.39170315861701965
3532,0.3916233479976654
3533,0.3915434181690216
3534,0.3914634883403778
3535,0.3913832902908325
3536,0.3913034200668335
3537,0.3912235498428345
3538,0.3911437690258026
3539,0.3910640478134155
3540,0.3909841477870941
3541,0.3909047544002533
3542,0.39082571864128113
3543,0.39074718952178955
3544,0.39066967368125916
3545,0.39059337973594666
3546,0.3905197083950043
3547,0.3904505968093872
3548,0.3903891444206238
3549,0.3903411626815796
3550,0.3903130888938904
3551,0.3903210759162903
3552,0.39039838314056396
3553,0.3906009793281555
3554,0.391033411026001
3555,0.3918345272541046
3556,0.39332231879234314
3557,0.3961787819862366
3558,0.40162619948387146
3559,0.41200652718544006
3560,0.4306163787841797
3561,0.4646699130535126
3562,0.5288063883781433
3563,0.6457460522651672
3564,0.8453065156936646
3565,1.1219402551651
3566,1.3973355293273926
3567,1.4721972942352295
3568,1.1299469470977783
3569,0.5948203802108765
3570,0.4263804852962494
3571,0.6864046454429626
3572,0.9274040460586548
3573,0.8369630575180054
3574,0.5470753908157349
3575,0.4023483395576477
3576,0.5011127591133118
3577,0.6101589798927307
3578,0.5291163921356201
3579,0.4129563570022583
3580,0.4493716359138489
3581,0.5041621327400208
3582,0.45648905634880066
3583,0.40548786520957947
3584,0.43524158000946045
3585,0.4580520689487457
3586,0.4227416515350342
3587,0.40347370505332947
3588,0.42380043864250183
3589,0.4284578859806061
3590,0.40400540828704834
3591,0.4077913165092468
3592,0.425552099943161
3593,0.4130703806877136
3594,0.39705222845077515
3595,0.4088338017463684
3596,0.4236277937889099
3597,0.4091675281524658
3598,0.3949573338031769
3599,0.4046593904495239
3600,0.41378217935562134
3601,0.40374094247817993
3602,0.3942193388938904
3603,0.40137940645217896
3604,0.40549424290657043
3605,0.39805856347084045
3606,0.3930037319660187
3607,0.39684194326400757
3608,0.399228036403656
3609,0.39406782388687134
3610,0.3910323679447174
3611,0.3934156596660614
3612,0.39448168873786926
3613,0.39136266708374023
3614,0.3893428444862366
3615,0.39110830426216125
3616,0.39187559485435486
3617,0.38985225558280945
3618,0.3882511854171753
3619,0.38912591338157654
3620,0.39012962579727173
3621,0.3892854154109955
3622,0.3880455493927002
3623,0.38800671696662903
3624,0.3886435031890869
3625,0.388624370098114
3626,0.3882593512535095
3627,0.38796740770339966
3628,0.3877600431442261
3629,0.3876460790634155
3630,0.38775327801704407
3631,0.38813361525535583
3632,0.3878836929798126
3633,0.38712236285209656
3634,0.3868190348148346
3635,0.3873419761657715
3636,0.3879486620426178
3637,0.38743695616722107
3638,0.38644877076148987
3639,0.386242151260376
3640,0.38693153858184814
3641,0.38745343685150146
3642,0.38683000206947327
3643,0.38589656352996826
3644,0.38577601313591003
3645,0.38639959692955017
3646,0.3867666721343994
3647,0.38619568943977356
3648,0.3854362666606903
3649,0.3853345215320587
3650,0.3857859671115875
3651,0.3860313594341278
3652,0.38559994101524353
3653,0.38502275943756104
3654,0.38489988446235657
3655,0.38517239689826965
3656,0.3853234052658081
3657,0.3850245773792267
3658,0.38460609316825867
3659,0.38447102904319763
3660,0.3846063017845154
3661,0.38468730449676514
3662,0.3844827711582184
3663,0.3841762840747833
3664,0.3840373456478119
3665,0.3840865194797516
3666,0.38412484526634216
3667,0.38397929072380066
3668,0.3837410509586334
3669,0.3835970461368561
3670,0.38359370827674866
3671,0.38361334800720215
3672,0.3835153877735138
3673,0.38332289457321167
3674,0.3831651210784912
3675,0.3831136226654053
3676,0.38311925530433655
3677,0.38306716084480286
3678,0.38292497396469116
3679,0.3827633559703827
3680,0.38266226649284363
3681,0.38263383507728577
3682,0.38260698318481445
3683,0.3825208842754364
3684,0.3823853135108948
3685,0.3822556734085083
3686,0.38218000531196594
3687,0.3821413516998291
3688,0.3820887804031372
3689,0.38199520111083984
3690,0.3818739652633667
3691,0.381769597530365
3692,0.38170063495635986
3693,0.38164666295051575
3694,0.38157862424850464
3695,0.3814812898635864
3696,0.3813764452934265
3697,0.3812890946865082
3698,0.3812200129032135
3699,0.3811546862125397
3700,0.3810731768608093
3701,0.3809787333011627
3702,0.3808880150318146
3703,0.3808078467845917
3704,0.3807358145713806
3705,0.3806594908237457
3706,0.3805752992630005
3707,0.3804895579814911
3708,0.38040634989738464
3709,0.38032713532447815
3710,0.3802487254142761
3711,0.3801689147949219
3712,0.38008853793144226
3713,0.3800082206726074
3714,0.37992849946022034
3715,0.3798486590385437
3716,0.37976929545402527
3717,0.3796900808811188
3718,0.37961092591285706
3719,0.3795316517353058
3720,0.3794514238834381
3721,0.37937238812446594
3722,0.3792944848537445
3723,0.37921658158302307
3724,0.37913793325424194
3725,0.37905699014663696
3726,0.37897631525993347
3727,0.37889739871025085
3728,0.37881967425346375
3729,0.37874218821525574
3730,0.37866225838661194
3731,0.37858155369758606
3732,0.3785017728805542
3733,0.3784230351448059
3734,0.3783451318740845
3735,0.3782660663127899
3736,0.3781866729259491
3737,0.378107488155365
3738,0.37802883982658386
3739,0.3779504597187042
3740,0.37787142395973206
3741,0.37779247760772705
3742,0.3777139186859131
3743,0.3776355981826782
3744,0.37755727767944336
3745,0.3774782121181488
3746,0.3773994445800781
3747,0.37732112407684326
3748,0.37724313139915466
3749,0.3771653175354004
3750,0.37708646059036255
3751,0.37700751423835754
3752,0.37692898511886597
3753,0.3768506944179535
3754,0.3767727017402649
3755,0.3766942322254181
3756,0.37661585211753845
3757,0.3765377700328827
3758,0.37645989656448364
3759,0.37638211250305176
3760,0.37630370259284973
3761,0.37622547149658203
3762,0.3761475384235382
3763,0.3760697543621063
3764,0.37599214911460876
3765,0.3759141266345978
3766,0.3758365213871002
3767,0.3757592737674713
3768,0.37568268179893494
3769,0.3756067156791687
3770,0.3755309283733368
3771,0.37545648217201233
3772,0.37538450956344604
3773,0.3753165304660797
3774,0.37525513768196106
3775,0.37520501017570496
3776,0.37517571449279785
3777,0.3751819431781769
3778,0.37525150179862976
3779,0.3754340410232544
3780,0.37581107020378113
3781,0.3765430152416229
3782,0.3779420256614685
3783,0.38057130575180054
3784,0.3854984641075134
3785,0.3945750892162323
3786,0.4113844633102417
3787,0.44228047132492065
3788,0.49819445610046387
3789,0.5934397578239441
3790,0.7398371696472168
3791,0.9173336029052734
3792,1.0483683347702026
3793,0.9819978475570679
3794,0.7118320465087891
3795,0.4766424298286438
3796,0.4954318702220917
3797,0.6400375962257385
3798,0.6463413238525391
3799,0.4980747699737549
3800,0.40929916501045227
3801,0.4886874854564667
3802,0.5714538097381592
3803,0.49430909752845764
3804,0.3878903090953827
3805,0.41894039511680603
3806,0.47677966952323914
3807,0.4349437654018402
3808,0.3906421661376953
3809,0.42512282729148865
3810,0.444591224193573
3811,0.398859441280365
3812,0.3778831660747528
3813,0.41096818447113037
3814,0.4173676669597626
3815,0.38621821999549866
3816,0.3851590156555176
3817,0.4038029611110687
3818,0.39302298426628113
3819,0.37697580456733704
3820,0.38884884119033813
3821,0.3990307152271271
3822,0.3845179080963135
3823,0.37502050399780273
3824,0.3845196068286896
3825,0.38751551508903503
3826,0.3781360685825348
3827,0.37712350487709045
3828,0.3837738633155823
3829,0.3811860680580139
3830,0.3740011751651764
3831,0.37542223930358887
3832,0.3801296353340149
3833,0.3780004382133484
3834,0.3740680515766144
3835,0.37539201974868774
3836,0.3770815134048462
3837,0.3746103346347809
3838,0.3726232945919037
3839,0.3743850290775299
3840,0.3755534291267395
3841,0.37375855445861816
3842,0.372528612613678
3843,0.3734063506126404
3844,0.37374043464660645
3845,0.37244951725006104
3846,0.37187159061431885
3847,0.3727058470249176
3848,0.3729305565357208
3849,0.37200263142585754
3850,0.3715577721595764
3851,0.37211623787879944
3852,0.372252881526947
3853,0.3715324103832245
3854,0.37109145522117615
3855,0.3713991045951843
3856,0.37160205841064453
3857,0.3711743950843811
3858,0.3708093762397766
3859,0.37097081542015076
3860,0.3711317777633667
3861,0.3708391487598419
3862,0.37044087052345276
3863,0.37040069699287415
3864,0.37051647901535034
3865,0.37039995193481445
3866,0.3701164424419403
3867,0.3699929714202881
3868,0.37004974484443665
3869,0.3700140118598938
3870,0.3698248565196991
3871,0.369672030210495
3872,0.3696545958518982
3873,0.36965376138687134
3874,0.36954939365386963
3875,0.36939680576324463
3876,0.3693012595176697
3877,0.36926016211509705
3878,0.3691895306110382
3879,0.36907073855400085
3880,0.36896735429763794
3881,0.36890697479248047
3882,0.3688546121120453
3883,0.3687770366668701
3884,0.36868613958358765
3885,0.3686048090457916
3886,0.36853376030921936
3887,0.3684609830379486
3888,0.3683781325817108
3889,0.3682953715324402
3890,0.36822569370269775
3891,0.36816734075546265
3892,0.36811137199401855
3893,0.3680601119995117
3894,0.3680231273174286
3895,0.3679896295070648
3896,0.36796167492866516
3897,0.36796510219573975
3898,0.3680194318294525
3899,0.3681577742099762
3900,0.36844417452812195
3901,0.3689815104007721
3902,0.36993569135665894
3903,0.37161174416542053
3904,0.3745499849319458
3905,0.3792555630207062
3906,0.3870897889137268
3907,0.40104708075523376
3908,0.4257388412952423
3909,0.4689328074455261
3910,0.5383471250534058
3911,0.6466251611709595
3912,0.8069601058959961
3913,1.0022776126861572
3914,1.1512424945831299
3915,1.0927205085754395
3916,0.7841907739639282
3917,0.4559716582298279
3918,0.3931306004524231
3919,0.5858638882637024
3920,0.7588762044906616
3921,0.7245913147926331
3922,0.5367661714553833
3923,0.3827753961086273
3924,0.40407854318618774
3925,0.4985383450984955
3926,0.4849162697792053
3927,0.3984469175338745
3928,0.37557679414749146
3929,0.4309302866458893
3930,0.4454476237297058
3931,0.3962394893169403
3932,0.3708266615867615
3933,0.3958268165588379
3934,0.41877931356430054
3935,0.3918007016181946
3936,0.37020787596702576
3937,0.39212819933891296
3938,0.40915775299072266
3939,0.39059609174728394
3940,0.368443101644516
3941,0.388535737991333
3942,0.4140530824661255
3943,0.4014480412006378
3944,0.37296393513679504
3945,0.3737516403198242
3946,0.4058877229690552
3947,0.4115126132965088
3948,0.38277897238731384
3949,0.36724352836608887
3950,0.3873513638973236
3951,0.4121783971786499
3952,0.4005255401134491
3953,0.37281280755996704
3954,0.36910519003868103
3955,0.3908059298992157
3956,0.4040399193763733
3957,0.3870355486869812
3958,0.36761733889579773
3959,0.3722115159034729
3960,0.3899177610874176
3961,0.39363083243370056
3962,0.3775792717933655
3963,0.36596059799194336
3964,0.37225252389907837
3965,0.38413873314857483
3966,0.3838743269443512
3967,0.3718373477458954
3968,0.3654515743255615
3969,0.371159166097641
3970,0.3784331679344177
3971,0.37660926580429077
3972,0.3684539794921875
3973,0.36505404114723206
3974,0.3691311776638031
3975,0.3734388053417206
3976,0.37179034948349
3977,0.36661526560783386
3978,0.3646429181098938
3979,0.36723846197128296
3980,0.36973994970321655
3981,0.36855167150497437
3982,0.3654203414916992
3983,0.364197701215744
3984,0.36565956473350525
3985,0.3671106994152069
3986,0.36644646525382996
3987,0.36463040113449097
3988,0.36378028988838196
3989,0.3644757568836212
3990,0.3652805685997009
3991,0.3649618327617645
3992,0.3639782667160034
3993,0.3633982539176941
3994,0.3636329174041748
3995,0.36402228474617004
3996,0.36389368772506714
3997,0.36340999603271484
3998,0.36303916573524475
3999,0.36303994059562683
4000,0.36316800117492676
4001,0.36310115456581116
4002,0.36288413405418396
4003,0.362677663564682
4004,0.3626005947589874
4005,0.3625873029232025
4006,0.36252033710479736
4007,0.3624148964881897
4008,0.36230728030204773
4009,0.3622289299964905
4010,0.36216533184051514
4011,0.362091064453125
4012,0.36201637983322144
4013,0.36194509267807007
4014,0.3618772029876709
4015,0.36180579662323
4016,0.3617386221885681
4017,0.36167722940444946
4018,0.36161309480667114
4019,0.3615418076515198
4020,0.3614603579044342
4021,0.3613971173763275
4022,0.3613518476486206
4023,0.36130091547966003
4024,0.3612300753593445
4025,0.3611307442188263
4026,0.36104896664619446
4027,0.3610038459300995
4028,0.3609691858291626
4029,0.36091679334640503
4030,0.36081764101982117
4031,0.36071380972862244
4032,0.36064696311950684
4033,0.36060670018196106
4034,0.36056798696517944
4035,0.3604891896247864
4036,0.36038869619369507
4037,0.3603071868419647
4038,0.36024782061576843
4039,0.3602003753185272
4040,0.36013415455818176
4041,0.36005136370658875
4042,0.3599754869937897
4043,0.3599095344543457
4044,0.3598507046699524
4045,0.35978421568870544
4046,0.35971179604530334
4047,0.3596445322036743
4048,0.3595815896987915
4049,0.35952049493789673
4050,0.3594518303871155
4051,0.35938185453414917
4052,0.3593185544013977
4053,0.35925915837287903
4054,0.35920020937919617
4055,0.3591300845146179
4056,0.3590569496154785
4057,0.358991414308548
4058,0.35893169045448303
4059,0.3588743209838867
4060,0.35880717635154724
4061,0.35873475670814514
4062,0.35866737365722656
4063,0.3586044907569885
4064,0.3585444986820221
4065,0.35847926139831543
4066,0.3584110140800476
4067,0.35834595561027527
4068,0.35828346014022827
4069,0.3582225441932678
4070,0.35815727710723877
4071,0.35809051990509033
4072,0.35802698135375977
4073,0.3579656779766083
4074,0.3579058051109314
4075,0.357840895652771
4076,0.3577736020088196
4077,0.35770925879478455
4078,0.35764697194099426
4079,0.35758647322654724
4080,0.357522577047348
4081,0.3574572801589966
4082,0.3573938012123108
4083,0.3573318123817444
4084,0.3572709262371063
4085,0.35720738768577576
4086,0.3571430444717407
4087,0.35708045959472656
4088,0.3570192754268646
4089,0.35695910453796387
4090,0.3568960130214691
4091,0.3568316400051117
4092,0.35676872730255127
4093,0.356706827878952
4094,0.3566456735134125
4095,0.35658323764801025
4096,0.35652071237564087
4097,0.35645952820777893
4098,0.35639938712120056
4099,0.35634031891822815
4100,0.356278657913208
4101,0.35621514916419983
4102,0.3561527132987976
4103,0.3560907542705536
4104,0.356029212474823
4105,0.35596907138824463
4106,0.35591262578964233
4107,0.35585954785346985
4108,0.35581162571907043
4109,0.35577186942100525
4110,0.355732798576355
4111,0.3556970953941345
4112,0.35568347573280334
4113,0.3557066023349762
4114,0.35579442977905273
4115,0.35600876808166504
4116,0.35645246505737305
4117,0.3572971820831299
4118,0.35887953639030457
4119,0.36182835698127747
4120,0.3668689429759979
4121,0.37580597400665283
4122,0.39265742897987366
4123,0.4242110848426819
4124,0.482521116733551
4125,0.5811390280723572
4126,0.7405619025230408
4127,0.9763926267623901
4128,1.2389190196990967
4129,1.3523623943328857
4130,1.094393014907837
4131,0.5975434184074402
4132,0.3762322962284088
4133,0.5974482297897339
4134,0.8806048631668091
4135,0.8354378938674927
4136,0.5331700444221497
4137,0.36420738697052
4138,0.4815625548362732
4139,0.6092868447303772
4140,0.48961228132247925
4141,0.3711526393890381
4142,0.4629495143890381
4143,0.5297121405601501
4144,0.4346565306186676
4145,0.3698928952217102
4146,0.45526477694511414
4147,0.49613234400749207
4148,0.40995675325393677
4149,0.37057673931121826
4150,0.43669945001602173
4151,0.4517996311187744
4152,0.3827076554298401
4153,0.3770773410797119
4154,0.42353013157844543
4155,0.4137805998325348
4156,0.37091419100761414
4157,0.37565353512763977
4158,0.4016585350036621
4159,0.3859902620315552
4160,0.3634493350982666
4161,0.3731497526168823
4162,0.38312557339668274
4163,0.36875054240226746
4164,0.36016613245010376
4165,0.3698745369911194
4166,0.37054112553596497
4167,0.360059916973114
4168,0.3585304617881775
4169,0.3659397065639496
4170,0.36391329765319824
4171,0.3565678894519806
4172,0.35856378078460693
4173,0.3634093105792999
4174,0.36067137122154236
4175,0.3558482527732849
4176,0.35888707637786865
4177,0.3624705970287323
4178,0.3592008948326111
4179,0.35552820563316345
4180,0.35792675614356995
4181,0.36138206720352173
4182,0.35864466428756714
4183,0.3551208972930908
4184,0.35657790303230286
4185,0.35940873622894287
4186,0.358218789100647
4187,0.3549426198005676
4188,0.35511672496795654
4189,0.35724982619285583
4190,0.35713738203048706
4191,0.35492536425590515
4192,0.35411179065704346
4193,0.355447918176651
4194,0.3559016287326813
4195,0.35469555854797363
4196,0.3536868989467621
4197,0.3540610373020172
4198,0.35469573736190796
4199,0.35426783561706543
4200,0.353501558303833
4201,0.35333749651908875
4202,0.3536515533924103
4203,0.35368239879608154
4204,0.35327351093292236
4205,0.35300177335739136
4206,0.3530122935771942
4207,0.35306620597839355
4208,0.35294926166534424
4209,0.3527522683143616
4210,0.3526618480682373
4211,0.3526274859905243
4212,0.3525753617286682
4213,0.3524855375289917
4214,0.35239726305007935
4215,0.352332204580307
4216,0.3522724211215973
4217,0.35221344232559204
4218,0.3521495759487152
4219,0.35208162665367126
4220,0.35201406478881836
4221,0.3519666790962219
4222,0.3519202470779419
4223,0.3518538177013397
4224,0.3517765998840332
4225,0.3517131209373474
4226,0.35168740153312683
4227,0.35164737701416016
4228,0.35156697034835815
4229,0.35147807002067566
4230,0.35142210125923157
4231,0.351413369178772
4232,0.3513757586479187
4233,0.3512823283672333
4234,0.3511834740638733
4235,0.351131796836853
4236,0.351133793592453
4237,0.3511005938053131
4238,0.35100090503692627
4239,0.3508925139904022
4240,0.3508371412754059
4241,0.3508438766002655
4242,0.35082125663757324
4243,0.3507256805896759
4244,0.3506086766719818
4245,0.3505399227142334
4246,0.3505426347255707
4247,0.3505341708660126
4248,0.3504549562931061
4249,0.3503364622592926
4250,0.35024794936180115
4251,0.35023486614227295
4252,0.35023683309555054
4253,0.3501821458339691
4254,0.3500741422176361
4255,0.34996864199638367
4256,0.3499302566051483
4257,0.34993067383766174
4258,0.34989991784095764
4259,0.349813848733902
4260,0.34970250725746155
4261,0.34963691234588623
4262,0.3496232330799103
4263,0.3496066629886627
4264,0.3495468199253082
4265,0.34944334626197815
4266,0.34935805201530457
4267,0.34932243824005127
4268,0.34930580854415894
4269,0.349266916513443
4270,0.34918177127838135
4271,0.3490910232067108
4272,0.3490354120731354
4273,0.34900641441345215
4274,0.34897518157958984
4275,0.3489091694355011
4276,0.34882667660713196
4277,0.3487621247768402
4278,0.34871891140937805
4279,0.3486829102039337
4280,0.3486279845237732
4281,0.3485581576824188
4282,0.34849563241004944
4283,0.3484446108341217
4284,0.34840071201324463
4285,0.34834814071655273
4286,0.34828752279281616
4287,0.3482305407524109
4288,0.34817883372306824
4289,0.3481304943561554
4290,0.34807726740837097
4291,0.3480209410190582
4292,0.3479677140712738
4293,0.3479173481464386
4294,0.3478679060935974
4295,0.3478139042854309
4296,0.3477591574192047
4297,0.3477081060409546
4298,0.34765931963920593
4299,0.34761035442352295
4300,0.34755581617355347
4301,0.3475005030632019
4302,0.34744957089424133
4303,0.34740161895751953
4304,0.34735405445098877
4305,0.34730052947998047
4306,0.34724465012550354
4307,0.3471924960613251
4308,0.3471434712409973
4309,0.3470958471298218
4310,0.34704411029815674
4311,0.3469899892807007
4312,0.3469381332397461
4313,0.34688839316368103
4314,0.3468398451805115
4315,0.34678879380226135
4316,0.34673649072647095
4317,0.3466857969760895
4318,0.34663647413253784
4319,0.34658774733543396
4320,0.34653693437576294
4321,0.3464854657649994
4322,0.34643545746803284
4323,0.3463866412639618
4324,0.3463384211063385
4325,0.34628796577453613
4326,0.34623679518699646
4327,0.34618693590164185
4328,0.34613823890686035
4329,0.3460902273654938
4330,0.3460404574871063
4331,0.3459901809692383
4332,0.3459411561489105
4333,0.34589317440986633
4334,0.34584635496139526
4335,0.34579867124557495
4336,0.34575125575065613
4337,0.3457064628601074
4338,0.34566518664360046
4339,0.3456295430660248
4340,0.3456030488014221
4341,0.34559449553489685
4342,0.34561851620674133
4343,0.34570083022117615
4344,0.345890074968338
4345,0.3462662398815155
4346,0.34699347615242004
4347,0.3483985662460327
4348,0.35108521580696106
4349,0.3562266230583191
4350,0.36594265699386597
4351,0.38438767194747925
4352,0.41892242431640625
4353,0.4823080897331238
4354,0.5898357033729553
4355,0.750157356262207
4356,0.9203718900680542
4357,0.987449586391449
4358,0.8089637756347656
4359,0.5038041472434998
4360,0.3840142488479614
4361,0.5183490514755249
4362,0.6416397094726562
4363,0.5576178431510925
4364,0.40462741255760193
4365,0.4043838679790497
4366,0.5032903552055359
4367,0.4856666326522827
4368,0.37147805094718933
4369,0.3715053200721741
4370,0.4482671916484833
4371,0.42503592371940613
4372,0.35785767436027527
4373,0.37354910373687744
4374,0.4122462570667267
4375,0.382350891828537
4376,0.35044023394584656
4377,0.3770788908004761
4378,0.38868337869644165
4379,0.35653936862945557
4380,0.3513748049736023
4381,0.3759494423866272
4382,0.3696828782558441
4383,0.3478672206401825
4384,0.35485607385635376
4385,0.3681189715862274
4386,0.3566375970840454
4387,0.3458457291126251
4388,0.3557834327220917
4389,0.35994580388069153
4390,0.3491491973400116
4391,0.34663528203964233
4392,0.35444387793540955
4393,0.35368838906288147
4394,0.3463382422924042
4395,0.34698060154914856
4396,0.3514510691165924
4397,0.3494434654712677
4398,0.3457789123058319
4399,0.34754911065101624
4400,0.34904658794403076
4401,0.3463750183582306
4402,0.34519216418266296
4403,0.34745004773139954
4404,0.34812089800834656
4405,0.34561383724212646
4406,0.34469982981681824
4407,0.34619200229644775
4408,0.3463899791240692
4409,0.34520798921585083
4410,0.34506091475486755
4411,0.34576988220214844
4412,0.345234751701355
4413,0.3441639542579651
4414,0.34447789192199707
4415,0.3452633023262024
4416,0.3448256850242615
4417,0.3438418507575989
4418,0.3438490629196167
4419,0.34441128373146057
4420,0.34424564242362976
4421,0.34359824657440186
4422,0.3435024321079254
4423,0.3438411056995392
4424,0.3437967598438263
4425,0.3433799743652344
4426,0.3432146906852722
4427,0.34339526295661926
4428,0.34344783425331116
4429,0.34325265884399414
4430,0.3430626392364502
4431,0.3430279493331909
4432,0.3430315852165222
4433,0.34295448660850525
4434,0.3429103195667267
4435,0.3428735136985779
4436,0.34277471899986267
4437,0.342661052942276
4438,0.3425816297531128
4439,0.34257638454437256
4440,0.3425402343273163
4441,0.34244710206985474
4442,0.34237784147262573
4443,0.34234920144081116
4444,0.3423372507095337
4445,0.342268168926239
4446,0.3421862721443176
4447,0.3421512246131897
4448,0.34213799238204956
4449,0.3421224057674408
4450,0.3420531153678894
4451,0.34197431802749634
4452,0.3419252038002014
4453,0.3418785333633423
4454,0.3418346047401428
4455,0.3417816162109375
4456,0.34173867106437683
4457,0.3417036533355713
4458,0.34166035056114197
4459,0.3416251242160797
4460,0.3415781557559967
4461,0.3415277302265167
4462,0.3414762318134308
4463,0.34141770005226135
4464,0.3413729667663574
4465,0.3413337171077728
4466,0.34129828214645386
4467,0.3412565588951111
4468,0.34120938181877136
4469,0.34117957949638367
4470,0.341144323348999
4471,0.34109705686569214
4472,0.34104129672050476
4473,0.3409769535064697
4474,0.3409229516983032
4475,0.3408927321434021
4476,0.3408907949924469
4477,0.3408969044685364
4478,0.3409219980239868
4479,0.3410027027130127
4480,0.34108415246009827
4481,0.34116750955581665
4482,0.3413497507572174
4483,0.34169960021972656
4484,0.34236228466033936
4485,0.343709796667099
4486,0.346274197101593
4487,0.350832462310791
4488,0.35899555683135986
4489,0.37368905544281006
4490,0.3976444602012634
4491,0.43768373131752014
4492,0.5077455639839172
4493,0.623815655708313
4494,0.7973717451095581
4495,0.9938404560089111
4496,1.1152818202972412
4497,1.028963327407837
4498,0.706364631652832
4499,0.40052178502082825
4500,0.37827643752098083
4501,0.5694971084594727
4502,0.7312053442001343
4503,0.6960676908493042
4504,0.5001093745231628
4505,0.35280367732048035
4506,0.3895873725414276
4507,0.4924014210700989
4508,0.4719467759132385
4509,0.3700225055217743
4510,0.3514876961708069
4511,0.41198381781578064
4512,0.4361746907234192
4513,0.3872489035129547
4514,0.34427961707115173
4515,0.361168771982193
4516,0.38525545597076416
4517,0.37027791142463684
4518,0.3451596200466156
4519,0.3509933650493622
4520,0.3654499053955078
4521,0.3577389419078827
4522,0.3442552983760834
4523,0.34529057145118713
4524,0.3546726703643799
4525,0.3519154489040375
4526,0.34292784333229065
4527,0.3443642854690552
4528,0.3508477210998535
4529,0.3500498831272125
4530,0.34270143508911133
4531,0.3433329463005066
4532,0.3503985106945038
4533,0.3513495922088623
4534,0.344980388879776
4535,0.3411996364593506
4536,0.347510427236557
4537,0.35258492827415466
4538,0.34806907176971436
4539,0.3414875566959381
4540,0.3427325487136841
4541,0.3506421744823456
4542,0.35220539569854736
4543,0.3454461395740509
4544,0.34040436148643494
4545,0.34372854232788086
4546,0.35051774978637695
4547,0.34974339604377747
4548,0.3430447280406952
4549,0.3400471806526184
4550,0.344181090593338
4551,0.3493294417858124
4552,0.34760382771492004
4553,0.34188348054885864
4554,0.3398103415966034
4555,0.3433140516281128
4556,0.34711986780166626
4557,0.34550055861473083
4558,0.3410448729991913
4559,0.3395419418811798
4560,0.34221726655960083
4561,0.3450896143913269
4562,0.3440518379211426
4563,0.34070783853530884
4564,0.33919966220855713
4565,0.3408316969871521
4566,0.34307268261909485
4567,0.34276559948921204
4568,0.3404555320739746
4569,0.3389640152454376
4570,0.3397010862827301
4571,0.3413892686367035
4572,0.3417038023471832
4573,0.340330570936203
4574,0.33891168236732483
4575,0.3388647437095642
4576,0.33995386958122253
4577,0.34062811732292175
4578,0.340080201625824
4579,0.3389747440814972
4580,0.338440477848053
4581,0.33890190720558167
4582,0.3396023213863373
4583,0.3396640419960022
4584,0.3390320837497711
4585,0.3383353054523468
4586,0.3382602334022522
4587,0.3387087881565094
4588,0.339053213596344
4589,0.3388962745666504
4590,0.3383482098579407
4591,0.33797916769981384
4592,0.3380759358406067
4593,0.3383854329586029
4594,0.3385172486305237
4595,0.33825233578681946
4596,0.33787083625793457
4597,0.33773013949394226
4598,0.3378452956676483
4599,0.3380132019519806
4600,0.33796146512031555
4601,0.3377266228199005
4602,0.3375433385372162
4603,0.33750322461128235
4604,0.3375667929649353
4605,0.3375726044178009
4606,0.3374714255332947
4607,0.33735936880111694
4608,0.3372877836227417
4609,0.337268203496933
4610,0.33724772930145264
4611,0.33719587326049805
4612,0.3371409773826599
4613,0.337093323469162
4614,0.33705684542655945
4615,0.33701831102371216
4616,0.33697736263275146
4617,0.33694207668304443
4618,0.33690816164016724
4619,0.33687224984169006
4620,0.33682572841644287
4621,0.3367873430252075
4622,0.33676376938819885
4623,0.33674150705337524
4624,0.3367099165916443
4625,0.3366517126560211
4626,0.3365965187549591
4627,0.33656731247901917
4628,0.3365517854690552
4629,0.33653369545936584
4630,0.3364824652671814
4631,0.3364180624485016
4632,0.33637291193008423
4633,0.3363449275493622
4634,0.3363244831562042
4635,0.33628547191619873
4636,0.3362326920032501
4637,0.33618852496147156
4638,0.33615344762802124
4639,0.33612367510795593
4640,0.33608564734458923
4641,0.3360423147678375
4642,0.33600518107414246
4643,0.3359728157520294
4644,0.33594226837158203
4645,0.33590272068977356
4646,0.33586081862449646
4647,0.3358260691165924
4648,0.3357963263988495
4649,0.33576828241348267
4650,0.3357287049293518
4651,0.33568379282951355
4652,0.3356456756591797
4653,0.33561328053474426
4654,0.33558419346809387
4655,0.3355478048324585
4656,0.33550626039505005
4657,0.33546870946884155
4658,0.33543452620506287
4659,0.33540278673171997
4660,0.33536669611930847
4661,0.335328608751297
4662,0.3352939188480377
4663,0.33526161313056946
4664,0.3352307379245758
4665,0.3351943790912628
4666,0.3351554870605469
4667,0.3351198732852936
4668,0.335086852312088
4669,0.3350555896759033
4670,0.33502036333084106
4671,0.33498290181159973
4672,0.3349478542804718
4673,0.3349146842956543
4674,0.33488285541534424
4675,0.33484795689582825
4676,0.33481162786483765
4677,0.33477750420570374
4678,0.334744930267334
4679,0.33471354842185974
4680,0.33467909693717957
4681,0.3346429765224457
4682,0.33460840582847595
4683,0.33457520604133606
4684,0.3345429003238678
4685,0.33450889587402344
4686,0.3344742953777313
4687,0.33444127440452576
4688,0.33440929651260376
4689,0.3343784511089325
4690,0.3343449831008911
4691,0.3343096673488617
4692,0.3342755138874054
4693,0.33424192667007446
4694,0.3342088758945465
4695,0.3341760039329529
4696,0.33414512872695923
4697,0.33411645889282227
4698,0.3340906798839569
4699,0.33406925201416016
4700,0.33404526114463806
4701,0.33401912450790405
4702,0.33400073647499084
4703,0.33399420976638794
4704,0.33400771021842957
4705,0.3340683579444885
4706,0.33421316742897034
4707,0.3344898521900177
4708,0.3350032567977905
4709,0.33594512939453125
4710,0.337486207485199
4711,0.34012338519096375
4712,0.3450322449207306
4713,0.3541363477706909
4714,0.3710132837295532
4715,0.4004630744457245
4716,0.4522607922554016
4717,0.5436506271362305
4718,0.6948328018188477
4719,0.9120279550552368
4720,1.1238276958465576
4721,1.1705788373947144
4722,0.9287531971931458
4723,0.5249485969543457
4724,0.3460426330566406
4725,0.5041602849960327
4726,0.7136703133583069
4727,0.7322102785110474
4728,0.5402159094810486
4729,0.35679447650909424
4730,0.37478506565093994
4731,0.4724728763103485
4732,0.45592713356018066
4733,0.3610009551048279
4734,0.35228413343429565
4735,0.407042533159256
4736,0.40341806411743164
4737,0.3566119968891144
4738,0.34207168221473694
4739,0.36946046352386475
4740,0.3694634735584259
4741,0.34293243288993835
4742,0.3451456129550934
4743,0.3629605770111084
4744,0.3586292564868927
4745,0.3385615050792694
4746,0.34631919860839844
4747,0.36644136905670166
4748,0.36056938767433167
4749,0.33993294835090637
4750,0.34101399779319763
4751,0.36550596356391907
4752,0.36626774072647095
4753,0.34330427646636963
4754,0.3362883925437927
4755,0.35520240664482117
4756,0.369633287191391
4757,0.3540329933166504
4758,0.3357624113559723
4759,0.3417285978794098
4760,0.3583734631538391
4761,0.3576137125492096
4762,0.34025245904922485
4763,0.33533552289009094
4764,0.3465532064437866
4765,0.3536378741264343
4766,0.3457006812095642
4767,0.3349798023700714
4768,0.3372069299221039
4769,0.34508758783340454
4770,0.3450634479522705
4771,0.337624192237854
4772,0.33395424485206604
4773,0.3381797671318054
4774,0.34160763025283813
4775,0.3390327990055084
4776,0.33455824851989746
4777,0.33413591980934143
4778,0.33709853887557983
4779,0.33791470527648926
4780,0.3355833888053894
4781,0.33352431654930115
4782,0.3340916633605957
4783,0.33567550778388977
4784,0.33555495738983154
4785,0.33407995104789734
4786,0.3331802189350128
4787,0.3336518108844757
4788,0.33439821004867554
4789,0.33417344093322754
4790,0.33336928486824036
4791,0.33295077085494995
4792,0.3332046866416931
4793,0.3335547149181366
4794,0.3334205150604248
4795,0.3330009877681732
4796,0.33274808526039124
4797,0.3328264355659485
4798,0.3329937756061554
4799,0.3329475522041321
4800,0.3327349126338959
4801,0.3325619697570801
4802,0.3325466215610504
4803,0.3326164782047272
4804,0.3326132297515869
4805,0.33251097798347473
4806,0.3323881924152374
4807,0.3323284387588501
4808,0.33233869075775146
4809,0.332344651222229
4810,0.3323001265525818
4811,0.33221831917762756
4812,0.33214718103408813
4813,0.33211982250213623
4814,0.33211550116539
4815,0.3320963680744171
4816,0.3320464491844177
4817,0.33198243379592896
4818,0.3319357931613922
4819,0.3319140672683716
4820,0.33189865946769714
4821,0.33186864852905273
4822,0.33181998133659363
4823,0.3317698836326599
4824,0.3317336142063141
4825,0.3317101001739502
4826,0.3316866457462311
4827,0.3316521644592285
4828,0.3316091299057007
4829,0.33156776428222656
4830,0.3315349221229553
4831,0.331508606672287
4832,0.3314809799194336
4833,0.3314470052719116
4834,0.3314087390899658
4835,0.33137133717536926
4836,0.3313392698764801
4837,0.3313109278678894
4838,0.33128196001052856
4839,0.33124950528144836
4840,0.3312140703201294
4841,0.3311791718006134
4842,0.33114737272262573
4843,0.33111798763275146
4844,0.33108851313591003
4845,0.3310565948486328
4846,0.33102309703826904
4847,0.3309900462627411
4848,0.33095866441726685
4849,0.33092862367630005
4850,0.330898255109787
4851,0.3308670222759247
4852,0.33083537220954895
4853,0.33080384135246277
4854,0.33077287673950195
4855,0.3307422399520874
4856,0.3307117223739624
4857,0.33068132400512695
4858,0.33065077662467957
4859,0.33062028884887695
4860,0.33058977127075195
4861,0.33055949211120605
4862,0.3305293619632721
4863,0.33049920201301575
4864,0.33046916127204895
4865,0.3304390609264374
4866,0.33040931820869446
4867,0.33037954568862915
4868,0.33034977316856384
4869,0.33032000064849854
4870,0.3302900791168213
4871,0.33026042580604553
4872,0.3302309811115265
4873,0.330201655626297
4874,0.3301723003387451
4875,0.3301427662372589
4876,0.33011338114738464
4877,0.33008402585983276
4878,0.3300548493862152
4879,0.33002573251724243
4880,0.32999667525291443
4881,0.32996758818626404
4882,0.3299386203289032
4883,0.3299098014831543
4884,0.32988104224205017
4885,0.3298521637916565
4886,0.32982346415519714
4887,0.32979485392570496
4888,0.3297664225101471
4889,0.3297380208969116
4890,0.32970982789993286
4891,0.3296821117401123
4892,0.3296549320220947
4893,0.329628586769104
4894,0.3296035826206207
4895,0.3295804560184479
4896,0.3295608162879944
4897,0.32954758405685425
4898,0.329545259475708
4899,0.32956257462501526
4900,0.3296146094799042
4901,0.32973000407218933
4902,0.3299603760242462
4903,0.3304024040699005
4904,0.3312358856201172
4905,0.3327847123146057
4906,0.3356708884239197
4907,0.34111228585243225
4908,0.3513191044330597
4909,0.370465487241745
4910,0.4052141606807709
4911,0.4667360782623291
4912,0.5662554502487183
4913,0.7055881023406982
4914,0.83204185962677
4915,0.8392120599746704
4916,0.6418138742446899
4917,0.3976763188838959
4918,0.3501841723918915
4919,0.49494272470474243
4920,0.5950202941894531
4921,0.5061973333358765
4922,0.3617575466632843
4923,0.3574066758155823
4924,0.4501994848251343
4925,0.4447914958000183
4926,0.3527185916900635
4927,0.3477119207382202
4928,0.41276586055755615
4929,0.4052955210208893
4930,0.3429470360279083
4931,0.3430846929550171
4932,0.38558730483055115
4933,0.37473735213279724
4934,0.33600175380706787
4935,0.3461371958255768
4936,0.37129294872283936
4937,0.3527580797672272
4938,0.3313243091106415
4939,0.3467682898044586
4940,0.3597505986690521
4941,0.34246546030044556
4942,0.3303040862083435
4943,0.3431108593940735
4944,0.34874314069747925
4945,0.3357815444469452
4946,0.3312101662158966
4947,0.3402281105518341
4948,0.3409327268600464
4949,0.33225059509277344
4950,0.3314722776412964
4951,0.3370145857334137
4952,0.335810124874115
4953,0.3304081857204437
4954,0.33122092485427856
4955,0.3345567584037781
4956,0.332637757062912
4957,0.3296073377132416
4958,0.3308655321598053
4959,0.3327363133430481
4960,0.3310081958770752
4961,0.3292769491672516
4962,0.3305392861366272
4963,0.33150994777679443
4964,0.3301171064376831
4965,0.3291041851043701
4966,0.3301844596862793
4967,0.33077889680862427
4968,0.3296644687652588
4969,0.32897627353668213
4970,0.32970643043518066
4971,0.3301681578159332
4972,0.329365611076355
4973,0.32879838347435
4974,0.3292929530143738
4975,0.3296673893928528
4976,0.329145222902298
4977,0.3285890817642212
4978,0.32881346344947815
4979,0.3291822373867035
4980,0.32895800471305847
4981,0.32849621772766113
4982,0.3284590244293213
4983,0.32870346307754517
4984,0.3286760449409485
4985,0.328396737575531
4986,0.3282570242881775
4987,0.32835307717323303
4988,0.32839974761009216
4989,0.3282599151134491
4990,0.3281213641166687
4991,0.3281136453151703
4992,0.3281524181365967
4993,0.3281093239784241
4994,0.32801684737205505
4995,0.32796555757522583
4996,0.32795411348342896
4997,0.3279353380203247
4998,0.3278883397579193
4999,0.3278493881225586
5000,0.3278217315673828
5001,0.32778680324554443
5002,0.3277474045753479
5003,0.32771074771881104
5004,0.32768791913986206
5005,0.32766085863113403
5006,0.3276231288909912
5007,0.32758939266204834
5008,0.3275628089904785
5009,0.3275410532951355
5010,0.3275088667869568
5011,0.3274737298488617
5012,0.32744666934013367
5013,0.327424019575119
5014,0.3274017870426178
5015,0.32736918330192566
5016,0.3273356556892395
5017,0.3273082673549652
5018,0.32728129625320435
5019,0.3272538185119629
5020,0.3272230625152588
5021,0.3271966576576233
5022,0.3271731734275818
5023,0.32714614272117615
5024,0.32711824774742126
5025,0.32708826661109924
5026,0.32706260681152344
5027,0.32703831791877747
5028,0.3270086944103241
5029,0.3269777297973633
5030,0.3269483745098114
5031,0.32692641019821167
5032,0.32690513134002686
5033,0.3268774747848511
5034,0.3268479108810425
5035,0.32681822776794434
5036,0.32679444551467896
5037,0.32677218317985535
5038,0.3267430067062378
5039,0.32670947909355164
5040,0.3266788721084595
5041,0.32666000723838806
5042,0.3266461193561554
5043,0.32662931084632874
5044,0.32661181688308716
5045,0.32658976316452026
5046,0.32657137513160706
5047,0.32656535506248474
5048,0.32656675577163696
5049,0.3265807330608368
5050,0.32664430141448975
5051,0.3268054723739624
5052,0.3271063566207886
5053,0.3276427090167999
5054,0.3285958170890808
5055,0.33009546995162964
5056,0.33259516954421997
5057,0.3371845483779907
5058,0.3455662727355957
5059,0.36083266139030457
5060,0.38718754053115845
5061,0.4328724443912506
5062,0.5124980211257935
5063,0.6423609256744385
5064,0.8293896913528442
5065,1.0142377614974976
5066,1.0746393203735352
5067,0.8930116295814514
5068,0.5468243360519409
5069,0.3382379412651062
5070,0.4244422912597656
5071,0.621971845626831
5072,0.704771101474762
5073,0.5874254107475281
5074,0.3915616273880005
5075,0.33799752593040466
5076,0.4258993864059448
5077,0.46760380268096924
5078,0.3914828300476074
5079,0.33041733503341675
5080,0.3632107377052307
5081,0.4023638069629669
5082,0.38253891468048096
5083,0.3376480042934418
5084,0.33465513586997986
5085,0.35814589262008667
5086,0.35277700424194336
5087,0.3322685956954956
5088,0.3312757611274719
5089,0.3458724617958069
5090,0.34401172399520874
5091,0.33073192834854126
5092,0.33045652508735657
5093,0.3394651412963867
5094,0.3404603600502014
5095,0.3305918574333191
5096,0.33137282729148865
5097,0.3411434292793274
5098,0.34167030453681946
5099,0.33264559507369995
5100,0.3286256790161133
5101,0.33914485573768616
5102,0.3458007872104645
5103,0.33762919902801514
5104,0.32819798588752747
5105,0.33230435848236084
5106,0.34479427337646484
5107,0.3441719710826874
5108,0.3322596848011017
5109,0.327159583568573
5110,0.3354176878929138
5111,0.3447830379009247
5112,0.3397376239299774
5113,0.3288915157318115
5114,0.3279391825199127
5115,0.33674103021621704
5116,0.3418225049972534
5117,0.33505159616470337
5118,0.32712703943252563
5119,0.3283495008945465
5120,0.3353901207447052
5121,0.33773180842399597
5122,0.3317147493362427
5123,0.3263978958129883
5124,0.32822751998901367
5125,0.3333028554916382
5126,0.33420059084892273
5127,0.32963117957115173
5128,0.32604390382766724
5129,0.32739153504371643
5130,0.3308264911174774
5131,0.3314022421836853
5132,0.32834771275520325
5133,0.32584109902381897
5134,0.3265879154205322
5135,0.32885485887527466
5136,0.329413503408432
5137,0.32757362723350525
5138,0.32574182748794556
5139,0.32586532831192017
5140,0.32723841071128845
5141,0.3278428912162781
5142,0.3269202709197998
5143,0.32566332817077637
5144,0.3254269063472748
5145,0.3261373043060303
5146,0.32667553424835205
5147,0.32635876536369324
5148,0.3255889117717743
5149,0.3251933753490448
5150,0.32542309165000916
5151,0.32579538226127625
5152,0.3258070647716522
5153,0.32544270157814026
5154,0.325088769197464
5155,0.32504183053970337
5156,0.32520759105682373
5157,0.32531973719596863
5158,0.3252251148223877
5159,0.3250100910663605
5160,0.32486677169799805
5161,0.32486581802368164
5162,0.3249354958534241
5163,0.32495740056037903
5164,0.324883371591568
5165,0.3247690796852112
5166,0.32469066977500916
5167,0.3246775269508362
5168,0.3246978223323822
5169,0.3246963322162628
5170,0.324649840593338
5171,0.3245794475078583
5172,0.32452258467674255
5173,0.3244984447956085
5174,0.3244948983192444
5175,0.3244842290878296
5176,0.32445138692855835
5177,0.32440346479415894
5178,0.32435840368270874
5179,0.32432821393013
5180,0.3243103325366974
5181,0.3242926597595215
5182,0.32426705956459045
5183,0.3242329955101013
5184,0.32419687509536743
5185,0.32416510581970215
5186,0.3241393268108368
5187,0.32411664724349976
5188,0.3240932524204254
5189,0.32406651973724365
5190,0.3240371644496918
5191,0.32400715351104736
5192,0.3239785432815552
5193,0.32395219802856445
5194,0.32392752170562744
5195,0.3239028751850128
5196,0.3238772749900818
5197,0.32385021448135376
5198,0.32382237911224365
5199,0.3237949311733246
5200,0.32376834750175476
5201,0.32374289631843567
5202,0.3237179219722748
5203,0.3236926794052124
5204,0.32366687059402466
5205,0.32364025712013245
5206,0.32361358404159546
5207,0.3235873281955719
5208,0.3235616683959961
5209,0.32353636622428894
5210,0.32351112365722656
5211,0.32348567247390747
5212,0.32346004247665405
5213,0.3234342634677887
5214,0.3234085738658905
5215,0.3233829140663147
5216,0.323357492685318
5217,0.3233322203159332
5218,0.3233070373535156
5219,0.323281854391098
5220,0.32325664162635803
5221,0.3232314884662628
5222,0.3232063949108124
5223,0.32318127155303955
5224,0.32315608859062195
5225,0.32313090562820435
5226,0.3231058716773987
5227,0.3230809271335602
5228,0.32305607199668884
5229,0.3230312168598175
5230,0.3230063021183014
5231,0.32298141717910767
5232,0.32295656204223633
5233,0.3229317367076874
5234,0.3229069411754608
5235,0.32288214564323425
5236,0.32285746932029724
5237,0.32283279299736023
5238,0.3228081166744232
5239,0.3227834403514862
5240,0.3227587938308716
5241,0.3227342665195465
5242,0.32270970940589905
5243,0.32268527150154114
5244,0.3226607143878937
5245,0.3226361572742462
5246,0.3226116895675659
5247,0.3225873112678528
5248,0.3225628435611725
5249,0.32253843545913696
5250,0.32251399755477905
5251,0.3224896490573883
5252,0.32246533036231995
5253,0.322441041469574
5254,0.3224168121814728
5255,0.32239237427711487
5256,0.32236820459365845
5257,0.32234397530555725
5258,0.32231974601745605
5259,0.32229554653167725
5260,0.32227128744125366
5261,0.32224714756011963
5262,0.3222230076789856
5263,0.3221988379955292
5264,0.32217472791671753
5265,0.3221505582332611
5266,0.32212647795677185
5267,0.322102427482605
5268,0.3220784664154053
5269,0.3220544755458832
5270,0.3220303952693939
5271,0.3220064043998718
5272,0.3219824731349945
5273,0.32195860147476196
5274,0.32193470001220703
5275,0.32191088795661926
5276,0.321887344121933
5277,0.32186391949653625
5278,0.3218407928943634
5279,0.321818083524704
5280,0.3217957019805908
5281,0.32177406549453735
5282,0.32175377011299133
5283,0.3217357397079468
5284,0.32172125577926636
5285,0.321711927652359
5286,0.3217112123966217
5287,0.3217258155345917
5288,0.32176661491394043
5289,0.3218516409397125
5290,0.3219996988773346
5291,0.3222576975822449
5292,0.3227253556251526
5293,0.32356277108192444
5294,0.32505694031715393
5295,0.32756146788597107
5296,0.33187440037727356
5297,0.33967477083206177
5298,0.35372504591941833
5299,0.37894442677497864
5300,0.4206230044364929
5301,0.48916852474212646
5302,0.5998332500457764
5303,0.7592891454696655
5304,0.9365431070327759
5305,1.019179344177246
5306,0.8795259594917297
5307,0.5705550909042358
5308,0.34346550703048706
5309,0.38673365116119385
5310,0.5750381946563721
5311,0.6674947738647461
5312,0.5769500732421875
5313,0.3964521884918213
5314,0.33280426263809204
5315,0.41252851486206055
5316,0.44665610790252686
5317,0.38075387477874756
5318,0.3272511661052704
5319,0.3579128384590149
5320,0.39329302310943604
5321,0.36604043841362
5322,0.32841864228248596
5323,0.3339068293571472
5324,0.3599824905395508
5325,0.3479504883289337
5326,0.32398897409439087
5327,0.33325913548469543
5328,0.35289496183395386
5329,0.34906265139579773
5330,0.3264702260494232
5331,0.3292086124420166
5332,0.3503044545650482
5333,0.35020712018013
5334,0.3305061459541321
5335,0.32517391443252563
5336,0.3484404981136322
5337,0.3596090078353882
5338,0.3414795696735382
5339,0.32338765263557434
5340,0.332337886095047
5341,0.35554131865501404
5342,0.3521091639995575
5343,0.3293379843235016
5344,0.32334914803504944
5345,0.3411789834499359
5346,0.35501253604888916
5347,0.34177738428115845
5348,0.32365882396698
5349,0.32611486315727234
5350,0.3418663740158081
5351,0.34563928842544556
5352,0.3310137093067169
5353,0.32170331478118896
5354,0.32899776101112366
5355,0.33918580412864685
5356,0.3368186056613922
5357,0.3254191279411316
5358,0.32184141874313354
5359,0.32855919003486633
5360,0.333679735660553
5361,0.32962530851364136
5362,0.32248231768608093
5363,0.3221075236797333
5364,0.3270226716995239
5365,0.3291834890842438
5366,0.32568156719207764
5367,0.32148757576942444
5368,0.3218635618686676
5369,0.3249545395374298
5370,0.32580000162124634
5371,0.3233546018600464
5372,0.32101860642433167
5373,0.3214779794216156
5374,0.3233238756656647
5375,0.32366660237312317
5376,0.32211238145828247
5377,0.32076019048690796
5378,0.3210582435131073
5379,0.32213911414146423
5380,0.3222886621952057
5381,0.321338415145874
5382,0.3205517828464508
5383,0.32070598006248474
5384,0.3213188946247101
5385,0.321389377117157
5386,0.3208252787590027
5387,0.3203715980052948
5388,0.32044556736946106
5389,0.32078173756599426
5390,0.32079869508743286
5391,0.32045978307724
5392,0.32020196318626404
5393,0.3202333152294159
5394,0.32040658593177795
5395,0.32039114832878113
5396,0.32018426060676575
5397,0.3200432360172272
5398,0.3200590908527374
5399,0.32014092803001404
5400,0.3201022148132324
5401,0.3199678957462311
5402,0.3198916018009186
5403,0.3199014663696289
5404,0.31993433833122253
5405,0.31988370418548584
5406,0.3197900056838989
5407,0.31974953413009644
5408,0.3197581171989441
5409,0.31976619362831116
5410,0.31970834732055664
5411,0.31963539123535156
5412,0.31961295008659363
5413,0.3196214437484741
5414,0.3196178674697876
5415,0.319555401802063
5416,0.3194907307624817
5417,0.319476455450058
5418,0.31948670744895935
5419,0.319480299949646
5420,0.31941571831703186
5421,0.31935060024261475
5422,0.3193359673023224
5423,0.3193472623825073
5424,0.319344162940979
5425,0.31928226351737976
5426,0.3192136287689209
5427,0.3191922605037689
5428,0.319200336933136
5429,0.31920164823532104
5430,0.31914809346199036
5431,0.31907957792282104
5432,0.3190494179725647
5433,0.31904923915863037
5434,0.31905072927474976
5435,0.31900754570961
5436,0.31894567608833313
5437,0.3189111649990082
5438,0.3189014792442322
5439,0.3188982903957367
5440,0.3188629150390625
5441,0.31881144642829895
5442,0.3187792897224426
5443,0.318765789270401
5444,0.3187597990036011
5445,0.31873252987861633
5446,0.3186969459056854
5447,0.3186812996864319
5448,0.3186875581741333
5449,0.31871384382247925
5450,0.31874921917915344
5451,0.31882426142692566
5452,0.31899330019950867
5453,0.31931525468826294
5454,0.3198922872543335
5455,0.320890337228775
5456,0.32266178727149963
5457,0.32586750388145447
5458,0.331624835729599
5459,0.34196412563323975
5460,0.36011359095573425
5461,0.3916124999523163
5462,0.44358304142951965
5463,0.5228718519210815
5464,0.6206521391868591
5465,0.6995295882225037
5466,0.6804903745651245
5467,0.5395933389663696
5468,0.3706093728542328
5469,0.3261856138706207
5470,0.41382452845573425
5471,0.5001630783081055
5472,0.47895556688308716
5473,0.37699615955352783
5474,0.32538190484046936
5475,0.3694297671318054
5476,0.40966707468032837
5477,0.37564048171043396
5478,0.3280445337295532
5479,0.3393968939781189
5480,0.3731606602668762
5481,0.3641790747642517
5482,0.3297077715396881
5483,0.32582786679267883
5484,0.3493632972240448
5485,0.34992897510528564
5486,0.32659316062927246
5487,0.32119983434677124
5488,0.33767372369766235
5489,0.34324371814727783
5490,0.3279955983161926
5491,0.3189659118652344
5492,0.3283098638057709
5493,0.3353772461414337
5494,0.32781916856765747
5495,0.3197621703147888
5496,0.3240918815135956
5497,0.3300875425338745
5498,0.3266715705394745
5499,0.32077836990356445
5500,0.32175278663635254
5501,0.32607582211494446
5502,0.3247612714767456
5503,0.320269376039505
5504,0.32036662101745605
5505,0.32368218898773193
5506,0.32374903559684753
5507,0.3201023042201996
5508,0.3187119960784912
5509,0.32120293378829956
5510,0.32261770963668823
5511,0.3204607367515564
5512,0.31813085079193115
5513,0.3189350664615631
5514,0.3209133446216583
5515,0.3206167221069336
5516,0.318576842546463
5517,0.31775882840156555
5518,0.3188481628894806
5519,0.3197283446788788
5520,0.31897789239883423
5521,0.31777244806289673
5522,0.3176869750022888
5523,0.3184116780757904
5524,0.31866687536239624
5525,0.31806930899620056
5526,0.31745076179504395
5527,0.3175121247768402
5528,0.31788507103919983
5529,0.3179366886615753
5530,0.31756678223609924
5531,0.31724244356155396
5532,0.3172892928123474
5533,0.3174780607223511
5534,0.3175017535686493
5535,0.3172837197780609
5536,0.31707143783569336
5537,0.31707170605659485
5538,0.3171767592430115
5539,0.31721729040145874
5540,0.3170861005783081
5541,0.3169201910495758
5542,0.31688225269317627
5543,0.31693893671035767
5544,0.3169926106929779
5545,0.3169165253639221
5546,0.3167818784713745
5547,0.3167210519313812
5548,0.3167390525341034
5549,0.3167857527732849
5550,0.3167451024055481
5551,0.31664615869522095
5552,0.3165818452835083
5553,0.3165695369243622
5554,0.3165941834449768
5555,0.31656819581985474
5556,0.3165040910243988
5557,0.3164544999599457
5558,0.3164292573928833
5559,0.3164329528808594
5560,0.31640568375587463
5561,0.3163609504699707
5562,0.31632721424102783
5563,0.31629934906959534
5564,0.31628692150115967
5565,0.3162509500980377
5566,0.3162132799625397
5567,0.31619253754615784
5568,0.31616824865341187
5569,0.31614458560943604
5570,0.3160974085330963
5571,0.31605902314186096
5572,0.31604838371276855
5573,0.31603601574897766
5574,0.31601303815841675
5575,0.31595730781555176
5576,0.31590884923934937
5577,0.3158968985080719
5578,0.3158942461013794
5579,0.31588178873062134
5580,0.31582802534103394
5581,0.3157694935798645
5582,0.31574583053588867
5583,0.3157411515712738
5584,0.31573590636253357
5585,0.315693199634552
5586,0.31563639640808105
5587,0.31560376286506653
5588,0.31559160351753235
5589,0.3155876100063324
5590,0.31555530428886414
5591,0.3155057430267334
5592,0.3154695928096771
5593,0.3154478073120117
5594,0.31543636322021484
5595,0.31540852785110474
5596,0.3153688609600067
5597,0.31533747911453247
5598,0.3153141736984253
5599,0.3152986168861389
5600,0.31527021527290344
5601,0.3152332007884979
5602,0.31520316004753113
5603,0.3151782155036926
5604,0.3151576817035675
5605,0.3151288330554962
5606,0.31509697437286377
5607,0.31507182121276855
5608,0.31505173444747925
5609,0.31503674387931824
5610,0.31500962376594543
5611,0.31497400999069214
5612,0.3149435222148895
5613,0.31491559743881226
5614,0.31488847732543945
5615,0.3148643970489502
5616,0.31485432386398315
5617,0.3148607909679413
5618,0.31489071249961853
5619,0.31495821475982666
5620,0.31502631306648254
5621,0.3151055574417114
5622,0.31528475880622864
5623,0.31563466787338257
5624,0.3162859380245209
5625,0.3175520896911621
5626,0.31994175910949707
5627,0.32429009675979614
5628,0.33222559094429016
5629,0.34673988819122314
5630,0.37090468406677246
5631,0.41193723678588867
5632,0.48363804817199707
5633,0.6014776229858398
5634,0.7711275219917297
5635,0.9461284875869751
5636,1.0104093551635742
5637,0.8563108444213867
5638,0.532446563243866
5639,0.3263614773750305
5640,0.39840662479400635
5641,0.5883817672729492
5642,0.6751495599746704
5643,0.5597229599952698
5644,0.372150719165802
5645,0.3340335786342621
5646,0.42745643854141235
5647,0.45565301179885864
5648,0.37192896008491516
5649,0.3204556405544281
5650,0.35907140374183655
5651,0.39235424995422363
5652,0.36499708890914917
5653,0.32350069284439087
5654,0.3307991623878479
5655,0.35227450728416443
5656,0.338455468416214
5657,0.31943559646606445
5658,0.3248153626918793
5659,0.3391110301017761
5660,0.33199164271354675
5661,0.31849855184555054
5662,0.32296639680862427
5663,0.3323248326778412
5664,0.32843562960624695
5665,0.3177911937236786
5666,0.3231605887413025
5667,0.3342230021953583
5668,0.3311506509780884
5669,0.31964486837387085
5670,0.3182007968425751
5671,0.33112484216690063
5672,0.33439868688583374
5673,0.3227613568305969
5674,0.31587815284729004
5675,0.32412189245224
5676,0.33488956093788147
5677,0.3296545445919037
5678,0.3177165985107422
5679,0.3168819844722748
5680,0.32653164863586426
5681,0.33100250363349915
5682,0.3225044012069702
5683,0.3152616322040558
5684,0.3188333809375763
5685,0.32608404755592346
5686,0.32592007517814636
5687,0.3183731436729431
5688,0.3149201571941376
5689,0.3189055025577545
5690,0.322990357875824
5691,0.32104650139808655
5692,0.31590890884399414
5693,0.3148401975631714
5694,0.31796881556510925
5695,0.3200158178806305
5696,0.3180888295173645
5697,0.314870148897171
5698,0.31457629799842834
5699,0.3166585862636566
5700,0.31767556071281433
5701,0.3162381947040558
5702,0.31429165601730347
5703,0.3141965866088867
5704,0.31547972559928894
5705,0.3160429298877716
5706,0.3151034712791443
5707,0.3139052987098694
5708,0.31383734941482544
5709,0.31461793184280396
5710,0.31495657563209534
5711,0.3143703043460846
5712,0.3136162757873535
5713,0.31351667642593384
5714,0.31396350264549255
5715,0.31418198347091675
5716,0.3138423562049866
5717,0.3133775591850281
5718,0.3132687509059906
5719,0.31350213289260864
5720,0.31364133954048157
5721,0.3134605884552002
5722,0.3131822943687439
5723,0.31307199597358704
5724,0.3131638169288635
5725,0.3132369816303253
5726,0.3131505250930786
5727,0.31299981474876404
5728,0.3129105567932129
5729,0.31292086839675903
5730,0.3129388391971588
5731,0.312892347574234
5732,0.3128182888031006
5733,0.3127615451812744
5734,0.31274062395095825
5735,0.31272247433662415
5736,0.3126838207244873
5737,0.31264251470565796
5738,0.31260934472084045
5739,0.31258493661880493
5740,0.3125542998313904
5741,0.31251752376556396
5742,0.31248578429222107
5743,0.31245967745780945
5744,0.31243449449539185
5745,0.3124016523361206
5746,0.3123700022697449
5747,0.31234514713287354
5748,0.312321275472641
5749,0.3122924864292145
5750,0.31225401163101196
5751,0.3122223913669586
5752,0.31220316886901855
5753,0.3121848702430725
5754,0.31215766072273254
5755,0.3121146559715271
5756,0.31207695603370667
5757,0.3120560050010681
5758,0.31204086542129517
5759,0.3120187819004059
5760,0.3119771480560303
5761,0.3119349777698517
5762,0.31190887093544006
5763,0.31189247965812683
5764,0.31187379360198975
5765,0.31183674931526184
5766,0.3117939829826355
5767,0.3117631673812866
5768,0.3117426037788391
5769,0.3117242157459259
5770,0.31169238686561584
5771,0.3116534352302551
5772,0.31162145733833313
5773,0.3115968704223633
5774,0.31157544255256653
5775,0.31154581904411316
5776,0.31151124835014343
5777,0.3114810287952423
5778,0.31145524978637695
5779,0.31143152713775635
5780,0.31140217185020447
5781,0.3113701343536377
5782,0.3113415837287903
5783,0.31131598353385925
5784,0.3112912178039551
5785,0.3112615644931793
5786,0.31123045086860657
5787,0.3112028241157532
5788,0.3111777901649475
5789,0.31115323305130005
5790,0.31112346053123474
5791,0.31109216809272766
5792,0.31106436252593994
5793,0.3110392093658447
5794,0.3110148012638092
5795,0.3109857141971588
5796,0.31095460057258606
5797,0.3109261691570282
5798,0.31090009212493896
5799,0.3108750879764557
5800,0.3108466565608978
5801,0.3108167350292206
5802,0.31078872084617615
5803,0.3107621967792511
5804,0.31073659658432007
5805,0.31070828437805176
5806,0.3106791377067566
5807,0.31065165996551514
5808,0.310625284910202
5809,0.31059953570365906
5810,0.31057146191596985
5811,0.3105423152446747
5812,0.31051480770111084
5813,0.31048837304115295
5814,0.3104625344276428
5815,0.3104345500469208
5816,0.31040579080581665
5817,0.31037816405296326
5818,0.31035152077674866
5819,0.310325562953949
5820,0.31029781699180603
5821,0.3102693557739258
5822,0.3102418780326843
5823,0.31021517515182495
5824,0.310188889503479
5825,0.3101612627506256
5826,0.31013327836990356
5827,0.31010621786117554
5828,0.310079962015152
5829,0.31005436182022095
5830,0.3100273609161377
5831,0.3100002706050873
5832,0.30997443199157715
5833,0.3099501430988312
5834,0.30992788076400757
5835,0.30990782380104065
5836,0.3098931312561035
5837,0.30988767743110657
5838,0.3098977506160736
5839,0.3099343776702881
5840,0.3100131154060364
5841,0.3101676106452942
5842,0.31046202778816223
5843,0.3110065460205078
5844,0.3120039701461792
5845,0.31381240487098694
5846,0.31711024045944214
5847,0.3231225609779358
5848,0.3341142535209656
5849,0.3538711965084076
5850,0.3885827958583832
5851,0.4459969699382782
5852,0.5340083241462708
5853,0.639767050743103
5854,0.718273937702179
5855,0.6762145757675171
5856,0.5046330094337463
5857,0.3381624221801758
5858,0.3330138921737671
5859,0.4494430720806122
5860,0.5142234563827515
5861,0.4421844780445099
5862,0.33086076378822327
5863,0.3292802572250366
5864,0.40265583992004395
5865,0.4028787612915039
5866,0.3331182301044464
5867,0.3158288300037384
5868,0.3631005883216858
5869,0.3774750828742981
5870,0.33299720287323
5871,0.3120613098144531
5872,0.3413715064525604
5873,0.3523857593536377
5874,0.32397082448005676
5875,0.3115179240703583
5876,0.3326493799686432
5877,0.3407142758369446
5878,0.3206106126308441
5879,0.31058114767074585
5880,0.324390709400177
5881,0.33056458830833435
5882,0.3171011507511139
5883,0.310397207736969
5884,0.3197290003299713
5885,0.32411885261535645
5886,0.3153187334537506
5887,0.30992668867111206
5888,0.31561678647994995
5889,0.31887102127075195
5890,0.31339210271835327
5891,0.30964869260787964
5892,0.31311970949172974
5893,0.31555062532424927
5894,0.3121698498725891
5895,0.30941343307495117
5896,0.3112522065639496
5897,0.3130011260509491
5898,0.3111690580844879
5899,0.3092716932296753
5900,0.3102293908596039
5901,0.3113757371902466
5902,0.310406357049942
5903,0.3091081976890564
5904,0.30950623750686646
5905,0.31031784415245056
5906,0.3098298907279968
5907,0.3089492917060852
5908,0.309042751789093
5909,0.30961257219314575
5910,0.3094363212585449
5911,0.3088137209415436
5912,0.3087429106235504
5913,0.3091115355491638
5914,0.3091375231742859
5915,0.308719277381897
5916,0.30853500962257385
5917,0.3087654709815979
5918,0.30888399481773376
5919,0.30864620208740234
5920,0.3083941340446472
5921,0.3084740936756134
5922,0.30863675475120544
5923,0.30854204297065735
5924,0.3083072602748871
5925,0.3082418739795685
5926,0.30837470293045044
5927,0.30841362476348877
5928,0.3082515597343445
5929,0.308096706867218
5930,0.3081163465976715
5931,0.30821356177330017
5932,0.3081776797771454
5933,0.3080262243747711
5934,0.3079387843608856
5935,0.3079776465892792
5936,0.30802905559539795
5937,0.30796563625335693
5938,0.3078414797782898
5939,0.307785302400589
5940,0.30781689286231995
5941,0.30784058570861816
5942,0.3077775239944458
5943,0.30768007040023804
5944,0.30763721466064453
5945,0.30765384435653687
5946,0.30766168236732483
5947,0.3076062798500061
5948,0.30752500891685486
5949,0.3074820935726166
5950,0.30748581886291504
5951,0.3074885308742523
5952,0.30744636058807373
5953,0.30738040804862976
5954,0.307338684797287
5955,0.307331383228302
5956,0.3073282241821289
5957,0.30729472637176514
5958,0.30723798274993896
5959,0.30719247460365295
5960,0.30717942118644714
5961,0.30718696117401123
5962,0.30718451738357544
5963,0.3071730136871338
5964,0.3071835935115814
5965,0.30722957849502563
5966,0.3073209226131439
5967,0.3074818253517151
5968,0.3077552318572998
5969,0.3082491159439087
5970,0.3091350793838501
5971,0.3107117712497711
5972,0.3135099411010742
5973,0.3184753954410553
5974,0.3273163139820099
5975,0.34195664525032043
5976,0.3666447401046753
5977,0.4099251627922058
5978,0.48247408866882324
5979,0.5961459875106812
5980,0.737785816192627
5981,0.8649434447288513
5982,0.8883872032165527
5983,0.7319084405899048
5984,0.46577295660972595
5985,0.31362807750701904
5986,0.372312992811203
5987,0.5335448980331421
5988,0.6223063468933105
5989,0.5412217378616333
5990,0.3770594000816345
5991,0.32092827558517456
5992,0.4075869917869568
5993,0.4631243944168091
5994,0.3978247344493866
5995,0.31936582922935486
5996,0.3301387131214142
5997,0.38821107149124146
5998,0.3914636969566345
5999,0.33555811643600464
6000,0.31258323788642883
6001,0.3462143838405609
6002,0.36511170864105225
6003,0.33757707476615906
6004,0.31023016571998596
6005,0.3197620213031769
6006,0.339755117893219
6007,0.33415430784225464
6008,0.31360065937042236
6009,0.31109440326690674
6010,0.3240130543708801
6011,0.3259458839893341
6012,0.31471437215805054
6013,0.30816158652305603
6014,0.31373709440231323
6015,0.31834301352500916
6016,0.3133768141269684
6017,0.3079383969306946
6018,0.30964526534080505
6019,0.3137916922569275
6020,0.31212642788887024
6021,0.3078293800354004
6022,0.30784714221954346
6023,0.31078264117240906
6024,0.31126415729522705
6025,0.30810776352882385
6026,0.3070380687713623
6027,0.30943411588668823
6028,0.3107683062553406
6029,0.3089503347873688
6030,0.306630939245224
6031,0.3077581226825714
6032,0.31015223264694214
6033,0.3098469376564026
6034,0.3074035346508026
6035,0.30632904171943665
6036,0.30845513939857483
6037,0.31025221943855286
6038,0.30906882882118225
6039,0.3066864013671875
6040,0.30621692538261414
6041,0.30838727951049805
6042,0.3097625970840454
6043,0.3084337115287781
6044,0.3063136041164398
6045,0.30603328347206116
6046,0.3079726994037628
6047,0.30922508239746094
6048,0.30815786123275757
6049,0.306234210729599
6050,0.3057143986225128
6051,0.30723628401756287
6052,0.3085222542285919
6053,0.3079074025154114
6054,0.30624711513519287
6055,0.30542659759521484
6056,0.3064361810684204
6057,0.30773189663887024
6058,0.3076288402080536
6059,0.30632561445236206
6060,0.3052695095539093
6061,0.30574628710746765
6062,0.3069252371788025
6063,0.30726131796836853
6064,0.306413471698761
6065,0.3052629828453064
6066,0.30520620942115784
6067,0.30610406398773193
6068,0.3067208528518677
6069,0.30636364221572876
6070,0.30533039569854736
6071,0.30488499999046326
6072,0.30540141463279724
6073,0.30608052015304565
6074,0.30613476037979126
6075,0.3053703308105469
6076,0.30473729968070984
6077,0.30488288402557373
6078,0.30542871356010437
6079,0.30571433901786804
6080,0.3052724301815033
6081,0.3046644926071167
6082,0.30455532670021057
6083,0.30486851930618286
6084,0.3051832318305969
6085,0.3049943447113037
6086,0.30454888939857483
6087,0.3043608069419861
6088,0.3044782280921936
6089,0.3046945333480835
6090,0.30462634563446045
6091,0.30435383319854736
6092,0.3042040467262268
6093,0.3042265474796295
6094,0.30433136224746704
6095,0.30428364872932434
6096,0.3041236400604248
6097,0.30404192209243774
6098,0.30404868721961975
6099,0.30409005284309387
6100,0.30402836203575134
6101,0.3039197027683258
6102,0.30388396978378296
6103,0.30390188097953796
6104,0.30392253398895264
6105,0.30384594202041626
6106,0.30375024676322937
6107,0.3037331998348236
6108,0.3037632703781128
6109,0.3037857413291931
6110,0.30370208621025085
6111,0.3035968244075775
6112,0.30357304215431213
6113,0.3036043345928192
6114,0.3036370575428009
6115,0.30356383323669434
6116,0.3034517765045166
6117,0.30340808629989624
6118,0.3034213185310364
6119,0.3034515976905823
6120,0.3033990263938904
6121,0.30330193042755127
6122,0.30325058102607727
6123,0.3032424747943878
6124,0.30325496196746826
6125,0.30321282148361206
6126,0.3031389117240906
6127,0.3030966520309448
6128,0.30308249592781067
6129,0.30308157205581665
6130,0.30303946137428284
6131,0.30297815799713135
6132,0.30294424295425415
6133,0.30293139815330505
6134,0.3029271960258484
6135,0.3028837740421295
6136,0.3028244078159332
6137,0.3027910590171814
6138,0.302777498960495
6139,0.3027727007865906
6140,0.3027319312095642
6141,0.3026736080646515
6142,0.3026365637779236
6143,0.30261707305908203
6144,0.3026069700717926
6145,0.30257001519203186
6146,0.302518755197525
6147,0.30248355865478516
6148,0.30246129631996155
6149,0.30244648456573486
6150,0.30241042375564575
6151,0.3023640513420105
6152,0.3023312985897064
6153,0.30230891704559326
6154,0.30229273438453674
6155,0.3022570312023163
6156,0.3022116720676422
6157,0.302178293466568
6158,0.30215391516685486
6159,0.3021353781223297
6160,0.3021012246608734
6161,0.30205875635147095
6162,0.3020256459712982
6163,0.30199959874153137
6164,0.3019782602787018
6165,0.30194464325904846
6166,0.30190497636795044
6167,0.30187320709228516
6168,0.3018472492694855
6169,0.3018254041671753
6170,0.301792174577713
6171,0.3017529249191284
6172,0.3017202913761139
6173,0.3016926944255829
6174,0.30166879296302795
6175,0.3016362190246582
6176,0.30159929394721985
6177,0.3015677034854889
6178,0.3015401065349579
6179,0.3015155792236328
6180,0.3014831244945526
6181,0.3014465868473053
6182,0.3014148473739624
6183,0.30138617753982544
6184,0.30136027932167053
6185,0.30132821202278137
6186,0.30129313468933105
6187,0.301261842250824
6188,0.30123335123062134
6189,0.30120712518692017
6190,0.3011752963066101
6191,0.3011404275894165
6192,0.30110859870910645
6193,0.30107882618904114
6194,0.30105072259902954
6195,0.3010188341140747
6196,0.3009859025478363
6197,0.3009561598300934
6198,0.3009287416934967
6199,0.30090439319610596
6200,0.3008744418621063
6201,0.300839900970459
6202,0.3008077144622803
6203,0.30077695846557617
6204,0.3007475435733795
6205,0.3007276654243469
6206,0.3007293939590454
6207,0.30075836181640625
6208,0.3008361756801605
6209,0.3010047376155853
6210,0.3012664318084717
6211,0.3017062544822693
6212,0.3025895655155182
6213,0.3043230175971985
6214,0.30769893527030945
6215,0.3141097128391266
6216,0.3263910114765167
6217,0.3502686321735382
6218,0.3959561586380005
6219,0.4810013771057129
6220,0.6180837154388428
6221,0.8131293058395386
6222,1.020873785018921
6223,1.0833399295806885
6224,0.833765983581543
6225,0.4428577423095703
6226,0.31785887479782104
6227,0.5321153998374939
6228,0.7496699094772339
6229,0.6785991191864014
6230,0.41104382276535034
6231,0.32993048429489136
6232,0.48664557933807373
6233,0.5085842609405518
6234,0.35442763566970825
6235,0.33113738894462585
6236,0.44281288981437683
6237,0.4434797763824463
6238,0.3342772424221039
6239,0.3264522850513458
6240,0.39586055278778076
6241,0.3672308921813965
6242,0.30694591999053955
6243,0.33677977323532104
6244,0.37487709522247314
6245,0.33589354157447815
6246,0.3034435212612152
6247,0.3344758152961731
6248,0.347953736782074
6249,0.314572811126709
6250,0.3074953854084015
6251,0.33481067419052124
6252,0.3325127363204956
6253,0.30716028809547424
6254,0.308819442987442
6255,0.3255120515823364
6256,0.31822705268859863
6257,0.303469717502594
6258,0.31018391251564026
6259,0.31839707493782043
6260,0.3093295395374298
6261,0.30221351981163025
6262,0.3089456856250763
6263,0.3121057450771332
6264,0.30461806058883667
6265,0.30201250314712524
6266,0.30729007720947266
6267,0.3075495660305023
6268,0.3023194968700409
6269,0.3018462061882019
6270,0.30515187978744507
6271,0.3043106496334076
6272,0.3012113571166992
6273,0.3016314208507538
6274,0.30355536937713623
6275,0.3023848831653595
6276,0.3005618751049042
6277,0.3013862371444702
6278,0.3024964928627014
6279,0.30146563053131104
6280,0.3002084493637085
6281,0.30099979043006897
6282,0.3018649220466614
6283,0.3009850084781647
6284,0.29998883605003357
6285,0.3004702627658844
6286,0.301264226436615
6287,0.3007465898990631
6288,0.2998514771461487
6289,0.29998430609703064
6290,0.300586462020874
6291,0.30043092370033264
6292,0.2997354567050934
6293,0.2996099889278412
6294,0.3000125586986542
6295,0.3000639081001282
6296,0.29961782693862915
6297,0.29935789108276367
6298,0.2995559573173523
6299,0.2996988296508789
6300,0.2994689345359802
6301,0.29920050501823425
6302,0.2992253601551056
6303,0.2993578314781189
6304,0.2992839217185974
6305,0.29907333850860596
6306,0.2989989221096039
6307,0.2990705370903015
6308,0.29907405376434326
6309,0.29894256591796875
6310,0.29882898926734924
6311,0.2988317012786865
6312,0.29885759949684143
6313,0.29879695177078247
6314,0.2986903190612793
6315,0.29863932728767395
6316,0.29864612221717834
6317,0.2986283600330353
6318,0.29855653643608093
6319,0.2984853982925415
6320,0.2984578311443329
6321,0.2984466850757599
6322,0.2984083890914917
6323,0.2983468472957611
6324,0.29829803109169006
6325,0.2982727587223053
6326,0.2982468008995056
6327,0.2982040047645569
6328,0.2981545031070709
6329,0.2981155812740326
6330,0.29808586835861206
6331,0.298052579164505
6332,0.29801151156425476
6333,0.2979697287082672
6334,0.2979341149330139
6335,0.2979014217853546
6336,0.2978655695915222
6337,0.29782697558403015
6338,0.2977892756462097
6339,0.29775431752204895
6340,0.29771971702575684
6341,0.29768356680870056
6342,0.29764676094055176
6343,0.29761090874671936
6344,0.29757627844810486
6345,0.2975408136844635
6346,0.2975049614906311
6347,0.29746943712234497
6348,0.2974344789981842
6349,0.29739969968795776
6350,0.29736411571502686
6351,0.2973286807537079
6352,0.29729384183883667
6353,0.2972593307495117
6354,0.2972244918346405
6355,0.2971889078617096
6356,0.2971539795398712
6357,0.2971196472644806
6358,0.2970852255821228
6359,0.2970503270626068
6360,0.29701486229896545
6361,0.29698020219802856
6362,0.2969462275505066
6363,0.2969121038913727
6364,0.29687726497650146
6365,0.2968418002128601
6366,0.2968072295188904
6367,0.29677343368530273
6368,0.2967395782470703
6369,0.2967049479484558
6370,0.2966694235801697
6371,0.29663482308387756
6372,0.2966011166572571
6373,0.29656749963760376
6374,0.29653316736221313
6375,0.2964978516101837
6376,0.2964630126953125
6377,0.29642921686172485
6378,0.29639574885368347
6379,0.2963618040084839
6380,0.2963266968727112
6381,0.2962917983531952
6382,0.29625773429870605
6383,0.2962242364883423
6384,0.2961905002593994
6385,0.29615581035614014
6386,0.29612094163894653
6387,0.29608672857284546
6388,0.29605308175086975
6389,0.2960195243358612
6390,0.29598507285118103
6391,0.2959504723548889
6392,0.2959163188934326
6393,0.29588258266448975
6394,0.2958490550518036
6395,0.29581505060195923
6396,0.29578128457069397
6397,0.2957480847835541
6398,0.2957158088684082
6399,0.2956847846508026
6400,0.29565519094467163
6401,0.29562908411026
6402,0.29560935497283936
6403,0.295600950717926
6404,0.2956129312515259
6405,0.29566144943237305
6406,0.2957782745361328
6407,0.29602375626564026
6408,0.29651203751564026
6409,0.2974606156349182
6410,0.2992765009403229
6411,0.3027513027191162
6412,0.3094627559185028
6413,0.32229921221733093
6414,0.3467492163181305
6415,0.3910847306251526
6416,0.4677944481372833
6417,0.581719696521759
6418,0.7115268707275391
6419,0.759920060634613
6420,0.6359975934028625
6421,0.40414130687713623
6422,0.3067229986190796
6423,0.4086175858974457
6424,0.5201684832572937
6425,0.48065048456192017
6426,0.35573065280914307
6427,0.33043402433395386
6428,0.3924412429332733
6429,0.3903299570083618
6430,0.3326190710067749
6431,0.33132684230804443
6432,0.3660793602466583
6433,0.34924522042274475
6434,0.3108091354370117
6435,0.32281944155693054
6436,0.3458015024662018
6437,0.32233577966690063
6438,0.2991415560245514
6439,0.3191971778869629
6440,0.33307158946990967
6441,0.3107903003692627
6442,0.2964213192462921
6443,0.31211113929748535
6444,0.3202236294746399
6445,0.30383890867233276
6446,0.2972579002380371
6447,0.3089906871318817
6448,0.3117438852787018
6449,0.3020336329936981
6450,0.29870790243148804
6451,0.3045077919960022
6452,0.3049640357494354
6453,0.30050551891326904
6454,0.30086931586265564
6455,0.30208927392959595
6456,0.29983997344970703
6457,0.29900452494621277
6458,0.3020607829093933
6459,0.3022707402706146
6460,0.2972378432750702
6461,0.2961159944534302
6462,0.30077528953552246
6463,0.30272242426872253
6464,0.2987253665924072
6465,0.29495811462402344
6466,0.2969454526901245
6467,0.3004300594329834
6468,0.3002716302871704
6469,0.29769569635391235
6470,0.2956455647945404
6471,0.2962685227394104
6472,0.29832470417022705
6473,0.2995491325855255
6474,0.2986747920513153
6475,0.2957618236541748
6476,0.294636607170105
6477,0.2967376112937927
6478,0.2991335988044739
6479,0.29882827401161194
6480,0.2956635355949402
6481,0.2939852476119995
6482,0.29559123516082764
6483,0.29786279797554016
6484,0.2982049286365509
6485,0.2959074079990387
6486,0.29404905438423157
6487,0.294552743434906
6488,0.2961747944355011
6489,0.29716596007347107
6490,0.2959967255592346
6491,0.2942012846469879
6492,0.29378780722618103
6493,0.2946857213973999
6494,0.2958317995071411
6495,0.2954418361186981
6496,0.2940663993358612
6497,0.2933998703956604
6498,0.29378068447113037
6499,0.29463261365890503
6500,0.29454004764556885
6501,0.2936592698097229
6502,0.2931681275367737
6503,0.2933312654495239
6504,0.2938220798969269
6505,0.29374292492866516
6506,0.2932113707065582
6507,0.29296571016311646
6508,0.29309552907943726
6509,0.2933694124221802
6510,0.2932347059249878
6511,0.29288411140441895
6512,0.29280006885528564
6513,0.2929561734199524
6514,0.29315096139907837
6515,0.2929697632789612
6516,0.2926662266254425
6517,0.2926376461982727
6518,0.29281583428382874
6519,0.29300937056541443
6520,0.29282164573669434
6521,0.2924976646900177
6522,0.29243266582489014
6523,0.2925797998905182
6524,0.29277995228767395
6525,0.2926466464996338
6526,0.2923431694507599
6527,0.29222995042800903
6528,0.2922981381416321
6529,0.29244929552078247
6530,0.29237183928489685
6531,0.2921491265296936
6532,0.29204821586608887
6533,0.29206863045692444
6534,0.292156845331192
6535,0.29209214448928833
6536,0.29193708300590515
6537,0.2918741703033447
6538,0.291892409324646
6539,0.2919549345970154
6540,0.29188475012779236
6541,0.29174935817718506
6542,0.2916986644268036
6543,0.29171550273895264
6544,0.291770875453949
6545,0.29170531034469604
6546,0.2915751039981842
6547,0.2915160655975342
6548,0.29151272773742676
6549,0.29154646396636963
6550,0.29149138927459717
6551,0.2913864850997925
6552,0.2913362979888916
6553,0.29132336378097534
6554,0.29133522510528564
6555,0.2912789583206177
6556,0.29119253158569336
6557,0.29115623235702515
6558,0.2911488711833954
6559,0.29115724563598633
6560,0.29109835624694824
6561,0.2910103499889374
6562,0.29097041487693787
6563,0.2909582555294037
6564,0.29095974564552307
6565,0.29090484976768494
6566,0.2908243238925934
6567,0.29078492522239685
6568,0.29077062010765076
6569,0.29076796770095825
6570,0.2907162606716156
6571,0.2906411290168762
6572,0.2906010150909424
6573,0.2905849516391754
6574,0.2905822992324829
6575,0.29053613543510437
6576,0.29046395421028137
6577,0.2904185354709625
6578,0.29039305448532104
6579,0.2903808355331421
6580,0.29033908247947693
6581,0.2902793288230896
6582,0.2902398109436035
6583,0.2902162969112396
6584,0.2902062237262726
6585,0.2901670038700104
6586,0.2901053726673126
6587,0.2900591194629669
6588,0.2900225818157196
6589,0.2899927496910095
6590,0.28995323181152344
6591,0.28991517424583435
6592,0.2898961007595062
6593,0.2898961007595062
6594,0.289921373128891
6595,0.2899153530597687
6596,0.2898741662502289
6597,0.28986218571662903
6598,0.2898862957954407
6599,0.2899666130542755
6600,0.2902478575706482
6601,0.290907084941864
6602,0.29211390018463135
6603,0.2943243980407715
6604,0.29838594794273376
6605,0.3048882484436035
6606,0.315849244594574
6607,0.3363584578037262
6608,0.373788058757782
6609,0.44021135568618774
6610,0.544860303401947
6611,0.6918843984603882
6612,0.8482080698013306
6613,0.9138805270195007
6614,0.7623844146728516
6615,0.46437644958496094
6616,0.29479357600212097
6617,0.39475852251052856
6618,0.59284508228302
6619,0.6393047571182251
6620,0.4687250256538391
6621,0.3088105320930481
6622,0.3691291809082031
6623,0.47861844301223755
6624,0.42434751987457275
6625,0.3111434280872345
6626,0.3275769054889679
6627,0.411892831325531
6628,0.39931461215019226
6629,0.31605708599090576
6630,0.31323933601379395
6631,0.374266654253006
6632,0.3653528690338135
6633,0.30847203731536865
6634,0.3049526810646057
6635,0.3436269760131836
6636,0.3431631326675415
6637,0.30568739771842957
6638,0.30119794607162476
6639,0.3255365192890167
6640,0.3232475519180298
6641,0.3003700375556946
6642,0.29837706685066223
6643,0.31289902329444885
6644,0.3114767372608185
6645,0.2969037592411041
6646,0.2964133322238922
6647,0.30576229095458984
6648,0.30353403091430664
6649,0.29424455761909485
6650,0.29438796639442444
6651,0.3004245162010193
6652,0.2988073527812958
6653,0.2925335168838501
6654,0.29272976517677307
6655,0.2966087758541107
6656,0.29529261589050293
6657,0.29121315479278564
6658,0.291337788105011
6659,0.2939886748790741
6660,0.2931552529335022
6661,0.2902340292930603
6662,0.29030272364616394
6663,0.2922542691230774
6664,0.2919410169124603
6665,0.28973227739334106
6666,0.2894408106803894
6667,0.2910160422325134
6668,0.2912047505378723
6669,0.2896016240119934
6670,0.2888319194316864
6671,0.28993913531303406
6672,0.2906312048435211
6673,0.2896377146244049
6674,0.288573682308197
6675,0.28892284631729126
6676,0.28981056809425354
6677,0.2895849049091339
6678,0.28860732913017273
6679,0.28832709789276123
6680,0.28890344500541687
6681,0.28921112418174744
6682,0.28869256377220154
6683,0.28812867403030396
6684,0.2882155179977417
6685,0.28857946395874023
6686,0.2885328233242035
6687,0.2881089746952057
6688,0.28788113594055176
6689,0.2880268394947052
6690,0.2881646752357483
6691,0.2880104184150696
6692,0.28775185346603394
6693,0.28768080472946167
6694,0.28777220845222473
6695,0.2877788841724396
6696,0.2876300811767578
6697,0.28748977184295654
6698,0.2874728739261627
6699,0.28750696778297424
6700,0.2874564528465271
6701,0.2873380482196808
6702,0.2872639298439026
6703,0.287259966135025
6704,0.2872554659843445
6705,0.28718551993370056
6706,0.2870945930480957
6707,0.2870512008666992
6708,0.2870436906814575
6709,0.2870180606842041
6710,0.28694644570350647
6711,0.2868753671646118
6712,0.28684309124946594
6713,0.2868279218673706
6714,0.286793053150177
6715,0.28672632575035095
6716,0.2866670489311218
6717,0.2866375744342804
6718,0.28661635518074036
6719,0.2865772247314453
6720,0.28651508688926697
6721,0.2864626944065094
6722,0.2864341735839844
6723,0.28640931844711304
6724,0.28636816143989563
6725,0.2863083481788635
6726,0.28625917434692383
6727,0.2862309515476227
6728,0.2862049341201782
6729,0.2861640751361847
6730,0.2861059010028839
6731,0.28605642914772034
6732,0.28602665662765503
6733,0.28600072860717773
6734,0.28596243262290955
6735,0.2859065532684326
6736,0.28585562109947205
6737,0.28582245111465454
6738,0.2857957184314728
6739,0.2857605218887329
6740,0.2857080399990082
6741,0.2856564223766327
6742,0.28561970591545105
6743,0.2855910062789917
6744,0.2855578064918518
6745,0.2855091691017151
6746,0.2854580581188202
6747,0.2854183316230774
6748,0.2853868305683136
6749,0.2853541970252991
6750,0.28530943393707275
6751,0.28526026010513306
6752,0.2852187156677246
6753,0.2851840555667877
6754,0.28515055775642395
6755,0.2851085066795349
6756,0.28506213426589966
6757,0.2850204110145569
6758,0.2849836051464081
6759,0.2849483788013458
6760,0.2849074602127075
6761,0.28486356139183044
6762,0.28482264280319214
6763,0.28478488326072693
6764,0.2847481966018677
6765,0.28470760583877563
6766,0.2846652865409851
6767,0.2846252918243408
6768,0.2845873236656189
6769,0.28454989194869995
6770,0.28450921177864075
6771,0.28446754813194275
6772,0.28442803025245667
6773,0.2843901515007019
6774,0.2843526005744934
6775,0.2843119502067566
6776,0.2842702865600586
6777,0.2842307686805725
6778,0.28419268131256104
6779,0.2841549813747406
6780,0.2841145694255829
6781,0.2840731143951416
6782,0.2840333580970764
6783,0.2839948236942291
6784,0.2839568555355072
6785,0.28391674160957336
6786,0.2838757038116455
6787,0.28383591771125793
6788,0.28379708528518677
6789,0.2837587296962738
6790,0.2837187349796295
6791,0.2836781442165375
6792,0.2836384177207947
6793,0.2835993468761444
6794,0.28356075286865234
6795,0.28352072834968567
6796,0.28348037600517273
6797,0.28344079852104187
6798,0.28340181708335876
6799,0.2833629846572876
6800,0.2833230197429657
6801,0.28328266739845276
6802,0.2832429111003876
6803,0.28320369124412537
6804,0.28316476941108704
6805,0.2831248939037323
6806,0.28308457136154175
6807,0.2830447554588318
6808,0.28300535678863525
6809,0.2829662263393402
6810,0.2829262316226959
6811,0.2828861176967621
6812,0.28284645080566406
6813,0.28280705213546753
6814,0.2827678918838501
6815,0.2827279567718506
6816,0.28268787264823914
6817,0.2826482057571411
6818,0.28260886669158936
6819,0.2825700044631958
6820,0.28253117203712463
6821,0.2824932634830475
6822,0.28245750069618225
6823,0.28242531418800354
6824,0.28239962458610535
6825,0.28238433599472046
6826,0.2823902368545532
6827,0.2824386656284332
6828,0.28256934881210327
6829,0.28286218643188477
6830,0.2834731340408325
6831,0.2847222089767456
6832,0.2872537672519684
6833,0.2923874258995056
6834,0.3027241826057434
6835,0.3233209252357483
6836,0.363238662481308
6837,0.4380049407482147
6838,0.5597864389419556
6839,0.7170215249061584
6840,0.7990278005599976
6841,0.6751412749290466
6842,0.3965080976486206
6843,0.2900078296661377
6844,0.4394190311431885
6845,0.5534796714782715
6846,0.4430513381958008
6847,0.29466259479522705
6848,0.3460485637187958
6849,0.43525230884552
6850,0.35655251145362854
6851,0.28587397933006287
6852,0.35341909527778625
6853,0.384510338306427
6854,0.3115586042404175
6855,0.29186519980430603
6856,0.3459808826446533
6857,0.33328142762184143
6858,0.2862285077571869
6859,0.3081980049610138
6860,0.33368784189224243
6861,0.3013248145580292
6862,0.28492119908332825
6863,0.31121745705604553
6864,0.31037625670433044
6865,0.28594300150871277
6866,0.291889488697052
6867,0.3057083189487457
6868,0.292834609746933
6869,0.2835765779018402
6870,0.29459330439567566
6871,0.29534247517585754
6872,0.28407636284828186
6873,0.2859255373477936
6874,0.2926969528198242
6875,0.28697484731674194
6876,0.28250831365585327
6877,0.2877677381038666
6878,0.2883293032646179
6879,0.28284817934036255
6880,0.28359419107437134
6881,0.2872591018676758
6882,0.28460296988487244
6883,0.2817974090576172
6884,0.28424862027168274
6885,0.2852691411972046
6886,0.28242501616477966
6887,0.28185898065567017
6888,0.28386449813842773
6889,0.2832944989204407
6890,0.2814252972602844
6891,0.2818871736526489
6892,0.28289687633514404
6893,0.28198501467704773
6894,0.2811175584793091
6895,0.28175199031829834
6896,0.2819681763648987
6897,0.2811686098575592
6898,0.280933141708374
6899,0.28145110607147217
6900,0.2813408672809601
6901,0.28076449036598206
6902,0.28079381585121155
6903,0.2810820937156677
6904,0.28086841106414795
6905,0.28051719069480896
6906,0.2806398570537567
6907,0.2807955741882324
6908,0.2805441617965698
6909,0.28031960129737854
6910,0.2804405689239502
6911,0.280525267124176
6912,0.2803018391132355
6913,0.28013357520103455
6914,0.2802227735519409
6915,0.28026649355888367
6916,0.2800920307636261
6917,0.279942125082016
6918,0.2799791693687439
6919,0.2800038754940033
6920,0.27988770604133606
6921,0.27976375818252563
6922,0.2797551453113556
6923,0.2797626852989197
6924,0.2796839773654938
6925,0.27959099411964417
6926,0.27955350279808044
6927,0.27953970432281494
6928,0.27948737144470215
6929,0.27941879630088806
6930,0.2793756127357483
6931,0.2793404161930084
6932,0.2792928218841553
6933,0.279236376285553
6934,0.27919334173202515
6935,0.2791571617126465
6936,0.27910998463630676
6937,0.27906253933906555
6938,0.2790224254131317
6939,0.27898767590522766
6940,0.27894410490989685
6941,0.278893381357193
6942,0.27884986996650696
6943,0.27880874276161194
6944,0.2787647545337677
6945,0.278720498085022
6946,0.2786833643913269
6947,0.278652548789978
6948,0.27862226963043213
6949,0.278596967458725
6950,0.27857112884521484
6951,0.2785448133945465
6952,0.2785297930240631
6953,0.27853044867515564
6954,0.27856719493865967
6955,0.27869153022766113
6956,0.2789614796638489
6957,0.27945342659950256
6958,0.2803487479686737
6959,0.28198251128196716
6960,0.2846619784832001
6961,0.28922945261001587
6962,0.29766321182250977
6963,0.31309428811073303
6964,0.34107670187950134
6965,0.3878248333930969
6966,0.46332743763923645
6967,0.5762299299240112
6968,0.7134026885032654
6969,0.8069642186164856
6970,0.7465913891792297
6971,0.51714026927948
6972,0.31145474314689636
6973,0.3056706190109253
6974,0.4556889533996582
6975,0.5586720705032349
6976,0.4896296262741089
6977,0.34066981077194214
6978,0.2920215427875519
6979,0.37417903542518616
6980,0.41322749853134155
6981,0.3437731862068176
6982,0.28453728556632996
6983,0.30682751536369324
6984,0.35447239875793457
6985,0.3334715664386749
6986,0.2853904962539673
6987,0.2953461706638336
6988,0.3318742513656616
6989,0.3285461664199829
6990,0.289052277803421
6991,0.28490206599235535
6992,0.3174075186252594
6993,0.32433632016181946
6994,0.2948121428489685
6995,0.280141144990921
6996,0.309620201587677
6997,0.32910045981407166
6998,0.3068596124649048
6999,0.2802361249923706
7000,0.289908766746521
7001,0.31903091073036194
7002,0.3142101466655731
7003,0.2859179973602295
7004,0.2802826464176178
7005,0.3024270534515381
7006,0.315260112285614
7007,0.29651325941085815
7008,0.27853870391845703
7009,0.28680649399757385
7010,0.3029840588569641
7011,0.29982879757881165
7012,0.28260695934295654
7013,0.2789030969142914
7014,0.29005804657936096
7015,0.29562681913375854
7016,0.28696921467781067
7017,0.2778421938419342
7018,0.2812446355819702
7019,0.28844571113586426
7020,0.2873242199420929
7021,0.2801099717617035
7022,0.2773018479347229
7023,0.2814376950263977
7024,0.28431960940361023
7025,0.2814829349517822
7026,0.2774675190448761
7027,0.277606338262558
7028,0.28045138716697693
7029,0.2810039222240448
7030,0.2786051034927368
7031,0.2767440974712372
7032,0.2774972915649414
7033,0.2790130078792572
7034,0.2787764072418213
7035,0.27722448110580444
7036,0.27644896507263184
7037,0.27710431814193726
7038,0.2778480350971222
7039,0.2774899899959564
7040,0.27655306458473206
7041,0.27621811628341675
7042,0.27666175365448
7043,0.2770255506038666
7044,0.2767286002635956
7045,0.2761562466621399
7046,0.27597668766975403
7047,0.2762337625026703
7048,0.2764195203781128
7049,0.2762216329574585
7050,0.2758623957633972
7051,0.27573081851005554
7052,0.2758634686470032
7053,0.275971382856369
7054,0.2758539617061615
7055,0.27561214566230774
7056,0.2754899561405182
7057,0.2755444347858429
7058,0.2756117582321167
7059,0.2755468487739563
7060,0.27537715435028076
7061,0.2752598226070404
7062,0.2752615511417389
7063,0.2752979099750519
7064,0.2752654552459717
7065,0.27514758706092834
7066,0.275038480758667
7067,0.27500608563423157
7068,0.2750164568424225
7069,0.27499938011169434
7070,0.2749175727367401
7071,0.2748214900493622
7072,0.2747703194618225
7073,0.27475813031196594
7074,0.27474257349967957
7075,0.2746838927268982
7076,0.27460435032844543
7077,0.2745468020439148
7078,0.2745171785354614
7079,0.2744947373867035
7080,0.2744485139846802
7081,0.2743842899799347
7082,0.2743287980556488
7083,0.27428942918777466
7084,0.2742583453655243
7085,0.27421602606773376
7086,0.27416232228279114
7087,0.27411219477653503
7088,0.27406996488571167
7089,0.27403271198272705
7090,0.27399003505706787
7091,0.27394208312034607
7092,0.2738964557647705
7093,0.27385443449020386
7094,0.27381443977355957
7095,0.27377086877822876
7096,0.2737255096435547
7097,0.27368244528770447
7098,0.27364128828048706
7099,0.2736005485057831
7100,0.27355635166168213
7101,0.273511677980423
7102,0.2734699547290802
7103,0.2734297513961792
7104,0.2733892798423767
7105,0.2733445465564728
7106,0.27329936623573303
7107,0.27325740456581116
7108,0.27321746945381165
7109,0.2731776237487793
7110,0.2731335759162903
7111,0.2730880677700043
7112,0.2730453610420227
7113,0.27300477027893066
7114,0.2729648947715759
7115,0.27292191982269287
7116,0.2728772461414337
7117,0.2728342115879059
7118,0.2727927565574646
7119,0.2727520763874054
7120,0.27270951867103577
7121,0.2726660370826721
7122,0.27262377738952637
7123,0.2725822925567627
7124,0.2725413143634796
7125,0.2724986970424652
7126,0.272455632686615
7127,0.2724137604236603
7128,0.27237260341644287
7129,0.27233168482780457
7130,0.27228912711143494
7131,0.2722460627555847
7132,0.27220407128334045
7133,0.27216285467147827
7134,0.27212196588516235
7135,0.2720796465873718
7136,0.2720368504524231
7137,0.27199479937553406
7138,0.2719532549381256
7139,0.27191224694252014
7140,0.2718701660633087
7141,0.27182769775390625
7142,0.27178582549095154
7143,0.27174437046051025
7144,0.27170330286026
7145,0.2716611921787262
7146,0.27161890268325806
7147,0.2715770900249481
7148,0.27153563499450684
7149,0.27149438858032227
7150,0.2714524567127228
7151,0.2714102566242218
7152,0.27136850357055664
7153,0.2713269889354706
7154,0.2712857723236084
7155,0.2712438404560089
7156,0.27120184898376465
7157,0.27116018533706665
7158,0.271118700504303
7159,0.27107736468315125
7160,0.2710355222225189
7161,0.27099356055259705
7162,0.27095189690589905
7163,0.2709103524684906
7164,0.2708689868450165
7165,0.27082717418670654
7166,0.2707853317260742
7167,0.27074378728866577
7168,0.2707023620605469
7169,0.27066105604171753
7170,0.2706192433834076
7171,0.27057740092277527
7172,0.2705356776714325
7173,0.2704940140247345
7174,0.2704525291919708
7175,0.2704106867313385
7176,0.2703693211078644
7177,0.270328164100647
7178,0.27028730511665344
7179,0.27024710178375244
7180,0.270206481218338
7181,0.2701656222343445
7182,0.27012574672698975
7183,0.2700875699520111
7184,0.27005237340927124
7185,0.2700241506099701
7186,0.27000972628593445
7187,0.2700180411338806
7188,0.2700694799423218
7189,0.27020373940467834
7190,0.27046582102775574
7191,0.2709764838218689
7192,0.27201804518699646
7193,0.2741129696369171
7194,0.2783024311065674
7195,0.28629082441329956
7196,0.30177563428878784
7197,0.3327178359031677
7198,0.39277413487434387
7199,0.5046201944351196
7200,0.6770716905593872
7201,0.8893755078315735
7202,1.0154507160186768
7203,0.8670486211776733
7204,0.4789755344390869
7205,0.2766713500022888
7206,0.4370514154434204
7207,0.6582988500595093
7208,0.6131937503814697
7209,0.3659621477127075
7210,0.2987370491027832
7211,0.4343222677707672
7212,0.44098711013793945
7213,0.3113844096660614
7214,0.2986351549625397
7215,0.38006162643432617
7216,0.3629164695739746
7217,0.28834712505340576
7218,0.3010888993740082
7219,0.3450239896774292
7220,0.3081779181957245
7221,0.2769216299057007
7222,0.3115847110748291
7223,0.32688698172569275
7224,0.2905791103839874
7225,0.27822086215019226
7226,0.31310516595840454
7227,0.3120043873786926
7228,0.2781282961368561
7229,0.2803552746772766
7230,0.3069801330566406
7231,0.30142468214035034
7232,0.27492448687553406
7233,0.2796739637851715
7234,0.2964191138744354
7235,0.28725364804267883
7236,0.27177664637565613
7237,0.2779877185821533
7238,0.2875208556652069
7239,0.2789645791053772
7240,0.27076828479766846
7241,0.2756933867931366
7242,0.27936017513275146
7243,0.27356278896331787
7244,0.27043449878692627
7245,0.27385351061820984
7246,0.27403101325035095
7247,0.2708224654197693
7248,0.27047327160835266
7249,0.27247315645217896
7250,0.2714775502681732
7251,0.26985618472099304
7252,0.27091825008392334
7253,0.27170610427856445
7254,0.2703744173049927
7255,0.2695096731185913
7256,0.2711825370788574
7257,0.271698921918869
7258,0.26989656686782837
7259,0.26910603046417236
7260,0.27057966589927673
7261,0.2715586721897125
7262,0.2699911892414093
7263,0.268765926361084
7264,0.26965734362602234
7265,0.2707032859325409
7266,0.2699820101261139
7267,0.26863887906074524
7268,0.26883089542388916
7269,0.2696825861930847
7270,0.2695460021495819
7271,0.2686217427253723
7272,0.26829996705055237
7273,0.26881542801856995
7274,0.26895198225975037
7275,0.26845845580101013
7276,0.26804670691490173
7277,0.26815634965896606
7278,0.26836100220680237
7279,0.2681651711463928
7280,0.26786404848098755
7281,0.2677825689315796
7282,0.2678602933883667
7283,0.2678373456001282
7284,0.2676648795604706
7285,0.2675464153289795
7286,0.26752009987831116
7287,0.2675073742866516
7288,0.26744166016578674
7289,0.2673473060131073
7290,0.2672865390777588
7291,0.26724478602409363
7292,0.2672026753425598
7293,0.2671490013599396
7294,0.26709017157554626
7295,0.2670378088951111
7296,0.2669922411441803
7297,0.2669474184513092
7298,0.2668992280960083
7299,0.2668488919734955
7300,0.2668006122112274
7301,0.26676180958747864
7302,0.2667173445224762
7303,0.26666319370269775
7304,0.26661020517349243
7305,0.26656994223594666
7306,0.26654252409935
7307,0.2664963901042938
7308,0.2664308249950409
7309,0.26637300848960876
7310,0.26634061336517334
7311,0.2663227915763855
7312,0.2662756145000458
7313,0.2662022113800049
7314,0.2661399841308594
7315,0.2661101520061493
7316,0.26609721779823303
7317,0.26605284214019775
7318,0.26597756147384644
7319,0.26591113209724426
7320,0.2658787965774536
7321,0.26586660742759705
7322,0.265826940536499
7323,0.2657545804977417
7324,0.2656856179237366
7325,0.26564767956733704
7326,0.26563364267349243
7327,0.2655998766422272
7328,0.2655336260795593
7329,0.26546311378479004
7330,0.2654172480106354
7331,0.26539841294288635
7332,0.26537060737609863
7333,0.2653138041496277
7334,0.2652445435523987
7335,0.265190064907074
7336,0.2651631832122803
7337,0.2651389241218567
7338,0.2650928795337677
7339,0.2650289535522461
7340,0.26496821641921997
7341,0.26493117213249207
7342,0.2649061381816864
7343,0.2648692727088928
7344,0.2648138105869293
7345,0.26475104689598083
7346,0.2647039592266083
7347,0.26467365026474
7348,0.26464200019836426
7349,0.264596164226532
7350,0.26453638076782227
7351,0.26448267698287964
7352,0.2644444704055786
7353,0.26441246271133423
7354,0.2643736004829407
7355,0.2643204629421234
7356,0.2642652988433838
7357,0.264220654964447
7358,0.2641843259334564
7359,0.26414769887924194
7360,0.2641007602214813
7361,0.26404866576194763
7362,0.26400142908096313
7363,0.26396042108535767
7364,0.26392194628715515
7365,0.2638782262802124
7366,0.2638302147388458
7367,0.2637838125228882
7368,0.26374053955078125
7369,0.2636995017528534
7370,0.2636561989784241
7371,0.2636108696460724
7372,0.26356619596481323
7373,0.2635229229927063
7374,0.2634805738925934
7375,0.2634369134902954
7376,0.2633926570415497
7377,0.26334917545318604
7378,0.26330628991127014
7379,0.26326361298561096
7380,0.26321959495544434
7381,0.2631756663322449
7382,0.26313266158103943
7383,0.26309022307395935
7384,0.26304763555526733
7385,0.2630034387111664
7386,0.26295918226242065
7387,0.2629161775112152
7388,0.26287388801574707
7389,0.2628316283226013
7390,0.26278769969940186
7391,0.262743204832077
7392,0.262699693441391
7393,0.2626570463180542
7394,0.26261478662490845
7395,0.2625713050365448
7396,0.26252737641334534
7397,0.26248401403427124
7398,0.2624413073062897
7399,0.2623991072177887
7400,0.26235634088516235
7401,0.26231396198272705
7402,0.2622726261615753
7403,0.26223278045654297
7404,0.2621951401233673
7405,0.2621600031852722
7406,0.26213064789772034
7407,0.26211127638816833
7408,0.2621091306209564
7409,0.2621366083621979
7410,0.2622143030166626
7411,0.2623823583126068
7412,0.2627158463001251
7413,0.2633473873138428
7414,0.2645259201526642
7415,0.26668310165405273
7416,0.2706606388092041
7417,0.27795106172561646
7418,0.2913609743118286
7419,0.3152006268501282
7420,0.3564046621322632
7421,0.42017725110054016
7422,0.5074100494384766
7423,0.5819174647331238
7424,0.5863958597183228
7425,0.46737992763519287
7426,0.3148709833621979
7427,0.2700165808200836
7428,0.3479059040546417
7429,0.42096278071403503
7430,0.38417160511016846
7431,0.2946183979511261
7432,0.27820703387260437
7433,0.33298078179359436
7434,0.34699875116348267
7435,0.2944824695587158
7436,0.2655833959579468
7437,0.2969660758972168
7438,0.32013294100761414
7439,0.2918221056461334
7440,0.2631538212299347
7441,0.27900466322898865
7442,0.3002653121948242
7443,0.28680846095085144
7444,0.2655157446861267
7445,0.2709368169307709
7446,0.28531917929649353
7447,0.2783352732658386
7448,0.2634459137916565
7449,0.2666871249675751
7450,0.27799350023269653
7451,0.2750285565853119
7452,0.26373299956321716
7453,0.2631229758262634
7454,0.2703387141227722
7455,0.269974946975708
7456,0.2632402181625366
7457,0.2624177634716034
7458,0.2670184373855591
7459,0.26710692048072815
7460,0.2624455392360687
7461,0.2610872685909271
7462,0.2640991806983948
7463,0.2650420665740967
7464,0.2623244822025299
7465,0.26082250475883484
7466,0.2623002827167511
7467,0.26320967078208923
7468,0.2617022395133972
7469,0.26039761304855347
7470,0.2611619830131531
7471,0.26211318373680115
7472,0.2614455223083496
7473,0.26029446721076965
7474,0.2603440582752228
7475,0.26103201508522034
7476,0.2609047591686249
7477,0.26014330983161926
7478,0.2599235773086548
7479,0.2603568434715271
7480,0.26049935817718506
7481,0.26005178689956665
7482,0.2596897780895233
7483,0.2598109543323517
7484,0.2600035071372986
7485,0.2598278224468231
7486,0.2595111131668091
7487,0.25946155190467834
7488,0.25960773229599
7489,0.2596094608306885
7490,0.25939834117889404
7491,0.25924167037010193
7492,0.25927624106407166
7493,0.2593271732330322
7494,0.25922882556915283
7495,0.2590583860874176
7496,0.2589960992336273
7497,0.25903260707855225
7498,0.2590184509754181
7499,0.2589075267314911
7500,0.2587980329990387
7501,0.25877639651298523
7502,0.25878846645355225
7503,0.2587425410747528
7504,0.25864362716674805
7505,0.2585665285587311
7506,0.2585482597351074
7507,0.25853824615478516
7508,0.2584829330444336
7509,0.25839826464653015
7510,0.25833559036254883
7511,0.25831326842308044
7512,0.2582913339138031
7513,0.25823622941970825
7514,0.25816383957862854
7515,0.2581092417240143
7516,0.25808289647102356
7517,0.2580571174621582
7518,0.2580098807811737
7519,0.25795164704322815
7520,0.2579061686992645
7521,0.25788384675979614
7522,0.2578701078891754
7523,0.2578510344028473
7524,0.2578365206718445
7525,0.25784847140312195
7526,0.2579098343849182
7527,0.2580386996269226
7528,0.25826340913772583
7529,0.25865575671195984
7530,0.25930169224739075
7531,0.2603972554206848
7532,0.26232460141181946
7533,0.26569002866744995
7534,0.27157288789749146
7535,0.28125980496406555
7536,0.29745054244995117
7537,0.32530149817466736
7538,0.3712007999420166
7539,0.44162172079086304
7540,0.5280507802963257
7541,0.6042052507400513
7542,0.6231930255889893
7543,0.5352585315704346
7544,0.3777086138725281
7545,0.2681567072868347
7546,0.279563844203949
7547,0.36651089787483215
7548,0.4248439073562622
7549,0.3913913369178772
7550,0.3025195598602295
7551,0.26204267144203186
7552,0.30379632115364075
7553,0.3545546531677246
7554,0.34479498863220215
7555,0.2889626622200012
7556,0.2585320770740509
7557,0.2812768518924713
7558,0.309958815574646
7559,0.3005402982234955
7560,0.2690969705581665
7561,0.25903600454330444
7562,0.27687254548072815
7563,0.2920200228691101
7564,0.2827434241771698
7565,0.26240089535713196
7566,0.2598700523376465
7567,0.2745032012462616
7568,0.281986802816391
7569,0.2720543444156647
7570,0.25876832008361816
7571,0.26004481315612793
7572,0.2703178822994232
7573,0.2724328935146332
7574,0.2639973759651184
7575,0.25711265206336975
7576,0.2607317268848419
7577,0.2676176428794861
7578,0.26719680428504944
7579,0.2604534327983856
7580,0.2566600739955902
7581,0.260614812374115
7582,0.265331506729126
7583,0.26385438442230225
7584,0.2585761845111847
7585,0.2563663423061371
7586,0.2596111297607422
7587,0.26274940371513367
7588,0.2613227665424347
7589,0.25754398107528687
7590,0.2560950815677643
7591,0.2584390640258789
7592,0.2607951760292053
7593,0.25993746519088745
7594,0.25711673498153687
7595,0.2557397186756134
7596,0.25729966163635254
7597,0.25924450159072876
7598,0.25895845890045166
7599,0.25692299008369446
7600,0.2554932236671448
7601,0.25625094771385193
7602,0.2578061521053314
7603,0.2580512464046478
7604,0.2567540109157562
7605,0.255353718996048
7606,0.2554642856121063
7607,0.256618857383728
7608,0.25719431042671204
7609,0.25651827454566956
7610,0.2552917003631592
7611,0.25496146082878113
7612,0.25567835569381714
7613,0.25636741518974304
7614,0.2562064230442047
7615,0.25526171922683716
7616,0.2546583414077759
7617,0.2549470067024231
7618,0.25555846095085144
7619,0.2557355761528015
7620,0.25514259934425354
7621,0.25449138879776
7622,0.25444215536117554
7623,0.25482437014579773
7624,0.25512126088142395
7625,0.25484979152679443
7626,0.25433337688446045
7627,0.25412479043006897
7628,0.2542666494846344
7629,0.25450026988983154
7630,0.2544129192829132
7631,0.254090815782547
7632,0.25389090180397034
7633,0.25388970971107483
7634,0.25399497151374817
7635,0.25395527482032776
7636,0.2537776529788971
7637,0.25365254282951355
7638,0.25361573696136475
7639,0.2536334991455078
7640,0.253578245639801
7641,0.25346723198890686
7642,0.25340181589126587
7643,0.25337836146354675
7644,0.25336676836013794
7645,0.2532939910888672
7646,0.2532048523426056
7647,0.2531664967536926
7648,0.2531578540802002
7649,0.25314444303512573
7650,0.25306111574172974
7651,0.2529688775539398
7652,0.25293445587158203
7653,0.2529347538948059
7654,0.2529314458370209
7655,0.25284838676452637
7656,0.25274205207824707
7657,0.25269025564193726
7658,0.252681165933609
7659,0.2526834011077881
7660,0.2526180148124695
7661,0.25251680612564087
7662,0.2524513006210327
7663,0.2524206042289734
7664,0.25240835547447205
7665,0.252355694770813
7666,0.25227609276771545
7667,0.25221720337867737
7668,0.2521783709526062
7669,0.2521514296531677
7670,0.2520987391471863
7671,0.2520332932472229
7672,0.2519848048686981
7673,0.2519494295120239
7674,0.25191986560821533
7675,0.25186431407928467
7676,0.25179940462112427
7677,0.25175195932388306
7678,0.25171777606010437
7679,0.2516895532608032
7680,0.2516356110572815
7681,0.25156909227371216
7682,0.2515169382095337
7683,0.2514767348766327
7684,0.2514438331127167
7685,0.2513934075832367
7686,0.25133341550827026
7687,0.25128331780433655
7688,0.25124144554138184
7689,0.25120460987091064
7690,0.2511543333530426
7691,0.2510979473590851
7692,0.25105008482933044
7693,0.25100910663604736
7694,0.2509724199771881
7695,0.25092241168022156
7696,0.25086545944213867
7697,0.25081557035446167
7698,0.2507714629173279
7699,0.2507311999797821
7700,0.2506822943687439
7701,0.25062915682792664
7702,0.25058168172836304
7703,0.2505384385585785
7704,0.2504984140396118
7705,0.25044941902160645
7706,0.25039568543434143
7707,0.25034666061401367
7708,0.2503011226654053
7709,0.25025826692581177
7710,0.250209778547287
7711,0.25015896558761597
7712,0.2501120865345001
7713,0.2500683069229126
7714,0.2500273585319519
7715,0.24997936189174652
7716,0.24992674589157104
7717,0.2498769462108612
7718,0.2498289942741394
7719,0.24978210031986237
7720,0.249734565615654
7721,0.24969074130058289
7722,0.24965231120586395
7723,0.24962081015110016
7724,0.24959973990917206
7725,0.2495725005865097
7726,0.24954010546207428
7727,0.24952702224254608
7728,0.24954505264759064
7729,0.24961690604686737
7730,0.2498205155134201
7731,0.2502683103084564
7732,0.25111764669418335
7733,0.25271373987197876
7734,0.2557123601436615
7735,0.26081299781799316
7736,0.26985764503479004
7737,0.2869657874107361
7738,0.31893792748451233
7739,0.3767320513725281
7740,0.4707907438278198
7741,0.6060369610786438
7742,0.7625641822814941
7743,0.8377968072891235
7744,0.7146255373954773
7745,0.4264768362045288
7746,0.2541477084159851
7747,0.34820520877838135
7748,0.5340895652770996
7749,0.5583202838897705
7750,0.37749820947647095
7751,0.2628975510597229
7752,0.3600862920284271
7753,0.44004249572753906
7754,0.35425204038619995
7755,0.2564328908920288
7756,0.3020091652870178
7757,0.3719780445098877
7758,0.3206423819065094
7759,0.2538907825946808
7760,0.2921385169029236
7761,0.34056591987609863
7762,0.30152955651283264
7763,0.25202706456184387
7764,0.2750934362411499
7765,0.30532580614089966
7766,0.2768888771533966
7767,0.2505558133125305
7768,0.27201396226882935
7769,0.28806957602500916
7770,0.2654043734073639
7771,0.25039300322532654
7772,0.2667614817619324
7773,0.2733979821205139
7774,0.25644469261169434
7775,0.2509176731109619
7776,0.26387181878089905
7777,0.2654639780521393
7778,0.25297555327415466
7779,0.25097620487213135
7780,0.2595405578613281
7781,0.25881442427635193
7782,0.2506404221057892
7783,0.25059327483177185
7784,0.2561578154563904
7785,0.25485509634017944
7786,0.24953456223011017
7787,0.2501019239425659
7788,0.2536657750606537
7789,0.252504825592041
7790,0.24892131984233856
7791,0.2494332492351532
7792,0.2519643008708954
7793,0.2511279284954071
7794,0.24855217337608337
7795,0.24873344600200653
7796,0.25060945749282837
7797,0.2502306401729584
7798,0.24830083549022675
7799,0.24809584021568298
7800,0.2493361234664917
7801,0.24934197962284088
7802,0.24806103110313416
7803,0.24766181409358978
7804,0.2484123706817627
7805,0.24860084056854248
7806,0.24781052768230438
7807,0.24735040962696075
7808,0.24771784245967865
7809,0.2479771077632904
7810,0.24754205346107483
7811,0.2471008002758026
7812,0.24722671508789062
7813,0.2474692016839981
7814,0.24728377163410187
7815,0.24689266085624695
7816,0.24685190618038177
7817,0.2470528781414032
7818,0.24701756238937378
7819,0.24672392010688782
7820,0.2465524673461914
7821,0.24665699899196625
7822,0.24672600626945496
7823,0.24655593931674957
7824,0.2463398575782776
7825,0.24630562961101532
7826,0.24638797342777252
7827,0.24635246396064758
7828,0.24617736041545868
7829,0.2460433393716812
7830,0.24604469537734985
7831,0.2460768222808838
7832,0.2460012584924698
7833,0.24585629999637604
7834,0.2457697093486786
7835,0.24576717615127563
7836,0.24575985968112946
7837,0.24567876756191254
7838,0.24556799232959747
7839,0.24550193548202515
7840,0.24548305571079254
7841,0.24545428156852722
7842,0.24538198113441467
7843,0.24529455602169037
7844,0.24523460865020752
7845,0.24520240724086761
7846,0.2451642006635666
7847,0.24510082602500916
7848,0.24502816796302795
7849,0.24497024714946747
7850,0.24492792785167694
7851,0.2448844015598297
7852,0.2448285073041916
7853,0.24476571381092072
7854,0.24470864236354828
7855,0.24466025829315186
7856,0.24461360275745392
7857,0.24456168711185455
7858,0.24450524151325226
7859,0.24444979429244995
7860,0.24439837038516998
7861,0.24434904754161835
7862,0.24429860711097717
7863,0.24424593150615692
7864,0.2441924661397934
7865,0.2441399246454239
7866,0.2440890520811081
7867,0.24403846263885498
7868,0.24398738145828247
7869,0.24393565952777863
7870,0.24388349056243896
7871,0.24383199214935303
7872,0.24378085136413574
7873,0.24372999370098114
7874,0.24367904663085938
7875,0.24362769722938538
7876,0.24357642233371735
7877,0.24352508783340454
7878,0.24347393214702606
7879,0.24342288076877594
7880,0.243371844291687
7881,0.24332094192504883
7882,0.2432699203491211
7883,0.243218794465065
7884,0.24316759407520294
7885,0.24311627447605133
7886,0.2430654615163803
7887,0.2430146336555481
7888,0.2429637312889099
7889,0.24291270971298218
7890,0.24286124110221863
7891,0.2428102046251297
7892,0.24275922775268555
7893,0.24270839989185333
7894,0.24265749752521515
7895,0.24260631203651428
7896,0.24255512654781342
7897,0.24250410497188568
7898,0.24245312809944153
7899,0.2424023151397705
7900,0.2423512190580368
7901,0.24230033159255981
7902,0.24224953353405
7903,0.24219892919063568
7904,0.24214862287044525
7905,0.24209870398044586
7906,0.2420499622821808
7907,0.24200281500816345
7908,0.241958349943161
7909,0.24191854894161224
7910,0.2418864518404007
7911,0.24186839163303375
7912,0.24187584221363068
7913,0.24192921817302704
7914,0.2420666366815567
7915,0.2423558086156845
7916,0.24292847514152527
7917,0.24403075873851776
7918,0.24613529443740845
7919,0.25011077523231506
7920,0.25757327675819397
7921,0.2713874876499176
7922,0.2969682812690735
7923,0.34142249822616577
7924,0.41396939754486084
7925,0.5065441131591797
7926,0.5868598222732544
7927,0.5669727921485901
7928,0.42709171772003174
7929,0.2723107933998108
7930,0.2567691206932068
7931,0.3569885790348053
7932,0.4170137047767639
7933,0.3537341356277466
7934,0.2575701177120209
7935,0.2646911144256592
7936,0.33003467321395874
7937,0.3260948956012726
7938,0.26342031359672546
7939,0.24586033821105957
7940,0.2855429947376251
7941,0.2958584129810333
7942,0.25784561038017273
7943,0.24346478283405304
7944,0.2699456810951233
7945,0.27872002124786377
7946,0.253978431224823
7947,0.24191628396511078
7948,0.25800958275794983
7949,0.2648279666900635
7950,0.24882817268371582
7951,0.24159491062164307
7952,0.25282022356987
7953,0.2569527328014374
7954,0.24624013900756836
7955,0.24118715524673462
7956,0.2488493174314499
7957,0.25159576535224915
7958,0.2441200315952301
7959,0.24077381193637848
7960,0.2459239810705185
7961,0.24809333682060242
7962,0.24303272366523743
7963,0.2403670996427536
7964,0.2437102347612381
7965,0.24546341598033905
7966,0.2422410398721695
7967,0.23993422091007233
7968,0.24186298251152039
7969,0.24340595304965973
7970,0.24158231914043427
7971,0.23970718681812286
7972,0.24058282375335693
7973,0.24187172949314117
7974,0.24101434648036957
7975,0.23958344757556915
7976,0.23972149193286896
7977,0.24059851467609406
7978,0.2403901368379593
7979,0.2394309788942337
7980,0.2392122745513916
7981,0.23969747126102448
7982,0.2397824227809906
7983,0.2392425537109375
7984,0.2389070838689804
7985,0.2391110360622406
7986,0.23925305902957916
7987,0.23898974061012268
7988,0.2386864870786667
7989,0.23870836198329926
7990,0.23882411420345306
7991,0.23870199918746948
7992,0.2384757697582245
7993,0.23840713500976562
7994,0.23846565186977386
7995,0.23842424154281616
7996,0.2382674664258957
7997,0.23816505074501038
7998,0.23816487193107605
7999,0.23815768957138062
8000,0.23805782198905945
8001,0.2379453331232071
8002,0.2379060536623001
8003,0.23789803683757782
8004,0.23784296214580536
8005,0.23774053156375885
8006,0.23767000436782837
8007,0.2376488298177719
8008,0.23761573433876038
8009,0.23753882944583893
8010,0.23745331168174744
8011,0.2374092936515808
8012,0.2373877316713333
8013,0.23734338581562042
8014,0.23727358877658844
8015,0.23721127212047577
8016,0.2371869534254074
8017,0.2371816337108612
8018,0.23717078566551208
8019,0.2371775209903717
8020,0.23726379871368408
8021,0.2375040352344513
8022,0.23798498511314392
8023,0.23889859020709991
8024,0.24068349599838257
8025,0.24394743144512177
8026,0.2501215934753418
8027,0.26216620206832886
8028,0.2856581211090088
8029,0.3295440077781677
8030,0.40387168526649475
8031,0.511573076248169
8032,0.6385856866836548
8033,0.696456789970398
8034,0.5895494222640991
8035,0.36333775520324707
8036,0.23965822160243988
8037,0.3251882493495941
8038,0.46155846118927
8039,0.4538581967353821
8040,0.3143502473831177
8041,0.24797315895557404
8042,0.3260369598865509
8043,0.3838232755661011
8044,0.323467880487442
8045,0.24608571827411652
8046,0.26630353927612305
8047,0.32391583919525146
8048,0.30684202909469604
8049,0.2491929531097412
8050,0.25019580125808716
8051,0.29455021023750305
8052,0.29678770899772644
8053,0.25561782717704773
8054,0.24119335412979126
8055,0.26646989583969116
8056,0.27534693479537964
8057,0.2519778311252594
8058,0.23924392461776733
8059,0.2532993257045746
8060,0.2615150511264801
8061,0.24813112616539001
8062,0.2385040670633316
8063,0.24657279253005981
8064,0.2528269290924072
8065,0.24451304972171783
8066,0.2377893626689911
8067,0.24300390481948853
8068,0.2473226934671402
8069,0.24205835163593292
8070,0.2372073084115982
8071,0.24095171689987183
8072,0.24445754289627075
8073,0.2408740222454071
8074,0.23682424426078796
8075,0.23857173323631287
8076,0.24159519374370575
8077,0.23987889289855957
8078,0.23664125800132751
8079,0.236958846449852
8080,0.23914097249507904
8081,0.23888109624385834
8082,0.2366083264350891
8083,0.23594032227993011
8084,0.23724283277988434
8085,0.23769547045230865
8086,0.23640970885753632
8087,0.2354399710893631
8088,0.23596127331256866
8089,0.23659616708755493
8090,0.23604245483875275
8091,0.23518741130828857
8092,0.23522408306598663
8093,0.23571157455444336
8094,0.23562631011009216
8095,0.23501424491405487
8096,0.23475885391235352
8097,0.23502090573310852
8098,0.23515135049819946
8099,0.23483464121818542
8100,0.2344694882631302
8101,0.23448733985424042
8102,0.2346706986427307
8103,0.23459431529045105
8104,0.23428696393966675
8105,0.23411065340042114
8106,0.23419883847236633
8107,0.23426727950572968
8108,0.23411500453948975
8109,0.2338862270116806
8110,0.23380334675312042
8111,0.23386432230472565
8112,0.23386354744434357
8113,0.23371770977973938
8114,0.23355141282081604
8115,0.23349668085575104
8116,0.23352323472499847
8117,0.23349469900131226
8118,0.23337149620056152
8119,0.23324479162693024
8120,0.2331942617893219
8121,0.23319187760353088
8122,0.23315362632274628
8123,0.23305633664131165
8124,0.23295296728610992
8125,0.23289471864700317
8126,0.23287265002727509
8127,0.2328340858221054
8128,0.23275643587112427
8129,0.23266801238059998
8130,0.23260408639907837
8131,0.23256689310073853
8132,0.2325272411108017
8133,0.23246467113494873
8134,0.2323884516954422
8135,0.23232106864452362
8136,0.23227240145206451
8137,0.23222991824150085
8138,0.23217657208442688
8139,0.23211053013801575
8140,0.2320437878370285
8141,0.23198756575584412
8142,0.23193961381912231
8143,0.23189005255699158
8144,0.23183239996433258
8145,0.23176909983158112
8146,0.2317093461751938
8147,0.23165620863437653
8148,0.2316058874130249
8149,0.23155279457569122
8150,0.2314942479133606
8151,0.2314346879720688
8152,0.23137807846069336
8153,0.2313249260187149
8154,0.23127254843711853
8155,0.23121747374534607
8156,0.23116017878055573
8157,0.2311030626296997
8158,0.23104771971702576
8159,0.2309938371181488
8160,0.23093953728675842
8161,0.23088432848453522
8162,0.23082834482192993
8163,0.23077258467674255
8164,0.2307174950838089
8165,0.2306624948978424
8166,0.230607807636261
8167,0.2305528223514557
8168,0.2304975986480713
8169,0.23044238984584808
8170,0.23038698732852936
8171,0.230332151055336
8172,0.2302771508693695
8173,0.2302221953868866
8174,0.23016710579395294
8175,0.23011185228824615
8176,0.23005685210227966
8177,0.23000185191631317
8178,0.22994688153266907
8179,0.22989174723625183
8180,0.2298363447189331
8181,0.22978122532367706
8182,0.22972622513771057
8183,0.22967121005058289
8184,0.229616180062294
8185,0.22956068813800812
8186,0.22950544953346252
8187,0.22945018112659454
8188,0.22939501702785492
8189,0.22933988273143768
8190,0.229284405708313
8191,0.2292291224002838
8192,0.22917379438877106
8193,0.22911854088306427
8194,0.2290632575750351
8195,0.22900764644145966
8196,0.2289522886276245
8197,0.22889696061611176
8198,0.2288416177034378
8199,0.22878620028495789
8200,0.22873051464557648
8201,0.22867509722709656
8202,0.22861966490745544
8203,0.22856417298316956
8204,0.22850874066352844
8205,0.22845295071601868
8206,0.22839732468128204
8207,0.2283417284488678
8208,0.22828614711761475
8209,0.2282305657863617
8210,0.22817465662956238
8211,0.22811897099018097
8212,0.22806331515312195
8213,0.22800756990909576
8214,0.22795185446739197
8215,0.2278958112001419
8216,0.22784003615379333
8217,0.22778423130512238
8218,0.2277284413576126
8219,0.22767260670661926
8220,0.22761641442775726
8221,0.22756050527095795
8222,0.22750453650951385
8223,0.22744862735271454
8224,0.22739264369010925
8225,0.2273363322019577
8226,0.22728030383586884
8227,0.22722424566745758
8228,0.22716818749904633
8229,0.22711212933063507
8230,0.22705575823783875
8231,0.22699956595897675
8232,0.22694337368011475
8233,0.22688712179660797
8234,0.22683095932006836
8235,0.22677448391914368
8236,0.22671841084957123
8237,0.22666235268115997
8238,0.22660653293132782
8239,0.22655107080936432
8240,0.22649569809436798
8241,0.22644124925136566
8242,0.2263885885477066
8243,0.22633905708789825
8244,0.22629547119140625
8245,0.22626225650310516
8246,0.22624988853931427
8247,0.2262788712978363
8248,0.22638991475105286
8249,0.2266654372215271
8250,0.22723357379436493
8251,0.22840040922164917
8252,0.23085786402225494
8253,0.23601949214935303
8254,0.2467920184135437
8255,0.2681748867034912
8256,0.31053823232650757
8257,0.39568448066711426
8258,0.5492351055145264
8259,0.7837842702865601
8260,0.9736229777336121
8261,0.890396237373352
8262,0.4981541037559509
8263,0.23522937297821045
8264,0.4053000211715698
8265,0.6350998878479004
8266,0.5276393294334412
8267,0.2782590389251709
8268,0.2974582612514496
8269,0.44942283630371094
8270,0.36150577664375305
8271,0.23545174300670624
8272,0.3161379098892212
8273,0.3869955241680145
8274,0.28992971777915955
8275,0.24168945848941803
8276,0.3426336646080017
8277,0.3402130901813507
8278,0.2429264932870865
8279,0.2569422721862793
8280,0.3255121111869812
8281,0.2852383852005005
8282,0.23113134503364563
8283,0.2772456705570221
8284,0.2901851236820221
8285,0.2397853434085846
8286,0.23698332905769348
8287,0.2676994800567627
8288,0.2490818351507187
8289,0.2289845198392868
8290,0.24702082574367523
8291,0.24475187063217163
8292,0.22873277962207794
8293,0.2356942594051361
8294,0.24255076050758362
8295,0.22990888357162476
8296,0.23193584382534027
8297,0.24137204885482788
8298,0.23312075436115265
8299,0.227193221449852
8300,0.2364422231912613
8301,0.23853933811187744
8302,0.22815732657909393
8303,0.2292858511209488
8304,0.23577691614627838
8305,0.23188143968582153
8306,0.22621804475784302
8307,0.2292875200510025
8308,0.23169608414173126
8309,0.2273263931274414
8310,0.225876584649086
8311,0.22785630822181702
8312,0.22747698426246643
8313,0.22549064457416534
8314,0.2259610891342163
8315,0.2264833003282547
8316,0.22534213960170746
8317,0.2252887636423111
8318,0.22591780126094818
8319,0.22544780373573303
8320,0.22475942969322205
8321,0.22572621703147888
8322,0.2259836047887802
8323,0.2248034030199051
8324,0.22453832626342773
8325,0.22557689249515533
8326,0.22578583657741547
8327,0.22452546656131744
8328,0.22427764534950256
8329,0.2250366061925888
8330,0.2250795066356659
8331,0.22423017024993896
8332,0.22387342154979706
8333,0.22437763214111328
8334,0.2243875116109848
8335,0.22384637594223022
8336,0.22351939976215363
8337,0.22366705536842346
8338,0.2237658053636551
8339,0.22348320484161377
8340,0.22325091063976288
8341,0.22319799661636353
8342,0.22319276630878448
8343,0.223108172416687
8344,0.22299452126026154
8345,0.22292152047157288
8346,0.22284770011901855
8347,0.2227783501148224
8348,0.22271870076656342
8349,0.2226623147726059
8350,0.2226012796163559
8351,0.2225673347711563
8352,0.2225077599287033
8353,0.22241327166557312
8354,0.22233927249908447
8355,0.22232404351234436
8356,0.22233450412750244
8357,0.22223645448684692
8358,0.2221008688211441
8359,0.2220461368560791
8360,0.22207312285900116
8361,0.22207054495811462
8362,0.22192732989788055
8363,0.22178968787193298
8364,0.2217678427696228
8365,0.22180530428886414
8366,0.22176872193813324
8367,0.22160716354846954
8368,0.2214880883693695
8369,0.2214825302362442
8370,0.22150693833827972
8371,0.22144754230976105
8372,0.22129444777965546
8373,0.22119352221488953
8374,0.22118660807609558
8375,0.22119401395320892
8376,0.2211274802684784
8377,0.2209908664226532
8378,0.22089934349060059
8379,0.22088293731212616
8380,0.22087757289409637
8381,0.22081440687179565
8382,0.22069567441940308
8383,0.2206072062253952
8384,0.22057786583900452
8385,0.22056300938129425
8386,0.22050723433494568
8387,0.2204049676656723
8388,0.22031742334365845
8389,0.22027523815631866
8390,0.22025230526924133
8391,0.22020460665225983
8392,0.22011764347553253
8393,0.22003118693828583
8394,0.21997687220573425
8395,0.21994513273239136
8396,0.21990332007408142
8397,0.21983076632022858
8398,0.21974824368953705
8399,0.21968398988246918
8400,0.21964173018932343
8401,0.21960198879241943
8402,0.2195422500371933
8403,0.21946729719638824
8404,0.2193973958492279
8405,0.21934418380260468
8406,0.21930170059204102
8407,0.21925120055675507
8408,0.21918617188930511
8409,0.2191161811351776
8410,0.21905378997325897
8411,0.21900394558906555
8412,0.2189566045999527
8413,0.21890105307102203
8414,0.21883662045001984
8415,0.2187706083059311
8416,0.21871252357959747
8417,0.21866196393966675
8418,0.2186112403869629
8419,0.21855437755584717
8420,0.2184908390045166
8421,0.2184283435344696
8422,0.21837195754051208
8423,0.2183198779821396
8424,0.21826720237731934
8425,0.21820934116840363
8426,0.21814866364002228
8427,0.21809017658233643
8428,0.21803534030914307
8429,0.21798360347747803
8430,0.21793164312839508
8431,0.21787984669208527
8432,0.21783141791820526
8433,0.2177901268005371
8434,0.2177610844373703
8435,0.21775101125240326
8436,0.21777379512786865
8437,0.21785496175289154
8438,0.2180406004190445
8439,0.21841418743133545
8440,0.21912430226802826
8441,0.2204478681087494
8442,0.22291773557662964
8443,0.22748056054115295
8444,0.23593397438526154
8445,0.25114524364471436
8446,0.27824223041534424
8447,0.32322004437446594
8448,0.3915867507457733
8449,0.4691506028175354
8450,0.5162161588668823
8451,0.462949275970459
8452,0.3276500403881073
8453,0.22729186713695526
8454,0.2519155442714691
8455,0.33400315046310425
8456,0.34941139817237854
8457,0.282296359539032
8458,0.22950848937034607
8459,0.25453096628189087
8460,0.2934337556362152
8461,0.2754480838775635
8462,0.2331264466047287
8463,0.23097647726535797
8464,0.2598133087158203
8465,0.26076072454452515
8466,0.2308257520198822
8467,0.2200125753879547
8468,0.23955701291561127
8469,0.2510245442390442
8470,0.23391814529895782
8471,0.21760870516300201
8472,0.22590546309947968
8473,0.23802408576011658
8474,0.23163367807865143
8475,0.21907924115657806
8476,0.22119852900505066
8477,0.22973205149173737
8478,0.22717727720737457
8479,0.21909862756729126
8480,0.21971026062965393
8481,0.22575846314430237
8482,0.22451749444007874
8483,0.21830198168754578
8484,0.21777765452861786
8485,0.22221307456493378
8486,0.22284099459648132
8487,0.2183152735233307
8488,0.21618197858333588
8489,0.21898581087589264
8490,0.22103345394134521
8491,0.21871738135814667
8492,0.21576052904129028
8493,0.2164541631937027
8494,0.2186899483203888
8495,0.2184281051158905
8496,0.2161652147769928
8497,0.21529649198055267
8498,0.21650134027004242
8499,0.2172451615333557
8500,0.216287761926651
8501,0.2151203751564026
8502,0.2152353823184967
8503,0.21597202122211456
8504,0.21590693295001984
8505,0.21511659026145935
8506,0.21469056606292725
8507,0.21498799324035645
8508,0.215275838971138
8509,0.2150087058544159
8510,0.21454717218875885
8511,0.21441687643527985
8512,0.2145978808403015
8513,0.21466997265815735
8514,0.21446339786052704
8515,0.21420210599899292
8516,0.21412234008312225
8517,0.21418650448322296
8518,0.21418216824531555
8519,0.2140580117702484
8520,0.21391093730926514
8521,0.21383142471313477
8522,0.21381478011608124
8523,0.2137776017189026
8524,0.2136983722448349
8525,0.21360251307487488
8526,0.21352943778038025
8527,0.2134888917207718
8528,0.21344444155693054
8529,0.2133835107088089
8530,0.21330812573432922
8531,0.21323905885219574
8532,0.2131909281015396
8533,0.21315138041973114
8534,0.21310772001743317
8535,0.2130415141582489
8536,0.21296723186969757
8537,0.2129071205854416
8538,0.21285849809646606
8539,0.2128143608570099
8540,0.21275784075260162
8541,0.2126931995153427
8542,0.21263408660888672
8543,0.21258296072483063
8544,0.21253761649131775
8545,0.21248342096805573
8546,0.21242360770702362
8547,0.21236613392829895
8548,0.21231253445148468
8549,0.21226459741592407
8550,0.21221119165420532
8551,0.21215438842773438
8552,0.2120990753173828
8553,0.21204379200935364
8554,0.21199025213718414
8555,0.2119346559047699
8556,0.21188196539878845
8557,0.2118334174156189
8558,0.2117864042520523
8559,0.21174240112304688
8560,0.21169088780879974
8561,0.21163521707057953
8562,0.21158772706985474
8563,0.21154667437076569
8564,0.21151427924633026
8565,0.21152663230895996
8566,0.21164065599441528
8567,0.21192240715026855
8568,0.21254375576972961
8569,0.21386036276817322
8570,0.21631930768489838
8571,0.22112464904785156
8572,0.23144136369228363
8573,0.2530308663845062
8574,0.298224538564682
8575,0.3818095326423645
8576,0.5277950763702393
8577,0.7174263000488281
8578,0.8497938513755798
8579,0.7058429718017578
8580,0.3570154309272766
8581,0.22426415979862213
8582,0.42232346534729004
8583,0.5607446432113647
8584,0.40547287464141846
8585,0.23760154843330383
8586,0.32347962260246277
8587,0.40820053219795227
8588,0.307077556848526
8589,0.23655661940574646
8590,0.30102890729904175
8591,0.32275390625
8592,0.25398603081703186
8593,0.2450854778289795
8594,0.28738558292388916
8595,0.26620161533355713
8596,0.2321462333202362
8597,0.25323745608329773
8598,0.2610345482826233
8599,0.23000001907348633
8600,0.23146656155586243
8601,0.25440555810928345
8602,0.23676781356334686
8603,0.2174866944551468
8604,0.23572707176208496
8605,0.2403162270784378
8606,0.21808046102523804
8607,0.22000651061534882
8608,0.23540270328521729
8609,0.22460462152957916
8610,0.21272309124469757
8611,0.22281990945339203
8612,0.22635139524936676
8613,0.21486862003803253
8614,0.21433399617671967
8615,0.22178393602371216
8616,0.21837618947029114
8617,0.21273240447044373
8618,0.21572592854499817
8619,0.2176695019006729
8620,0.21384862065315247
8621,0.21351002156734467
8622,0.2157304584980011
8623,0.2140832096338272
8624,0.21219928562641144
8625,0.21381427347660065
8626,0.21428006887435913
8627,0.21189074218273163
8628,0.21166378259658813
8629,0.21333521604537964
8630,0.21264459192752838
8631,0.2108089178800583
8632,0.2112792730331421
8633,0.21235191822052002
8634,0.21139280498027802
8635,0.21029233932495117
8636,0.210805743932724
8637,0.21130988001823425
8638,0.21057488024234772
8639,0.2100054770708084
8640,0.21035288274288177
8641,0.21044768393039703
8642,0.20997120440006256
8643,0.2097664326429367
8644,0.20995789766311646
8645,0.20984184741973877
8646,0.2095281481742859
8647,0.20953401923179626
8648,0.2096169888973236
8649,0.20942829549312592
8650,0.20921164751052856
8651,0.20928330719470978
8652,0.20932886004447937
8653,0.20911772549152374
8654,0.208944633603096
8655,0.20899902284145355
8656,0.20904260873794556
8657,0.20886743068695068
8658,0.20869700610637665
8659,0.20870834589004517
8660,0.208740696310997
8661,0.20862434804439545
8662,0.2084633857011795
8663,0.20843170583248138
8664,0.2084479182958603
8665,0.2083703875541687
8666,0.20824070274829865
8667,0.20817582309246063
8668,0.2081683874130249
8669,0.20811815559864044
8670,0.20801928639411926
8671,0.20794174075126648
8672,0.2079075425863266
8673,0.20786923170089722
8674,0.20779667794704437
8675,0.20772111415863037
8676,0.20766879618167877
8677,0.20762671530246735
8678,0.20757067203521729
8679,0.2075045257806778
8680,0.20744648575782776
8681,0.2073962688446045
8682,0.20734424889087677
8683,0.2072874903678894
8684,0.20723113417625427
8685,0.20717711746692657
8686,0.20712397992610931
8687,0.20707030594348907
8688,0.20701667666435242
8689,0.20696401596069336
8690,0.20691020786762238
8691,0.2068563997745514
8692,0.20680376887321472
8693,0.2067519873380661
8694,0.20669999718666077
8695,0.20664624869823456
8696,0.2065936028957367
8697,0.20654204487800598
8698,0.2064904123544693
8699,0.2064380943775177
8700,0.20638518035411835
8701,0.20633402466773987
8702,0.2062830626964569
8703,0.206231027841568
8704,0.20617839694023132
8705,0.206126406788826
8706,0.20607659220695496
8707,0.20602603256702423
8708,0.20597346127033234
8709,0.20592078566551208
8710,0.2058694213628769
8711,0.20582051575183868
8712,0.20577043294906616
8713,0.2057180255651474
8714,0.20566514134407043
8715,0.20561401546001434
8716,0.2055656462907791
8717,0.2055162787437439
8718,0.20546425879001617
8719,0.20541143417358398
8720,0.20536014437675476
8721,0.20531193912029266
8722,0.20526327192783356
8723,0.20521210134029388
8724,0.205159530043602
8725,0.20510783791542053
8726,0.20505927503108978
8727,0.20501120388507843
8728,0.2049611657857895
8729,0.20490914583206177
8730,0.20485706627368927
8731,0.20480787754058838
8732,0.20476007461547852
8733,0.20471107959747314
8734,0.2046600878238678
8735,0.20460794866085052
8736,0.2045578956604004
8737,0.20450980961322784
8738,0.20446161925792694
8739,0.2044118195772171
8740,0.20436018705368042
8741,0.20430953800678253
8742,0.20426078140735626
8743,0.20421278476715088
8744,0.20416401326656342
8745,0.20411327481269836
8746,0.20406261086463928
8747,0.20401327311992645
8748,0.203964963555336
8749,0.20391663908958435
8750,0.20386680960655212
8751,0.20381666719913483
8752,0.20376712083816528
8753,0.2037183940410614
8754,0.20367005467414856
8755,0.2036207616329193
8756,0.20357128977775574
8757,0.20352204144001007
8758,0.20347324013710022
8759,0.20342466235160828
8760,0.20337562263011932
8761,0.20332658290863037
8762,0.20327775180339813
8763,0.20322903990745544
8764,0.2031804472208023
8765,0.2031315416097641
8766,0.2030828297138214
8767,0.2030342072248459
8768,0.2029857486486435
8769,0.2029372751712799
8770,0.20288848876953125
8771,0.20283983647823334
8772,0.20279140770435333
8773,0.20274315774440765
8774,0.2026948481798172
8775,0.20264612138271332
8776,0.20259758830070496
8777,0.20254924893379211
8778,0.2025010585784912
8779,0.2024528980255127
8780,0.20240436494350433
8781,0.20235595107078552
8782,0.20230765640735626
8783,0.2022595852613449
8784,0.2022114098072052
8785,0.20216305553913116
8786,0.20211482048034668
8787,0.20206670463085175
8788,0.2020186334848404
8789,0.2019706517457962
8790,0.20192232728004456
8791,0.20187422633171082
8792,0.20182621479034424
8793,0.20177829265594482
8794,0.20173031091690063
8795,0.20168210566043854
8796,0.20163412392139435
8797,0.20158623158931732
8798,0.20153836905956268
8799,0.20149053633213043
8800,0.2014424055814743
8801,0.2013944834470749
8802,0.20134668052196503
8803,0.20129884779453278
8804,0.2012510895729065
8805,0.20120307803153992
8806,0.20115533471107483
8807,0.20110763609409332
8808,0.20106008648872375
8809,0.20101270079612732
8810,0.20096535980701447
8811,0.20091871917247772
8812,0.20087316632270813
8813,0.20082955062389374
8814,0.2007899433374405
8815,0.20075802505016327
8816,0.20074214041233063
8817,0.20075871050357819
8818,0.20084212720394135
8819,0.20106421411037445
8820,0.20157283544540405
8821,0.20268605649471283
8822,0.20509661734104156
8823,0.21026283502578735
8824,0.22133542597293854
8825,0.24445867538452148
8826,0.2918526828289032
8827,0.3808091878890991
8828,0.5242902040481567
8829,0.6671333312988281
8830,0.6626217365264893
8831,0.41829949617385864
8832,0.22101454436779022
8833,0.31474411487579346
8834,0.4535621106624603
8835,0.3611925542354584
8836,0.21822263300418854
8837,0.2842167615890503
8838,0.36342594027519226
8839,0.26733285188674927
8840,0.20524197816848755
8841,0.2814224660396576
8842,0.29797273874282837
8843,0.22221949696540833
8844,0.22368624806404114
8845,0.2732480466365814
8846,0.2430000752210617
8847,0.20361241698265076
8848,0.2355845719575882
8849,0.24761317670345306
8850,0.20967186987400055
8851,0.2121143490076065
8852,0.23435980081558228
8853,0.21524426341056824
8854,0.20481030642986298
8855,0.22274962067604065
8856,0.21662089228630066
8857,0.20138663053512573
8858,0.21174828708171844
8859,0.21602046489715576
8860,0.20345892012119293
8861,0.20502561330795288
8862,0.21182918548583984
8863,0.20444166660308838
8864,0.2014588862657547
8865,0.20831049978733063
8866,0.20643319189548492
8867,0.20030538737773895
8868,0.20328307151794434
8869,0.20559833943843842
8870,0.20120316743850708
8871,0.2006860375404358
8872,0.20369915664196014
8873,0.20187292993068695
8874,0.199544757604599
8875,0.20145006477832794
8876,0.20185434818267822
8877,0.1996716856956482
8878,0.19989511370658875
8879,0.20113994181156158
8880,0.1999851018190384
8881,0.1991220861673355
8882,0.20011006295681
8883,0.20008160173892975
8884,0.1989971250295639
8885,0.19918577373027802
8886,0.1997930258512497
8887,0.19919884204864502
8888,0.19870822131633759
8889,0.19915331900119781
8890,0.19918476045131683
8891,0.19858142733573914
8892,0.1985202431678772
8893,0.1988450586795807
8894,0.19864845275878906
8895,0.1982928365468979
8896,0.1983705312013626
8897,0.19844721257686615
8898,0.19818399846553802
8899,0.19804441928863525
8900,0.1981491595506668
8901,0.19808724522590637
8902,0.19788357615470886
8903,0.1978498101234436
8904,0.19789695739746094
8905,0.19778470695018768
8906,0.19765712320804596
8907,0.19766750931739807
8908,0.19766001403331757
8909,0.1975487470626831
8910,0.19746680557727814
8911,0.1974656581878662
8912,0.19741831719875336
8913,0.19731654226779938
8914,0.19726893305778503
8915,0.19725950062274933
8916,0.19720038771629333
8917,0.19710978865623474
8918,0.19706442952156067
8919,0.19704236090183258
8920,0.19698390364646912
8921,0.19691000878810883
8922,0.19686773419380188
8923,0.1968400925397873
8924,0.1967887580394745
8925,0.1967242807149887
8926,0.19667468965053558
8927,0.1966332048177719
8928,0.19657863676548004
8929,0.19652019441127777
8930,0.1964760273694992
8931,0.19643960893154144
8932,0.1963997334241867
8933,0.1963641196489334
8934,0.1963435411453247
8935,0.19632123410701752
8936,0.19629302620887756
8937,0.1962844580411911
8938,0.1963111311197281
8939,0.1963910311460495
8940,0.1965789794921875
8941,0.19696444272994995
8942,0.19767339527606964
8943,0.19896651804447174
8944,0.20130272209644318
8945,0.20519909262657166
8946,0.21185138821601868
8947,0.22418904304504395
8948,0.24621540307998657
8949,0.2856423258781433
8950,0.346099853515625
8951,0.43449413776397705
8952,0.5307042002677917
8953,0.5906982421875
8954,0.5242459177970886
8955,0.3479349613189697
8956,0.20927689969539642
8957,0.231534942984581
8958,0.3435196280479431
8959,0.38433194160461426
8960,0.29610878229141235
8961,0.20557257533073425
8962,0.23483027517795563
8963,0.3100755214691162
8964,0.3023994565010071
8965,0.2245762050151825
8966,0.20216229557991028
8967,0.2521970868110657
8968,0.27100810408592224
8969,0.22766678035259247
8970,0.1978309005498886
8971,0.22615864872932434
8972,0.2516550123691559
8973,0.2264866977930069
8974,0.1978665441274643
8975,0.2136918157339096
8976,0.2373412847518921
8977,0.22216789424419403
8978,0.19804613292217255
8979,0.2052893489599228
8980,0.22204869985580444
8981,0.21437925100326538
8982,0.19788482785224915
8983,0.20095032453536987
8984,0.21249282360076904
8985,0.20917436480522156
8986,0.19782225787639618
8987,0.1980471909046173
8988,0.20608778297901154
8989,0.20559024810791016
8990,0.1977202594280243
8991,0.19617316126823425
8992,0.20145350694656372
8993,0.20239149034023285
8994,0.19745075702667236
8995,0.19534075260162354
8996,0.19842574000358582
8997,0.20008841156959534
8998,0.19736337661743164
8999,0.19498394429683685
9000,0.19625318050384521
9001,0.19799962639808655
9002,0.19693581759929657
9003,0.1949005275964737
9004,0.19496382772922516
9005,0.19623443484306335
9006,0.19612553715705872
9007,0.19485493004322052
9008,0.19435732066631317
9009,0.19501128792762756
9010,0.1953345090150833
9011,0.1946859210729599
9012,0.19408321380615234
9013,0.19424623250961304
9014,0.1946440190076828
9015,0.19442760944366455
9016,0.19390356540679932
9017,0.19381806254386902
9018,0.19407609105110168
9019,0.19412332773208618
9020,0.19377730786800385
9021,0.19353528320789337
9022,0.19365261495113373
9023,0.19379670917987823
9024,0.19366216659545898
9025,0.19335533678531647
9026,0.19329515099525452
9027,0.19345901906490326
9028,0.19349214434623718
9029,0.19328556954860687
9030,0.19304819405078888
9031,0.19306957721710205
9032,0.19321711361408234
9033,0.19319477677345276
9034,0.19297543168067932
9035,0.19277574121952057
9036,0.19282063841819763
9037,0.19295193254947662
9038,0.1929139643907547
9039,0.1927049309015274
9040,0.19251824915409088
9041,0.19254949688911438
9042,0.1926686018705368
9043,0.19264695048332214
9044,0.19246117770671844
9045,0.19226926565170288
9046,0.19226549565792084
9047,0.19237001240253448
9048,0.19237957894802094
9049,0.1922338306903839
9050,0.1920350342988968
9051,0.19198070466518402
9052,0.19205854833126068
9053,0.19209900498390198
9054,0.19200561940670013
9055,0.19181570410728455
9056,0.19171108305454254
9057,0.19174422323703766
9058,0.19179750978946686
9059,0.19175884127616882
9060,0.19160006940364838
9061,0.19146394729614258
9062,0.1914447396993637
9063,0.19148333370685577
9064,0.19148196280002594
9065,0.19136963784694672
9066,0.19123193621635437
9067,0.19117073714733124
9068,0.19117456674575806
9069,0.1911807358264923
9070,0.1911100596189499
9071,0.19099664688110352
9072,0.19091995060443878
9073,0.190890371799469
9074,0.1908799558877945
9075,0.19082969427108765
9076,0.19074591994285583
9077,0.19067654013633728
9078,0.19063147902488708
9079,0.19060136377811432
9080,0.19055341184139252
9081,0.19048848748207092
9082,0.19043123722076416
9083,0.19038507342338562
9084,0.1903451830148697
9085,0.1902942657470703
9086,0.19023725390434265
9087,0.1901877224445343
9088,0.1901441216468811
9089,0.19010186195373535
9090,0.19004826247692108
9091,0.18999242782592773
9092,0.18994560837745667
9093,0.18990448117256165
9094,0.18986336886882782
9095,0.18980854749679565
9096,0.18974989652633667
9097,0.1897006332874298
9098,0.18965858221054077
9099,0.18961864709854126
9100,0.18956652283668518
9101,0.18950805068016052
9102,0.1894560307264328
9103,0.18941013514995575
9104,0.18936759233474731
9105,0.18931765854358673
9106,0.18926309049129486
9107,0.18921232223510742
9108,0.18916502594947815
9109,0.18911980092525482
9110,0.18906983733177185
9111,0.18901774287223816
9112,0.1889687180519104
9113,0.18892216682434082
9114,0.18887676298618317
9115,0.18882624804973602
9116,0.18877381086349487
9117,0.18872451782226562
9118,0.188677579164505
9119,0.18863213062286377
9120,0.18858221173286438
9121,0.18852993845939636
9122,0.188479945063591
9123,0.18843179941177368
9124,0.18838490545749664
9125,0.18833526968955994
9126,0.18828444182872772
9127,0.1882353127002716
9128,0.18818746507167816
9129,0.18814046680927277
9130,0.18809065222740173
9131,0.1880396157503128
9132,0.18799011409282684
9133,0.18794173002243042
9134,0.18789416551589966
9135,0.18784457445144653
9136,0.18779398500919342
9137,0.18774457275867462
9138,0.18769587576389313
9139,0.18764786422252655
9140,0.1875981092453003
9141,0.18754781782627106
9142,0.1874985545873642
9143,0.18744999170303345
9144,0.18740203976631165
9145,0.18735231459140778
9146,0.18730182945728302
9147,0.1872519701719284
9148,0.187202587723732
9149,0.1871533989906311
9150,0.18710365891456604
9151,0.1870545595884323
9152,0.18700657784938812
9153,0.18696002662181854
9154,0.18691562116146088
9155,0.18686994910240173
9156,0.18682342767715454
9157,0.18678146600723267
9158,0.18674734234809875
9159,0.18672780692577362
9160,0.18674518167972565
9161,0.18683695793151855
9162,0.18706350028514862
9163,0.18756189942359924
9164,0.18861132860183716
9165,0.1906120777130127
9166,0.19454476237297058
9167,0.20279958844184875
9168,0.2198590636253357
9169,0.25519123673439026
9170,0.32130271196365356
9171,0.44178497791290283
9172,0.6258193254470825
9173,0.8283627033233643
9174,0.8359848856925964
9175,0.5324127674102783
9176,0.218464657664299
9177,0.2910998463630676
9178,0.534287691116333
9179,0.5108593702316284
9180,0.2732144892215729
9181,0.24646969139575958
9182,0.39332646131515503
9183,0.3633524775505066
9184,0.23308497667312622
9185,0.25437131524086
9186,0.321219265460968
9187,0.2612299919128418
9188,0.2241535186767578
9189,0.2722108066082001
9190,0.2600659430027008
9191,0.2150951325893402
9192,0.2366562783718109
9193,0.24348443746566772
9194,0.20594675838947296
9195,0.21759848296642303
9196,0.2358010709285736
9197,0.20438918471336365
9198,0.19978997111320496
9199,0.22405757009983063
9200,0.20607981085777283
9201,0.19069735705852509
9202,0.21170267462730408
9203,0.20895178616046906
9204,0.18903928995132446
9205,0.1987456977367401
9206,0.20660170912742615
9207,0.19183704257011414
9208,0.19103454053401947
9209,0.2009516954421997
9210,0.19490192830562592
9211,0.18845359981060028
9212,0.19429731369018555
9213,0.19445909559726715
9214,0.18873804807662964
9215,0.19023403525352478
9216,0.1923224776983261
9217,0.1890878826379776
9218,0.18840385973453522
9219,0.1903837025165558
9220,0.18880125880241394
9221,0.18743838369846344
9222,0.18900854885578156
9223,0.18865838646888733
9224,0.18669918179512024
9225,0.1873789280653
9226,0.18846683204174042
9227,0.18690373003482819
9228,0.1859876662492752
9229,0.1872153878211975
9230,0.18722416460514069
9231,0.18578201532363892
9232,0.18580971658229828
9233,0.18666279315948486
9234,0.18611153960227966
9235,0.18527425825595856
9236,0.18562455475330353
9237,0.18592539429664612
9238,0.18535290658473969
9239,0.18504010140895844
9240,0.18530499935150146
9241,0.18524162471294403
9242,0.1848747283220291
9243,0.18482516705989838
9244,0.18492254614830017
9245,0.18474027514457703
9246,0.18453985452651978
9247,0.18458192050457
9248,0.18457365036010742
9249,0.18437595665454865
9250,0.18426544964313507
9251,0.18432357907295227
9252,0.18426571786403656
9253,0.1840784102678299
9254,0.18401332199573517
9255,0.18404820561408997
9256,0.18397577106952667
9257,0.18382273614406586
9258,0.18376748263835907
9259,0.18377597630023956
9260,0.1837051808834076
9261,0.18358252942562103
9262,0.18352404236793518
9263,0.1835133135318756
9264,0.18345223367214203
9265,0.1833503246307373
9266,0.18328741192817688
9267,0.18326185643672943
9268,0.18320879340171814
9269,0.18312455713748932
9270,0.18305931985378265
9271,0.18301956355571747
9272,0.18297046422958374
9273,0.18290182948112488
9274,0.18283706903457642
9275,0.18278712034225464
9276,0.18273773789405823
9277,0.18267852067947388
9278,0.18261803686618805
9279,0.18256427347660065
9280,0.18251079320907593
9281,0.18245498836040497
9282,0.1823996752500534
9283,0.18234571814537048
9284,0.18229080736637115
9285,0.18223370611667633
9286,0.18217970430850983
9287,0.1821284145116806
9288,0.182074636220932
9289,0.18201731145381927
9290,0.18196041882038116
9291,0.1819090098142624
9292,0.18185852468013763
9293,0.18180333077907562
9294,0.18174554407596588
9295,0.1816902607679367
9296,0.18163971602916718
9297,0.18158836662769318
9298,0.18153277039527893
9299,0.18147583305835724
9300,0.1814214140176773
9301,0.18137040734291077
9302,0.18131811916828156
9303,0.18126286566257477
9304,0.18120713531970978
9305,0.18115302920341492
9306,0.1811012327671051
9307,0.18104836344718933
9308,0.18099373579025269
9309,0.18093889951705933
9310,0.18088489770889282
9311,0.18083219230175018
9312,0.18077895045280457
9313,0.18072474002838135
9314,0.1806705743074417
9315,0.18061670660972595
9316,0.18056358397006989
9317,0.180510014295578
9318,0.18045593798160553
9319,0.18040210008621216
9320,0.18034827709197998
9321,0.18029502034187317
9322,0.18024130165576935
9323,0.18018724024295807
9324,0.18013329803943634
9325,0.18007954955101013
9326,0.18002630770206451
9327,0.17997263371944427
9328,0.1799185574054718
9329,0.17986443638801575
9330,0.17981049418449402
9331,0.17975714802742004
9332,0.17970365285873413
9333,0.17964963614940643
9334,0.179595485329628
9335,0.17954114079475403
9336,0.17948755621910095
9337,0.17943404614925385
9338,0.17938026785850525
9339,0.1793261617422104
9340,0.17927154898643494
9341,0.1792176514863968
9342,0.17916390299797058
9343,0.17911019921302795
9344,0.17905618250370026
9345,0.1790015697479248
9346,0.1789473444223404
9347,0.1788932830095291
9348,0.17883944511413574
9349,0.17878545820713043
9350,0.17873090505599976
9351,0.1786765307188034
9352,0.17862224578857422
9353,0.17856812477111816
9354,0.17851392924785614
9355,0.17845939099788666
9356,0.17840491235256195
9357,0.1783505082130432
9358,0.17829613387584686
9359,0.17824174463748932
9360,0.1781870275735855
9361,0.1781325340270996
9362,0.17807796597480774
9363,0.17802338302135468
9364,0.1779688149690628
9365,0.17791390419006348
9366,0.17785927653312683
9367,0.1778045892715454
9368,0.1777498722076416
9369,0.17769508063793182
9370,0.17764003574848175
9371,0.1775851994752884
9372,0.17753034830093384
9373,0.1774754673242569
9374,0.177420511841774
9375,0.1773652881383896
9376,0.17731022834777832
9377,0.17725519835948944
9378,0.17720012366771698
9379,0.1771450638771057
9380,0.17708957195281982
9381,0.17703433334827423
9382,0.17697909474372864
9383,0.17692384123802185
9384,0.1768684685230255
9385,0.17681285738945007
9386,0.17675742506980896
9387,0.17670197784900665
9388,0.17664653062820435
9389,0.17659100890159607
9390,0.17653512954711914
9391,0.1764795035123825
9392,0.1764238476753235
9393,0.17636820673942566
9394,0.17631246149539948
9395,0.17625637352466583
9396,0.17620056867599487
9397,0.17614467442035675
9398,0.17608879506587982
9399,0.1760328710079193
9400,0.17597651481628418
9401,0.1759205013513565
9402,0.17586439847946167
9403,0.17580826580524445
9404,0.17575211822986603
9405,0.17569558322429657
9406,0.175639346241951
9407,0.17558303475379944
9408,0.1755266636610031
9409,0.17547021806240082
9410,0.17541350424289703
9411,0.17535698413848877
9412,0.1753004491329193
9413,0.17524391412734985
9414,0.17518724501132965
9415,0.17513027787208557
9416,0.1750735491514206
9417,0.17501679062843323
9418,0.1749599128961563
9419,0.17490309476852417
9420,0.1748458445072174
9421,0.1747889220714569
9422,0.17473196983337402
9423,0.17467498779296875
9424,0.17461805045604706
9425,0.17456088960170746
9426,0.1745041459798813
9427,0.17444773018360138
9428,0.1743919551372528
9429,0.17433737218379974
9430,0.17428487539291382
9431,0.17423692345619202
9432,0.1741974651813507
9433,0.17417462170124054
9434,0.17418433725833893
9435,0.1742577701807022
9436,0.17446081340312958
9437,0.17493028938770294
9438,0.17595060169696808
9439,0.1781226247549057
9440,0.18268273770809174
9441,0.19227248430252075
9442,0.2122964859008789
9443,0.2530055642127991
9444,0.3298298716545105
9445,0.4513356685638428
9446,0.5760303735733032
9447,0.5696926116943359
9448,0.36271658539772034
9449,0.18556268513202667
9450,0.26726293563842773
9451,0.39705896377563477
9452,0.3178357779979706
9453,0.1896509826183319
9454,0.2387591302394867
9455,0.3113481402397156
9456,0.2395070642232895
9457,0.17677363753318787
9458,0.23508042097091675
9459,0.2594982087612152
9460,0.19519191980361938
9461,0.18889650702476501
9462,0.23591816425323486
9463,0.21525748074054718
9464,0.1755763441324234
9465,0.19998638331890106
9466,0.21317565441131592
9467,0.18154090642929077
9468,0.18405988812446594
9469,0.20392103493213654
9470,0.18676698207855225
9471,0.17580671608448029
9472,0.19165103137493134
9473,0.18831107020378113
9474,0.17449478805065155
9475,0.18222765624523163
9476,0.18685179948806763
9477,0.1761060208082199
9478,0.17599989473819733
9479,0.183129221200943
9480,0.1780846118927002
9481,0.17354103922843933
9482,0.1787891834974289
9483,0.17890149354934692
9484,0.1735684722661972
9485,0.17515121400356293
9486,0.17796793580055237
9487,0.1744432896375656
9488,0.17306576669216156
9489,0.17600692808628082
9490,0.175307959318161
9491,0.1726115494966507
9492,0.173679381608963
9493,0.17480456829071045
9494,0.17293375730514526
9495,0.17230769991874695
9496,0.17354543507099152
9497,0.17318286001682281
9498,0.17198887467384338
9499,0.17239166796207428
9500,0.17286483943462372
9501,0.17206214368343353
9502,0.1717178225517273
9503,0.1722535938024521
9504,0.17212505638599396
9505,0.17148306965827942
9506,0.17160353064537048
9507,0.17186497151851654
9508,0.17144674062728882
9509,0.17115077376365662
9510,0.1713988184928894
9511,0.17140983045101166
9512,0.171017587184906
9513,0.17093677818775177
9514,0.17110387980937958
9515,0.17097629606723785
9516,0.17071384191513062
9517,0.17072008550167084
9518,0.17079661786556244
9519,0.17064908146858215
9520,0.1704913228750229
9521,0.17049866914749146
9522,0.17049558460712433
9523,0.17037200927734375
9524,0.17029793560504913
9525,0.17034870386123657
9526,0.17039854824543
9527,0.17045876383781433
9528,0.17067845165729523
9529,0.17112883925437927
9530,0.1717570573091507
9531,0.17277880012989044
9532,0.17469778656959534
9533,0.17819905281066895
9534,0.1844446361064911
9535,0.19542351365089417
9536,0.21428990364074707
9537,0.2478647381067276
9538,0.3014974594116211
9539,0.38310062885284424
9540,0.463867723941803
9541,0.5070884227752686
9542,0.4454731345176697
9543,0.2999369502067566
9544,0.18318229913711548
9545,0.19083592295646667
9546,0.2679938077926636
9547,0.30366769433021545
9548,0.2521594166755676
9549,0.18131797015666962
9550,0.18141499161720276
9551,0.22655251622200012
9552,0.23937547206878662
9553,0.2037390023469925
9554,0.1731606423854828
9555,0.18205930292606354
9556,0.20102424919605255
9557,0.1983463615179062
9558,0.17825540900230408
9559,0.17068849503993988
9560,0.17978717386722565
9561,0.18235661089420319
9562,0.17539450526237488
9563,0.17046642303466797
9564,0.17303527891635895
9565,0.1755395382642746
9566,0.1726168394088745
9567,0.1696685254573822
9568,0.1707407832145691
9569,0.1731686294078827
9570,0.1713944375514984
9571,0.16914384067058563
9572,0.170401468873024
9573,0.1720856875181198
9574,0.17156705260276794
9575,0.16921591758728027
9576,0.1695350855588913
9577,0.1721341907978058
9578,0.1726885735988617
9579,0.1702992022037506
9580,0.16837488114833832
9581,0.17083732783794403
9582,0.17375977337360382
9583,0.17292337119579315
9584,0.16960802674293518
9585,0.16808359324932098
9586,0.17143961787223816
9587,0.17460022866725922
9588,0.17316804826259613
9589,0.16928698122501373
9590,0.16769738495349884
9591,0.17111258208751678
9592,0.17453107237815857
9593,0.17341242730617523
9594,0.1694030463695526
9595,0.1671910285949707
9596,0.17001809179782867
9597,0.17367352545261383
9598,0.17337308824062347
9599,0.16973188519477844
9600,0.16685084998607635
9601,0.16868239641189575
9602,0.1723625659942627
9603,0.17307662963867188
9604,0.17020724713802338
9605,0.1668122261762619
9606,0.16733939945697784
9607,0.17063644528388977
9608,0.17234426736831665
9609,0.17063872516155243
9610,0.1671188473701477
9611,0.16629336774349213
9612,0.16872182488441467
9613,0.17103584110736847
9614,0.17067602276802063
9615,0.1676078885793686
9616,0.16574780642986298
9617,0.16698302328586578
9618,0.16925834119319916
9619,0.17000024020671844
9620,0.16788414120674133
9621,0.16564300656318665
9622,0.1657315194606781
9623,0.16737745702266693
9624,0.16863110661506653
9625,0.1675841361284256
9626,0.16565001010894775
9627,0.16505445539951324
9628,0.16584569215774536
9629,0.16695070266723633
9630,0.16665104031562805
9631,0.16539379954338074
9632,0.16471964120864868
9633,0.1649010181427002
9634,0.16552282869815826
9635,0.16547544300556183
9636,0.1648125946521759
9637,0.16440245509147644
9638,0.16440102458000183
9639,0.16465196013450623
9640,0.16457387804985046
9641,0.16422316431999207
9642,0.16405479609966278
9643,0.1640857607126236
9644,0.16419988870620728
9645,0.16405227780342102
9646,0.16381075978279114
9647,0.1637665331363678
9648,0.16385924816131592
9649,0.1639609932899475
9650,0.16375741362571716
9651,0.16348524391651154
9652,0.1634458601474762
9653,0.1635669767856598
9654,0.16371223330497742
9655,0.1635286509990692
9656,0.1632051169872284
9657,0.16307803988456726
9658,0.1631229668855667
9659,0.16324733197689056
9660,0.16314147412776947
9661,0.16288742423057556
9662,0.16274626553058624
9663,0.1627165973186493
9664,0.16275641322135925
9665,0.1626698225736618
9666,0.16250526905059814
9667,0.1624184399843216
9668,0.16239696741104126
9669,0.1624118983745575
9670,0.16231244802474976
9671,0.16216392815113068
9672,0.1620931327342987
9673,0.16208259761333466
9674,0.16210590302944183
9675,0.16201108694076538
9676,0.16185063123703003
9677,0.1617533564567566
9678,0.16170856356620789
9679,0.16170050203800201
9680,0.16162128746509552
9681,0.16149984300136566
9682,0.1614208072423935
9683,0.16137519478797913
9684,0.1613541841506958
9685,0.161272332072258
9686,0.16116037964820862
9687,0.1610868275165558
9688,0.16104209423065186
9689,0.16102038323879242
9690,0.1609424352645874
9691,0.16083087027072906
9692,0.16074882447719574
9693,0.16068708896636963
9694,0.16064149141311646
9695,0.16056479513645172
9696,0.1604779064655304
9697,0.1604175716638565
9698,0.16037799417972565
9699,0.1603599339723587
9700,0.1602928191423416
9701,0.16018624603748322
9702,0.1600988209247589
9703,0.1600213348865509
9704,0.15994878113269806
9705,0.15991093218326569
9706,0.1599629670381546
9707,0.16011716425418854
9708,0.16044165194034576
9709,0.16107216477394104
9710,0.1618960201740265
9711,0.1631195843219757
9712,0.1655678153038025
9713,0.1703440099954605
9714,0.17946283519268036
9715,0.19704005122184753
9716,0.2298080176115036
9717,0.2901162803173065
9718,0.389248251914978
9719,0.5338714122772217
9720,0.6471624374389648
9721,0.6287916898727417
9722,0.4173632264137268
9723,0.1982223391532898
9724,0.1923498511314392
9725,0.3284369707107544
9726,0.3710349202156067
9727,0.26455846428871155
9728,0.17152461409568787
9729,0.2176302671432495
9730,0.276657372713089
9731,0.23199957609176636
9732,0.17591041326522827
9733,0.19035708904266357
9734,0.2202928364276886
9735,0.1992397904396057
9736,0.1764894723892212
9737,0.18836139142513275
9738,0.19797952473163605
9739,0.1850946843624115
9740,0.17489056289196014
9741,0.19032755494117737
9742,0.19451148808002472
9743,0.18018345534801483
9744,0.17458468675613403
9745,0.18185167014598846
9746,0.18727760016918182
9747,0.18008700013160706
9748,0.17229342460632324
9749,0.17186224460601807
9750,0.17801085114479065
9751,0.17841869592666626
9752,0.16908912360668182
9753,0.16502363979816437
9754,0.17016510665416718
9755,0.17421790957450867
9756,0.16764333844184875
9757,0.1602657288312912
9758,0.16406387090682983
9759,0.16930268704891205
9760,0.16539262235164642
9761,0.15901143848896027
9762,0.16036593914031982
9763,0.164582759141922
9764,0.1628674417734146
9765,0.15890274941921234
9766,0.1589805781841278
9767,0.16112883388996124
9768,0.16061951220035553
9769,0.1584736704826355
9770,0.1585349589586258
9771,0.15955428779125214
9772,0.15887925028800964
9773,0.1577727347612381
9774,0.1579393595457077
9775,0.1585884988307953
9776,0.158099964261055
9777,0.15712234377861023
9778,0.15721097588539124
9779,0.1577685922384262
9780,0.1575954109430313
9781,0.15690726041793823
9782,0.15669581294059753
9783,0.15700888633728027
9784,0.15700243413448334
9785,0.15666471421718597
9786,0.15651631355285645
9787,0.1565496176481247
9788,0.1564885973930359
9789,0.15624038875102997
9790,0.15617035329341888
9791,0.1563423126935959
9792,0.15625758469104767
9793,0.15591475367546082
9794,0.1556987762451172
9795,0.15584635734558105
9796,0.1560882180929184
9797,0.1558903455734253
9798,0.15545301139354706
9799,0.15528205037117004
9800,0.155500590801239
9801,0.15574365854263306
9802,0.15552885830402374
9803,0.15508440136909485
9804,0.1548967808485031
9805,0.15508906543254852
9806,0.1553400754928589
9807,0.15518483519554138
9808,0.15476566553115845
9809,0.15452101826667786
9810,0.1546328216791153
9811,0.15488596260547638
9812,0.15482981503009796
9813,0.15446966886520386
9814,0.15416671335697174
9815,0.15416714549064636
9816,0.15439116954803467
9817,0.15443865954875946
9818,0.154178187251091
9819,0.153848335146904
9820,0.15372374653816223
9821,0.15387102961540222
9822,0.15399299561977386
9823,0.15386228263378143
9824,0.15356409549713135
9825,0.15333399176597595
9826,0.15335972607135773
9827,0.15349334478378296
9828,0.15348675847053528
9829,0.153282031416893
9830,0.15300658345222473
9831,0.1529008001089096
9832,0.1529735028743744
9833,0.15303626656532288
9834,0.15295007824897766
9835,0.15270888805389404
9836,0.15251502394676208
9837,0.15248499810695648
9838,0.1525348573923111
9839,0.1525314301252365
9840,0.1523762047290802
9841,0.152175173163414
9842,0.15206554532051086
9843,0.15204761922359467
9844,0.15205056965351105
9845,0.15196695923805237
9846,0.1518176943063736
9847,0.15169453620910645
9848,0.15162184834480286
9849,0.1515830159187317
9850,0.15151695907115936
9851,0.15141527354717255
9852,0.15131857991218567
9853,0.15123796463012695
9854,0.1511712521314621
9855,0.15109612047672272
9856,0.1510111689567566
9857,0.1509319692850113
9858,0.15085925161838531
9859,0.15078912675380707
9860,0.15070998668670654
9861,0.15063033998012543
9862,0.15055802464485168
9863,0.1504896581172943
9864,0.15042002499103546
9865,0.1503353714942932
9866,0.1502501517534256
9867,0.15017704665660858
9868,0.1501118689775467
9869,0.1500476747751236
9870,0.14996521174907684
9871,0.14987431466579437
9872,0.14979207515716553
9873,0.1497182697057724
9874,0.14964963495731354
9875,0.14957238733768463
9876,0.14948926866054535
9877,0.14940963685512543
9878,0.14933337271213531
9879,0.1492592692375183
9880,0.1491808444261551
9881,0.14910177886486053
9882,0.1490260511636734
9883,0.14895255863666534
9884,0.14887993037700653
9885,0.148799866437912
9886,0.14871755242347717
9887,0.14863911271095276
9888,0.14856380224227905
9889,0.14849036931991577
9890,0.14841176569461823
9891,0.14833073318004608
9892,0.14825187623500824
9893,0.1481747329235077
9894,0.1480986773967743
9895,0.14801974594593048
9896,0.14794085919857025
9897,0.1478639841079712
9898,0.14778879284858704
9899,0.14771506190299988
9900,0.1476365625858307
9901,0.14755535125732422
9902,0.14747582376003265
9903,0.1473972201347351
9904,0.14731916785240173
9905,0.14724299311637878
9906,0.1471734642982483
9907,0.14711081981658936
9908,0.14705929160118103
9909,0.14702709019184113
9910,0.14700616896152496
9911,0.1470109075307846
9912,0.14709216356277466
9913,0.14731690287590027
9914,0.14781390130519867
9915,0.14885391294956207
9916,0.15095512568950653
9917,0.155180424451828
9918,0.16356517374515533
9919,0.18041199445724487
9920,0.21118709444999695
9921,0.26821815967559814
9922,0.36402231454849243
9923,0.5049971342086792
9924,0.6170296669006348
9925,0.5852846503257751
9926,0.3559836745262146
9927,0.1843656301498413
9928,0.2423374205827713
9929,0.3563324213027954
9930,0.3118877112865448
9931,0.1963626593351364
9932,0.2124268114566803
9933,0.27957719564437866
9934,0.23500218987464905
9935,0.16346010565757751
9936,0.20445330440998077
9937,0.24495837092399597
9938,0.18603524565696716
9939,0.15207625925540924
9940,0.20064586400985718
9941,0.2119474560022354
9942,0.15981708467006683
9943,0.16078904271125793
9944,0.1949344128370285
9945,0.17374010384082794
9946,0.14861968159675598
9947,0.17027440667152405
9948,0.17522354423999786
9949,0.15127722918987274
9950,0.1541503369808197
9951,0.1665739268064499
9952,0.15578770637512207
9953,0.14880327880382538
9954,0.15855200588703156
9955,0.1564263552427292
9956,0.14780287444591522
9957,0.1530510038137436
9958,0.15751899778842926
9959,0.14996196329593658
9960,0.1469479203224182
9961,0.15433301031589508
9962,0.1542498767375946
9963,0.14833107590675354
9964,0.14927513897418976
9965,0.1516720950603485
9966,0.14906254410743713
9967,0.14810438454151154
9968,0.15113703906536102
9969,0.1500694304704666
9970,0.1457766443490982
9971,0.1460360884666443
9972,0.14945974946022034
9973,0.14933010935783386
9974,0.14638575911521912
9975,0.14518822729587555
9976,0.14587531983852386
9977,0.14650480449199677
9978,0.1468019187450409
9979,0.14667180180549622
9980,0.14504188299179077
9981,0.14394907653331757
9982,0.1450573205947876
9983,0.1464442014694214
9984,0.14606048166751862
9985,0.14427170157432556
9986,0.14372071623802185
9987,0.14444009959697723
9988,0.1449945569038391
9989,0.14508044719696045
9990,0.14450247585773468
9991,0.14369824528694153
9992,0.14320099353790283
9993,0.143579363822937
9994,0.1443978250026703
9995,0.14420996606349945
9996,0.14306862652301788
9997,0.14234904944896698
9998,0.14273443818092346
9999,0.1433887481689453
10000,0.14319118857383728
10001,0.14237521588802338
10002,0.14193324744701385
10003,0.14207132160663605
10004,0.14228534698486328
10005,0.1421394795179367
10006,0.1417468637228012
10007,0.14152199029922485
10008,0.1414911150932312
10009,0.1414831429719925
10010,0.14137068390846252
10011,0.14117497205734253
10012,0.1410486251115799
10013,0.14099544286727905
10014,0.1409495770931244
10015,0.14084847271442413
10016,0.14071865379810333
10017,0.1406284123659134
10018,0.14058233797550201
10019,0.1405414640903473
10020,0.14043869078159332
10021,0.14032059907913208
10022,0.14023277163505554
10023,0.14018678665161133
10024,0.14016388356685638
10025,0.14007677137851715
10026,0.13994845747947693
10027,0.1398194581270218
10028,0.13973262906074524
10029,0.1397096812725067
10030,0.13966919481754303
10031,0.13957569003105164
10032,0.1394268274307251
10033,0.13928736746311188
10034,0.13922663033008575
10035,0.13920727372169495
10036,0.1391630619764328
10037,0.13903336226940155
10038,0.1388775259256363
10039,0.13879071176052094
10040,0.1387699693441391
10041,0.13875287771224976
10042,0.13864514231681824
10043,0.13848598301410675
10044,0.1383817046880722
10045,0.13834929466247559
10046,0.13834035396575928
10047,0.13824929296970367
10048,0.13808421790599823
10049,0.13795115053653717
10050,0.13790002465248108
10051,0.1379050314426422
10052,0.13784867525100708
10053,0.13769623637199402
10054,0.13753384351730347
10055,0.13744257390499115
10056,0.13744321465492249
10057,0.13742788136005402
10058,0.13731838762760162
10059,0.137155681848526
10060,0.13701750338077545
10061,0.1369764506816864
10062,0.13697443902492523
10063,0.13691076636314392
10064,0.13676977157592773
10065,0.13660213351249695
10066,0.13650931417942047
10067,0.13649408519268036
10068,0.1364719718694687
10069,0.13638582825660706
10070,0.1362258344888687
10071,0.13608194887638092
10072,0.1360141485929489
10073,0.13598482310771942
10074,0.13593515753746033
10075,0.1358187347650528
10076,0.13567893207073212
10077,0.13557875156402588
10078,0.1355261504650116
10079,0.13549894094467163
10080,0.13543367385864258
10081,0.1353272646665573
10082,0.13523435592651367
10083,0.13517479598522186
10084,0.13516078889369965
10085,0.13523520529270172
10086,0.13546320796012878
10087,0.13593284785747528
10088,0.13685886561870575
10089,0.1386355608701706
10090,0.14168991148471832
10091,0.1470920294523239
10092,0.1574404537677765
10093,0.1767140030860901
10094,0.21236170828342438
10095,0.27151840925216675
10096,0.3634355068206787
10097,0.4726752042770386
10098,0.550452709197998
10099,0.4934631288051605
10100,0.3111268877983093
10101,0.16291967034339905
10102,0.1826593279838562
10103,0.286292165517807
10104,0.31961607933044434
10105,0.2432658076286316
10106,0.16803249716758728
10107,0.18558862805366516
10108,0.2332063615322113
10109,0.22977930307388306
10110,0.18749167025089264
10111,0.16606108844280243
10112,0.18108952045440674
10113,0.19727195799350739
10114,0.1855655014514923
10115,0.1595098376274109
10116,0.1578473299741745
10117,0.17451980710029602
10118,0.1745830923318863
10119,0.1531798392534256
10120,0.1454709768295288
10121,0.16562551259994507
10122,0.16928687691688538
10123,0.14643695950508118
10124,0.13892436027526855
10125,0.15705180168151855
10126,0.16322332620620728
10127,0.14430445432662964
10128,0.13534516096115112
10129,0.14866052567958832
10130,0.1551046371459961
10131,0.14197435975074768
10132,0.13347099721431732
10133,0.14195570349693298
10134,0.14688920974731445
10135,0.13897542655467987
10136,0.13331954181194305
10137,0.13781119883060455
10138,0.1414317637681961
10139,0.1370425671339035
10140,0.13307715952396393
10141,0.13519838452339172
10142,0.13750045001506805
10143,0.13557058572769165
10144,0.13307836651802063
10145,0.13340169191360474
10146,0.13458919525146484
10147,0.1341409683227539
10148,0.13276541233062744
10149,0.13239331543445587
10150,0.13277320563793182
10151,0.1326809823513031
10152,0.13222020864486694
10153,0.13180649280548096
10154,0.1317060887813568
10155,0.13170763850212097
10156,0.13153499364852905
10157,0.13128361105918884
10158,0.13107581436634064
10159,0.1310112029314041
10160,0.13096317648887634
10161,0.13079893589019775
10162,0.13060115277767181
10163,0.13050265610218048
10164,0.13049915432929993
10165,0.1303669959306717
10166,0.13017626106739044
10167,0.13008517026901245
10168,0.13007541000843048
10169,0.1300159990787506
10170,0.12980012595653534
10171,0.12965479493141174
10172,0.12967908382415771
10173,0.12968096137046814
10174,0.12952546775341034
10175,0.1292748749256134
10176,0.12919911742210388
10177,0.1292848438024521
10178,0.12927228212356567
10179,0.12906233966350555
10180,0.12879975140094757
10181,0.12875013053417206
10182,0.12885211408138275
10183,0.12884722650051117
10184,0.12864305078983307
10185,0.12836839258670807
10186,0.1282850056886673
10187,0.128366619348526
10188,0.12839220464229584
10189,0.12824589014053345
10190,0.1279776394367218
10191,0.12782633304595947
10192,0.1278454214334488
10193,0.12788553535938263
10194,0.12782016396522522
10195,0.12760329246520996
10196,0.12740440666675568
10197,0.12733571231365204
10198,0.12733782827854156
10199,0.12731988728046417
10200,0.1271846443414688
10201,0.12700407207012177
10202,0.12688066065311432
10203,0.12681321799755096
10204,0.12677310407161713
10205,0.12668798863887787
10206,0.12656626105308533
10207,0.12645500898361206
10208,0.12635448575019836
10209,0.12626835703849792
10210,0.1261785328388214
10211,0.12609022855758667
10212,0.12601083517074585
10213,0.12592260539531708
10214,0.12582476437091827
10215,0.1257222294807434
10216,0.1256379783153534
10217,0.12557123601436615
10218,0.12549759447574615
10219,0.12540653347969055
10220,0.1252956986427307
10221,0.1252000629901886
10222,0.12513218820095062
10223,0.12506945431232452
10224,0.12499333173036575
10225,0.12488430738449097
10226,0.12477211654186249
10227,0.12468546628952026
10228,0.12461331486701965
10229,0.12453953176736832
10230,0.12444300949573517
10231,0.12433774024248123
10232,0.12424708902835846
10233,0.12416843324899673
10234,0.12409181147813797
10235,0.12400124967098236
10236,0.12390415370464325
10237,0.12381517142057419
10238,0.1237354725599289
10239,0.12366079539060593
10240,0.12357313185930252
10241,0.12347536534070969
10242,0.12338174134492874
10243,0.1232931986451149
10244,0.12320870906114578
10245,0.1231221929192543
10246,0.12303515523672104
10247,0.1229509711265564
10248,0.12287020683288574
10249,0.12279326468706131
10250,0.12270913273096085
10251,0.1226189061999321
10252,0.1225324496626854
10253,0.12244958430528641
10254,0.1223708987236023
10255,0.12231037765741348
10256,0.12228679656982422
10257,0.12231158465147018
10258,0.12242483347654343
10259,0.12270216643810272
10260,0.12319391220808029
10261,0.12410084903240204
10262,0.12597616016864777
10263,0.12972989678382874
10264,0.13730575144290924
10265,0.1518285572528839
10266,0.18038974702358246
10267,0.23378455638885498
10268,0.33046162128448486
10269,0.4657520055770874
10270,0.5927039384841919
10271,0.552513062953949
10272,0.3410354256629944
10273,0.1520759016275406
10274,0.1961134374141693
10275,0.314879834651947
10276,0.2773463726043701
10277,0.17151939868927002
10278,0.17019179463386536
10279,0.2282668650150299
10280,0.19690385460853577
10281,0.14378927648067474
10282,0.17602016031742096
10283,0.1961304396390915
10284,0.14961989223957062
10285,0.13436825573444366
10286,0.1761859804391861
10287,0.17173245549201965
10288,0.1290571093559265
10289,0.14080075919628143
10290,0.16853681206703186
10291,0.1443433165550232
10292,0.1244533434510231
10293,0.14791536331176758
10294,0.1499662697315216
10295,0.1262374222278595
10296,0.1282232701778412
10297,0.14318853616714478
10298,0.13456867635250092
10299,0.12330159544944763
10300,0.1299765706062317
10301,0.1336909532546997
10302,0.12772682309150696
10303,0.12651650607585907
10304,0.128825381398201
10305,0.12504136562347412
10306,0.1258208304643631
10307,0.1313105672597885
10308,0.12845289707183838
10309,0.12160021811723709
10310,0.12373559176921844
10311,0.1310950666666031
10312,0.12925012409687042
10313,0.12299910187721252
10314,0.12258780002593994
10315,0.1256747990846634
10316,0.12654198706150055
10317,0.12526720762252808
10318,0.1243404969573021
10319,0.12250227481126785
10320,0.1214364767074585
10321,0.12350454926490784
10322,0.1252823770046234
10323,0.12313733994960785
10324,0.1196465790271759
10325,0.11982398480176926
10326,0.12276816368103027
10327,0.12350829690694809
10328,0.12120235711336136
10329,0.11908433586359024
10330,0.11919482797384262
10331,0.12091860175132751
10332,0.12188160419464111
10333,0.12090779095888138
10334,0.11903074383735657
10335,0.11813556402921677
10336,0.11942173540592194
10337,0.12094036489725113
10338,0.1205592155456543
10339,0.11876285821199417
10340,0.11760241538286209
10341,0.11842762678861618
10342,0.11970973014831543
10343,0.11975181847810745
10344,0.11865073442459106
10345,0.1175200492143631
10346,0.1175106018781662
10347,0.11823786050081253
10348,0.11875737458467484
10349,0.11849460750818253
10350,0.11750475317239761
10351,0.11679118871688843
10352,0.11693230271339417
10353,0.11758878082036972
10354,0.11790786683559418
10355,0.11729928106069565
10356,0.11638528108596802
10357,0.11605653166770935
10358,0.11643905192613602
10359,0.11691325157880783
10360,0.11674106121063232
10361,0.11606315523386002
10362,0.11556517332792282
10363,0.11557479202747345
10364,0.1158652976155281
10365,0.11591527611017227
10366,0.1155843660235405
10367,0.11519438773393631
10368,0.11502261459827423
10369,0.11507216840982437
10370,0.11511131376028061
10371,0.11497508734464645
10372,0.11474518477916718
10373,0.11458267271518707
10374,0.11453668028116226
10375,0.11452800035476685
10376,0.1144496500492096
10377,0.11428630352020264
10378,0.11414212733507156
10379,0.11407870054244995
10380,0.11406262964010239
10381,0.11402446776628494
10382,0.11390123516321182
10383,0.11375480145215988
10384,0.113662488758564
10385,0.11361728608608246
10386,0.11358562111854553
10387,0.11349547654390335
10388,0.11336277425289154
10389,0.11325904726982117
10390,0.11319229006767273
10391,0.11315155029296875
10392,0.11307107657194138
10393,0.11293287575244904
10394,0.11280037462711334
10395,0.11271365731954575
10396,0.11268526315689087
10397,0.11264567077159882
10398,0.11253383010625839
10399,0.11237914860248566
10400,0.11224416643381119
10401,0.11219067871570587
10402,0.11217787116765976
10403,0.11212252080440521
10404,0.11200004070997238
10405,0.11183807253837585
10406,0.11172837018966675
10407,0.11169279366731644
10408,0.1116696447134018
10409,0.11160318553447723
10410,0.111461341381073
10411,0.11131115257740021
10412,0.11121883988380432
10413,0.11117039620876312
10414,0.11112451553344727
10415,0.11102906614542007
10416,0.11090023070573807
10417,0.1107882708311081
10418,0.11070582270622253
10419,0.11064422130584717
10420,0.11056746542453766
10421,0.11046906560659409
10422,0.11037043482065201
10423,0.11027887463569641
10424,0.11019780486822128
10425,0.11011384427547455
10426,0.11002342402935028
10427,0.10993519425392151
10428,0.10984876751899719
10429,0.10976405441761017
10430,0.10967828333377838
10431,0.1095941811800003
10432,0.10951302945613861
10433,0.10943403095006943
10434,0.10935746133327484
10435,0.10927210748195648
10436,0.10918287187814713
10437,0.10909952223300934
10438,0.10901959985494614
10439,0.10894136130809784
10440,0.10887079685926437
10441,0.10882237553596497
10442,0.10880395770072937
10443,0.10883652418851852
10444,0.10895766317844391
10445,0.1091659814119339
10446,0.10953579097986221
10447,0.11030273139476776
10448,0.11180011183023453
10449,0.1146901324391365
10450,0.12011578679084778
10451,0.13045388460159302
10452,0.14986512064933777
10453,0.1863907277584076
10454,0.25029894709587097
10455,0.3500367999076843
10456,0.46897485852241516
10457,0.5676755905151367
10458,0.5230491161346436
10459,0.32787519693374634
10460,0.1430257111787796
10461,0.1472555696964264
10462,0.2708323299884796
10463,0.3141353726387024
10464,0.21627607941627502
10465,0.12524813413619995
10466,0.16741669178009033
10467,0.23364180326461792
10468,0.19893506169319153
10469,0.13371998071670532
10470,0.14000271260738373
10471,0.17996369302272797
10472,0.16741839051246643
10473,0.12556542456150055
10474,0.13003362715244293
10475,0.1502806842327118
10476,0.13386820256710052
10477,0.11748781055212021
10478,0.1284218281507492
10479,0.13530081510543823
10480,0.11949692666530609
10481,0.11314785480499268
10482,0.12652109563350677
10483,0.1263742595911026
10484,0.11199025064706802
10485,0.11265767365694046
10486,0.12292768061161041
10487,0.11890078336000443
10488,0.10903722047805786
10489,0.11169859766960144
10490,0.11856462806463242
10491,0.1144227385520935
10492,0.10756191611289978
10493,0.11107427626848221
10494,0.115119069814682
10495,0.11092640459537506
10496,0.10704419761896133
10497,0.10967909544706345
10498,0.11201547831296921
10499,0.10907599329948425
10500,0.106373131275177
10501,0.10812358558177948
10502,0.10965043306350708
10503,0.1077626645565033
10504,0.10616409778594971
10505,0.10695255547761917
10506,0.10768358409404755
10507,0.106928750872612
10508,0.1060563325881958
10509,0.1063302680850029
10510,0.10641302913427353
10511,0.10586824268102646
10512,0.10583866387605667
10513,0.10614322870969772
10514,0.10587943345308304
10515,0.10512011498212814
10516,0.10504944622516632
10517,0.10570087283849716
10518,0.10582034289836884
10519,0.10509383678436279
10520,0.10451134294271469
10521,0.1047545075416565
10522,0.10515939444303513
10523,0.10505056381225586
10524,0.10463986545801163
10525,0.10438358783721924
10526,0.10436894744634628
10527,0.1042843759059906
10528,0.10420563817024231
10529,0.10425733029842377
10530,0.10422178357839584
10531,0.10393969714641571
10532,0.10354430228471756
10533,0.10343116521835327
10534,0.10363603383302689
10535,0.10373727232217789
10536,0.10349048674106598
10537,0.10308902710676193
10538,0.1029001772403717
10539,0.10296992212533951
10540,0.1030278280377388
10541,0.10288778692483902
10542,0.10264480113983154
10543,0.1025121882557869
10544,0.10249953716993332
10545,0.10247555375099182
10546,0.102350614964962
10547,0.10217490047216415
10548,0.1020784005522728
10549,0.10205806791782379
10550,0.10202515125274658
10551,0.10192959010601044
10552,0.1017952710390091
10553,0.10170674324035645
10554,0.10167093575000763
10555,0.10161733627319336
10556,0.10151062905788422
10557,0.10137306153774261
10558,0.10126900672912598
10559,0.1012205109000206
10560,0.10118305683135986
10561,0.10110896080732346
10562,0.10099104791879654
10563,0.10087381303310394
10564,0.10079365968704224
10565,0.10074543207883835
10566,0.10069331526756287
10567,0.10060366243124008
10568,0.10049676895141602
10569,0.10040947049856186
10570,0.10034595429897308
10571,0.10028882324695587
10572,0.10020870715379715
10573,0.10010290890932083
10574,0.09999952465295792
10575,0.09992265701293945
10576,0.099871426820755
10577,0.09981440007686615
10578,0.09973276406526566
10579,0.09963962435722351
10580,0.09955167770385742
10581,0.09948549419641495
10582,0.09943324327468872
10583,0.09937041997909546
10584,0.09929446876049042
10585,0.09923416376113892
10586,0.09922923147678375
10587,0.09929731488227844
10588,0.09946415573358536
10589,0.09979292005300522
10590,0.10034714639186859
10591,0.10134819149971008
10592,0.10334137082099915
10593,0.10713372379541397
10594,0.11443685740232468
10595,0.1276712715625763
10596,0.15240740776062012
10597,0.19534289836883545
10598,0.26808249950408936
10599,0.35928693413734436
10600,0.4366358816623688
10601,0.3997708857059479
10602,0.25771385431289673
10603,0.12154672294855118
10604,0.12892714142799377
10605,0.2189701497554779
10606,0.2340630441904068
10607,0.15964630246162415
10608,0.10486198961734772
10609,0.13907359540462494
10610,0.17626142501831055
10611,0.14523884654045105
10612,0.10752071440219879
10613,0.11740734428167343
10614,0.14406178891658783
10615,0.13058313727378845
10616,0.1032128781080246
10617,0.111127570271492
10618,0.1277753710746765
10619,0.1181025505065918
10620,0.10126804560422897
10621,0.11060161143541336
10622,0.12352164834737778
10623,0.11300481110811234
10624,0.10040851682424545
10625,0.10800293833017349
10626,0.12030722200870514
10627,0.11301539093255997
10628,0.10132060199975967
10629,0.1048588752746582
10630,0.11386150866746902
10631,0.11178482323884964
10632,0.10280059278011322
10633,0.10289636254310608
10634,0.10812133550643921
10635,0.10726981610059738
10636,0.10254329442977905
10637,0.10199981927871704
10638,0.10520441830158234
10639,0.10416881740093231
10640,0.10017464309930801
10641,0.09994091093540192
10642,0.10291276127099991
10643,0.10334914177656174
10644,0.09959933906793594
10645,0.09727600961923599
10646,0.09947435557842255
10647,0.10194869339466095
10648,0.10067395120859146
10649,0.09737402200698853
10650,0.09641983360052109
10651,0.09857849031686783
10652,0.10018838196992874
10653,0.09902490675449371
10654,0.09674665331840515
10655,0.09592515230178833
10656,0.09725211560726166
10657,0.09866101294755936
10658,0.09835876524448395
10659,0.09680909663438797
10660,0.09552253037691116
10661,0.09593608230352402
10662,0.09727861732244492
10663,0.09777271002531052
10664,0.09688781201839447
10665,0.09536982327699661
10666,0.09502307325601578
10667,0.09602893143892288
10668,0.09693904221057892
10669,0.09673290699720383
10670,0.09541446715593338
10671,0.09456389397382736
10672,0.0949731394648552
10673,0.09582419693470001
10674,0.09614910930395126
10675,0.09538232535123825
10676,0.09446439892053604
10677,0.09430775791406631
10678,0.09469646960496902
10679,0.0951024740934372
10680,0.09487266093492508
10681,0.09432607889175415
10682,0.09403330087661743
10683,0.09398311376571655
10684,0.09407611191272736
10685,0.093993179500103
10686,0.09383327513933182
10687,0.09377001225948334
10688,0.09365127980709076
10689,0.09347575902938843
10690,0.09323979169130325
10691,0.0931645855307579
10692,0.0932980626821518
10693,0.0933515653014183
10694,0.09319284558296204
10695,0.09284410625696182
10696,0.09265944361686707
10697,0.09278373420238495
10698,0.09296012669801712
10699,0.09295328706502914
10700,0.09262292087078094
10701,0.09230845421552658
10702,0.09229838103055954
10703,0.09247056394815445
10704,0.09260348975658417
10705,0.09240131080150604
10706,0.09204241633415222
10707,0.09186343103647232
10708,0.09188015758991241
10709,0.09199335426092148
10710,0.09193670749664307
10711,0.09171237051486969
10712,0.09153274446725845
10713,0.09143586456775665
10714,0.091414675116539
10715,0.09135955572128296
10716,0.0912485420703888
10717,0.09115942567586899
10718,0.09109344333410263
10719,0.09104590862989426
10720,0.09096356481313705
10721,0.09086745977401733
10722,0.09080540388822556
10723,0.09076538681983948
10724,0.09073583781719208
10725,0.09064862877130508
10726,0.09053543955087662
10727,0.09045901149511337
10728,0.09040595591068268
10729,0.0903637558221817
10730,0.09027928858995438
10731,0.09017443656921387
10732,0.09009883552789688
10733,0.09004673361778259
10734,0.09001097083091736
10735,0.08993718773126602
10736,0.0898357406258583
10737,0.08975264430046082
10738,0.08968339115381241
10739,0.08962525427341461
10740,0.08955289423465729
10741,0.08947423100471497
10742,0.08940992504358292
10743,0.0893561914563179
10744,0.08931263536214828
10745,0.08924104273319244
10746,0.08914891630411148
10747,0.08906959742307663
10748,0.08899776637554169
10749,0.08893036842346191
10750,0.0888696238398552
10751,0.08883588761091232
10752,0.08883900195360184
10753,0.08890035003423691
10754,0.08906447142362595
10755,0.08927910029888153
10756,0.08960043638944626
10757,0.09031445533037186
10758,0.09176327288150787
10759,0.09465578943490982
10760,0.10045686364173889
10761,0.11212018877267838
10762,0.1347387731075287
10763,0.1788489818572998
10764,0.258114218711853
10765,0.3828830122947693
10766,0.5244408249855042
10767,0.6248271465301514
10768,0.5208158493041992
10769,0.2600662112236023
10770,0.09747835248708725
10771,0.18104036152362823
10772,0.3254948556423187
10773,0.292633980512619
10774,0.13597285747528076
10775,0.10594016313552856
10776,0.2079150676727295
10777,0.22390177845954895
10778,0.12957799434661865
10779,0.09999595582485199
10780,0.15896864235401154
10781,0.1657535582780838
10782,0.10704083740711212
10783,0.09737248718738556
10784,0.13558964431285858
10785,0.123295858502388
10786,0.09275399893522263
10787,0.10766652226448059
10788,0.12476067990064621
10789,0.10468544811010361
10790,0.09186207503080368
10791,0.11544862389564514
10792,0.11840105801820755
10793,0.09458032995462418
10794,0.09427361190319061
10795,0.11178265511989594
10796,0.1081809252500534
10797,0.09129901230335236
10798,0.09453467279672623
10799,0.10532538592815399
10800,0.0992468073964119
10801,0.08983153849840164
10802,0.09428205341100693
10803,0.0992259830236435
10804,0.09343387186527252
10805,0.08907951414585114
10806,0.09240748733282089
10807,0.09441853314638138
10808,0.09025748074054718
10809,0.08815248310565948
10810,0.0906650498509407
10811,0.0909775123000145
10812,0.08871562033891678
10813,0.08794877678155899
10814,0.08918476104736328
10815,0.08902111649513245
10816,0.08791249990463257
10817,0.08830129355192184
10818,0.0888427346944809
10819,0.08798553794622421
10820,0.08707364648580551
10821,0.08799683302640915
10822,0.0889548733830452
10823,0.08812897652387619
10824,0.08687002956867218
10825,0.08706063032150269
10826,0.0881376639008522
10827,0.08800309151411057
10828,0.08708348870277405
10829,0.08687605708837509
10830,0.0873543992638588
10831,0.08738087117671967
10832,0.08663752675056458
10833,0.08637993037700653
10834,0.08688324689865112
10835,0.08714646846055984
10836,0.08656381070613861
10837,0.085769884288311
10838,0.08578377217054367
10839,0.08631513267755508
10840,0.08646552264690399
10841,0.08597833663225174
10842,0.08543016016483307
10843,0.08540036529302597
10844,0.08561892807483673
10845,0.0856156051158905
10846,0.08532433956861496
10847,0.08506686240434647
10848,0.08508971333503723
10849,0.0851791650056839
10850,0.08509640395641327
10851,0.08485912531614304
10852,0.08466584235429764
10853,0.08465875685214996
10854,0.08471132814884186
10855,0.08466591686010361
10856,0.08452122658491135
10857,0.084384024143219
10858,0.08434600383043289
10859,0.08435316383838654
10860,0.08430095762014389
10861,0.08417534828186035
10862,0.08404110372066498
10863,0.0839708223938942
10864,0.08395707607269287
10865,0.08393093198537827
10866,0.08385556936264038
10867,0.08375045657157898
10868,0.08366671949625015
10869,0.08362603932619095
10870,0.08359520882368088
10871,0.08354055136442184
10872,0.08345482498407364
10873,0.08336636424064636
10874,0.08330636471509933
10875,0.08326403796672821
10876,0.08321703970432281
10877,0.08314844965934753
10878,0.08306419104337692
10879,0.08299136906862259
10880,0.08293654024600983
10881,0.08289260417222977
10882,0.08284146338701248
10883,0.08277358114719391
10884,0.08270321041345596
10885,0.08263906091451645
10886,0.08258873224258423
10887,0.08254557847976685
10888,0.08249606192111969
10889,0.08244332671165466
10890,0.08239436149597168
10891,0.08236619085073471
10892,0.0823686420917511
10893,0.08240840584039688
10894,0.08250795304775238
10895,0.08269409835338593
10896,0.08304664492607117
10897,0.08372388035058975
10898,0.08497007936239243
10899,0.0872572660446167
10900,0.09133897721767426
10901,0.09873761236667633
10902,0.11198587715625763
10903,0.1355850100517273
10904,0.1745118647813797
10905,0.23268786072731018
10906,0.29816171526908875
10907,0.34389728307724
10908,0.3094325363636017
10909,0.20052951574325562
10910,0.10152003914117813
10911,0.10101702809333801
10912,0.168808713555336
10913,0.20444142818450928
10914,0.16452714800834656
10915,0.10061047226190567
10916,0.0933585911989212
10917,0.13301771879196167
10918,0.1496586799621582
10919,0.12100479751825333
10920,0.08945080637931824
10921,0.09696768969297409
10922,0.12012019753456116
10923,0.11726328730583191
10924,0.09539448469877243
10925,0.0880550891160965
10926,0.10129694640636444
10927,0.10678128898143768
10928,0.09526854008436203
10929,0.08694107085466385
10930,0.0912790298461914
10931,0.09710133820772171
10932,0.09354589879512787
10933,0.08714623004198074
10934,0.08715306967496872
10935,0.08991722017526627
10936,0.08948258310556412
10937,0.08663270622491837
10938,0.08572668582201004
10939,0.08658560365438461
10940,0.08596169203519821
10941,0.08455874025821686
10942,0.0844586119055748
10943,0.08513788133859634
10944,0.08451839536428452
10945,0.0827796533703804
10946,0.08239896595478058
10947,0.08354330062866211
10948,0.0839628204703331
10949,0.08256068825721741
10950,0.08102395385503769
10951,0.08134811371564865
10952,0.08260892331600189
10953,0.082667775452137
10954,0.08127480745315552
10955,0.08019088953733444
10956,0.0806361585855484
10957,0.08160322904586792
10958,0.08158078044652939
10959,0.08055804669857025
10960,0.07978520542383194
10961,0.08003253489732742
10962,0.0806652382016182
10963,0.08072791993618011
10964,0.08012548834085464
10965,0.07955190539360046
10966,0.07955284416675568
10967,0.07988541573286057
10968,0.07999270409345627
10969,0.07971116155385971
10970,0.07933945208787918
10971,0.07921752333641052
10972,0.07932765036821365
10973,0.07939033955335617
10974,0.07926668226718903
10975,0.07904686033725739
10976,0.07891654223203659
10977,0.07892675697803497
10978,0.07893815636634827
10979,0.07885777205228806
10980,0.07870451360940933
10981,0.07858119159936905
10982,0.07855894416570663
10983,0.07856445759534836
10984,0.07852312922477722
10985,0.07841072976589203
10986,0.07828190922737122
10987,0.07821353524923325
10988,0.07819470018148422
10989,0.07818572223186493
10990,0.0781334936618805
10991,0.07804177701473236
10992,0.07795482128858566
10993,0.07788927108049393
10994,0.0778542011976242
10995,0.07781551778316498
10996,0.07776181399822235
10997,0.0777016431093216
10998,0.07763589173555374
10999,0.07758267223834991
11000,0.0775275006890297
11001,0.07747199386358261
11002,0.07741889357566833
11003,0.07736114412546158
11004,0.07730820775032043
11005,0.07725102454423904
11006,0.07719578593969345
11007,0.07714273035526276
11008,0.07708882540464401
11009,0.07703935354948044
11010,0.07698676735162735
11011,0.07693778723478317
11012,0.07688674330711365
11013,0.07683319598436356
11014,0.07678192108869553
11015,0.07672502100467682
11016,0.07667265832424164
11017,0.07662208378314972
11018,0.07657239586114883
11019,0.07652435451745987
11020,0.07646987587213516
11021,0.07641635835170746
11022,0.07636227458715439
11023,0.07630982249975204
11024,0.07625969499349594
11025,0.07620733231306076
11026,0.07615779340267181
11027,0.07610708475112915
11028,0.07605753093957901
11029,0.07600891590118408
11030,0.07595719397068024
11031,0.07590670138597488
11032,0.07585526257753372
11033,0.07580514997243881
11034,0.07575561106204987
11035,0.07570755481719971
11036,0.07566691190004349
11037,0.07563138008117676
11038,0.075607068836689
11039,0.07560066133737564
11040,0.07560926675796509
11041,0.07565035670995712
11042,0.07576694339513779
11043,0.0760263204574585
11044,0.07654987275600433
11045,0.07754972577095032
11046,0.07945055514574051
11047,0.08318053930997849
11048,0.09038396179676056
11049,0.10460873693227768
11050,0.12968507409095764
11051,0.17581678926944733
11052,0.2539626657962799
11053,0.37955302000045776
11054,0.5077702403068542
11055,0.5577629208564758
11056,0.39355647563934326
11057,0.15998169779777527
11058,0.08651100099086761
11059,0.2103770673274994
11060,0.3011280596256256
11061,0.20558905601501465
11062,0.08702077716588974
11063,0.11981511116027832
11064,0.20450618863105774
11065,0.16676905751228333
11066,0.08525072783231735
11067,0.110511913895607
11068,0.17190152406692505
11069,0.13968639075756073
11070,0.08056153357028961
11071,0.11331301182508469
11072,0.1504155695438385
11073,0.10960205644369125
11074,0.07796744257211685
11075,0.11618374288082123
11076,0.135328471660614
11077,0.09226002544164658
11078,0.08164897561073303
11079,0.11295858025550842
11080,0.11241532862186432
11081,0.0824773907661438
11082,0.08342844247817993
11083,0.10450877249240875
11084,0.09556189179420471
11085,0.07781234383583069
11086,0.08268384635448456
11087,0.09229236096143723
11088,0.08462411165237427
11089,0.07631836831569672
11090,0.08130945265293121
11091,0.08323807269334793
11092,0.07805625349283218
11093,0.07655482739210129
11094,0.0800468698143959
11095,0.07909808307886124
11096,0.0758410170674324
11097,0.07739537954330444
11098,0.07943646609783173
11099,0.07737457007169724
11100,0.07536597549915314
11101,0.07806263118982315
11102,0.07954838126897812
11103,0.07685039192438126
11104,0.07516318559646606
11105,0.07744492590427399
11106,0.07942342013120651
11107,0.07699562609195709
11108,0.0747864693403244
11109,0.0761788934469223
11110,0.0782441720366478
11111,0.07730346918106079
11112,0.07475104182958603
11113,0.07479210197925568
11114,0.07650301605463028
11115,0.07675287127494812
11116,0.07515648007392883
11117,0.07411280274391174
11118,0.07491647452116013
11119,0.0756400004029274
11120,0.07507728040218353
11121,0.0740625411272049
11122,0.07390670478343964
11123,0.07451756298542023
11124,0.07463952898979187
11125,0.0741032212972641
11126,0.07359643280506134
11127,0.07362480461597443
11128,0.0739160105586052
11129,0.0738692507147789
11130,0.07354819029569626
11131,0.07330594956874847
11132,0.07332027703523636
11133,0.07343260198831558
11134,0.07337724417448044
11135,0.07319872826337814
11136,0.07304631173610687
11137,0.07300445437431335
11138,0.07302813231945038
11139,0.07299622893333435
11140,0.07290542125701904
11141,0.07280321419239044
11142,0.07273650914430618
11143,0.07271747291088104
11144,0.07269520312547684
11145,0.07264610379934311
11146,0.07257353514432907
11147,0.07249738276004791
11148,0.07244981080293655
11149,0.07242222875356674
11150,0.07239235937595367
11151,0.07234305143356323
11152,0.07227075099945068
11153,0.07220514118671417
11154,0.07216260582208633
11155,0.07213613390922546
11156,0.07210621982812881
11157,0.07205045968294144
11158,0.0719829723238945
11159,0.07192808389663696
11160,0.07189474254846573
11161,0.07187577337026596
11162,0.07184413075447083
11163,0.07179610431194305
11164,0.07175052165985107
11165,0.0717301294207573
11166,0.07175236940383911
11167,0.07181058079004288
11168,0.0719120055437088
11169,0.07209818810224533
11170,0.07245130836963654
11171,0.07312104851007462
11172,0.07435514777898788
11173,0.07656210660934448
11174,0.08055666089057922
11175,0.08764968812465668
11176,0.10043498128652573
11177,0.12234792113304138
11178,0.15906310081481934
11179,0.21098078787326813
11180,0.2714534401893616
11181,0.3001022934913635
11182,0.26108983159065247
11183,0.15794870257377625
11184,0.08015963435173035
11185,0.09285367280244827
11186,0.15385138988494873
11187,0.17570284008979797
11188,0.13014566898345947
11189,0.08003135025501251
11190,0.08524194359779358
11191,0.12035693228244781
11192,0.1264638751745224
11193,0.09563899040222168
11194,0.07513559609651566
11195,0.08844961225986481
11196,0.10435885190963745
11197,0.0952930822968483
11198,0.0770597904920578
11199,0.07776795327663422
11200,0.08999571204185486
11201,0.08877399563789368
11202,0.07694502174854279
11203,0.07365380227565765
11204,0.08137483894824982
11205,0.08420000970363617
11206,0.07655864208936691
11207,0.07158277183771133
11208,0.07569471746683121
11209,0.08001919090747833
11210,0.07673833519220352
11211,0.0714326724410057
11212,0.0721002146601677
11213,0.07596533745527267
11214,0.0760924220085144
11215,0.07241823524236679
11216,0.07074393332004547
11217,0.07278691232204437
11218,0.07439382374286652
11219,0.0730186253786087
11220,0.07092504948377609
11221,0.07105831056833267
11222,0.07244589179754257
11223,0.07249334454536438
11224,0.07118338346481323
11225,0.07046528160572052
11226,0.07112403213977814
11227,0.07172229140996933
11228,0.07118779420852661
11229,0.0703115239739418
11230,0.07021299749612808
11231,0.07079705595970154
11232,0.0709841176867485
11233,0.07041699439287186
11234,0.06985005736351013
11235,0.06989268213510513
11236,0.07031190395355225
11237,0.07038391381502151
11238,0.06995013356208801
11239,0.06955152750015259
11240,0.06957601755857468
11241,0.06985951960086823
11242,0.06992145627737045
11243,0.06963314861059189
11244,0.06932719051837921
11245,0.0692804828286171
11246,0.06945578008890152
11247,0.06954151391983032
11248,0.0693868026137352
11249,0.06915110349655151
11250,0.06903032958507538
11251,0.06909798085689545
11252,0.069187693297863
11253,0.06914126873016357
11254,0.06898300349712372
11255,0.06882581114768982
11256,0.06879498809576035
11257,0.06884761154651642
11258,0.06886044889688492
11259,0.06878063827753067
11260,0.0686379224061966
11261,0.06854552775621414
11262,0.06853889673948288
11263,0.06856124848127365
11264,0.06854205578565598
11265,0.06844953447580338
11266,0.06834543496370316
11267,0.0682869479060173
11268,0.06827810406684875
11269,0.0682787075638771
11270,0.06823703646659851
11271,0.06816186755895615
11272,0.06808850169181824
11273,0.06804128736257553
11274,0.06801816076040268
11275,0.06798998266458511
11276,0.06794629991054535
11277,0.06789349764585495
11278,0.06784068048000336
11279,0.06779350340366364
11280,0.06774979084730148
11281,0.06770981848239899
11282,0.06767290085554123
11283,0.06763748079538345
11284,0.06760036200284958
11285,0.06755547225475311
11286,0.06750702857971191
11287,0.06746119260787964
11288,0.06741932779550552
11289,0.06737973541021347
11290,0.06733980029821396
11291,0.06730218231678009
11292,0.06726644933223724
11293,0.06723269820213318
11294,0.06720133125782013
11295,0.06716178357601166
11296,0.06711680442094803
11297,0.06707759201526642
11298,0.0670446902513504
11299,0.06701865792274475
11300,0.06701773405075073
11301,0.06706516444683075
11302,0.06718020886182785
11303,0.06741990149021149
11304,0.06789535284042358
11305,0.06866664439439774
11306,0.07002129405736923
11307,0.0726698562502861
11308,0.07790745049715042
11309,0.08797545731067657
11310,0.10693247616291046
11311,0.14085665345191956
11312,0.2042614221572876
11313,0.3011680543422699
11314,0.4344863295555115
11315,0.49724555015563965
11316,0.42462053894996643
11317,0.21365076303482056
11318,0.07757796347141266
11319,0.1318541169166565
11320,0.24017402529716492
11321,0.2286984920501709
11322,0.11854160577058792
11323,0.07717563211917877
11324,0.1389896124601364
11325,0.15971922874450684
11326,0.10324518382549286
11327,0.0731894001364708
11328,0.110262930393219
11329,0.13509346544742584
11330,0.09315810352563858
11331,0.07147131115198135
11332,0.10432583093643188
11333,0.11539347469806671
11334,0.0829433724284172
11335,0.07188315689563751
11336,0.10551685094833374
11337,0.11123982071876526
11338,0.07862207293510437
11339,0.07134010642766953
11340,0.09841655939817429
11341,0.10394158959388733
11342,0.0766628310084343
11343,0.07025406509637833
11344,0.08969571441411972
11345,0.09463135898113251
11346,0.07621194422245026
11347,0.06854807585477829
11348,0.08142385631799698
11349,0.08487147092819214
11350,0.0736977830529213
11351,0.06759782135486603
11352,0.07416790723800659
11353,0.07793759554624557
11354,0.07135367393493652
11355,0.0672004297375679
11356,0.06968864798545837
11357,0.07200157642364502
11358,0.06945166736841202
11359,0.06688982248306274
11360,0.0678120031952858
11361,0.06846687197685242
11362,0.06764613091945648
11363,0.0668308362364769
11364,0.06719295680522919
11365,0.06719441711902618
11366,0.06651774048805237
11367,0.06655215471982956
11368,0.06701793521642685
11369,0.06701032817363739
11370,0.0663023442029953
11371,0.06637866795063019
11372,0.067003034055233
11373,0.06695260107517242
11374,0.06635379046201706
11375,0.06619015336036682
11376,0.06705868244171143
11377,0.06732548028230667
11378,0.06647325307130814
11379,0.06580841541290283
11380,0.0663144439458847
11381,0.06745278090238571
11382,0.06729079782962799
11383,0.06606604158878326
11384,0.06548967212438583
11385,0.06626242399215698
11386,0.06733870506286621
11387,0.06699730455875397
11388,0.06576674431562424
11389,0.06529311090707779
11390,0.0660664439201355
11391,0.0670003592967987
11392,0.0666576400399208
11393,0.06553985923528671
11394,0.0650705024600029
11395,0.06568709760904312
11396,0.06651809066534042
11397,0.0663376972079277
11398,0.0654100850224495
11399,0.06487935781478882
11400,0.06524435430765152
11401,0.06595964729785919
11402,0.06598813086748123
11403,0.06529566645622253
11404,0.06470818817615509
11405,0.06479815393686295
11406,0.0653703361749649
11407,0.06560025364160538
11408,0.0651962012052536
11409,0.06462669372558594
11410,0.06445477902889252
11411,0.06480701267719269
11412,0.06514464318752289
11413,0.0650358647108078
11414,0.06459885090589523
11415,0.06425140798091888
11416,0.06433502584695816
11417,0.06464171409606934
11418,0.06475790590047836
11419,0.06453972309827805
11420,0.06416210532188416
11421,0.06401322782039642
11422,0.06416759639978409
11423,0.0643666684627533
11424,0.06436632573604584
11425,0.06409993767738342
11426,0.0638415664434433
11427,0.06381046772003174
11428,0.06393856555223465
11429,0.06404095888137817
11430,0.06393503397703171
11431,0.06371832638978958
11432,0.06359056383371353
11433,0.06359290331602097
11434,0.06366043537855148
11435,0.0636436715722084
11436,0.06353003531694412
11437,0.06342324614524841
11438,0.0633653998374939
11439,0.06335686147212982
11440,0.06334026902914047
11441,0.06329507380723953
11442,0.06325595825910568
11443,0.06324019283056259
11444,0.06326284259557724
11445,0.06331991404294968
11446,0.06344618648290634
11447,0.06373576074838638
11448,0.06434281915426254
11449,0.06557384133338928
11450,0.0680951476097107
11451,0.07322431355714798
11452,0.08367744833230972
11453,0.10434134304523468
11454,0.14487817883491516
11455,0.21469061076641083
11456,0.32143282890319824
11457,0.41874831914901733
11458,0.4170688986778259
11459,0.25105318427085876
11460,0.08838289976119995
11461,0.10953658819198608
11462,0.2247072011232376
11463,0.22897972166538239
11464,0.1159055158495903
11465,0.0801938995718956
11466,0.1508052796125412
11467,0.16458925604820251
11468,0.09910809993743896
11469,0.07716258615255356
11470,0.12419910728931427
11471,0.13114207983016968
11472,0.07863186299800873
11473,0.07424086332321167
11474,0.10930466651916504
11475,0.09600581973791122
11476,0.06700748205184937
11477,0.07944116741418839
11478,0.09496624767780304
11479,0.07746320217847824
11480,0.06650958210229874
11481,0.08165808022022247
11482,0.08147424459457397
11483,0.06708811968564987
11484,0.0710027739405632
11485,0.07850079238414764
11486,0.07070821523666382
11487,0.065122589468956
11488,0.0719902291893959
11489,0.07375724613666534
11490,0.06557420641183853
11491,0.06494466960430145
11492,0.07075878977775574
11493,0.06893080472946167
11494,0.06440844386816025
11495,0.06568925082683563
11496,0.06785859167575836
11497,0.06578212231397629
11498,0.06418350338935852
11499,0.06618206202983856
11500,0.06602760404348373
11501,0.06351108103990555
11502,0.06389627605676651
11503,0.0657387301325798
11504,0.0651281550526619
11505,0.06313465535640717
11506,0.06323634088039398
11507,0.06450092047452927
11508,0.0641510859131813
11509,0.06334486603736877
11510,0.06344239413738251
11511,0.06351137161254883
11512,0.06299581378698349
11513,0.06281857192516327
11514,0.06340398639440536
11515,0.06344051659107208
11516,0.06260422617197037
11517,0.062221039086580276
11518,0.06267272680997849
11519,0.0629955604672432
11520,0.06261865049600601
11521,0.06217946112155914
11522,0.06220322847366333
11523,0.06231782212853432
11524,0.062217626720666885
11525,0.06207090988755226
11526,0.06205325573682785
11527,0.06202154979109764
11528,0.061873581260442734
11529,0.061783578246831894
11530,0.061807479709386826
11531,0.06180601194500923
11532,0.06170061230659485
11533,0.06159602850675583
11534,0.06160609424114227
11535,0.06161291152238846
11536,0.06153930723667145
11537,0.061459507793188095
11538,0.06144421547651291
11539,0.061475757509469986
11540,0.06142466515302658
11541,0.06131451949477196
11542,0.0612642727792263
11543,0.0612790510058403
11544,0.06130044907331467
11545,0.06123945489525795
11546,0.061137404292821884
11547,0.061086077243089676
11548,0.06107344850897789
11549,0.06106303259730339
11550,0.06101248785853386
11551,0.06094940006732941
11552,0.06091446802020073
11553,0.06089215725660324
11554,0.0608668327331543
11555,0.06081842631101608
11556,0.06077047437429428
11557,0.060744594782590866
11558,0.06072570011019707
11559,0.060706574469804764
11560,0.06066180020570755
11561,0.06060675159096718
11562,0.060568246990442276
11563,0.0605371929705143
11564,0.06050940603017807
11565,0.06047094240784645
11566,0.0604286715388298
11567,0.06039660796523094
11568,0.060369521379470825
11569,0.060345228761434555
11570,0.060306910425424576
11571,0.06026136875152588
11572,0.06022496148943901
11573,0.060192953795194626
11574,0.06016373261809349
11575,0.06012720614671707
11576,0.06008819490671158
11577,0.060056935995817184
11578,0.060030966997146606
11579,0.0600101500749588
11580,0.059977419674396515
11581,0.05993381887674332
11582,0.0598958395421505
11583,0.05986079201102257
11584,0.0598272942006588
11585,0.059807535260915756
11586,0.05981951951980591
11587,0.059871379286050797
11588,0.059994131326675415
11589,0.06024926155805588
11590,0.06062786281108856
11591,0.061244696378707886
11592,0.06252153217792511
11593,0.06507591903209686
11594,0.07023188471794128
11595,0.08017884939908981
11596,0.09992970526218414
11597,0.13759684562683105
11598,0.20903173089027405
11599,0.32093125581741333
11600,0.4584124684333801
11601,0.5063273906707764
11602,0.40772154927253723
11603,0.17546933889389038
11604,0.06543553620576859
11605,0.1534377783536911
11606,0.24611498415470123
11607,0.2049296349287033
11608,0.08785583078861237
11609,0.07702934741973877
11610,0.14334020018577576
11611,0.13913825154304504
11612,0.08483672142028809
11613,0.06886671483516693
11614,0.10590475797653198
11615,0.1088763177394867
11616,0.07263998687267303
11617,0.06956792622804642
11618,0.09282009303569794
11619,0.08905519545078278
11620,0.06507419794797897
11621,0.07567691057920456
11622,0.0935971736907959
11623,0.08113007247447968
11624,0.06382192671298981
11625,0.07563338428735733
11626,0.09371621906757355
11627,0.07816332578659058
11628,0.06315001845359802
11629,0.07371512800455093
11630,0.08591119945049286
11631,0.07743795961141586
11632,0.06343290209770203
11633,0.06921906024217606
11634,0.07737908512353897
11635,0.07220420241355896
11636,0.06384722888469696
11637,0.06486767530441284
11638,0.07022664695978165
11639,0.06772053986787796
11640,0.0629768893122673
11641,0.06280629336833954
11642,0.06467191129922867
11643,0.06390444189310074
11644,0.061699412763118744
11645,0.06174902245402336
11646,0.061989184468984604
11647,0.06116854026913643
11648,0.06042982265353203
11649,0.06086064130067825
11650,0.06110384315252304
11651,0.06021781265735626
11652,0.05970676988363266
11653,0.06005115807056427
11654,0.06047454848885536
11655,0.06006534770131111
11656,0.05973326787352562
11657,0.05993204191327095
11658,0.060003407299518585
11659,0.059788960963487625
11660,0.05967177078127861
11661,0.06012871116399765
11662,0.06020791083574295
11663,0.059655819088220596
11664,0.0592980682849884
11665,0.05971530079841614
11666,0.06044088304042816
11667,0.06014534831047058
11668,0.059275977313518524
11669,0.05902278795838356
11670,0.05971318483352661
11671,0.06040523573756218
11672,0.05991021916270256
11673,0.05898137018084526
11674,0.05881660431623459
11675,0.05953358858823776
11676,0.06012548506259918
11677,0.05964023992419243
11678,0.05878306180238724
11679,0.058611370623111725
11680,0.0592019185423851
11681,0.05970948189496994
11682,0.05936276540160179
11683,0.05864424258470535
11684,0.058413051068782806
11685,0.05881193280220032
11686,0.05924699828028679
11687,0.05907553434371948
11688,0.05852840468287468
11689,0.0582410953938961
11690,0.058440905064344406
11691,0.058790966868400574
11692,0.05876801908016205
11693,0.05839824676513672
11694,0.05809801071882248
11695,0.05813167616724968
11696,0.05837693437933922
11697,0.05844961479306221
11698,0.058239422738552094
11699,0.0579683780670166
11700,0.05788366124033928
11701,0.05801992118358612
11702,0.0581393763422966
11703,0.058062274008989334
11704,0.057850103825330734
11705,0.0576886385679245
11706,0.057712387293577194
11707,0.0578274242579937
11708,0.05785425007343292
11709,0.05773545056581497
11710,0.05755292624235153
11711,0.05747025087475777
11712,0.057520754635334015
11713,0.05759187042713165
11714,0.05757659301161766
11715,0.05744663253426552
11716,0.05731367692351341
11717,0.05727516487240791
11718,0.0573093555867672
11719,0.057340074330568314
11720,0.057288382202386856
11721,0.05718424543738365
11722,0.057108499109745026
11723,0.057084232568740845
11724,0.05709097161889076
11725,0.05707081779837608
11726,0.0570119209587574
11727,0.0569520927965641
11728,0.056908391416072845
11729,0.05688406899571419
11730,0.056858886033296585
11731,0.056820642203092575
11732,0.05678115785121918
11733,0.05674392729997635
11734,0.056710708886384964
11735,0.056678734719753265
11736,0.05664605274796486
11737,0.056614577770233154
11738,0.05658351257443428
11739,0.05655194818973541
11740,0.056517329066991806
11741,0.05648541823029518
11742,0.05645850673317909
11743,0.05643291771411896
11744,0.05640539899468422
11745,0.05636722221970558
11746,0.0563260056078434
11747,0.05629196763038635
11748,0.056263796985149384
11749,0.05623825639486313
11750,0.05620585009455681
11751,0.05616777017712593
11752,0.056132134050130844
11753,0.05609941855072975
11754,0.05606921762228012
11755,0.05603732168674469
11756,0.05600352585315704
11757,0.05597109720110893
11758,0.0559396892786026
11759,0.055908817797899246
11760,0.0558762364089489
11761,0.055843669921159744
11762,0.055813372135162354
11763,0.055784985423088074
11764,0.055758263915777206
11765,0.05572788417339325
11766,0.055694788694381714
11767,0.055664945393800735
11768,0.05563906207680702
11769,0.05561881512403488
11770,0.05561040714383125
11771,0.0556241050362587
11772,0.055674485862255096
11773,0.05579282343387604
11774,0.056037869304418564
11775,0.05649617314338684
11776,0.05736168473958969
11777,0.059077560901641846
11778,0.062426891177892685
11779,0.06907596439123154
11780,0.08178167045116425
11781,0.10654690861701965
11782,0.15106609463691711
11783,0.22831666469573975
11784,0.3270905613899231
11785,0.4105146527290344
11786,0.36973005533218384
11787,0.21518833935260773
11788,0.08864880353212357
11789,0.1099851131439209
11790,0.19516324996948242
11791,0.1923704445362091
11792,0.10239645838737488
11793,0.07335412502288818
11794,0.13575831055641174
11795,0.15021440386772156
11796,0.09037338942289352
11797,0.06318514049053192
11798,0.09694594144821167
11799,0.11773787438869476
11800,0.0894085243344307
11801,0.06237072870135307
11802,0.08412785828113556
11803,0.09653010219335556
11804,0.06733345985412598
11805,0.06369531899690628
11806,0.08294018357992172
11807,0.08094477653503418
11808,0.06292789429426193
11809,0.06091489642858505
11810,0.07531865686178207
11811,0.07036596536636353
11812,0.05840049311518669
11813,0.06458904594182968
11814,0.069400355219841
11815,0.06226026639342308
11816,0.05750920996069908
11817,0.0626690685749054
11818,0.06572528183460236
11819,0.05930304154753685
11820,0.05682024359703064
11821,0.06097545102238655
11822,0.06061225384473801
11823,0.057458799332380295
11824,0.057736046612262726
11825,0.05950416624546051
11826,0.058432504534721375
11827,0.055812180042266846
11828,0.056842539459466934
11829,0.058505360037088394
11830,0.057020556181669235
11831,0.05592399463057518
11832,0.056517232209444046
11833,0.057028211653232574
11834,0.056180715560913086
11835,0.05543075129389763
11836,0.05628524348139763
11837,0.05653781071305275
11838,0.05560643970966339
11839,0.05523557960987091
11840,0.05572567880153656
11841,0.055990591645240784
11842,0.05541874095797539
11843,0.05498398467898369
11844,0.05535157397389412
11845,0.05558422580361366
11846,0.05519150197505951
11847,0.05489451810717583
11848,0.055033065378665924
11849,0.05523514002561569
11850,0.055059000849723816
11851,0.054710324853658676
11852,0.05471896007657051
11853,0.05488279089331627
11854,0.05483923479914665
11855,0.05465812608599663
11856,0.054539550095796585
11857,0.054578572511672974
11858,0.054597675800323486
11859,0.05447722226381302
11860,0.054377298802137375
11861,0.054368019104003906
11862,0.05437266454100609
11863,0.05433908849954605
11864,0.05426473915576935
11865,0.05421174317598343
11866,0.054198380559682846
11867,0.05417576804757118
11868,0.05413367226719856
11869,0.054099783301353455
11870,0.05406758561730385
11871,0.05403199791908264
11872,0.053996335715055466
11873,0.05395291745662689
11874,0.05391930043697357
11875,0.05389142036437988
11876,0.053861767053604126
11877,0.053838301450014114
11878,0.05381810665130615
11879,0.053802624344825745
11880,0.053777869790792465
11881,0.05374119430780411
11882,0.05370955914258957
11883,0.05368516221642494
11884,0.05366512015461922
11885,0.05367046222090721
11886,0.05372175574302673
11887,0.05382053926587105
11888,0.053999438881874084
11889,0.05431465804576874
11890,0.054755885154008865
11891,0.0554250031709671
11892,0.05665263533592224
11893,0.05884306877851486
11894,0.06280447542667389
11895,0.06959138810634613
11896,0.08161352574825287
11897,0.10247603058815002
11898,0.1387907713651657
11899,0.19435521960258484
11900,0.26679912209510803
11901,0.3234194219112396
11902,0.34063082933425903
11903,0.25878018140792847
11904,0.13336610794067383
11905,0.05850055441260338
11906,0.08293823897838593
11907,0.15109889209270477
11908,0.1707189679145813
11909,0.1212892159819603
11910,0.06418120115995407
11911,0.06298872828483582
11912,0.10064011812210083
11913,0.11636986583471298
11914,0.08917707949876785
11915,0.05840710550546646
11916,0.061472777277231216
11917,0.0829119011759758
11918,0.08535975962877274
11919,0.06570345908403397
11920,0.054905883967876434
11921,0.06424731016159058
11922,0.07400384545326233
11923,0.06796525418758392
11924,0.05637969821691513
11925,0.0560547411441803
11926,0.06276492774486542
11927,0.06429015845060349
11928,0.058312345296144485
11929,0.05420631170272827
11930,0.05656082555651665
11931,0.05922507867217064
11932,0.058136843144893646
11933,0.054832007735967636
11934,0.05403153598308563
11935,0.055554717779159546
11936,0.05601757764816284
11937,0.054885439574718475
11938,0.053656186908483505
11939,0.05387506261467934
11940,0.05442596226930618
11941,0.0541633740067482
11942,0.053527723997831345
11943,0.053319353610277176
11944,0.053602468222379684
11945,0.05361456051468849
11946,0.05328132584691048
11947,0.05310241878032684
11948,0.05322837084531784
11949,0.05333208292722702
11950,0.05313393846154213
11951,0.05292012169957161
11952,0.05301377922296524
11953,0.05317332223057747
11954,0.053135115653276443
11955,0.05284685268998146
11956,0.05276227742433548
11957,0.05300655588507652
11958,0.05316727235913277
11959,0.0530422143638134
11960,0.05265718698501587
11961,0.05260327085852623
11962,0.05293266475200653
11963,0.05317169800400734
11964,0.0530410073697567
11965,0.05255940183997154
11966,0.05240132659673691
11967,0.052724603563547134
11968,0.0530751571059227
11969,0.053055260330438614
11970,0.052548862993717194
11971,0.05220885947346687
11972,0.052399344742298126
11973,0.052790939807891846
11974,0.05294954031705856
11975,0.052552465349435806
11976,0.052093505859375
11977,0.05207803472876549
11978,0.052369847893714905
11979,0.052632641047239304
11980,0.05243086814880371
11981,0.052015841007232666
11982,0.051860153675079346
11983,0.05197487026453018
11984,0.052186019718647
11985,0.052124813199043274
11986,0.05185963585972786
11987,0.051709242165088654
11988,0.05171380192041397
11989,0.05180903896689415
11990,0.05177588388323784
11991,0.05163165554404259
11992,0.051552653312683105
11993,0.05154641717672348
11994,0.051580026745796204
11995,0.05153096094727516
11996,0.05143839493393898
11997,0.051407963037490845
11998,0.051422469317913055
11999,0.05144846439361572
12000,0.05138154700398445
12001,0.05128644034266472
12002,0.05126279592514038
12003,0.05128904804587364
12004,0.051328759640455246
12005,0.051265593618154526
12006,0.05115332081913948
12007,0.051102664321660995
12008,0.051103878766298294
12009,0.0511329360306263
12010,0.05109240487217903
12011,0.05100441351532936
12012,0.05095400661230087
12013,0.05093615874648094
12014,0.050939254462718964
12015,0.05090166628360748
12016,0.05084069073200226
12017,0.05080907791852951
12018,0.050799548625946045
12019,0.0508030503988266
12020,0.05076180770993233
12021,0.05069699510931969
12022,0.05066075176000595
12023,0.050646115094423294
12024,0.05064643546938896
12025,0.05061131715774536
12026,0.05055262893438339
12027,0.050514303147792816
12028,0.05049106106162071
12029,0.050478991121053696
12030,0.050445087254047394
12031,0.05039958283305168
12032,0.05037130042910576
12033,0.050356071442365646
12034,0.05035203695297241
12035,0.05032013729214668
12036,0.05026711896061897
12037,0.050227127969264984
12038,0.05019514262676239
12039,0.05016850307583809
12040,0.05013823136687279
12041,0.050116363912820816
12042,0.05011344701051712
12043,0.05013282969594002
12044,0.05018533021211624
12045,0.050210949033498764
12046,0.05020777881145477
12047,0.050258759409189224
12048,0.05039360746741295
12049,0.050676994025707245
12050,0.05135418102145195
12051,0.05279646813869476
12052,0.055510785430669785
12053,0.060733214020729065
12054,0.07064764946699142
12055,0.08778053522109985
12056,0.11693468689918518
12057,0.17129915952682495
12058,0.2567821443080902
12059,0.37843748927116394
12060,0.4570366442203522
12061,0.4258292317390442
12062,0.24346379935741425
12063,0.08060313761234283
12064,0.0802043229341507
12065,0.1845397651195526
12066,0.22543594241142273
12067,0.13591758906841278
12068,0.05657587945461273
12069,0.08939604461193085
12070,0.13292543590068817
12071,0.10982577502727509
12072,0.06472013145685196
12073,0.062094688415527344
12074,0.09548594057559967
12075,0.0921185165643692
12076,0.05740668997168541
12077,0.061292827129364014
12078,0.08375847339630127
12079,0.07787931710481644
12080,0.0567096471786499
12081,0.06252339482307434
12082,0.0844545066356659
12083,0.07511000335216522
12084,0.05383496731519699
12085,0.060811854898929596
12086,0.08308171480894089
12087,0.07761998474597931
12088,0.05555658042430878
12089,0.05527974292635918
12090,0.07410266995429993
12091,0.07635394483804703
12092,0.05780470371246338
12093,0.05257789418101311
12094,0.06444280594587326
12095,0.0702337771654129
12096,0.05905834585428238
12097,0.050903018563985825
12098,0.0578530915081501
12099,0.06310556083917618
12100,0.05763549357652664
12101,0.050889112055301666
12102,0.0528937391936779
12103,0.057808324694633484
12104,0.05584390461444855
12105,0.05129806324839592
12106,0.05068618804216385
12107,0.05317247286438942
12108,0.05372607707977295
12109,0.05126430466771126
12110,0.050116248428821564
12111,0.050896868109703064
12112,0.05148029327392578
12113,0.05082732066512108
12114,0.049950338900089264
12115,0.05002589896321297
12116,0.05026416853070259
12117,0.05009527504444122
12118,0.04978255182504654
12119,0.049718715250492096
12120,0.049746472388505936
12121,0.04967253655195236
12122,0.04957606643438339
12123,0.04956483468413353
12124,0.04958042874932289
12125,0.049471281468868256
12126,0.04945479705929756
12127,0.049523644149303436
12128,0.049501366913318634
12129,0.04938824847340584
12130,0.04929590970277786
12131,0.04945915937423706
12132,0.0495951771736145
12133,0.04944717884063721
12134,0.04921138286590576
12135,0.049175363034009933
12136,0.04947030916810036
12137,0.04962082952260971
12138,0.04938154295086861
12139,0.049058135598897934
12140,0.04903844743967056
12141,0.04940367862582207
12142,0.049590833485126495
12143,0.049330249428749084
12144,0.04893999546766281
12145,0.04886310547590256
12146,0.049231138080358505
12147,0.04948872700333595
12148,0.0492870956659317
12149,0.04886890575289726
12150,0.048680104315280914
12151,0.04897274449467659
12152,0.0493035614490509
12153,0.04923568665981293
12154,0.048852190375328064
12155,0.04853583872318268
12156,0.04867507889866829
12157,0.04902607947587967
12158,0.04912371188402176
12159,0.04885714501142502
12160,0.048461370170116425
12161,0.04840528964996338
12162,0.04868340492248535
12163,0.04890744015574455
12164,0.048823218792676926
12165,0.04844966530799866
12166,0.048223331570625305
12167,0.048344213515520096
12168,0.04858776181936264
12169,0.04867218807339668
12170,0.04842666536569595
12171,0.04814287647604942
12172,0.048111747950315475
12173,0.04827997833490372
12174,0.04845539852976799
12175,0.04839785397052765
12176,0.04823338985443115
12177,0.0482327826321125
12178,0.048463962972164154
12179,0.048908643424510956
12180,0.04950001835823059
12181,0.05046366900205612
12182,0.05231039226055145
12183,0.05577515438199043
12184,0.06207190826535225
12185,0.07314533740282059
12186,0.09232532232999802
12187,0.12453235685825348
12188,0.17293043434619904
12189,0.23277319967746735
12190,0.27525752782821655
12191,0.25700968503952026
12192,0.16591651737689972
12193,0.0706322193145752
12194,0.055907025933265686
12195,0.11187052726745605
12196,0.15370051562786102
12197,0.1260017603635788
12198,0.06759516149759293
12199,0.054349951446056366
12200,0.08723227679729462
12201,0.10599161684513092
12202,0.08212250471115112
12203,0.0544489361345768
12204,0.06032204627990723
12205,0.07868039608001709
12206,0.07426606863737106
12207,0.05534087494015694
12208,0.05378391966223717
12209,0.0667191743850708
12210,0.06730496138334274
12211,0.05421200394630432
12212,0.050146639347076416
12213,0.05919378623366356
12214,0.0626591145992279
12215,0.05389159172773361
12216,0.04821579158306122
12217,0.05380600318312645
12218,0.058856379240751266
12219,0.05500522628426552
12220,0.04875501990318298
12221,0.04995783045887947
12222,0.05449667572975159
12223,0.05405697226524353
12224,0.05016474425792694
12225,0.048992279917001724
12226,0.05144641548395157
12227,0.052259255200624466
12228,0.05013245716691017
12229,0.04885149374604225
12230,0.050021544098854065
12231,0.050984758883714676
12232,0.04977794736623764
12233,0.048215027898550034
12234,0.04872889071702957
12235,0.05000273883342743
12236,0.04980107396841049
12237,0.04824693873524666
12238,0.047518350183963776
12239,0.04844234511256218
12240,0.049250103533267975
12241,0.048716433346271515
12242,0.04753914847970009
12243,0.047285761684179306
12244,0.04797374829649925
12245,0.048401638865470886
12246,0.047923699021339417
12247,0.047209374606609344
12248,0.04711027815937996
12249,0.04754190146923065
12250,0.04776080325245857
12251,0.047442831099033356
12252,0.047016043215990067
12253,0.04695182666182518
12254,0.04721645638346672
12255,0.04734090343117714
12256,0.0471590980887413
12257,0.04688630625605583
12258,0.04682100936770439
12259,0.04697570204734802
12260,0.047062236815690994
12261,0.04695409536361694
12262,0.046763572841882706
12263,0.046670764684677124
12264,0.046748969703912735
12265,0.04681912809610367
12266,0.046777352690696716
12267,0.04664827138185501
12268,0.046528708189725876
12269,0.046515464782714844
12270,0.04654908552765846
12271,0.0465664342045784
12272,0.046523042023181915
12273,0.04643397405743599
12274,0.04636748507618904
12275,0.04633929580450058
12276,0.046353332698345184
12277,0.046370115131139755
12278,0.04634280502796173
12279,0.0462886281311512
12280,0.04621289670467377
12281,0.046173095703125
12282,0.0461837537586689
12283,0.04619067907333374
12284,0.04616810753941536
12285,0.04609476774930954
12286,0.04602568596601486
12287,0.04600772634148598
12288,0.04601750150322914
12289,0.046023495495319366
12290,0.04597986862063408
12291,0.04591337591409683
12292,0.045871302485466
12293,0.045858632773160934
12294,0.04586552828550339
12295,0.0458449088037014
12296,0.04579877480864525
12297,0.04575607553124428
12298,0.045722369104623795
12299,0.045700039714574814
12300,0.045674677938222885
12301,0.045650918036699295
12302,0.04563627019524574
12303,0.04563061147928238
12304,0.04563809931278229
12305,0.045624781399965286
12306,0.04559191316366196
12307,0.04557456821203232
12308,0.045575641095638275
12309,0.045604173094034195
12310,0.04573706164956093
12311,0.046076562255620956
12312,0.046724263578653336
12313,0.0479552336037159
12314,0.050333503633737564
12315,0.054236866533756256
12316,0.06121447682380676
12317,0.07477308064699173
12318,0.101374551653862
12319,0.14952701330184937
12320,0.23002228140830994
12321,0.3335608243942261
12322,0.4418271780014038
12323,0.43327459692955017
12324,0.2861151099205017
12325,0.0961933434009552
12326,0.06467533111572266
12327,0.1758686751127243
12328,0.24466150999069214
12329,0.17017368972301483
12330,0.05789898708462715
12331,0.08145560324192047
12332,0.15694233775138855
12333,0.13848866522312164
12334,0.07029617577791214
12335,0.059823792427778244
12336,0.10585182905197144
12337,0.11320415884256363
12338,0.0623052679002285
12339,0.055929847061634064
12340,0.08902018517255783
12341,0.08076321333646774
12342,0.05490336939692497
12343,0.05602629482746124
12344,0.07655180990695953
12345,0.0658063292503357
12346,0.04813702031970024
12347,0.05979059264063835
12348,0.06818734109401703
12349,0.056129731237888336
12350,0.04843653365969658
12351,0.05880003795027733
12352,0.06315992772579193
12353,0.051299214363098145
12354,0.04800161346793175
12355,0.05682156980037689
12356,0.05748888850212097
12357,0.04962519556283951
12358,0.04759100452065468
12359,0.053703729063272476
12360,0.053566064685583115
12361,0.04761362820863724
12362,0.047503236681222916
12363,0.05112122371792793
12364,0.050830792635679245
12365,0.047055911272764206
12366,0.046715136617422104
12367,0.04932789504528046
12368,0.04894397035241127
12369,0.04652916267514229
12370,0.04631403461098671
12371,0.047680798918008804
12372,0.04776915907859802
12373,0.04621878266334534
12374,0.0459008514881134
12375,0.04679244011640549
12376,0.046707458794116974
12377,0.0459551177918911
12378,0.0456341989338398
12379,0.04613104090094566
12380,0.0462128184735775
12381,0.04565136507153511
12382,0.045487578958272934
12383,0.04577215015888214
12384,0.045850981026887894
12385,0.04552306607365608
12386,0.04531604424118996
12387,0.04554973170161247
12388,0.04567638784646988
12389,0.04541933536529541
12390,0.045191362500190735
12391,0.04533008858561516
12392,0.04553630203008652
12393,0.04541073366999626
12394,0.045113708823919296
12395,0.04507043957710266
12396,0.0453210175037384
12397,0.04538215696811676
12398,0.04514697566628456
12399,0.04491930827498436
12400,0.04498583450913429
12401,0.04520479217171669
12402,0.04517827928066254
12403,0.04493074119091034
12404,0.04477749392390251
12405,0.04486379399895668
12406,0.045024946331977844
12407,0.044972531497478485
12408,0.04476043954491615
12409,0.04464448615908623
12410,0.04471249505877495
12411,0.04482629522681236
12412,0.0447833314538002
12413,0.0446188785135746
12414,0.04451476410031319
12415,0.04454975575208664
12416,0.04462738707661629
12417,0.044607847929000854
12418,0.04449028521776199
12419,0.044392846524715424
12420,0.04439100995659828
12421,0.04444120079278946
12422,0.044441308826208115
12423,0.044366367161273956
12424,0.04427902773022652
12425,0.04424681141972542
12426,0.04426828771829605
12427,0.044279467314481735
12428,0.04424040764570236
12429,0.04417175427079201
12430,0.044120680540800095
12431,0.044113148003816605
12432,0.044122032821178436
12433,0.04410802200436592
12434,0.04406311362981796
12435,0.04400914907455444
12436,0.043978478759527206
12437,0.04397321119904518
12438,0.043968912214040756
12439,0.0439455509185791
12440,0.043902039527893066
12441,0.04386086389422417
12442,0.04383862763643265
12443,0.04382912814617157
12444,0.04381663352251053
12445,0.043787550181150436
12446,0.043749891221523285
12447,0.0437190942466259
12448,0.04369904473423958
12449,0.04368440806865692
12450,0.04366375505924225
12451,0.043635472655296326
12452,0.0436074361205101
12453,0.04358367621898651
12454,0.043565183877944946
12455,0.04354799911379814
12456,0.04353062063455582
12457,0.04351760819554329
12458,0.04351387917995453
12459,0.043526988476514816
12460,0.04356997087597847
12461,0.04366803914308548
12462,0.04386947676539421
12463,0.0442688874900341
12464,0.045046690851449966
12465,0.04654820263385773
12466,0.049445584416389465
12467,0.05514000356197357
12468,0.06613152474164963
12469,0.08735005557537079
12470,0.12524348497390747
12471,0.189099982380867
12472,0.2717810273170471
12473,0.34039169549942017
12474,0.3100935220718384
12475,0.17455583810806274
12476,0.05767836421728134
12477,0.07574336975812912
12478,0.1653132438659668
12479,0.18108350038528442
12480,0.09750030934810638
12481,0.04731755703687668
12482,0.09343551844358444
12483,0.13106566667556763
12484,0.0909232571721077
12485,0.047535575926303864
12486,0.07110521197319031
12487,0.10041823983192444
12488,0.07651765644550323
12489,0.04555623605847359
12490,0.06484106183052063
12491,0.082620769739151
12492,0.060664139688014984
12493,0.04554672911763191
12494,0.06189338117837906
12495,0.06885365396738052
12496,0.05104915797710419
12497,0.046262141317129135
12498,0.058988019824028015
12499,0.05883685499429703
12500,0.046178728342056274
12501,0.04716464504599571
12502,0.05497889965772629
12503,0.05199996009469032
12504,0.044646311551332474
12505,0.04715436324477196
12506,0.051568154245615005
12507,0.04790782183408737
12508,0.044182851910591125
12509,0.04702682048082352
12510,0.04883516579866409
12511,0.045522965490818024
12512,0.04408975690603256
12513,0.0464533194899559
12514,0.0471951998770237
12515,0.04453050345182419
12516,0.043787892907857895
12517,0.04563345015048981
12518,0.0459350124001503
12519,0.044288575649261475
12520,0.043807439506053925
12521,0.04478814825415611
12522,0.04485580697655678
12523,0.04390904679894447
12524,0.04380838945508003
12525,0.04446526989340782
12526,0.04423786327242851
12527,0.043451372534036636
12528,0.04339908808469772
12529,0.04403963312506676
12530,0.044040895998477936
12531,0.04337751120328903
12532,0.0430801697075367
12533,0.043428853154182434
12534,0.0436340756714344
12535,0.04332016780972481
12536,0.04301563277840614
12537,0.04310092329978943
12538,0.043235693126916885
12539,0.043123528361320496
12540,0.042922571301460266
12541,0.04290168359875679
12542,0.042999137192964554
12543,0.04295516014099121
12544,0.042832423001527786
12545,0.04277094453573227
12546,0.04280410706996918
12547,0.042813610285520554
12548,0.04274964705109596
12549,0.04269867762923241
12550,0.042688362300395966
12551,0.042670778930187225
12552,0.042630635201931
12553,0.042587414383888245
12554,0.04259254038333893
12555,0.042586229741573334
12556,0.04253752529621124
12557,0.04247963801026344
12558,0.04244490712881088
12559,0.04245183989405632
12560,0.04244188591837883
12561,0.042397189885377884
12562,0.04235495626926422
12563,0.04233282431960106
12564,0.042332712560892105
12565,0.04231332242488861
12566,0.0422724112868309
12567,0.042242784053087234
12568,0.04223022237420082
12569,0.042231637984514236
12570,0.04220755770802498
12571,0.04216421768069267
12572,0.0421321876347065
12573,0.04211454093456268
12574,0.04210703447461128
12575,0.042084597051143646
12576,0.042050573974847794
12577,0.04202626645565033
12578,0.04201103374361992
12579,0.04200290888547897
12580,0.04197950288653374
12581,0.04194572940468788
12582,0.04192029684782028
12583,0.04190191626548767
12584,0.04188892990350723
12585,0.04186641424894333
12586,0.04183810576796532
12587,0.04181681200861931
12588,0.04180134832859039
12589,0.04179157689213753
12590,0.04177045449614525
12591,0.04173987731337547
12592,0.041714467108249664
12593,0.04169208183884621
12594,0.04167129099369049
12595,0.04165167361497879
12596,0.0416412428021431
12597,0.041644372045993805
12598,0.041667837649583817
12599,0.04172634333372116
12600,0.04178842157125473
12601,0.04186417907476425
12602,0.04204750433564186
12603,0.04242938756942749
12604,0.04319876804947853
12605,0.0447784960269928
12606,0.047999415546655655
12607,0.054356999695301056
12608,0.06712557375431061
12609,0.09191258251667023
12610,0.1358536183834076
12611,0.2063419222831726
12612,0.318442702293396
12613,0.42668280005455017
12614,0.4639465808868408
12615,0.30380111932754517
12616,0.09988001734018326
12617,0.060084495693445206
12618,0.1810912936925888
12619,0.2567228376865387
12620,0.1521943211555481
12621,0.04695172980427742
12622,0.09837409853935242
12623,0.1691441833972931
12624,0.12641605734825134
12625,0.0511651486158371
12626,0.08196087926626205
12627,0.13723933696746826
12628,0.10363322496414185
12629,0.0479104109108448
12630,0.07838354259729385
12631,0.11304979026317596
12632,0.07354538887739182
12633,0.04866694658994675
12634,0.07782161235809326
12635,0.08687937259674072
12636,0.053829558193683624
12637,0.05127706751227379
12638,0.07369256019592285
12639,0.0644049197435379
12640,0.04493141174316406
12641,0.05440143495798111
12642,0.06346317380666733
12643,0.05156390741467476
12644,0.043899551033973694
12645,0.05365084484219551
12646,0.054515592753887177
12647,0.044701479375362396
12648,0.04526212438941002
12649,0.05133652314543724
12650,0.048316702246665955
12651,0.042975351214408875
12652,0.046316228806972504
12653,0.048968009650707245
12654,0.04500015452504158
12655,0.04297838732600212
12656,0.04664159566164017
12657,0.04708952456712723
12658,0.043522611260414124
12659,0.042928699404001236
12660,0.0456632599234581
12661,0.04551015421748161
12662,0.04270661994814873
12663,0.042748767882585526
12664,0.04452597722411156
12665,0.044169727712869644
12666,0.042300526052713394
12667,0.04234229400753975
12668,0.043579939752817154
12669,0.04327218607068062
12670,0.04202936217188835
12671,0.04205400124192238
12672,0.04279612749814987
12673,0.04267442598938942
12674,0.04186706617474556
12675,0.041783418506383896
12676,0.04223965108394623
12677,0.04219183325767517
12678,0.04172062128782272
12679,0.04160797968506813
12680,0.04184441640973091
12681,0.04183422774076462
12682,0.04156070947647095
12683,0.04145515710115433
12684,0.041598156094551086
12685,0.041594184935092926
12686,0.04141997545957565
12687,0.041341185569763184
12688,0.041412144899368286
12689,0.04143599048256874
12690,0.041315075010061264
12691,0.04123817756772041
12692,0.04129265621304512
12693,0.04131222888827324
12694,0.041230954229831696
12695,0.04114040732383728
12696,0.041170861572027206
12697,0.041222088038921356
12698,0.04116690158843994
12699,0.04106238856911659
12700,0.0410357303917408
12701,0.04109840467572212
12702,0.04110759496688843
12703,0.04101910442113876
12704,0.0409359447658062
12705,0.040943171828985214
12706,0.040995657444000244
12707,0.04097376763820648
12708,0.04088474065065384
12709,0.0408269464969635
12710,0.04084281995892525
12711,0.04087614268064499
12712,0.04084150865674019
12713,0.04076336696743965
12714,0.04071960970759392
12715,0.04073236137628555
12716,0.04075118154287338
12717,0.04071818292140961
12718,0.04065283015370369
12719,0.04061348736286163
12720,0.04061649367213249
12721,0.04062645137310028
12722,0.04060075432062149
12723,0.040549200028181076
12724,0.040510740131139755
12725,0.04050286114215851
12726,0.04050511494278908
12727,0.04048685356974602
12728,0.0404474176466465
12729,0.0404108464717865
12730,0.04039372131228447
12731,0.040389303117990494
12732,0.04037630930542946
12733,0.04034725949168205
12734,0.04031369090080261
12735,0.040289804339408875
12736,0.040278010070323944
12737,0.04026687517762184
12738,0.04024632275104523
12739,0.040218256413936615
12740,0.040191397070884705
12741,0.04017304629087448
12742,0.04015989229083061
12743,0.040144119411706924
12744,0.040122002363204956
12745,0.040095988661050797
12746,0.04007343202829361
12747,0.04005644842982292
12748,0.04004143178462982
12749,0.04002371430397034
12750,0.04000101611018181
12751,0.03997759521007538
12752,0.0399574376642704
12753,0.03994044288992882
12754,0.03992389515042305
12755,0.03990425169467926
12756,0.039882514625787735
12757,0.03986154496669769
12758,0.03984244540333748
12759,0.039824675768613815
12760,0.03980608284473419
12761,0.03978636488318443
12762,0.03976650536060333
12763,0.039747126400470734
12764,0.03972838446497917
12765,0.03970948979258537
12766,0.039690446108579636
12767,0.039671462029218674
12768,0.03965255618095398
12769,0.039633769541978836
12770,0.03961487486958504
12771,0.03959628567099571
12772,0.03957793489098549
12773,0.0395597480237484
12774,0.03954175114631653
12775,0.03952360153198242
12776,0.03950614854693413
12777,0.03948984295129776
12778,0.03947512432932854
12779,0.03946284204721451
12780,0.039454855024814606
12781,0.039455678313970566
12782,0.0394720621407032
12783,0.039516761898994446
12784,0.03961377963423729
12785,0.03980301320552826
12786,0.040169525891542435
12787,0.04088040813803673
12788,0.042265888303518295
12789,0.04494667053222656
12790,0.050158094614744186
12791,0.0601070299744606
12792,0.07934530079364777
12793,0.11380978673696518
12794,0.17264090478420258
12795,0.24759554862976074
12796,0.31320446729660034
12797,0.2914527654647827
12798,0.17514589428901672
12799,0.06240082159638405
12800,0.061956338584423065
12801,0.13610363006591797
12802,0.1649288386106491
12803,0.10376906394958496
12804,0.04692404344677925
12805,0.07231730222702026
12806,0.11315003037452698
12807,0.09179000556468964
12808,0.04838324710726738
12809,0.05371897667646408
12810,0.08289150893688202
12811,0.07746018469333649
12812,0.04593411833047867
12813,0.04734395444393158
12814,0.0691487193107605
12815,0.0633196011185646
12816,0.04328932240605354
12817,0.04728643596172333
12818,0.05968666821718216
12819,0.053121402859687805
12820,0.04129617661237717
12821,0.04665115475654602
12822,0.05490214005112648
12823,0.04778550565242767
12824,0.040370874106884
12825,0.045199066400527954
12826,0.050030097365379333
12827,0.04468713328242302
12828,0.040240831673145294
12829,0.0436556413769722
12830,0.04666881635785103
12831,0.04268200695514679
12832,0.03995145484805107
12833,0.04255639761686325
12834,0.04417037218809128
12835,0.04145219177007675
12836,0.03983268514275551
12837,0.04139934480190277
12838,0.04252755269408226
12839,0.040786247700452805
12840,0.0395997054874897
12841,0.04060295596718788
12842,0.041355378925800323
12843,0.04033828154206276
12844,0.039495933800935745
12845,0.039979398250579834
12846,0.040497008711099625
12847,0.03999418020248413
12848,0.039393480867147446
12849,0.0396471843123436
12850,0.04001346975564957
12851,0.03970399871468544
12852,0.03927292674779892
12853,0.039350736886262894
12854,0.03963452950119972
12855,0.03954262658953667
12856,0.039215292781591415
12857,0.039169877767562866
12858,0.039347171783447266
12859,0.03935613855719566
12860,0.03913998603820801
12861,0.03904940187931061
12862,0.03914477303624153
12863,0.039203278720378876
12864,0.03908463567495346
12865,0.038957566022872925
12866,0.03898240998387337
12867,0.03906404972076416
12868,0.03902222588658333
12869,0.03890956938266754
12870,0.03886103630065918
12871,0.03891078755259514
12872,0.038932450115680695
12873,0.038866929709911346
12874,0.03878894820809364
12875,0.038782116025686264
12876,0.03881637379527092
12877,0.038804855197668076
12878,0.038735516369342804
12879,0.03868338465690613
12880,0.038684338331222534
12881,0.03870740160346031
12882,0.03868686780333519
12883,0.03863140568137169
12884,0.038591526448726654
12885,0.038591306656599045
12886,0.03860035911202431
12887,0.038580190390348434
12888,0.03853561356663704
12889,0.038502827286720276
12890,0.03849586844444275
12891,0.03849835321307182
12892,0.03848066180944443
12893,0.03844326734542847
12894,0.038410887122154236
12895,0.03839830309152603
12896,0.038397349417209625
12897,0.03838592767715454
12898,0.038358040153980255
12899,0.03832947462797165
12900,0.038311365991830826
12901,0.03830398619174957
12902,0.03829328343272209
12903,0.03827088326215744
12904,0.038242407143116
12905,0.0382220558822155
12906,0.03821716457605362
12907,0.03821899741888046
12908,0.03821996971964836
12909,0.03822413459420204
12910,0.03823228180408478
12911,0.03825758770108223
12912,0.038323841989040375
12913,0.0384492352604866
12914,0.03867790475487709
12915,0.039092276245355606
12916,0.039862435311079025
12917,0.0412893146276474
12918,0.04395316541194916
12919,0.04887188598513603
12920,0.05728632211685181
12921,0.0717104822397232
12922,0.09842030704021454
12923,0.14314326643943787
12924,0.21507951617240906
12925,0.2904990017414093
12926,0.3434857726097107
12927,0.2992580831050873
12928,0.17697381973266602
12929,0.05946933478116989
12930,0.05325903743505478
12931,0.12055395543575287
12932,0.15785926580429077
12933,0.11803953349590302
12934,0.052683696150779724
12935,0.046308793127536774
12936,0.08055013418197632
12937,0.09329348802566528
12938,0.06789503246545792
12939,0.041979700326919556
12940,0.046869419515132904
12941,0.06066329404711723
12942,0.05698537454009056
12943,0.043339379131793976
12944,0.04126556217670441
12945,0.047573741525411606
12946,0.04707387089729309
12947,0.04157577082514763
12948,0.03964030370116234
12949,0.0430029034614563
12950,0.04309874400496483
12951,0.03967026248574257
12952,0.03936600685119629
12953,0.041374433785676956
12954,0.04219141975045204
12955,0.0397399440407753
12956,0.039183177053928375
12957,0.0417686328291893
12958,0.04291556403040886
12959,0.040846385061740875
12960,0.03864005580544472
12961,0.041141077876091
12962,0.04446110501885414
12963,0.043482158333063126
12964,0.039819877594709396
12965,0.038659073412418365
12966,0.043013978749513626
12967,0.04626362398266792
12968,0.04388415068387985
12969,0.039479490369558334
12970,0.038727372884750366
12971,0.04361914098262787
12972,0.04687146842479706
12973,0.044139619916677475
12974,0.039464108645915985
12975,0.03866780921816826
12976,0.04333886131644249
12977,0.04655870795249939
12978,0.04407979175448418
12979,0.03954721614718437
12980,0.03850921615958214
12981,0.0426202118396759
12982,0.04580078274011612
12983,0.043868497014045715
12984,0.03967675939202309
12985,0.038249995559453964
12986,0.04163898527622223
12987,0.0448131188750267
12988,0.04359845072031021
12989,0.0398612916469574
12990,0.0379551500082016
12991,0.040463753044605255
12992,0.04363879933953285
12993,0.043315667659044266
12994,0.040176644921302795
12995,0.037774693220853806
12996,0.03926357999444008
12997,0.042303599417209625
12998,0.042919255793094635
12999,0.04060741141438484
13000,0.0378730446100235
13001,0.03826119750738144
13002,0.040886543691158295
13003,0.04227416217327118
13004,0.040974829345941544
13005,0.03824377432465553
13006,0.03762737661600113
13007,0.039552953094244
13008,0.04135829210281372
13009,0.041078660637140274
13010,0.0387193001806736
13011,0.03737501800060272
13012,0.03844544291496277
13013,0.04024042934179306
13014,0.04076404124498367
13015,0.03904671221971512
13016,0.03739999234676361
13017,0.037687309086322784
13018,0.03910286724567413
13019,0.040030587464571
13020,0.039017993956804276
13021,0.03749965876340866
13022,0.03728745877742767
13023,0.03817290440201759
13024,0.039093419909477234
13025,0.03861492499709129
13026,0.037477124482393265
13027,0.037116944789886475
13028,0.03757613152265549
13029,0.03826187551021576
13030,0.03805160149931908
13031,0.03730660676956177
13032,0.037028320133686066
13033,0.03727074712514877
13034,0.03771110624074936
13035,0.03757075220346451
13036,0.03709188103675842
13037,0.03694766387343407
13038,0.03712626174092293
13039,0.03741445764899254
13040,0.037267327308654785
13041,0.03692993149161339
13042,0.03688542917370796
13043,0.03706847131252289
13044,0.03729880228638649
13045,0.037128936499357224
13046,0.03682857006788254
13047,0.03681525960564613
13048,0.03701021149754524
13049,0.03724752739071846
13050,0.037087004631757736
13051,0.03677079826593399
13052,0.03671342134475708
13053,0.03686130791902542
13054,0.037083305418491364
13055,0.03697584941983223
13056,0.03670211508870125
13057,0.03662228584289551
13058,0.036710672080516815
13059,0.03688622638583183
13060,0.03681953623890877
13061,0.03661341220140457
13062,0.03654729947447777
13063,0.036596693098545074
13064,0.03670759126543999
13065,0.03665289655327797
13066,0.036535900086164474
13067,0.03655676916241646
13068,0.03670337796211243
13069,0.03696087747812271
13070,0.03707434609532356
13071,0.03715977445244789
13072,0.03754841536283493
13073,0.03837411478161812
13074,0.03988602012395859
13075,0.04268013685941696
13076,0.04798584058880806
13077,0.057854242622852325
13078,0.07529480755329132
13079,0.10560960322618484
13080,0.1488100290298462
13081,0.20383670926094055
13082,0.2426423728466034
13083,0.23461377620697021
13084,0.15912270545959473
13085,0.0754547119140625
13086,0.04940130561590195
13087,0.0835929811000824
13088,0.12161792069673538
13089,0.11125820875167847
13090,0.06392606347799301
13091,0.04252014309167862
13092,0.06788752973079681
13093,0.09300322830677032
13094,0.07894661277532578
13095,0.04751402139663696
13096,0.04054532200098038
13097,0.05830250680446625
13098,0.06673985719680786
13099,0.051886316388845444
13100,0.03994373604655266
13101,0.04758845269680023
13102,0.05575339496135712
13103,0.048069968819618225
13104,0.038318827748298645
13105,0.04104054719209671
13106,0.04841611534357071
13107,0.04671071469783783
13108,0.0389980711042881
13109,0.03760731220245361
13110,0.0426374226808548
13111,0.043625228106975555
13112,0.03912035748362541
13113,0.036895591765642166
13114,0.039354655891656876
13115,0.04123532772064209
13116,0.039380110800266266
13117,0.03705573454499245
13118,0.03777952119708061
13119,0.03961789608001709
13120,0.03896526247262955
13121,0.03703409060835838
13122,0.03682492673397064
13123,0.03815467655658722
13124,0.038773465901613235
13125,0.037697821855545044
13126,0.036618445068597794
13127,0.03690364211797714
13128,0.03760412335395813
13129,0.03743073344230652
13130,0.036656759679317474
13131,0.0364425890147686
13132,0.03689089044928551
13133,0.03711429983377457
13134,0.036754898726940155
13135,0.03629593551158905
13136,0.036362115293741226
13137,0.036747824400663376
13138,0.03682791069149971
13139,0.036543987691402435
13140,0.03626224026083946
13141,0.03630692511796951
13142,0.036497119814157486
13143,0.03649161383509636
13144,0.03630295395851135
13145,0.03613848611712456
13146,0.0361873097717762
13147,0.0363142229616642
13148,0.036279261112213135
13149,0.036115460097789764
13150,0.0359933041036129
13151,0.0360405407845974
13152,0.03616124764084816
13153,0.036189593374729156
13154,0.03612208738923073
13155,0.036010242998600006
13156,0.03597399964928627
13157,0.036016304045915604
13158,0.03601294010877609
13159,0.03593244403600693
13160,0.03584354743361473
13161,0.03585375100374222
13162,0.03595506772398949
13163,0.03607412055134773
13164,0.03617400303483009
13165,0.03616468980908394
13166,0.03612387925386429
13167,0.03619152307510376
13168,0.03633979707956314
13169,0.036552201956510544
13170,0.037023041397333145
13171,0.03799065575003624
13172,0.039646927267313004
13173,0.042400166392326355
13174,0.04702959209680557
13175,0.05328873172402382
13176,0.06259631365537643
13177,0.07767055183649063
13178,0.10219961404800415
13179,0.1363329291343689
13180,0.1790807694196701
13181,0.21175923943519592
13182,0.2255062460899353
13183,0.18710681796073914
13184,0.11713110655546188
13185,0.052882708609104156
13186,0.03900570794939995
13187,0.0713224709033966
13188,0.10681428015232086
13189,0.1087794229388237
13190,0.07323300838470459
13191,0.041120875626802444
13192,0.042504578828811646
13193,0.06622906774282455
13194,0.08015669882297516
13195,0.06526476889848709
13196,0.042656783014535904
13197,0.03884245082736015
13198,0.051978349685668945
13199,0.06126740947365761
13200,0.05217139795422554
13201,0.039117228239774704
13202,0.03909674659371376
13203,0.04802969470620155
13204,0.052166543900966644
13205,0.04432723671197891
13206,0.037045251578092575
13207,0.039727672934532166
13208,0.04624215140938759
13209,0.047589223831892014
13210,0.040758561342954636
13211,0.03633648529648781
13212,0.039944373071193695
13213,0.04515127092599869
13214,0.04515005648136139
13215,0.03889777511358261
13216,0.03609730303287506
13217,0.04023173823952675
13218,0.04465495049953461
13219,0.043949440121650696
13220,0.038070350885391235
13221,0.03598029911518097
13222,0.040216848254203796
13223,0.04445873200893402
13224,0.04374368116259575
13225,0.03794248029589653
13226,0.03578636050224304
13227,0.039866141974925995
13228,0.04422936215996742
13229,0.04396689310669899
13230,0.03828081861138344
13231,0.03556559979915619
13232,0.0391286239027977
13233,0.04367896914482117
13234,0.04415638744831085
13235,0.03879459947347641
13236,0.035413261502981186
13237,0.03815365210175514
13238,0.04269379377365112
13239,0.04401685297489166
13240,0.0392829030752182
13241,0.0354003831744194
13242,0.03716638684272766
13243,0.04139570891857147
13244,0.043438903987407684
13245,0.039577506482601166
13246,0.035506825894117355
13247,0.03631812334060669
13248,0.03993474319577217
13249,0.04239608719944954
13250,0.039519667625427246
13251,0.03563711792230606
13252,0.035693321377038956
13253,0.03852381557226181
13254,0.04102523624897003
13255,0.03904939815402031
13256,0.035680342465639114
13257,0.03531510382890701
13258,0.03737521544098854
13259,0.039605263620615005
13260,0.038293056190013885
13261,0.03558420389890671
13262,0.035118404775857925
13263,0.03658893704414368
13264,0.03841732069849968
13265,0.03749478608369827
13266,0.03538917377591133
13267,0.035009585320949554
13268,0.0361151397228241
13269,0.0375790111720562
13270,0.03685067966580391
13271,0.03518760949373245
13272,0.03493507206439972
13273,0.03584124520421028
13274,0.037048228085041046
13275,0.036422476172447205
13276,0.035040274262428284
13277,0.03486108407378197
13278,0.035638146102428436
13279,0.03669041395187378
13280,0.03615456074476242
13281,0.03494607284665108
13282,0.03476683422923088
13283,0.03541329875588417
13284,0.03635532408952713
13285,0.03593616932630539
13286,0.03487932309508324
13287,0.03466564416885376
13288,0.03514698147773743
13289,0.0359409935772419
13290,0.03563809394836426
13291,0.034776970744132996
13292,0.03458259254693985
13293,0.034936029464006424
13294,0.03557037562131882
13295,0.035331159830093384
13296,0.03464944660663605
13297,0.03451430797576904
13298,0.03481549397110939
13299,0.03535792604088783
13300,0.03515230119228363
13301,0.03456436097621918
13302,0.03443846106529236
13303,0.034676454961299896
13304,0.035134393721818924
13305,0.034971196204423904
13306,0.03447851538658142
13307,0.03436470776796341
13308,0.034551605582237244
13309,0.03494417294859886
13310,0.03482271730899811
13311,0.03440924733877182
13312,0.03429856896400452
13313,0.03441990539431572
13314,0.03470355644822121
13315,0.0346047580242157
13316,0.034333907067775726
13317,0.034349534660577774
13318,0.034627992659807205
13319,0.03518734872341156
13320,0.03540203347802162
13321,0.03543277457356453
13322,0.035971108824014664
13323,0.03723751753568649
13324,0.0396609753370285
13325,0.04454534128308296
13326,0.05434180796146393
13327,0.07282272726297379
13328,0.10479305684566498
13329,0.15876099467277527
13330,0.22097907960414886
13331,0.276883065700531
13332,0.27000513672828674
13333,0.19622020423412323
13334,0.10317335277795792
13335,0.06676515936851501
13336,0.0898657739162445
13337,0.12630674242973328
13338,0.11841750144958496
13339,0.0642048567533493
13340,0.0395229198038578
13341,0.0729011818766594
13342,0.09870600700378418
13343,0.08185931295156479
13344,0.05520986393094063
13345,0.045274704694747925
13346,0.05528968572616577
13347,0.06369232386350632
13348,0.05158867686986923
13349,0.04382879287004471
13350,0.05326613411307335
13351,0.05365375429391861
13352,0.04254048690199852
13353,0.03841562196612358
13354,0.0442068874835968
13355,0.049379996955394745
13356,0.043606389313936234
13357,0.03545200452208519
13358,0.038369614630937576
13359,0.04311845824122429
13360,0.03998389095067978
13361,0.03635382652282715
13362,0.03666182607412338
13363,0.038901522755622864
13364,0.038950636982917786
13365,0.03554593399167061
13366,0.03560629114508629
13367,0.03811313211917877
13368,0.03767317533493042
13369,0.03611258789896965
13370,0.03536233305931091
13371,0.03637895733118057
13372,0.037505000829696655
13373,0.03651711717247963
13374,0.03567512333393097
13375,0.036187075078487396
13376,0.03653963655233383
13377,0.03599516302347183
13378,0.0353352390229702
13379,0.035687606781721115
13380,0.036417488008737564
13381,0.036238864064216614
13382,0.03507060930132866
13383,0.034511301666498184
13384,0.03516777604818344
13385,0.03572037070989609
13386,0.03545207157731056
13387,0.03464708849787712
13388,0.034261737018823624
13389,0.03478934243321419
13390,0.03516199439764023
13391,0.03489277884364128
13392,0.034432847052812576
13393,0.03431331366300583
13394,0.03474412485957146
13395,0.03497027978301048
13396,0.03466172516345978
13397,0.034252461045980453
13398,0.03420445695519447
13399,0.03455934673547745
13400,0.03472477197647095
13401,0.03451303392648697
13402,0.03416724503040314
13403,0.03400149568915367
13404,0.03418591991066933
13405,0.03433016315102577
13406,0.03428708761930466
13407,0.0341310016810894
13408,0.034007176756858826
13409,0.03411579877138138
13410,0.03420177474617958
13411,0.03416745364665985
13412,0.03406660631299019
13413,0.033945973962545395
13414,0.03395365551114082
13415,0.03397934138774872
13416,0.03400390222668648
13417,0.03400113061070442
13418,0.03392040356993675
13419,0.03387849032878876
13420,0.03382411599159241
13421,0.03383418172597885
13422,0.03390130028128624
13423,0.03389862924814224
13424,0.03386582061648369
13425,0.03375491499900818
13426,0.0336969755589962
13427,0.03375731036067009
13428,0.03379785269498825
13429,0.033772751688957214
13430,0.033636968582868576
13431,0.033556018024683
13432,0.03362969309091568
13433,0.03376545384526253
13434,0.0339040532708168
13435,0.03384605422616005
13436,0.033682938665151596
13437,0.03364400938153267
13438,0.03369063511490822
13439,0.033765602856874466
13440,0.03402756527066231
13441,0.03478274121880531
13442,0.03625674545764923
13443,0.039029981940984726
13444,0.04424397647380829
13445,0.051740966737270355
13446,0.06379760801792145
13447,0.08582349121570587
13448,0.125962033867836
13449,0.18821470439434052
13450,0.27451545000076294
13451,0.340380996465683
13452,0.3512343764305115
13453,0.23529928922653198
13454,0.0888957679271698
13455,0.037991173565387726
13456,0.10325120389461517
13457,0.1735420525074005
13458,0.14511346817016602
13459,0.06388593465089798
13460,0.03904180973768234
13461,0.0821748673915863
13462,0.11063195765018463
13463,0.07700146734714508
13464,0.03857584670186043
13465,0.0469173900783062
13466,0.07000008225440979
13467,0.06286793947219849
13468,0.03956246376037598
13469,0.0394052229821682
13470,0.05317816138267517
13471,0.05002212896943092
13472,0.03763870149850845
13473,0.03666231036186218
13474,0.045100171118974686
13475,0.044135287404060364
13476,0.03603186458349228
13477,0.03596248850226402
13478,0.041575126349925995
13479,0.04198957607150078
13480,0.035986024886369705
13481,0.03560119867324829
13482,0.04101284593343735
13483,0.041922714561223984
13484,0.03693920746445656
13485,0.03446342051029205
13486,0.03970629349350929
13487,0.043064191937446594
13488,0.03904165327548981
13489,0.03436344861984253
13490,0.03607387840747833
13491,0.0418701134622097
13492,0.04191559925675392
13493,0.03655754402279854
13494,0.03390021622180939
13495,0.03730343282222748
13496,0.0415026992559433
13497,0.03971055895090103
13498,0.03507155179977417
13499,0.034102022647857666
13500,0.03738684952259064
13501,0.03975651040673256
13502,0.03748537227511406
13503,0.03421240672469139
13504,0.03424318879842758
13505,0.0367782860994339
13506,0.0378723219037056
13507,0.03585274517536163
13508,0.03374925255775452
13509,0.03412258252501488
13510,0.03586309403181076
13511,0.03630838915705681
13512,0.0348389595746994
13513,0.03351139649748802
13514,0.03381935879588127
13515,0.034917786717414856
13516,0.035139814019203186
13517,0.034222155809402466
13518,0.03339468315243721
13519,0.033535607159137726
13520,0.03414938598871231
13521,0.03428546339273453
13522,0.03380304202437401
13523,0.03332328423857689
13524,0.03333897516131401
13525,0.03363017365336418
13526,0.03370216116309166
13527,0.03347781300544739
13528,0.03322455659508705
13529,0.03319290280342102
13530,0.033308353275060654
13531,0.033341310918331146
13532,0.03325013443827629
13533,0.0331251285970211
13534,0.0330781452357769
13535,0.03310238569974899
13536,0.03310981020331383
13537,0.03308173269033432
13538,0.03303578123450279
13539,0.03300316259264946
13540,0.032990820705890656
13541,0.03297863155603409
13542,0.03296316787600517
13543,0.03294559568166733
13544,0.03292904421687126
13545,0.03291434794664383
13546,0.03290213271975517
13547,0.03289039805531502
13548,0.032877419143915176
13549,0.032863110303878784
13550,0.03284695744514465
13551,0.032837823033332825
13552,0.032831352204084396
13553,0.032819245010614395
13554,0.03280005231499672
13555,0.03277535364031792
13556,0.0327640064060688
13557,0.03276559337973595
13558,0.032764237374067307
13559,0.03274976834654808
13560,0.032716963440179825
13561,0.032691698521375656
13562,0.032687775790691376
13563,0.032692935317754745
13564,0.032691292464733124
13565,0.032663799822330475
13566,0.03262924402952194
13567,0.03261137753725052
13568,0.032608069479465485
13569,0.03260868415236473
13570,0.032592371106147766
13571,0.032565001398324966
13572,0.032544683665037155
13573,0.03253371641039848
13574,0.032528895884752274
13575,0.032516274601221085
13576,0.03249658644199371
13577,0.032480280846357346
13578,0.03246810659766197
13579,0.0324588418006897
13580,0.032447826117277145
13581,0.03243834897875786
13582,0.032435156404972076
13583,0.03243960440158844
13584,0.03245379775762558
13585,0.03247242048382759
13586,0.032507527619600296
13587,0.032583288848400116
13588,0.03272523730993271
13589,0.032978422939777374
13590,0.033434707671403885
13591,0.03426012396812439
13592,0.035760290920734406
13593,0.038458310067653656
13594,0.04339219257235527
13595,0.05195183306932449
13596,0.06712427735328674
13597,0.0920744389295578
13598,0.13152168691158295
13599,0.17900407314300537
13600,0.22008922696113586
13601,0.21200403571128845
13602,0.14885041117668152
13603,0.06937313824892044
13604,0.038817714899778366
13605,0.0672084167599678
13606,0.10544878244400024
13607,0.10383029282093048
13608,0.06406921148300171
13609,0.036934394389390945
13610,0.051792532205581665
13611,0.07632896304130554
13612,0.07057885825634003
13613,0.044616322964429855
13614,0.0344831645488739
13615,0.04715491458773613
13616,0.05780097842216492
13617,0.04949961602687836
13618,0.03551317751407623
13619,0.0364692285656929
13620,0.04619957134127617
13621,0.04540013521909714
13622,0.036354321986436844
13623,0.03380054235458374
13624,0.03933874890208244
13625,0.042098306119441986
13626,0.03754483163356781
13627,0.03304914012551308
13628,0.0347147174179554
13629,0.03826555982232094
13630,0.03713329881429672
13631,0.03359173610806465
13632,0.0332571342587471
13633,0.035494353622198105
13634,0.036133117973804474
13635,0.034127723425626755
13636,0.03262132778763771
13637,0.03360404074192047
13638,0.034978222101926804
13639,0.03439417853951454
13640,0.032863445580005646
13641,0.03272636607289314
13642,0.03375997021794319
13643,0.03413911163806915
13644,0.033328697085380554
13645,0.03246421739459038
13646,0.032696086913347244
13647,0.03344498947262764
13648,0.03346902132034302
13649,0.03276475891470909
13650,0.03234179690480232
13651,0.032690953463315964
13652,0.03313218802213669
13653,0.0329986996948719
13654,0.032482001930475235
13655,0.03222734481096268
13656,0.032508764415979385
13657,0.032829735428094864
13658,0.03271235525608063
13659,0.03232984617352486
13660,0.03215328976511955
13661,0.03234683349728584
13662,0.03257668763399124
13663,0.03252778574824333
13664,0.03226355090737343
13665,0.032086387276649475
13666,0.032184235751628876
13667,0.03236544504761696
13668,0.0323670394718647
13669,0.032185230404138565
13670,0.03201821818947792
13671,0.03203744813799858
13672,0.03216886520385742
13673,0.032224155962467194
13674,0.03213150054216385
13675,0.03198033571243286
13676,0.03193175047636032
13677,0.032002221792936325
13678,0.03207149729132652
13679,0.03204798325896263
13680,0.031942740082740784
13681,0.031863026320934296
13682,0.03187265247106552
13683,0.031929221004247665
13684,0.03195427730679512
13685,0.03190436214208603
13686,0.03182853385806084
13687,0.0317971296608448
13688,0.03181619569659233
13689,0.031849004328250885
13690,0.031855497509241104
13691,0.03184179589152336
13692,0.031849127262830734
13693,0.03191232308745384
13694,0.03205070644617081
13695,0.03224119916558266
13696,0.03250989690423012
13697,0.0329924114048481
13698,0.03386104479432106
13699,0.03543781861662865
13700,0.03805788978934288
13701,0.0426030233502388
13702,0.05064840614795685
13703,0.06515506654977798
13704,0.08952239155769348
13705,0.12667351961135864
13706,0.17355743050575256
13707,0.23226740956306458
13708,0.26415616273880005
13709,0.2474355548620224
13710,0.1539139300584793
13711,0.059516336768865585
13712,0.03661283105611801
13713,0.08567400276660919
13714,0.1358088254928589
13715,0.11763493716716766
13716,0.05946791172027588
13717,0.03390030190348625
13718,0.06121154502034187
13719,0.09298624098300934
13720,0.07699409872293472
13721,0.041332658380270004
13722,0.03651319444179535
13723,0.058547165244817734
13724,0.06842305511236191
13725,0.04750968888401985
13726,0.033211033791303635
13727,0.04628278687596321
13728,0.05998670309782028
13729,0.05196795612573624
13730,0.03432455658912659
13731,0.03852561116218567
13732,0.05530128628015518
13733,0.056087758392095566
13734,0.04106172174215317
13735,0.03256614878773689
13736,0.045578863471746445
13737,0.05754546821117401
13738,0.04934569448232651
13739,0.03481898829340935
13740,0.03505193442106247
13741,0.04997078701853752
13742,0.054520562291145325
13743,0.042092546820640564
13744,0.03230593726038933
13745,0.038288481533527374
13746,0.05033931881189346
13747,0.04903852939605713
13748,0.03710615634918213
13749,0.03220531344413757
13750,0.039574526250362396
13751,0.047203175723552704
13752,0.043228983879089355
13753,0.03414246067404747
13754,0.03262433037161827
13755,0.03893453627824783
13756,0.042764097452163696
13757,0.03839874267578125
13758,0.032558344304561615
13759,0.032872941344976425
13760,0.037339646369218826
13761,0.03879174590110779
13762,0.03527102991938591
13763,0.03190409019589424
13764,0.032728809863328934
13765,0.0354771688580513
13766,0.03581234812736511
13767,0.03346730396151543
13768,0.031671103090047836
13769,0.032366491854190826
13770,0.03385738283395767
13771,0.03379916027188301
13772,0.032447122037410736
13773,0.031563106924295425
13774,0.03200370445847511
13775,0.03271668031811714
13776,0.032562531530857086
13777,0.031868014484643936
13778,0.0314728245139122
13779,0.03171006217598915
13780,0.03200563043355942
13781,0.03186473995447159
13782,0.031542230397462845
13783,0.03138844296336174
13784,0.03150126710534096
13785,0.031590785831213
13786,0.03148682042956352
13787,0.03135961666703224
13788,0.031323518604040146
13789,0.03137439116835594
13790,0.03137056902050972
13791,0.03129833564162254
13792,0.031262557953596115
13793,0.0312739759683609
13794,0.03129462152719498
13795,0.03125396743416786
13796,0.03120872750878334
13797,0.031218944117426872
13798,0.031247852370142937
13799,0.031249310821294785
13800,0.03118295781314373
13801,0.03114568255841732
13802,0.03118242137134075
13803,0.031227972358465195
13804,0.03122406266629696
13805,0.03113318420946598
13806,0.03107876516878605
13807,0.031122438609600067
13808,0.031190920621156693
13809,0.03120647929608822
13810,0.03110506758093834
13811,0.031014524400234222
13812,0.031033622100949287
13813,0.031109463423490524
13814,0.031158583238720894
13815,0.03107893466949463
13816,0.030966416001319885
13817,0.030943628400564194
13818,0.03099251724779606
13819,0.031051479279994965
13820,0.03101036697626114
13821,0.030915796756744385
13822,0.030873723328113556
13823,0.030887484550476074
13824,0.030926695093512535
13825,0.03090689890086651
13826,0.030844951048493385
13827,0.030811628326773643
13828,0.030810019001364708
13829,0.030825847759842873
13830,0.030807534232735634
13831,0.030768759548664093
13832,0.030751990154385567
13833,0.030754907056689262
13834,0.030767014250159264
13835,0.030747029930353165
13836,0.030713951215147972
13837,0.030704792588949203
13838,0.030715301632881165
13839,0.030736291781067848
13840,0.030738074332475662
13841,0.030750557780265808
13842,0.030821802094578743
13843,0.030982621014118195
13844,0.03128610551357269
13845,0.03177453577518463
13846,0.03263694420456886
13847,0.03433147817850113
13848,0.03756576031446457
13849,0.0437910333275795
13850,0.05540774390101433
13851,0.07712942361831665
13852,0.11400339007377625
13853,0.17251242697238922
13854,0.23734337091445923
13855,0.2770038843154907
13856,0.23029446601867676
13857,0.12517696619033813
13858,0.04950672388076782
13859,0.056242648512125015
13860,0.10629382729530334
13861,0.12824219465255737
13862,0.09085190296173096
13863,0.04055195301771164
13864,0.04846271499991417
13865,0.08667256683111191
13866,0.07824179530143738
13867,0.0439700111746788
13868,0.039031341671943665
13869,0.05261816084384918
13870,0.058767326176166534
13871,0.04914795607328415
13872,0.035234615206718445
13873,0.04043039306998253
13874,0.05180880054831505
13875,0.042570438235998154
13876,0.032978177070617676
13877,0.03907224163413048
13878,0.04418834298849106
13879,0.04100005328655243
13880,0.03416380658745766
13881,0.03357355669140816
13882,0.04000680148601532
13883,0.03922238573431969
13884,0.03319986164569855
13885,0.033752571791410446
13886,0.0367562510073185
13887,0.03621778264641762
13888,0.03343634679913521
13889,0.03211343660950661
13890,0.03474637493491173
13891,0.03587896749377251
13892,0.03269406035542488
13893,0.031385086476802826
13894,0.03298104181885719
13895,0.033899080008268356
13896,0.03303799033164978
13897,0.03136240690946579
13898,0.031421270221471786
13899,0.032812900841236115
13900,0.03259703889489174
13901,0.031370051205158234
13902,0.031112032011151314
13903,0.03164476156234741
13904,0.03205044940114021
13905,0.03162018209695816
13906,0.03087693266570568
13907,0.031018586829304695
13908,0.0315459668636322
13909,0.03147689625620842
13910,0.03106478415429592
13911,0.030792204663157463
13912,0.030882706865668297
13913,0.03115411475300789
13914,0.031109699979424477
13915,0.030813822522759438
13916,0.030709901824593544
13917,0.030779479071497917
13918,0.030824968591332436
13919,0.030792422592639923
13920,0.030657563358545303
13921,0.03057670220732689
13922,0.030639763921499252
13923,0.030665764585137367
13924,0.030618000775575638
13925,0.030556512996554375
13926,0.03050529584288597
13927,0.03051411174237728
13928,0.03055276721715927
13929,0.030549731105566025
13930,0.03049490414559841
13931,0.030446860939264297
13932,0.030425533652305603
13933,0.03042665682733059
13934,0.030438104644417763
13935,0.030409958213567734
13936,0.030367497354745865
13937,0.030354080721735954
13938,0.03035196289420128
13939,0.03035571426153183
13940,0.030341748148202896
13941,0.030309220775961876
13942,0.030288103967905045
13943,0.030285611748695374
13944,0.030292538926005363
13945,0.030279036611318588
13946,0.030253088101744652
13947,0.03023151308298111
13948,0.030215071514248848
13949,0.03021000139415264
13950,0.030198222026228905
13951,0.030183810740709305
13952,0.030177049338817596
13953,0.030173536390066147
13954,0.030176421627402306
13955,0.03016374260187149
13956,0.030140342190861702
13957,0.030123678967356682
13958,0.0301069188863039
13959,0.030088406056165695
13960,0.030080553144216537
13961,0.030106471851468086
13962,0.03016745112836361
13963,0.03027336299419403
13964,0.03045247122645378
13965,0.030639873817563057
13966,0.030863506719470024
13967,0.03132015839219093
13968,0.03217042237520218
13969,0.03374141454696655
13970,0.036631375551223755
13971,0.04203154891729355
13972,0.05173380672931671
13973,0.06956487894058228
13974,0.09976780414581299
13975,0.14520344138145447
13976,0.1991913616657257
13977,0.26177534461021423
13978,0.28024303913116455
13979,0.23493386805057526
13980,0.12146469205617905
13981,0.0394386388361454
13982,0.05000326782464981
13983,0.11450974643230438
13984,0.14399278163909912
13985,0.09532584249973297
13986,0.03851306438446045
13987,0.04291768744587898
13988,0.08520691841840744
13989,0.09705996513366699
13990,0.05852815881371498
13991,0.03169025480747223
13992,0.05034692585468292
13993,0.0733257308602333
13994,0.06144028156995773
13995,0.03462005779147148
13996,0.038528066128492355
13997,0.06049429625272751
13998,0.059661634266376495
13999,0.03900948539376259
14000,0.032179851084947586
14001,0.048976413905620575
14002,0.05787673592567444
14003,0.04412973299622536
14004,0.031309761106967926
14005,0.037583574652671814
14006,0.05016721785068512
14007,0.04710846394300461
14008,0.034181851893663406
14009,0.03169604763388634
14010,0.04062963277101517
14011,0.04447614401578903
14012,0.03702016919851303
14013,0.030666623264551163
14014,0.03395041450858116
14015,0.03933168947696686
14016,0.037559300661087036
14017,0.031904883682727814
14018,0.030788522213697433
14019,0.034436870366334915
14020,0.035933930426836014
14021,0.032949138432741165
14022,0.030369924381375313
14023,0.031416840851306915
14024,0.03354629501700401
14025,0.032963234931230545
14026,0.03078094683587551
14027,0.030354399234056473
14028,0.03170548379421234
14029,0.03241045027971268
14030,0.031233347952365875
14031,0.03014218620955944
14032,0.030666863545775414
14033,0.03164230287075043
14034,0.03153027966618538
14035,0.030419671908020973
14036,0.030087200924754143
14037,0.030878672376275063
14038,0.03143828734755516
14039,0.0309778843075037
14040,0.03008667379617691
14041,0.03014974482357502
14042,0.030950535088777542
14043,0.031247815117239952
14044,0.030670391395688057
14045,0.029941175132989883
14046,0.0301589947193861
14047,0.03091583214700222
14048,0.03111669048666954
14049,0.030533939599990845
14050,0.029855934903025627
14051,0.03006529062986374
14052,0.030788972973823547
14053,0.031024420633912086
14054,0.030512508004903793
14055,0.02981937862932682
14056,0.0299086794257164
14057,0.030579186975955963
14058,0.030920185148715973
14059,0.030551239848136902
14060,0.029836265370249748
14061,0.02974105440080166
14062,0.03030860796570778
14063,0.030761275440454483
14064,0.03059394098818302
14065,0.029905859380960464
14066,0.029609709978103638
14067,0.030006596818566322
14068,0.030514076352119446
14069,0.030566392466425896
14070,0.02998918481171131
14071,0.029546210542321205
14072,0.02973204478621483
14073,0.030197609215974808
14074,0.030420443043112755
14075,0.030019083991646767
14076,0.029534177854657173
14077,0.029531795531511307
14078,0.029870852828025818
14079,0.03016035445034504
14080,0.0299399234354496
14081,0.029521187767386436
14082,0.029415512457489967
14083,0.02960602007806301
14084,0.029855938628315926
14085,0.029757512733340263
14086,0.029460027813911438
14087,0.029346471652388573
14088,0.029434844851493835
14089,0.029599688947200775
14090,0.02954673580825329
14091,0.029357466846704483
14092,0.029288316145539284
14093,0.02934248559176922
14094,0.02944541908800602
14095,0.029394185170531273
14096,0.02926476299762726
14097,0.029235422611236572
14098,0.02928837202489376
14099,0.029363732784986496
14100,0.02930407226085663
14101,0.02919709123671055
14102,0.02918906882405281
14103,0.02925511822104454
14104,0.029341742396354675
14105,0.02929067425429821
14106,0.02918451838195324
14107,0.029176874086260796
14108,0.029253173619508743
14109,0.02937690168619156
14110,0.029439857229590416
14111,0.029541360214352608
14112,0.029865428805351257
14113,0.030534807592630386
14114,0.03175615891814232
14115,0.033756356686353683
14116,0.037237752228975296
14117,0.04382791742682457
14118,0.055688031017780304
14119,0.07678809016942978
14120,0.11039908230304718
14121,0.15936335921287537
14122,0.20761600136756897
14123,0.2287798374891281
14124,0.18266509473323822
14125,0.09536775201559067
14126,0.03753025084733963
14127,0.05086247995495796
14128,0.09794668108224869
14129,0.1134587973356247
14130,0.07659021764993668
14131,0.03571613132953644
14132,0.04186440631747246
14133,0.07365526258945465
14134,0.07568496465682983
14135,0.04653902351856232
14136,0.03113381564617157
14137,0.04453890025615692
14138,0.057911887764930725
14139,0.048838842660188675
14140,0.03248843178153038
14141,0.034136708825826645
14142,0.04679746925830841
14143,0.04559294134378433
14144,0.033152952790260315
14145,0.03097279742360115
14146,0.03929448500275612
14147,0.04156063497066498
14148,0.03488306328654289
14149,0.030604461207985878
14150,0.03416699916124344
14151,0.03771254047751427
14152,0.03438124060630798
14153,0.030145907774567604
14154,0.03183194249868393
14155,0.035009343177080154
14156,0.033724308013916016
14157,0.03033968061208725
14158,0.0299309603869915
14159,0.03222312033176422
14160,0.03294127434492111
14161,0.03088265284895897
14162,0.029376419261097908
14163,0.03035903349518776
14164,0.031566862016916275
14165,0.030876778066158295
14166,0.029545383527874947
14167,0.029469313099980354
14168,0.030323881655931473
14169,0.030592452734708786
14170,0.029829710721969604
14171,0.02919730916619301
14172,0.029519138857722282
14173,0.030073169618844986
14174,0.02997683919966221
14175,0.029405677691102028
14176,0.029151415452361107
14177,0.029398567974567413
14178,0.029643001034855843
14179,0.029547428712248802
14180,0.02922460064291954
14181,0.029092896729707718
14182,0.029241006821393967
14183,0.029323898255825043
14184,0.029210345819592476
14185,0.029037918895483017
14186,0.028992900624871254
14187,0.02908138372004032
14188,0.02913992665708065
14189,0.029090026393532753
14190,0.028964096680283546
14191,0.028908364474773407
14192,0.028958678245544434
14193,0.029003718867897987
14194,0.028998255729675293
14195,0.02892179787158966
14196,0.028849730268120766
14197,0.028848404064774513
14198,0.02886895462870598
14199,0.02886856161057949
14200,0.028817782178521156
14201,0.02876967191696167
14202,0.028770679607987404
14203,0.028796136379241943
14204,0.028821485117077827
14205,0.02878946252167225
14206,0.028727736324071884
14207,0.028697749599814415
14208,0.02869511768221855
14209,0.02870291844010353
14210,0.028685279190540314
14211,0.02865748479962349
14212,0.0286495890468359
14213,0.028663931414484978
14214,0.02869947999715805
14215,0.028694823384284973
14216,0.02865131013095379
14217,0.028617899864912033
14218,0.02859342098236084
14219,0.028578059747815132
14220,0.028599530458450317
14221,0.028691664338111877
14222,0.028851792216300964
14223,0.02912205457687378
14224,0.029581114649772644
14225,0.03010101616382599
14226,0.030747709795832634
14227,0.03198288381099701
14228,0.03419845551252365
14229,0.038213517516851425
14230,0.045209310948848724
14231,0.057704076170921326
14232,0.07850271463394165
14233,0.11341449618339539
14234,0.1617847979068756
14235,0.2148725688457489
14236,0.23539546132087708
14237,0.2158365547657013
14238,0.13578593730926514
14239,0.055369578301906586
14240,0.030711645260453224
14241,0.05938461795449257
14242,0.09596511721611023
14243,0.09576302766799927
14244,0.061919476836919785
14245,0.033156029880046844
14246,0.034125518053770065
14247,0.053442105650901794
14248,0.06253649294376373
14249,0.05085846781730652
14250,0.03430403396487236
14251,0.03018035925924778
14252,0.038671962916851044
14253,0.045169588178396225
14254,0.040568891912698746
14255,0.0322381891310215
14256,0.02965494617819786
14257,0.033408068120479584
14258,0.037011489272117615
14259,0.03551097214221954
14260,0.031227480620145798
14261,0.029135609045624733
14262,0.03065902553498745
14263,0.0328630693256855
14264,0.032775796949863434
14265,0.03076169453561306
14266,0.029086755588650703
14267,0.029274245724081993
14268,0.0306033156812191
14269,0.03115425445139408
14270,0.030304398387670517
14271,0.029118536040186882
14272,0.02876162715256214
14273,0.029337000101804733
14274,0.029973600059747696
14275,0.029849352315068245
14276,0.029159389436244965
14277,0.02866354025900364
14278,0.028732381761074066
14279,0.029116716235876083
14280,0.02926601842045784
14281,0.029008282348513603
14282,0.02866125851869583
14283,0.028537968173623085
14284,0.028667422011494637
14285,0.028781233355402946
14286,0.028710516169667244
14287,0.028556598350405693
14288,0.028446150943636894
14289,0.028448449447751045
14290,0.02848733589053154
14291,0.028470870107412338
14292,0.028420906513929367
14293,0.028365856036543846
14294,0.02833690494298935
14295,0.02832997590303421
14296,0.028315629810094833
14297,0.028298666700720787
14298,0.02828502655029297
14299,0.028270961716771126
14300,0.02825639396905899
14301,0.0282489862293005
14302,0.02824237383902073
14303,0.028230665251612663
14304,0.028214668855071068
14305,0.028191618621349335
14306,0.028182804584503174
14307,0.02818882092833519
14308,0.028193050995469093
14309,0.028184009715914726
14310,0.028147486969828606
14311,0.028117071837186813
14312,0.028115032240748405
14313,0.028127368539571762
14314,0.028134746477007866
14315,0.02810695767402649
14316,0.028065910562872887
14317,0.028045104816555977
14318,0.028043823316693306
14319,0.02805199846625328
14320,0.028039222583174706
14321,0.028009139001369476
14322,0.027987029403448105
14323,0.027974935248494148
14324,0.027969837188720703
14325,0.027958350256085396
14326,0.027941551059484482
14327,0.027929730713367462
14328,0.02792261727154255
14329,0.027917956933379173
14330,0.027905309572815895
14331,0.02789085917174816
14332,0.02788378670811653
14333,0.02788226120173931
14334,0.02788405306637287
14335,0.02788117341697216
14336,0.027885034680366516
14337,0.027910523116588593
14338,0.02796647883951664
14339,0.028068700805306435
14340,0.028221890330314636
14341,0.028476502746343613
14342,0.028941582888364792
14343,0.02978171966969967
14344,0.03128610551357269
14345,0.03400363773107529
14346,0.0388718917965889
14347,0.0476214736700058
14348,0.06270462274551392
14349,0.08793467283248901
14350,0.1238941103219986
14351,0.16754311323165894
14352,0.19665232300758362
14353,0.18579410016536713
14354,0.12449945509433746
14355,0.05741215497255325
14356,0.035918038338422775
14357,0.06260689347982407
14358,0.09413203597068787
14359,0.0900280699133873
14360,0.054323434829711914
14361,0.030281580984592438
14362,0.043740756809711456
14363,0.06834360957145691
14364,0.0661393329501152
14365,0.04228183627128601
14366,0.03109373338520527
14367,0.0411376878619194
14368,0.05057618021965027
14369,0.044504374265670776
14370,0.03259749710559845
14371,0.030643103644251823
14372,0.039093978703022
14373,0.04295741021633148
14374,0.03536538407206535
14375,0.02882704697549343
14376,0.03215954825282097
14377,0.03709202632308006
14378,0.03502480685710907
14379,0.02983870543539524
14380,0.02890106663107872
14381,0.032049860805273056
14382,0.03376016765832901
14383,0.03140324354171753
14384,0.02858865074813366
14385,0.029316285625100136
14386,0.031580850481987
14387,0.031201167032122612
14388,0.028932243585586548
14389,0.02815462090075016
14390,0.029278043657541275
14391,0.030150283128023148
14392,0.02954547107219696
14393,0.028351936489343643
14394,0.028089240193367004
14395,0.02889253944158554
14396,0.029346656054258347
14397,0.02872428670525551
14398,0.027996692806482315
14399,0.028068475425243378
14400,0.028532380238175392
14401,0.028616439551115036
14402,0.028225744143128395
14403,0.027837490662932396
14404,0.027854209765791893
14405,0.028139149770140648
14406,0.028231147676706314
14407,0.02798338420689106
14408,0.02772807516157627
14409,0.027746103703975677
14410,0.027907714247703552
14411,0.027951691299676895
14412,0.027838803827762604
14413,0.027706580236554146
14414,0.027675814926624298
14415,0.027743855491280556
14416,0.027797767892479897
14417,0.027753856033086777
14418,0.02765650488436222
14419,0.02761193737387657
14420,0.02765142358839512
14421,0.02771790884435177
14422,0.027760744094848633
14423,0.027789849787950516
14424,0.027854453772306442
14425,0.027962489053606987
14426,0.02813166379928589
14427,0.028401236981153488
14428,0.02881270833313465
14429,0.02946958877146244
14430,0.030527282506227493
14431,0.03221919760107994
14432,0.035060182213783264
14433,0.03965521603822708
14434,0.04730971157550812
14435,0.05787281692028046
14436,0.07346957921981812
14437,0.09505151212215424
14438,0.12479491531848907
14439,0.15255901217460632
14440,0.16863538324832916
14441,0.14946407079696655
14442,0.10713112354278564
14443,0.056135229766368866
14444,0.029210254549980164
14445,0.035897836089134216
14446,0.05722559988498688
14447,0.07132883369922638
14448,0.0650097131729126
14449,0.04573836550116539
14450,0.0308060422539711
14451,0.02915501780807972
14452,0.03732266277074814
14453,0.044873107224702835
14454,0.044214218854904175
14455,0.03687490522861481
14456,0.029876289889216423
14457,0.028564095497131348
14458,0.03243179991841316
14459,0.03628581762313843
14460,0.036079201847314835
14461,0.032417796552181244
14462,0.028863854706287384
14463,0.02823495678603649
14464,0.030106088146567345
14465,0.03190150856971741
14466,0.03180688992142677
14467,0.030112314969301224
14468,0.028388159349560738
14469,0.02791202813386917
14470,0.02850990928709507
14471,0.029119743034243584
14472,0.029177363961935043
14473,0.028659826144576073
14474,0.02800893224775791
14475,0.027721107006072998
14476,0.027751222252845764
14477,0.027896873652935028
14478,0.027981918305158615
14479,0.027909433469176292
14480,0.02777302823960781
14481,0.027644913643598557
14482,0.027548260986804962
14483,0.027519170194864273
14484,0.027530746534466743
14485,0.027540694922208786
14486,0.027537565678358078
14487,0.02749982662498951
14488,0.02743658609688282
14489,0.027383457869291306
14490,0.02735176309943199
14491,0.027350150048732758
14492,0.027362670749425888
14493,0.02736077643930912
14494,0.02732953429222107
14495,0.027262026444077492
14496,0.02719680778682232
14497,0.02717137522995472
14498,0.02718122862279415
14499,0.027204599231481552
14500,0.027206458151340485
14501,0.027175437659025192
14502,0.02712986059486866
14503,0.02708476036787033
14504,0.027052801102399826
14505,0.027036605402827263
14506,0.02703014761209488
14507,0.02702958509325981
14508,0.02702946588397026
14509,0.02702622301876545
14510,0.027018830180168152
14511,0.027007967233657837
14512,0.026993660256266594
14513,0.02697674185037613
14514,0.026957683265209198
14515,0.026935184374451637
14516,0.026915520429611206
14517,0.026902688667178154
14518,0.026895469054579735
14519,0.02689126878976822
14520,0.026881225407123566
14521,0.02686638943850994
14522,0.026852557435631752
14523,0.026840033009648323
14524,0.026829015463590622
14525,0.026818841695785522
14526,0.02680935710668564
14527,0.026800230145454407
14528,0.026791151612997055
14529,0.026782173663377762
14530,0.026771508157253265
14531,0.026762228459119797
14532,0.026756785809993744
14533,0.02675585448741913
14534,0.026760946959257126
14535,0.026767538860440254
14536,0.02677801065146923
14537,0.02680317498743534
14538,0.026851605623960495
14539,0.026937654241919518
14540,0.02709505893290043
14541,0.027374349534511566
14542,0.027857422828674316
14543,0.028690533712506294
14544,0.030155157670378685
14545,0.03257836028933525
14546,0.036768555641174316
14547,0.04404084384441376
14548,0.05685245618224144
14549,0.07763712108135223
14550,0.10982098430395126
14551,0.1494409739971161
14552,0.19180554151535034
14553,0.20678085088729858
14554,0.18303337693214417
14555,0.12403752654790878
14556,0.0786566436290741
14557,0.07068372517824173
14558,0.08584001660346985
14559,0.09111347794532776
14560,0.07070494443178177
14561,0.04106559604406357
14562,0.03715965896844864
14563,0.06175696477293968
14564,0.07696183025836945
14565,0.060400404036045074
14566,0.0371808186173439
14567,0.0353972464799881
14568,0.04501646012067795
14569,0.04658262059092522
14570,0.03908658027648926
14571,0.033399567008018494
14572,0.03665643185377121
14573,0.043663397431373596
14574,0.04162374511361122
14575,0.030894268304109573
14576,0.0279556754976511
14577,0.03421903774142265
14578,0.0370560921728611
14579,0.03395905718207359
14580,0.030548591166734695
14581,0.030539005994796753
14582,0.03248467296361923
14583,0.03229634463787079
14584,0.029085788875818253
14585,0.027517925947904587
14586,0.029887409880757332
14587,0.0315856970846653
14588,0.029845327138900757
14589,0.027725737541913986
14590,0.027781017124652863
14591,0.029098747298121452
14592,0.02955266274511814
14593,0.02838476561009884
14594,0.027079228311777115
14595,0.027391541749238968
14596,0.028665456920862198
14597,0.028827780857682228
14598,0.027877576649188995
14599,0.027320079505443573
14600,0.027546904981136322
14601,0.02797289565205574
14602,0.027913575991988182
14603,0.02731144428253174
14604,0.026879938319325447
14605,0.02712242677807808
14606,0.027598854154348373
14607,0.027574151754379272
14608,0.027101173996925354
14609,0.02676990255713463
14610,0.026849396526813507
14611,0.027148518711328506
14612,0.027270441874861717
14613,0.027056071907281876
14614,0.026763983070850372
14615,0.026701558381319046
14616,0.0268794447183609
14617,0.02699917182326317
14618,0.026905518025159836
14619,0.026731565594673157
14620,0.026627937331795692
14621,0.026677057147026062
14622,0.026793450117111206
14623,0.026804044842720032
14624,0.026673221960663795
14625,0.02653251215815544
14626,0.026531219482421875
14627,0.026635974645614624
14628,0.026721863076090813
14629,0.02672611176967621
14630,0.026624731719493866
14631,0.02652006596326828
14632,0.0265093594789505
14633,0.026551973074674606
14634,0.0265705157071352
14635,0.026545872911810875
14636,0.02653595805168152
14637,0.026589611545205116
14638,0.02672695182263851
14639,0.02694215066730976
14640,0.027100088074803352
14641,0.027207577601075172
14642,0.027428362518548965
14643,0.027852481231093407
14644,0.028581365942955017
14645,0.02986884117126465
14646,0.032015446573495865
14647,0.03556071221828461
14648,0.04124263674020767
14649,0.05066106468439102
14650,0.0630466565489769
14651,0.08055831491947174
14652,0.1037924736738205
14653,0.1342780441045761
14654,0.15906135737895966
14655,0.16893623769283295
14656,0.14194947481155396
14657,0.09458750486373901
14658,0.04620150104165077
14659,0.027077602222561836
14660,0.04008076712489128
14661,0.06214700639247894
14662,0.0722496286034584
14663,0.060883112251758575
14664,0.040078986436128616
14665,0.02781316265463829
14666,0.02981434389948845
14667,0.03933781012892723
14668,0.045021165162324905
14669,0.04143083840608597
14670,0.03301487863063812
14671,0.02739924006164074
14672,0.028241299092769623
14673,0.03291570395231247
14674,0.03573231026530266
14675,0.034013938158750534
14676,0.029835321009159088
14677,0.026960216462612152
14678,0.027370788156986237
14679,0.02976011112332344
14680,0.03131901100277901
14681,0.03056574985384941
14682,0.028388530015945435
14683,0.02677483670413494
14684,0.026774480938911438
14685,0.027767518535256386
14686,0.028472835198044777
14687,0.0282864049077034
14688,0.027424152940511703
14689,0.026627400889992714
14690,0.026415323838591576
14691,0.02663276344537735
14692,0.026955122128129005
14693,0.027078518643975258
14694,0.02690792828798294
14695,0.0266177449375391
14696,0.026364894583821297
14697,0.026257362216711044
14698,0.026312343776226044
14699,0.026432929560542107
14700,0.02652813121676445
14701,0.02652457356452942
14702,0.026406768709421158
14703,0.02625635452568531
14704,0.02615303173661232
14705,0.026131154969334602
14706,0.02618907205760479
14707,0.026266928762197495
14708,0.026302745565772057
14709,0.0262747835367918
14710,0.026184430345892906
14711,0.02608766406774521
14712,0.026036299765110016
14713,0.026035677641630173
14714,0.026067044585943222
14715,0.026084447279572487
14716,0.026067746803164482
14717,0.026035703718662262
14718,0.025998307392001152
14719,0.02596542425453663
14720,0.02594648487865925
14721,0.025934649631381035
14722,0.025924528017640114
14723,0.025916147977113724
14724,0.02590818889439106
14725,0.025901665911078453
14726,0.025897713378071785
14727,0.025891559198498726
14728,0.025881465524435043
14729,0.0258677676320076
14730,0.025847049430012703
14731,0.02582613006234169
14732,0.025811612606048584
14733,0.025802722200751305
14734,0.025797998532652855
14735,0.025790831074118614
14736,0.025779450312256813
14737,0.025768643245100975
14738,0.025758640840649605
14739,0.025749849155545235
14740,0.025745725259184837
14741,0.025747502222657204
14742,0.025754692032933235
14743,0.025770630687475204
14744,0.025800684466958046
14745,0.025846034288406372
14746,0.02592282183468342
14747,0.02606370486319065
14748,0.02631456032395363
14749,0.026754647493362427
14750,0.027530359104275703
14751,0.028896046802401543
14752,0.031327515840530396
14753,0.035622186958789825
14754,0.04324037581682205
14755,0.05608633905649185
14756,0.07736250758171082
14757,0.10897807031869888
14758,0.1497923731803894
14759,0.18340793251991272
14760,0.1859298050403595
14761,0.13836249709129333
14762,0.0710025429725647
14763,0.033976223319768906
14764,0.04714076593518257
14765,0.08064426481723785
14766,0.09233662486076355
14767,0.06987582892179489
14768,0.03779379278421402
14769,0.030590742826461792
14770,0.050420306622982025
14771,0.06306444108486176
14772,0.0484125018119812
14773,0.028928840532898903
14774,0.031103244051337242
14775,0.042893748730421066
14776,0.04282376915216446
14777,0.034773364663124084
14778,0.029423890635371208
14779,0.030361615121364594
14780,0.035250384360551834
14781,0.036257945001125336
14782,0.030408935621380806
14783,0.02633610926568508
14784,0.029979920014739037
14785,0.03315127640962601
14786,0.03020256944000721
14787,0.0270545557141304
14788,0.027311725541949272
14789,0.02880167029798031
14790,0.029334738850593567
14791,0.02822839468717575
14792,0.02651255950331688
14793,0.026525676250457764
14794,0.028121881186962128
14795,0.028181616216897964
14796,0.026568563655018806
14797,0.026065444573760033
14798,0.026872530579566956
14799,0.02729339897632599
14800,0.0269241351634264
14801,0.026347775012254715
14802,0.026049237698316574
14803,0.026299715042114258
14804,0.02674257382750511
14805,0.02654803730547428
14806,0.025998063385486603
14807,0.0259900763630867
14808,0.026427438482642174
14809,0.026667622849345207
14810,0.026541415601968765
14811,0.0264101754873991
14812,0.026523271575570107
14813,0.02689439058303833
14814,0.027475329115986824
14815,0.028101468458771706
14816,0.02899063564836979
14817,0.03066718950867653
14818,0.033595435321331024
14819,0.037969112396240234
14820,0.04377416521310806
14821,0.051395148038864136
14822,0.06342598795890808
14823,0.07945020496845245
14824,0.10080794990062714
14825,0.1182081326842308
14826,0.12911468744277954
14827,0.12145119905471802
14828,0.09832963347434998
14829,0.06287272274494171
14830,0.034975554794073105
14831,0.026155985891819
14832,0.03613206744194031
14833,0.05313132330775261
14834,0.062349461019039154
14835,0.05659845471382141
14836,0.040606170892715454
14837,0.028196517378091812
14838,0.02679731696844101
14839,0.03427712619304657
14840,0.040803853422403336
14841,0.03949877992272377
14842,0.033167559653520584
14843,0.02724257856607437
14844,0.026055263355374336
14845,0.028486035764217377
14846,0.030355751514434814
14847,0.03030870482325554
14848,0.02855277806520462
14849,0.026577264070510864
14850,0.025754092261195183
14851,0.02573399990797043
14852,0.026086721569299698
14853,0.026419682428240776
14854,0.026473423466086388
14855,0.0265029463917017
14856,0.026455173268914223
14857,0.026125263422727585
14858,0.02576220966875553
14859,0.025561723858118057
14860,0.025645965710282326
14861,0.026174986734986305
14862,0.026737859472632408
14863,0.026955874636769295
14864,0.026726406067609787
14865,0.02600422501564026
14866,0.025465836748480797
14867,0.02555202879011631
14868,0.02604489028453827
14869,0.026576390489935875
14870,0.026497021317481995
14871,0.02593574859201908
14872,0.025509143248200417
14873,0.02534586936235428
14874,0.02543359063565731
14875,0.025512704625725746
14876,0.025437457486987114
14877,0.025357652455568314
14878,0.025300171226263046
14879,0.025272369384765625
14880,0.025262240320444107
14881,0.02528197318315506
14882,0.02532709389925003
14883,0.025372453033924103
14884,0.025396158918738365
14885,0.025292759761214256
14886,0.025193797424435616
14887,0.025219017639756203
14888,0.025327695533633232
14889,0.02546796388924122
14890,0.025430602952837944
14891,0.025264371186494827
14892,0.02515975944697857
14893,0.02511616423726082
14894,0.025120489299297333
14895,0.025109220296144485
14896,0.025083189830183983
14897,0.02508515678346157
14898,0.025107979774475098
14899,0.025142718106508255
14900,0.025103069841861725
14901,0.025037230923771858
14902,0.025023389607667923
14903,0.02504844032227993
14904,0.025101978331804276
14905,0.025084804743528366
14906,0.025014501065015793
14907,0.024975242093205452
14908,0.02495773695409298
14909,0.024955006316304207
14910,0.024940093979239464
14911,0.024936862289905548
14912,0.024969473481178284
14913,0.025036536157131195
14914,0.02514413744211197
14915,0.025166716426610947
14916,0.02510697953402996
14917,0.0250860508531332
14918,0.02509978599846363
14919,0.025153882801532745
14920,0.025396840646862984
14921,0.02597617730498314
14922,0.026949068531394005
14923,0.028617646545171738
14924,0.03147786483168602
14925,0.0353955402970314
14926,0.04100692272186279
14927,0.051217276602983475
14928,0.06827975064516068
14929,0.09681789577007294
14930,0.13507644832134247
14931,0.1831192821264267
14932,0.2193509042263031
14933,0.2251061350107193
14934,0.16950079798698425
14935,0.08512230962514877
14936,0.03114907816052437
14937,0.04214150086045265
14938,0.08860126882791519
14939,0.1154971569776535
14940,0.09300342947244644
14941,0.044792547821998596
14942,0.02776339277625084
14943,0.05153242126107216
14944,0.0754290223121643
14945,0.0625147819519043
14946,0.033236127346754074
14947,0.029716603457927704
14948,0.046637874096632004
14949,0.05484258010983467
14950,0.04168126732110977
14951,0.028015470132231712
14952,0.03247826173901558
14953,0.045049555599689484
14954,0.045786354690790176
14955,0.031486280262470245
14956,0.02710467390716076
14957,0.038722094148397446
14958,0.04560688138008118
14959,0.03777781501412392
14960,0.02691052481532097
14961,0.030894052237272263
14962,0.041904516518116
14963,0.043615251779556274
14964,0.03418365865945816
14965,0.02605358511209488
14966,0.03310803696513176
14967,0.04379088431596756
14968,0.04193051904439926
14969,0.030812593176960945
14970,0.02632416971027851
14971,0.03586796671152115
14972,0.04383128881454468
14973,0.03909996524453163
14974,0.02880549058318138
14975,0.026560639962553978
14976,0.036515675485134125
14977,0.04316888749599457
14978,0.03716054558753967
14979,0.027212820947170258
14980,0.02652914822101593
14981,0.03618481755256653
14982,0.04109284654259682
14983,0.03495045378804207
14984,0.02659057453274727
14985,0.026590727269649506
14986,0.03474840894341469
14987,0.03863149881362915
14988,0.03329973295331001
14989,0.026182465255260468
14990,0.026186179369688034
14991,0.032889224588871
14992,0.03615102544426918
14993,0.031978048384189606
14994,0.026165293529629707
14995,0.025729354470968246
14996,0.030757416039705276
14997,0.033769845962524414
14998,0.031021296977996826
14999,0.026258906349539757
15000,0.025137152522802353
15001,0.028709739446640015
15002,0.03164122998714447
15003,0.030247239395976067
15004,0.0265182051807642
15005,0.024839192628860474
15006,0.02703486755490303
15007,0.02973811887204647
15008,0.029535099864006042
15009,0.026865430176258087
15010,0.02480977401137352
15011,0.025773027911782265
15012,0.028094328939914703
15013,0.02878950908780098
15014,0.027178242802619934
15015,0.025059644132852554
15016,0.02499954029917717
15017,0.02671847864985466
15018,0.027929242700338364
15019,0.027312181890010834
15020,0.025447700172662735
15021,0.024655640125274658
15022,0.02565833553671837
15023,0.02699088864028454
15024,0.027165647596120834
15025,0.025794383138418198
15026,0.024641700088977814
15027,0.024964626878499985
15028,0.026054373010993004
15029,0.026659255847334862
15030,0.02586074359714985
15031,0.02475208416581154
15032,0.02464614063501358
15033,0.025363676249980927
15034,0.026076992973685265
15035,0.02574673853814602
15036,0.024914611130952835
15037,0.024689655750989914
15038,0.025125132873654366
15039,0.02578677423298359
15040,0.02592998370528221
15041,0.025873906910419464
15042,0.026460349559783936
15043,0.027976645156741142
15044,0.030552683398127556
15045,0.03407726809382439
15046,0.039470773190259933
15047,0.04897152632474899
15048,0.06424985826015472
15049,0.08720842003822327
15050,0.11649167537689209
15051,0.14629404246807098
15052,0.16065488755702972
15053,0.14525803923606873
15054,0.09906144440174103
15055,0.049238987267017365
15056,0.02830512262880802
15057,0.04373481497168541
15058,0.07021477818489075
15059,0.07795465737581253
15060,0.059228040277957916
15061,0.03504366800189018
15062,0.03030581586062908
15063,0.04167656973004341
15064,0.049715083092451096
15065,0.04356767609715462
15066,0.031709812581539154
15067,0.028444280847907066
15068,0.03381822630763054
15069,0.037658143788576126
15070,0.033709216862916946
15071,0.027042198926210403
15072,0.026176828891038895
15073,0.030391305685043335
15074,0.03232889249920845
15075,0.029154561460018158
15076,0.02538432367146015
15077,0.02543235570192337
15078,0.028032589703798294
15079,0.029176268726587296
15080,0.027412928640842438
15081,0.02531241811811924
15082,0.025347040966153145
15083,0.027020364999771118
15084,0.027915379032492638
15085,0.02663528360426426
15086,0.02511603757739067
15087,0.025250021368265152
15088,0.026595216244459152
15089,0.02747805416584015
15090,0.026548687368631363
15091,0.025106148794293404
15092,0.024796653538942337
15093,0.02566855400800705
15094,0.026756979525089264
15095,0.026496512815356255
15096,0.025296352803707123
15097,0.024582911282777786
15098,0.024814747273921967
15099,0.02563115954399109
15100,0.025780044496059418
15101,0.025173159316182137
15102,0.024644995108246803
15103,0.024521293118596077
15104,0.02481059357523918
15105,0.024915611371397972
15106,0.024760419502854347
15107,0.024642370641231537
15108,0.024574490264058113
15109,0.02461257390677929
15110,0.024506906047463417
15111,0.02442147023975849
15112,0.024540303274989128
15113,0.024694858118891716
15114,0.024793002754449844
15115,0.024538520723581314
15116,0.024256523698568344
15117,0.0243136715143919
15118,0.024560654535889626
15119,0.024817056953907013
15120,0.024642663076519966
15121,0.02426803484559059
15122,0.024154042825102806
15123,0.024268604815006256
15124,0.024498164653778076
15125,0.02445109188556671
15126,0.024216970428824425
15127,0.0241232980042696
15128,0.02416529320180416
15129,0.02430158294737339
15130,0.024252992123365402
15131,0.024102535098791122
15132,0.024081075564026833
15133,0.024156853556632996
15134,0.024291448295116425
15135,0.02422376535832882
15136,0.024047117680311203
15137,0.023997221142053604
15138,0.024045122787356377
15139,0.024157274514436722
15140,0.02411700412631035
15141,0.023989897221326828
15142,0.02395917847752571
15143,0.023998288437724113
15144,0.024084361270070076
15145,0.024035537615418434
15146,0.02392224594950676
15147,0.02390356734395027
15148,0.0239526629447937
15149,0.02404954470694065
15150,0.024012122303247452
15151,0.023893674835562706
15152,0.0238504596054554
15153,0.023860320448875427
15154,0.023911334574222565
15155,0.023881008848547935
15156,0.023813894018530846
15157,0.0238119438290596
15158,0.02385733835399151
15159,0.0239493977278471
15160,0.02393280528485775
15161,0.023834262043237686
15162,0.023785537108778954
15163,0.023758556693792343
15164,0.02374066598713398
15165,0.02374379336833954
15166,0.023862028494477272
15167,0.024127688258886337
15168,0.02461019530892372
15169,0.025467658415436745
15170,0.026374073699116707
15171,0.027428697794675827
15172,0.02965564839541912
15173,0.03387325257062912
15174,0.04194466024637222
15175,0.056810956448316574
15176,0.08442439138889313
15177,0.12798792123794556
15178,0.19468680024147034
15179,0.2581051290035248
15180,0.2796110510826111
15181,0.1998891532421112
15182,0.08838754892349243
15183,0.030119314789772034
15184,0.06332607567310333
15185,0.11236846446990967
15186,0.10124577581882477
15187,0.05420900881290436
15188,0.028614917770028114
15189,0.049489207565784454
15190,0.0682203471660614
15191,0.049506936222314835
15192,0.027789566665887833
15193,0.030562106519937515
15194,0.046530354768037796
15195,0.040694285184144974
15196,0.02603263407945633
15197,0.03125832974910736
15198,0.04253450781106949
15199,0.0398518405854702
15200,0.026915417984128
15201,0.03088698536157608
15202,0.04440654069185257
15203,0.04448883235454559
15204,0.032807402312755585
15205,0.026561425998806953
15206,0.04011295735836029
15207,0.051291026175022125
15208,0.04327532649040222
15209,0.02819274738430977
15210,0.029460713267326355
15211,0.0494464635848999
15212,0.053521208465099335
15213,0.03573482483625412
15214,0.02436271496117115
15215,0.036120325326919556
15216,0.05260486155748367
15217,0.046075381338596344
15218,0.029634986072778702
15219,0.02698088064789772
15220,0.038074884563684464
15221,0.046322841197252274
15222,0.039444416761398315
15223,0.028054311871528625
15224,0.026546623557806015
15225,0.03587787225842476
15226,0.04148735851049423
15227,0.033151425421237946
15228,0.024412851780653
15229,0.02743249014019966
15230,0.03476523607969284
15231,0.034215256571769714
15232,0.027287263423204422
15233,0.02481115609407425
15234,0.028082681819796562
15235,0.030625537037849426
15236,0.02911675162613392
15237,0.025706732645630836
15238,0.02464984357357025
15239,0.026719413697719574
15240,0.028296982869505882
15241,0.026678871363401413
15242,0.024187734350562096
15243,0.024365263059735298
15244,0.02629021741449833
15245,0.02640996128320694
15246,0.024675277993083
15247,0.02384735271334648
15248,0.02461843378841877
15249,0.025376105681061745
15250,0.02490898035466671
15251,0.024054599925875664
15252,0.02391275204718113
15253,0.02437058836221695
15254,0.024721981957554817
15255,0.024329934269189835
15256,0.023767907172441483
15257,0.023826155811548233
15258,0.024296553805470467
15259,0.024452006444334984
15260,0.023952249437570572
15261,0.023630274459719658
15262,0.023946227505803108
15263,0.024348029866814613
15264,0.02433668076992035
15265,0.023994585499167442
15266,0.024096030741930008
15267,0.024851858615875244
15268,0.025944093242287636
15269,0.02743406966328621
15270,0.02997172437608242
15271,0.03549809381365776
15272,0.046530503779649734
15273,0.06664374470710754
15274,0.10066193342208862
15275,0.15048491954803467
15276,0.2040303349494934
15277,0.22849398851394653
15278,0.18143606185913086
15279,0.09215717762708664
15280,0.03315873071551323
15281,0.04774406924843788
15282,0.096049964427948
15283,0.1096004843711853
15284,0.07610444724559784
15285,0.0341789536178112
15286,0.03700938820838928
15287,0.06802751868963242
15288,0.06863261014223099
15289,0.038732923567295074
15290,0.0294010192155838
15291,0.04488052427768707
15292,0.049441829323768616
15293,0.03795548528432846
15294,0.029959462583065033
15295,0.032934628427028656
15296,0.039878200739622116
15297,0.03707906976342201
15298,0.027493860572576523
15299,0.028839360922574997
15300,0.03528479114174843
15301,0.032407913357019424
15302,0.026784053072333336
15303,0.027792783454060555
15304,0.03098955564200878
15305,0.029910506680607796
15306,0.026776209473609924
15307,0.026080915704369545
15308,0.028764795511960983
15309,0.029834259301424026
15310,0.02616410329937935
15311,0.024499116465449333
15312,0.02744833379983902
15313,0.029037203639745712
15314,0.02695351652801037
15315,0.024474482983350754
15316,0.02503271959722042
15317,0.027434740215539932
15318,0.027988003566861153
15319,0.02586347982287407
15320,0.024018125608563423
15321,0.025238901376724243
15322,0.027111072093248367
15323,0.026962727308273315
15324,0.025523126125335693
15325,0.024345899000763893
15326,0.024910081177949905
15327,0.026264013722538948
15328,0.026544976979494095
15329,0.025633055716753006
15330,0.024471893906593323
15331,0.02454886958003044
15332,0.02548566833138466
15333,0.026118695735931396
15334,0.025848152115941048
15335,0.024599429219961166
15336,0.024119451642036438
15337,0.02488684095442295
15338,0.025750985369086266
15339,0.025828417390584946
15340,0.024697400629520416
15341,0.023906463757157326
15342,0.02436136268079281
15343,0.025314701721072197
15344,0.02571592479944229
15345,0.02473338320851326
15346,0.02378533035516739
15347,0.024002177640795708
15348,0.02485060691833496
15349,0.025410212576389313
15350,0.02468048594892025
15351,0.023732757195830345
15352,0.023744476959109306
15353,0.024431262165308
15354,0.025020921602845192
15355,0.024490181356668472
15356,0.023666054010391235
15357,0.023601440712809563
15358,0.024101469665765762
15359,0.024615740403532982
15360,0.024236010387539864
15361,0.02356765791773796
15362,0.023501260206103325
15363,0.023885231465101242
15364,0.024301985278725624
15365,0.02398250252008438
15366,0.02344147115945816
15367,0.02342076040804386
15368,0.023752057924866676
15369,0.024094179272651672
15370,0.023796752095222473
15371,0.023324638605117798
15372,0.023330850526690483
15373,0.023649979382753372
15374,0.023968901485204697
15375,0.023689018562436104
15376,0.023240340873599052
15377,0.023235715925693512
15378,0.023535914719104767
15379,0.023860465735197067
15380,0.023628436028957367
15381,0.023197609931230545
15382,0.023146837949752808
15383,0.023391343653202057
15384,0.02371053211390972
15385,0.023549847304821014
15386,0.02316766232252121
15387,0.023081766441464424
15388,0.023249993100762367
15389,0.023522816598415375
15390,0.023418568074703217
15391,0.023113980889320374
15392,0.023034628480672836
15393,0.02314920537173748
15394,0.023361120373010635
15395,0.023279476910829544
15396,0.0230406504124403
15397,0.02298591658473015
15398,0.023079808801412582
15399,0.023252936080098152
15400,0.023180454969406128
15401,0.02298041433095932
15402,0.022937707602977753
15403,0.02301683835685253
15404,0.023166123777627945
15405,0.023104773834347725
15406,0.022932182997465134
15407,0.022893095389008522
15408,0.022954637184739113
15409,0.02307954430580139
15410,0.023028340190649033
15411,0.0228809155523777
15412,0.022845305502414703
15413,0.022893277928233147
15414,0.02299943007528782
15415,0.022959092631936073
15416,0.022833997383713722
15417,0.02280009724199772
15418,0.022833973169326782
15419,0.02292073331773281
15420,0.022888755425810814
15421,0.022784678265452385
15422,0.022754816338419914
15423,0.022778304293751717
15424,0.022846942767500877
15425,0.022820059210062027
15426,0.022735288366675377
15427,0.022712036967277527
15428,0.022732432931661606
15429,0.02279418520629406
15430,0.022772997617721558
15431,0.022696027532219887
15432,0.022667517885565758
15433,0.02267102338373661
15434,0.022706398740410805
15435,0.022686844691634178
15436,0.022638805210590363
15437,0.022635050117969513
15438,0.02266903594136238
15439,0.02275976911187172
15440,0.022781137377023697
15441,0.02272658422589302
15442,0.02271510474383831
15443,0.022744428366422653
15444,0.022847646847367287
15445,0.0233157891780138
15446,0.024647662416100502
15447,0.027534158900380135
15448,0.03376053273677826
15449,0.04750687628984451
15450,0.07201755791902542
15451,0.11819705367088318
15452,0.19685138761997223
15453,0.312436580657959
15454,0.38204675912857056
15455,0.3330448865890503
15456,0.14908942580223083
15457,0.037931159138679504
15458,0.09647101163864136
15459,0.19404467940330505
15460,0.16673219203948975
15461,0.054352596402168274
15462,0.04337282106280327
15463,0.11914068460464478
15464,0.11596363037824631
15465,0.04125683754682541
15466,0.0424109622836113
15467,0.09535610675811768
15468,0.07855045795440674
15469,0.0323539562523365
15470,0.05261310189962387
15471,0.08196674287319183
15472,0.05507642775774002
15473,0.0348142609000206
15474,0.048154525458812714
15475,0.06120651960372925
15476,0.0425531305372715
15477,0.026519175618886948
15478,0.04588029533624649
15479,0.04740186035633087
15480,0.02765941247344017
15481,0.03072393126785755
15482,0.03810622915625572
15483,0.032861147075891495
15484,0.028834622353315353
15485,0.02798652835190296
15486,0.0308939591050148
15487,0.030639858916401863
15488,0.024695713073015213
15489,0.026931852102279663
15490,0.029565909877419472
15491,0.025265423581004143
15492,0.024749189615249634
15493,0.027209129184484482
15494,0.026405856013298035
15495,0.024519657716155052
15496,0.025186920538544655
15497,0.026344498619437218
15498,0.025835806503891945
15499,0.024200880900025368
15500,0.024338562041521072
15501,0.02659798040986061
15502,0.02564084902405739
15503,0.023429540917277336
15504,0.024330660700798035
15505,0.025606824085116386
15506,0.0249815471470356
15507,0.023794975131750107
15508,0.023627618327736855
15509,0.02455281652510166
15510,0.024747904390096664
15511,0.02353489398956299
15512,0.02323690429329872
15513,0.024041129276156425
15514,0.024034719914197922
15515,0.023437613621354103
15516,0.02318117581307888
15517,0.023388464003801346
15518,0.02360973320901394
15519,0.023366684094071388
15520,0.023022474721074104
15521,0.02308630384504795
15522,0.023293757811188698
15523,0.0231661107391119
15524,0.022957175970077515
15525,0.022983184084296227
15526,0.02301786281168461
15527,0.022985193878412247
15528,0.022934967651963234
15529,0.022874902933835983
15530,0.022881288081407547
15531,0.02289503626525402
15532,0.022839711979031563
15533,0.022813092917203903
15534,0.02283836156129837
15535,0.02281240001320839
15536,0.02278294414281845
15537,0.022793106734752655
15538,0.022791218012571335
15539,0.02277885191142559
15540,0.02277279831469059
15541,0.022790921851992607
15542,0.02282547391951084
15543,0.022862976416945457
15544,0.022915419191122055
15545,0.02302991785109043
15546,0.023275744169950485
15547,0.02366669662296772
15548,0.024296583607792854
15549,0.0254238098859787
15550,0.027474503964185715
15551,0.03109990432858467
15552,0.037461988627910614
15553,0.04828079789876938
15554,0.06631419062614441
15555,0.09232421964406967
15556,0.12423217296600342
15557,0.1479654610157013
15558,0.1434357762336731
15559,0.1003478616476059
15560,0.04666946083307266
15561,0.02403937466442585
15562,0.04266483336687088
15563,0.0715833231806755
15564,0.0750630721449852
15565,0.04877280816435814
15566,0.025370275601744652
15567,0.029437217861413956
15568,0.0480089969933033
15569,0.05301167443394661
15570,0.03799166902899742
15571,0.02412533387541771
15572,0.027791978791356087
15573,0.039000824093818665
15574,0.03941026329994202
15575,0.028928527608513832
15576,0.023184476420283318
15577,0.028247708454728127
15578,0.03393511101603508
15579,0.031248312443494797
15580,0.02461981400847435
15581,0.023495018482208252
15582,0.02780783176422119
15583,0.02990839257836342
15584,0.026722507551312447
15585,0.02316085807979107
15586,0.023888008669018745
15587,0.026681454852223396
15588,0.026911882683634758
15589,0.024426879361271858
15590,0.022816604003310204
15591,0.023929184302687645
15592,0.025509152561426163
15593,0.025083284825086594
15594,0.02341613732278347
15595,0.022767869755625725
15596,0.023669248446822166
15597,0.024519717320799828
15598,0.024073991924524307
15599,0.023016048595309258
15600,0.02270732820034027
15601,0.023319875821471214
15602,0.023814208805561066
15603,0.023504771292209625
15604,0.02284080907702446
15605,0.02263069339096546
15606,0.022998332977294922
15607,0.02332838997244835
15608,0.023173363879323006
15609,0.02275116555392742
15610,0.022556999698281288
15611,0.02274359203875065
15612,0.022981109097599983
15613,0.02294851839542389
15614,0.022695384919643402
15615,0.022508077323436737
15616,0.022562352940440178
15617,0.02272462286055088
15618,0.022768070921301842
15619,0.022642310708761215
15620,0.022483693435788155
15621,0.02244975045323372
15622,0.022533375769853592
15623,0.022604065015912056
15624,0.022572899237275124
15625,0.02246694453060627
15626,0.022392911836504936
15627,0.02240421250462532
15628,0.022456228733062744
15629,0.022475766018033028
15630,0.022431468591094017
15631,0.022365065291523933
15632,0.022332588210701942
15633,0.0223439559340477
15634,0.02236766181886196
15635,0.022364230826497078
15636,0.0223307553678751
15637,0.022294534370303154
15638,0.022276436910033226
15639,0.02227775752544403
15640,0.022280709818005562
15641,0.022272082045674324
15642,0.022254183888435364
15643,0.022234616801142693
15644,0.02222074568271637
15645,0.022212089970707893
15646,0.02220485918223858
15647,0.02219756506383419
15648,0.022188298404216766
15649,0.022177334874868393
15650,0.022165417671203613
15651,0.022153502330183983
15652,0.022143268957734108
15653,0.022134929895401
15654,0.022127561271190643
15655,0.022119862958788872
15656,0.02211103029549122
15657,0.022101210430264473
15658,0.022090883925557137
15659,0.022080792114138603
15660,0.0220712348818779
15661,0.022063113749027252
15662,0.022056015208363533
15663,0.02204868756234646
15664,0.022040119394659996
15665,0.022029602900147438
15666,0.02201886847615242
15667,0.022009579464793205
15668,0.022001566365361214
15669,0.02199401706457138
15670,0.021985284984111786
15671,0.02197570540010929
15672,0.021966485306620598
15673,0.021957779303193092
15674,0.021949326619505882
15675,0.021940434351563454
15676,0.02193109132349491
15677,0.021922077983617783
15678,0.021913452073931694
15679,0.021905016154050827
15680,0.021896466612815857
15681,0.021887850016355515
15682,0.021879471838474274
15683,0.02187119424343109
15684,0.021862907335162163
15685,0.021854126825928688
15686,0.02184516005218029
15687,0.0218365341424942
15688,0.021828215569257736
15689,0.021819977089762688
15690,0.021811332553625107
15691,0.021802496165037155
15692,0.021793849766254425
15693,0.021785466000437737
15694,0.021777227520942688
15695,0.021768765524029732
15696,0.021760208532214165
15697,0.02175179310142994
15698,0.021743565797805786
15699,0.021735399961471558
15700,0.021726960316300392
15701,0.02171841450035572
15702,0.021710077300667763
15703,0.021701889112591743
15704,0.021693799644708633
15705,0.021685542538762093
15706,0.021677225828170776
15707,0.02166910655796528
15708,0.02166117914021015
15709,0.02165350504219532
15710,0.021645989269018173
15711,0.0216389000415802
15712,0.021632682532072067
15713,0.02162783592939377
15714,0.02162523940205574
15715,0.021625718101859093
15716,0.02163177914917469
15717,0.021648377180099487
15718,0.021683674305677414
15719,0.021752431988716125
15720,0.021881015971302986
15721,0.022119814530014992
15722,0.022569218650460243
15723,0.02341245859861374
15724,0.025019343942403793
15725,0.027996286749839783
15726,0.03365720808506012
15727,0.04422552138566971
15728,0.06402042508125305
15729,0.09742577373981476
15730,0.14938822388648987
15731,0.20686957240104675
15732,0.2479132115840912
15733,0.2185400128364563
15734,0.12402383983135223
15735,0.038645919412374496
15736,0.03745901212096214
15737,0.09512685239315033
15738,0.1218084767460823
15739,0.07736837863922119
15740,0.027870863676071167
15741,0.03756001591682434
15742,0.07476884871721268
15743,0.07318684458732605
15744,0.0359887033700943
15745,0.024607792496681213
15746,0.04829873889684677
15747,0.0558331198990345
15748,0.0342208594083786
15749,0.02406335063278675
15750,0.03667600825428963
15751,0.04242641106247902
15752,0.03225783631205559
15753,0.02516152895987034
15754,0.029392698779702187
15755,0.033965371549129486
15756,0.031196460127830505
15757,0.025288918986916542
15758,0.024659859016537666
15759,0.02927243895828724
15760,0.029444001615047455
15761,0.02410745620727539
15762,0.02302870713174343
15763,0.027059009298682213
15764,0.02720949798822403
15765,0.0232730470597744
15766,0.02279544249176979
15767,0.02525857463479042
15768,0.025141999125480652
15769,0.02323877066373825
15770,0.02289452962577343
15771,0.023579856380820274
15772,0.023767167702317238
15773,0.02345595508813858
15774,0.022798879072070122
15775,0.02242588996887207
15776,0.02306784875690937
15777,0.023478731513023376
15778,0.022628100588917732
15779,0.021965712308883667
15780,0.022532925009727478
15781,0.023063478991389275
15782,0.02255302295088768
15783,0.021977080032229424
15784,0.022143961861729622
15785,0.022474730387330055
15786,0.02241918072104454
15787,0.022154098376631737
15788,0.021971819922327995
15789,0.021987607702612877
15790,0.022167060524225235
15791,0.022208433598279953
15792,0.021961720660328865
15793,0.021775037050247192
15794,0.021902235224843025
15795,0.022057589143514633
15796,0.021960677579045296
15797,0.021781057119369507
15798,0.021755853667855263
15799,0.021830836310982704
15800,0.02185850776731968
15801,0.021813679486513138
15802,0.021740566939115524
15803,0.021691052243113518
15804,0.021705327555537224
15805,0.02175234816968441
15806,0.02173944003880024
15807,0.021662015467882156
15808,0.02161838486790657
15809,0.021644268184900284
15810,0.021670730784535408
15811,0.02164647914469242
15812,0.02160213515162468
15813,0.021579910069704056
15814,0.02157934382557869
15815,0.02158351242542267
15816,0.02157917059957981
15817,0.02155986614525318
15818,0.021533193066716194
15819,0.021518271416425705
15820,0.02152174897491932
15821,0.021523814648389816
15822,0.021508343517780304
15823,0.02148527279496193
15824,0.021471712738275528
15825,0.021469341591000557
15826,0.02146812528371811
15827,0.021462123841047287
15828,0.021453989669680595
15829,0.021448131650686264
15830,0.02144623175263405
15831,0.021451421082019806
15832,0.021467790007591248
15833,0.02149750292301178
15834,0.02155059576034546
15835,0.02164912037551403
15836,0.02183302491903305
15837,0.02217518538236618
15838,0.02279297076165676
15839,0.023934422060847282
15840,0.025804951786994934
15841,0.029103856533765793
15842,0.03507988899946213
15843,0.04628708213567734
15844,0.06525753438472748
15845,0.09538175910711288
15846,0.13275152444839478
15847,0.18084043264389038
15848,0.2056785523891449
15849,0.19438350200653076
15850,0.12522491812705994
15851,0.04968286678195
15852,0.024401802569627762
15853,0.05611719191074371
15854,0.0962270051240921
15855,0.09286876022815704
15856,0.05453033745288849
15857,0.029446378350257874
15858,0.03752646967768669
15859,0.05765002965927124
15860,0.055131614208221436
15861,0.0374440997838974
15862,0.030728675425052643
15863,0.03721232712268829
15864,0.04191875457763672
15865,0.03427049517631531
15866,0.02931194007396698
15867,0.034034375101327896
15868,0.037005554884672165
15869,0.032753556966781616
15870,0.026554536074399948
15871,0.030347371473908424
15872,0.03701078146696091
15873,0.034984998404979706
15874,0.02798360399901867
15875,0.025146113708615303
15876,0.032016102224588394
15877,0.03721846640110016
15878,0.032342493534088135
15879,0.025292690843343735
15880,0.02537188120186329
15881,0.03311007469892502
15882,0.036185476928949356
15883,0.029963240027427673
15884,0.023971159011125565
15885,0.025810765102505684
15886,0.03292487934231758
15887,0.034249138087034225
15888,0.028070051223039627
15889,0.02344413846731186
15890,0.025830205529928207
15891,0.031682878732681274
15892,0.03193796053528786
15893,0.026396119967103004
15894,0.02303294651210308
15895,0.025565989315509796
15896,0.030066080391407013
15897,0.029633525758981705
15898,0.0250657070428133
15899,0.022682931274175644
15900,0.024898767471313477
15901,0.028211217373609543
15902,0.02760346233844757
15903,0.024021567776799202
15904,0.02228161133825779
15905,0.02404879592359066
15906,0.026504289358854294
15907,0.02601601928472519
15908,0.023283224552869797
15909,0.021867644041776657
15910,0.02311077155172825
15911,0.025012053549289703
15912,0.024850238114595413
15913,0.022873302921652794
15914,0.0215707216411829
15915,0.022218307480216026
15916,0.023678410798311234
15917,0.023916633799672127
15918,0.022663140669465065
15919,0.021473899483680725
15920,0.021574323996901512
15921,0.022586986422538757
15922,0.023098116740584373
15923,0.022500373423099518
15924,0.021550016477704048
15925,0.02126079425215721
15926,0.021808195859193802
15927,0.022378914058208466
15928,0.02228289656341076
15929,0.021672498434782028
15930,0.02120955102145672
15931,0.021354299038648605
15932,0.02181062288582325
15933,0.02200588956475258
15934,0.02173866145312786
15935,0.021282702684402466
15936,0.021146267652511597
15937,0.021400945261120796
15938,0.021693965420126915
15939,0.021704457700252533
15940,0.021381672471761703
15941,0.02110486477613449
15942,0.0211405660957098
15943,0.021366149187088013
15944,0.021518349647521973
15945,0.021378403529524803
15946,0.021124329417943954
15947,0.021034397184848785
15948,0.021125562489032745
15949,0.021263349801301956
15950,0.021238060668110847
15951,0.021085837855935097
15952,0.020993515849113464
15953,0.02100457064807415
15954,0.021074963733553886
15955,0.021075915545225143
15956,0.021001724526286125
15957,0.020953873172402382
15958,0.020952146500349045
15959,0.02098122425377369
15960,0.02097107283771038
15961,0.020924998447299004
15962,0.020903952419757843
15963,0.02090691588819027
15964,0.020920751616358757
15965,0.02090330608189106
15966,0.02087242528796196
15967,0.020869802683591843
15968,0.020882651209831238
15969,0.020895306020975113
15970,0.02086707018315792
15971,0.020829396322369576
15972,0.020829331129789352
15973,0.020851660519838333
15974,0.02087806724011898
15975,0.020852623507380486
15976,0.02079995535314083
15977,0.020780250430107117
15978,0.020785562694072723
15979,0.02080424316227436
15980,0.02079208754003048
15981,0.020758364349603653
15982,0.020746512338519096
15983,0.02075272612273693
15984,0.020775023847818375
15985,0.02077406458556652
15986,0.020754367113113403
15987,0.02075769007205963
15988,0.020780202001333237
15989,0.02082642912864685
15990,0.020913997665047646
15991,0.02110045589506626
15992,0.02145918644964695
15993,0.022112896665930748
15994,0.023304978385567665
15995,0.02527557499706745
15996,0.028730010613799095
15997,0.03516306355595589
15998,0.046913985162973404
15999,0.06753119826316833
16000,0.10092523694038391
16001,0.1472770869731903
16002,0.19477605819702148
16003,0.2127034068107605
16004,0.17688214778900146
16005,0.10325265675783157
16006,0.05742510408163071
16007,0.05997416377067566
16008,0.08063676953315735
16009,0.0809704065322876
16010,0.0553586483001709
16011,0.0402793362736702
16012,0.04785943403840065
16013,0.05975209176540375
16014,0.058584392070770264
16015,0.041873324662446976
16016,0.02668042667210102
16017,0.03230389580130577
16018,0.04420912638306618
16019,0.036062091588974
16020,0.024542905390262604
16021,0.0314629003405571
16022,0.037486881017684937
16023,0.029449105262756348
16024,0.023715170100331306
16025,0.026580166071653366
16026,0.02970409020781517
16027,0.02920226752758026
16028,0.026886923238635063
16029,0.025388209149241447
16030,0.024147257208824158
16031,0.02473827265202999
16032,0.026437602937221527
16033,0.024817485362291336
16034,0.023245608434081078
16035,0.02480756863951683
16036,0.024413499981164932
16037,0.022121386602520943
16038,0.02240615338087082
16039,0.023817190900444984
16040,0.02358553744852543
16041,0.02272259071469307
16042,0.022063054144382477
16043,0.021668298169970512
16044,0.021939663216471672
16045,0.02249079942703247
16046,0.022296663373708725
16047,0.021347060799598694
16048,0.02111227437853813
16049,0.02174714393913746
16050,0.021713227033615112
16051,0.021210145205259323
16052,0.021188531070947647
16053,0.021252645179629326
16054,0.021205013617873192
16055,0.021233517676591873
16056,0.0211984571069479
16057,0.021069517359137535
16058,0.021050939336419106
16059,0.02119826339185238
16060,0.021181130781769753
16061,0.020972194150090218
16062,0.02091887593269348
16063,0.021090760827064514
16064,0.021214256063103676
16065,0.02108117565512657
16066,0.020936189219355583
16067,0.02087634988129139
16068,0.020870240405201912
16069,0.02098328061401844
16070,0.02100471779704094
16071,0.020876983180642128
16072,0.020772594958543777
16073,0.02076525241136551
16074,0.020836487412452698
16075,0.020823579281568527
16076,0.020739611238241196
16077,0.02072235383093357
16078,0.02075130119919777
16079,0.0207741130143404
16080,0.020734062418341637
16081,0.02068713679909706
16082,0.02068384177982807
16083,0.020706428214907646
16084,0.020753372460603714
16085,0.02072448655962944
16086,0.020648907870054245
16087,0.020617933943867683
16088,0.020626602694392204
16089,0.020664799958467484
16090,0.020645543932914734
16091,0.02058974839746952
16092,0.02057301253080368
16093,0.020581776276230812
16094,0.020602969452738762
16095,0.02058183029294014
16096,0.02054370567202568
16097,0.020535465329885483
16098,0.02054755389690399
16099,0.020577261224389076
16100,0.020559463649988174
16101,0.02051188051700592
16102,0.02048947848379612
16103,0.020486881956458092
16104,0.020502205938100815
16105,0.02048802562057972
16106,0.02045680768787861
16107,0.02044924907386303
16108,0.020461972802877426
16109,0.020490242168307304
16110,0.02047560177743435
16111,0.020430613309144974
16112,0.0204065702855587
16113,0.02039685845375061
16114,0.020396089181303978
16115,0.020383942872285843
16116,0.020376810804009438
16117,0.020394692197442055
16118,0.02043771557509899
16119,0.020513931289315224
16120,0.020541314035654068
16121,0.020518431439995766
16122,0.0205313041806221
16123,0.020586008206009865
16124,0.02070237137377262
16125,0.0210399329662323
16126,0.021786341443657875
16127,0.023122206330299377
16128,0.02550741285085678
16129,0.029867395758628845
16130,0.03625873103737831
16131,0.046486079692840576
16132,0.06417177617549896
16133,0.09434289485216141
16134,0.1367311179637909
16135,0.1860044300556183
16136,0.2091972678899765
16137,0.19474373757839203
16138,0.12182179093360901
16139,0.04653612896800041
16140,0.022633923217654228
16141,0.051210373640060425
16142,0.08754774928092957
16143,0.08728393912315369
16144,0.05268363654613495
16145,0.023950327187776566
16146,0.028327176347374916
16147,0.05007888749241829
16148,0.05552985519170761
16149,0.03854396566748619
16150,0.02277630753815174
16151,0.025949332863092422
16152,0.037504807114601135
16153,0.03810901939868927
16154,0.028041521087288857
16155,0.02167551778256893
16156,0.02496732398867607
16157,0.030401937663555145
16158,0.029315710067749023
16159,0.023557525128126144
16160,0.021063750609755516
16161,0.023487141355872154
16162,0.02599494718015194
16163,0.024736961349844933
16164,0.021802226081490517
16165,0.021024128422141075
16166,0.022200757637619972
16167,0.02303667739033699
16168,0.022402847185730934
16169,0.02123177982866764
16170,0.02078009955585003
16171,0.021127987653017044
16172,0.021627260372042656
16173,0.02148197963833809
16174,0.020887160673737526
16175,0.020601723343133926
16176,0.020678585395216942
16177,0.02082093618810177
16178,0.02081252634525299
16179,0.02067498490214348
16180,0.020560605451464653
16181,0.02049199864268303
16182,0.020482724532485008
16183,0.02052263915538788
16184,0.020541420206427574
16185,0.020511889830231667
16186,0.02045794203877449
16187,0.02042447030544281
16188,0.020412616431713104
16189,0.020407380536198616
16190,0.020428482443094254
16191,0.02045850269496441
16192,0.020443033427000046
16193,0.020390955731272697
16194,0.02035549469292164
16195,0.020368386059999466
16196,0.02042454294860363
16197,0.020470861345529556
16198,0.020477481186389923
16199,0.020466355606913567
16200,0.020477253943681717
16201,0.02057221159338951
16202,0.020764198154211044
16203,0.021028723567724228
16204,0.021382935345172882
16205,0.02190002240240574
16206,0.02279900759458542
16207,0.02435211092233658
16208,0.02693841978907585
16209,0.031056495383381844
16210,0.03753208741545677
16211,0.047153767198324203
16212,0.0610213540494442
16213,0.07742869108915329
16214,0.09239672869443893
16215,0.09553812444210052
16216,0.0809301882982254
16217,0.053107548505067825
16218,0.02884136512875557
16219,0.022043270990252495
16220,0.03121384233236313
16221,0.0443863645195961
16222,0.050260208547115326
16223,0.04341486096382141
16224,0.030004097148776054
16225,0.020928628742694855
16226,0.02322457917034626
16227,0.03149610012769699
16228,0.03534954786300659
16229,0.03169028460979462
16230,0.02490084432065487
16231,0.021143872290849686
16232,0.022523142397403717
16233,0.026537496596574783
16234,0.028518417850136757
16235,0.026068592444062233
16236,0.021922023966908455
16237,0.0203604344278574
16238,0.022202469408512115
16239,0.02446805126965046
16240,0.024544015526771545
16241,0.022711455821990967
16242,0.02086237445473671
16243,0.020459434017539024
16244,0.021501032635569572
16245,0.022619234398007393
16246,0.02250673808157444
16247,0.021345002576708794
16248,0.020366879180073738
16249,0.020362699404358864
16250,0.020975960418581963
16251,0.02141803316771984
16252,0.021306978538632393
16253,0.02078169770538807
16254,0.020285507664084435
16255,0.020169928669929504
16256,0.02043447643518448
16257,0.020742900669574738
16258,0.02075314335525036
16259,0.020484959706664085
16260,0.020207468420267105
16261,0.020101875066757202
16262,0.02016286365687847
16263,0.020299268886446953
16264,0.020392928272485733
16265,0.020356522873044014
16266,0.02020643651485443
16267,0.020052915439009666
16268,0.020007450133562088
16269,0.02007126435637474
16270,0.02014828659594059
16271,0.020166028290987015
16272,0.02012505568563938
16273,0.020059281960129738
16274,0.019996125251054764
16275,0.019954998046159744
16276,0.019953127950429916
16277,0.01998499035835266
16278,0.020018214359879494
16279,0.020021269097924232
16280,0.019982006400823593
16281,0.019926980137825012
16282,0.019890854135155678
16283,0.019879154860973358
16284,0.019883664324879646
16285,0.01989058218896389
16286,0.019891701638698578
16287,0.019886653870344162
16288,0.019875334575772285
16289,0.01986134983599186
16290,0.019842011854052544
16291,0.01982218027114868
16292,0.019810952246189117
16293,0.019805962219834328
16294,0.019803795963525772
16295,0.019807519391179085
16296,0.019821401685476303
16297,0.01984354667365551
16298,0.019881421700119972
16299,0.019948238506913185
16300,0.02002047933638096
16301,0.020108861848711967
16302,0.020280461758375168
16303,0.020587675273418427
16304,0.021130824461579323
16305,0.0220634862780571
16306,0.023690754547715187
16307,0.02649681270122528
16308,0.031413719058036804
16309,0.03963186591863632
16310,0.051769156008958817
16311,0.06790067255496979
16312,0.09106925129890442
16313,0.11383216828107834
16314,0.13224326074123383
16315,0.12256402522325516
16316,0.09366294741630554
16317,0.05510957911610603
16318,0.02981833554804325
16319,0.02576211281120777
16320,0.0369359627366066
16321,0.050184465944767
16322,0.05438821017742157
16323,0.04400373250246048
16324,0.028349734842777252
16325,0.021724186837673187
16326,0.02519354596734047
16327,0.029959846287965775
16328,0.031172845512628555
16329,0.031039198860526085
16330,0.030490661039948463
16331,0.0271961260586977
16332,0.023378973826766014
16333,0.023628149181604385
16334,0.02679167501628399
16335,0.028610367327928543
16336,0.028055641800165176
16337,0.026556026190519333
16338,0.025237081572413445
16339,0.02389940246939659
16340,0.023417653515934944
16341,0.024673115462064743
16342,0.025794129818677902
16343,0.024833308532834053
16344,0.022776838392019272
16345,0.021428542211651802
16346,0.021168170496821404
16347,0.02130100689828396
16348,0.021602828055620193
16349,0.02188260480761528
16350,0.021416395902633667
16351,0.020403292030096054
16352,0.019867125898599625
16353,0.020235812291502953
16354,0.02094987966120243
16355,0.021136142313480377
16356,0.02080332674086094
16357,0.020529747009277344
16358,0.020426684990525246
16359,0.02039182186126709
16360,0.020410411059856415
16361,0.0204788688570261
16362,0.020560380071401596
16363,0.020544935017824173
16364,0.020507555454969406
16365,0.02057609148323536
16366,0.020705116912722588
16367,0.0208384208381176
16368,0.021004153415560722
16369,0.021269550547003746
16370,0.021674364805221558
16371,0.022282186895608902
16372,0.02313065342605114
16373,0.024311713874340057
16374,0.025898044928908348
16375,0.02793142758309841
16376,0.030663035809993744
16377,0.03451065719127655
16378,0.03952183574438095
16379,0.04573242366313934
16380,0.052264727652072906
16381,0.05825749784708023
16382,0.0616261251270771
16383,0.060426902025938034
16384,0.053497858345508575
16385,0.04212426394224167
16386,0.030148116871714592
16387,0.02197321131825447
16388,0.01997736655175686
16389,0.023362768813967705
16390,0.028870752081274986
16391,0.032734572887420654
16392,0.0325394868850708
16393,0.028776222839951515
16394,0.02373296394944191
16395,0.02031170018017292
16396,0.01988050527870655
16397,0.02183447778224945
16398,0.0243702232837677
16399,0.02567899599671364
16400,0.024955254048109055
16401,0.022806914523243904
16402,0.020664485171437263
16403,0.019610479474067688
16404,0.019895918667316437
16405,0.020947396755218506
16406,0.021907739341259003
16407,0.02221718430519104
16408,0.021758558228611946
16409,0.020853884518146515
16410,0.01998118683695793
16411,0.019521495327353477
16412,0.01958700269460678
16413,0.019997024908661842
16414,0.020444141700863838
16415,0.020671159029006958
16416,0.020594948902726173
16417,0.020288517698645592
16418,0.019900619983673096
16419,0.019581854343414307
16420,0.0194237120449543
16421,0.019450990483164787
16422,0.01961035467684269
16423,0.019808698445558548
16424,0.019963495433330536
16425,0.019985899329185486
16426,0.019884157925844193
16427,0.019734330475330353
16428,0.019580107182264328
16429,0.01945914328098297
16430,0.01941639371216297
16431,0.019467739388346672
16432,0.01959397830069065
16433,0.019801519811153412
16434,0.020110836252570152
16435,0.020420607179403305
16436,0.020749244838953018
16437,0.021281734108924866
16438,0.0221636351197958
16439,0.023614337667822838
16440,0.026042694225907326
16441,0.02998449094593525
16442,0.03646647930145264
16443,0.046431660652160645
16444,0.06166866794228554
16445,0.07814084738492966
16446,0.0947662740945816
16447,0.10486441850662231
16448,0.10564419627189636
16449,0.08801713585853577
16450,0.06285430490970612
16451,0.038107965141534805
16452,0.02456020750105381
16453,0.02498534508049488
16454,0.035712290555238724
16455,0.0470297634601593
16456,0.04864349961280823
16457,0.04007391259074211
16458,0.02803218550980091
16459,0.02172635681927204
16460,0.023401590064167976
16461,0.027236396446824074
16462,0.029312310740351677
16463,0.029532087966799736
16464,0.02839585766196251
16465,0.02642654813826084
16466,0.024758944287896156
16467,0.025648055598139763
16468,0.029159370809793472
16469,0.03261767327785492
16470,0.03418368473649025
16471,0.03455229476094246
16472,0.03465048223733902
16473,0.03441587835550308
16474,0.03349774703383446
16475,0.032191209495067596
16476,0.030061278492212296
16477,0.026836758479475975
16478,0.023115767166018486
16479,0.020452383905649185
16480,0.019697461277246475
16481,0.020379282534122467
16482,0.021655505523085594
16483,0.023058198392391205
16484,0.02409452758729458
16485,0.02412688545882702
16486,0.0230470672249794
16487,0.0215626060962677
16488,0.02039325423538685
16489,0.019766192883253098
16490,0.0195615254342556
16491,0.01968575268983841
16492,0.020101016387343407
16493,0.02057471126317978
16494,0.02083713561296463
16495,0.02084534801542759
16496,0.020701559260487556
16497,0.020473282784223557
16498,0.020170975476503372
16499,0.01983029767870903
16500,0.019562112167477608
16501,0.01942295953631401
16502,0.019373837858438492
16503,0.019359944388270378
16504,0.01937338151037693
16505,0.01941174454987049
16506,0.019463254138827324
16507,0.019517600536346436
16508,0.019568024203181267
16509,0.019625721499323845
16510,0.0196881964802742
16511,0.019739026203751564
16512,0.019776945933699608
16513,0.019811876118183136
16514,0.01985251158475876
16515,0.019903551787137985
16516,0.01996736414730549
16517,0.020051604136824608
16518,0.020166048780083656
16519,0.020324930548667908
16520,0.020529327914118767
16521,0.020807204768061638
16522,0.02120533213019371
16523,0.021772351115942
16524,0.022569138556718826
16525,0.023680564016103745
16526,0.025218091905117035
16527,0.02737903967499733
16528,0.030362961813807487
16529,0.03444702923297882
16530,0.039782650768756866
16531,0.04653044044971466
16532,0.054477088153362274
16533,0.06286481022834778
16534,0.069772869348526
16535,0.07253143191337585
16536,0.06849394738674164
16537,0.0574321523308754
16538,0.04206283390522003
16539,0.028168275952339172
16540,0.02086474746465683
16541,0.02179083041846752
16542,0.028250345960259438
16543,0.03517759591341019
16544,0.03813532367348671
16545,0.035323504358530045
16546,0.028947580605745316
16547,0.02308030240237713
16548,0.020864568650722504
16549,0.022623641416430473
16550,0.02603808045387268
16551,0.028231658041477203
16552,0.027655066922307014
16553,0.0248885378241539
16554,0.02187807857990265
16555,0.020285407081246376
16556,0.020551903173327446
16557,0.021921982988715172
16558,0.023067347705364227
16559,0.02312966249883175
16560,0.02208550274372101
16561,0.020622726529836655
16562,0.019545920193195343
16563,0.01930743083357811
16564,0.019783247262239456
16565,0.020466048270463943
16566,0.020860807970166206
16567,0.02075272426009178
16568,0.020240163430571556
16569,0.019611116498708725
16570,0.01916869729757309
16571,0.01905817724764347
16572,0.019239462912082672
16573,0.019560376182198524
16574,0.019847417250275612
16575,0.019967496395111084
16576,0.019904015585780144
16577,0.019758684560656548
16578,0.019644703716039658
16579,0.019680198282003403
16580,0.019928736612200737
16581,0.020451325923204422
16582,0.0213199183344841
16583,0.02268080785870552
16584,0.024760374799370766
16585,0.02764754183590412
16586,0.031714897602796555
16587,0.038380324840545654
16588,0.04837115854024887
16589,0.0637141540646553
16590,0.08087628334760666
16591,0.10013663023710251
16592,0.11344127357006073
16593,0.11862865835428238
16594,0.10169338434934616
16595,0.07172876596450806
16596,0.039024628698825836
16597,0.0222203079611063
16598,0.025773420929908752
16599,0.04126458615064621
16600,0.052497632801532745
16601,0.048830993473529816
16602,0.035346418619155884
16603,0.022800609469413757
16604,0.020063916221261024
16605,0.025620007887482643
16606,0.03008595108985901
16607,0.029359983280301094
16608,0.025569172576069832
16609,0.02283530868589878
16610,0.02240152284502983
16611,0.02231874130666256
16612,0.022780876606702805
16613,0.023858049884438515
16614,0.024328796193003654
16615,0.024070413783192635
16616,0.02364525757730007
16617,0.023731734603643417
16618,0.024295397102832794
16619,0.02491736225783825
16620,0.025527430698275566
16621,0.026274913921952248
16622,0.026527967303991318
16623,0.02576383575797081
16624,0.024142326787114143
16625,0.022632354870438576
16626,0.022182388231158257
16627,0.02237466350197792
16628,0.02229704149067402
16629,0.02170570194721222
16630,0.020548811182379723
16631,0.01961778849363327
16632,0.019305884838104248
16633,0.019503967836499214
16634,0.020241130143404007
16635,0.020829256623983383
16636,0.020849041640758514
16637,0.020431961864233017
16638,0.019919266924262047
16639,0.019741319119930267
16640,0.01986655592918396
16641,0.019912421703338623
16642,0.01966034062206745
16643,0.0193464532494545
16644,0.01923382468521595
16645,0.019285395741462708
16646,0.01935860514640808
16647,0.01927865482866764
16648,0.019167646765708923
16649,0.01920035295188427
16650,0.019176261499524117
16651,0.01905117742717266
16652,0.01888025552034378
16653,0.018791470676660538
16654,0.01892164722084999
16655,0.01904815062880516
16656,0.01901615783572197
16657,0.018854772672057152
16658,0.01867738738656044
16659,0.018643954768776894
16660,0.018731610849499702
16661,0.01883355900645256
16662,0.018828559666872025
16663,0.018756888806819916
16664,0.01875084824860096
16665,0.018762625753879547
16666,0.01878926157951355
16667,0.01878601312637329
16668,0.018736781552433968
16669,0.018745796754956245
16670,0.01881127804517746
16671,0.018959855660796165
16672,0.019180746749043465
16673,0.019483957439661026
16674,0.020057961344718933
16675,0.0212225504219532
16676,0.02355112135410309
16677,0.02791481465101242
16678,0.03600093722343445
16679,0.05069141462445259
16680,0.07599841803312302
16681,0.11663691699504852
16682,0.17041487991809845
16683,0.2201908826828003
16684,0.22130879759788513
16685,0.15337727963924408
16686,0.06806669384241104
16687,0.03758905455470085
16688,0.07190915942192078
16689,0.11315000057220459
16690,0.10628759860992432
16691,0.06386149674654007
16692,0.03277045860886574
16693,0.05019140988588333
16694,0.07132382690906525
16695,0.04882999509572983
16696,0.030140791088342667
16697,0.035818301141262054
16698,0.03699484094977379
16699,0.03981422632932663
16700,0.04018190875649452
16701,0.023541705682873726
16702,0.025831397622823715
16703,0.03806600719690323
16704,0.027565326541662216
16705,0.024473201483488083
16706,0.02722419612109661
16707,0.0231742225587368
16708,0.027986345812678337
16709,0.026645826175808907
16710,0.021374208852648735
16711,0.024068735539913177
16712,0.022577540948987007
16713,0.02399899810552597
16714,0.024419482797384262
16715,0.020128430798649788
16716,0.02203906886279583
16717,0.02226647548377514
16718,0.0210763867944479
16719,0.021299563348293304
16720,0.019670194014906883
16721,0.02078462392091751
16722,0.020960329100489616
16723,0.0198762658983469
16724,0.02028311975300312
16725,0.019312802702188492
16726,0.019751790910959244
16727,0.020325738936662674
16728,0.019540924578905106
16729,0.019652649760246277
16730,0.01927783153951168
16731,0.019413741305470467
16732,0.01972801983356476
16733,0.019163241609930992
16734,0.01936052367091179
16735,0.019327795132994652
16736,0.019109608605504036
16737,0.01926516368985176
16738,0.019022006541490555
16739,0.019002774730324745
16740,0.01894436590373516
16741,0.018806973472237587
16742,0.019052360206842422
16743,0.019046586006879807
16744,0.01902834326028824
16745,0.019013211131095886
16746,0.018821902573108673
16747,0.018855588510632515
16748,0.01881721243262291
16749,0.018720926716923714
16750,0.01876058056950569
16751,0.018773052841424942
16752,0.018919682130217552
16753,0.019167447462677956
16754,0.019444169476628304
16755,0.0196599829941988
16756,0.019703051075339317
16757,0.01989869214594364
16758,0.02032049372792244
16759,0.021000545471906662
16760,0.02238290384411812
16761,0.02490968629717827
16762,0.02860133722424507
16763,0.03450479358434677
16764,0.042603567242622375
16765,0.05205845832824707
16766,0.05934372544288635
16767,0.06774646788835526
16768,0.06995673477649689
16769,0.0672442838549614
16770,0.05566676706075668
16771,0.04082992672920227
16772,0.02701222151517868
16773,0.019976459443569183
16774,0.020847538486123085
16775,0.026382531970739365
16776,0.032007697969675064
16777,0.03460777550935745
16778,0.033547110855579376
16779,0.029884085059165955
16780,0.02535209059715271
16781,0.021729957312345505
16782,0.020023956894874573
16783,0.020367197692394257
16784,0.022099178284406662
16785,0.02374182641506195
16786,0.024244144558906555
16787,0.02345268987119198
16788,0.02168148197233677
16789,0.019780606031417847
16790,0.01869482547044754
16791,0.01866925321519375
16792,0.01941799372434616
16793,0.020266465842723846
16794,0.020607972517609596
16795,0.020363708958029747
16796,0.019792066887021065
16797,0.01923277974128723
16798,0.01891936920583248
16799,0.018839290365576744
16800,0.01884068176150322
16801,0.01888090930879116
16802,0.018968520686030388
16803,0.019104182720184326
16804,0.01926020346581936
16805,0.019252566620707512
16806,0.01905464008450508
16807,0.01880780979990959
16808,0.018567781895399094
16809,0.01840255968272686
16810,0.018346885219216347
16811,0.018348800018429756
16812,0.01838056929409504
16813,0.018417004495859146
16814,0.018436908721923828
16815,0.01846090704202652
16816,0.018494047224521637
16817,0.01851063035428524
16818,0.01851688139140606
16819,0.01851770095527172
16820,0.018471796065568924
16821,0.018404366448521614
16822,0.018354883417487144
16823,0.018314644694328308
16824,0.018279900774359703
16825,0.01825091801583767
16826,0.018229331821203232
16827,0.018219035118818283
16828,0.018218860030174255
16829,0.01822393573820591
16830,0.018217971548438072
16831,0.01820642128586769
16832,0.018200010061264038
16833,0.018199212849140167
16834,0.018205519765615463
16835,0.018201064318418503
16836,0.01818503625690937
16837,0.01817321963608265
16838,0.01816469058394432
16839,0.018159110099077225
16840,0.018170388415455818
16841,0.018208887428045273
16842,0.018268989399075508
16843,0.018361050635576248
16844,0.018503108993172646
16845,0.018642282113432884
16846,0.01879490353167057
16847,0.019077515229582787
16848,0.019565528258681297
16849,0.020395204424858093
16850,0.02178085967898369
16851,0.02411433309316635
16852,0.028043735772371292
16853,0.0346648134291172
16854,0.045548368245363235
16855,0.06076040863990784
16856,0.08090217411518097
16857,0.10841629654169083
16858,0.13743405044078827
16859,0.15833783149719238
16860,0.14802677929401398
16861,0.10655581206083298
16862,0.05301520600914955
16863,0.022095197811722755
16864,0.028280144557356834
16865,0.05249573662877083
16866,0.0666695162653923
16867,0.059642110019922256
16868,0.04044192284345627
16869,0.02341163344681263
16870,0.02104434370994568
16871,0.028056606650352478
16872,0.034111857414245605
16873,0.03198070079088211
16874,0.023846805095672607
16875,0.019747797399759293
16876,0.02163679711520672
16877,0.024573829025030136
16878,0.024793725460767746
16879,0.022745855152606964
16880,0.02078086882829666
16881,0.019580598920583725
16882,0.019456306472420692
16883,0.0207489263266325
16884,0.022021150216460228
16885,0.021817708387970924
16886,0.02024993672966957
16887,0.01882992312312126
16888,0.018750015646219254
16889,0.019391320645809174
16890,0.020000170916318893
16891,0.020410120487213135
16892,0.020211221650242805
16893,0.019346894696354866
16894,0.018481535837054253
16895,0.01840519718825817
16896,0.019213834777474403
16897,0.019953036680817604
16898,0.01987737976014614
16899,0.019175933673977852
16900,0.0184322539716959
16901,0.018347401171922684
16902,0.018879752606153488
16903,0.019483717158436775
16904,0.019677026197314262
16905,0.019073011353611946
16906,0.018328335136175156
16907,0.018154550343751907
16908,0.0185034591704607
16909,0.01899726316332817
16910,0.018987856805324554
16911,0.018562769517302513
16912,0.01822509430348873
16913,0.01811004988849163
16914,0.018210934475064278
16915,0.01829325407743454
16916,0.018258463591337204
16917,0.01818806864321232
16918,0.018108731135725975
16919,0.018090207129716873
16920,0.0180936511605978
16921,0.01809133216738701
16922,0.01807217113673687
16923,0.018042203038930893
16924,0.01804971508681774
16925,0.018053440377116203
16926,0.018072696402668953
16927,0.01809610426425934
16928,0.018123144283890724
16929,0.018167812377214432
16930,0.018119212239980698
16931,0.018036797642707825
16932,0.01800079457461834
16933,0.018035275861620903
16934,0.018145838752388954
16935,0.01816210336983204
16936,0.018074477091431618
16937,0.01798427850008011
16938,0.017933819442987442
16939,0.0179541427642107
16940,0.017998967319726944
16941,0.018052775412797928
16942,0.018121114000678062
16943,0.01825403794646263
16944,0.01852525770664215
16945,0.018826307728886604
16946,0.01920909248292446
16947,0.01988503523170948
16948,0.02109069749712944
16949,0.023182209581136703
16950,0.027025580406188965
16951,0.0335979089140892
16952,0.044989559799432755
16953,0.062334854155778885
16954,0.0898170918226242
16955,0.11821382492780685
16956,0.14464178681373596
16957,0.14423543214797974
16958,0.11807537078857422
16959,0.07125796377658844
16960,0.03783261030912399
16961,0.03204284980893135
16962,0.04530426114797592
16963,0.058779194951057434
16964,0.058048367500305176
16965,0.04229861870408058
16966,0.02837836928665638
16967,0.030102472752332687
16968,0.04137662053108215
16969,0.0445113405585289
16970,0.032529253512620926
16971,0.020932504907250404
16972,0.021667860448360443
16973,0.029251128435134888
16974,0.03263319283723831
16975,0.02877427265048027
16976,0.023027639836072922
16977,0.020178258419036865
16978,0.02188139595091343
16979,0.025473996996879578
16980,0.02565891668200493
16981,0.02177496626973152
16982,0.0190060343593359
16983,0.020496411249041557
16984,0.02280443347990513
16985,0.022065404802560806
16986,0.019652830436825752
16987,0.018706372007727623
16988,0.019515318796038628
16989,0.020459013059735298
16990,0.020540103316307068
16991,0.019751595333218575
16992,0.018677158281207085
16993,0.018330229446291924
16994,0.01900268904864788
16995,0.019582709297537804
16996,0.01917317882180214
16997,0.01838446594774723
16998,0.018218882381916046
16999,0.018628617748618126
17000,0.018873486667871475
17001,0.01870153844356537
17002,0.01838112808763981
17003,0.018131274729967117
17004,0.018053334206342697
17005,0.01817336492240429
17006,0.01833992823958397
17007,0.018327508121728897
17008,0.01811680570244789
17009,0.017950797453522682
17010,0.017984725534915924
17011,0.018088828772306442
17012,0.018111947923898697
17013,0.01805930770933628
17014,0.017995500937104225
17015,0.017938677221536636
17016,0.01788947917521
17017,0.017880050465464592
17018,0.017910830676555634
17019,0.017926758155226707
17020,0.017896484583616257
17021,0.01784849725663662
17022,0.017822803929448128
17023,0.017820386216044426
17024,0.017820365726947784
17025,0.017821284011006355
17026,0.017829392105340958
17027,0.017830651253461838
17028,0.017813121899962425
17029,0.017787711694836617
17030,0.017771875485777855
17031,0.01777411252260208
17032,0.01778276078402996
17033,0.017784008756279945
17034,0.017778851091861725
17035,0.01777285896241665
17036,0.017770681530237198
17037,0.017775483429431915
17038,0.017795082181692123
17039,0.017837291583418846
17040,0.01788686402142048
17041,0.017941473051905632
17042,0.01802741177380085
17043,0.018171584233641624
17044,0.01841268315911293
17045,0.018787793815135956
17046,0.01937646046280861
17047,0.02035253494977951
17048,0.021952396258711815
17049,0.02459665946662426
17050,0.028324585407972336
17051,0.03384041041135788
17052,0.04233385622501373
17053,0.055137671530246735
17054,0.07174590229988098
17055,0.08884803205728531
17056,0.09844426810741425
17057,0.09933990240097046
17058,0.08366204053163528
17059,0.05937059223651886
17060,0.03550375998020172
17061,0.02299998514354229
17062,0.023716725409030914
17063,0.03254241868853569
17064,0.04146074503660202
17065,0.042464517056941986
17066,0.03580107539892197
17067,0.02722093090415001
17068,0.02299940586090088
17069,0.02489188313484192
17070,0.028584200888872147
17071,0.02890985645353794
17072,0.02538263238966465
17073,0.02096649259328842
17074,0.018511461094021797
17075,0.0188799649477005
17076,0.02058228850364685
17077,0.022222012281417847
17078,0.022660590708255768
17079,0.02150922827422619
17080,0.019724395126104355
17081,0.018351970240473747
17082,0.01790197193622589
17083,0.01822040230035782
17084,0.018801512196660042
17085,0.019365964457392693
17086,0.019665976986289024
17087,0.01939353346824646
17088,0.018688205629587173
17089,0.018034091219305992
17090,0.017834153026342392
17091,0.018162360414862633
17092,0.01860397309064865
17093,0.018846549093723297
17094,0.018834952265024185
17095,0.01848883181810379
17096,0.018073711544275284
17097,0.017846154049038887
17098,0.017890922725200653
17099,0.018172569572925568
17100,0.018325848504900932
17101,0.018196817487478256
17102,0.017953407019376755
17103,0.017733272165060043
17104,0.017628535628318787
17105,0.01762981340289116
17106,0.017619991675019264
17107,0.017572592943906784
17108,0.01754414103925228
17109,0.017556648701429367
17110,0.01759781502187252
17111,0.017659636214375496
17112,0.017710788175463676
17113,0.017767006531357765
17114,0.017826596274971962
17115,0.01777360774576664
17116,0.01764964871108532
17117,0.017560111358761787
17118,0.01753031462430954
17119,0.017560353502631187
17120,0.01759803481400013
17121,0.017613688483834267
17122,0.017625717446208
17123,0.01765928417444229
17124,0.017735209316015244
17125,0.01782119646668434
17126,0.017916809767484665
17127,0.018055174499750137
17128,0.018264926970005035
17129,0.018593735992908478
17130,0.019111890345811844
17131,0.019946767017245293
17132,0.02126157283782959
17133,0.023325644433498383
17134,0.02658342383801937
17135,0.03131542354822159
17136,0.03822886198759079
17137,0.048386067152023315
17138,0.06246872991323471
17139,0.07973465323448181
17140,0.09728376567363739
17141,0.10780299454927444
17142,0.10524430871009827
17143,0.08554817736148834
17144,0.05932518094778061
17145,0.03860221058130264
17146,0.03430643305182457
17147,0.04230322688817978
17148,0.05059807747602463
17149,0.04853057116270065
17150,0.035893864929676056
17151,0.022512685507535934
17152,0.01872546225786209
17153,0.02555997669696808
17154,0.03384128212928772
17155,0.03431892395019531
17156,0.027080919593572617
17157,0.02046348713338375
17158,0.020590921863913536
17159,0.024883590638637543
17160,0.026587797328829765
17161,0.023639777675271034
17162,0.019664684310555458
17163,0.018670620396733284
17164,0.020789172500371933
17165,0.022873949259519577
17166,0.022754574194550514
17167,0.02086492069065571
17168,0.018877174705266953
17169,0.01818947307765484
17170,0.01892361231148243
17171,0.019884373992681503
17172,0.0199046041816473
17173,0.01889640837907791
17174,0.017845798283815384
17175,0.01776362769305706
17176,0.018532974645495415
17177,0.01918642409145832
17178,0.019087687134742737
17179,0.01848597638309002
17180,0.01796625182032585
17181,0.017855161800980568
17182,0.01803271844983101
17183,0.018157143145799637
17184,0.01808009296655655
17185,0.017885971814393997
17186,0.01767231896519661
17187,0.017536470666527748
17188,0.017550338059663773
17189,0.017676247283816338
17190,0.017781971022486687
17191,0.01776290126144886
17192,0.017622308805584908
17193,0.01747792772948742
17194,0.017444714903831482
17195,0.017503749579191208
17196,0.017578355967998505
17197,0.01760849915444851
17198,0.017570452764630318
17199,0.017497587949037552
17200,0.017443565651774406
17201,0.01744616962969303
17202,0.01750849187374115
17203,0.017625268548727036
17204,0.01778567023575306
17205,0.017898477613925934
17206,0.017965169623494148
17207,0.018102364614605904
17208,0.018378546461462975
17209,0.01887630671262741
17210,0.019762003794312477
17211,0.02123395726084709
17212,0.023650258779525757
17213,0.02750926837325096
17214,0.03384718671441078
17215,0.04206140711903572
17216,0.05343884974718094
17217,0.06888608634471893
17218,0.08969303965568542
17219,0.10839305818080902
17220,0.11915905773639679
17221,0.10587769746780396
17222,0.07819144427776337
17223,0.04304292052984238
17224,0.021309588104486465
17225,0.020568635314702988
17226,0.03224615007638931
17227,0.04450851306319237
17228,0.04711662977933884
17229,0.03903459757566452
17230,0.02682844176888466
17231,0.01897088810801506
17232,0.01982632279396057
17233,0.026318388059735298
17234,0.03083730675280094
17235,0.028706535696983337
17236,0.022756189107894897
17237,0.01862764172255993
17238,0.018975935876369476
17239,0.021800663322210312
17240,0.023375872522592545
17241,0.022392433136701584
17242,0.020160237327218056
17243,0.018341973423957825
17244,0.01801442913711071
17245,0.01888830028474331
17246,0.01974208652973175
17247,0.019825905561447144
17248,0.018963530659675598
17249,0.017920885235071182
17250,0.017577949911355972
17251,0.017797622829675674
17252,0.018086610361933708
17253,0.01813485287129879
17254,0.017984440550208092
17255,0.017895886674523354
17256,0.017819173634052277
17257,0.017605876550078392
17258,0.017399564385414124
17259,0.017367547377943993
17260,0.01753091812133789
17261,0.017748352140188217
17262,0.01779886893928051
17263,0.017696889117360115
17264,0.017566315829753876
17265,0.017434848472476006
17266,0.017377745360136032
17267,0.017410412430763245
17268,0.017514239996671677
17269,0.01765657588839531
17270,0.017688024789094925
17271,0.017603611573576927
17272,0.017520610243082047
17273,0.01753181591629982
17274,0.01770612969994545
17275,0.01800626330077648
17276,0.018401017412543297
17277,0.01899689808487892
17278,0.019974570721387863
17279,0.021655358374118805
17280,0.02446761727333069
17281,0.02904631942510605
17282,0.03633700683712959
17283,0.047380365431308746
17284,0.06268639862537384
17285,0.0803840160369873
17286,0.09411870688199997
17287,0.09574725478887558
17288,0.07842466235160828
17289,0.0502672977745533
17290,0.028117995709180832
17291,0.021730907261371613
17292,0.028022469952702522
17293,0.0382404699921608
17294,0.045436155050992966
17295,0.04555865749716759
17296,0.03544273599982262
17297,0.023021701723337173
17298,0.017934586852788925
17299,0.023098548874258995
17300,0.030040936544537544
17301,0.029964275658130646
17302,0.024781381711363792
17303,0.02076644077897072
17304,0.020546918734908104
17305,0.021764233708381653
17306,0.023057617247104645
17307,0.02374044805765152
17308,0.02201825939118862
17309,0.018843986093997955
17310,0.017483703792095184
17311,0.019211241975426674
17312,0.021192772313952446
17313,0.02087596245110035
17314,0.019212262704968452
17315,0.018134845420718193
17316,0.01815752498805523
17317,0.01845526322722435
17318,0.018784837797284126
17319,0.01912771537899971
17320,0.0189504474401474
17321,0.01811215654015541
17322,0.017354626208543777
17323,0.017557471990585327
17324,0.018279211595654488
17325,0.018509188666939735
17326,0.018085962161421776
17327,0.017643874511122704
17328,0.017680658027529716
17329,0.017940785735845566
17330,0.018048830330371857
17331,0.018054474145174026
17332,0.018116401508450508
17333,0.018134040758013725
17334,0.018037181347608566
17335,0.018143774941563606
17336,0.01872377283871174
17337,0.019766977056860924
17338,0.021216925233602524
17339,0.023199081420898438
17340,0.02527276985347271
17341,0.02777579426765442
17342,0.03153395280241966
17343,0.037064965814352036
17344,0.04387271776795387
17345,0.051756225526332855
17346,0.05805870518088341
17347,0.06238371878862381
17348,0.05991324409842491
17349,0.052123092114925385
17350,0.037986163049936295
17351,0.024987872689962387
17352,0.018154889345169067
17353,0.018748188391327858
17354,0.024333463981747627
17355,0.029333200305700302
17356,0.030599523335695267
17357,0.02841760590672493
17358,0.02417812868952751
17359,0.01987483724951744
17360,0.01769481785595417
17361,0.017430037260055542
17362,0.018230654299259186
17363,0.01924513280391693
17364,0.019855016842484474
17365,0.020203351974487305
17366,0.02014613151550293
17367,0.019447986036539078
17368,0.018495721742510796
17369,0.017800886183977127
17370,0.017572712153196335
17371,0.017947299405932426
17372,0.018589258193969727
17373,0.01909821666777134
17374,0.019260223954916
17375,0.018685422837734222
17376,0.01779748871922493
17377,0.017237702384591103
17378,0.017147161066532135
17379,0.017443504184484482
17380,0.01772211119532585
17381,0.017744168639183044
17382,0.017651734873652458
17383,0.0175191480666399
17384,0.017386743798851967
17385,0.01730423979461193
17386,0.017241476103663445
17387,0.017170052975416183
17388,0.017108771950006485
17389,0.017058975994586945
17390,0.01697843335568905
17391,0.01695820316672325
17392,0.01703857071697712
17393,0.01718360185623169
17394,0.017348267138004303
17395,0.017331905663013458
17396,0.017174385488033295
17397,0.0170527882874012
17398,0.01697450876235962
17399,0.016934091225266457
17400,0.016931122168898582
17401,0.016950150951743126
17402,0.016978077590465546
17403,0.01701512187719345
17404,0.017058148980140686
17405,0.01702733524143696
17406,0.016969626769423485
17407,0.016963649541139603
17408,0.017010077834129333
17409,0.01711370423436165
17410,0.017227403819561005
17411,0.017373032867908478
17412,0.017642859369516373
17413,0.01810496859252453
17414,0.018882963806390762
17415,0.02019796147942543
17416,0.02249075286090374
17417,0.02634127251803875
17418,0.03280937299132347
17419,0.04317781701683998
17420,0.05848022550344467
17421,0.0785350352525711
17422,0.10129021108150482
17423,0.1171632707118988
17424,0.11535190045833588
17425,0.09296063333749771
17426,0.06358614563941956
17427,0.049494918435811996
17428,0.0536344088613987
17429,0.07173910737037659
17430,0.08788032829761505
17431,0.08800501376390457
17432,0.07121997326612473
17433,0.04674996808171272
17434,0.033170223236083984
17435,0.034781381487846375
17436,0.03630725294351578
17437,0.030956095084547997
17438,0.025081027299165726
17439,0.02672559767961502
17440,0.03383200615644455
17441,0.03527208790183067
17442,0.029300151392817497
17443,0.024165408685803413
17444,0.021662265062332153
17445,0.019603151828050613
17446,0.021198656409978867
17447,0.025892198085784912
17448,0.02611846663057804
17449,0.021807564422488213
17450,0.019311638548970222
17451,0.01989218033850193
17452,0.020060298964381218
17453,0.019826442003250122
17454,0.020267968997359276
17455,0.020079633221030235
17456,0.01921314187347889
17457,0.018848175182938576
17458,0.01888859085738659
17459,0.01868717558681965
17460,0.01812324859201908
17461,0.01747472770512104
17462,0.01757340133190155
17463,0.018242361024022102
17464,0.018271535634994507
17465,0.017757540568709373
17466,0.017571842297911644
17467,0.017531150951981544
17468,0.017326869070529938
17469,0.017354508861899376
17470,0.01752791367471218
17471,0.01741185039281845
17472,0.017222151160240173
17473,0.01728128269314766
17474,0.017455149441957474
17475,0.017460744827985764
17476,0.017341727390885353
17477,0.01718994416296482
17478,0.017037300392985344
17479,0.016974253579974174
17480,0.016966480761766434
17481,0.01698940061032772
17482,0.017040984705090523
17483,0.017033351585268974
17484,0.016947109252214432
17485,0.016899239271879196
17486,0.016947586089372635
17487,0.016981089487671852
17488,0.016989143565297127
17489,0.017040492966771126
17490,0.017053421586751938
17491,0.016982758417725563
17492,0.016891462728381157
17493,0.01684178225696087
17494,0.016840359196066856
17495,0.016858750954270363
17496,0.01686849258840084
17497,0.016861289739608765
17498,0.016870366409420967
17499,0.0168999545276165
17500,0.01688474416732788
17501,0.016828078776597977
17502,0.01679244637489319
17503,0.016790224239230156
17504,0.0167924202978611
17505,0.01679014042019844
17506,0.01679837331175804
17507,0.016824565827846527
17508,0.01687535271048546
17509,0.016951153054833412
17510,0.01698741689324379
17511,0.016986412927508354
17512,0.01702040620148182
17513,0.01710340566933155
17514,0.01724371872842312
17515,0.017536578699946404
17516,0.01807493530213833
17517,0.018944120034575462
17518,0.020328853279352188
17519,0.02259969711303711
17520,0.02547277882695198
17521,0.029540324583649635
17522,0.035856544971466064
17523,0.046003930270671844
17524,0.05980830267071724
17525,0.07721303403377533
17526,0.0920148491859436
17527,0.10442768782377243
17528,0.10070778429508209
17529,0.08358392119407654
17530,0.052515752613544464
17531,0.02640850469470024
17532,0.01738971658051014
17533,0.025887874886393547
17534,0.04177526757121086
17535,0.049131326377391815
17536,0.04325750470161438
17537,0.03033001348376274
17538,0.01973678544163704
17539,0.017871733754873276
17540,0.022472981363534927
17541,0.026057230308651924
17542,0.025618242099881172
17543,0.021879244595766068
17544,0.018161103129386902
17545,0.0170782171189785
17546,0.017490435391664505
17547,0.018376465886831284
17548,0.018977709114551544
17549,0.018820906057953835
17550,0.018435722216963768
17551,0.017908813431859016
17552,0.01728224754333496
17553,0.016956647858023643
17554,0.016980787739157677
17555,0.017400290817022324
17556,0.01818006858229637
17557,0.018601972609758377
17558,0.018364153802394867
17559,0.0176820270717144
17560,0.01688878796994686
17561,0.01691577024757862
17562,0.01774580590426922
17563,0.018660804256796837
17564,0.019090939313173294
17565,0.018345432355999947
17566,0.017225859686732292
17567,0.016766702756285667
17568,0.016994670033454895
17569,0.017606206238269806
17570,0.017744727432727814
17571,0.01732168346643448
17572,0.016923952847719193
17573,0.016719933599233627
17574,0.01676442287862301
17575,0.01680739037692547
17576,0.016728611662983894
17577,0.016674868762493134
17578,0.01665756106376648
17579,0.016680855304002762
17580,0.016665158793330193
17581,0.016705578193068504
17582,0.016851866617798805
17583,0.017050493508577347
17584,0.017250075936317444
17585,0.017154434695839882
17586,0.016979198902845383
17587,0.017056692391633987
17588,0.01737331598997116
17589,0.017898252233862877
17590,0.018446970731019974
17591,0.019241763278841972
17592,0.020724447444081306
17593,0.023286594077944756
17594,0.027464047074317932
17595,0.033592790365219116
17596,0.042346853762865067
17597,0.054927848279476166
17598,0.07025474309921265
17599,0.08505785465240479
17600,0.09184721112251282
17601,0.08427823334932327
17602,0.06343171000480652
17603,0.040657393634319305
17604,0.029049918055534363
17605,0.028691856190562248
17606,0.03481914475560188
17607,0.04266431927680969
17608,0.046937353909015656
17609,0.04392610490322113
17610,0.032715000212192535
17611,0.023252170532941818
17612,0.023023974150419235
17613,0.028945066034793854
17614,0.03185107186436653
17615,0.02725108526647091
17616,0.021376295015215874
17617,0.01929071731865406
17618,0.019916392862796783
17619,0.021276451647281647
17620,0.02297605387866497
17621,0.0239470973610878
17622,0.02227051928639412
17623,0.018763571977615356
17624,0.016973447054624557
17625,0.018365712836384773
17626,0.020207272842526436
17627,0.020042775198817253
17628,0.01870822347700596
17629,0.017782878130674362
17630,0.017411744222044945
17631,0.017423052340745926
17632,0.01803838647902012
17633,0.018927764147520065
17634,0.019123205915093422
17635,0.018138475716114044
17636,0.01707736775279045
17637,0.016933510079979897
17638,0.017305424436926842
17639,0.017502475529909134
17640,0.017389198765158653
17641,0.017196230590343475
17642,0.016992485150694847
17643,0.01675865426659584
17644,0.016694314777851105
17645,0.016867026686668396
17646,0.01709364354610443
17647,0.01711353287100792
17648,0.016961893066763878
17649,0.0169054064899683
17650,0.016897276043891907
17651,0.016838042065501213
17652,0.01676473207771778
17653,0.016727155074477196
17654,0.01674254983663559
17655,0.01675841026008129
17656,0.016741329804062843
17657,0.016741449013352394
17658,0.01686416193842888
17659,0.01710580848157406
17660,0.017194950953125954
17661,0.017118588089942932
17662,0.017078299075365067
17663,0.017101306468248367
17664,0.0171701367944479
17665,0.017440566793084145
17666,0.018034089356660843
17667,0.018961846828460693
17668,0.02034171111881733
17669,0.02241801843047142
17670,0.02446814626455307
17671,0.026776231825351715
17672,0.030238376930356026
17673,0.035574931651353836
17674,0.042594753205776215
17675,0.05195578932762146
17676,0.061608582735061646
17677,0.0719737783074379
17678,0.0770241916179657
17679,0.07639061659574509
17680,0.06231815740466118
17681,0.04248252883553505
17682,0.025172818452119827
17683,0.017162874341011047
17684,0.01938633620738983
17685,0.02619462087750435
17686,0.030918888747692108
17687,0.03150374814867973
17688,0.02809576690196991
17689,0.02262292057275772
17690,0.018753530457615852
17691,0.01717155985534191
17692,0.017436958849430084
17693,0.018746690824627876
17694,0.019897395744919777
17695,0.02061084471642971
17696,0.020539356395602226
17697,0.01939929835498333
17698,0.01787661388516426
17699,0.016864394769072533
17700,0.016831174492836
17701,0.017910724505782127
17702,0.019277408719062805
17703,0.020061267539858818
17704,0.019937001168727875
17705,0.01863144338130951
17706,0.01718897745013237
17707,0.01660776138305664
17708,0.016921279951930046
17709,0.017744844779372215
17710,0.018088126555085182
17711,0.01769762486219406
17712,0.017156368121504784
17713,0.016695281490683556
17714,0.01645270735025406
17715,0.016421642154455185
17716,0.01641084998846054
17717,0.016397075727581978
17718,0.016393465921282768
17719,0.0163987148553133
17720,0.01643962226808071
17721,0.0165836364030838
17722,0.01676611788570881
17723,0.016929112374782562
17724,0.017032044008374214
17725,0.016850225627422333
17726,0.01657973974943161
17727,0.016496434807777405
17728,0.016582194715738297
17729,0.016794022172689438
17730,0.016947181895375252
17731,0.01705213449895382
17732,0.01728592813014984
17733,0.017715858295559883
17734,0.018424909561872482
17735,0.019496317952871323
17736,0.021134326234459877
17737,0.023768948391079903
17738,0.027782343327999115
17739,0.03396030515432358
17740,0.04249882698059082
17741,0.05425158515572548
17742,0.06749282032251358
17743,0.07999250292778015
17744,0.08420176804065704
17745,0.07619737833738327
17746,0.056545235216617584
17747,0.03519410640001297
17748,0.02257256582379341
17749,0.02109268493950367
17750,0.028093604370951653
17751,0.03834296017885208
17752,0.04505941644310951
17753,0.044967442750930786
17754,0.037222690880298615
17755,0.030042994767427444
17756,0.03001483343541622
17757,0.035524435341358185
17758,0.0401136577129364
17759,0.037858448922634125
17760,0.03217387944459915
17761,0.026630884036421776
17762,0.022503681480884552
17763,0.021115627139806747
17764,0.02182997763156891
17765,0.022317031398415565
17766,0.02200217917561531
17767,0.021407272666692734
17768,0.02122488245368004
17769,0.021735450252890587
17770,0.022021327167749405
17771,0.022170012816786766
17772,0.021528013050556183
17773,0.01945781707763672
17774,0.017296232283115387
17775,0.016614990308880806
17776,0.017116475850343704
17777,0.01775900460779667
17778,0.01807018555700779
17779,0.01811363734304905
17780,0.017961060628294945
17781,0.017623677849769592
17782,0.017412278801202774
17783,0.017589259892702103
17784,0.017894046381115913
17785,0.01775714010000229
17786,0.01727350428700447
17787,0.016815107315778732
17788,0.01652013510465622
17789,0.01650296337902546
17790,0.016660233959555626
17791,0.016799604520201683
17792,0.01683560013771057
17793,0.016759080812335014
17794,0.016643138602375984
17795,0.016574842855334282
17796,0.01657632365822792
17797,0.01665460504591465
17798,0.016854606568813324
17799,0.01710786297917366
17800,0.01710258238017559
17801,0.016884423792362213
17802,0.016694143414497375
17803,0.016561515629291534
17804,0.016472842544317245
17805,0.016505125910043716
17806,0.01667555794119835
17807,0.016909675672650337
17808,0.017199037596583366
17809,0.017572766169905663
17810,0.01775645837187767
17811,0.01778050884604454
17812,0.017925532534718513
17813,0.018242880702018738
17814,0.018781717866659164
17815,0.019863953813910484
17816,0.021644342690706253
17817,0.024299554526805878
17818,0.028036339208483696
17819,0.03358880802989006
17820,0.039143167436122894
17821,0.045285433530807495
17822,0.05238153040409088
17823,0.06113496422767639
17824,0.06767931580543518
17825,0.07159646600484848
17826,0.06723082065582275
17827,0.05733296647667885
17828,0.04192090034484863
17829,0.027366984635591507
17830,0.018267471343278885
17831,0.017011314630508423
17832,0.02197941020131111
17833,0.02890777215361595
17834,0.033593691885471344
17835,0.03235338628292084
17836,0.026625238358974457
17837,0.020471706986427307
17838,0.01699710451066494
17839,0.017263876274228096
17840,0.019527506083250046
17841,0.021139061078429222
17842,0.02127799205482006
17843,0.020036226138472557
17844,0.018176857382059097
17845,0.01690714620053768
17846,0.016337819397449493
17847,0.016320373862981796
17848,0.016702687367796898
17849,0.017177671194076538
17850,0.017651667818427086
17851,0.01794990710914135
17852,0.017823880538344383
17853,0.017371797934174538
17854,0.01683979295194149
17855,0.016404177993535995
17856,0.01638660952448845
17857,0.016768166795372963
17858,0.017289115116000175
17859,0.017698368057608604
17860,0.01757662370800972
17861,0.01708006113767624
17862,0.016644898802042007
17863,0.016378626227378845
17864,0.01631644368171692
17865,0.01637951098382473
17866,0.01643946021795273
17867,0.016506463289260864
17868,0.016581781208515167
17869,0.016676099970936775
17870,0.01683887653052807
17871,0.017101550474762917
17872,0.01744786649942398
17873,0.01788993738591671
17874,0.018489673733711243
17875,0.019236557185649872
17876,0.020374275743961334
17877,0.022175192832946777
17878,0.024888116866350174
17879,0.02875330299139023
17880,0.03384748473763466
17881,0.04007855802774429
17882,0.047463078051805496
17883,0.05427895113825798
17884,0.058837197721004486
17885,0.05777258798480034
17886,0.05066575109958649
17887,0.039030108600854874
17888,0.02741347625851631
17889,0.020359128713607788
17890,0.01902010664343834
17891,0.022209834307432175
17892,0.02748945727944374
17893,0.03185621649026871
17894,0.03365471959114075
17895,0.032054655253887177
17896,0.029314439743757248
17897,0.028053022921085358
17898,0.029978908598423004
17899,0.035342827439308167
17900,0.039646927267313004
17901,0.041031405329704285
17902,0.03824254870414734
17903,0.03216101974248886
17904,0.025660105049610138
17905,0.021503977477550507
17906,0.01991804502904415
17907,0.019526949152350426
17908,0.019260086119174957
17909,0.019400136545300484
17910,0.020265288650989532
17911,0.02138400450348854
17912,0.021982526406645775
17913,0.02159460447728634
17914,0.02095264196395874
17915,0.02007514424622059
17916,0.019090751186013222
17917,0.018144505098462105
17918,0.017357023432850838
17919,0.016981670632958412
17920,0.016998833045363426
17921,0.017082659527659416
17922,0.01716378703713417
17923,0.017203623428940773
17924,0.01718611642718315
17925,0.01726832240819931
17926,0.017400935292243958
17927,0.017426924780011177
17928,0.01727760210633278
17929,0.016992170363664627
17930,0.016606060788035393
17931,0.016295768320560455
17932,0.016151467338204384
17933,0.016121482476592064
17934,0.016187813133001328
17935,0.016273539513349533
17936,0.016324453055858612
17937,0.016366194933652878
17938,0.016379591077566147
17939,0.01636769436299801
17940,0.01640409789979458
17941,0.01649138145148754
17942,0.01657858118414879
17943,0.01666749082505703
17944,0.016767732799053192
17945,0.016748998314142227
17946,0.016647277399897575
17947,0.01658865064382553
17948,0.016574576497077942
17949,0.016595909371972084
17950,0.016726374626159668
17951,0.016980517655611038
17952,0.017327116802334785
17953,0.017796743661165237
17954,0.018459612503647804
17955,0.019044773653149605
17956,0.019628334790468216
17957,0.020544029772281647
17958,0.021968040615320206
17959,0.024014130234718323
17960,0.02696467936038971
17961,0.030911913141608238
17962,0.03658672422170639
17963,0.04368108510971069
17964,0.05299396067857742
17965,0.059969205409288406
17966,0.06470292806625366
17967,0.06513254344463348
17968,0.06173371151089668
17969,0.05187283083796501
17970,0.03946581482887268
17971,0.02699349820613861
17972,0.018555734306573868
17973,0.01611219346523285
17974,0.01899344101548195
17975,0.02417021058499813
17976,0.02817024290561676
17977,0.029385175555944443
17978,0.02726251259446144
17979,0.02309602126479149
17980,0.01887294091284275
17981,0.016402004286646843
17982,0.01632867380976677
17983,0.018025223165750504
17984,0.02012023888528347
17985,0.02105933427810669
17986,0.02044091559946537
17987,0.018911343067884445
17988,0.01729211024940014
17989,0.016227280721068382
17990,0.01599564403295517
17991,0.016296081244945526
17992,0.01680574379861355
17993,0.0172332301735878
17994,0.017379270866513252
17995,0.01726720854640007
17996,0.016953282058238983
17997,0.01653873361647129
17998,0.01617620512843132
17999,0.015971127897500992
18000,0.015955323353409767
18001,0.016113540157675743
18002,0.016364533454179764
18003,0.01662391982972622
18004,0.01684991829097271
18005,0.01697658747434616
18006,0.017116038128733635
18007,0.017489437013864517
18008,0.018343204632401466
18009,0.02005346119403839
18010,0.023244915530085564
18011,0.02896733023226261
18012,0.03907083347439766
18013,0.05592278763651848
18014,0.08189038187265396
18015,0.1138884574174881
18016,0.14103052020072937
18017,0.14262567460536957
18018,0.11124734580516815
18019,0.07027976214885712
18020,0.0428469255566597
18021,0.03417596593499184
18022,0.03517436608672142
18023,0.04632977023720741
18024,0.061462000012397766
18025,0.05473962053656578
18026,0.03345729410648346
18027,0.022517096251249313
18028,0.028045959770679474
18029,0.03503069281578064
18030,0.03456521034240723
18031,0.03088242933154106
18032,0.025830307975411415
18033,0.021521177142858505
18034,0.023931823670864105
18035,0.027638833969831467
18036,0.025320548564195633
18037,0.021493196487426758
18038,0.02015707641839981
18039,0.019535228610038757
18040,0.0206928513944149
18041,0.022471750155091286
18042,0.020607665181159973
18043,0.01810433715581894
18044,0.018415017053484917
18045,0.019092705100774765
18046,0.018982738256454468
18047,0.019467893987894058
18048,0.018883557990193367
18049,0.017253253608942032
18050,0.017551984637975693
18051,0.018681921064853668
18052,0.018168523907661438
18053,0.017468633130192757
18054,0.017613794654607773
18055,0.01724463887512684
18056,0.017193932086229324
18057,0.018224308267235756
18058,0.018641557544469833
18059,0.018399354070425034
18060,0.018874507397413254
18061,0.019509827718138695
18062,0.019913261756300926
18063,0.021027296781539917
18064,0.022869987413287163
18065,0.02469952031970024
18066,0.027362048625946045
18067,0.03112846240401268
18068,0.03573994338512421
18069,0.0404496043920517
18070,0.04413977637887001
18071,0.043552786111831665
18072,0.041137389838695526
18073,0.035592108964920044
18074,0.02860981971025467
18075,0.022062985226511955
18076,0.017779234796762466
18077,0.016165174543857574
18078,0.017072079703211784
18079,0.019568393006920815
18080,0.021977629512548447
18081,0.023095518350601196
18082,0.02244599722325802
18083,0.02058500237762928
18084,0.018282627686858177
18085,0.01656780205667019
18086,0.016031796112656593
18087,0.016548456624150276
18088,0.017601974308490753
18089,0.018574833869934082
18090,0.01880255714058876
18091,0.018212715163826942
18092,0.017375348135828972
18093,0.01658446155488491
18094,0.01606784574687481
18095,0.015936285257339478
18096,0.0160235408693552
18097,0.01619245670735836
18098,0.016368292272090912
18099,0.016494134441018105
18100,0.01655636355280876
18101,0.016545066609978676
18102,0.016442710533738136
18103,0.016284851357340813
18104,0.016111718490719795
18105,0.01594666950404644
18106,0.01584862731397152
18107,0.015840595588088036
18108,0.01590603031218052
18109,0.01601204089820385
18110,0.01607201248407364
18111,0.016062796115875244
18112,0.016037756577134132
18113,0.016001412644982338
18114,0.015955716371536255
18115,0.0159332063049078
18116,0.015929823741316795
18117,0.015920430421829224
18118,0.015908515080809593
18119,0.01589575782418251
18120,0.015856383368372917
18121,0.015805896371603012
18122,0.015771988779306412
18123,0.015751464292407036
18124,0.01573989912867546
18125,0.01573433354496956
18126,0.015730228275060654
18127,0.015726037323474884
18128,0.01572227105498314
18129,0.015719827264547348
18130,0.015713850036263466
18131,0.015707165002822876
18132,0.015704017132520676
18133,0.01570477895438671
18134,0.015708904713392258
18135,0.015705976635217667
18136,0.01569652557373047
18137,0.015689309686422348
18138,0.01568378321826458
18139,0.015679756179451942
18140,0.015684394165873528
18141,0.01570393145084381
18142,0.015737969428300858
18143,0.015796201303601265
18144,0.015895383432507515
18145,0.01600840501487255
18146,0.016151122748851776
18147,0.016420330852270126
18148,0.016905447468161583
18149,0.01778106391429901
18150,0.019282184541225433
18151,0.02193119190633297
18152,0.02663188800215721
18153,0.03506140038371086
18154,0.04927721247076988
18155,0.07004347443580627
18156,0.09565149247646332
18157,0.12952932715415955
18158,0.1533127874135971
18159,0.15902796387672424
18160,0.11941709369421005
18161,0.06172952800989151
18162,0.021483611315488815
18163,0.023660100996494293
18164,0.054310087114572525
18165,0.07229636609554291
18166,0.059316158294677734
18167,0.03111867606639862
18168,0.016394097357988358
18169,0.025797493755817413
18170,0.03804390877485275
18171,0.03431973233819008
18172,0.02249787747859955
18173,0.016668831929564476
18174,0.02159496396780014
18175,0.025362998247146606
18176,0.021266022697091103
18177,0.01697693020105362
18178,0.016757359728217125
18179,0.019646404311060905
18180,0.019592788070440292
18181,0.01680341735482216
18182,0.016281669959425926
18183,0.01802719756960869
18184,0.01929456554353237
18185,0.0172874815762043
18186,0.016156179830431938
18187,0.018081920221447945
18188,0.020168699324131012
18189,0.019958721473813057
18190,0.016723942011594772
18191,0.016537195071578026
18192,0.020200740545988083
18193,0.023035945370793343
18194,0.02212173119187355
18195,0.01723191700875759
18196,0.016446512192487717
18197,0.021222896873950958
18198,0.025346875190734863
18199,0.02451222389936447
18200,0.018185660243034363
18201,0.016233231872320175
18202,0.021378904581069946
18203,0.02668682485818863
18204,0.026549577713012695
18205,0.019329803064465523
18206,0.016074351966381073
18207,0.021087851375341415
18208,0.027261940762400627
18209,0.027981091290712357
18210,0.020276427268981934
18211,0.01616605930030346
18212,0.021186701953411102
18213,0.028120029717683792
18214,0.029528968036174774
18215,0.02190091460943222
18216,0.01789144054055214
18217,0.02400888316333294
18218,0.03273843228816986
18219,0.036784492433071136
18220,0.031940143555402756
18221,0.03274119272828102
18222,0.045946504920721054
18223,0.06362907588481903
18224,0.07398603856563568
18225,0.07000130414962769
18226,0.060752447694540024
18227,0.05541727691888809
18228,0.04854230582714081
18229,0.038776952773332596
18230,0.024914957582950592
18231,0.022094354033470154
18232,0.03488968312740326
18233,0.047801971435546875
18234,0.046899765729904175
18235,0.02934081479907036
18236,0.017358120530843735
18237,0.022869586944580078
18238,0.034305866807699203
18239,0.03856653347611427
18240,0.029039990156888962
18241,0.02095704898238182
18242,0.02288084104657173
18243,0.029904745519161224
18244,0.034251630306243896
18245,0.026871317997574806
18246,0.020939823240041733
18247,0.025142338126897812
18248,0.032771360129117966
18249,0.033659927546978
18250,0.021928049623966217
18251,0.018655801191926003
18252,0.029477328062057495
18253,0.03719530999660492
18254,0.03186732530593872
18255,0.01787940412759781
18256,0.02016015164554119
18257,0.03508540987968445
18258,0.03958730399608612
18259,0.029460642486810684
18260,0.016942055895924568
18261,0.02402549423277378
18262,0.039491064846515656
18263,0.04033274948596954
18264,0.027433395385742188
18265,0.01747727021574974
18266,0.028313439339399338
18267,0.042738527059555054
18268,0.0400049090385437
18269,0.02589726448059082
18270,0.018387755379080772
18271,0.031159179285168648
18272,0.04455305635929108
18273,0.03912264108657837
18274,0.02332918532192707
18275,0.01787514239549637
18276,0.033936381340026855
18277,0.04555698484182358
18278,0.033601611852645874
18279,0.017658384516835213
18280,0.020663753151893616
18281,0.03728775307536125
18282,0.039880380034446716
18283,0.026526184752583504
18284,0.017882632091641426
18285,0.023125972598791122
18286,0.03365923464298248
18287,0.033922500908374786
18288,0.024180922657251358
18289,0.01697675697505474
18290,0.021795954555273056
18291,0.03043106570839882
18292,0.028267066925764084
18293,0.02000449225306511
18294,0.017305709421634674
18295,0.02114970050752163
18296,0.02527761459350586
18297,0.0240143071860075
18298,0.018479123711586
18299,0.01624835468828678
18300,0.01995665207505226
18301,0.02285231463611126
18302,0.02015526220202446
18303,0.016289250925183296
18304,0.016720470041036606
18305,0.019244246184825897
18306,0.019510695710778236
18307,0.017539463937282562
18308,0.0159769244492054
18309,0.016634603962302208
18310,0.017952173948287964
18311,0.017561662942171097
18312,0.01623048633337021
18313,0.015922434628009796
18314,0.0165661983191967
18315,0.01674431934952736
18316,0.016297845169901848
18317,0.015955302864313126
18318,0.01590205915272236
18319,0.016099365428090096
18320,0.01615157723426819
18321,0.015907077118754387
18322,0.015749910846352577
18323,0.015825999900698662
18324,0.015941273421049118
18325,0.015843654051423073
18326,0.01572069525718689
18327,0.01572933979332447
18328,0.015787547454237938
18329,0.01584358885884285
18330,0.01574387401342392
18331,0.015643008053302765
18332,0.015711015090346336
18333,0.01584404520690441
18334,0.01584720052778721
18335,0.015649069100618362
18336,0.015598997473716736
18337,0.015771646052598953
18338,0.015913162380456924
18339,0.015863165259361267
18340,0.015621458180248737
18341,0.015567800030112267
18342,0.015786942094564438
18343,0.01598597690463066
18344,0.015933742746710777
18345,0.015627378597855568
18346,0.015534862875938416
18347,0.015780363231897354
18348,0.01603768579661846
18349,0.01604580692946911
18350,0.01574333757162094
18351,0.015608545392751694
18352,0.015872858464717865
18353,0.016282523050904274
18354,0.016564954072237015
18355,0.01658564805984497
18356,0.01688006892800331
18357,0.017934350296854973
18358,0.019826047122478485
18359,0.022712986916303635
18360,0.02702483907341957
18361,0.03406820073723793
18362,0.045556604862213135
18363,0.0619066022336483
18364,0.08184464275836945
18365,0.09815965592861176
18366,0.10197113454341888
18367,0.08503709733486176
18368,0.0534757524728775
18369,0.026263408362865448
18370,0.017851779237389565
18371,0.027132799848914146
18372,0.04172366484999657
18373,0.0482977032661438
18374,0.04262871667742729
18375,0.02724391594529152
18376,0.017894968390464783
18377,0.021554652601480484
18378,0.029897285625338554
18379,0.031322628259658813
18380,0.02446780353784561
18381,0.018976431339979172
18382,0.019608119502663612
18383,0.022728903219103813
18384,0.02421414852142334
18385,0.02300919033586979
18386,0.020296543836593628
18387,0.018078450113534927
18388,0.018386099487543106
18389,0.020735029131174088
18390,0.021540740504860878
18391,0.0193233210593462
18392,0.016815194860100746
18393,0.017101924866437912
18394,0.01903882808983326
18395,0.01919746957719326
18396,0.017628872767090797
18397,0.016630196943879128
18398,0.01675046980381012
18399,0.01728718914091587
18400,0.017316628247499466
18401,0.016849298030138016
18402,0.01642090082168579
18403,0.01610482484102249
18404,0.01620759628713131
18405,0.01632712408900261
18406,0.016105417162179947
18407,0.015873834490776062
18408,0.015791255980730057
18409,0.015920039266347885
18410,0.015850577503442764
18411,0.01560105662792921
18412,0.015552700497210026
18413,0.015681611374020576
18414,0.01583087630569935
18415,0.01569933071732521
18416,0.015524175949394703
18417,0.015551538206636906
18418,0.01566425710916519
18419,0.01578226499259472
18420,0.015691788867115974
18421,0.015588301233947277
18422,0.015614353120326996
18423,0.015700919553637505
18424,0.015833107754588127
18425,0.015738435089588165
18426,0.015559731051325798
18427,0.015534570440649986
18428,0.015663597732782364
18429,0.015864232555031776
18430,0.015774790197610855
18431,0.015513991937041283
18432,0.015410705469548702
18433,0.015521877445280552
18434,0.015744537115097046
18435,0.015711233019828796
18436,0.01549004390835762
18437,0.015377759002149105
18438,0.0154423201456666
18439,0.01561308279633522
18440,0.015586994588375092
18441,0.015419871546328068
18442,0.015349739231169224
18443,0.015412759967148304
18444,0.015550795011222363
18445,0.015517663210630417
18446,0.015374858863651752
18447,0.015320619568228722
18448,0.01537293754518032
18449,0.015487058088183403
18450,0.01545628346502781
18451,0.015341709367930889
18452,0.015307067893445492
18453,0.015361344441771507
18454,0.015471547842025757
18455,0.015442286618053913
18456,0.015327684581279755
18457,0.015281620435416698
18458,0.015316958539187908
18459,0.015418360941112041
18460,0.01540755107998848
18461,0.015313399955630302
18462,0.015263923443853855
18463,0.015272666700184345
18464,0.01534203439950943
18465,0.015338691882789135
18466,0.015281799249351025
18467,0.015255436301231384
18468,0.015268038026988506
18469,0.015332725830376148
18470,0.015326336957514286
18471,0.015270240604877472
18472,0.015240342356264591
18473,0.015237788669764996
18474,0.015283282846212387
18475,0.01528096478432417
18476,0.015246039256453514
18477,0.015229594893753529
18478,0.01522311195731163
18479,0.015250884927809238
18480,0.015241746790707111
18481,0.01521860621869564
18482,0.015217413194477558
18483,0.015215913765132427
18484,0.015234068036079407
18485,0.015214798040688038
18486,0.01519157737493515
18487,0.01519883330911398
18488,0.015202241949737072
18489,0.015210853889584541
18490,0.015181949362158775
18491,0.015160167589783669
18492,0.015180821530520916
18493,0.015203394927084446
18494,0.015222273766994476
18495,0.015193961560726166
18496,0.015176326036453247
18497,0.015224031172692776
18498,0.015313437208533287
18499,0.015449903905391693
18500,0.015584376640617847
18501,0.01579650491476059
18502,0.016256649047136307
18503,0.01709931343793869
18504,0.01858443394303322
18505,0.02134183794260025
18506,0.02648751437664032
18507,0.03580717742443085
18508,0.05191481113433838
18509,0.07839178293943405
18510,0.11350006610155106
18511,0.1507197469472885
18512,0.176437646150589
18513,0.16705141961574554
18514,0.12574522197246552
18515,0.07008981704711914
18516,0.04947138577699661
18517,0.06734132766723633
18518,0.09394393861293793
18519,0.08807697892189026
18520,0.05226629972457886
18521,0.026928327977657318
18522,0.03423764556646347
18523,0.05219025909900665
18524,0.05185968428850174
18525,0.03364301472902298
18526,0.021347545087337494
18527,0.027954760938882828
18528,0.03852594271302223
18529,0.03404232859611511
18530,0.021096646785736084
18531,0.020413663238286972
18532,0.029575198888778687
18533,0.029388953000307083
18534,0.019711118191480637
18535,0.01702977903187275
18536,0.023790325969457626
18537,0.02569168619811535
18538,0.020056668668985367
18539,0.017636587843298912
18540,0.02003646083176136
18541,0.020504893735051155
18542,0.018762370571494102
18543,0.01829547807574272
18544,0.01830056495964527
18545,0.0174255333840847
18546,0.01757887378334999
18547,0.01878204755485058
18548,0.018073763698339462
18549,0.016176845878362656
18550,0.01625881902873516
18551,0.017577076330780983
18552,0.01730647124350071
18553,0.01598268933594227
18554,0.015844151377677917
18555,0.01643642783164978
18556,0.016373373568058014
18557,0.016055840998888016
18558,0.01613616943359375
18559,0.016101855784654617
18560,0.01572827436029911
18561,0.015742268413305283
18562,0.016114486381411552
18563,0.016027137637138367
18564,0.01554054580628872
18565,0.01542757824063301
18566,0.015737248584628105
18567,0.015812989324331284
18568,0.015563025139272213
18569,0.015439900569617748
18570,0.01551759708672762
18571,0.015516683459281921
18572,0.01541624590754509
18573,0.015425977297127247
18574,0.015493929386138916
18575,0.015431446023285389
18576,0.015298050828278065
18577,0.015287145972251892
18578,0.015383404679596424
18579,0.015404943376779556
18580,0.01532041747123003
18581,0.015257349237799644
18582,0.015275049954652786
18583,0.015304756350815296
18584,0.015296433120965958
18585,0.015285402536392212
18586,0.015302599407732487
18587,0.015329774469137192
18588,0.01535442378371954
18589,0.01541363075375557
18590,0.015537555329501629
18591,0.01573755405843258
18592,0.016055768355727196
18593,0.016588499769568443
18594,0.017514698207378387
18595,0.01896476186811924
18596,0.02123013325035572
18597,0.025066465139389038
18598,0.031100280582904816
18599,0.040314480662345886
18600,0.05063408613204956
18601,0.06044375151395798
18602,0.06533877551555634
18603,0.06235084682703018
18604,0.04825785756111145
18605,0.03144984692335129
18606,0.019167551770806313
18607,0.01655697450041771
18608,0.021675020456314087
18609,0.02921461872756481
18610,0.033976733684539795
18611,0.03305914252996445
18612,0.028843507170677185
18613,0.022711213678121567
18614,0.018004730343818665
18615,0.016666116192936897
18616,0.017715593799948692
18617,0.01924358308315277
18618,0.01978312060236931
18619,0.01927025243639946
18620,0.01848888024687767
18621,0.017574379220604897
18622,0.016500314697623253
18623,0.015893394127488136
18624,0.016138939186930656
18625,0.016867196187376976
18626,0.017285773530602455
18627,0.01701541058719158
18628,0.016477469354867935
18629,0.016015907749533653
18630,0.015700681135058403
18631,0.015587769448757172
18632,0.015730267390608788
18633,0.016034336760640144
18634,0.016239216551184654
18635,0.016096308827400208
18636,0.015747057273983955
18637,0.015469172038137913
18638,0.015352295711636543
18639,0.015358367003500462
18640,0.015362611040472984
18641,0.015352205373346806
18642,0.015391633845865726
18643,0.015426341444253922
18644,0.015389912761747837
18645,0.015286335721611977
18646,0.015169821679592133
18647,0.015096218325197697
18648,0.015068690292537212
18649,0.015065926127135754
18650,0.015085050836205482
18651,0.015138738788664341
18652,0.015200424939393997
18653,0.015230516903102398
18654,0.015215080231428146
18655,0.015146981924772263
18656,0.015071773901581764
18657,0.015028606168925762
18658,0.015007439069449902
18659,0.0150014478713274
18660,0.01500238198786974
18661,0.01500930916517973
18662,0.015022163279354572
18663,0.015026931650936604
18664,0.01501836720854044
18665,0.015004090964794159
18666,0.015000343322753906
18667,0.015007547102868557
18668,0.015017421916127205
18669,0.01502566784620285
18670,0.015009653754532337
18671,0.014980959706008434
18672,0.014963398687541485
18673,0.01495008822530508
18674,0.014936838299036026
18675,0.01493081171065569
18676,0.01493581011891365
18677,0.01494646817445755
18678,0.014959370717406273
18679,0.014972303993999958
18680,0.014963582158088684
18681,0.014941440895199776
18682,0.01492845918983221
18683,0.014921438880264759
18684,0.014916975982487202
18685,0.014926491305232048
18686,0.01495856698602438
18687,0.01501066517084837
18688,0.015092524699866772
18689,0.015219595283269882
18690,0.015347471460700035
18691,0.015492490492761135
18692,0.015756648033857346
18693,0.016210542991757393
18694,0.01697859913110733
18695,0.018251143395900726
18696,0.020375316962599754
18697,0.02388410083949566
18698,0.02966555953025818
18699,0.038675397634506226
18700,0.05058375000953674
18701,0.06403537839651108
18702,0.08066677302122116
18703,0.09285638481378555
18704,0.10010591894388199
18705,0.08958671241998672
18706,0.06956692039966583
18707,0.04352312535047531
18708,0.026535507291555405
18709,0.024003412574529648
18710,0.031222106888890266
18711,0.040012046694755554
18712,0.04580116271972656
18713,0.04498017579317093
18714,0.03707626089453697
18715,0.02459426037967205
18716,0.016500085592269897
18717,0.01718756929039955
18718,0.02226753905415535
18719,0.025663841515779495
18720,0.02613139897584915
18721,0.02430567517876625
18722,0.020470280200242996
18723,0.01615564525127411
18724,0.01544319000095129
18725,0.0178833045065403
18726,0.019631439819931984
18727,0.01977796107530594
18728,0.019074704498052597
18729,0.01762733981013298
18730,0.01576969400048256
18731,0.01519542932510376
18732,0.016224926337599754
18733,0.017185397446155548
18734,0.017215432599186897
18735,0.01675446331501007
18736,0.016063272953033447
18737,0.015283545479178429
18738,0.015094347298145294
18739,0.015616031363606453
18740,0.016010738909244537
18741,0.015906859189271927
18742,0.01566377282142639
18743,0.015408026054501534
18744,0.015092909336090088
18745,0.014945738948881626
18746,0.015081195160746574
18747,0.015248162671923637
18748,0.015265612863004208
18749,0.015245126560330391
18750,0.01523410901427269
18751,0.015124033205211163
18752,0.014965786598622799
18753,0.014910134486854076
18754,0.014932464808225632
18755,0.014946679584681988
18756,0.014980129897594452
18757,0.015048982575535774
18758,0.015079972334206104
18759,0.015036129392683506
18760,0.014966490678489208
18761,0.014918743632733822
18762,0.014884845353662968
18763,0.014864115044474602
18764,0.014879953116178513
18765,0.014900704845786095
18766,0.014890988357365131
18767,0.014870925806462765
18768,0.01485883817076683
18769,0.014848768711090088
18770,0.014835549518465996
18771,0.01482541486620903
18772,0.014821655116975307
18773,0.014815857633948326
18774,0.014803827740252018
18775,0.014792749658226967
18776,0.014792660251259804
18777,0.014797061681747437
18778,0.01480155624449253
18779,0.014811062254011631
18780,0.014813994988799095
18781,0.014805061742663383
18782,0.014794718474149704
18783,0.01478834543377161
18784,0.014787339605391026
18785,0.014794515445828438
18786,0.014810414053499699
18787,0.014835753478109837
18788,0.014876173809170723
18789,0.014936218969523907
18790,0.015002950094640255
18791,0.015092135407030582
18792,0.015247896313667297
18793,0.015507047064602375
18794,0.015929270535707474
18795,0.016624674201011658
18796,0.017763204872608185
18797,0.019640253856778145
18798,0.022711774334311485
18799,0.02772398293018341
18800,0.03524122014641762
18801,0.046356573700904846
18802,0.062084048986434937
18803,0.08167753368616104
18804,0.10116921365261078
18805,0.11068671196699142
18806,0.10248929262161255
18807,0.07953664660453796
18808,0.05296048894524574
18809,0.04008016362786293
18810,0.039481062442064285
18811,0.04418502002954483
18812,0.044736169278621674
18813,0.03925947844982147
18814,0.032116424292325974
18815,0.02578529715538025
18816,0.023208647966384888
18817,0.024417810142040253
18818,0.027675224468111992
18819,0.02935118041932583
18820,0.02570340409874916
18821,0.01950688101351261
18822,0.01667526178061962
18823,0.019619833678007126
18824,0.02361491695046425
18825,0.022743258625268936
18826,0.018107550218701363
18827,0.015473567880690098
18828,0.017160430550575256
18829,0.019729556515812874
18830,0.019515901803970337
18831,0.01751430332660675
18832,0.01643494889140129
18833,0.016664888709783554
18834,0.01675518974661827
18835,0.016261477023363113
18836,0.016309067606925964
18837,0.016985228285193443
18838,0.017109286040067673
18839,0.01615247130393982
18840,0.015146615915000439
18841,0.015414672903716564
18842,0.01641165278851986
18843,0.016677744686603546
18844,0.015906188637018204
18845,0.015089386142790318
18846,0.01518439780920744
18847,0.015706082805991173
18848,0.01577848196029663
18849,0.015423474833369255
18850,0.01522086188197136
18851,0.01544188428670168
18852,0.015596465207636356
18853,0.015333792194724083
18854,0.014994566328823566
18855,0.015017790719866753
18856,0.01537550613284111
18857,0.01554618775844574
18858,0.015292967669665813
18859,0.014951946213841438
18860,0.014902178198099136
18861,0.015145434066653252
18862,0.015303447842597961
18863,0.015181420370936394
18864,0.014975971542298794
18865,0.014958753250539303
18866,0.01515160407871008
18867,0.015292481519281864
18868,0.015245622955262661
18869,0.015164152719080448
18870,0.015239565633237362
18871,0.015515068545937538
18872,0.015852561220526695
18873,0.016137482598423958
18874,0.016511868685483932
18875,0.017140068113803864
18876,0.018201783299446106
18877,0.019819535315036774
18878,0.022077063098549843
18879,0.025314465165138245
18880,0.02921126037836075
18881,0.033754996955394745
18882,0.03928546607494354
18883,0.04502718523144722
18884,0.04940640181303024
18885,0.05043822154402733
18886,0.0459517166018486
18887,0.03899329900741577
18888,0.02962043695151806
18889,0.021556826308369637
18890,0.0165824256837368
18891,0.015351572073996067
18892,0.016937091946601868
18893,0.019751472398638725
18894,0.02238062024116516
18895,0.02344672754406929
18896,0.022741375491023064
18897,0.020693417638540268
18898,0.018168823793530464
18899,0.016179250553250313
18900,0.015415593981742859
18901,0.01572427712380886
18902,0.016570888459682465
18903,0.01737785153090954
18904,0.017763985320925713
18905,0.01753973215818405
18906,0.01682872325181961
18907,0.015979968011379242
18908,0.015237444080412388
18909,0.014799836091697216
18910,0.014733453281223774
18911,0.014940205030143261
18912,0.015270080417394638
18913,0.015555240213871002
18914,0.01568717136979103
18915,0.01565096713602543
18916,0.015498309396207333
18917,0.015296319499611855
18918,0.01508215069770813
18919,0.01489331480115652
18920,0.014769945293664932
18921,0.014733565971255302
18922,0.01477119605988264
18923,0.014843381009995937
18924,0.014915683306753635
18925,0.014963467605412006
18926,0.014987030997872353
18927,0.015004433691501617
18928,0.015009989961981773
18929,0.01500573568046093
18930,0.01499135047197342
18931,0.014986861497163773
18932,0.01501122023910284
18933,0.015075601637363434
18934,0.015184620395302773
18935,0.015354080125689507
18936,0.015611887909471989
18937,0.01601402275264263
18938,0.016617190092802048
18939,0.017527375370264053
18940,0.018827326595783234
18941,0.020734449848532677
18942,0.023500913754105568
18943,0.027553323656320572
18944,0.03303728997707367
18945,0.04021364822983742
18946,0.048101119697093964
18947,0.05607052892446518
18948,0.06068626791238785
18949,0.06040836125612259
18950,0.05342692509293556
18951,0.043131835758686066
18952,0.034964557737112045
18953,0.03221625089645386
18954,0.03601158410310745
18955,0.0434260331094265
18956,0.05163189396262169
18957,0.059178173542022705
18958,0.05788534879684448
18959,0.05057422071695328
18960,0.03626508265733719
18961,0.025795921683311462
18962,0.022830387577414513
18963,0.023992231115698814
18964,0.02476596087217331
18965,0.02387731894850731
18966,0.023334765806794167
18967,0.02453000843524933
18968,0.02537362650036812
18969,0.024472936987876892
18970,0.022048143669962883
18971,0.019199255853891373
18972,0.017675131559371948
18973,0.017604000866413116
18974,0.017874956130981445
18975,0.01749449409544468
18976,0.017030298709869385
18977,0.01754172332584858
18978,0.018263954669237137
18979,0.017848148941993713
18980,0.01650485396385193
18981,0.015744104981422424
18982,0.015984421595931053
18983,0.01613987237215042
18984,0.01570984721183777
18985,0.015422492288053036
18986,0.015648307278752327
18987,0.015800390392541885
18988,0.015438291244208813
18989,0.015028378926217556
18990,0.015120974741876125
18991,0.015405573882162571
18992,0.01534790825098753
18993,0.015061535872519016
18994,0.014895537868142128
18995,0.014860120601952076
18996,0.014814399182796478
18997,0.01476504560559988
18998,0.01481824554502964
18999,0.01493404246866703
19000,0.014948900789022446
19001,0.01490075048059225
19002,0.014892280101776123
19003,0.014868303202092648
19004,0.014766057021915913
19005,0.01466020755469799
19006,0.014644505456089973
19007,0.014677486382424831
19008,0.014664577320218086
19009,0.014603669755160809
19010,0.014554676599800587
19011,0.014562227763235569
19012,0.014586186036467552
19013,0.01457331795245409
19014,0.014546222053468227
19015,0.014539478346705437
19016,0.01454952359199524
19017,0.014553053304553032
19018,0.014541578479111195
19019,0.014528769068419933
19020,0.014515820890665054
19021,0.01450433861464262
19022,0.01450029481202364
19023,0.014507541432976723
19024,0.014523015357553959
19025,0.014520248398184776
19026,0.014500604942440987
19027,0.01449227798730135
19028,0.014499581418931484
19029,0.014515023678541183
19030,0.014548526145517826
19031,0.014620071277022362
19032,0.014746233820915222
19033,0.014961449429392815
19034,0.015318370424211025
19035,0.015761667862534523
19036,0.01637771911919117
19037,0.01745717041194439
19038,0.019358525052666664
19039,0.022567909210920334
19040,0.02778506465256214
19041,0.03587952256202698
19042,0.049243293702602386
19043,0.06826208531856537
19044,0.09463787078857422
19045,0.1145920604467392
19046,0.12392314523458481
19047,0.10897953808307648
19048,0.07796050608158112
19049,0.03981800004839897
19050,0.018905185163021088
19051,0.01984928362071514
19052,0.03433837741613388
19053,0.048168063163757324
19054,0.04974840581417084
19055,0.038694944232702255
19056,0.023617777973413467
19057,0.015288671478629112
19058,0.018512850627303123
19059,0.027134526520967484
19060,0.03010738082230091
19061,0.024432361125946045
19062,0.017282281070947647
19063,0.015345030464231968
19064,0.01848786696791649
19065,0.021366965025663376
19066,0.020808327943086624
19067,0.01837359182536602
19068,0.015876078978180885
19069,0.01518817525357008
19070,0.01615259423851967
19071,0.016980944201350212
19072,0.01670803874731064
19073,0.015472235158085823
19074,0.014712369069457054
19075,0.014870827086269855
19076,0.015041415579617023
19077,0.014912440441548824
19078,0.01479371078312397
19079,0.014826349914073944
19080,0.014838863164186478
19081,0.014719171449542046
19082,0.014626897871494293
19083,0.014654657803475857
19084,0.014643404632806778
19085,0.014583058655261993
19086,0.014737897552549839
19087,0.014994489960372448
19088,0.015067847445607185
19089,0.014876711182296276
19090,0.0145537368953228
19091,0.014532061293721199
19092,0.014824343845248222
19093,0.015137452632188797
19094,0.015299715101718903
19095,0.015074498951435089
19096,0.014775373972952366
19097,0.014786909334361553
19098,0.015116834081709385
19099,0.01568782702088356
19100,0.01624373532831669
19101,0.017009979113936424
19102,0.018590260297060013
19103,0.021605418995022774
19104,0.026926705613732338
19105,0.03532528132200241
19106,0.048353102058172226
19107,0.06714701652526855
19108,0.08975967019796371
19109,0.10730613768100739
19110,0.10659237951040268
19111,0.08280596137046814
19112,0.051035284996032715
19113,0.035616934299468994
19114,0.035097163170576096
19115,0.03648022562265396
19116,0.03560419753193855
19117,0.03870553895831108
19118,0.04156814515590668
19119,0.031419724225997925
19120,0.018352556973695755
19121,0.017318671569228172
19122,0.025675630196928978
19123,0.02816053479909897
19124,0.022374192252755165
19125,0.019624492153525352
19126,0.020806683227419853
19127,0.01908450946211815
19128,0.01659082993865013
19129,0.018411913886666298
19130,0.021168721839785576
19131,0.019992655143141747
19132,0.0170892421156168
19133,0.016390232369303703
19134,0.016857648268342018
19135,0.016701238229870796
19136,0.017101986333727837
19137,0.017851978540420532
19138,0.01701425015926361
19139,0.01548504363745451
19140,0.015197362750768661
19141,0.015910014510154724
19142,0.016240429133176804
19143,0.016176512464880943
19144,0.01612861640751362
19145,0.015565520152449608
19146,0.014758220873773098
19147,0.014842924661934376
19148,0.01561944093555212
19149,0.01585668884217739
19150,0.01531504187732935
19151,0.01491969171911478
19152,0.014919941313564777
19153,0.014817195944488049
19154,0.014709788374602795
19155,0.014904318377375603
19156,0.015110054984688759
19157,0.014897971414029598
19158,0.014553088694810867
19159,0.01455582957714796
19160,0.014732759445905685
19161,0.014721216633915901
19162,0.014578273519873619
19163,0.014532031491398811
19164,0.014561722055077553
19165,0.014546221122145653
19166,0.014522106386721134
19167,0.014559449627995491
19168,0.0146772600710392
19169,0.014864558354020119
19170,0.015019615180790424
19171,0.01514725387096405
19172,0.015324156731367111
19173,0.015619101002812386
19174,0.016190791502594948
19175,0.017319820821285248
19176,0.019241925328969955
19177,0.02229057066142559
19178,0.026935014873743057
19179,0.033765748143196106
19180,0.04089882969856262
19181,0.04657020792365074
19182,0.0512436218559742
19183,0.05099955201148987
19184,0.04688608646392822
19185,0.03751315176486969
19186,0.027489695698022842
19187,0.01876375637948513
19188,0.014850243926048279
19189,0.016201946884393692
19190,0.020549489185214043
19191,0.02464780956506729
19192,0.025983255356550217
19193,0.024379044771194458
19194,0.020666852593421936
19195,0.016816888004541397
19196,0.014698230661451817
19197,0.014986725524067879
19198,0.0168421920388937
19199,0.01874816231429577
19200,0.019203271716833115
19201,0.018087176606059074
19202,0.016396278515458107
19203,0.014964430592954159
19204,0.014394469559192657
19205,0.014629683457314968
19206,0.015077438205480576
19207,0.015424286015331745
19208,0.01549888588488102
19209,0.015321243554353714
19210,0.015083251520991325
19211,0.014823333360254765
19212,0.014576987363398075
19213,0.014438952319324017
19214,0.014419833198189735
19215,0.01450575701892376
19216,0.014668771997094154
19217,0.014799647033214569
19218,0.014836634509265423
19219,0.014762692153453827
19220,0.014556231908500195
19221,0.01435330044478178
19222,0.014276409521698952
19223,0.014314066618680954
19224,0.014425531961023808
19225,0.01449650526046753
19226,0.014481463469564915
19227,0.014441392384469509
19228,0.014390257187187672
19229,0.014344381168484688
19230,0.014329697005450726
19231,0.01433232706040144
19232,0.014330603182315826
19233,0.01432895939797163
19234,0.014329222030937672
19235,0.014320739544928074
19236,0.01433099526911974
19237,0.014376948587596416
19238,0.014452369883656502
19239,0.014554256573319435
19240,0.014635580591857433
19241,0.014716221019625664
19242,0.01485478412359953
19243,0.015080897137522697
19244,0.01542393397539854
19245,0.01595534384250641
19246,0.016736583784222603
19247,0.017923787236213684
19248,0.019631847739219666
19249,0.02221941202878952
19250,0.025706613436341286
19251,0.030718903988599777
19252,0.036977872252464294
19253,0.045044735074043274
19254,0.05250188708305359
19255,0.058558762073516846
19256,0.0583764910697937
19257,0.051911838352680206
19258,0.03967197239398956
19259,0.026289919391274452
19260,0.01738354191184044
19261,0.015171759761869907
19262,0.018904970958828926
19263,0.02509605884552002
19264,0.029375851154327393
19265,0.02955704554915428
19266,0.024796508252620697
19267,0.01889476552605629
19268,0.015131646767258644
19269,0.015140468254685402
19270,0.01764543168246746
19271,0.020182691514492035
19272,0.021142348647117615
19273,0.019941817969083786
19274,0.017425555735826492
19275,0.01530370581895113
19276,0.014829285442829132
19277,0.015984412282705307
19278,0.017648814246058464
19279,0.018616314977407455
19280,0.01841087080538273
19281,0.017419710755348206
19282,0.016474682837724686
19283,0.016140781342983246
19284,0.01664602756500244
19285,0.017810994759202003
19286,0.019179996103048325
19287,0.020256152376532555
19288,0.02125345543026924
19289,0.022434772923588753
19290,0.023679405450820923
19291,0.024989454075694084
19292,0.026934292167425156
19293,0.029120642691850662
19294,0.03150224685668945
19295,0.032712675631046295
19296,0.0331379733979702
19297,0.03190945088863373
19298,0.029906611889600754
19299,0.026743125170469284
19300,0.022966090589761734
19301,0.019211988896131516
19302,0.016504360362887383
19303,0.015038968995213509
19304,0.014750713482499123
19305,0.015196360647678375
19306,0.015816863626241684
19307,0.01647188514471054
19308,0.016967754811048508
19309,0.01723162829875946
19310,0.017256960272789
19311,0.017081966623663902
19312,0.016673753038048744
19313,0.016136586666107178
19314,0.015564089640974998
19315,0.014990219846367836
19316,0.014554866589605808
19317,0.01433461531996727
19318,0.014298251830041409
19319,0.014400463551282883
19320,0.01451613288372755
19321,0.014583978801965714
19322,0.014661546796560287
19323,0.014737515710294247
19324,0.0148073211312294
19325,0.014906385913491249
19326,0.015028922818601131
19327,0.01513280626386404
19328,0.015224151313304901
19329,0.015308700501918793
19330,0.015283790417015553
19331,0.015178686939179897
19332,0.01510729268193245
19333,0.015066715888679028
19334,0.015058712102472782
19335,0.01512385718524456
19336,0.015271260403096676
19337,0.015475773252546787
19338,0.015762533992528915
19339,0.0161556638777256
19340,0.016492923721671104
19341,0.016795076429843903
19342,0.017305569723248482
19343,0.018066376447677612
19344,0.01918703131377697
19345,0.02067175880074501
19346,0.022714165970683098
19347,0.025454126298427582
19348,0.029216527938842773
19349,0.0338842049241066
19350,0.03842209279537201
19351,0.041814401745796204
19352,0.04529314488172531
19353,0.04705643653869629
19354,0.0470806285738945
19355,0.04323916882276535
19356,0.03685052692890167
19357,0.02889316901564598
19358,0.021721549332141876
19359,0.016934234648942947
19360,0.015416694805026054
19361,0.016683045774698257
19362,0.019594892859458923
19363,0.02292938530445099
19364,0.02535073831677437
19365,0.026064936071634293
19366,0.024904441088438034
19367,0.023225270211696625
19368,0.021640881896018982
19369,0.020916758105158806
19370,0.021139532327651978
19371,0.0219053216278553
19372,0.02273392863571644
19373,0.023294173181056976
19374,0.023130789399147034
19375,0.02226291410624981
19376,0.02066749520599842
19377,0.01870584301650524
19378,0.0167415589094162
19379,0.015179960057139397
19380,0.014249598607420921
19381,0.014026272110641003
19382,0.014388099312782288
19383,0.015089662745594978
19384,0.01587069220840931
19385,0.016451189294457436
19386,0.016705689951777458
19387,0.016676222905516624
19388,0.0163995660841465
19389,0.015959570184350014
19390,0.015465890057384968
19391,0.014997497200965881
19392,0.014592127874493599
19393,0.014288709498941898
19394,0.014099310152232647
19395,0.014005920849740505
19396,0.014005894772708416
19397,0.014087694697082043
19398,0.014221226796507835
19399,0.014381028711795807
19400,0.014539549127221107
19401,0.014688239432871342
19402,0.014839236624538898
19403,0.014998726546764374
19404,0.015176485292613506
19405,0.015380694530904293
19406,0.015624234452843666
19407,0.015934647992253304
19408,0.016343094408512115
19409,0.01689346693456173
19410,0.017643380910158157
19411,0.01868373155593872
19412,0.02014521136879921
19413,0.022189520299434662
19414,0.02503642439842224
19415,0.028683390468358994
19416,0.033240459859371185
19417,0.03904273360967636
19418,0.0458792969584465
19419,0.05343574285507202
19420,0.0593993216753006
19421,0.06295447796583176
19422,0.0620432049036026
19423,0.05817677825689316
19424,0.04996894299983978
19425,0.04115865007042885
19426,0.03252169489860535
19427,0.02835160307586193
19428,0.028200725093483925
19429,0.030880186706781387
19430,0.033830296248197556
19431,0.033317930996418
19432,0.029477450996637344
19433,0.023095009848475456
19434,0.017914753407239914
19435,0.016255740076303482
19436,0.01785488799214363
19437,0.020687470212578773
19438,0.022461362183094025
19439,0.022282321006059647
19440,0.020339632406830788
19441,0.017518656328320503
19442,0.01522949431091547
19443,0.014295810833573341
19444,0.014917153865098953
19445,0.016403403133153915
19446,0.01758522167801857
19447,0.017783181741833687
19448,0.016861887648701668
19449,0.015574539080262184
19450,0.01462057325989008
19451,0.014383486472070217
19452,0.014767240732908249
19453,0.015399402007460594
19454,0.01590430550277233
19455,0.015917528420686722
19456,0.015463006682693958
19457,0.014826556667685509
19458,0.014271743595600128
19459,0.013987296260893345
19460,0.014011873863637447
19461,0.01421256922185421
19462,0.01443804893642664
19463,0.0145831648260355
19464,0.014606274664402008
19465,0.014514693059027195
19466,0.014351313933730125
19467,0.014177474193274975
19468,0.01403486542403698
19469,0.013949539512395859
19470,0.01394510455429554
19471,0.014024443924427032
19472,0.014153342694044113
19473,0.014310148544609547
19474,0.014485015533864498
19475,0.014600359834730625
19476,0.014674531295895576
19477,0.014808044768869877
19478,0.015051485039293766
19479,0.015474059619009495
19480,0.01621490716934204
19481,0.017448892816901207
19482,0.019420310854911804
19483,0.022505877539515495
19484,0.027165735140442848
19485,0.03294191136956215
19486,0.03970833122730255
19487,0.04829741269350052
19488,0.05696280300617218
19489,0.0645342767238617
19490,0.06547446548938751
19491,0.061562396585941315
19492,0.05214208737015724
19493,0.04328792542219162
19494,0.0345272533595562
19495,0.0282386913895607
19496,0.022871732711791992
19497,0.020060433074831963
19498,0.020371612161397934
19499,0.022302690893411636
19500,0.024098511785268784
19501,0.024116171523928642
19502,0.021988334134221077
19503,0.018593057990074158
19504,0.015780307352542877
19505,0.015827540308237076
19506,0.017751922830939293
19507,0.01852586679160595
19508,0.0171650443226099
19509,0.01541306171566248
19510,0.015386022627353668
19511,0.016342418268322945
19512,0.01647476851940155
19513,0.015633434057235718
19514,0.01488584280014038
19515,0.014905980788171291
19516,0.015281942673027515
19517,0.015533065423369408
19518,0.015551689080893993
19519,0.01536584459245205
19520,0.015107724815607071
19521,0.01497860997915268
19522,0.015030277892947197
19523,0.015005510300397873
19524,0.014721343293786049
19525,0.01435892190784216
19526,0.014203045517206192
19527,0.014252377673983574
19528,0.014281348325312138
19529,0.014213022775948048
19530,0.014169284142553806
19531,0.014211284928023815
19532,0.01429729349911213
19533,0.014390533789992332
19534,0.01452968455851078
19535,0.014695624820888042
19536,0.014833737164735794
19537,0.015006916597485542
19538,0.015294170007109642
19539,0.015766916796565056
19540,0.016378134489059448
19541,0.01708003506064415
19542,0.01807553507387638
19543,0.019433176144957542
19544,0.02130522020161152
19545,0.023330766707658768
19546,0.02541516162455082
19547,0.027685895562171936
19548,0.029958665370941162
19549,0.03173324465751648
19550,0.03273583948612213
19551,0.032735615968704224
19552,0.032774075865745544
19553,0.03313591331243515
19554,0.034687019884586334
19555,0.03722666576504707
19556,0.04072855785489082
19557,0.043713778257369995
19558,0.0461905375123024
19559,0.045675065368413925
19560,0.04254846274852753
19561,0.0362723134458065
19562,0.02960018441081047
19563,0.024029165506362915
19564,0.021143630146980286
19565,0.021308396011590958
19566,0.023864958435297012
19567,0.026299037039279938
19568,0.02763191983103752
19569,0.025969985872507095
19570,0.022604987025260925
19571,0.01872233860194683
19572,0.01597512513399124
19573,0.01513407938182354
19574,0.015856187790632248
19575,0.017325185239315033
19576,0.018582787364721298
19577,0.019083581864833832
19578,0.01867750845849514
19579,0.017466653138399124
19580,0.01588200032711029
19581,0.014528943225741386
19582,0.013922043144702911
19583,0.014189145527780056
19584,0.014970661140978336
19585,0.015688233077526093
19586,0.015957383438944817
19587,0.015736643224954605
19588,0.01522658672183752
19589,0.014665203168988228
19590,0.014204000122845173
19591,0.013915233314037323
19592,0.013829805888235569
19593,0.013932954519987106
19594,0.014157410711050034
19595,0.014389160089194775
19596,0.01451410073786974
19597,0.014478358440101147
19598,0.014303671196103096
19599,0.014078641310334206
19600,0.013885494321584702
19601,0.013769538141787052
19602,0.013733726926147938
19603,0.013757056556642056
19604,0.013817529194056988
19605,0.013893069699406624
19606,0.013968775980174541
19607,0.014038813300430775
19608,0.014094504527747631
19609,0.014137697406113148
19610,0.014170716516673565
19611,0.014215675182640553
19612,0.014308616518974304
19613,0.014493401162326336
19614,0.014819773845374584
19615,0.015295561403036118
19616,0.015994984656572342
19617,0.017171964049339294
19618,0.019043006002902985
19619,0.022077064961194992
19620,0.026113592088222504
19621,0.031854305416345596
19622,0.03952756151556969
19623,0.050087787210941315
19624,0.06029638648033142
19625,0.06801141798496246
19626,0.06538602709770203
19627,0.05715307965874672
19628,0.04168778285384178
19629,0.027185074985027313
19630,0.018528439104557037
19631,0.016479013487696648
19632,0.0185373667627573
19633,0.021667450666427612
19634,0.024559417739510536
19635,0.026411395519971848
19636,0.026759665459394455
19637,0.025303754955530167
19638,0.0216397475451231
19639,0.017553171142935753
19640,0.015520247630774975
19641,0.01677517220377922
19642,0.020440854132175446
19643,0.024520359933376312
19644,0.027626056224107742
19645,0.0304559413343668
19646,0.03400632366538048
19647,0.040081124752759933
19648,0.04712314158678055
19649,0.051226355135440826
19650,0.04912417754530907
19651,0.040188271552324295
19652,0.03008299693465233
19653,0.023842642083764076
19654,0.02163074165582657
19655,0.01955130510032177
19656,0.017466673627495766
19657,0.01851247251033783
19658,0.023294983431696892
19659,0.028227608650922775
19660,0.02826455421745777
19661,0.025262806564569473
19662,0.021763712167739868
19663,0.01938638463616371
19664,0.01704726181924343
19665,0.015071649104356766
19666,0.015224816277623177
19667,0.017545584589242935
19668,0.019615765661001205
19669,0.019578848034143448
19670,0.017707645893096924
19671,0.01592397876083851
19672,0.014947338961064816
19673,0.014423605985939503
19674,0.014374379999935627
19675,0.0150454705581069
19676,0.016057461500167847
19677,0.016367236152291298
19678,0.015550831332802773
19679,0.014496793039143085
19680,0.014076866209506989
19681,0.0142574617639184
19682,0.014400433748960495
19683,0.014374757185578346
19684,0.014533025212585926
19685,0.014891554601490498
19686,0.015042890794575214
19687,0.014689197763800621
19688,0.014122464694082737
19689,0.013819589279592037
19690,0.013883928768336773
19691,0.014010882936418056
19692,0.01398429088294506
19693,0.013949638232588768
19694,0.014073689468204975
19695,0.01425709668546915
19696,0.014277004636824131
19697,0.014105437323451042
19698,0.013905446976423264
19699,0.01383114978671074
19700,0.013884605839848518
19701,0.013952053152024746
19702,0.013992738910019398
19703,0.014099475927650928
19704,0.014355959370732307
19705,0.01468602940440178
19706,0.015035619959235191
19707,0.015509240329265594
19708,0.016237791627645493
19709,0.017397228628396988
19710,0.01910450868308544
19711,0.02150084264576435
19712,0.02500959299504757
19713,0.029930878430604935
19714,0.03619939833879471
19715,0.04226721078157425
19716,0.04585615545511246
19717,0.04742365702986717
19718,0.04413681477308273
19719,0.03765047714114189
19720,0.028728166595101357
19721,0.021215729415416718
19722,0.016445670276880264
19723,0.01493778731673956
19724,0.01593300700187683
19725,0.018284501507878304
19726,0.021025417372584343
19727,0.02314126491546631
19728,0.023921387270092964
19729,0.022602243348956108
19730,0.019836969673633575
19731,0.01688900962471962
19732,0.015029257163405418
19733,0.0145895816385746
19734,0.015192548744380474
19735,0.016217125579714775
19736,0.01725107803940773
19737,0.018288351595401764
19738,0.019273655489087105
19739,0.020005090162158012
19740,0.020720645785331726
19741,0.02170203998684883
19742,0.023452594876289368
19743,0.02590975910425186
19744,0.02895321696996689
19745,0.03146827965974808
19746,0.033311761915683746
19747,0.03355410695075989
19748,0.03243176266551018
19749,0.02944708801805973
19750,0.02508418634533882
19751,0.02031220681965351
19752,0.016280220821499825
19753,0.013997521251440048
19754,0.013679283671081066
19755,0.014863560907542706
19756,0.01668727397918701
19757,0.01829017512500286
19758,0.019140278920531273
19759,0.01894724741578102
19760,0.01788715459406376
19761,0.016357623040676117
19762,0.014905870892107487
19763,0.013921845704317093
19764,0.013568121939897537
19765,0.01377122662961483
19766,0.014317416585981846
19767,0.014954746700823307
19768,0.015440834686160088
19769,0.01565183699131012
19770,0.015545492991805077
19771,0.015210293233394623
19772,0.01475069485604763
19773,0.014273716136813164
19774,0.013867473229765892
19775,0.013590577058494091
19776,0.013473540544509888
19777,0.013503439724445343
19778,0.01362280547618866
19779,0.013779688626527786
19780,0.01393816526979208
19781,0.014081086032092571
19782,0.01419743150472641
19783,0.01426729653030634
19784,0.0142936697229743
19785,0.014273514971137047
19786,0.0142318494617939
19787,0.014203362166881561
19788,0.014188245870172977
19789,0.014203398488461971
19790,0.01425612810999155
19791,0.014387570321559906
19792,0.014652586542069912
19793,0.015116171911358833
19794,0.01586933061480522
19795,0.01690267212688923
19796,0.018335269764065742
19797,0.020712800323963165
19798,0.024280034005641937
19799,0.029844872653484344
19800,0.036449991166591644
19801,0.044649261981248856
19802,0.05329267680644989
19803,0.06188741326332092
19804,0.06510929763317108
19805,0.06093333289027214
19806,0.04749247431755066
19807,0.03307902812957764
19808,0.022234123200178146
19809,0.018741315230727196
19810,0.02139153704047203
19811,0.026600584387779236
19812,0.03305972367525101
19813,0.03869526460766792
19814,0.044055379927158356
19815,0.046979427337646484
19816,0.049116525799036026
19817,0.049407415091991425
19818,0.04858189821243286
19819,0.044809017330408096
19820,0.035242959856987
19821,0.024217326194047928
19822,0.01826130598783493
19823,0.020065562799572945
19824,0.0251375250518322
19825,0.027062125504016876
19826,0.025570832192897797
19827,0.023645572364330292
19828,0.02275240421295166
19829,0.020747805014252663
19830,0.017267121002078056
19831,0.014461550861597061
19832,0.014934942126274109
19833,0.017468266189098358
19834,0.01900681108236313
19835,0.018583379685878754
19836,0.01735083758831024
19837,0.016713762655854225
19838,0.016122376546263695
19839,0.014966480433940887
19840,0.013834861107170582
19841,0.01396239548921585
19842,0.01517300121486187
19843,0.016019726172089577
19844,0.015723956748843193
19845,0.014919191598892212
19846,0.014518264681100845
19847,0.014412940479815006
19848,0.014084283262491226
19849,0.013672136701643467
19850,0.013726104982197285
19851,0.014311764389276505
19852,0.014733164571225643
19853,0.01457907073199749
19854,0.014134899713099003
19855,0.013925891369581223
19856,0.013995569199323654
19857,0.0139552541077137
19858,0.013686195947229862
19859,0.0134651530534029
19860,0.013543776236474514
19861,0.013829351402819157
19862,0.013994311913847923
19863,0.013939984142780304
19864,0.013840747997164726
19865,0.013840067200362682
19866,0.013923448510468006
19867,0.013947799801826477
19868,0.013874175027012825
19869,0.01382247544825077
19870,0.01394624263048172
19871,0.01428260188549757
19872,0.014739532954990864
19873,0.015330063179135323
19874,0.01619674079120159
19875,0.017409352585673332
19876,0.019163381308317184
19877,0.021757550537586212
19878,0.025478482246398926
19879,0.030432358384132385
19880,0.03580690920352936
19881,0.041030168533325195
19882,0.044496580958366394
19883,0.04516427963972092
19884,0.04044627398252487
19885,0.03216582536697388
19886,0.02266533300280571
19887,0.016295861452817917
19888,0.014278302900493145
19889,0.015871474519371986
19890,0.01872832328081131
19891,0.020802799612283707
19892,0.02203844115138054
19893,0.021835166960954666
19894,0.020305799320340157
19895,0.017960816621780396
19896,0.015602389350533485
19897,0.014075039885938168
19898,0.01383555494248867
19899,0.014632562175393105
19900,0.015824656933546066
19901,0.01690204255282879
19902,0.01766168139874935
19903,0.018154969438910484
19904,0.018418818712234497
19905,0.01859820820391178
19906,0.019030027091503143
19907,0.020529910922050476
19908,0.02311836928129196
19909,0.026813184842467308
19910,0.03080667555332184
19911,0.03466150164604187
19912,0.03721705824136734
19913,0.038003966212272644
19914,0.0358654260635376
19915,0.0314093716442585
19916,0.025709979236125946
19917,0.02041183039546013
19918,0.016814380884170532
19919,0.015018143691122532
19920,0.014941583387553692
19921,0.01621963642537594
19922,0.018227912485599518
19923,0.020172089338302612
19924,0.020837226882576942
19925,0.02008197456598282
19926,0.018031159415841103
19927,0.015907837077975273
19928,0.014378079213202
19929,0.01369079202413559
19930,0.013646772131323814
19931,0.014015857130289078
19932,0.014678353443741798
19933,0.015391726046800613
19934,0.015838192775845528
19935,0.015780197456479073
19936,0.015267095528542995
19937,0.014565561898052692
19938,0.013956118375062943
19939,0.013567504473030567
19940,0.013367192819714546
19941,0.013328269124031067
19942,0.013459979556500912
19943,0.013703915290534496
19944,0.013962537981569767
19945,0.014130293391644955
19946,0.014162754639983177
19947,0.014091748744249344
19948,0.013965850695967674
19949,0.013818679377436638
19950,0.013642283156514168
19951,0.01345491036772728
19952,0.013298188336193562
19953,0.01319442130625248
19954,0.013150139711797237
19955,0.013147826306521893
19956,0.013168249279260635
19957,0.013204147107899189
19958,0.013256003148853779
19959,0.013330482877790928
19960,0.01339801400899887
19961,0.013447897508740425
19962,0.013500196859240532
19963,0.01356176845729351
19964,0.013651418499648571
19965,0.013802193105220795
19966,0.014048478566110134
19967,0.014413726516067982
19968,0.014989042654633522
19969,0.01590425707399845
19970,0.017147308215498924
19971,0.0189041830599308
19972,0.02186530828475952
19973,0.026619162410497665
19974,0.03419671952724457
19975,0.044069573283195496
19976,0.056940339505672455
19977,0.07064738869667053
19978,0.08406621217727661
19979,0.08681383728981018
19980,0.07760605961084366
19981,0.05453285947442055
19982,0.03422044217586517
19983,0.025178957730531693
19984,0.03131654113531113
19985,0.04538249969482422
19986,0.05766092613339424
19987,0.0652787908911705
19988,0.06508561223745346
19989,0.05562084913253784
19990,0.04097695276141167
19991,0.029151994735002518
19992,0.028894860297441483
19993,0.03411457687616348
19994,0.031298961490392685
19995,0.02333691716194153
19996,0.020924720913171768
19997,0.025177553296089172
19998,0.026538103818893433
19999,0.02098854072391987
20000,0.017952386289834976
20001,0.02023024670779705
20002,0.020954554900527
20003,0.017991134896874428
20004,0.017124628648161888
20005,0.01890542171895504
20006,0.018684888258576393
20007,0.01645672880113125
20008,0.015958271920681
20009,0.017180293798446655
20010,0.016469301655888557
20011,0.014344120398163795
20012,0.013920046389102936
20013,0.014722397550940514
20014,0.014701273292303085
20015,0.01421584002673626
20016,0.014693600125610828
20017,0.015284623019397259
20018,0.014699814841151237
20019,0.013821309432387352
20020,0.013673527166247368
20021,0.013915052637457848
20022,0.013807578943669796
20023,0.013788468204438686
20024,0.014355503022670746
20025,0.01464890781790018
20026,0.014188813045620918
20027,0.013721304945647717
20028,0.01370280236005783
20029,0.013783685863018036
20030,0.013503717258572578
20031,0.013185541145503521
20032,0.013260015286505222
20033,0.013475431129336357
20034,0.01347401738166809
20035,0.013287324458360672
20036,0.013284653425216675
20037,0.01349667739123106
20038,0.013651935383677483
20039,0.013693270273506641
20040,0.013570442795753479
20041,0.013405858539044857
20042,0.013339291326701641
20043,0.013307110406458378
20044,0.013297239318490028
20045,0.013231354765594006
20046,0.013165432028472424
20047,0.013207669369876385
20048,0.013368701562285423
20049,0.013595632277429104
20050,0.01356221828609705
20051,0.01333351619541645
20052,0.01322243083268404
20053,0.013208546675741673
20054,0.013225523754954338
20055,0.013302048668265343
20056,0.013544636778533459
20057,0.01397218182682991
20058,0.014625485986471176
20059,0.01558718178421259
20060,0.016305258497595787
20061,0.016785966232419014
20062,0.017684418708086014
20063,0.019040167331695557
20064,0.020890023559331894
20065,0.02369748428463936
20066,0.02736973576247692
20067,0.031024960801005363
20068,0.03433836251497269
20069,0.03574022650718689
20070,0.03393905982375145
20071,0.02814476191997528
20072,0.022756312042474747
20073,0.018056374043226242
20074,0.015584222972393036
20075,0.015389857813715935
20076,0.01617620140314102
20077,0.017343854531645775
20078,0.01817459613084793
20079,0.01845034398138523
20080,0.01833426021039486
20081,0.017983967438340187
20082,0.017315376549959183
20083,0.01674412004649639
20084,0.01650562882423401
20085,0.01659952849149704
20086,0.01765679009258747
20087,0.020319370552897453
20088,0.02546127699315548
20089,0.0341736264526844
20090,0.04361604154109955
20091,0.05181185156106949
20092,0.055862125009298325
20093,0.058364637196063995
20094,0.0647054985165596
20095,0.07262437045574188
20096,0.07639108598232269
20097,0.057772476226091385
20098,0.03912520408630371
20099,0.033939726650714874
20100,0.030598163604736328
20101,0.023148905485868454
20102,0.021197382360696793
20103,0.027741292491555214
20104,0.028418386355042458
20105,0.02322448417544365
20106,0.023608699440956116
20107,0.022369930520653725
20108,0.017784912139177322
20109,0.019749190658330917
20110,0.021387910470366478
20111,0.018000872805714607
20112,0.017736274749040604
20113,0.0173766128718853
20114,0.014691759832203388
20115,0.015267694368958473
20116,0.015926305204629898
20117,0.014571787789463997
20118,0.015033764764666557
20119,0.015245373360812664
20120,0.014060813933610916
20121,0.0143590671941638
20122,0.014230103231966496
20123,0.013161188922822475
20124,0.01351814717054367
20125,0.013926209881901741
20126,0.013969309628009796
20127,0.01471382100135088
20128,0.014805733226239681
20129,0.014225899241864681
20130,0.014020298607647419
20131,0.0136026032269001
20132,0.01325119100511074
20133,0.013606077060103416
20134,0.013870875351130962
20135,0.01382237859070301
20136,0.013882055878639221
20137,0.013629583641886711
20138,0.013194856233894825
20139,0.013102010823786259
20140,0.013055912218987942
20141,0.01313806977123022
20142,0.013376621529459953
20143,0.01333211362361908
20144,0.013183299452066422
20145,0.013170314021408558
20146,0.01322169415652752
20147,0.013323504477739334
20148,0.0134092066437006
20149,0.0133089954033494
20150,0.013079322874546051
20151,0.013039825484156609
20152,0.013125346042215824
20153,0.013172714971005917
20154,0.013186641037464142
20155,0.013031162321567535
20156,0.012911832891404629
20157,0.0130044249817729
20158,0.013096675276756287
20159,0.013079307973384857
20160,0.012953613884747028
20161,0.012870626524090767
20162,0.0129452059045434
20163,0.013123051263391972
20164,0.013267355971038342
20165,0.013155595399439335
20166,0.012954932637512684
20167,0.012894054874777794
20168,0.012916980311274529
20169,0.012954741716384888
20170,0.012939749285578728
20171,0.012948035262525082
20172,0.013087548315525055
20173,0.013397015631198883
20174,0.013887185603380203
20175,0.014217868447303772
20176,0.014416540041565895
20177,0.014972888864576817
20178,0.01606118306517601
20179,0.018058089539408684
20180,0.021710429340600967
20181,0.02835744619369507
20182,0.038489967584609985
20183,0.054282717406749725
20184,0.0731467753648758
20185,0.08954758942127228
20186,0.0889633297920227
20187,0.07705734670162201
20188,0.05242329090833664
20189,0.031123166903853416
20190,0.023673690855503082
20191,0.026472946628928185
20192,0.03157740831375122
20193,0.032330237329006195
20194,0.03045218624174595
20195,0.029460851103067398
20196,0.029328446835279465
20197,0.026881201192736626
20198,0.020431999117136
20199,0.014455576427280903
20200,0.013938451185822487
20201,0.018452253192663193
20202,0.022120244801044464
20203,0.020871514454483986
20204,0.01724334806203842
20205,0.01476338505744934
20206,0.014800340868532658
20207,0.01578390970826149
20208,0.01624174788594246
20209,0.016692301258444786
20210,0.016609983518719673
20211,0.015448679216206074
20212,0.013975721783936024
20213,0.013153941370546818
20214,0.013814471662044525
20215,0.014665322378277779
20216,0.014377960935235023
20217,0.013554899021983147
20218,0.012977085076272488
20219,0.013033349066972733
20220,0.013210397213697433
20221,0.013038195669651031
20222,0.012836308218538761
20223,0.01285708136856556
20224,0.012990856543183327
20225,0.012972351163625717
20226,0.01295593474060297
20227,0.013116036541759968
20228,0.013378054834902287
20229,0.013531113974750042
20230,0.01325444970279932
20231,0.012977004051208496
20232,0.013104758225381374
20233,0.013475771062076092
20234,0.013869774527847767
20235,0.013957531191408634
20236,0.01404248084872961
20237,0.014561280608177185
20238,0.01560415793210268
20239,0.017313404008746147
20240,0.019629275426268578
20241,0.022959236055612564
20242,0.02840256877243519
20243,0.036365069448947906
20244,0.04766972362995148
20245,0.06106448546051979
20246,0.07458645850419998
20247,0.08055678755044937
20248,0.07436981052160263
20249,0.05507011339068413
20250,0.032001249492168427
20251,0.017899759113788605
20252,0.017866039648652077
20253,0.026400137692689896
20254,0.03480265662074089
20255,0.035925284028053284
20256,0.029190365225076675
20257,0.019113382324576378
20258,0.013779313303530216
20259,0.016235627233982086
20260,0.022188248112797737
20261,0.02470017410814762
20262,0.021135684102773666
20263,0.016076451167464256
20264,0.01393793523311615
20265,0.014907356351613998
20266,0.016945602372288704
20267,0.01824265345931053
20268,0.018025286495685577
20269,0.016606975346803665
20270,0.014569873921573162
20271,0.013576555997133255
20272,0.01442970521748066
20273,0.015608467161655426
20274,0.015662342309951782
20275,0.014489410445094109
20276,0.013336780481040478
20277,0.01309176255017519
20278,0.01346086896955967
20279,0.013961145654320717
20280,0.01420183852314949
20281,0.014152535237371922
20282,0.013787890784442425
20283,0.01333314087241888
20284,0.013322221115231514
20285,0.013571292161941528
20286,0.01376850251108408
20287,0.013695775531232357
20288,0.013350167311728
20289,0.013137591071426868
20290,0.013068294152617455
20291,0.013017965480685234
20292,0.01297141145914793
20293,0.013013424351811409
20294,0.013221192173659801
20295,0.013303916901350021
20296,0.013134305365383625
20297,0.012877735309302807
20298,0.012786412611603737
20299,0.012987371534109116
20300,0.013134771957993507
20301,0.013051432557404041
20302,0.012893203645944595
20303,0.012792306020855904
20304,0.012812290340662003
20305,0.012838263995945454
20306,0.012813924811780453
20307,0.012808489613234997
20308,0.01294592022895813
20309,0.013285698369145393
20310,0.013458585366606712
20311,0.013351310044527054
20312,0.013249472714960575
20313,0.013228106312453747
20314,0.013357012532651424
20315,0.01392437145113945
20316,0.015134836547076702
20317,0.017004039138555527
20318,0.020045064389705658
20319,0.024853697046637535
20320,0.030179133638739586
20321,0.03533168137073517
20322,0.042606744915246964
20323,0.05014067515730858
20324,0.05733514577150345
20325,0.059327878057956696
20326,0.05554131418466568
20327,0.043330345302820206
20328,0.028694959357380867
20329,0.016926173120737076
20330,0.012862902134656906
20331,0.016620242968201637
20332,0.02399846911430359
20333,0.029967352747917175
20334,0.030651336535811424
20335,0.02539600431919098
20336,0.017832018435001373
20337,0.01333072129637003
20338,0.013581283390522003
20339,0.017098797485232353
20340,0.019555464386940002
20341,0.018645968288183212
20342,0.016072509810328484
20343,0.013615497387945652
20344,0.012712172232568264
20345,0.013196200132369995
20346,0.013686932623386383
20347,0.013825586996972561
20348,0.013570619747042656
20349,0.013161001726984978
20350,0.013022463768720627
20351,0.012995103374123573
20352,0.012844162061810493
20353,0.012676805257797241
20354,0.012607233598828316
20355,0.012722347863018513
20356,0.013132249005138874
20357,0.013552223332226276
20358,0.013770759105682373
20359,0.013713978230953217
20360,0.013162199407815933
20361,0.012647226452827454
20362,0.012637677602469921
20363,0.013001803308725357
20364,0.01349872536957264
20365,0.01349576935172081
20366,0.013056514784693718
20367,0.012729121372103691
20368,0.012592073529958725
20369,0.012652070261538029
20370,0.012725728563964367
20371,0.012732007540762424
20372,0.01280913408845663
20373,0.012971684336662292
20374,0.013252418488264084
20375,0.013631865382194519
20376,0.014299281872808933
20377,0.015489144250750542
20378,0.017452528700232506
20379,0.020551258698105812
20380,0.025227412581443787
20381,0.03229407221078873
20382,0.043439485132694244
20383,0.05829308182001114
20384,0.07581272721290588
20385,0.08734983205795288
20386,0.08593521267175674
20387,0.0666230171918869
20388,0.039817050099372864
20389,0.02150370553135872
20390,0.017753371968865395
20391,0.02386881411075592
20392,0.03265504539012909
20393,0.0385127067565918
20394,0.03851471096277237
20395,0.02823811210691929
20396,0.016495356336236
20397,0.013460470363497734
20398,0.019673898816108704
20399,0.026002395898103714
20400,0.023980148136615753
20401,0.01782314106822014
20402,0.014881040900945663
20403,0.01593887247145176
20404,0.01772981882095337
20405,0.017925580963492393
20406,0.017718762159347534
20407,0.017582492902874947
20408,0.0159671138972044
20409,0.013686594553291798
20410,0.013587851077318192
20411,0.015858255326747894
20412,0.016885485500097275
20413,0.01515925396233797
20414,0.013371394015848637
20415,0.013722110539674759
20416,0.01463000476360321
20417,0.01422487199306488
20418,0.0136231929063797
20419,0.014047045260667801
20420,0.01451199036091566
20421,0.013784616254270077
20422,0.012776294723153114
20423,0.012888815253973007
20424,0.01368681900203228
20425,0.01394234411418438
20426,0.013354867696762085
20427,0.012853546999394894
20428,0.012979356572031975
20429,0.013273684307932854
20430,0.013228842988610268
20431,0.012964406982064247
20432,0.012981588952243328
20433,0.013155908323824406
20434,0.013057790696620941
20435,0.012857805006206036
20436,0.013042228296399117
20437,0.013811890035867691
20438,0.015131737105548382
20439,0.0170963816344738
20440,0.019397025927901268
20441,0.02236121892929077
20442,0.027720870450139046
20443,0.036592695862054825
20444,0.05018840730190277
20445,0.06652048230171204
20446,0.08382579684257507
20447,0.08911696076393127
20448,0.08171144872903824
20449,0.054651014506816864
20450,0.026915263384580612
20451,0.01422585267573595
20452,0.021037770435214043
20453,0.036032192409038544
20454,0.045214295387268066
20455,0.04106011986732483
20456,0.027475504204630852
20457,0.016451969742774963
20458,0.014679904095828533
20459,0.021606195718050003
20460,0.02640886791050434
20461,0.02232617698609829
20462,0.015402225777506828
20463,0.012941163033246994
20464,0.01618189737200737
20465,0.018178394064307213
20466,0.015693247318267822
20467,0.013299277983605862
20468,0.013302681967616081
20469,0.014459597878158092
20470,0.014125579968094826
20471,0.012977976351976395
20472,0.013029852882027626
20473,0.013531768694519997
20474,0.01356689166277647
20475,0.012914690189063549
20476,0.012849556282162666
20477,0.013528295792639256
20478,0.013924732804298401
20479,0.013976935297250748
20480,0.013353283517062664
20481,0.013045485131442547
20482,0.013450026512145996
20483,0.014105705544352531
20484,0.01484980620443821
20485,0.014272413216531277
20486,0.013089406304061413
20487,0.012799490243196487
20488,0.013501783832907677
20489,0.014721155166625977
20490,0.014459887519478798
20491,0.013097655959427357
20492,0.012517621740698814
20493,0.012989812530577183
20494,0.014004098251461983
20495,0.013820508494973183
20496,0.01276937872171402
20497,0.012442695908248425
20498,0.012912273406982422
20499,0.013664841651916504
20500,0.013347464613616467
20501,0.01252012513577938
20502,0.012494764290750027
20503,0.013112882152199745
20504,0.013834483921527863
20505,0.01337396539747715
20506,0.012475675903260708
20507,0.01247997023165226
20508,0.013147830963134766
20509,0.013951131142675877
20510,0.013516679406166077
20511,0.012529246509075165
20512,0.012399601750075817
20513,0.012930921278893948
20514,0.013694405555725098
20515,0.013394398614764214
20516,0.012543858028948307
20517,0.012423391453921795
20518,0.012871098704636097
20519,0.013581427745521069
20520,0.013415449298918247
20521,0.012840764597058296
20522,0.013006452471017838
20523,0.013807808049023151
20524,0.01509854570031166
20525,0.016026267781853676
20526,0.017324991524219513
20527,0.020629340782761574
20528,0.02650606259703636
20529,0.036118634045124054
20530,0.04844765365123749
20531,0.06432776153087616
20532,0.07965854555368423
20533,0.08854925632476807
20534,0.07977697253227234
20535,0.054717548191547394
20536,0.027684267610311508
20537,0.015685828402638435
20538,0.020674845203757286
20539,0.03218357264995575
20540,0.038874268531799316
20541,0.03652798384428024
20542,0.026078633964061737
20543,0.016720984131097794
20544,0.015339786186814308
20545,0.02073586732149124
20546,0.02472483366727829
20547,0.02239157259464264
20548,0.017272749915719032
20549,0.014813577756285667
20550,0.015296664088964462
20551,0.01670125499367714
20552,0.0177875068038702
20553,0.01716729626059532
20554,0.015564203262329102
20555,0.013734732754528522
20556,0.01316126435995102
20557,0.014189675450325012
20558,0.015294108539819717
20559,0.015641696751117706
20560,0.014475435949862003
20561,0.012988341972231865
20562,0.0128267090767622
20563,0.013721865601837635
20564,0.014732105657458305
20565,0.014572808519005775
20566,0.013697369024157524
20567,0.013101501390337944
20568,0.012814905494451523
20569,0.013153491541743279
20570,0.01359904371201992
20571,0.013710287399590015
20572,0.01338928658515215
20573,0.012941095978021622
20574,0.0130992466583848
20575,0.013279986567795277
20576,0.013137641362845898
20577,0.01297789067029953
20578,0.013049799017608166
20579,0.013460922054946423
20580,0.0133459297940135
20581,0.012740636244416237
20582,0.012450545094907284
20583,0.012675846926867962
20584,0.013224654830992222
20585,0.013230898417532444
20586,0.012708925642073154
20587,0.012389583513140678
20588,0.01251689437776804
20589,0.013038791716098785
20590,0.013134332373738289
20591,0.012698489241302013
20592,0.012386845424771309
20593,0.012339850887656212
20594,0.012530012056231499
20595,0.012539269402623177
20596,0.012376625090837479
20597,0.012411439791321754
20598,0.012750888243317604
20599,0.013413860462605953
20600,0.013590124435722828
20601,0.013175493106245995
20602,0.01290381420403719
20603,0.012804262340068817
20604,0.012887313961982727
20605,0.013640724122524261
20606,0.01555249746888876
20607,0.018664898350834846
20608,0.023833680897951126
20609,0.031950075179338455
20610,0.039941802620887756
20611,0.04571770876646042
20612,0.0531483069062233
20613,0.0582098588347435
20614,0.06025013327598572
20615,0.05569319427013397
20616,0.046246401965618134
20617,0.03085494413971901
20618,0.017873741686344147
20619,0.012478343211114407
20620,0.015879860147833824
20621,0.024784183129668236
20622,0.032092224806547165
20623,0.03334818035364151
20624,0.02767428569495678
20625,0.01831778883934021
20626,0.012683472596108913
20627,0.014418799430131912
20628,0.02021598443388939
20629,0.02443494275212288
20630,0.022077258676290512
20631,0.015981614589691162
20632,0.012511203065514565
20633,0.013322483748197556
20634,0.016656827181577682
20635,0.017768608406186104
20636,0.015523910522460938
20637,0.01319436077028513
20638,0.012297703884541988
20639,0.013000638224184513
20640,0.013512732461094856
20641,0.012947236187756062
20642,0.012441339902579784
20643,0.01227764692157507
20644,0.01240844652056694
20645,0.012351980432868004
20646,0.012204885482788086
20647,0.012348810210824013
20648,0.012584724463522434
20649,0.012716074474155903
20650,0.012354545295238495
20651,0.012221278622746468
20652,0.012714373879134655
20653,0.013366992585361004
20654,0.013785884715616703
20655,0.013107821345329285
20656,0.012275992892682552
20657,0.012324177660048008
20658,0.012935398146510124
20659,0.013703643344342709
20660,0.013435428962111473
20661,0.012577910907566547
20662,0.012245578691363335
20663,0.012340924702584743
20664,0.012716556899249554
20665,0.012630868703126907
20666,0.012267038226127625
20667,0.012237442657351494
20668,0.012378452345728874
20669,0.012603097595274448
20670,0.01241319626569748
20671,0.012171231210231781
20672,0.012341327033936977
20673,0.012679113075137138
20674,0.013058537617325783
20675,0.01281716674566269
20676,0.012407706119120121
20677,0.012516003102064133
20678,0.012942207045853138
20679,0.013601664453744888
20680,0.013908188790082932
20681,0.014319208450615406
20682,0.015661220997571945
20683,0.01817915216088295
20684,0.022269710898399353
20685,0.028416208922863007
20686,0.037524089217185974
20687,0.051680997014045715
20688,0.0686953216791153
20689,0.08566096425056458
20690,0.08970853686332703
20691,0.07757505774497986
20692,0.05308656394481659
20693,0.0307106152176857
20694,0.020782863721251488
20695,0.020371556282043457
20696,0.026946796104311943
20697,0.037099938839673996
20698,0.04054686427116394
20699,0.03287725895643234
20700,0.0177503302693367
20701,0.012923121452331543
20702,0.020369645208120346
20703,0.026216382160782814
20704,0.024587292224168777
20705,0.019834890961647034
20706,0.01797628588974476
20707,0.0169685035943985
20708,0.015494806692004204
20709,0.01720556616783142
20710,0.020018815994262695
20711,0.01897142082452774
20712,0.015523923560976982
20713,0.014065070077776909
20714,0.01499921828508377
20715,0.01517614908516407
20716,0.014821793884038925
20717,0.015491249039769173
20718,0.015587431378662586
20719,0.01404301356524229
20720,0.01305078249424696
20721,0.01396862044930458
20722,0.014646616764366627
20723,0.013711193576455116
20724,0.013038520701229572
20725,0.01352149248123169
20726,0.013600815087556839
20727,0.01275735441595316
20728,0.01267804391682148
20729,0.013798955827951431
20730,0.014132237061858177
20731,0.013255423866212368
20732,0.012602957896888256
20733,0.012623254209756851
20734,0.012685399502515793
20735,0.012726080603897572
20736,0.013219578191637993
20737,0.01405380293726921
20738,0.015074197202920914
20739,0.016853265464305878
20740,0.018587123602628708
20741,0.019780244678258896
20742,0.022018272429704666
20743,0.025559013709425926
20744,0.031019490212202072
20745,0.038586996495723724
20746,0.047639429569244385
20747,0.05476519092917442
20748,0.058947887271642685
20749,0.053573571145534515
20750,0.039420437067747116
20751,0.021887782961130142
20752,0.013253782875835896
20753,0.015021863393485546
20754,0.022617924958467484
20755,0.027016889303922653
20756,0.024437518790364265
20757,0.019989993423223495
20758,0.015770001336932182
20759,0.013362514786422253
20760,0.013030659407377243
20761,0.013356266543269157
20762,0.013941076584160328
20763,0.013846518471837044
20764,0.013050786219537258
20765,0.012816300615668297
20766,0.01332888100296259
20767,0.013544716872274876
20768,0.013115902431309223
20769,0.01251219492405653
20770,0.012345273979008198
20771,0.013270121067762375
20772,0.01442681159824133
20773,0.01504902821034193
20774,0.01500668190419674
20775,0.013750921934843063
20776,0.01259391289204359
20777,0.012635396793484688
20778,0.013559285551309586
20779,0.014840934425592422
20780,0.014708951115608215
20781,0.013353436253964901
20782,0.01235095877200365
20783,0.012055991217494011
20784,0.012507733888924122
20785,0.012721201404929161
20786,0.01237531192600727
20787,0.012104617431759834
20788,0.012051792815327644
20789,0.012255742214620113
20790,0.012248175218701363
20791,0.012141287326812744
20792,0.012262311764061451
20793,0.01255300734192133
20794,0.012919371016323566
20795,0.01262597180902958
20796,0.012095778249204159
20797,0.012046785093843937
20798,0.012383484281599522
20799,0.012951627373695374
20800,0.012836682610213757
20801,0.012237096205353737
20802,0.01196212973445654
20803,0.011983389966189861
20804,0.012250438332557678
20805,0.012216943316161633
20806,0.011971287429332733
20807,0.01195545494556427
20808,0.01210240088403225
20809,0.012379826046526432
20810,0.01225859485566616
20811,0.01195619534701109
20812,0.01194731704890728
20813,0.012137849815189838
20814,0.012490959838032722
20815,0.01241024024784565
20816,0.012053782120347023
20817,0.011947841383516788
20818,0.01200814824551344
20819,0.012221875600516796
20820,0.012212931178510189
20821,0.012128333561122417
20822,0.012310776859521866
20823,0.012712185271084309
20824,0.013381479308009148
20825,0.013855577446520329
20826,0.014376482926309109
20827,0.015665769577026367
20828,0.01793675869703293
20829,0.02174530178308487
20830,0.027413759380578995
20831,0.03603227809071541
20832,0.04794204980134964
20833,0.0629185289144516
20834,0.07582758367061615
20835,0.08027279376983643
20836,0.06896618753671646
20837,0.04677199944853783
20838,0.02507033571600914
20839,0.014833899214863777
20840,0.017747066915035248
20841,0.026427356526255608
20842,0.03313402831554413
20843,0.034881897270679474
20844,0.030003074556589127
20845,0.022672146558761597
20846,0.0169534794986248
20847,0.0174250490963459
20848,0.02199283242225647
20849,0.025088313966989517
20850,0.025157395750284195
20851,0.02352822758257389
20852,0.02203388884663582
20853,0.02369578182697296
20854,0.027538590133190155
20855,0.02861306443810463
20856,0.025391392409801483
20857,0.020437341183423996
20858,0.017034443095326424
20859,0.015155917964875698
20860,0.013989203609526157
20861,0.013833679258823395
20862,0.014632964506745338
20863,0.014721488580107689
20864,0.013339989818632603
20865,0.012370338663458824
20866,0.013585868291556835
20867,0.015616153366863728
20868,0.016851937398314476
20869,0.01730325073003769
20870,0.016630878672003746
20871,0.015146931633353233
20872,0.014265518635511398
20873,0.013897061347961426
20874,0.013623449020087719
20875,0.013308541849255562
20876,0.013089591637253761
20877,0.013066979125142097
20878,0.013173870742321014
20879,0.01328135747462511
20880,0.013037975877523422
20881,0.012636698782444
20882,0.012309000827372074
20883,0.012030186131596565
20884,0.01202824991196394
20885,0.012105265632271767
20886,0.012053612619638443
20887,0.011997593566775322
20888,0.011987335048615932
20889,0.012007947079837322
20890,0.011944318190217018
20891,0.011925997212529182
20892,0.012068932875990868
20893,0.012335564009845257
20894,0.0127049395814538
20895,0.012769399210810661
20896,0.01258077286183834
20897,0.012497194111347198
20898,0.012445145286619663
20899,0.012445982545614243
20900,0.012841963209211826
20901,0.01388347614556551
20902,0.01549419667571783
20903,0.01798875443637371
20904,0.02174297533929348
20905,0.025304045528173447
20906,0.028284117579460144
20907,0.03292281925678253
20908,0.03847293555736542
20909,0.04500918835401535
20910,0.050562016665935516
20911,0.054732490330934525
20912,0.05239584296941757
20913,0.045115165412425995
20914,0.03280838578939438
20915,0.02017167955636978
20916,0.012931366451084614
20917,0.013635971583425999
20918,0.019628025591373444
20919,0.02635366842150688
20920,0.02802395448088646
20921,0.023789260536432266
20922,0.018054671585559845
20923,0.01357105653733015
20924,0.01221053209155798
20925,0.013261315412819386
20926,0.014269134029746056
20927,0.014618195593357086
20928,0.01403228472918272
20929,0.012982536107301712
20930,0.012506172992289066
20931,0.012454168871045113
20932,0.012337100692093372
20933,0.012126370333135128
20934,0.011945821344852448
20935,0.012043008580803871
20936,0.01273136306554079
20937,0.013547766022384167
20938,0.014060042798519135
20939,0.014035576023161411
20940,0.013063295744359493
20941,0.012028940953314304
20942,0.011842265725135803
20943,0.012314576655626297
20944,0.013090441934764385
20945,0.013184716925024986
20946,0.012582279741764069
20947,0.012107505463063717
20948,0.011845791712403297
20949,0.011822724714875221
20950,0.011835850775241852
20951,0.011796758510172367
20952,0.011815357953310013
20953,0.01186320185661316
20954,0.01193205825984478
20955,0.011837566271424294
20956,0.01180496159940958
20957,0.011989067308604717
20958,0.012286784127354622
20959,0.012621771544218063
20960,0.012470914982259274
20961,0.012060227803885937
20962,0.011885007843375206
20963,0.011906824074685574
20964,0.012098968029022217
20965,0.012178906239569187
20966,0.012195871211588383
20967,0.012388985604047775
20968,0.012757913209497929
20969,0.013351612724363804
20970,0.014043988659977913
20971,0.015145332552492619
20972,0.017062097787857056
20973,0.020147060975432396
20974,0.024700256064534187
20975,0.030818043276667595
20976,0.03835674375295639
20977,0.04775528982281685
20978,0.05616594851016998
20979,0.060946762561798096
20980,0.05701600760221481
20981,0.045004136860370636
20982,0.029996294528245926
20983,0.019025517627596855
20984,0.015519073233008385
20985,0.01673448272049427
20986,0.019789164885878563
20987,0.02362889051437378
20988,0.02659713476896286
20989,0.027047593146562576
20990,0.021877504885196686
20991,0.015160382725298405
20992,0.01218181662261486
20993,0.014072522521018982
20994,0.017540454864501953
20995,0.018296072259545326
20996,0.016734929755330086
20997,0.015317690558731556
20998,0.014988328330218792
20999,0.015480389818549156
21000,0.015208783559501171
21001,0.014687445014715195
21002,0.015270259231328964
21003,0.016091903671622276
21004,0.016278477385640144
21005,0.016002876684069633
21006,0.016551649197936058
21007,0.01858663186430931
21008,0.021988384425640106
21009,0.02596932090818882
21010,0.02784997597336769
21011,0.027400609105825424
21012,0.027579084038734436
21013,0.02667202427983284
21014,0.024830128997564316
21015,0.023272112011909485
21016,0.0228396225720644
21017,0.022038284689188004
21018,0.020148105919361115
21019,0.017177386209368706
21020,0.013767004944384098
21021,0.012221039272844791
21022,0.013069065287709236
21023,0.014934295788407326
21024,0.01689932681620121
21025,0.017295420169830322
21026,0.016257602721452713
21027,0.015173906460404396
21028,0.013738293200731277
21029,0.012440209276974201
21030,0.011917419731616974
21031,0.012060903944075108
21032,0.012291092425584793
21033,0.012188308872282505
21034,0.011918941512703896
21035,0.011856768280267715
21036,0.012470094487071037
21037,0.01331431046128273
21038,0.013882460072636604
21039,0.014169903472065926
21040,0.013634992763400078
21041,0.01285947859287262
21042,0.012471314519643784
21043,0.01212561596184969
21044,0.011853269301354885
21045,0.011701972223818302
21046,0.011812986806035042
21047,0.012061985209584236
21048,0.012151340954005718
21049,0.012072093784809113
21050,0.01178568135946989
21051,0.011730052530765533
21052,0.01198950782418251
21053,0.012267081998288631
21054,0.012474510818719864
21055,0.01226003747433424
21056,0.011963432654738426
21057,0.01194421574473381
21058,0.011958605609834194
21059,0.011880059726536274
21060,0.011750240810215473
21061,0.011908994056284428
21062,0.012388805858790874
21063,0.013083329424262047
21064,0.013932619243860245
21065,0.014146474190056324
21066,0.013930032029747963
21067,0.014122199267148972
21068,0.014636365696787834
21069,0.015447152778506279
21070,0.017217110842466354
21071,0.020635755732655525
21072,0.02559066005051136
21073,0.03262826055288315
21074,0.041466325521469116
21075,0.04776788875460625
21076,0.0488286092877388
21077,0.04834534227848053
21078,0.043361030519008636
21079,0.03558129072189331
21080,0.02707839384675026
21081,0.01995769329369068
21082,0.014513904228806496
21083,0.012118786573410034
21084,0.012696217745542526
21085,0.01556080300360918
21086,0.01968066208064556
21087,0.022803153842687607
21088,0.023651154711842537
21089,0.02175731584429741
21090,0.017276952043175697
21091,0.013133235275745392
21092,0.011931618675589561
21093,0.013472766615450382
21094,0.016314277425408363
21095,0.017528045922517776
21096,0.016422906890511513
21097,0.014849763363599777
21098,0.013685936108231544
21099,0.013501731678843498
21100,0.01414205227047205
21101,0.014863267540931702
21102,0.015801947563886642
21103,0.0170058012008667
21104,0.018642786890268326
21105,0.02073908969759941
21106,0.02334192954003811
21107,0.026012932881712914
21108,0.028591010719537735
21109,0.030276570469141006
21110,0.030213812366127968
21111,0.028175853192806244
21112,0.025240406394004822
21113,0.0216530729085207
21114,0.018000299111008644
21115,0.014923565089702606
21116,0.012893005274236202
21117,0.01223540585488081
21118,0.012584291398525238
21119,0.01349912490695715
21120,0.014805864542722702
21121,0.016337329521775246
21122,0.017456309869885445
21123,0.017718996852636337
21124,0.01716628298163414
21125,0.01556026004254818
21126,0.013872267678380013
21127,0.01295845303684473
21128,0.012544515542685986
21129,0.012432301416993141
21130,0.01266500260680914
21131,0.01336006447672844
21132,0.014231669716536999
21133,0.014945647679269314
21134,0.015313932672142982
21135,0.014883259311318398
21136,0.014175593852996826
21137,0.013665514998137951
21138,0.013232730329036713
21139,0.01275481004267931
21140,0.01229473203420639
21141,0.0121790561825037
21142,0.01242117304354906
21143,0.012903842143714428
21144,0.013462207280099392
21145,0.013382423669099808
21146,0.012930352240800858
21147,0.01273726299405098
21148,0.012702620588243008
21149,0.012689975090324879
21150,0.012800266034901142
21151,0.01320998091250658
21152,0.013826888054609299
21153,0.014710872434079647
21154,0.0157938189804554
21155,0.01606222242116928
21156,0.01565089263021946
21157,0.015566582791507244
21158,0.0157250314950943
21159,0.016102775931358337
21160,0.017077121883630753
21161,0.018918998539447784
21162,0.02096620947122574
21163,0.02344593033194542
21164,0.02579275146126747
21165,0.026009652763605118
21166,0.02387714385986328
21167,0.0216804388910532
21168,0.019220080226659775
21169,0.016910966485738754
21170,0.015502966940402985
21171,0.014865784905850887
21172,0.014437885954976082
21173,0.01442145835608244
21174,0.014990730211138725
21175,0.01623763144016266
21176,0.01902186870574951
21177,0.023880500346422195
21178,0.03152201324701309
21179,0.04155616834759712
21180,0.053535982966423035
21181,0.06298927962779999
21182,0.06986477226018906
21183,0.0664336085319519
21184,0.054608069360256195
21185,0.03992580622434616
21186,0.026831891387701035
21187,0.01963549666106701
21188,0.01685529202222824
21189,0.01916002854704857
21190,0.025630753487348557
21191,0.0315314456820488
21192,0.03299938887357712
21193,0.02927246317267418
21194,0.025385869666934013
21195,0.02246929332613945
21196,0.020221274346113205
21197,0.020223842933773994
21198,0.02132885530591011
21199,0.021656107157468796
21200,0.0195015762001276
21201,0.01590670458972454
21202,0.014796470291912556
21203,0.0154073191806674
21204,0.014719914644956589
21205,0.01307081338018179
21206,0.013409988954663277
21207,0.015122545883059502
21208,0.015344683080911636
21209,0.014146866276860237
21210,0.013315140269696712
21211,0.013199873268604279
21212,0.01307913288474083
21213,0.013050197623670101
21214,0.013174316845834255
21215,0.012813888490200043
21216,0.01232304610311985
21217,0.012574695982038975
21218,0.013288221322000027
21219,0.013350622728466988
21220,0.01245211809873581
21221,0.012002001516520977
21222,0.012394021265208721
21223,0.01265661884099245
21224,0.012510418891906738
21225,0.012184570543467999
21226,0.012103063054382801
21227,0.012370903044939041
21228,0.012941279448568821
21229,0.01369148027151823
21230,0.013772821985185146
21231,0.013463865965604782
21232,0.013748995959758759
21233,0.014403469860553741
21234,0.01517630834132433
21235,0.016495782881975174
21236,0.019291406497359276
21237,0.023255258798599243
21238,0.028809666633605957
21239,0.03512607887387276
21240,0.039004191756248474
21241,0.03859224170446396
21242,0.03660768270492554
21243,0.031554214656353
21244,0.025176238268613815
21245,0.019324807450175285
21246,0.015355992130935192
21247,0.013043444603681564
21248,0.012450668029487133
21249,0.012913272716104984
21250,0.014120357111096382
21251,0.01621866039931774
21252,0.01836327463388443
21253,0.019820060580968857
21254,0.019989602267742157
21255,0.01765148527920246
21256,0.014285668730735779
21257,0.012126870453357697
21258,0.0118515370413661
21259,0.013115126639604568
21260,0.014090348035097122
21261,0.013796686194837093
21262,0.013034164905548096
21263,0.012327645905315876
21264,0.011977885849773884
21265,0.012018932960927486
21266,0.01208688784390688
21267,0.011986494064331055
21268,0.011842158623039722
21269,0.011753023602068424
21270,0.011590336449444294
21271,0.011571425013244152
21272,0.011809815652668476
21273,0.012201511301100254
21274,0.012662893161177635
21275,0.01266318466514349
21276,0.01226076576858759
21277,0.011959235183894634
21278,0.01174935232847929
21279,0.0116397924721241
21280,0.01165270060300827
21281,0.011789616197347641
21282,0.011964143253862858
21283,0.012157818302512169
21284,0.012367835268378258
21285,0.012345492839813232
21286,0.012333951890468597
21287,0.012631340883672237
21288,0.013253726065158844
21289,0.014303910546004772
21290,0.015674658119678497
21291,0.01766045019030571
21292,0.020815815776586533
21293,0.025508418679237366
21294,0.03168720752000809
21295,0.03963341936469078
21296,0.04771058261394501
21297,0.05508178472518921
21298,0.05697999149560928
21299,0.05230636149644852
21300,0.040097177028656006
21301,0.026963740587234497
21302,0.020290277898311615
21303,0.02063675783574581
21304,0.02501624822616577
21305,0.02960534766316414
21306,0.03489743545651436
21307,0.04051455110311508
21308,0.04499495029449463
21309,0.04541969299316406
21310,0.03766368702054024
21311,0.02771051973104477
21312,0.02308787778019905
21313,0.021085094660520554
21314,0.019253939390182495
21315,0.016198446974158287
21316,0.014689946547150612
21317,0.016409246250987053
21318,0.018405171111226082
21319,0.018092455342411995
21320,0.016152814030647278
21321,0.015547501854598522
21322,0.016507191583514214
21323,0.01714177615940571
21324,0.01579967327415943
21325,0.012996152974665165
21326,0.012005044147372246
21327,0.013740436173975468
21328,0.016001472249627113
21329,0.016766130924224854
21330,0.015174522064626217
21331,0.01352860126644373
21332,0.013437885791063309
21333,0.013408619910478592
21334,0.012683244422078133
21335,0.011764546856284142
21336,0.011878837831318378
21337,0.012732899747788906
21338,0.012871994636952877
21339,0.012176566757261753
21340,0.011642463505268097
21341,0.012272173538804054
21342,0.013190963305532932
21343,0.013354578986763954
21344,0.012958994135260582
21345,0.012297539040446281
21346,0.012255137786269188
21347,0.012553634122014046
21348,0.012383446097373962
21349,0.011955738998949528
21350,0.011666219681501389
21351,0.011998345144093037
21352,0.012446249835193157
21353,0.012314219027757645
21354,0.011816169135272503
21355,0.011443089693784714
21356,0.011818617582321167
21357,0.012419955804944038
21358,0.012538131326436996
21359,0.012304933741688728
21360,0.011927398853003979
21361,0.012032820843160152
21362,0.012387833558022976
21363,0.012276198714971542
21364,0.01174879353493452
21365,0.0113935312256217
21366,0.011853674426674843
21367,0.012665046378970146
21368,0.013193038292229176
21369,0.01345839537680149
21370,0.013263960368931293
21371,0.013251313008368015
21372,0.013743133284151554
21373,0.014043895527720451
21374,0.014091450721025467
21375,0.014778779819607735
21376,0.01710866391658783
21377,0.020674437284469604
21378,0.0252214465290308
21379,0.03045009821653366
21380,0.033662330359220505
21381,0.03404134139418602
21382,0.0345325693488121
21383,0.03231348097324371
21384,0.02842767909169197
21385,0.023769622668623924
21386,0.020152941346168518
21387,0.016926757991313934
21388,0.014437246136367321
21389,0.012711148709058762
21390,0.01205376535654068
21391,0.01345731783658266
21392,0.01632389798760414
21393,0.019266217947006226
21394,0.020968828350305557
21395,0.019563671201467514
21396,0.01627572625875473
21397,0.013839323073625565
21398,0.012971367686986923
21399,0.013693580403923988
21400,0.014936691150069237
21401,0.015771789476275444
21402,0.016818659380078316
21403,0.018208321183919907
21404,0.020082412287592888
21405,0.02243097871541977
21406,0.024948831647634506
21407,0.027134180068969727
21408,0.028697242960333824
21409,0.02883942425251007
21410,0.027033299207687378
21411,0.02358105219900608
21412,0.020043956115841866
21413,0.017070628702640533
21414,0.015201662667095661
21415,0.01403622142970562
21416,0.013430832885205746
21417,0.013850029557943344
21418,0.014748922549188137
21419,0.015597378835082054
21420,0.01658637821674347
21421,0.017643200233578682
21422,0.018214931711554527
21423,0.01808735355734825
21424,0.01735081523656845
21425,0.015575836412608624
21426,0.013719364069402218
21427,0.012799717485904694
21428,0.012431592680513859
21429,0.012426850385963917
21430,0.01273086667060852
21431,0.013290793634951115
21432,0.013856210745871067
21433,0.014138930477201939
21434,0.014040760695934296
21435,0.013528753072023392
21436,0.013079713098704815
21437,0.01286922488361597
21438,0.012671316042542458
21439,0.012355964630842209
21440,0.011793963611125946
21441,0.011415411718189716
21442,0.011457182466983795
21443,0.011694056913256645
21444,0.01191889401525259
21445,0.01178508810698986
21446,0.011584995314478874
21447,0.01165864709764719
21448,0.011842560954391956
21449,0.011957675218582153
21450,0.011850865557789803
21451,0.011780748143792152
21452,0.011941356584429741
21453,0.012229283340275288
21454,0.012490438297390938
21455,0.012356435880064964
21456,0.01209175493568182
21457,0.012071985751390457
21458,0.012241973541676998
21459,0.012491515837609768
21460,0.01258584763854742
21461,0.012664150446653366
21462,0.012965499423444271
21463,0.013483922928571701
21464,0.014164055697619915
21465,0.0148704182356596
21466,0.015933508053421974
21467,0.017696505412459373
21468,0.02043621614575386
21469,0.02450629696249962
21470,0.029303696006536484
21471,0.03485855460166931
21472,0.042377129197120667
21473,0.05119352787733078
21474,0.06073153764009476
21475,0.06800524890422821
21476,0.0718776285648346
21477,0.06736055016517639
21478,0.056671928614377975
21479,0.04256989061832428
21480,0.03131924942135811
21481,0.02846330590546131
21482,0.034929774701595306
21483,0.04292736202478409
21484,0.04963526129722595
21485,0.048309072852134705
21486,0.038761720061302185
21487,0.025517400354146957
21488,0.01500270888209343
21489,0.016160670667886734
21490,0.024053601548075676
21491,0.02612324431538582
21492,0.020705334842205048
21493,0.014988998882472515
21494,0.016053754836320877
21495,0.01820751279592514
21496,0.015346556901931763
21497,0.011893252842128277
21498,0.012811392545700073
21499,0.015639858320355415
21500,0.015117345377802849
21501,0.013262301683425903
21502,0.013674382120370865
21503,0.014700451865792274
21504,0.014160423539578915
21505,0.01259806752204895
21506,0.01225409097969532
21507,0.0127883180975914
21508,0.01287758070975542
21509,0.012719962745904922
21510,0.012438426725566387
21511,0.012831775471568108
21512,0.013425753451883793
21513,0.013260973617434502
21514,0.012562867254018784
21515,0.012100488878786564
21516,0.012763135135173798
21517,0.013140739873051643
21518,0.01223730854690075
21519,0.011394418776035309
21520,0.01186902541667223
21521,0.013221459463238716
21522,0.013636849820613861
21523,0.01345321536064148
21524,0.0146421417593956
21525,0.016941381618380547
21526,0.019242634996771812
21527,0.02229011058807373
21528,0.026953302323818207
21529,0.03593716770410538
21530,0.04903366044163704
21531,0.06364230066537857
21532,0.07118265330791473
21533,0.06723084300756454
21534,0.048804983496665955
21535,0.028079131618142128
21536,0.016859449446201324
21537,0.020657125860452652
21538,0.03131736069917679
21539,0.03788243234157562
21540,0.03306811302900314
21541,0.022513192147016525
21542,0.019579671323299408
21543,0.023808252066373825
21544,0.028428468853235245
21545,0.02556552365422249
21546,0.01728462427854538
21547,0.012985414825379848
21548,0.013954805210232735
21549,0.017266450449824333
21550,0.0175285916775465
21551,0.015812896192073822
21552,0.015362224541604519
21553,0.015975335612893105
21554,0.016615763306617737
21555,0.015005158260464668
21556,0.012816390953958035
21557,0.012317842803895473
21558,0.013006203807890415
21559,0.01419096440076828
21560,0.013884276151657104
21561,0.012915950268507004
21562,0.012753882445394993
21563,0.013016733340919018
21564,0.013371530920267105
21565,0.012536464259028435
21566,0.011743788607418537
21567,0.012227330356836319
21568,0.013296360149979591
21569,0.014167187735438347
21570,0.012985264882445335
21571,0.011756264604628086
21572,0.01236108411103487
21573,0.013961026445031166
21574,0.015293966978788376
21575,0.01369060855358839
21576,0.01158742606639862
21577,0.011745932511985302
21578,0.013389134779572487
21579,0.01504817046225071
21580,0.013705532997846603
21581,0.011587068438529968
21582,0.011667033657431602
21583,0.013230647891759872
21584,0.014814861118793488
21585,0.013478191569447517
21586,0.011475535109639168
21587,0.011669970117509365
21588,0.013345252722501755
21589,0.015051948837935925
21590,0.013689590618014336
21591,0.011494781821966171
21592,0.011536006815731525
21593,0.013121645897626877
21594,0.01485579926520586
21595,0.013585910201072693
21596,0.01145171094685793
21597,0.011496550403535366
21598,0.013081636279821396
21599,0.014849036000669003
21600,0.013596178032457829
21601,0.01145382970571518
21602,0.011477135121822357
21603,0.01305481605231762
21604,0.014869008213281631
21605,0.0136585533618927
21606,0.011496393010020256
21607,0.011450190097093582
21608,0.012923158705234528
21609,0.01466682180762291
21610,0.013514077290892601
21611,0.011490115895867348
21612,0.011516856029629707
21613,0.01303299330174923
21614,0.01489155925810337
21615,0.013851840980350971
21616,0.011816573329269886
21617,0.011777018196880817
21618,0.013179236091673374
21619,0.014958618208765984
21620,0.014272725209593773
21621,0.013121835887432098
21622,0.014207662083208561
21623,0.017252083867788315
21624,0.02143699675798416
21625,0.023414436727762222
21626,0.024819396436214447
21627,0.029605982825160027
21628,0.036592595279216766
21629,0.04425802826881409
21630,0.04859670251607895
21631,0.050677455961704254
21632,0.050660811364650726
21633,0.04742753505706787
21634,0.040623798966407776
21635,0.026264159008860588
21636,0.01396530494093895
21637,0.01288098469376564
21638,0.02002701163291931
21639,0.02813464216887951
21640,0.02848568558692932
21641,0.02396262064576149
21642,0.020840628072619438
21643,0.0176843348890543
21644,0.014713104814291
21645,0.012390552088618279
21646,0.014435996301472187
21647,0.01909923367202282
21648,0.02052983269095421
21649,0.018256735056638718
21650,0.014173434115946293
21651,0.014184525236487389
21652,0.017062246799468994
21653,0.017942940816283226
21654,0.017716217786073685
21655,0.0168206375092268
21656,0.017661331221461296
21657,0.018035680055618286
21658,0.015222655609250069
21659,0.013703880831599236
21660,0.014835578389465809
21661,0.0170682892203331
21662,0.016070706769824028
21663,0.012685229070484638
21664,0.012189610861241817
21665,0.014671175740659237
21666,0.01674801856279373
21667,0.015164668671786785
21668,0.013203405775129795
21669,0.014760620892047882
21670,0.01681392639875412
21671,0.015960417687892914
21672,0.01284887082874775
21673,0.011552823707461357
21674,0.013752440921962261
21675,0.01534799300134182
21676,0.01397001463919878
21677,0.011708111502230167
21678,0.011769811622798443
21679,0.0138087784871459
21680,0.014229376800358295
21681,0.012597811408340931
21682,0.011391449719667435
21683,0.012276793830096722
21684,0.014028560370206833
21685,0.013806485570967197
21686,0.012036995962262154
21687,0.01114556472748518
21688,0.011673713102936745
21689,0.012516782619059086
21690,0.012211182154715061
21691,0.011357774026691914
21692,0.011272156611084938
21693,0.012045850045979023
21694,0.0129768131300807
21695,0.012645017355680466
21696,0.011586608365178108
21697,0.011137613095343113
21698,0.011286751367151737
21699,0.011632892303168774
21700,0.011488215066492558
21701,0.011183513328433037
21702,0.01131979189813137
21703,0.011963915079832077
21704,0.01296522468328476
21705,0.01296454481780529
21706,0.012093578465282917
21707,0.011521464213728905
21708,0.011267667636275291
21709,0.0112207205966115
21710,0.011535135097801685
21711,0.012614859268069267
21712,0.014369305223226547
21713,0.017218464985489845
21714,0.021420616656541824
21715,0.024074245244264603
21716,0.024321263656020164
21717,0.0254274383187294
21718,0.026569589972496033
21719,0.028112366795539856
21720,0.031166836619377136
21721,0.03578557074069977
21722,0.036990683525800705
21723,0.035404056310653687
21724,0.029928887262940407
21725,0.021047187969088554
21726,0.014228672720491886
21727,0.014117595739662647
21728,0.019128642976284027
21729,0.02561580017209053
21730,0.02704061008989811
21731,0.02265765890479088
21732,0.018371956422924995
21733,0.016430648043751717
21734,0.01752009242773056
21735,0.01899665966629982
21736,0.01858515851199627
21737,0.017878666520118713
21738,0.017134714871644974
21739,0.016567779704928398
21740,0.016398077830672264
21741,0.01655745320022106
21742,0.01643483340740204
21743,0.016016757115721703
21744,0.01521927211433649
21745,0.013549838215112686
21746,0.01264269184321165
21747,0.013198619708418846
21748,0.014575807377696037
21749,0.016172993928194046
21750,0.015482593327760696
21751,0.013337986543774605
21752,0.011807684786617756
21753,0.011114605702459812
21754,0.01139959879219532
21755,0.011699548922479153
21756,0.01161175686866045
21757,0.011487927287817001
21758,0.011447539553046227
21759,0.0117266196757555
21760,0.01175666507333517
21761,0.011878053657710552
21762,0.012337366119027138
21763,0.013046953827142715
21764,0.0139644555747509
21765,0.013729584403336048
21766,0.013064517639577389
21767,0.01318332552909851
21768,0.01421279925853014
21769,0.01615864783525467
21770,0.01759992726147175
21771,0.0187053382396698
21772,0.0207630917429924
21773,0.02399182692170143
21774,0.028474394232034683
21775,0.03346670791506767
21776,0.039176955819129944
21777,0.04425514489412308
21778,0.04742904007434845
21779,0.04668894782662392
21780,0.039459653198719025
21781,0.028808530420064926
21782,0.018920060247182846
21783,0.013421941548585892
21784,0.013569490984082222
21785,0.01637781411409378
21786,0.019343048334121704
21787,0.02149142324924469
21788,0.021497566252946854
21789,0.0194877739995718
21790,0.015818649902939796
21791,0.012551936320960522
21792,0.011357804760336876
21793,0.012257883325219154
21794,0.014245005324482918
21795,0.015460947528481483
21796,0.0158635675907135
21797,0.015640627592802048
21798,0.014644283801317215
21799,0.013460252434015274
21800,0.011950802989304066
21801,0.01147809810936451
21802,0.012449013069272041
21803,0.013669763691723347
21804,0.014462985098361969
21805,0.013886627741158009
21806,0.012979483231902122
21807,0.012572851963341236
21808,0.012252251617610455
21809,0.012108530849218369
21810,0.011707024648785591
21811,0.011689073406159878
21812,0.012234991416335106
21813,0.012480568140745163
21814,0.012322784401476383
21815,0.011765158735215664
21816,0.011703260242938995
21817,0.012179856188595295
21818,0.012389575131237507
21819,0.0122229540720582
21820,0.011468774639070034
21821,0.01121511124074459
21822,0.011767007410526276
21823,0.01223687268793583
21824,0.012294845655560493
21825,0.011670578271150589
21826,0.011408185586333275
21827,0.011909248307347298
21828,0.012455676682293415
21829,0.012730304151773453
21830,0.012159997597336769
21831,0.011625150218605995
21832,0.011853224597871304
21833,0.012131854891777039
21834,0.01202206127345562
21835,0.011883316561579704
21836,0.01314227283000946
21837,0.016144247725605965
21838,0.02118796668946743
21839,0.028741903603076935
21840,0.03578776493668556
21841,0.040993764996528625
21842,0.05006759613752365
21843,0.05705449357628822
21844,0.06240374594926834
21845,0.06124617159366608
21846,0.05588196590542793
21847,0.042867280542850494
21848,0.027522601187229156
21849,0.016582967713475227
21850,0.014267276972532272
21851,0.02098037861287594
21852,0.02970249019563198
21853,0.03539813309907913
21854,0.03654077649116516
21855,0.031087033450603485
21856,0.02064853347837925
21857,0.013280532322824001
21858,0.01446700468659401
21859,0.022219553589820862
21860,0.02487420290708542
21861,0.01836012676358223
21862,0.013638950884342194
21863,0.01390055101364851
21864,0.014180001802742481
21865,0.012575628235936165
21866,0.012519746087491512
21867,0.013943780213594437
21868,0.01282291579991579
21869,0.011045674793422222
21870,0.012020403519272804
21871,0.013398596085608006
21872,0.012405703775584698
21873,0.011925730854272842
21874,0.012995869852602482
21875,0.012513699010014534
21876,0.011367471888661385
21877,0.012049195356667042
21878,0.01355353556573391
21879,0.013941990211606026
21880,0.013064595870673656
21881,0.012499114498496056
21882,0.012627813965082169
21883,0.013216985389590263
21884,0.01507474109530449
21885,0.016688762232661247
21886,0.01794290356338024
21887,0.020822511985898018
21888,0.02613377943634987
21889,0.03317529335618019
21890,0.042296119034290314
21891,0.05179613456130028
21892,0.059526003897190094
21893,0.06023481860756874
21894,0.052463874220848083
21895,0.03794481232762337
21896,0.024914776906371117
21897,0.018403813242912292
21898,0.017296332865953445
21899,0.019398972392082214
21900,0.022670339792966843
21901,0.026889797300100327
21902,0.028850078582763672
21903,0.02371826395392418
21904,0.01618376560509205
21905,0.012173864990472794
21906,0.014748383313417435
21907,0.018896056339144707
21908,0.018616879358887672
21909,0.015984974801540375
21910,0.015016550198197365
21911,0.016467802226543427
21912,0.016298426315188408
21913,0.013257910497486591
21914,0.01126630138605833
21915,0.012734420597553253
21916,0.015326126478612423
21917,0.015216423198580742
21918,0.013205382972955704
21919,0.012544416822493076
21920,0.013304663822054863
21921,0.013466323725879192
21922,0.012331719510257244
21923,0.011756215244531631
21924,0.013001949526369572
21925,0.014082806184887886
21926,0.013261175714433193
21927,0.01171169150620699
21928,0.011193983256816864
21929,0.011911548674106598
21930,0.012238695286214352
21931,0.011580915190279484
21932,0.011049951426684856
21933,0.011379938572645187
21934,0.011984155513346195
21935,0.01185797993093729
21936,0.011260490864515305
21937,0.011053341440856457
21938,0.011406433768570423
21939,0.011778224259614944
21940,0.01153236161917448
21941,0.011030249297618866
21942,0.010937771759927273
21943,0.011153412982821465
21944,0.011294367723166943
21945,0.011135566979646683
21946,0.01095108687877655
21947,0.011024335399270058
21948,0.01124479342252016
21949,0.011431610211730003
21950,0.011290243826806545
21951,0.010999983176589012
21952,0.01089596189558506
21953,0.01088348962366581
21954,0.010858852416276932
21955,0.010818797163665295
21956,0.010908222757279873
21957,0.011168901808559895
21958,0.011592233553528786
21959,0.012173757888376713
21960,0.012385849840939045
21961,0.012222793884575367
21962,0.012249007821083069
21963,0.012449435889720917
21964,0.012851770035922527
21965,0.014018858782947063
21966,0.016387948766350746
21967,0.01965903304517269
21968,0.02431112341582775
21969,0.030005767941474915
21970,0.0340290293097496
21971,0.03442609682679176
21972,0.03376479819417
21973,0.03050505369901657
21974,0.025837795808911324
21975,0.021190550178289413
21976,0.01749369502067566
21977,0.014421599917113781
21978,0.01300778891891241
21979,0.013314386829733849
21980,0.015044908970594406
21981,0.01755167916417122
21982,0.01932290941476822
21983,0.019447490572929382
21984,0.017826056107878685
21985,0.014572709798812866
21986,0.011824086308479309
21987,0.011194000020623207
21988,0.012350579723715782
21989,0.01422656886279583
21990,0.01479210052639246
21991,0.013693779706954956
21992,0.012363379821181297
21993,0.011280725710093975
21994,0.010800025425851345
21995,0.010822836309671402
21996,0.010860995389521122
21997,0.010880867019295692
21998,0.01088233944028616
21999,0.010874537751078606
22000,0.010962734930217266
22001,0.01120992936193943
22002,0.01144450157880783
22003,0.011587468907237053
22004,0.011600945144891739
22005,0.01124150026589632
22006,0.010928982868790627
22007,0.011041682213544846
22008,0.011508090421557426
22009,0.012233270332217216
22010,0.012695899233222008
22011,0.013024863786995411
22012,0.013952108100056648
22013,0.015786711126565933
22014,0.019086826592683792
22015,0.024595322087407112
22016,0.033566512167453766
22017,0.046279482543468475
22018,0.06324794888496399
22019,0.07939010858535767
22020,0.0889192670583725
22021,0.08194061368703842
22022,0.05997586250305176
22023,0.03404753655195236
22024,0.01794515550136566
22025,0.017596589401364326
22026,0.025834914296865463
22027,0.034426890313625336
22028,0.038139332085847855
22029,0.032988712191581726
22030,0.02276785299181938
22031,0.014182194136083126
22032,0.013885965570807457
22033,0.020368311554193497
22034,0.024704255163669586
22035,0.02218548208475113
22036,0.01586751639842987
22037,0.012468640692532063
22038,0.013731340877711773
22039,0.0159147996455431
22040,0.016208026558160782
22041,0.015619480982422829
22042,0.01532831322401762
22043,0.014286622405052185
22044,0.012232476845383644
22045,0.01139185018837452
22046,0.013082594610750675
22047,0.014802956022322178
22048,0.014047742821276188
22049,0.012081182561814785
22050,0.011221660301089287
22051,0.011851618997752666
22052,0.012499764561653137
22053,0.01238286029547453
22054,0.012099131941795349
22055,0.011972515843808651
22056,0.01182488538324833
22057,0.011437229812145233
22058,0.011063378304243088
22059,0.011187456548213959
22060,0.011649370193481445
22061,0.01185483206063509
22062,0.011541021056473255
22063,0.011280588805675507
22064,0.011594905517995358
22065,0.012016301974654198
22066,0.012093685567378998
22067,0.012130964547395706
22068,0.012488309293985367
22069,0.013281255029141903
22070,0.014717360958456993
22071,0.017279068008065224
22072,0.021067962050437927
22073,0.02685493975877762
22074,0.03423938900232315
22075,0.04017903655767441
22076,0.04176244139671326
22077,0.041122786700725555
22078,0.03541811928153038
22079,0.02732853591442108
22080,0.019207671284675598
22081,0.01377352699637413
22082,0.011517541483044624
22083,0.012305132113397121
22084,0.014782760292291641
22085,0.017522374168038368
22086,0.01930781453847885
22087,0.019048510119318962
22088,0.01690697856247425
22089,0.014024664647877216
22090,0.011827179230749607
22091,0.01153668574988842
22092,0.01289588212966919
22093,0.01452744659036398
22094,0.015262951143085957
22095,0.014328389428555965
22096,0.01252750214189291
22097,0.011274046264588833
22098,0.010930082760751247
22099,0.01139382366091013
22100,0.011955522000789642
22101,0.012072640471160412
22102,0.01188698597252369
22103,0.011467080563306808
22104,0.011026265099644661
22105,0.010798640549182892
22106,0.010739734396338463
22107,0.010746758431196213
22108,0.010773017071187496
22109,0.010810334235429764
22110,0.010892353951931
22111,0.011073960922658443
22112,0.011248432099819183
22113,0.011328816413879395
22114,0.011303005740046501
22115,0.011054527945816517
22116,0.010788612067699432
22117,0.010698521509766579
22118,0.010742289945483208
22119,0.010876732878386974
22120,0.01090644858777523
22121,0.010823103599250317
22122,0.01076398603618145
22123,0.010713047347962856
22124,0.01067711878567934
22125,0.010670091025531292
22126,0.010706393979489803
22127,0.010763286612927914
22128,0.010811226442456245
22129,0.010842421092092991
22130,0.010764339938759804
22131,0.010667290538549423
22132,0.010650360956788063
22133,0.010682785883545876
22134,0.010747507214546204
22135,0.010741032660007477
22136,0.010684877634048462
22137,0.010669051669538021
22138,0.010672449134290218
22139,0.010681583546102047
22140,0.01070346124470234
22141,0.010800410993397236
22142,0.010990210808813572
22143,0.011288975365459919
22144,0.011726684868335724
22145,0.012111893855035305
22146,0.012492623180150986
22147,0.013236640021204948
22148,0.014436540193855762
22149,0.01637321524322033
22150,0.019417230039834976
22151,0.02425387129187584
22152,0.030610525980591774
22153,0.03910420089960098
22154,0.047479938715696335
22155,0.05365779250860214
22156,0.052972860634326935
22157,0.047218646854162216
22158,0.03601352870464325
22159,0.02392907813191414
22160,0.016144005581736565
22161,0.01474258117377758
22162,0.01836218684911728
22163,0.023485105484724045
22164,0.026647768914699554
22165,0.026241349056363106
22166,0.022357206791639328
22167,0.017679518088698387
22168,0.01385103352367878
22169,0.012517368420958519
22170,0.013837616890668869
22171,0.016485370695590973
22172,0.01820313185453415
22173,0.017625031992793083
22174,0.01519560907036066
22175,0.012422899715602398
22176,0.011124059557914734
22177,0.011633365415036678
22178,0.012783179059624672
22179,0.013524558395147324
22180,0.013426318764686584
22181,0.0127715440467
22182,0.011987353675067425
22183,0.011308260262012482
22184,0.010989134199917316
22185,0.011062723584473133
22186,0.011383992619812489
22187,0.011709216050803661
22188,0.011742528527975082
22189,0.011454856023192406
22190,0.011052132584154606
22191,0.010769485495984554
22192,0.010704075917601585
22193,0.010784583166241646
22194,0.010873625054955482
22195,0.010907351970672607
22196,0.010969322174787521
22197,0.011066390201449394
22198,0.011141014285385609
22199,0.011142483912408352
22200,0.0109600480645895
22201,0.0107710100710392
22202,0.010783114470541477
22203,0.010954788886010647
22204,0.011189963668584824
22205,0.011539174243807793
22206,0.01223730854690075
22207,0.013513527810573578
22208,0.01580321416258812
22209,0.019873861223459244
22210,0.025196271017193794
22211,0.03255276381969452
22212,0.04382765293121338
22213,0.05836046487092972
22214,0.07551576942205429
22215,0.08338439464569092
22216,0.08050315827131271
22217,0.0596480555832386
22218,0.03494222089648247
22219,0.017776576802134514
22220,0.015144849196076393
22221,0.021043334156274796
22222,0.02743525803089142
22223,0.03173626959323883
22224,0.03041992336511612
22225,0.02484404295682907
22226,0.0171970222145319
22227,0.012534577399492264
22228,0.01392869558185339
22229,0.018753403797745705
22230,0.021008577197790146
22231,0.017629673704504967
22232,0.012769320979714394
22233,0.010954296216368675
22234,0.01316525787115097
22235,0.015128294005990028
22236,0.01400303840637207
22237,0.012018322944641113
22238,0.01128491759300232
22239,0.011898157186806202
22240,0.011932382360100746
22241,0.011211782693862915
22242,0.010952536948025227
22243,0.011382472701370716
22244,0.011584707535803318
22245,0.011170187965035439
22246,0.010885641910135746
22247,0.011036456562578678
22248,0.01125284843146801
22249,0.011102527379989624
22250,0.010790353640913963
22251,0.010883601382374763
22252,0.011272193863987923
22253,0.011511008255183697
22254,0.011463922448456287
22255,0.011104835197329521
22256,0.01085685659199953
22257,0.010873571038246155
22258,0.01096966490149498
22259,0.01109264511615038
22260,0.011009805835783482
22261,0.01089901477098465
22262,0.010893967002630234
22263,0.010889995843172073
22264,0.010825138539075851
22265,0.010672897100448608
22266,0.010669995099306107
22267,0.01082516647875309
22268,0.010961470194160938
22269,0.01092203613370657
22270,0.010674882680177689
22271,0.010606275871396065
22272,0.010810856707394123
22273,0.011037488467991352
22274,0.011084958910942078
22275,0.010854065418243408
22276,0.010729149915277958
22277,0.010902006179094315
22278,0.011128454469144344
22279,0.01123131439089775
22280,0.011229339987039566
22281,0.011548482812941074
22282,0.012413807213306427
22283,0.013776740990579128
22284,0.015767300501465797
22285,0.0185535978525877
22286,0.023279746994376183
22287,0.030949445441365242
22288,0.042269736528396606
22289,0.05622179061174393
22290,0.0699242651462555
22291,0.07614587247371674
22292,0.06996314227581024
22293,0.04812844097614288
22294,0.02371859736740589
22295,0.012348472140729427
22296,0.017438726499676704
22297,0.027252767235040665
22298,0.030494824051856995
22299,0.029859725385904312
22300,0.03182012587785721
22301,0.030341297388076782
22302,0.022175952792167664
22303,0.012329312972724438
22304,0.01239604689180851
22305,0.018982045352458954
22306,0.020295659080147743
22307,0.016309142112731934
22308,0.014810468070209026
22309,0.01704760082066059
22310,0.016734888777136803
22311,0.013073618523776531
22312,0.011752109043300152
22313,0.013274241238832474
22314,0.01373938750475645
22315,0.012857316993176937
22316,0.013225180096924305
22317,0.01415738184005022
22318,0.013691500760614872
22319,0.012659616768360138
22320,0.012618971057236195
22321,0.012832935899496078
22322,0.012188476510345936
22323,0.011911503970623016
22324,0.012578047811985016
22325,0.012958237901329994
22326,0.01274898461997509
22327,0.012781031429767609
22328,0.013418283313512802
22329,0.01373760960996151
22330,0.013502896763384342
22331,0.013630658388137817
22332,0.014268151484429836
22333,0.014517929404973984
22334,0.01465202122926712
22335,0.015138686634600163
22336,0.015774203464388847
22337,0.016025619581341743
22338,0.016161125153303146
22339,0.01643441431224346
22340,0.016213828697800636
22341,0.015091095119714737
22342,0.013961073942482471
22343,0.012961780652403831
22344,0.012058282271027565
22345,0.011356714181602001
22346,0.010948694311082363
22347,0.010724211111664772
22348,0.010579442605376244
22349,0.010530900210142136
22350,0.010656019672751427
22351,0.010903088375926018
22352,0.011125985532999039
22353,0.011364161036908627
22354,0.011612886562943459
22355,0.011607438325881958
22356,0.01136623602360487
22357,0.011145886033773422
22358,0.010992017574608326
22359,0.010851350612938404
22360,0.010747306048870087
22361,0.010703700594604015
22362,0.010688286274671555
22363,0.01066768728196621
22364,0.010629614815115929
22365,0.010556038469076157
22366,0.01048907171934843
22367,0.01045648567378521
22368,0.010442448779940605
22369,0.010450132191181183
22370,0.010455325245857239
22371,0.010445340536534786
22372,0.010438624769449234
22373,0.010436867363750935
22374,0.010435132309794426
22375,0.010432674549520016
22376,0.010448241606354713
22377,0.010485419072210789
22378,0.010540744289755821
22379,0.010616007260978222
22380,0.010653935372829437
22381,0.01066150888800621
22382,0.010701734572649002
22383,0.010776985436677933
22384,0.010907254181802273
22385,0.01118401251733303
22386,0.01169922761619091
22387,0.01250666007399559
22388,0.01380916777998209
22389,0.01586691290140152
22390,0.018450656905770302
22391,0.021682893857359886
22392,0.026770517230033875
22393,0.0336359441280365
22394,0.04283076524734497
22395,0.05049803480505943
22396,0.056064672768116
22397,0.05435097962617874
22398,0.046960197389125824
22399,0.03296225517988205
22400,0.019643601030111313
22401,0.01214695069938898
22402,0.012685743160545826
22403,0.018516212701797485
22404,0.02479884773492813
22405,0.026689760386943817
22406,0.023460347205400467
22407,0.018468253314495087
22408,0.014571025967597961
22409,0.013642326928675175
22410,0.015119984745979309
22411,0.016953296959400177
22412,0.018398234620690346
22413,0.01832493767142296
22414,0.017015524208545685
22415,0.015570441260933876
22416,0.014788276515901089
22417,0.014514561742544174
22418,0.014321954920887947
22419,0.013754411600530148
22420,0.013014862313866615
22421,0.012568183243274689
22422,0.012379773892462254
22423,0.012211821042001247
22424,0.011789343319833279
22425,0.011101586744189262
22426,0.010686838999390602
22427,0.010925302281975746
22428,0.011625577695667744
22429,0.012365122325718403
22430,0.012600986286997795
22431,0.01229778490960598
22432,0.011954173445701599
22433,0.01170067023485899
22434,0.011538742110133171
22435,0.011428453028202057
22436,0.01127366628497839
22437,0.011085712350904942
22438,0.0109429145231843
22439,0.010868266224861145
22440,0.010851009748876095
22441,0.010900009423494339
22442,0.010966316796839237
22443,0.011056315153837204
22444,0.011181548237800598
22445,0.011130264028906822
22446,0.010937121696770191
22447,0.010767350904643536
22448,0.010645310394465923
22449,0.010599459521472454
22450,0.01063723023980856
22451,0.010722591541707516
22452,0.01081954874098301
22453,0.010935868136584759
22454,0.011093328706920147
22455,0.011237742379307747
22456,0.0114401550963521
22457,0.011792141012847424
22458,0.012319851666688919
22459,0.013072039932012558
22460,0.014066154137253761
22461,0.01550137810409069
22462,0.017543207854032516
22463,0.020434509962797165
22464,0.024263551458716393
22465,0.028929321095347404
22466,0.03407929092645645
22467,0.03938201814889908
22468,0.043154045939445496
22469,0.044206395745277405
22470,0.04041247442364693
22471,0.0326017402112484
22472,0.022793591022491455
22473,0.014760192483663559
22474,0.011124962009489536
22475,0.012001407332718372
22476,0.015593128278851509
22477,0.019445549696683884
22478,0.02154347114264965
22479,0.02111649140715599
22480,0.017863910645246506
22481,0.013811470940709114
22482,0.01122342236340046
22483,0.011140015907585621
22484,0.012867290526628494
22485,0.014699415303766727
22486,0.015423126518726349
22487,0.01485698763281107
22488,0.013593249954283237
22489,0.012427560053765774
22490,0.011503172107040882
22491,0.011042124591767788
22492,0.011196032166481018
22493,0.01165906060487032
22494,0.012091556563973427
22495,0.012195794843137264
22496,0.011886569671332836
22497,0.01134408451616764
22498,0.010850763879716396
22499,0.010624276474118233
22500,0.010579864494502544
22501,0.010668620467185974
22502,0.01086652372032404
22503,0.011038311757147312
22504,0.01109437458217144
22505,0.010983549989759922
22506,0.010787829756736755
22507,0.010625716298818588
22508,0.010565150529146194
22509,0.010635594837367535
22510,0.010681498795747757
22511,0.010702126659452915
22512,0.01079848688095808
22513,0.010909141972661018
22514,0.011005302891135216
22515,0.011243107728660107
22516,0.011838281527161598
22517,0.012852712534368038
22518,0.014547416009008884
22519,0.01724395714700222
22520,0.02050187811255455
22521,0.024349048733711243
22522,0.03073275089263916
22523,0.03882808983325958
22524,0.048908933997154236
22525,0.05597563087940216
22526,0.05878584086894989
22527,0.05243174731731415
22528,0.040632907301187515
22529,0.02681652456521988
22530,0.017399495467543602
22531,0.014363397844135761
22532,0.016286754980683327
22533,0.020597118884325027
22534,0.0249304361641407
22535,0.026540763676166534
22536,0.02390127442777157
22537,0.019131362438201904
22538,0.014557745307683945
22539,0.013050799258053303
22540,0.014578311704099178
22541,0.016410302370786667
22542,0.017166081815958023
22543,0.016122225672006607
22544,0.01405005156993866
22545,0.012677113525569439
22546,0.012334081344306469
22547,0.012483367696404457
22548,0.012289449572563171
22549,0.011504880152642727
22550,0.0109701007604599
22551,0.011248749680817127
22552,0.011840442195534706
22553,0.012090898118913174
22554,0.011729877442121506
22555,0.011048910208046436
22556,0.010629730299115181
22557,0.01072105672210455
22558,0.011135650798678398
22559,0.011615675874054432
22560,0.011748213320970535
22561,0.011478524655103683
22562,0.011166808195412159
22563,0.011011739261448383
22564,0.01102352049201727
22565,0.011112724430859089
22566,0.011142866685986519
22567,0.011103108525276184
22568,0.011119073256850243
22569,0.01123384665697813
22570,0.01137960609048605
22571,0.011615035124123096
22572,0.01192206609994173
22573,0.012307202443480492
22574,0.012802288867533207
22575,0.013251502066850662
22576,0.013751634396612644
22577,0.014491861686110497
22578,0.015424631536006927
22579,0.016617292538285255
22580,0.018056083470582962
22581,0.019914209842681885
22582,0.02201618067920208
22583,0.024167515337467194
22584,0.025927037000656128
22585,0.026652270928025246
22586,0.02606121264398098
22587,0.024238310754299164
22588,0.021207185462117195
22589,0.017573978751897812
22590,0.014063890092074871
22591,0.01156106311827898
22592,0.010496996343135834
22593,0.010722020640969276
22594,0.011713724583387375
22595,0.012867690064013004
22596,0.013872692361474037
22597,0.014488178305327892
22598,0.014522165060043335
22599,0.013970072381198406
22600,0.01276637427508831
22601,0.011460375040769577
22602,0.010622505098581314
22603,0.010372135788202286
22604,0.010561691597104073
22605,0.010907010175287724
22606,0.01128865871578455
22607,0.011687105521559715
22608,0.012056724168360233
22609,0.012333322316408157
22610,0.012246171943843365
22611,0.011878452263772488
22612,0.011511025950312614
22613,0.01122313179075718
22614,0.01103882770985365
22615,0.011078218929469585
22616,0.011455773375928402
22617,0.012121213600039482
22618,0.013161019422113895
22619,0.014609340578317642
22620,0.015784703195095062
22621,0.01658758334815502
22622,0.017824504524469376
22623,0.019257809966802597
22624,0.020954672247171402
22625,0.022589674219489098
22626,0.02429269813001156
22627,0.02485733851790428
22628,0.024475112557411194
22629,0.022516194730997086
22630,0.0188850536942482
22631,0.01469338871538639
22632,0.011916455812752247
22633,0.010855644941329956
22634,0.011388644576072693
22635,0.012550236657261848
22636,0.01344333216547966
22637,0.01420352142304182
22638,0.014856381341814995
22639,0.015589372254908085
22640,0.01700998842716217
22641,0.01920011267066002
22642,0.022232763469219208
22643,0.026048673316836357
22644,0.03093540482223034
22645,0.03542109578847885
22646,0.039244383573532104
22647,0.040211889892816544
22648,0.038311511278152466
22649,0.03382387384772301
22650,0.027239445596933365
22651,0.0202605202794075
22652,0.015003392472863197
22653,0.013085681013762951
22654,0.014937563799321651
22655,0.01936294138431549
22656,0.023925257846713066
22657,0.025691837072372437
22658,0.025298655033111572
22659,0.02286558598279953
22660,0.019608821719884872
22661,0.01627134159207344
22662,0.014183945953845978
22663,0.013292178511619568
22664,0.013301696628332138
22665,0.014096767641603947
22666,0.014973632991313934
22667,0.015395089983940125
22668,0.01540535967797041
22669,0.014759681187570095
22670,0.013532121665775776
22671,0.0121240159496665
22672,0.011004634201526642
22673,0.010645602829754353
22674,0.011049321852624416
22675,0.011631007306277752
22676,0.012009239755570889
22677,0.01205017976462841
22678,0.011772257275879383
22679,0.01140906848013401
22680,0.011118548922240734
22681,0.010966566391289234
22682,0.01081808377057314
22683,0.0105859050527215
22684,0.01041798572987318
22685,0.010433451272547245
22686,0.010762493126094341
22687,0.01117709930986166
22688,0.01134202629327774
22689,0.011242134496569633
22690,0.01088950876146555
22691,0.010640138760209084
22692,0.010634662583470345
22693,0.010646471753716469
22694,0.010540425777435303
22695,0.01031517144292593
22696,0.010247512720525265
22697,0.01045756135135889
22698,0.010806194506585598
22699,0.011148308403789997
22700,0.011165152303874493
22701,0.011023975908756256
22702,0.011117614805698395
22703,0.011403054930269718
22704,0.011843597516417503
22705,0.012642506510019302
22706,0.014294560067355633
22707,0.016995755955576897
22708,0.02142110839486122
22709,0.027831731364130974
22710,0.03427089750766754
22711,0.03866074979305267
22712,0.04305308312177658
22713,0.04347159340977669
22714,0.0407433845102787
22715,0.03371141850948334
22716,0.026035375893115997
22717,0.018942661583423615
22718,0.015206310898065567
22719,0.015156177803874016
22720,0.018001794815063477
22721,0.02233237959444523
22722,0.026852071285247803
22723,0.029866229742765427
22724,0.030395863577723503
22725,0.027286553755402565
22726,0.022124668583273888
22727,0.018284358084201813
22728,0.017463305965065956
22729,0.019305836409330368
22730,0.0204746276140213
22731,0.018796700984239578
22732,0.01578841358423233
22733,0.013266483321785927
22734,0.012503144331276417
22735,0.013023387640714645
22736,0.013095596805214882
22737,0.012249483726918697
22738,0.01134174782782793
22739,0.01102717686444521
22740,0.011241243220865726
22741,0.01157192513346672
22742,0.011839402839541435
22743,0.012122017331421375
22744,0.012384280562400818
22745,0.012087132781744003
22746,0.011339830234646797
22747,0.01082612294703722
22748,0.010621193796396255
22749,0.010641053318977356
22750,0.010660291649401188
22751,0.010559812188148499
22752,0.010487815365195274
22753,0.010437197983264923
22754,0.010358765721321106
22755,0.010308245196938515
22756,0.010422391816973686
22757,0.01063091866672039
22758,0.010825100354850292
22759,0.010941954329609871
22760,0.010741055011749268
22761,0.010481782257556915
22762,0.01040787436068058
22763,0.010370660573244095
22764,0.010304991155862808
22765,0.010188275016844273
22766,0.010188749991357327
22767,0.010341386310756207
22768,0.010485190898180008
22769,0.010514907538890839
22770,0.010330688208341599
22771,0.010213744826614857
22772,0.010340185835957527
22773,0.010580013506114483
22774,0.010800639167428017
22775,0.010740723460912704
22776,0.010602478869259357
22777,0.010690565221011639
22778,0.01095864363014698
22779,0.011309782974421978
22780,0.01170731708407402
22781,0.012374235317111015
22782,0.013548937626183033
22783,0.015422563999891281
22784,0.018137993291020393
22785,0.021281328052282333
22786,0.02500254102051258
22787,0.029893765226006508
22788,0.03566865995526314
22789,0.04120192676782608
22790,0.045260585844516754
22791,0.0459158681333065
22792,0.04172493517398834
22793,0.03351607173681259
22794,0.02377719059586525
22795,0.015559720806777477
22796,0.011824172921478748
22797,0.013369446620345116
22798,0.01794155314564705
22799,0.022328518331050873
22800,0.023853924125432968
22801,0.021928325295448303
22802,0.01806590147316456
22803,0.014807268977165222
22804,0.01379247847944498
22805,0.014406207017600536
22806,0.015314836986362934
22807,0.016089225187897682
22808,0.015802033245563507
22809,0.014515631832182407
22810,0.01292512472718954
22811,0.01157036516815424
22812,0.010705355554819107
22813,0.010619016364216805
22814,0.011144895106554031
22815,0.011753098107874393
22816,0.012212354689836502
22817,0.012272315099835396
22818,0.011915041133761406
22819,0.011362100020051003
22820,0.010724140331149101
22821,0.010396652854979038
22822,0.010549632832407951
22823,0.010909836739301682
22824,0.011235619895160198
22825,0.011364137753844261
22826,0.011486433446407318
22827,0.01166698057204485
22828,0.011939436197280884
22829,0.01243007741868496
22830,0.01272667571902275
22831,0.013018209487199783
22832,0.013903312385082245
22833,0.01523520052433014
22834,0.017146101221442223
22835,0.02005939930677414
22836,0.024956144392490387
22837,0.03095031902194023
22838,0.03843449428677559
22839,0.044529665261507034
22840,0.04526348039507866
22841,0.037885621190071106
22842,0.028358951210975647
22843,0.018558647483587265
22844,0.012642502784729004
22845,0.01190370786935091
22846,0.013655439019203186
22847,0.015880052000284195
22848,0.017130142077803612
22849,0.017597336322069168
22850,0.018402062356472015
22851,0.020337872207164764
22852,0.021914392709732056
22853,0.0228276289999485
22854,0.022189036011695862
22855,0.021109728142619133
22856,0.020824633538722992
22857,0.022104132920503616
22858,0.023152729496359825
22859,0.022353388369083405
22860,0.018424108624458313
22861,0.013974782079458237
22862,0.01238197647035122
22863,0.01325164083391428
22864,0.014382516965270042
22865,0.014015652239322662
22866,0.012640581466257572
22867,0.012100030668079853
22868,0.013061498291790485
22869,0.014671575278043747
22870,0.01456681452691555
22871,0.013002516701817513
22872,0.011634089052677155
22873,0.011128848418593407
22874,0.011246858164668083
22875,0.01128008496016264
22876,0.010970146395266056
22877,0.010707944631576538
22878,0.010744113475084305
22879,0.011054002679884434
22880,0.010991552844643593
22881,0.010693329386413097
22882,0.010662638582289219
22883,0.010807894170284271
22884,0.010987424291670322
22885,0.010995442979037762
22886,0.01106053963303566
22887,0.011351501569151878
22888,0.01187792420387268
22889,0.01258085761219263
22890,0.01281813345849514
22891,0.012617367319762707
22892,0.01269509457051754
22893,0.012791997753083706
22894,0.012858794070780277
22895,0.013371163047850132
22896,0.014735957607626915
22897,0.016271691769361496
22898,0.017780767753720284
22899,0.01883147656917572
22900,0.01773374155163765
22901,0.015265057794749737
22902,0.013205988332629204
22903,0.011665811762213707
22904,0.010731003247201443
22905,0.010415086522698402
22906,0.010386919602751732
22907,0.010532001033425331
22908,0.010712833143770695
22909,0.010813642293214798
22910,0.01088681723922491
22911,0.011348607018589973
22912,0.01219387911260128
22913,0.013282284140586853
22914,0.014359109103679657
22915,0.01460863184183836
22916,0.014584418386220932
22917,0.015540681779384613
22918,0.017510075122117996
22919,0.02051306515932083
22920,0.02368708699941635
22921,0.02668367698788643
22922,0.029182009398937225
22923,0.030687734484672546
22924,0.030637456104159355
22925,0.028678134083747864
22926,0.025956526398658752
22927,0.02270536869764328
22928,0.020506601780653
22929,0.019428636878728867
22930,0.019134826958179474
22931,0.018594205379486084
22932,0.018863976001739502
22933,0.019171832129359245
22934,0.019175197929143906
22935,0.019716423004865646
22936,0.020353052765130997
22937,0.019524890929460526
22938,0.01764063537120819
22939,0.015110478736460209
22940,0.012970714829862118
22941,0.012499986216425896
22942,0.01351757813245058
22943,0.014979951083660126
22944,0.016635388135910034
22945,0.01740824058651924
22946,0.01766856387257576
22947,0.017819810658693314
22948,0.016974449157714844
22949,0.015141871757805347
22950,0.013811420649290085
22951,0.01345792319625616
22952,0.012996653094887733
22953,0.012208232656121254
22954,0.011251178570091724
22955,0.010392901487648487
22956,0.010477818548679352
22957,0.01149158924818039
22958,0.012948153540492058
22959,0.014394357800483704
22960,0.01441919431090355
22961,0.013167907483875751
22962,0.012083424255251884
22963,0.011276357807219028
22964,0.010805577039718628
22965,0.01062858011573553
22966,0.010532409884035587
22967,0.010455474257469177
22968,0.010499662719666958
22969,0.010630778968334198
22970,0.010546263307332993
22971,0.010571318678557873
22972,0.010975291021168232
22973,0.01170891523361206
22974,0.01266170758754015
22975,0.013076342642307281
22976,0.013115699402987957
22977,0.013567229732871056
22978,0.014443590305745602
22979,0.015839213505387306
22980,0.017606379464268684
22981,0.019755790010094643
22982,0.021862581372261047
22983,0.023740164935588837
22984,0.02469729632139206
22985,0.02432451769709587
22986,0.02267199009656906
22987,0.02043217420578003
22988,0.018222626298666
22989,0.017127536237239838
22990,0.017306646332144737
22991,0.01849481090903282
22992,0.021753769367933273
22993,0.02544315904378891
22994,0.030126554891467094
22995,0.03452862799167633
22996,0.039655860513448715
22997,0.04261093586683273
22998,0.04124688357114792
22999,0.03521164506673813
23000,0.02486002817749977
23001,0.015346165746450424
23002,0.011077445931732655
23003,0.013111991807818413
23004,0.018368471413850784
23005,0.022319350391626358
23006,0.02260863408446312
23007,0.020639166235923767
23008,0.016681885346770287
23009,0.013304106891155243
23010,0.012292008846998215
23011,0.012622695416212082
23012,0.01278812438249588
23013,0.012643995694816113
23014,0.012551404535770416
23015,0.013366332277655602
23016,0.014508353546261787
23017,0.014670763164758682
23018,0.014039997942745686
23019,0.01319082360714674
23020,0.011717073619365692
23021,0.010467281565070152
23022,0.010326032526791096
23023,0.011220211163163185
23024,0.012580489739775658
23025,0.012819603085517883
23026,0.011837296187877655
23027,0.011026814579963684
23028,0.010752301663160324
23029,0.010964415036141872
23030,0.011221044696867466
23031,0.011289657093584538
23032,0.011613557115197182
23033,0.012214131653308868
23034,0.013021690770983696
23035,0.01409006118774414
23036,0.015683025121688843
23037,0.017861075699329376
23038,0.020110778510570526
23039,0.02186194434762001
23040,0.022430678829550743
23041,0.02254573255777359
23042,0.022992245852947235
23043,0.02328646555542946
23044,0.022743597626686096
23045,0.019919611513614655
23046,0.016065768897533417
23047,0.013044887222349644
23048,0.01156407967209816
23049,0.011422734707593918
23050,0.01158908475190401
23051,0.011770150624215603
23052,0.012282169423997402
23053,0.013510113582015038
23054,0.015501764602959156
23055,0.016561269760131836
23056,0.015976298600435257
23057,0.015338506549596786
23058,0.014788494445383549
23059,0.014729145914316177
23060,0.01569603756070137
23061,0.017733868211507797
23062,0.01921149343252182
23063,0.02055329456925392
23064,0.02079208567738533
23065,0.01918802596628666
23066,0.01696625165641308
23067,0.01621447503566742
23068,0.0174458846449852
23069,0.020592106506228447
23070,0.02350028231739998
23071,0.024496756494045258
23072,0.02415425330400467
23073,0.02187083289027214
23074,0.018303537741303444
23075,0.015142552554607391
23076,0.012862440198659897
23077,0.011045891791582108
23078,0.010190029628574848
23079,0.010416410863399506
23080,0.011826317757368088
23081,0.014759982004761696
23082,0.018573859706521034
23083,0.023275453597307205
23084,0.028443919494748116
23085,0.03330104425549507
23086,0.037602271884679794
23087,0.04193577170372009
23088,0.043748971074819565
23089,0.04402479901909828
23090,0.039851367473602295
23091,0.03746357560157776
23092,0.04667199030518532
23093,0.08476487547159195
23094,0.17527766525745392
23095,0.2760363817214966
23096,0.3209025263786316
23097,0.32123473286628723
23098,0.4134070575237274
23099,0.5885512828826904
23100,0.8442003130912781
23101,0.7423921823501587
23102,1.0009238719940186
23103,1.1622127294540405
23104,0.5859706997871399
23105,0.6489014625549316
23106,0.4557167589664459
23107,0.583331823348999
23108,0.4323177933692932
23109,0.3759734034538269
23110,0.24270784854888916
23111,0.3613680601119995
23112,0.16957756876945496
23113,0.2868245542049408
23114,0.1445024311542511
23115,0.23834869265556335
23116,0.08750949800014496
23117,0.2325032651424408
23118,0.06884285807609558
23119,0.16578198969364166
23120,0.1023835688829422
23121,0.11090914905071259
23122,0.09114352613687515
23123,0.10406104475259781
23124,0.06862707436084747
23125,0.08473962545394897
23126,0.08327312767505646
23127,0.04400103539228439
23128,0.0810232013463974
23129,0.051810264587402344
23130,0.06115463003516197
23131,0.04421277716755867
23132,0.06019732356071472
23133,0.03915393725037575
23134,0.04722334071993828
23135,0.04637594893574715
23136,0.03603779152035713
23137,0.040898311883211136
23138,0.038897059857845306
23139,0.03346916660666466
23140,0.035106826573610306
23141,0.031697776168584824
23142,0.03244367241859436
23143,0.028136638924479485
23144,0.03253668174147606
23145,0.025323614478111267
23146,0.028114046901464462
23147,0.027454333379864693
23148,0.024472344666719437
23149,0.0251717921346426
23150,0.024735258892178535
23151,0.023900311440229416
23152,0.02234569564461708
23153,0.024030735716223717
23154,0.020734433084726334
23155,0.02212713658809662
23156,0.020547635853290558
23157,0.02085663564503193
23158,0.019564367830753326
23159,0.02008076384663582
23160,0.01936923712491989
23161,0.01877865009009838
23162,0.01915326528251171
23163,0.01791691966354847
23164,0.018285153433680534
23165,0.017835579812526703
23166,0.017471151426434517
23167,0.017293715849518776
23168,0.01728012226521969
23169,0.016652600839734077
23170,0.016735613346099854
23171,0.016373982653021812
23172,0.016146140173077583
23173,0.016059409826993942
23174,0.015912039205431938
23175,0.015563017688691616
23176,0.015748370438814163
23177,0.01529749296605587
23178,0.015285291709005833
23179,0.01519662793725729
23180,0.014875832945108414
23181,0.014883962459862232
23182,0.014715265482664108
23183,0.014586341567337513
23184,0.014482150785624981
23185,0.014447287656366825
23186,0.014288119971752167
23187,0.014211253263056278
23188,0.014124625362455845
23189,0.014017466455698013
23190,0.01391112245619297
23191,0.013847961090505123
23192,0.013736940920352936
23193,0.013696388341486454
23194,0.013587934896349907
23195,0.013549812138080597
23196,0.013476243242621422
23197,0.013396178372204304
23198,0.01334898266941309
23199,0.01327214203774929
23200,0.013200191780924797
23201,0.013153753243386745
23202,0.013081759214401245
23203,0.013036113232374191
23204,0.012980680912733078
23205,0.012929161079227924
23206,0.012889341451227665
23207,0.012830446474254131
23208,0.012784021906554699
23209,0.01274279598146677
23210,0.012688007205724716
23211,0.012646130286157131
23212,0.012602904811501503
23213,0.012559528462588787
23214,0.012520574033260345
23215,0.012480043806135654
23216,0.012443515472114086
23217,0.012406726367771626
23218,0.012366022914648056
23219,0.01233387365937233
23220,0.012298580259084702
23221,0.01226136926561594
23222,0.012229250743985176
23223,0.012196268886327744
23224,0.012162355706095695
23225,0.01213270053267479
23226,0.012099889107048512
23227,0.01207165140658617
23228,0.012040816247463226
23229,0.012013021856546402
23230,0.011986496858298779
23231,0.011958228424191475
23232,0.011930229142308235
23233,0.011905101127922535
23234,0.011878059245646
23235,0.011852997355163097
23236,0.01182649563997984
23237,0.011803245171904564
23238,0.011778796091675758
23239,0.011755031533539295
23240,0.011732782237231731
23241,0.011710005812346935
23242,0.01168779842555523
23243,0.011665843427181244
23244,0.011644717305898666
23245,0.011624665930867195
23246,0.011602957732975483
23247,0.011582912877202034
23248,0.011563458479940891
23249,0.011543642729520798
23250,0.011524677276611328
23251,0.011505313217639923
23252,0.01148727722465992
23253,0.011469045653939247
23254,0.011451217345893383
23255,0.01143413595855236
23256,0.011416761204600334
23257,0.011399916373193264
23258,0.011383233591914177
23259,0.01136713195592165
23260,0.011351343244314194
23261,0.011335151270031929
23262,0.011319814249873161
23263,0.011304588988423347
23264,0.011289711110293865
23265,0.011274960823357105
23266,0.011260258965194225
23267,0.011246214620769024
23268,0.011232111603021622
23269,0.011218504048883915
23270,0.011204962618649006
23271,0.01119157299399376
23272,0.011178502812981606
23273,0.011165476404130459
23274,0.011153057217597961
23275,0.011140495538711548
23276,0.01112811267375946
23277,0.011116004548966885
23278,0.011104077100753784
23279,0.011092565953731537
23280,0.0110807865858078
23281,0.011069408617913723
23282,0.011058222502470016
23283,0.011047152802348137
23284,0.011036444455385208
23285,0.011025585234165192
23286,0.011015080846846104
23287,0.01100465189665556
23288,0.01099439524114132
23289,0.01098446361720562
23290,0.010974370874464512
23291,0.010964607819914818
23292,0.010954893194139004
23293,0.010945379734039307
23294,0.010936083272099495
23295,0.010926653631031513
23296,0.01091756671667099
23297,0.010908497497439384
23298,0.01089965645223856
23299,0.01089096162468195
23300,0.010882147587835789
23301,0.010873689316213131
23302,0.010865180753171444
23303,0.010856919921934605
23304,0.010848778299987316
23305,0.010840525850653648
23306,0.010832568630576134
23307,0.010824616998434067
23308,0.010816865600645542
23309,0.010809209197759628
23310,0.01080148946493864
23311,0.01079398300498724
23312,0.010786514729261398
23313,0.01077925693243742
23314,0.010772046633064747
23315,0.010764764621853828
23316,0.010757706128060818
23317,0.010750675573945045
23318,0.010743810795247555
23319,0.010736999101936817
23320,0.010730144567787647
23321,0.010723475366830826
23322,0.010716814547777176
23323,0.010710345581173897
23324,0.010703885927796364
23325,0.010697383433580399
23326,0.010691088624298573
23327,0.01068479660898447
23328,0.010678662918508053
23329,0.010672551579773426
23330,0.010666372254490852
23331,0.010660388506948948
23332,0.010654432699084282
23333,0.010648593306541443
23334,0.010642779991030693
23335,0.010636921972036362
23336,0.010631231591105461
23337,0.010625563561916351
23338,0.010619984939694405
23339,0.010614452883601189
23340,0.010608872398734093
23341,0.010603450238704681
23342,0.010598048567771912
23343,0.010592703707516193
23344,0.010587467812001705
23345,0.010582111775875092
23346,0.010576934553682804
23347,0.010571783408522606
23348,0.010566690936684608
23349,0.01056164875626564
23350,0.010556535795331001
23351,0.010551556944847107
23352,0.010546625591814518
23353,0.010541738010942936
23354,0.010536912828683853
23355,0.010532023385167122
23356,0.010527263395488262
23357,0.010522526688873768
23358,0.01051783561706543
23359,0.0105131845921278
23360,0.010508501902222633
23361,0.010503917932510376
23362,0.010499370284378529
23363,0.010494871996343136
23364,0.01049038302153349
23365,0.010485858656466007
23366,0.01048147864639759
23367,0.010477087460458279
23368,0.01047273725271225
23369,0.010468446649610996
23370,0.010464067570865154
23371,0.010459824465215206
23372,0.010455603711307049
23373,0.01045142114162445
23374,0.01044728234410286
23375,0.010443056933581829
23376,0.010438953526318073
23377,0.010434860363602638
23378,0.010430838912725449
23379,0.010426796041429043
23380,0.010422755032777786
23381,0.010418769903481007
23382,0.010414842516183853
23383,0.010410922579467297
23384,0.010407023131847382
23385,0.010403078980743885
23386,0.010399245657026768
23387,0.01039541233330965
23388,0.010391638614237309
23389,0.010387860238552094
23390,0.010384052991867065
23391,0.010380322113633156
23392,0.010376612655818462
23393,0.010372933000326157
23394,0.010369280353188515
23395,0.010365569032728672
23396,0.01036197878420353
23397,0.0103583550080657
23398,0.010354775004088879
23399,0.010351216420531273
23400,0.010347639210522175
23401,0.010344117879867554
23402,0.010340621694922447
23403,0.010337143205106258
23404,0.010333665646612644
23405,0.010330181568861008
23406,0.010326745919883251
23407,0.010323348455131054
23408,0.010319975204765797
23409,0.010316604748368263
23410,0.010313194245100021
23411,0.010309867560863495
23412,0.01030656136572361
23413,0.01030326820909977
23414,0.010300015099346638
23415,0.010296718217432499
23416,0.010293487459421158
23417,0.010290279984474182
23418,0.010287143290042877
23419,0.010284078307449818
23420,0.010281017050147057
23421,0.010278173722326756
23422,0.010275531560182571
23423,0.010273290798068047
23424,0.01027166098356247
23425,0.01027101743966341
23426,0.010272232815623283
23427,0.010276651941239834
23428,0.010286672972142696
23429,0.010306598618626595
23430,0.010344104841351509
23431,0.010413304902613163
23432,0.01054013054817915
23433,0.010771060362458229
23434,0.011190115474164486
23435,0.011938361451029778
23436,0.013258736580610275
23437,0.015510788187384605
23438,0.019152123481035233
23439,0.024407673627138138
23440,0.030756184831261635
23441,0.03579898178577423
23442,0.036001332104206085
23443,0.028602097183465958
23444,0.01724698580801487
23445,0.010467328131198883
23446,0.012922330759465694
23447,0.01875208504498005
23448,0.01876809448003769
23449,0.013109246268868446
23450,0.010292256250977516
23451,0.013326546177268028
23452,0.015513206832110882
23453,0.012784750200808048
23454,0.010272110812366009
23455,0.011870278976857662
23456,0.01344304159283638
23457,0.011738854460418224
23458,0.010251643136143684
23459,0.011461921036243439
23460,0.012245244346559048
23461,0.010928098112344742
23462,0.010282772593200207
23463,0.011252086609601974
23464,0.011442052200436592
23465,0.01046695839613676
23466,0.010360966436564922
23467,0.011050750501453876
23468,0.01089551392942667
23469,0.010262117721140385
23470,0.010414104908704758
23471,0.010824194177985191
23472,0.010546854697167873
23473,0.01019436214119196
23474,0.010416816920042038
23475,0.010606159456074238
23476,0.010340336710214615
23477,0.010180728510022163
23478,0.010377187281847
23479,0.010432248003780842
23480,0.010227663442492485
23481,0.010176618583500385
23482,0.010316122323274612
23483,0.010308830067515373
23484,0.010170790366828442
23485,0.010169072076678276
23486,0.010255644097924232
23487,0.010226552374660969
23488,0.010141262784600258
23489,0.010156417265534401
23490,0.010206155478954315
23491,0.010174019262194633
23492,0.010123791173100471
23493,0.01014066580682993
23494,0.010167961940169334
23495,0.010140634141862392
23496,0.010110616683959961
23497,0.010124852880835533
23498,0.010138774290680885
23499,0.010117807425558567
23500,0.010098595172166824
23501,0.010109023191034794
23502,0.01011679694056511
23503,0.010100770741701126
23504,0.01008724793791771
23505,0.01009340025484562
23506,0.01009848527610302
23507,0.01008706633001566
23508,0.010076339356601238
23509,0.010079026222229004
23510,0.010082181543111801
23511,0.010074672289192677
23512,0.010065857321023941
23513,0.010065898299217224
23514,0.01006769947707653
23515,0.010062789544463158
23516,0.010055799037218094
23517,0.01005395408719778
23518,0.010054649785161018
23519,0.01005157083272934
23520,0.010046044364571571
23521,0.010043168440461159
23522,0.01004274096339941
23523,0.01004072930663824
23524,0.010036541149020195
23525,0.0100332610309124
23526,0.010031906887888908
23527,0.010030260309576988
23528,0.010027107782661915
23529,0.010023912414908409
23530,0.01002187468111515
23531,0.010020227171480656
23532,0.010017734952270985
23533,0.010014807805418968
23534,0.010012432932853699
23535,0.01001052651554346
23536,0.010008429177105427
23537,0.010005833581089973
23538,0.010003344155848026
23539,0.010001239366829395
23540,0.009999172762036324
23541,0.009996880777180195
23542,0.009994469583034515
23543,0.009992226958274841
23544,0.009990140795707703
23545,0.009987929835915565
23546,0.009985671378672123
23547,0.00998343899846077
23548,0.009981284849345684
23549,0.009979145601391792
23550,0.009976953268051147
23551,0.009974747896194458
23552,0.009972602128982544
23553,0.009970486164093018
23554,0.009968353435397148
23555,0.009966145269572735
23556,0.009964017197489738
23557,0.009961928240954876
23558,0.009959839284420013
23559,0.00995771586894989
23560,0.009955529123544693
23561,0.009953453205525875
23562,0.00995143223553896
23563,0.009949340485036373
23564,0.009947212412953377
23565,0.009945104829967022
23566,0.009943085722625256
23567,0.00994106475263834
23568,0.009938985109329224
23569,0.009936892427504063
23570,0.009934834204614162
23571,0.00993284210562706
23572,0.00993085652589798
23573,0.00992878619581461
23574,0.00992671214044094
23575,0.00992465391755104
23576,0.009922697208821774
23577,0.009920718148350716
23578,0.009918693453073502
23579,0.009916650131344795
23580,0.009914622642099857
23581,0.009912685491144657
23582,0.009910725988447666
23583,0.00990874134004116
23584,0.009906712919473648
23585,0.0099047115072608
23586,0.009902792051434517
23587,0.009900860488414764
23588,0.009898907504975796
23589,0.009896911680698395
23590,0.009894907474517822
23591,0.00989301037043333
23592,0.009891108609735966
23593,0.009889177046716213
23594,0.009887214750051498
23595,0.009885217994451523
23596,0.009883332066237926
23597,0.009881456382572651
23598,0.00987954717129469
23599,0.009877617470920086
23600,0.009875656105577946
23601,0.009873773902654648
23602,0.00987190566956997
23603,0.009870026260614395
23604,0.00986812449991703
23605,0.009866168722510338
23606,0.00986428465694189
23607,0.009862462058663368
23608,0.009860621765255928
23609,0.009858738631010056
23610,0.00985679030418396
23611,0.009854922071099281
23612,0.009853091090917587
23613,0.009851283393800259
23614,0.009849432855844498
23615,0.009847518987953663
23616,0.00984566193073988
23617,0.009843841195106506
23618,0.00984202604740858
23619,0.009840219281613827
23620,0.009838328696787357
23621,0.009836483746767044
23622,0.009834684431552887
23623,0.009832864627242088
23624,0.009831087663769722
23625,0.009829230606555939
23626,0.009827394969761372
23627,0.009825596585869789
23628,0.009823833592236042
23629,0.00982203520834446
23630,0.009820206090807915
23631,0.00981839932501316
23632,0.009816616773605347
23633,0.009814843535423279
23634,0.009813080541789532
23635,0.00981124211102724
23636,0.009809460490942001
23637,0.009807700291275978
23638,0.00980596523731947
23639,0.00980420596897602
23640,0.0098023796454072
23641,0.00980061199516058
23642,0.009798864834010601
23643,0.009797144681215286
23644,0.00979540217667818
23645,0.009793602861464024
23646,0.009791851043701172
23647,0.00979011319577694
23648,0.009788408875465393
23649,0.009786677546799183
23650,0.009784909896552563
23651,0.009783140383660793
23652,0.00978142861276865
23653,0.009779728949069977
23654,0.009778009727597237
23655,0.009776262566447258
23656,0.009774529375135899
23657,0.009772813878953457
23658,0.009771143086254597
23659,0.009769447147846222
23660,0.00976770743727684
23661,0.009765994735062122
23662,0.009764268063008785
23663,0.009762583300471306
23664,0.00976092740893364
23665,0.009759199805557728
23666,0.009757486172020435
23667,0.009755793027579784
23668,0.009754147380590439
23669,0.009752473793923855
23670,0.00975075364112854
23671,0.00974908098578453
23672,0.009747411124408245
23673,0.009745737537741661
23674,0.009744096547365189
23675,0.009742394089698792
23676,0.009740708395838737
23677,0.009739052504301071
23678,0.009737413376569748
23679,0.009735780768096447
23680,0.009734096005558968
23681,0.009732430800795555
23682,0.009730786085128784
23683,0.009729128330945969
23684,0.00972751434892416
23685,0.009725822135806084
23686,0.009724178351461887
23687,0.009722553193569183
23688,0.00972092617303133
23689,0.009719308465719223
23690,0.009717628359794617
23691,0.009716000407934189
23692,0.009714380837976933
23693,0.009712785482406616
23694,0.00971117615699768
23695,0.009709523990750313
23696,0.00970789510756731
23697,0.009706282056868076
23698,0.00970468483865261
23699,0.009703069925308228
23700,0.009701421484351158
23701,0.009699804708361626
23702,0.009698237292468548
23703,0.00969664752483368
23704,0.009695063345134258
23705,0.009693414904177189
23706,0.009691819548606873
23707,0.009690221399068832
23708,0.009688644669950008
23709,0.009687069803476334
23710,0.0096854567527771
23711,0.009683867916464806
23712,0.00968227069824934
23713,0.009680703282356262
23714,0.009679149836301804
23715,0.0096775246784091
23716,0.00967596098780632
23717,0.009674393571913242
23718,0.00967282336205244
23719,0.009671276435256004
23720,0.009669670835137367
23721,0.009668093174695969
23722,0.009666544385254383
23723,0.009665009565651417
23724,0.009663480333983898
23725,0.00966187845915556
23726,0.009660308249294758
23727,0.009658743627369404
23728,0.009657192043960094
23729,0.009655652567744255
23730,0.009654069319367409
23731,0.009652530774474144
23732,0.00965100061148405
23733,0.00964947696775198
23734,0.009647969156503677
23735,0.009646404534578323
23736,0.009644866921007633
23737,0.009643325582146645
23738,0.009641808457672596
23739,0.009640272706747055
23740,0.009638761170208454
23741,0.009637313894927502
23742,0.009635917842388153
23743,0.009634623304009438
23744,0.009633403271436691
23745,0.009632207453250885
23746,0.009631093591451645
23747,0.009630290791392326
23748,0.009629973210394382
23749,0.009630482643842697
23750,0.009632241912186146
23751,0.009636254981160164
23752,0.00964414607733488
23753,0.009658792987465858
23754,0.00968521274626255
23755,0.009726793505251408
23756,0.009795336052775383
23757,0.009919687174260616
23758,0.01014307327568531
23759,0.010547056794166565
23760,0.011208316311240196
23761,0.01233995333313942
23762,0.01436125673353672
23763,0.017967524006962776
23764,0.024026039987802505
23765,0.03294462338089943
23766,0.04424397647380829
23767,0.05792374536395073
23768,0.06663709878921509
23769,0.0644271969795227
23770,0.04571393132209778
23771,0.024626147001981735
23772,0.018013466149568558
23773,0.026065926998853683
23774,0.03067471832036972
23775,0.02003163844347
23776,0.011364663019776344
23777,0.017687221989035606
23778,0.025037862360477448
23779,0.019594192504882812
23780,0.010592241771519184
23781,0.01388334110379219
23782,0.019827891141176224
23783,0.015842299908399582
23784,0.011263813823461533
23785,0.014484846033155918
23786,0.01668079011142254
23787,0.012195821851491928
23788,0.010464607737958431
23789,0.014211410656571388
23790,0.014536912553012371
23791,0.010770931839942932
23792,0.010464858263731003
23793,0.012831073254346848
23794,0.012175737880170345
23795,0.010337993502616882
23796,0.011102723889052868
23797,0.011951635591685772
23798,0.010605849325656891
23799,0.009864064864814281
23800,0.01092775072902441
23801,0.011127871461212635
23802,0.010098280385136604
23803,0.009917761199176311
23804,0.01052984967827797
23805,0.01029249932616949
23806,0.009810770861804485
23807,0.01013977825641632
23808,0.010392313823103905
23809,0.009954762645065784
23810,0.009701897390186787
23811,0.01011931337416172
23812,0.01023330632597208
23813,0.009833833202719688
23814,0.009749772027134895
23815,0.01004891935735941
23816,0.010040734894573689
23817,0.009718921035528183
23818,0.009708855301141739
23819,0.009936791844666004
23820,0.009903945028781891
23821,0.009690038859844208
23822,0.0096901785582304
23823,0.009823190979659557
23824,0.009778428822755814
23825,0.009646464139223099
23826,0.009668316692113876
23827,0.009759608656167984
23828,0.00972421932965517
23829,0.009631779044866562
23830,0.00963802170008421
23831,0.009686297737061977
23832,0.009665688499808311
23833,0.009616500698029995
23834,0.009625225327908993
23835,0.009651770815253258
23836,0.009630938060581684
23837,0.009600598365068436
23838,0.009605265222489834
23839,0.009621328674256802
23840,0.009607392363250256
23841,0.00959092192351818
23842,0.009600380435585976
23843,0.009608940221369267
23844,0.009596019983291626
23845,0.009581365622580051
23846,0.009591293521225452
23847,0.00960094016045332
23848,0.009588307701051235
23849,0.009573458693921566
23850,0.009578686207532883
23851,0.009592299349606037
23852,0.00958582665771246
23853,0.00956896785646677
23854,0.009566554799675941
23855,0.009576529264450073
23856,0.009577622637152672
23857,0.00956436712294817
23858,0.009556245058774948
23859,0.009561208076775074
23860,0.009565653279423714
23861,0.00955931842327118
23862,0.009550152346491814
23863,0.009549417532980442
23864,0.009552997536957264
23865,0.009550957009196281
23866,0.009544030763208866
23867,0.009540515020489693
23868,0.009541935287415981
23869,0.009542069397866726
23870,0.009537730365991592
23871,0.009533588774502277
23872,0.009533182717859745
23873,0.009533635340631008
23874,0.009531366638839245
23875,0.009527433663606644
23876,0.009525568224489689
23877,0.009525575675070286
23878,0.0095244525000453
23879,0.009521407075226307
23880,0.009518591687083244
23881,0.009517818689346313
23882,0.00951739214360714
23883,0.009515359997749329
23884,0.009512451477348804
23885,0.009510532021522522
23886,0.009509959258139133
23887,0.009508941322565079
23888,0.009506650269031525
23889,0.009504183195531368
23890,0.009502705186605453
23891,0.009501929394900799
23892,0.009500566869974136
23893,0.009498336352407932
23894,0.009496240876615047
23895,0.009494866244494915
23896,0.009493845514953136
23897,0.009492349810898304
23898,0.00949034746736288
23899,0.009488509967923164
23900,0.009487145580351353
23901,0.009485931135714054
23902,0.00948442704975605
23903,0.009482636116445065
23904,0.009480965323746204
23905,0.009479613043367863
23906,0.009478431195020676
23907,0.009477099403738976
23908,0.009475693106651306
23909,0.00947447307407856
23910,0.009473525919020176
23911,0.009472878649830818
23912,0.009472544305026531
23913,0.009472707286477089
23914,0.009473809041082859
23915,0.00947637390345335
23916,0.009481244720518589
23917,0.009489656426012516
23918,0.00950364489108324
23919,0.00952679943293333
23920,0.009564203210175037
23921,0.009625180624425411
23922,0.009725791402161121
23923,0.00989288929849863
23924,0.010170754045248032
23925,0.01063256524503231
23926,0.011402303352952003
23927,0.012707075104117393
23928,0.014895662665367126
23929,0.018585264682769775
23930,0.024533569812774658
23931,0.03401348367333412
23932,0.047884754836559296
23933,0.06648091971874237
23934,0.08464186638593674
23935,0.09353175759315491
23936,0.0793164074420929
23937,0.0458604171872139
23938,0.015409521758556366
23939,0.012341552414000034
23940,0.03068777546286583
23941,0.04131226986646652
23942,0.029774360358715057
23943,0.012679635547101498
23944,0.012494958937168121
23945,0.023958509787917137
23946,0.026047926396131516
23947,0.016111236065626144
23948,0.01035364344716072
23949,0.015560079365968704
23950,0.01969902031123638
23951,0.015307413414120674
23952,0.01079223770648241
23953,0.012858324684202671
23954,0.015688138082623482
23955,0.013518166728317738
23956,0.010858859866857529
23957,0.012069499120116234
23958,0.013729491271078587
23959,0.012239587493240833
23960,0.010335645638406277
23961,0.011400099843740463
23962,0.012830528430640697
23963,0.01166662946343422
23964,0.009925833903253078
23965,0.010463844053447247
23966,0.01193826925009489
23967,0.011467672884464264
23968,0.009911333210766315
23969,0.009801493026316166
23970,0.010892842896282673
23971,0.01106010377407074
23972,0.010047456249594688
23973,0.009562944993376732
23974,0.010146292857825756
23975,0.010523950681090355
23976,0.010029837489128113
23977,0.009542961604893208
23978,0.009750657714903355
23979,0.010117152705788612
23980,0.00994598213583231
23981,0.009560470469295979
23982,0.009571828879415989
23983,0.009840578772127628
23984,0.009866736829280853
23985,0.009602493606507778
23986,0.009496711194515228
23987,0.00967123918235302
23988,0.009786146692931652
23989,0.009658923372626305
23990,0.009486835449934006
23991,0.009541190229356289
23992,0.009701615199446678
23993,0.009705455042421818
23994,0.00956497248262167
23995,0.009474863298237324
23996,0.009562719613313675
23997,0.009673884138464928
23998,0.009651499800384045
23999,0.0095514552667737
24000,0.00949164479970932
24001,0.009547337889671326
24002,0.00961826741695404
24003,0.00961394514888525
24004,0.009565009735524654
24005,0.009512916207313538
24006,0.00952023547142744
24007,0.00955579336732626
24008,0.009571603499352932
24009,0.00956725049763918
24010,0.009526804089546204
24011,0.009500917047262192
24012,0.009505108930170536
24013,0.009522371925413609
24014,0.00954367034137249
24015,0.009523110464215279
24016,0.009489946067333221
24017,0.009474268183112144
24018,0.009478681720793247
24019,0.00950320903211832
24020,0.009499452076852322
24021,0.00947771966457367
24022,0.009459096007049084
24023,0.009450278244912624
24024,0.0094631751999259
24025,0.009465044364333153
24026,0.00945950672030449
24027,0.009450947865843773
24028,0.009437445551156998
24029,0.009435866959393024
24030,0.009433071129024029
24031,0.009438748471438885
24032,0.00944480486214161
24033,0.009435244835913181
24034,0.009423836134374142
24035,0.009410873986780643
24036,0.009419295936822891
24037,0.009437863714993
24038,0.009437319822609425
24039,0.009422541595995426
24040,0.009398023597896099
24041,0.009401152841746807
24042,0.009427173063158989
24043,0.009437685832381248
24044,0.009425627999007702
24045,0.009391596540808678
24046,0.009384344331920147
24047,0.009411735460162163
24048,0.009431988000869751
24049,0.009426377713680267
24050,0.009387081488966942
24051,0.009368738159537315
24052,0.009393029846251011
24053,0.00942035112529993
24054,0.009422799572348595
24055,0.009382463060319424
24056,0.0093547273427248
24057,0.009373587556183338
24058,0.009405597113072872
24059,0.009417325258255005
24060,0.009379682131111622
24061,0.009344407357275486
24062,0.009355321526527405
24063,0.009388148784637451
24064,0.00940896850079298
24065,0.009377742186188698
24066,0.009338111616671085
24067,0.009339875541627407
24068,0.009368672035634518
24069,0.009394991211593151
24070,0.009372139349579811
24071,0.009333089925348759
24072,0.009327983483672142
24073,0.009349924512207508
24074,0.00937643926590681
24075,0.009360944852232933
24076,0.009326652623713017
24077,0.009318921715021133
24078,0.00933457724750042
24079,0.00935768149793148
24080,0.009346281178295612
24081,0.009317991323769093
24082,0.009311515837907791
24083,0.009324255399405956
24084,0.009344354271888733
24085,0.009334380738437176
24086,0.009309676475822926
24087,0.009304319508373737
24088,0.009315084666013718
24089,0.00933251902461052
24090,0.00932314433157444
24091,0.00930140819400549
24092,0.009297619573771954
24093,0.009307973086833954
24094,0.009323983453214169
24095,0.009314745664596558
24096,0.009294115006923676
24097,0.009290670044720173
24098,0.009300417266786098
24099,0.009315668605268002
24100,0.009306727908551693
24101,0.009286907501518726
24102,0.009283437393605709
24103,0.009292853996157646
24104,0.009308315813541412
24105,0.009300479665398598
24106,0.009280754253268242
24107,0.009275739081203938
24108,0.009282730519771576
24109,0.009296187199652195
24110,0.009289735928177834
24111,0.009272849187254906
24112,0.0092689860612154
24113,0.009275994263589382
24114,0.009289717301726341
24115,0.009284107014536858
24116,0.009267154149711132
24117,0.009261641651391983
24118,0.009265328757464886
24119,0.009274632669985294
24120,0.00926945824176073
24121,0.009257501922547817
24122,0.009256468154489994
24123,0.009264852851629257
24124,0.009280440397560596
24125,0.009276832453906536
24126,0.00925943348556757
24127,0.00925126951187849
24128,0.009249688126146793
24129,0.009251322597265244
24130,0.009250461123883724
24131,0.009258555248379707
24132,0.009284378960728645
24133,0.00933376420289278
24134,0.0094172777608037
24135,0.009479831904172897
24136,0.009525344707071781
24137,0.009633817709982395
24138,0.009841643273830414
24139,0.010212344117462635
24140,0.010933729819953442
24141,0.012270932085812092
24142,0.014622645452618599
24143,0.018680095672607422
24144,0.02572724223136902
24145,0.03540557622909546
24146,0.04903227090835571
24147,0.0669955462217331
24148,0.08743835240602493
24149,0.09683895111083984
24150,0.08523592352867126
24151,0.04922948032617569
24152,0.017672251909971237
24153,0.01363866776227951
24154,0.03138983994722366
24155,0.04059896245598793
24156,0.02763102576136589
24157,0.014297987334430218
24158,0.016883021220564842
24159,0.02687927335500717
24160,0.024378493428230286
24161,0.012589867226779461
24162,0.010747455060482025
24163,0.018062591552734375
24164,0.020958954468369484
24165,0.01435051579028368
24166,0.011888508684933186
24167,0.017402375116944313
24168,0.0194258950650692
24169,0.014143281616270542
24170,0.009953991509974003
24171,0.015494709834456444
24172,0.02061007358133793
24173,0.016865670680999756
24174,0.010987662710249424
24175,0.012503579258918762
24176,0.019668731838464737
24177,0.019405752420425415
24178,0.012364646419882774
24179,0.009811410680413246
24180,0.014956355094909668
24181,0.018964074552059174
24182,0.014725645072758198
24183,0.009840201586484909
24184,0.011605764739215374
24185,0.015816744416952133
24186,0.015110200271010399
24187,0.010714981704950333
24188,0.009724845178425312
24189,0.012521220371127129
24190,0.013579696416854858
24191,0.01126133929938078
24192,0.009519919753074646
24193,0.010661586187779903
24194,0.01206917967647314
24195,0.011214504018425941
24196,0.009685891680419445
24197,0.009767497889697552
24198,0.010803488083183765
24199,0.010889653116464615
24200,0.009870808571577072
24201,0.009454760700464249
24202,0.010091792792081833
24203,0.010545279830694199
24204,0.010101861320436
24205,0.009447755292057991
24206,0.00962307583540678
24207,0.010200831107795238
24208,0.01018921472132206
24209,0.009626816026866436
24210,0.009333876892924309
24211,0.009728021919727325
24212,0.010093096643686295
24213,0.009844541549682617
24214,0.00937938503921032
24215,0.00934410747140646
24216,0.009737030602991581
24217,0.00990297645330429
24218,0.009604362770915031
24219,0.009293604642152786
24220,0.009364361874759197
24221,0.009649752639234066
24222,0.009698179550468922
24223,0.009456038475036621
24224,0.009269336238503456
24225,0.009346605278551579
24226,0.009524318389594555
24227,0.009532950818538666
24228,0.009372160769999027
24229,0.009258350357413292
24230,0.009306512773036957
24231,0.00940990261733532
24232,0.009417073801159859
24233,0.00932492595165968
24234,0.009254568256437778
24235,0.009277773089706898
24236,0.009339854121208191
24237,0.009356647729873657
24238,0.009317707270383835
24239,0.0092854592949152
24240,0.009306631051003933
24241,0.00936043169349432
24242,0.009408880025148392
24243,0.009444066323339939
24244,0.00950077548623085
24245,0.009616915136575699
24246,0.009808100759983063
24247,0.010087750852108002
24248,0.01049689669162035
24249,0.01111557986587286
24250,0.012062559835612774
24251,0.013495584949851036
24252,0.01570736989378929
24253,0.018999209627509117
24254,0.023908942937850952
24255,0.03057543933391571
24256,0.03932761400938034
24257,0.04894161596894264
24258,0.05762167274951935
24259,0.059893835335969925
24260,0.052750758826732635
24261,0.035943157970905304
24262,0.01838003098964691
24263,0.009777284227311611
24264,0.013219636864960194
24265,0.022100010886788368
24266,0.026842286810278893
24267,0.023513780906796455
24268,0.015740232542157173
24269,0.010347158648073673
24270,0.010966537520289421
24271,0.015153096988797188
24272,0.017846718430519104
24273,0.01625322923064232
24274,0.012133695185184479
24275,0.009763466194272041
24276,0.010632646270096302
24277,0.012791352346539497
24278,0.013532646000385284
24279,0.012252237647771835
24280,0.010508144274353981
24281,0.009707185439765453
24282,0.010157390497624874
24283,0.01100925263017416
24284,0.01127555686980486
24285,0.010700109414756298
24286,0.009800915606319904
24287,0.009405836462974548
24288,0.009694564156234264
24289,0.010141151957213879
24290,0.010228362865746021
24291,0.009888018481433392
24292,0.009469687007367611
24293,0.009304453618824482
24294,0.009426498785614967
24295,0.009660386480391026
24296,0.009762110188603401
24297,0.009611533023416996
24298,0.00935379322618246
24299,0.009220268577337265
24300,0.009307848289608955
24301,0.009502888657152653
24302,0.00958193652331829
24303,0.009485537186264992
24304,0.009317292831838131
24305,0.009211781434714794
24306,0.009261293336749077
24307,0.009394831955432892
24308,0.009485647082328796
24309,0.009457441978156567
24310,0.009308828972280025
24311,0.009190711192786694
24312,0.009205677546560764
24313,0.009310835972428322
24314,0.009403366595506668
24315,0.00936541985720396
24316,0.009246902540326118
24317,0.009172950871288776
24318,0.009175708517432213
24319,0.009230623953044415
24320,0.009251072071492672
24321,0.00921605248004198
24322,0.00917871668934822
24323,0.009157668799161911
24324,0.009158280678093433
24325,0.009158313274383545
24326,0.009149049408733845
24327,0.009145398624241352
24328,0.009146934375166893
24329,0.009150749072432518
24330,0.009144756942987442
24331,0.009138383902609348
24332,0.009141209535300732
24333,0.009148855693638325
24334,0.009156263433396816
24335,0.009143935516476631
24336,0.009130958467721939
24337,0.009135250933468342
24338,0.009148799814283848
24339,0.00916224904358387
24340,0.00914784800261259
24341,0.009123205207288265
24342,0.00911623053252697
24343,0.0091244513168931
24344,0.009140737354755402
24345,0.009136500768363476
24346,0.00911882147192955
24347,0.00911013688892126
24348,0.009111239574849606
24349,0.009120813570916653
24350,0.009117653593420982
24351,0.009105982258915901
24352,0.009100730530917645
24353,0.009101415984332561
24354,0.009108135476708412
24355,0.009105000644922256
24356,0.009097392670810223
24357,0.009095631539821625
24358,0.009097956120967865
24359,0.00910486001521349
24360,0.009099985472857952
24361,0.009090356528759003
24362,0.009087338112294674
24363,0.00908919982612133
24364,0.009097237139940262
24365,0.00909445434808731
24366,0.009085068479180336
24367,0.009079953655600548
24368,0.009077335707843304
24369,0.009079809300601482
24370,0.009077413938939571
24371,0.009073975495994091
24372,0.009074133820831776
24373,0.009074708446860313
24374,0.009078574366867542
24375,0.009074443951249123
24376,0.009068209677934647
24377,0.009066641330718994
24378,0.009064930491149426
24379,0.009065268561244011
24380,0.009060963988304138
24381,0.009058425202965736
24382,0.00906109157949686
24383,0.009063594043254852
24384,0.009067906998097897
24385,0.009063626639544964
24386,0.009057532995939255
24387,0.009057478047907352
24388,0.009055955335497856
24389,0.009052562527358532
24390,0.00905092153698206
24391,0.00906434841454029
24392,0.009093797765672207
24393,0.009137927554547787
24394,0.009205171838402748
24395,0.009266096167266369
24396,0.00933403242379427
24397,0.00947101041674614
24398,0.00970174465328455
24399,0.010096334852278233
24400,0.010795447044074535
24401,0.012058666907250881
24402,0.014160589314997196
24403,0.017801886424422264
24404,0.023649994283914566
24405,0.03239711374044418
24406,0.04361162334680557
24407,0.06042114645242691
24408,0.07618333399295807
24409,0.08897384256124496
24410,0.08031898736953735
24411,0.05551177263259888
24412,0.028348974883556366
24413,0.019213562831282616
24414,0.028105933219194412
24415,0.033992327749729156
24416,0.028460364788770676
24417,0.01956569217145443
24418,0.016545690596103668
24419,0.016858385875821114
24420,0.014524843543767929
24421,0.013242890127003193
24422,0.01668981835246086
24423,0.018355101346969604
24424,0.014814836904406548
24425,0.012148252688348293
24426,0.01493473444133997
24427,0.017947271466255188
24428,0.017355255782604218
24429,0.017393726855516434
24430,0.021042943000793457
24431,0.02441508136689663
24432,0.024647220969200134
24433,0.025607546791434288
24434,0.028416819870471954
24435,0.029518762603402138
24436,0.026652976870536804
24437,0.022668275982141495
24438,0.01860332489013672
24439,0.013843847438693047
24440,0.009941739961504936
24441,0.01000188384205103
24442,0.01320875808596611
24443,0.01579916477203369
24444,0.015850743278861046
24445,0.014157682657241821
24446,0.012191821821033955
24447,0.010567809455096722
24448,0.009924154728651047
24449,0.010738917626440525
24450,0.011890465393662453
24451,0.012241960503160954
24452,0.011684075929224491
24453,0.010758091695606709
24454,0.009990246966481209
24455,0.009466134011745453
24456,0.009640637785196304
24457,0.01047356054186821
24458,0.011074989102780819
24459,0.01079118624329567
24460,0.009800832718610764
24461,0.009273133240640163
24462,0.009608866646885872
24463,0.01018366776406765
24464,0.010390950366854668
24465,0.009941672906279564
24466,0.009552712552249432
24467,0.009669192135334015
24468,0.010052360594272614
24469,0.01035564485937357
24470,0.009971641935408115
24471,0.009350174106657505
24472,0.009194090962409973
24473,0.009519107639789581
24474,0.010041983798146248
24475,0.009973634965717793
24476,0.009435177780687809
24477,0.009116755798459053
24478,0.009149080142378807
24479,0.009408625774085522
24480,0.009391076862812042
24481,0.009146871976554394
24482,0.009074408560991287
24483,0.009180557914078236
24484,0.009336605668067932
24485,0.009230170398950577
24486,0.009064540266990662
24487,0.009126882068812847
24488,0.00933312252163887
24489,0.009518706239759922
24490,0.00931679829955101
24491,0.00904201902449131
24492,0.009082891047000885
24493,0.009332310408353806
24494,0.009603255428373814
24495,0.009438668377697468
24496,0.009099241346120834
24497,0.009042970836162567
24498,0.009201504290103912
24499,0.009428289718925953
24500,0.009318085387349129
24501,0.009053902700543404
24502,0.009019429795444012
24503,0.009162972681224346
24504,0.009376329369843006
24505,0.00927712582051754
24506,0.009035742841660976
24507,0.009009318426251411
24508,0.009143275208771229
24509,0.009350063279271126
24510,0.009262376464903355
24511,0.009033222682774067
24512,0.009002774022519588
24513,0.009112264961004257
24514,0.009285613894462585
24515,0.009199273772537708
24516,0.00900384970009327
24517,0.009003126062452793
24518,0.009139575064182281
24519,0.009346883744001389
24520,0.00926380604505539
24521,0.009029651992022991
24522,0.00898018293082714
24523,0.009061203338205814
24524,0.00921865738928318
24525,0.009157370775938034
24526,0.008991729468107224
24527,0.008991960436105728
24528,0.009110350161790848
24529,0.009310639463365078
24530,0.00925636850297451
24531,0.00905249547213316
24532,0.009004880674183369
24533,0.009057331830263138
24534,0.009172608144581318
24535,0.009147772565484047
24536,0.009106510318815708
24537,0.009253881871700287
24538,0.009570477530360222
24539,0.010080035775899887
24540,0.010332382284104824
24541,0.010417689569294453
24542,0.010830092243850231
24543,0.011612006463110447
24544,0.012879956513643265
24545,0.015169816091656685
24546,0.019146684557199478
24547,0.025391120463609695
24548,0.03445698693394661
24549,0.04730244725942612
24550,0.05982840061187744
24551,0.06994952261447906
24552,0.07295946031808853
24553,0.06538926810026169
24554,0.045513398945331573
24555,0.024287372827529907
24556,0.011212547309696674
24557,0.011274425312876701
24558,0.020588649436831474
24559,0.029081637039780617
24560,0.029480688273906708
24561,0.02169010601937771
24562,0.01294015720486641
24563,0.010391736403107643
24564,0.014518225565552711
24565,0.01928042620420456
24566,0.01929675042629242
24567,0.01480915118008852
24568,0.01053248718380928
24569,0.010412721894681454
24570,0.01330526452511549
24571,0.015478203073143959
24572,0.014585207216441631
24573,0.011549331247806549
24574,0.009422024711966515
24575,0.009836213663220406
24576,0.011790869757533073
24577,0.012940558604896069
24578,0.012011456303298473
24579,0.010065321810543537
24580,0.009078430943191051
24581,0.009837647899985313
24582,0.011183769442141056
24583,0.01154413167387247
24584,0.010655788704752922
24585,0.009456546045839787
24586,0.009160465560853481
24587,0.009814607910811901
24588,0.010508007369935513
24589,0.01060573197901249
24590,0.01000227965414524
24591,0.009378376416862011
24592,0.009256874211132526
24593,0.009492387063801289
24594,0.009800598956644535
24595,0.009811144322156906
24596,0.009555109776556492
24597,0.009284084662795067
24598,0.009144537150859833
24599,0.00926970224827528
24600,0.009436540305614471
24601,0.009475617669522762
24602,0.009365503676235676
24603,0.009152276441454887
24604,0.009083620272576809
24605,0.00914838258177042
24606,0.009238622151315212
24607,0.009255506098270416
24608,0.009120232425630093
24609,0.008997996337711811
24610,0.008991069160401821
24611,0.009089131839573383
24612,0.009168695658445358
24613,0.009132273495197296
24614,0.009088189341127872
24615,0.009072012268006802
24616,0.009124194271862507
24617,0.009178406558930874
24618,0.009111929684877396
24619,0.008991612121462822
24620,0.008928081952035427
24621,0.009030199609696865
24622,0.009212611243128777
24623,0.009337627328932285
24624,0.009423110634088516
24625,0.009377161040902138
24626,0.009325772523880005
24627,0.009400725364685059
24628,0.009479629807174206
24629,0.009532892145216465
24630,0.009790879674255848
24631,0.010487138293683529
24632,0.011645079590380192
24633,0.013385118916630745
24634,0.016004227101802826
24635,0.01875649020075798
24636,0.02199995145201683
24637,0.026742300018668175
24638,0.03368466719985008
24639,0.041305653750896454
24640,0.04968409612774849
24641,0.053921811282634735
24642,0.05276033654808998
24643,0.042580798268318176
24644,0.02751099318265915
24645,0.014274541288614273
24646,0.009844005107879639
24647,0.014530600979924202
24648,0.02206014096736908
24649,0.02573123201727867
24650,0.021527133882045746
24651,0.014270047657191753
24652,0.010962137021124363
24653,0.012946812435984612
24654,0.016895588487386703
24655,0.016778629273176193
24656,0.01281669083982706
24657,0.009646915830671787
24658,0.009514342062175274
24659,0.011636797338724136
24660,0.012386768124997616
24661,0.011055098846554756
24662,0.009929615072906017
24663,0.009875498712062836
24664,0.01064741238951683
24665,0.010599138215184212
24666,0.009734058752655983
24667,0.009346656501293182
24668,0.009485690854489803
24669,0.00981520302593708
24670,0.009422949515283108
24671,0.008969844318926334
24672,0.009246839210391045
24673,0.009803324937820435
24674,0.010127857327461243
24675,0.009481224231421947
24676,0.009081177413463593
24677,0.009705683216452599
24678,0.010609719902276993
24679,0.01102051604539156
24680,0.009990979917347431
24681,0.009150132536888123
24682,0.00972659606486559
24683,0.010924819856882095
24684,0.011737238615751266
24685,0.010624464601278305
24686,0.009276023134589195
24687,0.009450629353523254
24688,0.010608077049255371
24689,0.011721571907401085
24690,0.010929763317108154
24691,0.009512517601251602
24692,0.009409891441464424
24693,0.010347247123718262
24694,0.011542998254299164
24695,0.011071080341935158
24696,0.009930931963026524
24697,0.00988533440977335
24698,0.010741766542196274
24699,0.011893993243575096
24700,0.011763837188482285
24701,0.011225275695323944
24702,0.011802883818745613
24703,0.01323588378727436
24704,0.015075255185365677
24705,0.015550665557384491
24706,0.015734920278191566
24707,0.016991738229990005
24708,0.018926432356238365
24709,0.020687351003289223
24710,0.020735330879688263
24711,0.019804786890745163
24712,0.019247492775321007
24713,0.018474258482456207
24714,0.01723671704530716
24715,0.013867338187992573
24716,0.010373231954872608
24717,0.009116905741393566
24718,0.009840397164225578
24719,0.011634958907961845
24720,0.01212901808321476
24721,0.011748131364583969
24722,0.011764715425670147
24723,0.011803592555224895
24724,0.011654479429125786
24725,0.010430865921080112
24726,0.009341293014585972
24727,0.00948207825422287
24728,0.010140491649508476
24729,0.010723445564508438
24730,0.010156186297535896
24731,0.009787308052182198
24732,0.010539531707763672
24733,0.01146160438656807
24734,0.011798165738582611
24735,0.010414762422442436
24736,0.00912724994122982
24737,0.009484890848398209
24738,0.010590710677206516
24739,0.011502496898174286
24740,0.010568870231509209
24741,0.009333048947155476
24742,0.009560967795550823
24743,0.01046814862638712
24744,0.011186989955604076
24745,0.010252020321786404
24746,0.00909455493092537
24747,0.009327252395451069
24748,0.010208305902779102
24749,0.010845140554010868
24750,0.00987133476883173
24751,0.008838807232677937
24752,0.009300533682107925
24753,0.010525400750339031
24754,0.011573456227779388
24755,0.010608850046992302
24756,0.00914038997143507
24757,0.009140165522694588
24758,0.009983869269490242
24759,0.010809581726789474
24760,0.01002118643373251
24761,0.008902205154299736
24762,0.009099842980504036
24763,0.010034160688519478
24764,0.010891532525420189
24765,0.01005635131150484
24766,0.008887868374586105
24767,0.009073157794773579
24768,0.010051819495856762
24769,0.011035558767616749
24770,0.01026887260377407
24771,0.009006805717945099
24772,0.009022064507007599
24773,0.00978397112339735
24774,0.010540952906012535
24775,0.009812911041080952
24776,0.008835673332214355
24777,0.009112060070037842
24778,0.010164551436901093
24779,0.011302006430923939
24780,0.010620776563882828
24781,0.009269149973988533
24782,0.00911038089543581
24783,0.009638049639761448
24784,0.010117503814399242
24785,0.00956791453063488
24786,0.009327725507318974
24787,0.0105616869404912
24788,0.013079422526061535
24789,0.016640905290842056
24790,0.017894426360726357
24791,0.01791447028517723
24792,0.019813265651464462
24793,0.024039149284362793
24794,0.028633952140808105
24795,0.03760707378387451
24796,0.048683080822229385
24797,0.061587247997522354
24798,0.06540367007255554
24799,0.05943484231829643
24800,0.036916814744472504
24801,0.017116772010922432
24802,0.016383830457925797
24803,0.0297190360724926
24804,0.04480186849832535
24805,0.042450033128261566
24806,0.03291277587413788
24807,0.03177325800061226
24808,0.040494102984666824
24809,0.05229099839925766
24810,0.05645736679434776
24811,0.05180765688419342
24812,0.04294024780392647
24813,0.029733341187238693
24814,0.020473111420869827
24815,0.01599024049937725
24816,0.017360152676701546
24817,0.022503044456243515
24818,0.026400446891784668
24819,0.02801012061536312
24820,0.020695511251688004
24821,0.013011664152145386
24822,0.015897464007139206
24823,0.024131033569574356
24824,0.027099061757326126
24825,0.017423979938030243
24826,0.012988630682229996
24827,0.021419363096356392
24828,0.028360877186059952
24829,0.024494990706443787
24830,0.013092993758618832
24831,0.015546601265668869
24832,0.027699381113052368
24833,0.03157202899456024
24834,0.024303387850522995
24835,0.013439658097922802
24836,0.01878729835152626
24837,0.031000662595033646
24838,0.03280334919691086
24839,0.02390364184975624
24840,0.013504868373274803
24841,0.022067036479711533
24842,0.03589577227830887
24843,0.032928716391325
24844,0.01841622404754162
24845,0.012262952513992786
24846,0.028993260115385056
24847,0.040124475955963135
24848,0.025197366252541542
24849,0.010091273114085197
24850,0.01826152391731739
24851,0.03583851456642151
24852,0.030986333265900612
24853,0.012503162026405334
24854,0.01246122270822525
24855,0.026947621256113052
24856,0.028637386858463287
24857,0.015786239877343178
24858,0.01106038223952055
24859,0.01808079704642296
24860,0.021920017898082733
24861,0.017145538702607155
24862,0.012411572970449924
24863,0.01309643778949976
24864,0.015237020328640938
24865,0.015573813579976559
24866,0.013405807316303253
24867,0.010827864520251751
24868,0.01137537881731987
24869,0.013696175068616867
24870,0.01295352354645729
24871,0.009862648323178291
24872,0.009653432294726372
24873,0.012067535892128944
24874,0.012079850770533085
24875,0.009583192877471447
24876,0.009186480194330215
24877,0.010935159400105476
24878,0.01106654666364193
24879,0.009520210325717926
24880,0.009115923196077347
24881,0.010050846263766289
24882,0.010268615558743477
24883,0.009562765248119831
24884,0.009228862822055817
24885,0.009448491968214512
24886,0.009570327587425709
24887,0.009469614364206791
24888,0.009314974769949913
24889,0.009136809036135674
24890,0.009097621776163578
24891,0.00925370678305626
24892,0.009292767383158207
24893,0.00904313288629055
24894,0.008873912505805492
24895,0.009025082923471928
24896,0.009140463545918465
24897,0.008979307487607002
24898,0.008813547901809216
24899,0.008892896585166454
24900,0.008992599323391914
24901,0.008905365131795406
24902,0.008805332705378532
24903,0.0088415602222085
24904,0.008908097632229328
24905,0.00885925441980362
24906,0.008793757297098637
24907,0.008818049915134907
24908,0.008854533545672894
24909,0.008834575302898884
24910,0.008789105340838432
24911,0.008800262585282326
24912,0.008835069835186005
24913,0.008830214850604534
24914,0.00880158506333828
24915,0.008782116696238518
24916,0.00880416203290224
24917,0.008830783888697624
24918,0.008826970122754574
24919,0.008798042312264442
24920,0.008769297040998936
24921,0.00879221223294735
24922,0.00883367471396923
24923,0.008832949213683605
24924,0.008785249665379524
24925,0.008745159022510052
24926,0.008780439384281635
24927,0.008837205357849598
24928,0.008833849802613258
24929,0.008774539455771446
24930,0.008730295114219189
24931,0.008768079802393913
24932,0.008828469552099705
24933,0.008828235790133476
24934,0.00877064373344183
24935,0.008720719255506992
24936,0.008748441934585571
24937,0.008809424005448818
24938,0.008823012001812458
24939,0.008776644244790077
24940,0.008718127384781837
24941,0.008727745153009892
24942,0.008786528371274471
24943,0.008816305547952652
24944,0.008784730918705463
24945,0.008721224032342434
24946,0.008715040981769562
24947,0.00877272617071867
24948,0.00882444903254509
24949,0.008824888616800308
24950,0.008778062649071217
24951,0.008778320625424385
24952,0.008864005096256733
24953,0.008986416272819042
24954,0.009108180180191994
24955,0.009250502102077007
24956,0.009550393559038639
24957,0.010146360844373703
24958,0.011144661344587803
24959,0.01277290191501379
24960,0.015306740067899227
24961,0.019533347338438034
24962,0.026361340656876564
24963,0.037183720618486404
24964,0.05203969404101372
24965,0.0704144835472107
24966,0.08444828540086746
24967,0.08602038025856018
24968,0.06478342413902283
24969,0.03196621686220169
24970,0.010782914236187935
24971,0.014752679504454136
24972,0.03210112452507019
24973,0.0403650626540184
24974,0.03089817240834236
24975,0.015771903097629547
24976,0.010191556066274643
24977,0.016868831589818
24978,0.025128217414021492
24979,0.02408650889992714
24980,0.015160535462200642
24981,0.009193897247314453
24982,0.012686360627412796
24983,0.0187417883425951
24984,0.01806269958615303
24985,0.012115325778722763
24986,0.009280357509851456
24987,0.01201387494802475
24988,0.015066619962453842
24989,0.014206928201019764
24990,0.01098896935582161
24991,0.00958941038697958
24992,0.010930285789072514
24993,0.012743075378239155
24994,0.012585056945681572
24995,0.010417715646326542
24996,0.009089333936572075
24997,0.010095745325088501
24998,0.01172275748103857
24999,0.011592142283916473
25000,0.009750892408192158
25001,0.008801204152405262
25002,0.009730649180710316
25003,0.010852308012545109
25004,0.010668893344700336
25005,0.009436527267098427
25006,0.008828246966004372
25007,0.009391183964908123
25008,0.010092683136463165
25009,0.010087155736982822
25010,0.00930581334978342
25011,0.008793107233941555
25012,0.009119580499827862
25013,0.009668284095823765
25014,0.009760668501257896
25015,0.009173886850476265
25016,0.008746077306568623
25017,0.008985033258795738
25018,0.009427380748093128
25019,0.009548982605338097
25020,0.009112830273807049
25021,0.008761242032051086
25022,0.00890269409865141
25023,0.009253334254026413
25024,0.009438863955438137
25025,0.009132035076618195
25026,0.008783252909779549
25027,0.008812924847006798
25028,0.00910993479192257
25029,0.00936532486230135
25030,0.00914772693067789
25031,0.00878273043781519
25032,0.008732985705137253
25033,0.008979672566056252
25034,0.009250483475625515
25035,0.009096513502299786
25036,0.00876154936850071
25037,0.008686904795467854
25038,0.008878148160874844
25039,0.009115474298596382
25040,0.009002556093037128
25041,0.008728749118745327
25042,0.008666708134114742
25043,0.008818019181489944
25044,0.00901701208204031
25045,0.00892580859363079
25046,0.008701869286596775
25047,0.008655534125864506
25048,0.008781435899436474
25049,0.008955629542469978
25050,0.008879022672772408
25051,0.008686056360602379
25052,0.00864511076360941
25053,0.008748777210712433
25054,0.008903657086193562
25055,0.008841400034725666
25056,0.008675136603415012
25057,0.0086376266553998
25058,0.008722742088139057
25059,0.008859722875058651
25060,0.008807744830846786
25061,0.008664744906127453
25062,0.00863310880959034
25063,0.008709370158612728
25064,0.008838758803904057
25065,0.008794402703642845
25066,0.008661680854856968
25067,0.008625935763120651
25068,0.008690128102898598
25069,0.008813750930130482
25070,0.008781377226114273
25071,0.00865985732525587
25072,0.008617944084107876
25073,0.008666500449180603
25074,0.008779911324381828
25075,0.00875953957438469
25076,0.008654401637613773
25077,0.008612025529146194
25078,0.008648866787552834
25079,0.00875340960919857
25080,0.00874231569468975
25081,0.00865030288696289
25082,0.00860628206282854
25083,0.008629200980067253
25084,0.008719459176063538
25085,0.008715453557670116
25086,0.008641134947538376
25087,0.00860301312059164
25088,0.008620020002126694
25089,0.00870221946388483
25090,0.00870202761143446
25091,0.008636769838631153
25092,0.008598731830716133
25093,0.00860475655645132
25094,0.008672608993947506
25095,0.00867589469999075
25096,0.008626403287053108
25097,0.008596750907599926
25098,0.008601374924182892
25099,0.00866582803428173
25100,0.008672135882079601
25101,0.00862620584666729
25102,0.008592282421886921
25103,0.008578361012041569
25104,0.008613762445747852
25105,0.008618849329650402
25106,0.008603566326200962
25107,0.00860167108476162
25108,0.008618494495749474
25109,0.008693710900843143
25110,0.008712819777429104
25111,0.008673330768942833
25112,0.008640377782285213
25113,0.008602992631494999
25114,0.008589359000325203
25115,0.00866488553583622
25116,0.008916652761399746
25117,0.009339633397758007
25118,0.010049788281321526
25119,0.011314131319522858
25120,0.012775982730090618
25121,0.014730600640177727
25122,0.018115326762199402
25123,0.024192970246076584
25124,0.033543020486831665
25125,0.048331305384635925
25126,0.06553970277309418
25127,0.08396527171134949
25128,0.08668411523103714
25129,0.07055369019508362
25130,0.03480059653520584
25131,0.011095247231423855
25132,0.016176553443074226
25133,0.03502044826745987
25134,0.04326428100466728
25135,0.029027707874774933
25136,0.014431865885853767
25137,0.015346689149737358
25138,0.02245284616947174
25139,0.02514956146478653
25140,0.02053724229335785
25141,0.0173468217253685
25142,0.016894815489649773
25143,0.015956290066242218
25144,0.01816512458026409
25145,0.02083040028810501
25146,0.020083574578166008
25147,0.018156029284000397
25148,0.021862026304006577
25149,0.03073948621749878
25150,0.03392484784126282
25151,0.033730607479810715
25152,0.03734688088297844
25153,0.0423474982380867
25154,0.0372074618935585
25155,0.022347450256347656
25156,0.01502323616296053
25157,0.0175335556268692
25158,0.018141308799386024
25159,0.014927037060260773
25160,0.01598931849002838
25161,0.02229306846857071
25162,0.022231508046388626
25163,0.015871115028858185
25164,0.012011989951133728
25165,0.01321543101221323
25166,0.016833888366818428
25167,0.018820015713572502
25168,0.01852482184767723
25169,0.015059270896017551
25170,0.010230571031570435
25171,0.011740902438759804
25172,0.017855333164334297
25173,0.019328385591506958
25174,0.014180225320160389
25175,0.009137647226452827
25176,0.011568475514650345
25177,0.01673789881169796
25178,0.017045125365257263
25179,0.013251650147140026
25180,0.009794765152037144
25181,0.011664826422929764
25182,0.015781667083501816
25183,0.01615102030336857
25184,0.012526006437838078
25185,0.009313982911407948
25186,0.011925026774406433
25187,0.016193639487028122
25188,0.015700630843639374
25189,0.011414674110710621
25190,0.008968330919742584
25191,0.012354698032140732
25192,0.016142811626195908
25193,0.01493820920586586
25194,0.010783969424664974
25195,0.008925167843699455
25196,0.01227096002548933
25197,0.015624072402715683
25198,0.014224064536392689
25199,0.01028455514460802
25200,0.00882018357515335
25201,0.012079257518053055
25202,0.014966259710490704
25203,0.013300569728016853
25204,0.009704960510134697
25205,0.008836483582854271
25206,0.011889416724443436
25207,0.014089543372392654
25208,0.01233285665512085
25209,0.00933101773262024
25210,0.008884767070412636
25211,0.01145973615348339
25212,0.013101005926728249
25213,0.01158553920686245
25214,0.009167933836579323
25215,0.008847673423588276
25216,0.010888228192925453
25217,0.012170295231044292
25218,0.010976677760481834
25219,0.009038623422384262
25220,0.008749166503548622
25221,0.010325893759727478
25222,0.011362283490598202
25223,0.010490654967725277
25224,0.008966177701950073
25225,0.00863886158913374
25226,0.009772887453436852
25227,0.010640803724527359
25228,0.01011764444410801
25229,0.008970247581601143
25230,0.008565372787415981
25231,0.009299947880208492
25232,0.010042770765721798
25233,0.009827813133597374
25234,0.008996926248073578
25235,0.008526135236024857
25236,0.008940274827182293
25237,0.00957297533750534
25238,0.009593966417014599
25239,0.009032030589878559
25240,0.008537723682820797
25241,0.008703883737325668
25242,0.009214849211275578
25243,0.009388989768922329
25244,0.009053419344127178
25245,0.008581047877669334
25246,0.008565109223127365
25247,0.008948925882577896
25248,0.009207244031131268
25249,0.009057030081748962
25250,0.00863910373300314
25251,0.008500001393258572
25252,0.008762786164879799
25253,0.009048201143741608
25254,0.009035343304276466
25255,0.008688129484653473
25256,0.008478814736008644
25257,0.008639203384518623
25258,0.008910788223147392
25259,0.008984683081507683
25260,0.008710416033864021
25261,0.008476332761347294
25262,0.008563420735299587
25263,0.008801702409982681
25264,0.008920803666114807
25265,0.00870757456868887
25266,0.008476783521473408
25267,0.008519790135324001
25268,0.008722242899239063
25269,0.008857707493007183
25270,0.008688362315297127
25271,0.008473487570881844
25272,0.008494309149682522
25273,0.008667000569403172
25274,0.008802288211882114
25275,0.0086598489433527
25276,0.008464607410132885
25277,0.008480598218739033
25278,0.008636918850243092
25279,0.00877023208886385
25280,0.008641724474728107
25281,0.008457615040242672
25282,0.008470696397125721
25283,0.008615844883024693
25284,0.00874609500169754
25285,0.008626282215118408
25286,0.00845224317163229
25287,0.008468740619719028
25288,0.00861683115363121
25289,0.0087632080540061
25290,0.008658652193844318
25291,0.008489115163683891
25292,0.008509156294167042
25293,0.008668160066008568
25294,0.008846869692206383
25295,0.008827255107462406
25296,0.00880651455372572
25297,0.009053880348801613
25298,0.009591997601091862
25299,0.010430037043988705
25300,0.01138974353671074
25301,0.012902364134788513
25302,0.015688862651586533
25303,0.0204631295055151
25304,0.02796815149486065
25305,0.039420753717422485
25306,0.054976992309093475
25307,0.07378394901752472
25308,0.08722355961799622
25309,0.08625727146863937
25310,0.06149140000343323
25311,0.02751978114247322
25312,0.009358459152281284
25313,0.01710551790893078
25314,0.03545656055212021
25315,0.0410415455698967
25316,0.02866986021399498
25317,0.014130628667771816
25318,0.011108293198049068
25319,0.01863515004515648
25320,0.024496227502822876
25321,0.021244049072265625
25322,0.01373703870922327
25323,0.009964886121451855
25324,0.013477180153131485
25325,0.01738835871219635
25326,0.015333539806306362
25327,0.01070510596036911
25328,0.00929553434252739
25329,0.012246858328580856
25330,0.013712306506931782
25331,0.011478678323328495
25332,0.009360011667013168
25333,0.009551383554935455
25334,0.011250663548707962
25335,0.011269371956586838
25336,0.009846397675573826
25337,0.009165450930595398
25338,0.009502113796770573
25339,0.01045624352991581
25340,0.010360930114984512
25341,0.009432479739189148
25342,0.00889186467975378
25343,0.009206070564687252
25344,0.010188307613134384
25345,0.010074809193611145
25346,0.009087912738323212
25347,0.008639967069029808
25348,0.009165409952402115
25349,0.010033398866653442
25350,0.009669585153460503
25351,0.008745848201215267
25352,0.008651279844343662
25353,0.00929785892367363
25354,0.009855927899479866
25355,0.009288172237575054
25356,0.008579472079873085
25357,0.00876421108841896
25358,0.009386815130710602
25359,0.009769544005393982
25360,0.009145697578787804
25361,0.008540995419025421
25362,0.008807983249425888
25363,0.009412446990609169
25364,0.009778199717402458
25365,0.009154902771115303
25366,0.008529044687747955
25367,0.008762872777879238
25368,0.009369764477014542
25369,0.009783065877854824
25370,0.009189525619149208
25371,0.008515470661222935
25372,0.008676701225340366
25373,0.009276020340621471
25374,0.009768623858690262
25375,0.009253574535250664
25376,0.008543080650269985
25377,0.008584713563323021
25378,0.009124843403697014
25379,0.009696243330836296
25380,0.00931429211050272
25381,0.008606777526438236
25382,0.008509904146194458
25383,0.00892594549804926
25384,0.009504934772849083
25385,0.009266139008104801
25386,0.008639008738100529
25387,0.008472612127661705
25388,0.008780536241829395
25389,0.00932859443128109
25390,0.00918752420693636
25391,0.008646233938634396
25392,0.008452403359115124
25393,0.008669980801641941
25394,0.009155085310339928
25395,0.009073128923773766
25396,0.008624031208455563
25397,0.008443145081400871
25398,0.008607342839241028
25399,0.009030474349856377
25400,0.008973415940999985
25401,0.008595611900091171
25402,0.008440637029707432
25403,0.008581817150115967
25404,0.008965116925537586
25405,0.00891910120844841
25406,0.008581732399761677
25407,0.00843721628189087
25408,0.008551731705665588
25409,0.008891222067177296
25410,0.008853969164192677
25411,0.00856060441583395
25412,0.008436753414571285
25413,0.008547444827854633
25414,0.008883525617420673
25415,0.008864377625286579
25416,0.008578477427363396
25417,0.008425969630479813
25418,0.008467643521726131
25419,0.008716298267245293
25420,0.00871208030730486
25421,0.008527970872819424
25422,0.008458978496491909
25423,0.008578585460782051
25424,0.008954576216638088
25425,0.009016080759465694
25426,0.00876325648277998
25427,0.008569124154746532
25428,0.008468418382108212
25429,0.0085041094571352
25430,0.008731750771403313
25431,0.00942998006939888
25432,0.010690230876207352
25433,0.012963221408426762
25434,0.01710059493780136
25435,0.02138560079038143
25436,0.02649477683007717
25437,0.034159157425165176
25438,0.04643792286515236
25439,0.059544287621974945
25440,0.07384468615055084
25441,0.0755920261144638
25442,0.06184246391057968
25443,0.03377692401409149
25444,0.012659863568842411
25445,0.01160973496735096
25446,0.02525676228106022
25447,0.03632557392120361
25448,0.033069975674152374
25449,0.021392781287431717
25450,0.012759898789227009
25451,0.013088105246424675
25452,0.018404260277748108
25453,0.021859418600797653
25454,0.020470768213272095
25455,0.014838099479675293
25456,0.010540427640080452
25457,0.011975865811109543
25458,0.01667051948606968
25459,0.01788436248898506
25460,0.01299486868083477
25461,0.008823885582387447
25462,0.010708490386605263
25463,0.014811404049396515
25464,0.014861343428492546
25465,0.01060535665601492
25466,0.008625027723610401
25467,0.011026401072740555
25468,0.01327856071293354
25469,0.012363383546471596
25470,0.009662553668022156
25471,0.009198330342769623
25472,0.010883748531341553
25473,0.011930888518691063
25474,0.011458873748779297
25475,0.009871947579085827
25476,0.00934994500130415
25477,0.010225030593574047
25478,0.011261135339736938
25479,0.011481228284537792
25480,0.010019327513873577
25481,0.009014591574668884
25482,0.00978135783225298
25483,0.011271174997091293
25484,0.011753779835999012
25485,0.00993210356682539
25486,0.008631933480501175
25487,0.009641235694289207
25488,0.011447617784142494
25489,0.011878365650773048
25490,0.009757909923791885
25491,0.00842087622731924
25492,0.009693145751953125
25493,0.011623475700616837
25494,0.011953023262321949
25495,0.009662528522312641
25496,0.008369122631847858
25497,0.009824621491134167
25498,0.01182681042701006
25499,0.012113158591091633
25500,0.009687838144600391
25501,0.008356125093996525
25502,0.009937372989952564
25503,0.01209559291601181
25504,0.012487730011343956
25505,0.00990633200854063
25506,0.00844964012503624
25507,0.010144227184355259
25508,0.01251138560473919
25509,0.012981746345758438
25510,0.010290170088410378
25511,0.008860493078827858
25512,0.011003546416759491
25513,0.014123286120593548
25514,0.015616873279213905
25515,0.01355293020606041
25516,0.013149034231901169
25517,0.017300553619861603
25518,0.023681040853261948
25519,0.02885602042078972
25520,0.03199104964733124
25521,0.036818258464336395
25522,0.04598943144083023
25523,0.05081230774521828
25524,0.04750550165772438
25525,0.030603133141994476
25526,0.014883221127092838
25527,0.011194052174687386
25528,0.01755821704864502
25529,0.025975972414016724
25530,0.02575816586613655
25531,0.019190318882465363
25532,0.014647497795522213
25533,0.015171278268098831
25534,0.018743447959423065
25535,0.017041826620697975
25536,0.012855676002800465
25537,0.012551957741379738
25538,0.015499410219490528
25539,0.018008828163146973
25540,0.014107990078628063
25541,0.009298628196120262
25542,0.00991398561745882
25543,0.014118252322077751
25544,0.01707991398870945
25545,0.01295802928507328
25546,0.008711284026503563
25547,0.010189896449446678
25548,0.014245349913835526
25549,0.01616123877465725
25550,0.011751402169466019
25551,0.009017471224069595
25552,0.012255456298589706
25553,0.016484573483467102
25554,0.01680600643157959
25555,0.010826227255165577
25556,0.009089022874832153
25557,0.014680442400276661
25558,0.019674256443977356
25559,0.018492288887500763
25560,0.010512239299714565
25561,0.009431524202227592
25562,0.01727951131761074
25563,0.022960765287280083
25564,0.02013002149760723
25565,0.010314548388123512
25566,0.010609541088342667
25567,0.020916398614645004
25568,0.02628646045923233
25569,0.020631011575460434
25570,0.009586998261511326
25571,0.012979895807802677
25572,0.02594831958413124
25573,0.029192522168159485
25574,0.01929916813969612
25575,0.008588072843849659
25576,0.017121363431215286
25577,0.03169428929686546
25578,0.030007610097527504
25579,0.015712935477495193
25580,0.008804729208350182
25581,0.02335844561457634
25582,0.035647690296173096
25583,0.026340434327721596
25584,0.010878615081310272
25585,0.012130015529692173
25586,0.02951725199818611
25587,0.033503249287605286
25588,0.01813439093530178
25589,0.008527667261660099
25590,0.01810561493039131
25591,0.030186910182237625
25592,0.023765284568071365
25593,0.01043242309242487
25594,0.01108621247112751
25595,0.02152753248810768
25596,0.02276764251291752
25597,0.012943383306264877
25598,0.008757894858717918
25599,0.014813603833317757
25600,0.018359988927841187
25601,0.013154014945030212
25602,0.008561338298022747
25603,0.011229575611650944
25604,0.014701706357300282
25605,0.012289294973015785
25606,0.008647292852401733
25607,0.009709077887237072
25608,0.012401832267642021
25609,0.011600106954574585
25610,0.008806897327303886
25611,0.008967787027359009
25612,0.011135144159197807
25613,0.011125391349196434
25614,0.009078994393348694
25615,0.008466074243187904
25616,0.010056735016405582
25617,0.010736074298620224
25618,0.009376196190714836
25619,0.008321943692862988
25620,0.009046121500432491
25621,0.010002482682466507
25622,0.00950299296528101
25623,0.00845433585345745
25624,0.00846597459167242
25625,0.009185916744172573
25626,0.009243465028703213
25627,0.008598809130489826
25628,0.008283374831080437
25629,0.008645579218864441
25630,0.008886411786079407
25631,0.008579755201935768
25632,0.00827921461313963
25633,0.008386478759348392
25634,0.008627856150269508
25635,0.008529996499419212
25636,0.00828692689538002
25637,0.00830256287008524
25638,0.008477900177240372
25639,0.008504805155098438
25640,0.008315766230225563
25641,0.008260233327746391
25642,0.008415145799517632
25643,0.008500342257320881
25644,0.00838702917098999
25645,0.008238955400884151
25646,0.008327614516019821
25647,0.008498480543494225
25648,0.008480357006192207
25649,0.008310713805258274
25650,0.008228831924498081
25651,0.008386736735701561
25652,0.008529303595423698
25653,0.008447951637208462
25654,0.00826906319707632
25655,0.008230552077293396
25656,0.008402579464018345
25657,0.008517522364854813
25658,0.00841786153614521
25659,0.008250007405877113
25660,0.008224735036492348
25661,0.008379972539842129
25662,0.008479743264615536
25663,0.008392242714762688
25664,0.008241922594606876
25665,0.00820915400981903
25666,0.008334346115589142
25667,0.008429747074842453
25668,0.008372104726731777
25669,0.008244694210588932
25670,0.008196043781936169
25671,0.008285042829811573
25672,0.008378183469176292
25673,0.008356496691703796
25674,0.008257261477410793
25675,0.008198624476790428
25676,0.008261744864284992
25677,0.008366589434444904
25678,0.008405922912061214
25679,0.008384471759200096
25680,0.008387509733438492
25681,0.008527982048690319
25682,0.008809398859739304
25683,0.009195438586175442
25684,0.009751735255122185
25685,0.01071120984852314
25686,0.012452235445380211
25687,0.01553625799715519
25688,0.02058066613972187
25689,0.028926920145750046
25690,0.041030995547771454
25691,0.05810008570551872
25692,0.0756993293762207
25693,0.08749063313007355
25694,0.07844522595405579
25695,0.04973806440830231
25696,0.019358178600668907
25697,0.010445823892951012
25698,0.022865967825055122
25699,0.03596621751785278
25700,0.035475343465805054
25701,0.026021450757980347
25702,0.01680939644575119
25703,0.013686134479939938
25704,0.016347918659448624
25705,0.020937714725732803
25706,0.02094190940260887
25707,0.0144159821793437
25708,0.010160769335925579
25709,0.013233670964837074
25710,0.016574937850236893
25711,0.013998331502079964
25712,0.009823654778301716
25713,0.009971321560442448
25714,0.012644786387681961
25715,0.012409750372171402
25716,0.010423069819808006
25717,0.009863716550171375
25718,0.010059274733066559
25719,0.010160818696022034
25720,0.010187041014432907
25721,0.010360906831920147
25722,0.009725078009068966
25723,0.008758087642490864
25724,0.009207043796777725
25725,0.010134777054190636
25726,0.009757643565535545
25727,0.008557862602174282
25728,0.00847990158945322
25729,0.00943660270422697
25730,0.009516289457678795
25731,0.008605679497122765
25732,0.008265732787549496
25733,0.008824997581541538
25734,0.009147289209067822
25735,0.008676613681018353
25736,0.00824328325688839
25737,0.008445002138614655
25738,0.008751505985856056
25739,0.008723581209778786
25740,0.00841803289949894
25741,0.008266858756542206
25742,0.008414257317781448
25743,0.008577779866755009
25744,0.008643499575555325
25745,0.008427176624536514
25746,0.008229820989072323
25747,0.008340445347130299
25748,0.008573360741138458
25749,0.008702491410076618
25750,0.008434562012553215
25751,0.00820256769657135
25752,0.008339538238942623
25753,0.008601500652730465
25754,0.00873788632452488
25755,0.0084768608212471
25756,0.008240626193583012
25757,0.008324431255459785
25758,0.008555094711482525
25759,0.008746839128434658
25760,0.008565359748899937
25761,0.008296499960124493
25762,0.008264322765171528
25763,0.00845218077301979
25764,0.008716251701116562
25765,0.008620956912636757
25766,0.008322481997311115
25767,0.00819798931479454
25768,0.008342625573277473
25769,0.008627801202237606
25770,0.008586791343986988
25771,0.008302961476147175
25772,0.008154809474945068
25773,0.008266800083220005
25774,0.008522049523890018
25775,0.0084982980042696
25776,0.008256543427705765
25777,0.008131023496389389
25778,0.008226162753999233
25779,0.008438719436526299
25780,0.008412957191467285
25781,0.00821246299892664
25782,0.008118711411952972
25783,0.008206693455576897
25784,0.008387891575694084
25785,0.008357776328921318
25786,0.008185177110135555
25787,0.008111118339002132
25788,0.008190996013581753
25789,0.008352309465408325
25790,0.008323819376528263
25791,0.008170469664037228
25792,0.008103360421955585
25793,0.008171798661351204
25794,0.008322962559759617
25795,0.008305219002068043
25796,0.008167056366801262
25797,0.008095096796751022
25798,0.008140959776937962
25799,0.008276605047285557
25800,0.008275846019387245
25801,0.008163359947502613
25802,0.008091535419225693
25803,0.008113808929920197
25804,0.008227331563830376
25805,0.008238628506660461
25806,0.008155889809131622
25807,0.008093012496829033
25808,0.008100727573037148
25809,0.008196897804737091
25810,0.008214774541556835
25811,0.008152938447892666
25812,0.008095815777778625
25813,0.008088251575827599
25814,0.008164485916495323
25815,0.008186381310224533
25816,0.008146976120769978
25817,0.008101195096969604
25818,0.008086826652288437
25819,0.008153863251209259
25820,0.008180433884263039
25821,0.008152181282639503
25822,0.008106177672743797
25823,0.008065967820584774
25824,0.008090192452073097
25825,0.008113101124763489
25826,0.00813200417906046
25827,0.008139843121170998
25828,0.008151758462190628
25829,0.008245125412940979
25830,0.008310455828905106
25831,0.008334765210747719
25832,0.00837263185530901
25833,0.008419283665716648
25834,0.0085722915828228
25835,0.009053339250385761
25836,0.010125978849828243
25837,0.011948204599320889
25838,0.015087954699993134
25839,0.02046056091785431
25840,0.028222691267728806
25841,0.038307782262563705
25842,0.05336526036262512
25843,0.06727862358093262
25844,0.07744096964597702
25845,0.06824979186058044
25846,0.04608101025223732
25847,0.021926896646618843
25848,0.013797057792544365
25849,0.020907431840896606
25850,0.027653468772768974
25851,0.026982340961694717
25852,0.021933674812316895
25853,0.019355133175849915
25854,0.017014069482684135
25855,0.012668197974562645
25856,0.010721063241362572
25857,0.0142782311886549
25858,0.01763257570564747
25859,0.014660956338047981
25860,0.009470800869166851
25861,0.009408332407474518
25862,0.012294583022594452
25863,0.012264944612979889
25864,0.010414852760732174
25865,0.010441592894494534
25866,0.01123487763106823
25867,0.010048961266875267
25868,0.008513188920915127
25869,0.00926512572914362
25870,0.010695173405110836
25871,0.010248404927551746
25872,0.008849415928125381
25873,0.008530041202902794
25874,0.009133624844253063
25875,0.009315358474850655
25876,0.009015403687953949
25877,0.009120838716626167
25878,0.009666710160672665
25879,0.010179041884839535
25880,0.010862888768315315
25881,0.012905653566122055
25882,0.017050236463546753
25883,0.024178698658943176
25884,0.03522844240069389
25885,0.052668191492557526
25886,0.07112519443035126
25887,0.08732155710458755
25888,0.07662449777126312
25889,0.04707002267241478
25890,0.01962394081056118
25891,0.0148845836520195
25892,0.025766657665371895
25893,0.033149149268865585
25894,0.03241956606507301
25895,0.02890775352716446
25896,0.02139572612941265
25897,0.01676080748438835
25898,0.01800282672047615
25899,0.02163253352046013
25900,0.021673260256648064
25901,0.014621727168560028
25902,0.009631064720451832
25903,0.011919486336410046
25904,0.015419472008943558
25905,0.015599963255226612
25906,0.014128793962299824
25907,0.011479069478809834
25908,0.009084433317184448
25909,0.01061444915831089
25910,0.01308374758809805
25911,0.011870719492435455
25912,0.009491808712482452
25913,0.00940315518528223
25914,0.010421128012239933
25915,0.010496005415916443
25916,0.009623341262340546
25917,0.008888070471584797
25918,0.009026207961142063
25919,0.009461123496294022
25920,0.009522626176476479
25921,0.009202680550515652
25922,0.008588447235524654
25923,0.00820095930248499
25924,0.008651264011859894
25925,0.009092646650969982
25926,0.008745669387280941
25927,0.00832756794989109
25928,0.008282172493636608
25929,0.008371392264962196
25930,0.008446005173027515
25931,0.008463481441140175
25932,0.008320724591612816
25933,0.008160029537975788
25934,0.008189721964299679
25935,0.008322290144860744
25936,0.008345767855644226
25937,0.008214659057557583
25938,0.008078607730567455
25939,0.008097078651189804
25940,0.008191598579287529
25941,0.00817544013261795
25942,0.0081184022128582
25943,0.00811193510890007
25944,0.008097504265606403
25945,0.008064773865044117
25946,0.008059680461883545
25947,0.008078793063759804
25948,0.008068135008215904
25949,0.008035183884203434
25950,0.008023618720471859
25951,0.00802385713905096
25952,0.00802988838404417
25953,0.008027407340705395
25954,0.00801200233399868
25955,0.00800463929772377
25956,0.007999705150723457
25957,0.007994359359145164
25958,0.007991848513484001
25959,0.00799302477389574
25960,0.007992144674062729
25961,0.007988188415765762
25962,0.007987077347934246
25963,0.007984397932887077
25964,0.00797903910279274
25965,0.007978553883731365
25966,0.007982376962900162
25967,0.007979990914463997
25968,0.007973057217895985
25969,0.007968521676957607
25970,0.007967816665768623
25971,0.007967077195644379
25972,0.007964229211211205
25973,0.007962684147059917
25974,0.007962183095514774
25975,0.007960626855492592
25976,0.007955544628202915
25977,0.007949814200401306
25978,0.007949336431920528
25979,0.007951735518872738
25980,0.00795093271881342
25981,0.007945168763399124
25982,0.00793986301869154
25983,0.00793848093599081
25984,0.007937926799058914
25985,0.007936308160424232
25986,0.007933196611702442
25987,0.007930590771138668
25988,0.00792949739843607
25989,0.007928109727799892
25990,0.007925826124846935
25991,0.00792287290096283
25992,0.007920744828879833
25993,0.007919571362435818
25994,0.007917865179479122
25995,0.007915807887911797
25996,0.00791388563811779
25997,0.007912413217127323
25998,0.00791122391819954
25999,0.007909797132015228
26000,0.007907919585704803
26001,0.007905793376266956
26002,0.007904048077762127
26003,0.007902686484158039
26004,0.007901511155068874
26005,0.007900469936430454
26006,0.007899821735918522
26007,0.007899840362370014
26008,0.007901103235781193
26009,0.007904263213276863
26010,0.007908142171800137
26011,0.007913243025541306
26012,0.007922953926026821
26013,0.007940643467009068
26014,0.007971588522195816
26015,0.008020414970815182
26016,0.008099344559013844
26017,0.00823638029396534
26018,0.008472342975437641
26019,0.00888415239751339
26020,0.009494688361883163
26021,0.010472692549228668
26022,0.012175598181784153
26023,0.015194830484688282
26024,0.020237000659108162
26025,0.027727525681257248
26026,0.03770871460437775
26027,0.052230045199394226
26028,0.06664715707302094
26029,0.07690346240997314
26030,0.06679670512676239
26031,0.041635025292634964
26032,0.01645214855670929
26033,0.009547151625156403
26034,0.020669788122177124
26035,0.0306524857878685
26036,0.026980379596352577
26037,0.015744807198643684
26038,0.009286513552069664
26039,0.012256876565515995
26040,0.01649346761405468
26041,0.014930736273527145
26042,0.01101833488792181
26043,0.008977620862424374
26044,0.009932538494467735
26045,0.010342519730329514
26046,0.009216830134391785
26047,0.008699634112417698
26048,0.008898315951228142
26049,0.009461963549256325
26050,0.009103400632739067
26051,0.008865398354828358
26052,0.009360628202557564
26053,0.009709547273814678
26054,0.0096781887114048
26055,0.008835590444505215
26056,0.009082846343517303
26057,0.010392684489488602
26058,0.011192007921636105
26059,0.010858744382858276
26060,0.008987287059426308
26061,0.008886432275176048
26062,0.011051435023546219
26063,0.01290072314441204
26064,0.012562734074890614
26065,0.00940887350589037
26066,0.008375845849514008
26067,0.011094886809587479
26068,0.01404171995818615
26069,0.014096887782216072
26070,0.010036850348114967
26071,0.008093726821243763
26072,0.010983044281601906
26073,0.01467137224972248
26074,0.015111781656742096
26075,0.010517748072743416
26076,0.007974358275532722
26077,0.011000243946909904
26078,0.01512105017900467
26079,0.01572047919034958
26080,0.010687524452805519
26081,0.008047173731029034
26082,0.011513635516166687
26083,0.015932898968458176
26084,0.0162859745323658
26085,0.010677514597773552
26086,0.008171247318387032
26087,0.01236517634242773
26088,0.017132483422756195
26089,0.017112646251916885
26090,0.01071244478225708
26091,0.008493348956108093
26092,0.01364939659833908
26093,0.018695935606956482
26094,0.017861176282167435
26095,0.01054513268172741
26096,0.00894208438694477
26097,0.015413951128721237
26098,0.020709197968244553
26099,0.01886223629117012
26100,0.010459679178893566
26101,0.0097436448559165
26102,0.017706478014588356
26103,0.02289533242583275
26104,0.01930333487689495
26105,0.009956156834959984
26106,0.010976124554872513
26107,0.020818229764699936
26108,0.0252569317817688
26109,0.01934695988893509
26110,0.009455074556171894
26111,0.01315515860915184
26112,0.024649273604154587
26113,0.026978425681591034
26114,0.017794910818338394
26115,0.008722619153559208
26116,0.016508538275957108
26117,0.028835877776145935
26118,0.02704835869371891
26119,0.014941053465008736
26120,0.009188923053443432
26121,0.021370047703385353
26122,0.03151469677686691
26123,0.023942571133375168
26124,0.010922551155090332
26125,0.011317707598209381
26126,0.0257333442568779
26127,0.030111730098724365
26128,0.0178232379257679
26129,0.008984100073575974
26130,0.015893802046775818
26131,0.02702857367694378
26132,0.023397494107484818
26133,0.011765665374696255
26134,0.010362173430621624
26135,0.01921054534614086
26136,0.022514671087265015
26137,0.0152481310069561
26138,0.009904507547616959
26139,0.014030823484063148
26140,0.01880924217402935
26141,0.016079222783446312
26142,0.01098337210714817
26143,0.011586704291403294
26144,0.015237764455378056
26145,0.01489155925810337
26146,0.011222071945667267
26147,0.01041022501885891
26148,0.012514600530266762
26149,0.012980129569768906
26150,0.010471928864717484
26151,0.00910243485122919
26152,0.010314375162124634
26153,0.011038725264370441
26154,0.00963293481618166
26155,0.008148194290697575
26156,0.008880320936441422
26157,0.010082337073981762
26158,0.009571916423738003
26159,0.00827683787792921
26160,0.008232463151216507
26161,0.009468896314501762
26162,0.009844640269875526
26163,0.0089143430814147
26164,0.00826078187674284
26165,0.008792131207883358
26166,0.009567584842443466
26167,0.009351324290037155
26168,0.008628101088106632
26169,0.00849861092865467
26170,0.009003618732094765
26171,0.00928911566734314
26172,0.009007439948618412
26173,0.008705874904990196
26174,0.008858387358486652
26175,0.009199040941894054
26176,0.009312793612480164
26177,0.009266940876841545
26178,0.009395181201398373
26179,0.009765495546162128
26180,0.010176637209951878
26181,0.01055443100631237
26182,0.011091554537415504
26183,0.011862938292324543
26184,0.012836883775889874
26185,0.013836920261383057
26186,0.01499316655099392
26187,0.016299493610858917
26188,0.017700478434562683
26189,0.018800321966409683
26190,0.019491447135806084
26191,0.019503148272633553
26192,0.01882578618824482
26193,0.01714135706424713
26194,0.014708446338772774
26195,0.011990401893854141
26196,0.00971861183643341
26197,0.008313234895467758
26198,0.007876601070165634
26199,0.00828939862549305
26200,0.009212628938257694
26201,0.010187266394495964
26202,0.010774236172437668
26203,0.010788198560476303
26204,0.01031352486461401
26205,0.009599266573786736
26206,0.008856626227498055
26207,0.008228630758821964
26208,0.00786199327558279
26209,0.007833591662347317
26210,0.00807989202439785
26211,0.008436056785285473
26212,0.00872194766998291
26213,0.008867896161973476
26214,0.00887453556060791
26215,0.00875027198344469
26216,0.00852355919778347
26217,0.00824692565947771
26218,0.008004354313015938
26219,0.007857234217226505
26220,0.007804363965988159
26221,0.007809076923877001
26222,0.007844683714210987
26223,0.00790982786566019
26224,0.00799928791821003
26225,0.008082384243607521
26226,0.008128838613629341
26227,0.008128357119858265
26228,0.00810317974537611
26229,0.00807307381182909
26230,0.008032338693737984
26231,0.0079745352268219
26232,0.007906952872872353
26233,0.007846309803426266
26234,0.007806048728525639
26235,0.007783139124512672
26236,0.007765078451484442
26237,0.007745362352579832
26238,0.00772979948669672
26239,0.007725285831838846
26240,0.007729212753474712
26241,0.0077346377074718475
26242,0.007736935280263424
26243,0.007739086169749498
26244,0.0077462634071707726
26245,0.007756966166198254
26246,0.007768025156110525
26247,0.007778602186590433
26248,0.007790849078446627
26249,0.007809218019247055
26250,0.00783668365329504
26251,0.00787466112524271
26252,0.007924800738692284
26253,0.007992974482476711
26254,0.008089030161499977
26255,0.008220073767006397
26256,0.008401822298765182
26257,0.008663882501423359
26258,0.009043868631124496
26259,0.00959665235131979
26260,0.010404536500573158
26261,0.01157908421009779
26262,0.013296395540237427
26263,0.01576332189142704
26264,0.019250936806201935
26265,0.023900536820292473
26266,0.0297861248254776
26267,0.03650486096739769
26268,0.042988359928131104
26269,0.04667244479060173
26270,0.045279279351234436
26271,0.037035323679447174
26272,0.02473854273557663
26273,0.013320563361048698
26274,0.007972592487931252
26275,0.009855002164840698
26276,0.015687281265854836
26277,0.020529262721538544
26278,0.020823560655117035
26279,0.016584357246756554
26280,0.01110089011490345
26281,0.007999644614756107
26282,0.00871171336621046
26283,0.01163391675800085
26284,0.013831725344061852
26285,0.013525844551622868
26286,0.011155778542160988
26287,0.00870521366596222
26288,0.007834629155695438
26289,0.008713488467037678
26290,0.01017372589558363
26291,0.01086714118719101
26292,0.010306403040885925
26293,0.009036265313625336
26294,0.008016490377485752
26295,0.007836162112653255
26296,0.008353285491466522
26297,0.00899544358253479
26298,0.009228634648025036
26299,0.008912927471101284
26300,0.00832212995737791
26301,0.007850246503949165
26302,0.007738544140011072
26303,0.007952133193612099
26304,0.008256744593381882
26305,0.00841887854039669
26306,0.008344858884811401
26307,0.008098393678665161
26308,0.007838953286409378
26309,0.0077034286223351955
26310,0.0077325329184532166
26311,0.007871881127357483
26312,0.008009830489754677
26313,0.008056815713644028
26314,0.007993662729859352
26315,0.007860888727009296
26316,0.007738752756267786
26317,0.007683442905545235
26318,0.0076979161240160465
26319,0.007752788253128529
26320,0.00780414417386055
26321,0.00782598927617073
26322,0.007813426665961742
26323,0.007771744392812252
26324,0.007719322573393583
26325,0.007676354143768549
26326,0.007657933980226517
26327,0.007664521224796772
26328,0.007683080621063709
26329,0.007699508685618639
26330,0.007706332020461559
26331,0.007706568110734224
26332,0.007701283786445856
26333,0.007689606864005327
26334,0.007672619074583054
26335,0.007651128340512514
26336,0.0076372455805540085
26337,0.007637499365955591
26338,0.007646169979125261
26339,0.007655356079339981
26340,0.007655882276594639
26341,0.007651760708540678
26342,0.007649571634829044
26343,0.007648124359548092
26344,0.007645102217793465
26345,0.007636320777237415
26346,0.007626555394381285
26347,0.007621613796800375
26348,0.007620417047291994
26349,0.007620219606906176
26350,0.00761818140745163
26351,0.0076193721033632755
26352,0.007627241313457489
26353,0.007642320357263088
26354,0.00766522902995348
26355,0.007683746516704559
26356,0.007703708950430155
26357,0.007745855487883091
26358,0.007822668179869652
26359,0.007953302934765816
26360,0.008181476965546608
26361,0.008570871315896511
26362,0.009259666316211224
26363,0.010417679324746132
26364,0.012473120354115963
26365,0.015415647998452187
26366,0.020171402022242546
26367,0.027073828503489494
26368,0.038030609488487244
26369,0.04910077899694443
26370,0.05919690802693367
26371,0.05452539771795273
26372,0.040821440517902374
26373,0.020536966621875763
26374,0.010359682142734528
26375,0.014419002458453178
26376,0.022277697920799255
26377,0.0244339257478714
26378,0.02149016782641411
26379,0.024766985327005386
26380,0.04174170270562172
26381,0.07090552896261215
26382,0.10956336557865143
26383,0.14384502172470093
26384,0.1569059193134308
26385,0.10312847793102264
26386,0.046211354434490204
26387,0.03380163386464119
26388,0.03684195131063461
26389,0.05584799125790596
26390,0.08473379909992218
26391,0.056840453296899796
26392,0.017060110345482826
26393,0.02362525276839733
26394,0.03697781264781952
26395,0.030972952023148537
26396,0.03264472633600235
26397,0.02224992960691452
26398,0.011024310253560543
26399,0.02626664936542511
26400,0.027491386979818344
26401,0.015123920515179634
26402,0.016520703211426735
26403,0.01479161437600851
26404,0.01537768542766571
26405,0.019512567669153214
26406,0.011262932792305946
26407,0.010092533193528652
26408,0.015365777537226677
26409,0.013382282108068466
26410,0.011344553902745247
26411,0.010552254505455494
26412,0.011224642395973206
26413,0.012138782069087029
26414,0.009762427769601345
26415,0.009456142783164978
26416,0.0103511493653059
26417,0.01006983406841755
26418,0.01006262842565775
26419,0.008598028682172298
26420,0.008690401911735535
26421,0.01030253991484642
26422,0.009047233499586582
26423,0.00827684998512268
26424,0.00881716888397932
26425,0.00882769376039505
26426,0.0089536402374506
26427,0.008452991023659706
26428,0.00811096467077732
26429,0.008666221052408218
26430,0.008689667098224163
26431,0.008382730185985565
26432,0.008045130409300327
26433,0.007991163060069084
26434,0.008413034491240978
26435,0.008258278481662273
26436,0.007860185578465462
26437,0.007968585006892681
26438,0.008029426448047161
26439,0.008034755475819111
26440,0.007998688146471977
26441,0.007789451628923416
26442,0.007835861295461655
26443,0.007972551509737968
26444,0.007949377410113811
26445,0.007870505563914776
26446,0.007777780294418335
26447,0.00778986606746912
26448,0.00785900093615055
26449,0.0077951583079993725
26450,0.0077390410006046295
26451,0.007742590270936489
26452,0.00774137070402503
26453,0.007777422200888395
26454,0.007783087901771069
26455,0.007714948151260614
26456,0.0077061704359948635
26457,0.007721118163317442
26458,0.0077153039164841175
26459,0.0077148438431322575
26460,0.007684789597988129
26461,0.007671705447137356
26462,0.007689415477216244
26463,0.0076863993890583515
26464,0.007689343299716711
26465,0.0076741185039281845
26466,0.007651437073945999
26467,0.007659647148102522
26468,0.007660778239369392
26469,0.007655106484889984
26470,0.007645905017852783
26471,0.007636853493750095
26472,0.007638891693204641
26473,0.00764832878485322
26474,0.007657341659069061
26475,0.007644870784133673
26476,0.007626676931977272
26477,0.007621698081493378
26478,0.007618642877787352
26479,0.007616009097546339
26480,0.0076048243790864944
26481,0.007606059312820435
26482,0.0076266080141067505
26483,0.007656212896108627
26484,0.0077032349072396755
26485,0.007717661093920469
26486,0.007700970396399498
26487,0.007710150443017483
26488,0.00773802911862731
26489,0.007790401577949524
26490,0.007946304976940155
26491,0.00829307921230793
26492,0.008871150203049183
26493,0.009860171005129814
26494,0.011460958048701286
26495,0.013516773469746113
26496,0.015931129455566406
26497,0.019919194281101227
26498,0.02482614666223526
26499,0.03085142746567726
26500,0.033867791295051575
26501,0.032783474773168564
26502,0.025601018220186234
26503,0.016051359474658966
26504,0.00901417713612318
26505,0.007962722331285477
26506,0.011383682489395142
26507,0.015536895953118801
26508,0.01722569204866886
26509,0.01541148778051138
26510,0.011640473268926144
26511,0.00847380980849266
26512,0.0077245356515049934
26513,0.009210476651787758
26514,0.011226114816963673
26515,0.01170729286968708
26516,0.010347701609134674
26517,0.008578651584684849
26518,0.007644531317055225
26519,0.007962070405483246
26520,0.008706079795956612
26521,0.008904732763767242
26522,0.008565165102481842
26523,0.007992022670805454
26524,0.007617142517119646
26525,0.007600930519402027
26526,0.0076798610389232635
26527,0.007740176282823086
26528,0.007731176912784576
26529,0.007663298398256302
26530,0.007629735395312309
26531,0.007617765571922064
26532,0.007587233558297157
26533,0.007557474542409182
26534,0.007543856278061867
26535,0.0075699035078287125
26536,0.007667920086532831
26537,0.007752967532724142
26538,0.007762679364532232
26539,0.007696740794926882
26540,0.0075662871822714806
26541,0.007537018973380327
26542,0.0076465122401714325
26543,0.007788439281284809
26544,0.007862497121095657
26545,0.007737566716969013
26546,0.007564643397927284
26547,0.007523898035287857
26548,0.007595669478178024
26549,0.007707109674811363
26550,0.007687821984291077
26551,0.0075760954059660435
26552,0.00751856854185462
26553,0.0075233266688883305
26554,0.007566435262560844
26555,0.007554495707154274
26556,0.007504161447286606
26557,0.007492855191230774
26558,0.007513724267482758
26559,0.007545016705989838
26560,0.007521269842982292
26561,0.007486384827643633
26562,0.007499177008867264
26563,0.007541961502283812
26564,0.007586901541799307
26565,0.007545765955001116
26566,0.007481174077838659
26567,0.007480292115360498
26568,0.007526434492319822
26569,0.0075897155329585075
26570,0.007562491577118635
26571,0.007487080525606871
26572,0.007461959030479193
26573,0.007480539847165346
26574,0.007524719461798668
26575,0.007510704919695854
26576,0.007464038673788309
26577,0.007454864215105772
26578,0.007474669720977545
26579,0.007509787101298571
26580,0.007489961106330156
26581,0.007449774071574211
26582,0.0074507393874228
26583,0.007481112144887447
26584,0.007526093162596226
26585,0.007503478787839413
26586,0.007449327502399683
26587,0.007437046617269516
26588,0.007457285188138485
26589,0.007498039398342371
26590,0.007483716122806072
26591,0.007439225446432829
26592,0.007428422104567289
26593,0.007443726062774658
26594,0.00747683085501194
26595,0.007462888490408659
26596,0.007426477503031492
26597,0.007422036025673151
26598,0.007441656198352575
26599,0.007478479761630297
26600,0.007464299909770489
26601,0.007422947324812412
26602,0.007411961443722248
26603,0.007423690054565668
26604,0.007452633697539568
26605,0.007441289257258177
26606,0.007409836631268263
26607,0.007405518554151058
26608,0.007421667687594891
26609,0.007454808801412582
26610,0.0074437279254198074
26611,0.007407216355204582
26612,0.007395696360617876
26613,0.007402137853205204
26614,0.00742350472137332
26615,0.007413962855935097
26616,0.007391308434307575
26617,0.00739230727776885
26618,0.007411878556013107
26619,0.007450053468346596
26620,0.007443707901984453
26621,0.00740528479218483
26622,0.007386478129774332
26623,0.00737919332459569
26624,0.007379962597042322
26625,0.007377904374152422
26626,0.007399571593850851
26627,0.007458774838596582
26628,0.007565703243017197
26629,0.00774639705196023
26630,0.007865252904593945
26631,0.007923039607703686
26632,0.008093725889921188
26633,0.008431900292634964
26634,0.009042663499712944
26635,0.010291174054145813
26636,0.01263816375285387
26637,0.016638681292533875
26638,0.023230621591210365
26639,0.03356694430112839
26640,0.04486733302474022
26641,0.05405120179057121
26642,0.060137078166007996
26643,0.055735424160957336
26644,0.04146496579051018
26645,0.022995412349700928
26646,0.010363307781517506
26647,0.008607991971075535
26648,0.015846405178308487
26649,0.024325288832187653
26650,0.02598814107477665
26651,0.019968003034591675
26652,0.011584400199353695
26653,0.007617621216922998
26654,0.010022399015724659
26655,0.01417230349034071
26656,0.014831144362688065
26657,0.01190156303346157
26658,0.008551739156246185
26659,0.007739205379039049
26660,0.009033474139869213
26661,0.009939365088939667
26662,0.00967730674892664
26663,0.008631710894405842
26664,0.0077532376162707806
26665,0.007568184286355972
26666,0.007648330181837082
26667,0.007804310414940119
26668,0.007879333570599556
26669,0.007778731640428305
26670,0.007655979599803686
26671,0.007571025751531124
26672,0.007509516552090645
26673,0.007482211105525494
26674,0.0074773202650249004
26675,0.007541924715042114
26676,0.007767460308969021
26677,0.007940642535686493
26678,0.007904449477791786
26679,0.007705410942435265
26680,0.007459060754626989
26681,0.0075039369985461235
26682,0.0077972435392439365
26683,0.008072440512478352
26684,0.00818663276731968
26685,0.007946786470711231
26686,0.007668298203498125
26687,0.007627023849636316
26688,0.007773004937916994
26689,0.008038938976824284
26690,0.008194707334041595
26691,0.008297393098473549
26692,0.00853671319782734
26693,0.00899308267980814
26694,0.00984729453921318
26695,0.01100980956107378
26696,0.012663032859563828
26697,0.015108676627278328
26698,0.018713314086198807
26699,0.023650869727134705
26700,0.03038616105914116
26701,0.037553027272224426
26702,0.04417778179049492
26703,0.045510053634643555
26704,0.0406765341758728
26705,0.028617676347494125
26706,0.015554777346551418
26707,0.008187769912183285
26708,0.009217830374836922
26709,0.015731308609247208
26710,0.021159447729587555
26711,0.02081594243645668
26712,0.015639670193195343
26713,0.009885471314191818
26714,0.007746945600956678
26715,0.009412374347448349
26716,0.01208270899951458
26717,0.01332775317132473
26718,0.012330779805779457
26719,0.010091657750308514
26720,0.008213110268115997
26721,0.007679504808038473
26722,0.008492229506373405
26723,0.009687218815088272
26724,0.010113890282809734
26725,0.009448150172829628
26726,0.008305667899549007
26727,0.00752935279160738
26728,0.007536886725574732
26729,0.008041048422455788
26730,0.008561323396861553
26731,0.00875842571258545
26732,0.008491721004247665
26733,0.007991630584001541
26734,0.00759399076923728
26735,0.007481411565095186
26736,0.007725751958787441
26737,0.008101088926196098
26738,0.008274102583527565
26739,0.008117574267089367
26740,0.007714916951954365
26741,0.007395334076136351
26742,0.007386019919067621
26743,0.0076178512535989285
26744,0.00790314469486475
26745,0.007938502356410027
26746,0.0077279554679989815
26747,0.007497991900891066
26748,0.007351643871515989
26749,0.007336350157856941
26750,0.007396314758807421
26751,0.0074670868925750256
26752,0.0075279781594872475
26753,0.0075873397290706635
26754,0.007680788170546293
26755,0.0077113001607358456
26756,0.00767032615840435
26757,0.007646505255252123
26758,0.007662293966859579
26759,0.007743685971945524
26760,0.008051043376326561
26761,0.008676148019731045
26762,0.009589482098817825
26763,0.010929593816399574
26764,0.013024833053350449
26765,0.015118463896214962
26766,0.01752506196498871
26767,0.020558279007673264
26768,0.024749580770730972
26769,0.028506403788924217
26770,0.03182682394981384
26771,0.031400058418512344
26772,0.027596987783908844
26773,0.019983364269137383
26774,0.01238497905433178
26775,0.007926944643259048
26776,0.008299562148749828
26777,0.011902213096618652
26778,0.01533084362745285
26779,0.016193812713027
26780,0.013528453186154366
26781,0.009855507872998714
26782,0.007929081097245216
26783,0.008263353258371353
26784,0.009855441749095917
26785,0.010699789971113205
26786,0.01021038368344307
26787,0.009249499067664146
26788,0.008308332413434982
26789,0.007791013456881046
26790,0.007715689949691296
26791,0.007819687947630882
26792,0.008012252859771252
26793,0.007982629351317883
26794,0.007683263625949621
26795,0.00746016064658761
26796,0.007487733848392963
26797,0.0075997705571353436
26798,0.007598428055644035
26799,0.0074541629292070866
26800,0.007317890413105488
26801,0.007503656204789877
26802,0.007875017821788788
26803,0.0081150121986866
26804,0.008088106289505959
26805,0.007667386904358864
26806,0.00733075151219964
26807,0.0073876227252185345
26808,0.007647817023098469
26809,0.007908046245574951
26810,0.007803661283105612
26811,0.007511025294661522
26812,0.007382182404398918
26813,0.007377730682492256
26814,0.007434044033288956
26815,0.007391068618744612
26816,0.007306685671210289
26817,0.007326065097004175
26818,0.0073901074938476086
26819,0.0074373348616063595
26820,0.007409268990159035
26821,0.007470753975212574
26822,0.007728311233222485
26823,0.008152317255735397
26824,0.008737749420106411
26825,0.00923022162169218
26826,0.009933914057910442
26827,0.01137351430952549
26828,0.013918121345341206
26829,0.01787084899842739
26830,0.024140074849128723
26831,0.03301059827208519
26832,0.04515393078327179
26833,0.05690113455057144
26834,0.06482785195112228
26835,0.05837029963731766
26836,0.03914685919880867
26837,0.017685335129499435
26838,0.007807575166225433
26839,0.013177430257201195
26840,0.024068094789981842
26841,0.028499934822320938
26842,0.02342582866549492
26843,0.013730697333812714
26844,0.008519992232322693
26845,0.010275466367602348
26846,0.014286624267697334
26847,0.015960346907377243
26848,0.014140604063868523
26849,0.011012641713023186
26850,0.00873193982988596
26851,0.008374722674489021
26852,0.009887883439660072
26853,0.011263425461947918
26854,0.010705727152526379
26855,0.008921308442950249
26856,0.0076310401782393456
26857,0.0077910395339131355
26858,0.008973421528935432
26859,0.009897880256175995
26860,0.009636085480451584
26861,0.008736672811210155
26862,0.008117212913930416
26863,0.008029983378946781
26864,0.008253687061369419
26865,0.008832455612719059
26866,0.009663754142820835
26867,0.010365109890699387
26868,0.011158671230077744
26869,0.012736035510897636
26870,0.014259342104196548
26871,0.015737365931272507
26872,0.01722966507077217
26873,0.018672047182917595
26874,0.019474197179079056
26875,0.020783230662345886
26876,0.02153024449944496
26877,0.021134015172719955
26878,0.018438544124364853
26879,0.014548417180776596
26880,0.010059157386422157
26881,0.007502793334424496
26882,0.007927458733320236
26883,0.010260078124701977
26884,0.012769402004778385
26885,0.012854489497840405
26886,0.010837805457413197
26887,0.008742474019527435
26888,0.007549508009105921
26889,0.007569865323603153
26890,0.008022773079574108
26891,0.008056345395743847
26892,0.007907808758318424
26893,0.00767983915284276
26894,0.00747544365003705
26895,0.0074338242411613464
26896,0.0074507081881165504
26897,0.007419412489980459
26898,0.007359611801803112
26899,0.007300971541553736
26900,0.0072332569397985935
26901,0.007417956367135048
26902,0.007800902705639601
26903,0.008159251883625984
26904,0.008335418999195099
26905,0.007907992228865623
26906,0.0073519134894013405
26907,0.007215498946607113
26908,0.007428514305502176
26909,0.00781972985714674
26910,0.007820157334208488
26911,0.007489415351301432
26912,0.007283737882971764
26913,0.00722341425716877
26914,0.007280208170413971
26915,0.00725979870185256
26916,0.007189721800386906
26917,0.0072125778533518314
26918,0.007298486307263374
26919,0.007407105062156916
26920,0.0073103164322674274
26921,0.007182393688708544
26922,0.007232627831399441
26923,0.007404938340187073
26924,0.0076344734989106655
26925,0.007550218142569065
26926,0.007284984458237886
26927,0.007171157281845808
26928,0.007183490786701441
26929,0.0072851660661399364
26930,0.007257838733494282
26931,0.00716097466647625
26932,0.007166133727878332
26933,0.007245134562253952
26934,0.007370251230895519
26935,0.007305447477847338
26936,0.007163744419813156
26937,0.007152249105274677
26938,0.007237355690449476
26939,0.007390458136796951
26940,0.007348140701651573
26941,0.0071884342469275
26942,0.007134001702070236
26943,0.00715647405013442
26944,0.007234565913677216
26945,0.007200277876108885
26946,0.007127599790692329
26947,0.007154766470193863
26948,0.007258857134729624
26949,0.007428796961903572
26950,0.007394691929221153
26951,0.007222414948046207
26952,0.007140252739191055
26953,0.007117232773452997
26954,0.007133563980460167
26955,0.007120710797607899
26956,0.007161069195717573
26957,0.007316514849662781
26958,0.007593048270791769
26959,0.008026021532714367
26960,0.008171530440449715
26961,0.008044621907174587
26962,0.008063219487667084
26963,0.008228120394051075
26964,0.008568239398300648
26965,0.009601520374417305
26966,0.011778175830841064
26967,0.015194905921816826
26968,0.020377149805426598
26969,0.02811691164970398
26970,0.03483611345291138
26971,0.03964399918913841
26972,0.04267273470759392
26973,0.042502135038375854
26974,0.036442212760448456
26975,0.02756316587328911
26976,0.017644574865698814
26977,0.00984843261539936
26978,0.007255930453538895
26979,0.009790221229195595
26980,0.014850828796625137
26981,0.01879800856113434
26982,0.019016364589333534
26983,0.01537385769188404
26984,0.010546013712882996
26985,0.0074732424691319466
26986,0.007953211665153503
26987,0.010807252489030361
26988,0.013293134048581123
26989,0.013537623919546604
26990,0.011029884219169617
26991,0.008161579258739948
26992,0.0072204978205263615
26993,0.008258147165179253
26994,0.009996293112635612
26995,0.010300537571310997
26996,0.009058456867933273
26997,0.0077994889579713345
26998,0.0072694504633545876
26999,0.0075515699572861195
27000,0.007842391729354858
27001,0.007666472345590591
27002,0.007438167929649353
27003,0.00729795778170228
27004,0.007270792033523321
27005,0.007244952954351902
27006,0.007179865147918463
27007,0.0071648117154836655
27008,0.007200765423476696
27009,0.0072417049668729305
27010,0.007164580747485161
27011,0.007201774977147579
27012,0.007429454941302538
27013,0.007691252510994673
27014,0.007841642014682293
27015,0.007524991407990456
27016,0.007143227383494377
27017,0.007125556468963623
27018,0.007372564636170864
27019,0.007698848843574524
27020,0.007604439742863178
27021,0.007270770147442818
27022,0.00714146951213479
27023,0.007191838230937719
27024,0.0073288255371153355
27025,0.007271214388310909
27026,0.007150321267545223
27027,0.007220724131911993
27028,0.007450834382325411
27029,0.007784998044371605
27030,0.007956401444971561
27031,0.008259208872914314
27032,0.009134153835475445
27033,0.010840412229299545
27034,0.013735389336943626
27035,0.018482239916920662
27036,0.026441797614097595
27037,0.04010745510458946
27038,0.05900702252984047
27039,0.0827980488538742
27040,0.09395619481801987
27041,0.08363977074623108
27042,0.048981621861457825
27043,0.016862589865922928
27044,0.011082942597568035
27045,0.025215409696102142
27046,0.037271589040756226
27047,0.037363700568675995
27048,0.02719636633992195
27049,0.01888657733798027
27050,0.01705271191895008
27051,0.019342944025993347
27052,0.021038901060819626
27053,0.02242332324385643
27054,0.023877069354057312
27055,0.021224144846200943
27056,0.017533808946609497
27057,0.022148801013827324
27058,0.02659490704536438
27059,0.021560609340667725
27060,0.014589477330446243
27061,0.012725040316581726
27062,0.01089574210345745
27063,0.009638103656470776
27064,0.011007010005414486
27065,0.01150282472372055
27066,0.010990651324391365
27067,0.010545886121690273
27068,0.00907919555902481
27069,0.008809822611510754
27070,0.00972753670066595
27071,0.008671639487147331
27072,0.00735148461535573
27073,0.007944600656628609
27074,0.008382855914533138
27075,0.008115267381072044
27076,0.00834126491099596
27077,0.008553402498364449
27078,0.00863628275692463
27079,0.008940842002630234
27080,0.008595709688961506
27081,0.008071346208453178
27082,0.007918699644505978
27083,0.00758433248847723
27084,0.0073950220830738544
27085,0.007757444866001606
27086,0.008105193264782429
27087,0.007864153012633324
27088,0.0074639213271439075
27089,0.0072833215817809105
27090,0.007348940707743168
27091,0.007635811343789101
27092,0.007768828887492418
27093,0.007664971984922886
27094,0.007624673191457987
27095,0.007528122514486313
27096,0.007371464278548956
27097,0.007350084837526083
27098,0.007476733066141605
27099,0.00757937878370285
27100,0.007437612861394882
27101,0.007257327437400818
27102,0.007225900888442993
27103,0.007322966121137142
27104,0.007419249974191189
27105,0.0073040253482759
27106,0.007126392796635628
27107,0.007154247723519802
27108,0.007367899641394615
27109,0.0075603812001645565
27110,0.007456324994564056
27111,0.007199831772595644
27112,0.00707546342164278
27113,0.007103207055479288
27114,0.0071952142752707005
27115,0.007181878667324781
27116,0.0071015083231031895
27117,0.007091869134455919
27118,0.00717568676918745
27119,0.007320866454392672
27120,0.007314173970371485
27121,0.007176976650953293
27122,0.007078009191900492
27123,0.007043715566396713
27124,0.007055001799017191
27125,0.007072433363646269
27126,0.007125809323042631
27127,0.007242078427225351
27128,0.007447610609233379
27129,0.007762160152196884
27130,0.007900360971689224
27131,0.007878786884248257
27132,0.007945255376398563
27133,0.008140644989907742
27134,0.00848704669624567
27135,0.009326765313744545
27136,0.010878980159759521
27137,0.013241520151495934
27138,0.01656079664826393
27139,0.021443303674459457
27140,0.025258105248212814
27141,0.028212640434503555
27142,0.02943733148276806
27143,0.029226066544651985
27144,0.02527773380279541
27145,0.020075172185897827
27146,0.01419711671769619
27147,0.00945102795958519
27148,0.0073876166716217995
27149,0.008169478736817837
27150,0.010671688243746758
27151,0.013116119429469109
27152,0.014004485681653023
27153,0.012865172699093819
27154,0.010539920069277287
27155,0.008266112767159939
27156,0.007439771201461554
27157,0.008237555623054504
27158,0.009663760662078857
27159,0.01055748201906681
27160,0.00996868871152401
27161,0.008485490456223488
27162,0.007399082183837891
27163,0.007184815127402544
27164,0.00770561071112752
27165,0.008183600381016731
27166,0.00811365433037281
27167,0.007762263063341379
27168,0.007349144667387009
27169,0.007077829912304878
27170,0.007010655477643013
27171,0.007030030712485313
27172,0.007095711305737495
27173,0.007172223646193743
27174,0.007223490159958601
27175,0.00723462738096714
27176,0.007260455749928951
27177,0.00728273531422019
27178,0.007278285454958677
27179,0.007240902166813612
27180,0.007084726821631193
27181,0.006978961639106274
27182,0.007047224789857864
27183,0.007217505946755409
27184,0.007399713154882193
27185,0.007359182462096214
27186,0.007171499542891979
27187,0.0070524439215660095
27188,0.007013652008026838
27189,0.007041798904538155
27190,0.0070252567529678345
27191,0.006965696811676025
27192,0.006946386769413948
27193,0.006957411300390959
27194,0.0069848462007939816
27195,0.006966189946979284
27196,0.006954016629606485
27197,0.006997233722358942
27198,0.007068749517202377
27199,0.007142842281609774
27200,0.007088310085237026
27201,0.006981154438108206
27202,0.006948981434106827
27203,0.006973717361688614
27204,0.0070336912758648396
27205,0.007015499286353588
27206,0.006948677822947502
27207,0.006927425507456064
27208,0.006937684025615454
27209,0.00696409959346056
27210,0.006940992083400488
27211,0.0069129676558077335
27212,0.006937737111002207
27213,0.0070011429488658905
27214,0.007088908925652504
27215,0.007064941804856062
27216,0.006970308721065521
27217,0.006925166118890047
27218,0.0069157821126282215
27219,0.006927695125341415
27220,0.006926406174898148
27221,0.00694640539586544
27222,0.007018418982625008
27223,0.0071428194642066956
27224,0.007326779421418905
27225,0.007392073981463909
27226,0.007369548548012972
27227,0.007430789526551962
27228,0.007589524611830711
27229,0.007863270118832588
27230,0.008427404798567295
27231,0.009445937350392342
27232,0.011059270240366459
27233,0.013464083895087242
27234,0.017225325107574463
27235,0.021463118493556976
27236,0.026786595582962036
27237,0.03278225660324097
27238,0.039561979472637177
27239,0.04329145699739456
27240,0.04323086887598038
27241,0.03655073791742325
27242,0.026124361902475357
27243,0.01655629090964794
27244,0.01317926961928606
27245,0.016637254506349564
27246,0.024148590862751007
27247,0.030611153692007065
27248,0.03232927620410919
27249,0.028793616220355034
27250,0.024550288915634155
27251,0.02274155616760254
27252,0.024353040382266045
27253,0.02545054256916046
27254,0.02345365658402443
27255,0.017003532499074936
27256,0.010184423066675663
27257,0.00734077300876379
27258,0.009508579969406128
27259,0.014112284407019615
27260,0.01608230173587799
27261,0.014026522636413574
27262,0.010371524840593338
27263,0.007718420121818781
27264,0.007415381260216236
27265,0.008520065806806087
27266,0.00909875612705946
27267,0.008817039430141449
27268,0.008056443184614182
27269,0.007418669760227203
27270,0.0073373764753341675
27271,0.007647764403373003
27272,0.008012572303414345
27273,0.008204969577491283
27274,0.00809177290648222
27275,0.007608589716255665
27276,0.007151343859732151
27277,0.007033076137304306
27278,0.007237710990011692
27279,0.00762591976672411
27280,0.007778739091008902
27281,0.007737320847809315
27282,0.007679264061152935
27283,0.007513146847486496
27284,0.00725224893540144
27285,0.006997690070420504
27286,0.007019713521003723
27287,0.00729892635717988
27288,0.0076133557595312595
27289,0.0077796741388738155
27290,0.007479222025722265
27291,0.0070841750130057335
27292,0.00698090298101306
27293,0.007076125126332045
27294,0.0072445133700966835
27295,0.007190697360783815
27296,0.007036589086055756
27297,0.007022206671535969
27298,0.007052009925246239
27299,0.007046787533909082
27300,0.0069212415255606174
27301,0.00686432421207428
27302,0.006995396688580513
27303,0.007205917965620756
27304,0.007386848796159029
27305,0.007259272504597902
27306,0.007034707814455032
27307,0.007008845917880535
27308,0.007080415729433298
27309,0.0071210009045898914
27310,0.007024827413260937
27311,0.0069970628246665
27312,0.007190617732703686
27313,0.007580264937132597
27314,0.008096452802419662
27315,0.00818188302218914
27316,0.007933208718895912
27317,0.00788370706140995
27318,0.008021569810807705
27319,0.008285151794552803
27320,0.008981749415397644
27321,0.010343668051064014
27322,0.012339798733592033
27323,0.015111498534679413
27324,0.01885022409260273
27325,0.021451495587825775
27326,0.022648479789495468
27327,0.0233599916100502
27328,0.023290537297725677
27329,0.021732665598392487
27330,0.01973678171634674
27331,0.01717926375567913
27332,0.013876836746931076
27333,0.01074074674397707
27334,0.008450121618807316
27335,0.007322396617382765
27336,0.007884730584919453
27337,0.00967304315418005
27338,0.011710832826793194
27339,0.013175718486309052
27340,0.012498992495238781
27341,0.010336577892303467
27342,0.008412858471274376
27343,0.00728926295414567
27344,0.007151860743761063
27345,0.0074395108968019485
27346,0.007510636933147907
27347,0.007507103029638529
27348,0.007425564341247082
27349,0.007272697053849697
27350,0.007290728855878115
27351,0.007450646720826626
27352,0.007514778058975935
27353,0.0074873799458146095
27354,0.0073904357850551605
27355,0.007059305906295776
27356,0.006874955724924803
27357,0.007034253794699907
27358,0.007390680257230997
27359,0.007808602415025234
27360,0.007748312316834927
27361,0.0073598651215434074
27362,0.0071217333897948265
27363,0.007009886670857668
27364,0.00696213822811842
27365,0.006911392789334059
27366,0.006889684125781059
27367,0.006951408926397562
27368,0.007084173150360584
27369,0.007246837485581636
27370,0.007121426519006491
27371,0.006869455333799124
27372,0.0067789009772241116
27373,0.006828692741692066
27374,0.0069849519059062
27375,0.006979444995522499
27376,0.006838091183453798
27377,0.006768564693629742
27378,0.006761643104255199
27379,0.006801406852900982
27380,0.006779547315090895
27381,0.006768591236323118
27382,0.006850384641438723
27383,0.007012171670794487
27384,0.00724310427904129
27385,0.007215109653770924
27386,0.007001824676990509
27387,0.006882939022034407
27388,0.006834643892943859
27389,0.0068267881870269775
27390,0.006877655163407326
27391,0.007083840202540159
27392,0.0074526723474264145
27393,0.008029959164559841
27394,0.008909143507480621
27395,0.009432218968868256
27396,0.009695240296423435
27397,0.01034208107739687
27398,0.01161586120724678
27399,0.013646942563354969
27400,0.01753123104572296
27401,0.023717813193798065
27402,0.03297913074493408
27403,0.044279709458351135
27404,0.05843140184879303
27405,0.06497445702552795
27406,0.063169464468956
27407,0.0500926673412323
27408,0.03114994615316391
27409,0.014963772147893906
27410,0.008893962018191814
27411,0.012754522264003754
27412,0.02162938192486763
27413,0.028165806084871292
27414,0.0280141718685627
27415,0.025534329935908318
27416,0.026641057804226875
27417,0.03256000205874443
27418,0.03848414868116379
27419,0.04008020460605621
27420,0.03393593057990074
27421,0.02393755130469799
27422,0.014787874184548855
27423,0.010347403585910797
27424,0.01235230267047882
27425,0.01717296801507473
27426,0.01994919776916504
27427,0.018557526171207428
27428,0.013676208443939686
27429,0.008594236336648464
27430,0.007431983947753906
27431,0.010165424086153507
27432,0.01299249567091465
27433,0.012789438478648663
27434,0.010038953274488449
27435,0.007690558210015297
27436,0.007741990033537149
27437,0.009368594735860825
27438,0.010414923541247845
27439,0.009819401428103447
27440,0.00824894942343235
27441,0.007854931056499481
27442,0.008811789564788342
27443,0.00971809308975935
27444,0.009835631586611271
27445,0.00863654911518097
27446,0.007569428067654371
27447,0.007676705252379179
27448,0.008384239859879017
27449,0.00906573049724102
27450,0.00860341265797615
27451,0.007706919219344854
27452,0.007433522492647171
27453,0.007447955664247274
27454,0.00752380071207881
27455,0.0072670988738536835
27456,0.00706343213096261
27457,0.007252550683915615
27458,0.007402894087135792
27459,0.00735756941139698
27460,0.0069648693315684795
27461,0.006904105190187693
27462,0.007371981628239155
27463,0.007799991872161627
27464,0.007904503494501114
27465,0.007300283759832382
27466,0.006928336340934038
27467,0.00728465523570776
27468,0.0077629052102565765
27469,0.00799374096095562
27470,0.007426428608596325
27471,0.006942658685147762
27472,0.007195683196187019
27473,0.007639966905117035
27474,0.007860628888010979
27475,0.007311415858566761
27476,0.006845165975391865
27477,0.007124009076505899
27478,0.007660768926143646
27479,0.00802558846771717
27480,0.0074878293089568615
27481,0.006877634674310684
27482,0.0070108515210449696
27483,0.007468040566891432
27484,0.007842469029128551
27485,0.007392087485641241
27486,0.006829211488366127
27487,0.006946714129298925
27488,0.0073647936806082726
27489,0.0076884981244802475
27490,0.007242065388709307
27491,0.006737824529409409
27492,0.006917007267475128
27493,0.007422763388603926
27494,0.00785058829933405
27495,0.007398315705358982
27496,0.006775043439120054
27497,0.006840116810053587
27498,0.007279473356902599
27499,0.007690308149904013
27500,0.007292943075299263
27501,0.006725839804857969
27502,0.006806156598031521
27503,0.007293641101568937
27504,0.007833381183445454
27505,0.007498160935938358
27506,0.006831516977399588
27507,0.0067449333146214485
27508,0.00703817093744874
27509,0.007390480022877455
27510,0.007120913825929165
27511,0.006733197718858719
27512,0.006903372704982758
27513,0.007515904027968645
27514,0.008365612477064133
27515,0.008298223838210106
27516,0.0076683275401592255
27517,0.0075598168186843395
27518,0.00783736351877451
27519,0.008269409649074078
27520,0.009077305905520916
27521,0.011115734465420246
27522,0.014785021543502808
27523,0.020616155117750168
27524,0.029189759865403175
27525,0.03588499128818512
27526,0.03959120437502861
27527,0.0417267382144928
27528,0.04049629718065262
27529,0.03469277545809746
27530,0.026902690529823303
27531,0.01878664642572403
27532,0.011266189627349377
27533,0.007521926891058683
27534,0.00819399394094944
27535,0.012462801299989223
27536,0.018137216567993164
27537,0.021039914339780807
27538,0.019450820982456207
27539,0.014515738934278488
27540,0.008691173046827316
27541,0.006995639763772488
27542,0.010302435606718063
27543,0.015041396021842957
27544,0.017505770549178123
27545,0.0144161656498909
27546,0.009227529168128967
27547,0.006886685732752085
27548,0.008010923862457275
27549,0.010857118293642998
27550,0.011364828795194626
27551,0.0093642333522439
27552,0.007746508810669184
27553,0.007357163354754448
27554,0.00805689301341772
27555,0.008012710139155388
27556,0.007178222760558128
27557,0.006930659059435129
27558,0.007227728143334389
27559,0.007706598378717899
27560,0.00737884221598506
27561,0.0068636792711913586
27562,0.007025574333965778
27563,0.007555895484983921
27564,0.007993251085281372
27565,0.007314004004001617
27566,0.0067340596579015255
27567,0.007277227006852627
27568,0.008357753045856953
27569,0.009248184971511364
27570,0.008322346024215221
27571,0.00694281468167901
27572,0.006853471975773573
27573,0.007657366339117289
27574,0.008645267225801945
27575,0.00809271540492773
27576,0.006949272472411394
27577,0.0068444013595581055
27578,0.007456154562532902
27579,0.008189920336008072
27580,0.007634295616298914
27581,0.006722607649862766
27582,0.006820474285632372
27583,0.0075863441452383995
27584,0.00841524451971054
27585,0.007774551399052143
27586,0.0067301723174750805
27587,0.0067898365668952465
27588,0.007639254443347454
27589,0.008675461634993553
27590,0.008113100193440914
27591,0.006889281794428825
27592,0.006684030406177044
27593,0.007275895681232214
27594,0.008156327530741692
27595,0.0077305445447564125
27596,0.006759787909686565
27597,0.006680840626358986
27598,0.007284831255674362
27599,0.008125861175358295
27600,0.0076743802055716515
27601,0.0067320107482373714
27602,0.006686863489449024
27603,0.007324008736759424
27604,0.00822558905929327
27605,0.007798008620738983
27606,0.006794500630348921
27607,0.006648442707955837
27608,0.007158747408539057
27609,0.007944786921143532
27610,0.007565263193100691
27611,0.00671025738120079
27612,0.006660354323685169
27613,0.00723219895735383
27614,0.008090161718428135
27615,0.007720426190644503
27616,0.006782501470297575
27617,0.006614898331463337
27618,0.007042687851935625
27619,0.007762799970805645
27620,0.007445271592587233
27621,0.006687202490866184
27622,0.006646761205047369
27623,0.007181675639003515
27624,0.00805718544870615
27625,0.007783624343574047
27626,0.006880827248096466
27627,0.006625158246606588
27628,0.0068513136357069016
27629,0.007317402865737677
27630,0.007082878611981869
27631,0.006741893943399191
27632,0.007135179825127125
27633,0.00823779497295618
27634,0.010068971663713455
27635,0.010483029298484325
27636,0.009801868349313736
27637,0.009866869077086449
27638,0.010728470049798489
27639,0.012080879881978035
27640,0.01567254401743412
27641,0.022459354251623154
27642,0.03267914056777954
27643,0.04346244037151337
27644,0.054979294538497925
27645,0.049880314618349075
27646,0.035000432282686234
27647,0.02198617532849312
27648,0.021269232034683228
27649,0.034171171486377716
27650,0.057621318846940994
27651,0.0831601470708847
27652,0.11166545003652573
27653,0.11921148747205734
27654,0.08918192982673645
27655,0.03291637450456619
27656,0.011936391703784466
27657,0.04152742028236389
27658,0.05818510800600052
27659,0.04209305718541145
27660,0.03799954801797867
27661,0.03957054391503334
27662,0.025066345930099487
27663,0.011740898713469505
27664,0.018306761980056763
27665,0.021865002810955048
27666,0.017424535006284714
27667,0.01871533878147602
27668,0.020147155970335007
27669,0.017698034644126892
27670,0.016455207020044327
27671,0.01867832988500595
27672,0.017061622813344002
27673,0.013138040900230408
27674,0.013346841558814049
27675,0.014574112370610237
27676,0.01429494097828865
27677,0.018953587859869003
27678,0.02440612018108368
27679,0.025131255388259888
27680,0.02096138894557953
27681,0.015057721175253391
27682,0.008662120439112186
27683,0.007451326120644808
27684,0.010988150723278522
27685,0.010582881048321724
27686,0.00921492651104927
27687,0.00877672154456377
27688,0.007195864804089069
27689,0.008013883605599403
27690,0.008995969779789448
27691,0.008075641468167305
27692,0.008106641471385956
27693,0.009510122239589691
27694,0.009790833108127117
27695,0.008190772496163845
27696,0.007902543060481548
27697,0.009495705366134644
27698,0.011524537578225136
27699,0.012910416349768639
27700,0.010372163727879524
27701,0.007887003012001514
27702,0.00856812298297882
27703,0.011166461743414402
27704,0.013754504732787609
27705,0.011506330221891403
27706,0.008314508013427258
27707,0.008319726213812828
27708,0.010399164631962776
27709,0.012998165562748909
27710,0.011196350678801537
27711,0.008215038105845451
27712,0.008346116170287132
27713,0.010683389380574226
27714,0.012912068516016006
27715,0.010444584302604198
27716,0.00791087094694376
27717,0.009081622585654259
27718,0.011820819228887558
27719,0.013760258443653584
27720,0.01049902942031622
27721,0.00784845557063818
27722,0.009873509407043457
27723,0.013437630608677864
27724,0.015398483723402023
27725,0.0109931705519557
27726,0.007881294935941696
27727,0.010761579498648643
27728,0.015383760444819927
27729,0.017419733107089996
27730,0.011569461785256863
27731,0.007924959063529968
27732,0.011951134540140629
27733,0.01778906211256981
27734,0.019583987072110176
27735,0.011834683828055859
27736,0.007975783199071884
27737,0.01397398579865694
27738,0.021084465086460114
27739,0.02169843390583992
27740,0.01143977977335453
27741,0.008451910689473152
27742,0.017731230705976486
27743,0.025730956345796585
27744,0.02338469587266445
27745,0.010154186747968197
27746,0.010251972824335098
27747,0.024318557232618332
27748,0.03139040246605873
27749,0.023062333464622498
27750,0.008036074228584766
27751,0.015436995774507523
27752,0.03432828560471535
27753,0.03529030457139015
27754,0.01817123219370842
27755,0.007274880539625883
27756,0.026395006105303764
27757,0.044121332466602325
27758,0.03110451065003872
27759,0.00947836134582758
27760,0.013760744594037533
27761,0.039630044251680374
27762,0.0416521355509758
27763,0.016318174079060555
27764,0.007865109480917454
27765,0.027932241559028625
27766,0.03923986107110977
27767,0.021369274705648422
27768,0.0067999958992004395
27769,0.019116796553134918
27770,0.03052910789847374
27771,0.019424062222242355
27772,0.007154888939112425
27773,0.014123891480267048
27774,0.022518737241625786
27775,0.015045701526105404
27776,0.007088447455316782
27777,0.011575073003768921
27778,0.01695847697556019
27779,0.011691443622112274
27780,0.006777267903089523
27781,0.010098440572619438
27782,0.012835981324315071
27783,0.009482385590672493
27784,0.006668949034065008
27785,0.008889925666153431
27786,0.009988106787204742
27787,0.007829226553440094
27788,0.006721859332174063
27789,0.008187946863472462
27790,0.008484844118356705
27791,0.00694756954908371
27792,0.006861075293272734
27793,0.007897790521383286
27794,0.007848680019378662
27795,0.006755869835615158
27796,0.007029601838439703
27797,0.00802585482597351
27798,0.007668305188417435
27799,0.006740628741681576
27800,0.006925144698470831
27801,0.007959747686982155
27802,0.0077984691597521305
27803,0.006809946149587631
27804,0.006729124579578638
27805,0.007506079040467739
27806,0.0077095963060855865
27807,0.006953767966479063
27808,0.006596236955374479
27809,0.007063431665301323
27810,0.007384323514997959
27811,0.006991810165345669
27812,0.00657352851703763
27813,0.006758819799870253
27814,0.007069501094520092
27815,0.006928787101060152
27816,0.006595714017748833
27817,0.006605214439332485
27818,0.00683562969788909
27819,0.006842118687927723
27820,0.00661951070651412
27821,0.00654325308278203
27822,0.006687280256301165
27823,0.006756920367479324
27824,0.006636064499616623
27825,0.006525403819978237
27826,0.006586949806660414
27827,0.006678669713437557
27828,0.00663783960044384
27829,0.006535562686622143
27830,0.006522726733237505
27831,0.006594305392354727
27832,0.006615184247493744
27833,0.006553049199283123
27834,0.006502438336610794
27835,0.006523884832859039
27836,0.006563161499798298
27837,0.006551541853696108
27838,0.00650744279846549
27839,0.006490639410912991
27840,0.006510704755783081
27841,0.006523141637444496
27842,0.006506722420454025
27843,0.006483808159828186
27844,0.00648106075823307
27845,0.0064910780638456345
27846,0.0064904289320111275
27847,0.006478816270828247
27848,0.006469590123742819
27849,0.006470442283898592
27850,0.006472547072917223
27851,0.006467871367931366
27852,0.006461659446358681
27853,0.0064588915556669235
27854,0.006459430791437626
27855,0.006457488052546978
27856,0.006452989764511585
27857,0.006450336892157793
27858,0.006449658423662186
27859,0.006448783911764622
27860,0.006445259787142277
27861,0.006442248355597258
27862,0.00644177570939064
27863,0.006441393867135048
27864,0.006439101882278919
27865,0.006434683222323656
27866,0.006432970054447651
27867,0.006434055045247078
27868,0.00643388694152236
27869,0.0064305649138987064
27870,0.006425036583095789
27871,0.006423581391572952
27872,0.006425862666219473
27873,0.006426665000617504
27874,0.006423222366720438
27875,0.0064162989147007465
27876,0.006413689814507961
27877,0.006416470743715763
27878,0.006418891716748476
27879,0.006416640244424343
27880,0.006408735644072294
27881,0.006403802428394556
27882,0.006405641790479422
27883,0.006409328430891037
27884,0.006409411318600178
27885,0.006401930470019579
27886,0.0063948314636945724
27887,0.006394579540938139
27888,0.00639815628528595
27889,0.0064003001898527145
27890,0.006394592579454184
27891,0.006386746186763048
27892,0.006384241860359907
27893,0.006386177148669958
27894,0.0063887909054756165
27895,0.006385128945112228
27896,0.006378368940204382
27897,0.006375129800289869
27898,0.006375365890562534
27899,0.006377002224326134
27900,0.0063743372447788715
27901,0.006369227077811956
27902,0.006366518326103687
27903,0.006366129033267498
27904,0.00636676698923111
27905,0.006364218890666962
27906,0.006360184866935015
27907,0.0063582658767700195
27908,0.0063580358400940895
27909,0.006358473561704159
27910,0.006355890538543463
27911,0.006352260243147612
27912,0.0063509950414299965
27913,0.006351640447974205
27914,0.006353420205414295
27915,0.0063529242761433125
27916,0.006352744530886412
27917,0.006357655860483646
27918,0.006369803566485643
27919,0.006393086165189743
27920,0.006432635709643364
27921,0.0065064812079072
27922,0.006651507690548897
27923,0.00693065719678998
27924,0.007473178673535585
27925,0.008501172065734863
27926,0.010500004515051842
27927,0.014282522723078728
27928,0.02146235480904579
27929,0.03366735205054283
27930,0.052873093634843826
27931,0.07408267259597778
27932,0.08868358284235
27933,0.07612696290016174
27934,0.04192143678665161
27935,0.01203089952468872
27936,0.012001489289104939
27937,0.031606387346982956
27938,0.04180016368627548
27939,0.03215131163597107
27940,0.01675811968743801
27941,0.011517893522977829
27942,0.018823890015482903
27943,0.024940602481365204
27944,0.019924290478229523
27945,0.011197926476597786
27946,0.009503792971372604
27947,0.013923450373113155
27948,0.01701519452035427
27949,0.014189017936587334
27950,0.008753933943808079
27951,0.008101261220872402
27952,0.01231047697365284
27953,0.013208473101258278
27954,0.008775211870670319
27955,0.0070226434618234634
27956,0.009855912998318672
27957,0.01084594801068306
27958,0.008612407371401787
27959,0.007258040364831686
27960,0.008006608113646507
27961,0.008910810574889183
27962,0.008711502887308598
27963,0.007639572024345398
27964,0.007157680578529835
27965,0.007585990242660046
27966,0.007769043557345867
27967,0.007529229857027531
27968,0.007386814337223768
27969,0.007112771738320589
27970,0.006817493122071028
27971,0.00715889036655426
27972,0.007402088027447462
27973,0.006931568495929241
27974,0.006513862870633602
27975,0.0066992719657719135
27976,0.006975635886192322
27977,0.006910907570272684
27978,0.006638483610004187
27979,0.006471250206232071
27980,0.006590305361896753
27981,0.006734196562319994
27982,0.0066286614164710045
27983,0.006475670728832483
27984,0.006481826771050692
27985,0.00652567483484745
27986,0.006498774979263544
27987,0.006503745447844267
27988,0.006501480005681515
27989,0.006438117939978838
27990,0.006398004014045
27991,0.006438264157623053
27992,0.006470202002674341
27993,0.006434173323214054
27994,0.00638623908162117
27995,0.006376778241246939
27996,0.006406647618860006
27997,0.006422913633286953
27998,0.006394694559276104
27999,0.006362004205584526
28000,0.0063710822723805904
28001,0.00639133108779788
28002,0.00637691468000412
28003,0.006356226280331612
28004,0.006360144820064306
28005,0.006367499008774757
28006,0.006356522906571627
28007,0.006341863423585892
28008,0.006341855973005295
28009,0.0063474285416305065
28010,0.006346128880977631
28011,0.0063363490626215935
28012,0.006326190661638975
28013,0.0063256388530135155
28014,0.006330717820674181
28015,0.00632948474958539
28016,0.006321048364043236
28017,0.006315082311630249
28018,0.0063165402971208096
28019,0.006317096296697855
28020,0.0063130962662398815
28021,0.0063091665506362915
28022,0.00630783149972558
28023,0.006307126022875309
28024,0.006304396316409111
28025,0.006300755776464939
28026,0.0062985229305922985
28027,0.006298729684203863
28028,0.006300280336290598
28029,0.006300745066255331
28030,0.006298447027802467
28031,0.006296920590102673
28032,0.006299886852502823
28033,0.006306535564363003
28034,0.0063164676539599895
28035,0.006333707831799984
28036,0.006366193760186434
28037,0.006425620522350073
28038,0.006532424129545689
28039,0.006724142469465733
28040,0.007021165918558836
28041,0.007508181035518646
28042,0.008411070331931114
28043,0.010033379308879375
28044,0.012936492450535297
28045,0.01726914942264557
28046,0.02365044876933098
28047,0.03179418295621872
28048,0.04064037650823593
28049,0.04339632764458656
28050,0.03741638362407684
28051,0.022282976657152176
28052,0.009813387878239155
28053,0.006856554187834263
28054,0.012748103588819504
28055,0.018923625349998474
28056,0.01834164559841156
28057,0.013729928061366081
28058,0.009056884795427322
28059,0.007496010046452284
28060,0.008250667713582516
28061,0.008631538599729538
28062,0.008711141534149647
28063,0.008594426326453686
28064,0.008061236701905727
28065,0.00725920032709837
28066,0.006532526109367609
28067,0.006471648812294006
28068,0.00692953635007143
28069,0.007182378321886063
28070,0.007090460509061813
28071,0.007157633081078529
28072,0.007351696491241455
28073,0.007328783627599478
28074,0.006904637441039085
28075,0.006390363909304142
28076,0.0066583119332790375
28077,0.007501278072595596
28078,0.008097980171442032
28079,0.007988061755895615
28080,0.007070304825901985
28081,0.0064285630360245705
28082,0.006662976928055286
28083,0.007286959793418646
28084,0.007765623275190592
28085,0.007409257814288139
28086,0.006723484955728054
28087,0.006478808354586363
28088,0.0065939296036958694
28089,0.006892149802297354
28090,0.006827760022133589
28091,0.0065273260697722435
28092,0.006423352751880884
28093,0.006453331559896469
28094,0.006572308484464884
28095,0.006481057032942772
28096,0.006358914077281952
28097,0.006428299471735954
28098,0.006551722064614296
28099,0.006657556165009737
28100,0.0064745498821139336
28101,0.006332107819616795
28102,0.006477801129221916
28103,0.006719968281686306
28104,0.006912143435329199
28105,0.006647827103734016
28106,0.006341986823827028
28107,0.006411534268409014
28108,0.006687550339847803
28109,0.006984330248087645
28110,0.006770414765924215
28111,0.0063857040368020535
28112,0.00634646974503994
28113,0.006544598378241062
28114,0.006830758415162563
28115,0.006687902845442295
28116,0.00637382036074996
28117,0.0063519529066979885
28118,0.006526079960167408
28119,0.006774762645363808
28120,0.006655005272477865
28121,0.006425404455512762
28122,0.006500582210719585
28123,0.0067712049931287766
28124,0.007123199757188559
28125,0.0071105933748185635
28126,0.007053784094750881
28127,0.007420947775244713
28128,0.008156579919159412
28129,0.00918357353657484
28130,0.010145649313926697
28131,0.01137448288500309
28132,0.013656962662935257
28133,0.01683371141552925
28134,0.021035192534327507
28135,0.024777766317129135
28136,0.027820635586977005
28137,0.02856627106666565
28138,0.026400253176689148
28139,0.02038308046758175
28140,0.013089455664157867
28141,0.007783836685121059
28142,0.0069229188375175
28143,0.009486441500484943
28144,0.012658698484301567
28145,0.013598315417766571
28146,0.012126980349421501
28147,0.010016576386988163
28148,0.008493594825267792
28149,0.008073284290730953
28150,0.008171774446964264
28151,0.008118622936308384
28152,0.00825522094964981
28153,0.008262804709374905
28154,0.007847379893064499
28155,0.007400860544294119
28156,0.007136323489248753
28157,0.0071780686266720295
28158,0.007787763141095638
28159,0.008768239989876747
28160,0.009207533672451973
28161,0.008986743167042732
28162,0.008724703453481197
28163,0.008313075639307499
28164,0.007841449230909348
28165,0.00774800218641758
28166,0.00842217542231083
28167,0.009519487619400024
28168,0.010836606845259666
28169,0.011969554238021374
28170,0.011388840153813362
28171,0.009444128721952438
28172,0.007945585064589977
28173,0.007003802806138992
28174,0.006687868852168322
28175,0.006762002594769001
28176,0.00679125776514411
28177,0.006682250648736954
28178,0.0065154763869941235
28179,0.006426119711250067
28180,0.0062701040878891945
28181,0.006322556175291538
28182,0.006674136500805616
28183,0.0071486178785562515
28184,0.007664309814572334
28185,0.007515982259064913
28186,0.006964104250073433
28187,0.006644289009273052
28188,0.006453256122767925
28189,0.006370913702994585
28190,0.0062477379105985165
28191,0.006212576292455196
28192,0.006378385238349438
28193,0.006619300693273544
28194,0.0068592047318816185
28195,0.006640406791120768
28196,0.006279150489717722
28197,0.0062255822122097015
28198,0.006367431953549385
28199,0.006619802676141262
28200,0.0065362583845853806
28201,0.00625938456505537
28202,0.006182567216455936
28203,0.00622063223272562
28204,0.006299332715570927
28205,0.006208515260368586
28206,0.006149929016828537
28207,0.006323858629912138
28208,0.0066759297624230385
28209,0.007161667570471764
28210,0.007127281278371811
28211,0.006706478539854288
28212,0.0064906044863164425
28213,0.006411392707377672
28214,0.006407378241419792
28215,0.0066190664656460285
28216,0.007301250472664833
28217,0.008433599025011063
28218,0.010183993726968765
28219,0.012763412669301033
28220,0.014604094438254833
28221,0.01551093626767397
28222,0.017195386812090874
28223,0.019274774938821793
28224,0.021659288555383682
28225,0.024728935211896896
28226,0.02804456651210785
28227,0.028960740193724632
28228,0.026958541944622993
28229,0.02191285416483879
28230,0.014280840754508972
28231,0.00835731253027916
28232,0.007271688897162676
28233,0.010170025750994682
28234,0.014583328738808632
28235,0.015875443816184998
28236,0.013085289858281612
28237,0.009808005765080452
28238,0.007410779595375061
28239,0.006712553557008505
28240,0.0070443847216665745
28241,0.007153821177780628
28242,0.007254343945533037
28243,0.007389371283352375
28244,0.007496700622141361
28245,0.007542572449892759
28246,0.007611534092575312
28247,0.007739429362118244
28248,0.00785248912870884
28249,0.007853019051253796
28250,0.007471712306141853
28251,0.007555468939244747
28252,0.008399134501814842
28253,0.00966028030961752
28254,0.010889431461691856
28255,0.01064855046570301
28256,0.009486623108386993
28257,0.008996798656880856
28258,0.009072592481970787
28259,0.00955090019851923
28260,0.009856854565441608
28261,0.010071607306599617
28262,0.01045292615890503
28263,0.010923443362116814
28264,0.011199036613106728
28265,0.010742077603936195
28266,0.010016588494181633
28267,0.009676437824964523
28268,0.009495961479842663
28269,0.00928427092730999
28270,0.008252839557826519
28271,0.007097277790307999
28272,0.006664307788014412
28273,0.006784880068153143
28274,0.00716901570558548
28275,0.00687114242464304
28276,0.006322300061583519
28277,0.0063437470234930515
28278,0.00676773302257061
28279,0.007337189745157957
28280,0.007258101366460323
28281,0.006927131675183773
28282,0.007033221423625946
28283,0.007456331048160791
28284,0.008001206442713737
28285,0.007779870647937059
28286,0.007216000929474831
28287,0.0070971096865832806
28288,0.007297827396541834
28289,0.0076235439628362656
28290,0.007395826745778322
28291,0.007016947027295828
28292,0.007097541820257902
28293,0.007533677853643894
28294,0.008173154667019844
28295,0.008022205904126167
28296,0.00743362819775939
28297,0.007281674072146416
28298,0.007426961790770292
28299,0.007702527567744255
28300,0.007755030877888203
28301,0.008004640229046345
28302,0.00880039855837822
28303,0.01008826494216919
28304,0.01178956963121891
28305,0.012362766079604626
28306,0.01210163626819849
28307,0.012371495366096497
28308,0.01299203373491764
28309,0.01382637768983841
28310,0.01500820554792881
28311,0.01659044437110424
28312,0.018275689333677292
28313,0.01946393772959709
28314,0.020016895607113838
28315,0.01814303733408451
28316,0.015317143872380257
28317,0.013196513056755066
28318,0.012238278985023499
28319,0.012529444880783558
28320,0.012134840711951256
28321,0.010569661855697632
28322,0.00967685878276825
28323,0.009206581860780716
28324,0.009081494063138962
28325,0.009836817160248756
28326,0.011488893069326878
28327,0.012790655717253685
28328,0.0136488676071167
28329,0.013679131865501404
28330,0.011214358732104301
28331,0.00791938416659832
28332,0.006380419712513685
28333,0.006453533191233873
28334,0.007662216667085886
28335,0.008203215897083282
28336,0.007703864481300116
28337,0.007294758688658476
28338,0.007033593486994505
28339,0.006981733720749617
28340,0.006859607063233852
28341,0.006800204981118441
28342,0.007006024941802025
28343,0.007303088903427124
28344,0.007554384879767895
28345,0.007010702043771744
28346,0.0064908661879599094
28347,0.006790755782276392
28348,0.00776080135256052
28349,0.009192017838358879
28350,0.009288479574024677
28351,0.008247599005699158
28352,0.007695791311562061
28353,0.007578763645142317
28354,0.007882412523031235
28355,0.00870949774980545
28356,0.010348169133067131
28357,0.012783296406269073
28358,0.016136642545461655
28359,0.020361974835395813
28360,0.023103266954421997
28361,0.023883584886789322
28362,0.024963323026895523
28363,0.024908747524023056
28364,0.023329000920057297
28365,0.020552366971969604
28366,0.017312124371528625
28367,0.014246273785829544
28368,0.012191949412226677
28369,0.01165810227394104
28370,0.010599092580378056
28371,0.010160463862121105
28372,0.011765116825699806
28373,0.014082343317568302
28374,0.015875741839408875
28375,0.01551276445388794
28376,0.014664832502603531
28377,0.014485403895378113
28378,0.016159016638994217
28379,0.018932990729808807
28380,0.018192635849118233
28381,0.013846296817064285
28382,0.010298586450517178
28383,0.007994743064045906
28384,0.007288867142051458
28385,0.007345609366893768
28386,0.007052633911371231
28387,0.006726495455950499
28388,0.006402825471013784
28389,0.0061721294187009335
28390,0.006186760030686855
28391,0.007109207101166248
28392,0.008511662483215332
28393,0.009811477735638618
28394,0.010679269209504128
28395,0.009320037439465523
28396,0.0072947232984006405
28397,0.006682229228317738
28398,0.007123998366296291
28399,0.00825744029134512
28400,0.008175679482519627
28401,0.007152203470468521
28402,0.0066864448599517345
28403,0.006595213897526264
28404,0.006729118060320616
28405,0.006491025909781456
28406,0.006416351534426212
28407,0.006967304274439812
28408,0.007892304100096226
28409,0.008949079550802708
28410,0.008280507288873196
28411,0.0068169631995260715
28412,0.006287682801485062
28413,0.006512993946671486
28414,0.007258784957230091
28415,0.007149420212954283
28416,0.006496582180261612
28417,0.006379033904522657
28418,0.006707231048494577
28419,0.007406134158372879
28420,0.007230591494590044
28421,0.00665327487513423
28422,0.0066756862215697765
28423,0.007135305088013411
28424,0.007942499592900276
28425,0.007869641296565533
28426,0.007405437063425779
28427,0.007640531286597252
28428,0.008404052816331387
28429,0.009739781729876995
28430,0.010314390994608402
28431,0.010559707880020142
28432,0.011588884517550468
28433,0.013132834807038307
28434,0.015018096193671227
28435,0.01672041229903698
28436,0.018557008355855942
28437,0.02121555805206299
28438,0.02368796616792679
28439,0.02640882506966591
28440,0.02568693459033966
28441,0.021780572831630707
28442,0.01855921372771263
28443,0.015293668024241924
28444,0.012920284643769264
28445,0.012391796335577965
28446,0.014465630054473877
28447,0.017509836703538895
28448,0.021133210510015488
28449,0.02405260130763054
28450,0.022342808544635773
28451,0.01674579828977585
28452,0.012276940047740936
28453,0.010194477625191212
28454,0.011342323385179043
28455,0.01132904551923275
28456,0.008801271207630634
28457,0.007105199154466391
28458,0.007265295833349228
28459,0.008695087395608425
28460,0.009259829297661781
28461,0.008946606889367104
28462,0.00929388776421547
28463,0.010188834741711617
28464,0.010951053351163864
28465,0.009484142065048218
28466,0.007450600620359182
28467,0.006836403161287308
28468,0.006730508990585804
28469,0.006842995528131723
28470,0.006959310732781887
28471,0.007805276196449995
28472,0.009028433822095394
28473,0.010362758301198483
28474,0.01223225612193346
28475,0.012088698334991932
28476,0.010371636599302292
28477,0.00890475232154131
28478,0.00781730841845274
28479,0.007379151415079832
28480,0.00720417033880949
28481,0.007731103338301182
28482,0.008945206180214882
28483,0.010695528239011765
28484,0.012119537219405174
28485,0.010011774487793446
28486,0.007005823776125908
28487,0.006509965285658836
28488,0.00789196603000164
28489,0.00962748471647501
28490,0.008640298619866371
28491,0.006638125516474247
28492,0.006395797710865736
28493,0.007180463522672653
28494,0.007910698652267456
28495,0.007025559898465872
28496,0.006194498389959335
28497,0.006863623391836882
28498,0.008249130100011826
28499,0.009652424603700638
28500,0.008673220872879028
28501,0.0068784188479185104
28502,0.006483464036136866
28503,0.006963247433304787
28504,0.007971399463713169
28505,0.007609298452734947
28506,0.006638086400926113
28507,0.006568144075572491
28508,0.007195211481302977
28509,0.008317173458635807
28510,0.007923265919089317
28511,0.006821340881288052
28512,0.006740016862750053
28513,0.007554362993687391
28514,0.00899810716509819
28515,0.008776315487921238
28516,0.007650122046470642
28517,0.007630349602550268
28518,0.008584750816226006
28519,0.010069739073514938
28520,0.010309549048542976
28521,0.010275626555085182
28522,0.011854306794703007
28523,0.01489485427737236
28524,0.018979689106345177
28525,0.020586276426911354
28526,0.02028077095746994
28527,0.021005302667617798
28528,0.021905019879341125
28529,0.021786365658044815
28530,0.02012336067855358
28531,0.018869178369641304
28532,0.019001144915819168
28533,0.021430622786283493
28534,0.024908749386668205
28535,0.02364170551300049
28536,0.018584050238132477
28537,0.016965923830866814
28538,0.0177316777408123
28539,0.019487714394927025
28540,0.018946398049592972
28541,0.015785034745931625
28542,0.012177197262644768
28543,0.009455258026719093
28544,0.00825381651520729
28545,0.007131044287234545
28546,0.007796234916895628
28547,0.010886033996939659
28548,0.014439043588936329
28549,0.01700175553560257
28550,0.014173118397593498
28551,0.009194363839924335
28552,0.006923496723175049
28553,0.007185773458331823
28554,0.008839369751513004
28555,0.008760770782828331
28556,0.008173059672117233
28557,0.008947636932134628
28558,0.010140030644834042
28559,0.010859834961593151
28560,0.008521687239408493
28561,0.00651731388643384
28562,0.007503176108002663
28563,0.009390563704073429
28564,0.01043929997831583
28565,0.00834291335195303
28566,0.006996354553848505
28567,0.008643073961138725
28568,0.010536999441683292
28569,0.010806725360453129
28570,0.007676591165363789
28571,0.0062201255932450294
28572,0.008669156581163406
28573,0.011670876294374466
28574,0.012844724580645561
28575,0.009446963667869568
28576,0.007016083225607872
28577,0.008798373863101006
28578,0.011180882342159748
28579,0.011522321961820126
28580,0.007987537421286106
28581,0.006396867800503969
28582,0.009225176647305489
28583,0.012324981391429901
28584,0.012844601646065712
28585,0.00881422683596611
28586,0.006999010685831308
28587,0.010006225667893887
28588,0.01265192124992609
28589,0.011952592059969902
28590,0.007547788321971893
28591,0.00703406659886241
28592,0.011387714184820652
28593,0.014327947981655598
28594,0.013435829430818558
28595,0.009102943353354931
28596,0.009146302938461304
28597,0.013224580325186253
28598,0.013528866693377495
28599,0.009410308673977852
28600,0.006075377110391855
28601,0.010507877916097641
28602,0.01705757901072502
28603,0.018313715234398842
28604,0.017190106213092804
28605,0.01681937649846077
28606,0.020074401050806046
28607,0.021849611774086952
28608,0.015355123206973076
28609,0.009506506845355034
28610,0.012523031793534756
28611,0.02081107720732689
28612,0.022218093276023865
28613,0.01715138740837574
28614,0.015266352333128452
28615,0.0161964800208807
28616,0.015006874687969685
28617,0.010840896517038345
28618,0.009908022359013557
28619,0.015857340767979622
28620,0.01884395442903042
28621,0.012864109128713608
28622,0.006701095029711723
28623,0.007337172981351614
28624,0.011812577955424786
28625,0.011621927842497826
28626,0.007434352766722441
28627,0.006609458476305008
28628,0.009149648249149323
28629,0.010194423608481884
28630,0.007950106635689735
28631,0.006696639582514763
28632,0.00866006501019001
28633,0.011068339459598064
28634,0.012140682898461819
28635,0.010622477158904076
28636,0.009165709838271141
28637,0.010112134739756584
28638,0.01241852343082428
28639,0.015657372772693634
28640,0.01647910848259926
28641,0.016578052192926407
28642,0.018662143498659134
28643,0.02233288437128067
28644,0.025993315503001213
28645,0.02471441775560379
28646,0.019224002957344055
28647,0.014549970626831055
28648,0.011344795115292072
28649,0.010626975446939468
28650,0.009396875277161598
28651,0.007677174173295498
28652,0.007703184615820646
28653,0.008921213448047638
28654,0.011004443280398846
28655,0.011466135270893574
28656,0.010061080567538738
28657,0.008638973347842693
28658,0.00766246672719717
28659,0.007476794999092817
28660,0.0067969923838973045
28661,0.006744328886270523
28662,0.008148090913891792
28663,0.010578606277704239
28664,0.01292269118130207
28665,0.011392074637115002
28666,0.007873272523283958
28667,0.0063889711163938046
28668,0.00728705246001482
28669,0.009662006050348282
28670,0.009521335363388062
28671,0.007205189671367407
28672,0.006086202338337898
28673,0.006430238019675016
28674,0.007593226619064808
28675,0.007223891094326973
28676,0.006130047142505646
28677,0.006299076601862907
28678,0.00742010772228241
28679,0.00870184600353241
28680,0.0076312716118991375
28681,0.0060173817910254
28682,0.006300158333033323
28683,0.007890233770012856
28684,0.009942703880369663
28685,0.009120834060013294
28686,0.006759802810847759
28687,0.006004282273352146
28688,0.006583765149116516
28689,0.008047489449381828
28690,0.0077280462719500065
28691,0.006312907207757235
28692,0.006016762461513281
28693,0.006669416092336178
28694,0.007961084134876728
28695,0.007479520048946142
28696,0.0061785937286913395
28697,0.006147344131022692
28698,0.007214258424937725
28699,0.009011615999042988
28700,0.008547564968466759
28701,0.006668010260909796
28702,0.00604586536064744
28703,0.0065675717778503895
28704,0.007904631085693836
28705,0.007741131819784641
28706,0.006785911042243242
28707,0.007047777064144611
28708,0.00846980232745409
28709,0.010879158973693848
28710,0.011672524735331535
28711,0.011825255118310452
28712,0.014057617634534836
28713,0.01864193007349968
28714,0.025402136147022247
28715,0.03246346116065979
28716,0.038880109786987305
28717,0.04562436789274216
28718,0.049178265035152435
28719,0.046657316386699677
28720,0.03501389920711517
28721,0.017936116084456444
28722,0.00791330635547638
28723,0.008331390097737312
28724,0.015704263001680374
28725,0.021985171362757683
28726,0.022688135504722595
28727,0.01847020722925663
28728,0.013296931982040405
28729,0.010594540275633335
28730,0.009716279804706573
28731,0.01087323296815157
28732,0.01347537711262703
28733,0.015324477106332779
28734,0.015638545155525208
28735,0.011821153573691845
28736,0.007510300260037184
28737,0.007449180819094181
28738,0.010455460287630558
28739,0.013475948944687843
28740,0.011590647511184216
28741,0.007356464862823486
28742,0.006150078494101763
28743,0.008011061698198318
28744,0.01078567374497652
28745,0.010029982775449753
28746,0.007421046961098909
28747,0.006758040748536587
28748,0.00789773277938366
28749,0.010191979818046093
28750,0.009621098637580872
28751,0.00712988106533885
28752,0.0062912842258811
28753,0.006945262663066387
28754,0.008723586797714233
28755,0.008228430524468422
28756,0.0063767582178115845
28757,0.006072528660297394
28758,0.0070741744711995125
28759,0.008853917941451073
28760,0.008150178007781506
28761,0.006332016550004482
28762,0.006249380297958851
28763,0.007552781607955694
28764,0.009631523862481117
28765,0.008790243417024612
28766,0.006503542885184288
28767,0.006104206666350365
28768,0.00730221439152956
28769,0.009447365999221802
28770,0.008772256784141064
28771,0.006492025684565306
28772,0.0059493728913366795
28773,0.006959972903132439
28774,0.008941169828176498
28775,0.00832738634198904
28776,0.006321759428828955
28777,0.006018019746989012
28778,0.007169499062001705
28779,0.009208216331899166
28780,0.008515545167028904
28781,0.006348903756588697
28782,0.005917293950915337
28783,0.00692839827388525
28784,0.008847285062074661
28785,0.008225485682487488
28786,0.006252073682844639
28787,0.005937287583947182
28788,0.006968927104026079
28789,0.008867808617651463
28790,0.008242469280958176
28791,0.006267040967941284
28792,0.005914389155805111
28793,0.006875070743262768
28794,0.008733848109841347
28795,0.008167238906025887
28796,0.006256962660700083
28797,0.0058816890232264996
28798,0.006741720251739025
28799,0.00848433282226324
28800,0.007961047813296318
28801,0.006193466484546661
28802,0.005887056700885296
28803,0.0067486949265003204
28804,0.008479252457618713
28805,0.007976356893777847
28806,0.006216524168848991
28807,0.005860418081283569
28808,0.006617611274123192
28809,0.008237644098699093
28810,0.007783287204802036
28811,0.0061647649854421616
28812,0.005869911052286625
28813,0.00661493930965662
28814,0.008197764866054058
28815,0.007766698021441698
28816,0.006188145373016596
28817,0.005878346972167492
28818,0.006555220112204552
28819,0.008067338727414608
28820,0.00770408334210515
28821,0.00627947086468339
28822,0.006063947454094887
28823,0.0067870281636714935
28824,0.008351095020771027
28825,0.008262508548796177
28826,0.007350868545472622
28827,0.007892981171607971
28828,0.009797201491892338
28829,0.01336675975471735
28830,0.016214976087212563
28831,0.01954006403684616
28832,0.02603929117321968
28833,0.03573458269238472
28834,0.04648641496896744
28835,0.05413792282342911
28836,0.052009761333465576
28837,0.04295098036527634
28838,0.030766937881708145
28839,0.024937372654676437
28840,0.024539345875382423
28841,0.023539643734693527
28842,0.024305250495672226
28843,0.02294568344950676
28844,0.017858117818832397
28845,0.012845982797443867
28846,0.0103856660425663
28847,0.012079326435923576
28848,0.016627786681056023
28849,0.01918453723192215
28850,0.014859776943922043
28851,0.009423838928341866
28852,0.00911097601056099
28853,0.013517766259610653
28854,0.018403872847557068
28855,0.01659240573644638
28856,0.01108409184962511
28857,0.00883476622402668
28858,0.009616167284548283
28859,0.011804318055510521
28860,0.010800011456012726
28861,0.008288517594337463
28862,0.008274481631815434
28863,0.009151055477559566
28864,0.010276051238179207
28865,0.008637421764433384
28866,0.006520932540297508
28867,0.007113287225365639
28868,0.009259391576051712
28869,0.011800308711826801
28870,0.009964300319552422
28871,0.006551290396600962
28872,0.00648961216211319
28873,0.009128888137638569
28874,0.012628855183720589
28875,0.010804219171404839
28876,0.0067523326724767685
28877,0.006390810944139957
28878,0.008860118687152863
28879,0.012264189310371876
28880,0.010477202944457531
28881,0.006585196126252413
28882,0.006257860921323299
28883,0.008503066375851631
28884,0.011734099127352238
28885,0.010037785395979881
28886,0.006481207441538572
28887,0.0064150248654186726
28888,0.00888320617377758
28889,0.012243267148733139
28890,0.010277883149683475
28891,0.006463650148361921
28892,0.006597102154046297
28893,0.009536630474030972
28894,0.013258261606097221
28895,0.01091621071100235
28896,0.00653662858530879
28897,0.006635680794715881
28898,0.00992539245635271
28899,0.014104376547038555
28900,0.011660393327474594
28901,0.0067590270191431046
28902,0.006639215629547834
28903,0.010082644410431385
28904,0.014584607444703579
28905,0.012013886123895645
28906,0.0067339688539505005
28907,0.0066422768868505955
28908,0.010533365420997143
28909,0.015415279194712639
28910,0.012419156730175018
28911,0.006587306968867779
28912,0.006766452454030514
28913,0.01141062006354332
28914,0.01667267642915249
28915,0.01288384199142456
28916,0.006378852296620607
28917,0.007081790827214718
28918,0.012681144289672375
28919,0.01830826885998249
28920,0.013446595519781113
28921,0.0062357597053050995
28922,0.007704569958150387
28923,0.014505628496408463
28924,0.020552270114421844
28925,0.01421547494828701
28926,0.006148930639028549
28927,0.008784818463027477
28928,0.01733086258172989
28929,0.02374807745218277
28930,0.014979176223278046
28931,0.0059716529212892056
28932,0.011022476479411125
28933,0.02232953906059265
28934,0.028265954926609993
28935,0.015136545524001122
28936,0.005956911016255617
28937,0.016198333352804184
28938,0.031047895550727844
28939,0.03340180590748787
28940,0.01352907158434391
28941,0.00799622479826212
28942,0.027831997722387314
28943,0.04383555054664612
28944,0.03505557030439377
28945,0.009201699867844582
28946,0.017844973132014275
28947,0.04960782825946808
28948,0.053805384784936905
28949,0.02441071718931198
28950,0.008063508197665215
28951,0.04558521509170532
28952,0.07032531499862671
28953,0.037771694362163544
28954,0.00725376745685935
28955,0.03254660964012146
28956,0.07376165688037872
28957,0.04379536584019661
28958,0.007913864217698574
28959,0.025631576776504517
28960,0.05875062942504883
28961,0.043208636343479156
28962,0.013110164552927017
28963,0.01590815745294094
28964,0.037957772612571716
28965,0.04598461091518402
28966,0.039994195103645325
28967,0.014481478370726109
28968,0.015284066088497639
28969,0.030099280178546906
28970,0.03613053262233734
28971,0.02556723728775978
28972,0.013497985899448395
28973,0.019813038408756256
28974,0.030814550817012787
28975,0.03317297622561455
28976,0.0294716265052557
28977,0.028009820729494095
28978,0.023463211953639984
28979,0.010684488341212273
28980,0.009570391848683357
28981,0.01312839612364769
28982,0.01647034101188183
28983,0.013446146622300148
28984,0.01304382923990488
28985,0.011298016645014286
28986,0.00874637346714735
28987,0.008045542985200882
28988,0.010092753916978836
28989,0.012211623601615429
28990,0.009735450148582458
28991,0.008243764750659466
28992,0.007531513925641775
28993,0.007640688214451075
28994,0.007794743403792381
28995,0.008970892988145351
28996,0.009002357721328735
28997,0.007451786659657955
28998,0.007226264104247093
28999,0.007172248791903257
29000,0.006953878328204155
29001,0.0066081867553293705
29002,0.007420780137181282
29003,0.007756338454782963
29004,0.0071404557675123215
29005,0.006365664768964052
29006,0.0060689798556268215
29007,0.0065828715451061726
29008,0.006789363455027342
29009,0.006806833669543266
29010,0.006521391216665506
29011,0.006422847043722868
29012,0.006341112311929464
29013,0.00627988763153553
29014,0.006304631941020489
29015,0.006122446618974209
29016,0.006171429995447397
29017,0.006386986467987299
29018,0.006521322298794985
29019,0.006195176392793655
29020,0.005856013391166925
29021,0.0059618339873850346
29022,0.006227401550859213
29023,0.00629246374592185
29024,0.006094682961702347
29025,0.00594103429466486
29026,0.006003618240356445
29027,0.006194641347974539
29028,0.006244635209441185
29029,0.006084955297410488
29030,0.005856577306985855
29031,0.005861386656761169
29032,0.006075446959584951
29033,0.006210870575159788
29034,0.006128361914306879
29035,0.005893956404179335
29036,0.0058374181389808655
29037,0.005999601446092129
29038,0.006137621123343706
29039,0.006054141093045473
29040,0.005820830352604389
29041,0.005751391407102346
29042,0.005908730439841747
29043,0.00606162566691637
29044,0.006022505462169647
29045,0.0058275689370930195
29046,0.005741222761571407
29047,0.0058556366711854935
29048,0.006001824513077736
29049,0.006012354511767626
29050,0.005847251508384943
29051,0.005730853416025639
29052,0.005789863411337137
29053,0.005916635040193796
29054,0.0059555270709097385
29055,0.005833502858877182
29056,0.005721732042729855
29057,0.005746887531131506
29058,0.005852218251675367
29059,0.005912117660045624
29060,0.005832181312143803
29061,0.0057281265035271645
29062,0.005721585359424353
29063,0.005794504191726446
29064,0.005860213655978441
29065,0.0058180042542517185
29066,0.005733894649893045
29067,0.005708609241992235
29068,0.0057495092041790485
29069,0.005807775538414717
29070,0.005792784970253706
29071,0.0057349251583218575
29072,0.005704259965568781
29073,0.005721881054341793
29074,0.00577011052519083
29075,0.005774217192083597
29076,0.005740795750170946
29077,0.005712778307497501
29078,0.005715003702789545
29079,0.005752566736191511
29080,0.005782379303127527
29081,0.005807528272271156
29082,0.005849866196513176
29083,0.005950229708105326
29084,0.006160566583275795
29085,0.0064831869676709175
29086,0.007005279418081045
29087,0.007918978109955788
29088,0.009545966982841492
29089,0.01244075782597065
29090,0.01738796755671501
29091,0.02546774595975876
29092,0.03705641254782677
29093,0.05125322937965393
29094,0.06203479319810867
29095,0.06138164550065994
29096,0.04437246173620224
29097,0.020880911499261856
29098,0.007823276333510876
29099,0.012070056051015854
29100,0.023198887705802917
29101,0.027360456064343452
29102,0.022108249366283417
29103,0.015170854516327381
29104,0.012445878237485886
29105,0.013133423402905464
29106,0.013240041211247444
29107,0.012408716604113579
29108,0.011633464135229588
29109,0.011142834089696407
29110,0.010220779106020927
29111,0.00871121697127819
29112,0.008425218984484673
29113,0.00923310499638319
29114,0.009624525904655457
29115,0.008249840699136257
29116,0.0065083857625722885
29117,0.006883606314659119
29118,0.008466116152703762
29119,0.008835796266794205
29120,0.007067419588565826
29121,0.005824706517159939
29122,0.006807468831539154
29123,0.008214516565203667
29124,0.008041944354772568
29125,0.006478678435087204
29126,0.006234673783183098
29127,0.007512775249779224
29128,0.008191416040062904
29129,0.007301066070795059
29130,0.0060805343091487885
29131,0.006820938549935818
29132,0.00832285825163126
29133,0.008332563564181328
29134,0.006830947007983923
29135,0.005840422119945288
29136,0.007138335611671209
29137,0.008691567927598953
29138,0.008354511111974716
29139,0.0066696517169475555
29140,0.005899072624742985
29141,0.007323824800550938
29142,0.008637405931949615
29143,0.008025320246815681
29144,0.006427071988582611
29145,0.006023498252034187
29146,0.007499556988477707
29147,0.00847733486443758
29148,0.007595482748001814
29149,0.006108651403337717
29150,0.005987728014588356
29151,0.007438035681843758
29152,0.008160105906426907
29153,0.007196194492280483
29154,0.005897237453609705
29155,0.005937300622463226
29156,0.0072098770178854465
29157,0.007705804891884327
29158,0.006817145738750696
29159,0.005783953238278627
29160,0.005912964232265949
29161,0.006933356635272503
29162,0.00724396388977766
29163,0.006494589615613222
29164,0.005719886161386967
29165,0.005868264473974705
29166,0.006628719624131918
29167,0.006830317433923483
29168,0.0062654148787260056
29169,0.0057059843093156815
29170,0.005812511779367924
29171,0.0063392892479896545
29172,0.006482929922640324
29173,0.006091665476560593
29174,0.005689448211342096
29175,0.005737231578677893
29176,0.006091151386499405
29177,0.006220816168934107
29178,0.0059836246073246
29179,0.005693373735994101
29180,0.0056764790788292885
29181,0.005894477479159832
29182,0.006018434185534716
29183,0.005904268007725477
29184,0.0057048071175813675
29185,0.005642293952405453
29186,0.005757526028901339
29187,0.005869132000952959
29188,0.005841231904923916
29189,0.005716381594538689
29190,0.005631749983876944
29191,0.005672174505889416
29192,0.005760767497122288
29193,0.005784142296761274
29194,0.0057189976796507835
29195,0.005632203072309494
29196,0.00562255410477519
29197,0.005683358293026686
29198,0.0057321940548717976
29199,0.005714578088372946
29200,0.005640287417918444
29201,0.005600271746516228
29202,0.005631974432617426
29203,0.005684301257133484
29204,0.005697145126760006
29205,0.005642460659146309
29206,0.005591177381575108
29207,0.005600506439805031
29208,0.005644448101520538
29209,0.005671727936714888
29210,0.005635617766529322
29211,0.005585929378867149
29212,0.0055827246978878975
29213,0.005614791996777058
29214,0.005644080229103565
29215,0.005620973184704781
29216,0.00557941198348999
29217,0.005572583992034197
29218,0.005595097783952951
29219,0.0056200711987912655
29220,0.005603456869721413
29221,0.005571193061769009
29222,0.0055667501874268055
29223,0.005585102830082178
29224,0.0056062908843159676
29225,0.005592335481196642
29226,0.005566782783716917
29227,0.005566537380218506
29228,0.005585344973951578
29229,0.005607007537037134
29230,0.005599600728601217
29231,0.005589937791228294
29232,0.0056139822117984295
29233,0.005671385210007429
29234,0.005759093910455704
29235,0.005859082564711571
29236,0.006027697119861841
29237,0.006373018492013216
29238,0.007000479847192764
29239,0.008120848797261715
29240,0.010034609586000443
29241,0.013440338894724846
29242,0.019185608252882957
29243,0.028759580105543137
29244,0.04200014844536781
29245,0.058116525411605835
29246,0.06779620051383972
29247,0.06543432176113129
29248,0.04600232094526291
29249,0.023299697786569595
29250,0.012744558043777943
29251,0.014886784367263317
29252,0.02085556462407112
29253,0.023561112582683563
29254,0.02326269820332527
29255,0.021625399589538574
29256,0.016019368544220924
29257,0.01107630506157875
29258,0.01065327599644661
29259,0.01355066616088152
29260,0.013892322778701782
29261,0.009965965524315834
29262,0.007464724592864513
29263,0.00912463292479515
29264,0.011136619374155998
29265,0.009556920267641544
29266,0.006919496227055788
29267,0.007222029380500317
29268,0.009108055382966995
29269,0.008761828765273094
29270,0.006776215508580208
29271,0.0067854286171495914
29272,0.008097538724541664
29273,0.007788426708430052
29274,0.00649236747995019
29275,0.006706748157739639
29276,0.007908642292022705
29277,0.0074049076065421104
29278,0.005950316786766052
29279,0.00598530936986208
29280,0.0071351053193211555
29281,0.007293249014765024
29282,0.006241407245397568
29283,0.005851733032613993
29284,0.006390734575688839
29285,0.006612837314605713
29286,0.006101725623011589
29287,0.005726930685341358
29288,0.006046322640031576
29289,0.00633629085496068
29290,0.00608732458204031
29291,0.005714645609259605
29292,0.005732851568609476
29293,0.005971724167466164
29294,0.0059415134601294994
29295,0.005710635334253311
29296,0.005642816890031099
29297,0.005775539204478264
29298,0.005824423860758543
29299,0.005691990256309509
29300,0.005599781405180693
29301,0.00564607884734869
29302,0.00570182828232646
29303,0.005653875879943371
29304,0.005580374971032143
29305,0.005583757534623146
29306,0.005611051805317402
29307,0.005600373260676861
29308,0.005567106418311596
29309,0.005564115010201931
29310,0.0055798497051000595
29311,0.0055739907547831535
29312,0.005557481199502945
29313,0.005553088150918484
29314,0.005559365730732679
29315,0.005552814342081547
29316,0.005541780032217503
29317,0.00554271973669529
29318,0.005548350978642702
29319,0.005545932799577713
29320,0.00553725752979517
29321,0.005540771875530481
29322,0.0055478764697909355
29323,0.005543800536543131
29324,0.005532351788133383
29325,0.005529672838747501
29326,0.005542049650102854
29327,0.005545871332287788
29328,0.0055354321375489235
29329,0.005526565946638584
29330,0.005531007423996925
29331,0.005542431026697159
29332,0.0055386400781571865
29333,0.0055236248299479485
29334,0.005516309291124344
29335,0.0055238790810108185
29336,0.005534391384571791
29337,0.005529440473765135
29338,0.005517208483070135
29339,0.00551368435844779
29340,0.005520733539015055
29341,0.005527603905647993
29342,0.005522231571376324
29343,0.005512370727956295
29344,0.005509748123586178
29345,0.0055158971808850765
29346,0.005523372441530228
29347,0.0055237822234630585
29348,0.005523352883756161
29349,0.005530830472707748
29350,0.005545991938561201
29351,0.005566321779042482
29352,0.00559194153174758
29353,0.005632291082292795
29354,0.005702602211385965
29355,0.005820413585752249
29356,0.006014629267156124
29357,0.006328433286398649
29358,0.006850677076727152
29359,0.007705243304371834
29360,0.009030681103467941
29361,0.011048926040530205
29362,0.01418691873550415
29363,0.01863105222582817
29364,0.0244266539812088
29365,0.029925260692834854
29366,0.03323492780327797
29367,0.03186286985874176
29368,0.025332879275083542
29369,0.015852782875299454
29370,0.008235914632678032
29371,0.0056887054815888405
29372,0.00817648135125637
29373,0.012817760929465294
29374,0.01610756665468216
29375,0.015806017443537712
29376,0.012385042384266853
29377,0.008234014734625816
29378,0.005888881161808968
29379,0.006293756887316704
29380,0.008224721997976303
29381,0.009736116975545883
29382,0.009751910343766212
29383,0.008441846817731857
29384,0.006805638317018747
29385,0.005876112729310989
29386,0.005864823702722788
29387,0.006430924404412508
29388,0.007021612022072077
29389,0.007175941951572895
29390,0.006869560107588768
29391,0.006296352483332157
29392,0.005766900256276131
29393,0.005557883530855179
29394,0.0057029421441257
29395,0.006027708761394024
29396,0.00628690468147397
29397,0.006320946849882603
29398,0.006126017309725285
29399,0.005838106852024794
29400,0.005602572113275528
29401,0.005523405037820339
29402,0.005594052840024233
29403,0.005732834339141846
29404,0.005849981680512428
29405,0.005860932637006044
29406,0.005772329866886139
29407,0.005650411359965801
29408,0.005544994957745075
29409,0.005492882803082466
29410,0.00549727538600564
29411,0.005527677945792675
29412,0.005560934543609619
29413,0.005577111151069403
29414,0.005571555346250534
29415,0.005557984113693237
29416,0.0055424245074391365
29417,0.005522512830793858
29418,0.005501731764525175
29419,0.005483934190124273
29420,0.005474961828440428
29421,0.005484274588525295
29422,0.0055068545043468475
29423,0.005531938746571541
29424,0.00555120874196291
29425,0.005544582381844521
29426,0.005522039253264666
29427,0.005506729241460562
29428,0.005500667728483677
29429,0.005503135267645121
29430,0.005518926773220301
29431,0.00555072445422411
29432,0.005600404925644398
29433,0.005675477907061577
29434,0.0057893660850822926
29435,0.005929365288466215
29436,0.006121571641415358
29437,0.006421555299311876
29438,0.006901688873767853
29439,0.007633835542947054
29440,0.008770253509283066
29441,0.010433174669742584
29442,0.01302959956228733
29443,0.016602423042058945
29444,0.02172240801155567
29445,0.026680301874876022
29446,0.03143523633480072
29447,0.03370490297675133
29448,0.03333410620689392
29449,0.028545277193188667
29450,0.02122953161597252
29451,0.013512462377548218
29452,0.008416835218667984
29453,0.007301284931600094
29454,0.009576545096933842
29455,0.012878648936748505
29456,0.014727258123457432
29457,0.013878830708563328
29458,0.011150583624839783
29459,0.008110670372843742
29460,0.006276760715991259
29461,0.006128463428467512
29462,0.007232424803078175
29463,0.008679735474288464
29464,0.009446063078939915
29465,0.008942835964262486
29466,0.007527843117713928
29467,0.0061570159159600735
29468,0.005628869868814945
29469,0.005978417117148638
29470,0.0065924241207540035
29471,0.006949508562684059
29472,0.006916894111782312
29473,0.006552404258400202
29474,0.006059206090867519
29475,0.005674714222550392
29476,0.005562726408243179
29477,0.0057356515899300575
29478,0.0060089766047894955
29479,0.006180177442729473
29480,0.006197393871843815
29481,0.006113943178206682
29482,0.0059981015510857105
29483,0.0059114666655659676
29484,0.005928152706474066
29485,0.006052318960428238
29486,0.006291248369961977
29487,0.006600998342037201
29488,0.006916768848896027
29489,0.007243116851896048
29490,0.007661954965442419
29491,0.00823637843132019
29492,0.009088868275284767
29493,0.01020977832376957
29494,0.011710523627698421
29495,0.012922489084303379
29496,0.013815520331263542
29497,0.014218887314200401
29498,0.014158396050333977
29499,0.013164568692445755
29500,0.01157543808221817
29501,0.009545866400003433
29502,0.007659147493541241
29503,0.00634379917755723
29504,0.0058083608746528625
29505,0.005943574942648411
29506,0.00642764987424016
29507,0.006982092745602131
29508,0.0073524354957044125
29509,0.007428149692714214
29510,0.007093105930835009
29511,0.006506824865937233
29512,0.00596659816801548
29513,0.005632788874208927
29514,0.005577937234193087
29515,0.005720159038901329
29516,0.005899784155189991
29517,0.00605285819619894
29518,0.006135182920843363
29519,0.006127241067588329
29520,0.0060881394892930984
29521,0.006033324170857668
29522,0.005980282090604305
29523,0.005948518868535757
29524,0.005959182046353817
29525,0.0060179573483765125
29526,0.006154877133667469
29527,0.006374934688210487
29528,0.0066848876886069775
29529,0.0070733013562858105
29530,0.0075218514539301395
29531,0.00802328996360302
29532,0.00867479108273983
29533,0.009448505938053131
29534,0.010421611368656158
29535,0.01146699208766222
29536,0.012647521682083607
29537,0.01365756243467331
29538,0.014531794935464859
29539,0.014785073697566986
29540,0.014450760558247566
29541,0.013293763622641563
29542,0.011680586263537407
29543,0.009845332242548466
29544,0.008174692280590534
29545,0.0070088645443320274
29546,0.006466507911682129
29547,0.006569841876626015
29548,0.007138450630009174
29549,0.007968161255121231
29550,0.008594449609518051
29551,0.008851870894432068
29552,0.00883509125560522
29553,0.008604269474744797
29554,0.008253988809883595
29555,0.007970783859491348
29556,0.007845409214496613
29557,0.008010638877749443
29558,0.008417099714279175
29559,0.009101148694753647
29560,0.009671107865869999
29561,0.010145721957087517
29562,0.010456224903464317
29563,0.010607894510030746
29564,0.010458843782544136
29565,0.010060982778668404
29566,0.009426221251487732
29567,0.008620772510766983
29568,0.007750008255243301
29569,0.006898309104144573
29570,0.006146058905869722
29571,0.005624033510684967
29572,0.005412972532212734
29573,0.005468818824738264
29574,0.005705811083316803
29575,0.005969846621155739
29576,0.006167505402117968
29577,0.006321621127426624
29578,0.006418049335479736
29579,0.006462018471211195
29580,0.0064875478856265545
29581,0.006504902150481939
29582,0.0064936145208776
29583,0.006476521957665682
29584,0.006454552058130503
29585,0.006434830836951733
29586,0.006445319391787052
29587,0.00653617549687624
29588,0.006703470833599567
29589,0.0069695147685706615
29590,0.007280921097844839
29591,0.007660340517759323
29592,0.008127672597765923
29593,0.00874909944832325
29594,0.009449413046240807
29595,0.01029491238296032
29596,0.011150161735713482
29597,0.012115057557821274
29598,0.012988426722586155
29599,0.013790201395750046
29600,0.014005172066390514
29601,0.013714224100112915
29602,0.01317555084824562
29603,0.0126339765265584
29604,0.0121664609760046
29605,0.01211920939385891
29606,0.012515692040324211
29607,0.01393207348883152
29608,0.01603497937321663
29609,0.018967844545841217
29610,0.02109522372484207
29611,0.022103767842054367
29612,0.021706435829401016
29613,0.019976314157247543
29614,0.017588254064321518
29615,0.015159530565142632
29616,0.01323835738003254
29617,0.011664819903671741
29618,0.010973353870213032
29619,0.011053880676627159
29620,0.011931663379073143
29621,0.012655973434448242
29622,0.012628447264432907
29623,0.011394251137971878
29624,0.009198145009577274
29625,0.0070447977632284164
29626,0.005837138742208481
29627,0.005806351080536842
29628,0.006448590662330389
29629,0.007084832526743412
29630,0.007241309620440006
29631,0.007039397954940796
29632,0.0069784256629645824
29633,0.007174605503678322
29634,0.0073812538757920265
29635,0.007426868192851543
29636,0.007133994251489639
29637,0.006728461943566799
29638,0.006388166919350624
29639,0.006255706772208214
29640,0.006150310859084129
29641,0.005985754542052746
29642,0.005813747178763151
29643,0.00566577073186636
29644,0.005598616786301136
29645,0.005599022842943668
29646,0.005596547853201628
29647,0.005582612007856369
29648,0.005544951185584068
29649,0.005490287207067013
29650,0.00546044809743762
29651,0.005461707711219788
29652,0.005474133417010307
29653,0.005496990866959095
29654,0.005525699816644192
29655,0.005520564038306475
29656,0.00549672357738018
29657,0.005479820538312197
29658,0.005470132455229759
29659,0.005471838638186455
29660,0.005496821831911802
29661,0.005553881637752056
29662,0.005632239859551191
29663,0.005725035443902016
29664,0.005832002963870764
29665,0.005925123114138842
29666,0.006036216858774424
29667,0.006223577074706554
29668,0.006503010168671608
29669,0.006892186589539051
29670,0.0074419183656573296
29671,0.008221953175961971
29672,0.009306786581873894
29673,0.010808785445988178
29674,0.012805702164769173
29675,0.015215489082038403
29676,0.01791476458311081
29677,0.0209648497402668
29678,0.02380424365401268
29679,0.02591640129685402
29680,0.02621934562921524
29681,0.02441783808171749
29682,0.02017178200185299
29683,0.01481908280402422
29684,0.009692363440990448
29685,0.006404989864677191
29686,0.005657596979290247
29687,0.007086689118295908
29688,0.00949996430426836
29689,0.011483443900942802
29690,0.012134328484535217
29691,0.011138501577079296
29692,0.00922414194792509
29693,0.007214341312646866
29694,0.005900862161070108
29695,0.005562142003327608
29696,0.005997938569635153
29697,0.006823357194662094
29698,0.007571399211883545
29699,0.007930745370686054
29700,0.007854420691728592
29701,0.0074069080874323845
29702,0.006818436086177826
29703,0.006319011561572552
29704,0.006128022912889719
29705,0.00618512649089098
29706,0.006461975630372763
29707,0.006944926455616951
29708,0.0074935536831617355
29709,0.008025266230106354
29710,0.008579449728131294
29711,0.009265749715268612
29712,0.010261106304824352
29713,0.011680876836180687
29714,0.013835958205163479
29715,0.015651917085051537
29716,0.017312295734882355
29717,0.018552731722593307
29718,0.019586777314543724
29719,0.01910429820418358
29720,0.01762526109814644
29721,0.014845212921500206
29722,0.0119789969176054
29723,0.00955788791179657
29724,0.008119998499751091
29725,0.007479492109268904
29726,0.007455319631844759
29727,0.0077340309508144855
29728,0.008254221640527248
29729,0.008894040249288082
29730,0.009311778470873833
29731,0.009297655895352364
29732,0.008970580995082855
29733,0.008396628312766552
29734,0.0077866376377642155
29735,0.007520990911871195
29736,0.007622808218002319
29737,0.007963858544826508
29738,0.008321786299347878
29739,0.008408604189753532
29740,0.00828718114644289
29741,0.008027712814509869
29742,0.007765510585159063
29743,0.007560259662568569
29744,0.007377959787845612
29745,0.007052241358906031
29746,0.006628160364925861
29747,0.006222755182534456
29748,0.0059087155386805534
29749,0.005701221525669098
29750,0.005628614686429501
29751,0.00564676383510232
29752,0.0056924899108707905
29753,0.005733589641749859
29754,0.005749708507210016
29755,0.005699698347598314
29756,0.005625157151371241
29757,0.005588594824075699
29758,0.005589748732745647
29759,0.00562003068625927
29760,0.005626385100185871
29761,0.00559003371745348
29762,0.005543529521673918
29763,0.005496560130268335
29764,0.005460487212985754
29765,0.005450398661196232
29766,0.0054672760888934135
29767,0.00550239160656929
29768,0.005558634642511606
29769,0.0056438688188791275
29770,0.005702113267034292
29771,0.00573940621688962
29772,0.005816706921905279
29773,0.00595526909455657
29774,0.006175816524773836
29775,0.00655553350225091
29776,0.007161938585340977
29777,0.008097635582089424
29778,0.00947221927344799
29779,0.01152077317237854
29780,0.01360991969704628
29781,0.015829715877771378
29782,0.018312130123376846
29783,0.02111252397298813
29784,0.02294950932264328
29785,0.023613207042217255
29786,0.021969184279441833
29787,0.019923388957977295
29788,0.017533104866743088
29789,0.016858067363500595
29790,0.01789485290646553
29791,0.022186115384101868
29792,0.029718542471528053
29793,0.0404655747115612
29794,0.05026577413082123
29795,0.05055742338299751
29796,0.03754323348402977
29797,0.018847666680812836
29798,0.009989636018872261
29799,0.0144977867603302
29800,0.01916130632162094
29801,0.014541586861014366
29802,0.007717846892774105
29803,0.009743067435920238
29804,0.0181644968688488
29805,0.022843170911073685
29806,0.025493096560239792
29807,0.03839780390262604
29808,0.05932386592030525
29809,0.072140172123909
29810,0.06299208104610443
29811,0.0414346382021904
29812,0.02830927073955536
29813,0.025225715711712837
29814,0.031028442084789276
29815,0.04293237626552582
29816,0.048033468425273895
29817,0.03952063247561455
29818,0.014201520942151546
29819,0.013232287019491196
29820,0.020500198006629944
29821,0.01416984386742115
29822,0.020813021808862686
29823,0.025205053389072418
29824,0.014751367270946503
29825,0.016450688242912292
29826,0.015975702553987503
29827,0.00894002802670002
29828,0.014333534985780716
29829,0.014231016859412193
29830,0.012042954564094543
29831,0.013969844207167625
29832,0.008000902831554413
29833,0.007092828396707773
29834,0.009181244298815727
29835,0.007645576260983944
29836,0.010202525183558464
29837,0.008311040699481964
29838,0.006435580085963011
29839,0.007466597016900778
29840,0.006417310331016779
29841,0.00771965691819787
29842,0.00793173722922802
29843,0.006190254352986813
29844,0.006560144480317831
29845,0.006017107516527176
29846,0.0066574374213814735
29847,0.0072044129483401775
29848,0.006272380240261555
29849,0.006524375639855862
29850,0.006182901561260223
29851,0.005897733848541975
29852,0.0063659995794296265
29853,0.006071469746530056
29854,0.006166518200188875
29855,0.0059623559936881065
29856,0.005548715591430664
29857,0.005871710833162069
29858,0.005893374793231487
29859,0.0059517063200473785
29860,0.005835280753672123
29861,0.005418325774371624
29862,0.005582858342677355
29863,0.005809051916003227
29864,0.005816183518618345
29865,0.005731016397476196
29866,0.005429464858025312
29867,0.005435712169855833
29868,0.005616425536572933
29869,0.005714382976293564
29870,0.005700035486370325
29871,0.005502290558069944
29872,0.005369205493479967
29873,0.005464458838105202
29874,0.005520456470549107
29875,0.00548294372856617
29876,0.005410599056631327
29877,0.005358431953936815
29878,0.005393254570662975
29879,0.0054789818823337555
29880,0.005440603010356426
29881,0.005383113864809275
29882,0.005343805532902479
29883,0.005360208917409182
29884,0.005448965821415186
29885,0.005420992616564035
29886,0.005338025279343128
29887,0.005327253136783838
29888,0.0053378017619252205
29889,0.005377840716391802
29890,0.005358119495213032
29891,0.005309340078383684
29892,0.005321615841239691
29893,0.005367193836718798
29894,0.005442427005618811
29895,0.005426912568509579
29896,0.005345267243683338
29897,0.005306870210915804
29898,0.005318745039403439
29899,0.005338991992175579
29900,0.005317514296621084
29901,0.005316669121384621
29902,0.005384375341236591
29903,0.005524785257875919
29904,0.005762050859630108
29905,0.005869358312338591
29906,0.005848057568073273
29907,0.005931608844548464
29908,0.006134321913123131
29909,0.006529126316308975
29910,0.007444876246154308
29911,0.009254388511180878
29912,0.01205950416624546
29913,0.016330718994140625
29914,0.021781843155622482
29915,0.02582782320678234
29916,0.025261657312512398
29917,0.021642696112394333
29918,0.014723481610417366
29919,0.008538054302334785
29920,0.006123919505625963
29921,0.0065211341716349125
29922,0.007985319942235947
29923,0.008809488266706467
29924,0.008506055921316147
29925,0.007972612977027893
29926,0.007471572142094374
29927,0.006959118880331516
29928,0.0066259438171982765
29929,0.006498515605926514
29930,0.00667940778657794
29931,0.006931621115654707
29932,0.006691962480545044
29933,0.006127055734395981
29934,0.005759803112596273
29935,0.005934844259172678
29936,0.006696425378322601
29937,0.007316337898373604
29938,0.007238676305860281
29939,0.006545764859765768
29940,0.005655531771481037
29941,0.005412925034761429
29942,0.0059084901586174965
29943,0.006538080051541328
29944,0.0067802416160702705
29945,0.00625222735106945
29946,0.005589157342910767
29947,0.005476064048707485
29948,0.005815387703478336
29949,0.006266078911721706
29950,0.006179746240377426
29951,0.005717214196920395
29952,0.005442723166197538
29953,0.005407924298197031
29954,0.005553215742111206
29955,0.005544750019907951
29956,0.005406644195318222
29957,0.005364336539059877
29958,0.005372546147555113
29959,0.005407856777310371
29960,0.005340397823601961
29961,0.00531627144664526
29962,0.005421685520559549
29963,0.0055236779153347015
29964,0.0055643473751842976
29965,0.005406831856817007
29966,0.005325883626937866
29967,0.005459635052829981
29968,0.005619676783680916
29969,0.005688933189958334
29970,0.005469908006489277
29971,0.005296565592288971
29972,0.005402775015681982
29973,0.005610936786979437
29974,0.005773481447249651
29975,0.005579208955168724
29976,0.005328518338501453
29977,0.005345444194972515
29978,0.005484367720782757
29979,0.00561121478676796
29980,0.005458134226500988
29981,0.005278152879327536
29982,0.005341069772839546
29983,0.005506289191544056
29984,0.005644460674375296
29985,0.0054805404506623745
29986,0.005290286149829626
29987,0.0053621442057192326
29988,0.005546197295188904
29989,0.005692341830581427
29990,0.005546185653656721
29991,0.005415639840066433
29992,0.005599771626293659
29993,0.005991211161017418
29994,0.006470369175076485
29995,0.00659644789993763
29996,0.006684401072561741
29997,0.0072473324835300446
29998,0.008270925842225552
29999,0.00972150918096304
