step,loss
0,259.6073913574219
1,231.5443572998047
2,73.11860656738281
3,42.64317321777344
4,38.45952224731445
5,37.37009048461914
6,35.3684196472168
7,33.43781661987305
8,30.330442428588867
9,26.417739868164062
10,24.166645050048828
11,18.438201904296875
12,16.867868423461914
13,15.118179321289062
14,13.52419662475586
15,11.953431129455566
16,11.71609878540039
17,10.560321807861328
18,9.875524520874023
19,6.109783172607422
20,13.920858383178711
21,5.115663528442383
22,4.833535194396973
23,4.5552873611450195
24,4.177102088928223
25,4.024832725524902
26,3.5982093811035156
27,3.3602514266967773
28,3.040586471557617
29,2.8162269592285156
30,2.635836124420166
31,2.3533740043640137
32,1.944598913192749
33,1.7484207153320312
34,1.6999881267547607
35,1.6570332050323486
36,1.617940068244934
37,1.5774776935577393
38,1.530416488647461
39,1.4421086311340332
40,1.2765960693359375
41,1.0714622735977173
42,0.9523377418518066
43,0.8783138990402222
44,0.8495320081710815
45,0.8335428237915039
46,0.7957645654678345
47,0.7395521402359009
48,0.6743212938308716
49,0.6242046356201172
50,0.7342167496681213
51,0.6144363880157471
52,0.6048939228057861
53,0.5993444323539734
54,0.5902892351150513
55,0.5720461010932922
56,0.5447583198547363
57,0.5298826694488525
58,0.5213930010795593
59,0.5117631554603577
60,0.49861669540405273
61,0.4876978397369385
62,0.47359469532966614
63,0.46829310059547424
64,0.4654913544654846
65,0.4637725055217743
66,0.46118852496147156
67,0.45587438344955444
68,0.45145395398139954
69,0.448315292596817
70,0.44764450192451477
71,0.44633254408836365
72,0.44564875960350037
73,0.44285154342651367
74,0.43763846158981323
75,0.4283237159252167
76,0.4171772003173828
77,0.40930262207984924
78,0.4165908098220825
79,0.4072008728981018
80,0.403779536485672
81,0.4016898572444916
82,0.3971284031867981
83,0.39449793100357056
84,0.3923017084598541
85,0.3894824981689453
86,0.3860858380794525
87,0.37919434905052185
88,0.367946058511734
89,0.35875028371810913
90,0.3543098270893097
91,0.3848549723625183
92,0.3513679504394531
93,0.34921780228614807
94,0.3472437560558319
95,0.3438456356525421
96,0.3407352864742279
97,0.3362277150154114
98,0.3329258859157562
99,0.330517441034317
100,0.32751163840293884
101,0.322495698928833
102,0.31751325726509094
103,0.31775814294815063
104,0.31562021374702454
105,0.3115990161895752
106,0.30900418758392334
107,0.3056762218475342
108,0.30446282029151917
109,0.30135416984558105
110,0.30035051703453064
111,0.2993839979171753
112,0.2987217307090759
113,0.29773303866386414
114,0.2964130640029907
115,0.2960685193538666
116,0.29554855823516846
117,0.2945438623428345
118,0.2941100597381592
119,0.2937394678592682
120,0.2926534116268158
121,0.2908625900745392
122,0.2867909073829651
123,0.280320942401886
124,0.2745175361633301
125,0.2727377116680145
126,0.274617075920105
127,0.27189552783966064
128,0.2713908851146698
129,0.271009624004364
130,0.27124840021133423
131,0.27071353793144226
132,0.27039334177970886
133,0.27020856738090515
134,0.2700389623641968
135,0.26962268352508545
136,0.26897910237312317
137,0.2680170238018036
138,0.26687735319137573
139,0.26548752188682556
140,0.26357847452163696
141,0.26140931248664856
142,0.25590288639068604
143,0.24879705905914307
144,0.23997168242931366
145,0.23386569321155548
146,0.2420584112405777
147,0.22853924334049225
148,0.2392856478691101
149,0.22672221064567566
150,0.2258388251066208
151,0.22170428931713104
152,0.2202835977077484
153,0.21844258904457092
154,0.21676452457904816
155,0.21633732318878174
156,0.2159721404314041
157,0.2154460847377777
158,0.2147127091884613
159,0.21221144497394562
160,0.2091224044561386
161,0.2035384178161621
162,0.19753602147102356
163,0.19119101762771606
164,0.2815679609775543
165,0.18644876778125763
166,0.1784936636686325
167,0.1740373820066452
168,0.16735783219337463
169,0.16707612574100494
170,0.16598784923553467
171,0.1654953509569168
172,0.16489477455615997
173,0.16484390199184418
174,0.1644805669784546
175,0.16435645520687103
176,0.1639973372220993
177,0.16345664858818054
178,0.1626962423324585
179,0.1613456904888153
180,0.15996696054935455
181,0.15839627385139465
182,0.15667183697223663
183,0.15475207567214966
184,0.15264299511909485
185,0.15001289546489716
186,0.14765390753746033
187,0.1455024927854538
188,0.1421678066253662
189,0.1376025676727295
190,0.13717249035835266
191,0.1362493485212326
192,0.13549157977104187
193,0.13420821726322174
194,0.1332639455795288
195,0.13264520466327667
196,0.1320611536502838
197,0.13134010136127472
198,0.1309073567390442
199,0.13075049221515656
200,0.1306544989347458
201,0.13058122992515564
202,0.13037417829036713
203,0.13002967834472656
204,0.12937714159488678
205,0.12793341279029846
206,0.12548212707042694
207,0.12368497997522354
208,0.12199141085147858
209,0.12016905099153519
210,0.11795439571142197
211,0.11541590094566345
212,0.11392340809106827
213,0.11316573619842529
214,0.11239197850227356
215,0.1130841076374054
216,0.11177889257669449
217,0.11066514998674393
218,0.10960941016674042
219,0.10883456468582153
220,0.10848305374383926
221,0.10815843194723129
222,0.10808958113193512
223,0.10796339064836502
224,0.10783249884843826
225,0.10762584954500198
226,0.10709626227617264
227,0.10667616128921509
228,0.10547075420618057
229,0.10386393219232559
230,0.10256657004356384
231,0.09985997527837753
232,0.09787070751190186
233,0.09788206219673157
234,0.09652608633041382
235,0.09430989623069763
236,0.09419714659452438
237,0.09297267347574234
238,0.09186989814043045
239,0.09051297605037689
240,0.08975526690483093
241,0.08888661116361618
242,0.0884714126586914
243,0.08823716640472412
244,0.08791843801736832
245,0.08763822168111801
246,0.0871414765715599
247,0.08636479079723358
248,0.08462677150964737
249,0.08167950063943863
250,0.08261528611183167
251,0.08022116124629974
252,0.07671204954385757
253,0.07357225567102432
254,0.07019791007041931
255,0.07030067592859268
256,0.0687018632888794
257,0.0676683709025383
258,0.07215488702058792
259,0.06708838790655136
260,0.06657715141773224
261,0.06579409539699554
262,0.06532294303178787
263,0.06499604880809784
264,0.06473064422607422
265,0.06439854949712753
266,0.06371362507343292
267,0.06334429979324341
268,0.0628271996974945
269,0.06240560859441757
270,0.06199433654546738
271,0.061465948820114136
272,0.060793425887823105
273,0.05966335907578468
274,0.05831742659211159
275,0.05677122250199318
276,0.05616800859570503
277,0.053768057376146317
278,0.05067293718457222
279,0.06202889233827591
280,0.048666514456272125
281,0.04848042502999306
282,0.04671773687005043
283,0.051283691078424454
284,0.04594642296433449
285,0.04506092518568039
286,0.044666603207588196
287,0.044274650514125824
288,0.04393544793128967
289,0.04345252737402916
290,0.04296340420842171
291,0.04236794263124466
292,0.04212263971567154
293,0.04183449223637581
294,0.0415053516626358
295,0.04076042026281357
296,0.04019204154610634
297,0.03958054631948471
298,0.03934193775057793
299,0.03914625197649002
300,0.03903532400727272
301,0.03887435421347618
302,0.038601722568273544
303,0.038244154304265976
304,0.03773444890975952
305,0.03683970868587494
306,0.03593900799751282
307,0.03416021540760994
308,0.03509209677577019
309,0.03213078901171684
310,0.0294190626591444
311,0.02695303224027157
312,0.027068594470620155
313,0.02390856109559536
314,0.022620897740125656
315,0.036399271339178085
316,0.022162219509482384
317,0.0216064415872097
318,0.023731347173452377
319,0.021220553666353226
320,0.021008677780628204
321,0.02031153254210949
322,0.02006417326629162
323,0.019719595089554787
324,0.019213642925024033
325,0.01899247244000435
326,0.01872965320944786
327,0.018435116857290268
328,0.018274808302521706
329,0.018197176977992058
330,0.01805029809474945
331,0.01798444800078869
332,0.017912166193127632
333,0.017833564430475235
334,0.017765898257493973
335,0.017608195543289185
336,0.017383523285388947
337,0.01697956956923008
338,0.016519177705049515
339,0.016441049054265022
340,0.01610260270535946
341,0.01605093479156494
342,0.0160001739859581
343,0.015980619937181473
344,0.01596386544406414
345,0.015945926308631897
346,0.01593017764389515
347,0.015895096585154533
348,0.015833068639039993
349,0.015714334324002266
350,0.015578409656882286
351,0.015417090617120266
352,0.015280572697520256
353,0.015215103514492512
354,0.015086662024259567
355,0.014841368421912193
356,0.014624420553445816
357,0.014383513480424881
358,0.014031837694346905
359,0.013805141672492027
360,0.013423953205347061
361,0.01324564591050148
362,0.01315213181078434
363,0.013120867311954498
364,0.012953133322298527
365,0.013039416633546352
366,0.012870965525507927
367,0.012803291901946068
368,0.012703115120530128
369,0.012642192654311657
370,0.012601196765899658
371,0.01256725937128067
372,0.012530998326838017
373,0.012491624802350998
374,0.0124591626226902
375,0.012405292131006718
376,0.012366656213998795
377,0.012337693944573402
378,0.012315460480749607
379,0.012281930074095726
380,0.012247028760612011
381,0.01220758818089962
382,0.012143606320023537
383,0.01199632789939642
384,0.01253810990601778
385,0.011939765885472298
386,0.011706509627401829
387,0.011763744056224823
388,0.011631859466433525
389,0.0115681616589427
390,0.011559530161321163
391,0.011542089283466339
392,0.01153497863560915
393,0.011522010900080204
394,0.011508749797940254
395,0.011503420770168304
396,0.011496813036501408
397,0.01148186158388853
398,0.011455311439931393
399,0.011375130154192448
400,0.011194218881428242
401,0.010962337255477905
402,0.010785797610878944
403,0.010721327736973763
404,0.010709166526794434
405,0.01067925151437521
406,0.010666576214134693
407,0.010653884150087833
408,0.010629302822053432
409,0.010585647076368332
410,0.010524028912186623
411,0.010443615727126598
412,0.01034565083682537
413,0.010284234769642353
414,0.010263271629810333
415,0.010238207876682281
416,0.010217064991593361
417,0.01016389112919569
418,0.010102254338562489
419,0.009988800622522831
420,0.009893442504107952
421,0.009846439585089684
422,0.00986220221966505
423,0.009823859669268131
424,0.009803183376789093
425,0.009784146212041378
426,0.009761612862348557
427,0.009725545533001423
428,0.009647078812122345
429,0.009552442468702793
430,0.00933870393782854
431,0.009109062142670155
432,0.009872104972600937
433,0.00897406879812479
434,0.008888226933777332
435,0.009127005934715271
436,0.008777766488492489
437,0.009365996345877647
438,0.008694913238286972
439,0.00866897962987423
440,0.008629903197288513
441,0.008601742796599865
442,0.008566434495151043
443,0.00852749589830637
444,0.008506303653120995
445,0.008486147969961166
446,0.00846575666218996
447,0.008447231724858284
448,0.008432294242084026
449,0.008415541611611843
450,0.008402497507631779
451,0.008388403803110123
452,0.008376709185540676
453,0.008368328213691711
454,0.008357232436537743
455,0.00833970308303833
456,0.008313876576721668
457,0.008283144794404507
458,0.00825183093547821
459,0.008206269703805447
460,0.008134744130074978
461,0.008308340795338154
462,0.008050062693655491
463,0.007942642085254192
464,0.007860243320465088
465,0.007773221470415592
466,0.007722660433501005
467,0.00770545843988657
468,0.007649245671927929
469,0.007604551501572132
470,0.007513876538723707
471,0.0074656056240201
472,0.007399834226816893
473,0.007347853854298592
474,0.00730252405628562
475,0.0072536952793598175
476,0.007221377454698086
477,0.0072003756649792194
478,0.007191934622824192
479,0.007187123876065016
480,0.007182970643043518
481,0.007177901454269886
482,0.007168846670538187
483,0.007154107093811035
484,0.007131647784262896
485,0.007107629906386137
486,0.007073485292494297
487,0.007033380679786205
488,0.007006721571087837
489,0.006990756839513779
490,0.006978556979447603
491,0.0069704740308225155
492,0.0069654411636292934
493,0.0069557977840304375
494,0.006939214654266834
495,0.006906077731400728
496,0.006853773258626461
497,0.006777552422136068
498,0.006691405549645424
499,0.006703014485538006
500,0.006633054930716753
501,0.0065383086912333965
502,0.006438312586396933
503,0.006279517896473408
504,0.00614784425124526
505,0.006062420085072517
506,0.005961077753454447
507,0.005910510662943125
508,0.005838022567331791
509,0.005748465191572905
510,0.005649035330861807
511,0.005611608270555735
512,0.005612993147224188
513,0.005594856105744839
514,0.005574615206569433
515,0.005560641176998615
516,0.0055455914698541164
517,0.0055289375595748425
518,0.005520706530660391
519,0.0055143749341368675
520,0.005510385148227215
521,0.005506178829818964
522,0.005500138737261295
523,0.005493622738867998
524,0.005486662965267897
525,0.005472381599247456
526,0.005445995833724737
527,0.005406832322478294
528,0.005373482592403889
529,0.005373059771955013
530,0.00536079378798604
531,0.005354220047593117
532,0.0053303902968764305
533,0.0053286259062588215
534,0.005308433901518583
535,0.005293864291161299
536,0.005272570997476578
537,0.0052463640458881855
538,0.0052141048945486546
539,0.00516777066513896
540,0.0051308670081198215
541,0.005095450673252344
542,0.005046604201197624
543,0.004966053646057844
544,0.0049129268154501915
545,0.004812144674360752
546,0.004742633551359177
547,0.004737396724522114
548,0.004709696862846613
549,0.004738886374980211
550,0.004684373736381531
551,0.0046602413058280945
552,0.004630059003829956
553,0.004615458194166422
554,0.004612023942172527
555,0.004604452755302191
556,0.004597011487931013
557,0.004588289652019739
558,0.004578328691422939
559,0.004570953547954559
560,0.004563674796372652
561,0.00455720629543066
562,0.004547928459942341
563,0.004539797082543373
564,0.004534561187028885
565,0.00453006150200963
566,0.004523801151663065
567,0.004512344487011433
568,0.004495158325880766
569,0.0044632963836193085
570,0.004419258330017328
571,0.00436762347817421
572,0.004336300306022167
573,0.004297315143048763
574,0.004240157548338175
575,0.004355248063802719
576,0.004194456152617931
577,0.004381346050649881
578,0.004161416087299585
579,0.0041022221557796
580,0.004059157334268093
581,0.004052675794810057
582,0.004032188095152378
583,0.004020984750241041
584,0.004012290854007006
585,0.00400071544572711
586,0.0039920080453157425
587,0.003981556743383408
588,0.003969093784689903
589,0.003954600542783737
590,0.003939186222851276
591,0.003920847550034523
592,0.0039014217909425497
593,0.00389508786611259
594,0.003882362972944975
595,0.003876851173117757
596,0.003868382889777422
597,0.0038579381071031094
598,0.003850359935313463
599,0.003839486977085471
600,0.0038267020136117935
601,0.0038074266631156206
602,0.0037898567970842123
603,0.0037615911569446325
604,0.003755398793146014
605,0.003750599455088377
606,0.0037427733186632395
607,0.003728937590494752
608,0.003719032509252429
609,0.0037093665450811386
610,0.0036904113367199898
611,0.0036784932017326355
612,0.0036637531593441963
613,0.0036638760939240456
614,0.003658891189843416
615,0.0036530315410345793
616,0.0036474515218287706
617,0.0036436947993934155
618,0.0036385729908943176
619,0.0036307815462350845
620,0.0036282038781791925
621,0.0036272567231208086
622,0.0036259375046938658
623,0.00362377124838531
624,0.0036204636562615633
625,0.003616941859945655
626,0.0036108249332755804
627,0.0036151609383523464
628,0.003608269151300192
629,0.003601999254897237
630,0.003599319839850068
631,0.0035961996763944626
632,0.0035943954717367887
633,0.003592001972720027
634,0.0035883565433323383
635,0.0035818256437778473
636,0.003571684006601572
637,0.003559553064405918
638,0.0035756509751081467
639,0.0035546233411878347
640,0.0035443869419395924
641,0.0035374213475733995
642,0.0035303591284900904
643,0.003526117652654648
644,0.0035233006346970797
645,0.003520652884617448
646,0.0035159026738256216
647,0.0035074956249445677
648,0.0034947495441883802
649,0.003480814630165696
650,0.0034669474698603153
651,0.003482531988993287
652,0.003460412146523595
653,0.0034494504798203707
654,0.0034376683179289103
655,0.0034202621318399906
656,0.0034133230801671743
657,0.003391076810657978
658,0.0033759113866835833
659,0.0033481416758149862
660,0.0033176743891090155
661,0.0032824701629579067
662,0.0033042635768651962
663,0.003263235092163086
664,0.0032497465144842863
665,0.0032183772418648005
666,0.003203411353752017
667,0.0031858934089541435
668,0.0031772740185260773
669,0.0031715407967567444
670,0.0031674914062023163
671,0.0031627053394913673
672,0.003157734638080001
673,0.0031537285540252924
674,0.003149154130369425
675,0.0031415713019669056
676,0.003130168654024601
677,0.00311319250613451
678,0.0030955837573856115
679,0.003095277352258563
680,0.003081708448007703
681,0.003185960231348872
682,0.003072112798690796
683,0.0030754946637898684
684,0.0030607138760387897
685,0.003049140563234687
686,0.0030397905502468348
687,0.0030340321827679873
688,0.0030291425064206123
689,0.003023222554475069
690,0.0030177803710103035
691,0.0030134543776512146
692,0.0030110280495136976
693,0.0030076075345277786
694,0.0030026559252291918
695,0.002996003720909357
696,0.0029867789708077908
697,0.0029817111790180206
698,0.0029770464170724154
699,0.0029710072558373213
700,0.002967825857922435
701,0.0029633508529514074
702,0.00295740133151412
703,0.002952947048470378
704,0.002948590787127614
705,0.0029417378827929497
706,0.0029369902331382036
707,0.002931182272732258
708,0.002926158718764782
709,0.002922219689935446
710,0.002920381724834442
711,0.002917061559855938
712,0.0029141753911972046
713,0.0029107974842190742
714,0.0029072347097098827
715,0.002903364598751068
716,0.0028991263825446367
717,0.0028943726792931557
718,0.002887807320803404
719,0.0028815106488764286
720,0.002875674981623888
721,0.0028699864633381367
722,0.002862493973225355
723,0.0028563106898218393
724,0.002849611919373274
725,0.0028428954537957907
726,0.0028350865468382835
727,0.002824922790750861
728,0.002810494042932987
729,0.002818248700350523
730,0.0027979202568531036
731,0.0027757456991821527
732,0.002755040070042014
733,0.0027361426036804914
734,0.002721004653722048
735,0.002707014326006174
736,0.002703780075535178
737,0.0026968056336045265
738,0.002676305826753378
739,0.0026455605402588844
740,0.0026207962073385715
741,0.0025992963928729296
742,0.002588011557236314
743,0.0025601484812796116
744,0.0025423041079193354
745,0.002525918185710907
746,0.002514180028811097
747,0.0025083983782678843
748,0.002502059331163764
749,0.002493081148713827
750,0.0024827595334500074
751,0.002464896533638239
752,0.0024492235388606787
753,0.002435284201055765
754,0.002419300377368927
755,0.0024056537076830864
756,0.00239389156922698
757,0.0024083240423351526
758,0.0023840456269681454
759,0.0023764760699123144
760,0.002363055944442749
761,0.0023508621379733086
762,0.002346500288695097
763,0.0023388750851154327
764,0.002329492475837469
765,0.002324186498299241
766,0.0023183415178209543
767,0.002312680706381798
768,0.002307430375367403
769,0.0023053826298564672
770,0.002303304150700569
771,0.0023008654825389385
772,0.002299232641234994
773,0.002297824714332819
774,0.002295761601999402
775,0.002292696386575699
776,0.0022895822767168283
777,0.0022869764361530542
778,0.0022851605899631977
779,0.0022822304163128138
780,0.002279113745316863
781,0.002276167506352067
782,0.002272909041494131
783,0.002269990276545286
784,0.002266269875690341
785,0.0022621650714427233
786,0.0022570076398551464
787,0.0022523696534335613
788,0.002245670882984996
789,0.0022454410791397095
790,0.0022411923855543137
791,0.0022323178127408028
792,0.0022214981727302074
793,0.0022165284026414156
794,0.0022155994083732367
795,0.002211399842053652
796,0.002208296675235033
797,0.002202928764745593
798,0.002198140835389495
799,0.0021893528755754232
800,0.002179488306865096
801,0.002170925261452794
802,0.0021669038105756044
803,0.002164346631616354
804,0.0021621307823807
805,0.002159751718863845
806,0.0021570795215666294
807,0.0021529572550207376
808,0.0021551349200308323
809,0.0021501947194337845
810,0.002146500628441572
811,0.0021417448297142982
812,0.002141329227015376
813,0.0021392619237303734
814,0.0021356474608182907
815,0.0021297673229128122
816,0.0021257437765598297
817,0.0021269728895276785
818,0.0021210473496466875
819,0.00211694254539907
820,0.002110895002260804
821,0.0021061778534203768
822,0.0021006176248192787
823,0.0020943747367709875
824,0.0020918110385537148
825,0.002089982619509101
826,0.0020828035194426775
827,0.0020797220058739185
828,0.0020753510762006044
829,0.0020713789854198694
830,0.0020684064365923405
831,0.002065957523882389
832,0.002063431777060032
833,0.0020610415376722813
834,0.002058218000456691
835,0.002057352801784873
836,0.002055735094472766
837,0.0020547648891806602
838,0.0020522542763501406
839,0.00205060513690114
840,0.0020481781102716923
841,0.0020468076691031456
842,0.002045408124104142
843,0.0020438290666788816
844,0.0020417249761521816
845,0.0020393836311995983
846,0.0020359151531010866
847,0.0020335044246166945
848,0.0020300752948969603
849,0.0020259800367057323
850,0.002024248708039522
851,0.002021206310018897
852,0.002019605366513133
853,0.0020100120455026627
854,0.0019996357150375843
855,0.0019930622074753046
856,0.0019894945435225964
857,0.0019753207452595234
858,0.001981038134545088
859,0.001967915566638112
860,0.0019591099116951227
861,0.0019546065013855696
862,0.0019540302455425262
863,0.0019519941415637732
864,0.001948938937857747
865,0.0019447676604613662
866,0.0019367705099284649
867,0.0019241259433329105
868,0.0019168786238878965
869,0.0019121869700029492
870,0.0019088855478912592
871,0.0019056217279285192
872,0.0019017673330381513
873,0.0018990555545315146
874,0.001895903144031763
875,0.0018933606334030628
876,0.0018885653698816895
877,0.0018828755710273981
878,0.0018776369979605079
879,0.0018696221522986889
880,0.001863105921074748
881,0.0018556276336312294
882,0.0018562835175544024
883,0.0018507489003241062
884,0.0018456040415912867
885,0.0018410688498988748
886,0.0018365336582064629
887,0.001833406277000904
888,0.001830610097385943
889,0.0018279831856489182
890,0.0018255050526931882
891,0.001823559170588851
892,0.0018219416961073875
893,0.0018202678766101599
894,0.0018176402663812041
895,0.001815091003663838
896,0.0018114830600097775
897,0.0018073614919558167
898,0.0018036109395325184
899,0.0018007282633334398
900,0.0017987960018217564
901,0.0017973900539800525
902,0.0017961355624720454
903,0.001793541363440454
904,0.0017897904617711902
905,0.0017845460679382086
906,0.0017789734993129969
907,0.0017762936186045408
908,0.001773547031916678
909,0.0017679032171145082
910,0.0017623542807996273
911,0.0017565316520631313
912,0.001752244308590889
913,0.0017448215512558818
914,0.0017414699541404843
915,0.0017370599089190364
916,0.0017326063243672252
917,0.0017300816252827644
918,0.0017273039557039738
919,0.0017241861205548048
920,0.001721169799566269
921,0.0017181586008518934
922,0.0017150146886706352
923,0.00171270954888314
924,0.001710481708869338
925,0.0017089134780690074
926,0.0017076233634725213
927,0.001705651986412704
928,0.0017042940016835928
929,0.0017013141186907887
930,0.0016987270209938288
931,0.0016955032479017973
932,0.0016917779576033354
933,0.001692739431746304
934,0.001688841381110251
935,0.0016834315611049533
936,0.0016759076388552785
937,0.001661315793171525
938,0.0016566191334277391
939,0.0016777139389887452
940,0.0016488974215462804
941,0.0016465464141219854
942,0.001637996407225728
943,0.001633814419619739
944,0.0016279573319479823
945,0.0016207770677283406
946,0.0016160373343154788
947,0.0016124832909554243
948,0.0016122108791023493
949,0.001607211073860526
950,0.0016055346932262182
951,0.0016041022026911378
952,0.001602998236194253
953,0.0016036850865930319
954,0.0016025074291974306
955,0.0016022472409531474
956,0.0016019961331039667
957,0.0016018387395888567
958,0.0016014708671718836
959,0.0016010651597753167
960,0.0016004926292225718
961,0.0015993936685845256
962,0.0015984527999535203
963,0.0015965086640790105
964,0.001592154148966074
965,0.0015861031133681536
966,0.0015773397171869874
967,0.001571499858982861
968,0.001580208190716803
969,0.001567777362652123
970,0.001563536236062646
971,0.0015516537241637707
972,0.0015469883801415563
973,0.0015397469978779554
974,0.0015308884903788567
975,0.0015263371169567108
976,0.0015216551255434752
977,0.0015183454379439354
978,0.001516006188467145
979,0.0015145253855735064
980,0.001512550632469356
981,0.0015106606297194958
982,0.0015054739778861403
983,0.0014984830049797893
984,0.0014920408139005303
985,0.0014843445969745517
986,0.001484423759393394
987,0.0014795265160501003
988,0.0014747363748028874
989,0.0014702676562592387
990,0.0014657434076070786
991,0.0014627650380134583
992,0.0014599212445318699
993,0.0014572168001905084
994,0.0014516233932226896
995,0.0014455148484557867
996,0.001440242282114923
997,0.001431295764632523
998,0.0014248490333557129
999,0.0014256531139835715
1000,0.0014149679336696863
1001,0.0014067215379327536
1002,0.0013965358957648277
1003,0.0013862650375813246
1004,0.001378908404149115
1005,0.0013786619529128075
1006,0.0013766383053734899
1007,0.0013719657436013222
1008,0.001367117278277874
1009,0.0013619866222143173
1010,0.0013658113311976194
1011,0.0013598582008853555
1012,0.0013558987993746996
1013,0.0013512579025700688
1014,0.001348907477222383
1015,0.0013464896474033594
1016,0.0013450592523440719
1017,0.0013435378205031157
1018,0.0013415139401331544
1019,0.0013398226583376527
1020,0.0013377945870161057
1021,0.0013343789614737034
1022,0.0013304854510352015
1023,0.0013261062558740377
1024,0.0013348449720069766
1025,0.0013236012309789658
1026,0.0013221993576735258
1027,0.0013199743116274476
1028,0.0013181382091715932
1029,0.0013157950015738606
1030,0.0013128636637702584
1031,0.001310762483626604
1032,0.0013087259139865637
1033,0.0013097265036776662
1034,0.0013069872511550784
1035,0.0013034228468313813
1036,0.0012983663473278284
1037,0.001288432627916336
1038,0.0012825217563658953
1039,0.0012758838711306453
1040,0.0012711696326732635
1041,0.0012680627405643463
1042,0.0012653443263843656
1043,0.0012625595554709435
1044,0.0012589936377480626
1045,0.0012551716063171625
1046,0.0012520626187324524
1047,0.0012503773905336857
1048,0.0012492213863879442
1049,0.0012484337203204632
1050,0.001247721491381526
1051,0.0012469579232856631
1052,0.0012468323111534119
1053,0.0012454267125576735
1054,0.0012447532499209046
1055,0.0012435703538358212
1056,0.0012427857145667076
1057,0.0012421999126672745
1058,0.001241779886186123
1059,0.0012413552030920982
1060,0.001240688026882708
1061,0.0012397305108606815
1062,0.001237578340806067
1063,0.0012378309620544314
1064,0.0012358487583696842
1065,0.0012330299941822886
1066,0.0012262931559234858
1067,0.0012242657830938697
1068,0.001222020830027759
1069,0.001220758887939155
1070,0.00121875642798841
1071,0.0012167281238362193
1072,0.0012147848028689623
1073,0.0012135868892073631
1074,0.0012129745446145535
1075,0.0012118639424443245
1076,0.0012110589304938912
1077,0.0012092659017071128
1078,0.0012086506467312574
1079,0.0012076693819835782
1080,0.001206798478960991
1081,0.0012059923028573394
1082,0.0012054997496306896
1083,0.0012055287370458245
1084,0.0012050026562064886
1085,0.001204370753839612
1086,0.0012037026463076472
1087,0.0012029274366796017
1088,0.0012018316192552447
1089,0.0012000593123957515
1090,0.0012005828320980072
1091,0.0011989881750196218
1092,0.001196396886371076
1093,0.0011940323747694492
1094,0.0011908509768545628
1095,0.0011902481783181429
1096,0.001188774243928492
1097,0.0011850635055452585
1098,0.0011786904651671648
1099,0.0011756403837352991
1100,0.0011726883240044117
1101,0.0011701876064762473
1102,0.0011706731747835875
1103,0.0011694451095536351
1104,0.0011673863045871258
1105,0.0011660632444545627
1106,0.0011650568339973688
1107,0.0011641676537692547
1108,0.001163172535598278
1109,0.0011619015131145716
1110,0.0011599105782806873
1111,0.0011576084652915597
1112,0.001156242098659277
1113,0.0011539463885128498
1114,0.0011518627870827913
1115,0.0011484886053949594
1116,0.0011442560935392976
1117,0.0011426168493926525
1118,0.0011447247816249728
1119,0.0011392113519832492
1120,0.0011405842378735542
1121,0.00113784393761307
1122,0.0011357003822922707
1123,0.0011338124750182033
1124,0.0011325071100145578
1125,0.0011315762531012297
1126,0.001130519201979041
1127,0.001129904412664473
1128,0.00112895795609802
1129,0.0011282507330179214
1130,0.001127747818827629
1131,0.0011270693503320217
1132,0.0011258806334808469
1133,0.0011250571114942431
1134,0.0011242468608543277
1135,0.0011234891135245562
1136,0.0011241768952459097
1137,0.0011230881791561842
1138,0.0011227392824366689
1139,0.0011225009802728891
1140,0.0011223360197618604
1141,0.0011221127351745963
1142,0.0011218731524422765
1143,0.0011214546393603086
1144,0.0011208399664610624
1145,0.001119229244068265
1146,0.0011188773205503821
1147,0.0011180756846442819
1148,0.0011155318934470415
1149,0.0011115374509245157
1150,0.0011090550106018782
1151,0.0011059187818318605
1152,0.0011056398507207632
1153,0.0011035859351977706
1154,0.0011045194696635008
1155,0.001099914312362671
1156,0.001095866202376783
1157,0.0010908059775829315
1158,0.0010861936025321484
1159,0.001081329071894288
1160,0.0010784358019009233
1161,0.0010742085287347436
1162,0.001070415019057691
1163,0.001065025688149035
1164,0.001062649069353938
1165,0.0010551217710599303
1166,0.001048630685545504
1167,0.0010408955859020352
1168,0.0010616767685860395
1169,0.0010307399788871408
1170,0.0010203549172729254
1171,0.001006636768579483
1172,0.0010019693290814757
1173,0.0009931792737916112
1174,0.0009989780373871326
1175,0.0009897601557895541
1176,0.0009857886470854282
1177,0.0009816000238060951
1178,0.00097877427469939
1179,0.0009730504243634641
1180,0.0009699870133772492
1181,0.0009653232991695404
1182,0.0009637946495786309
1183,0.0009618178009986877
1184,0.0009604481165297329
1185,0.0009582498460076749
1186,0.0009555272990837693
1187,0.0009528075461275876
1188,0.0009504021727479994
1189,0.0009487717179581523
1190,0.0009472649544477463
1191,0.0009456729749217629
1192,0.0009438670240342617
1193,0.0009423138690181077
1194,0.0009411362116225064
1195,0.0009389887563884258
1196,0.0009370163315907121
1197,0.0009347885497845709
1198,0.0009301048703491688
1199,0.0009256370249204338
1200,0.0010344324400648475
1201,0.0009228835697285831
1202,0.0009174058795906603
1203,0.0009183064103126526
1204,0.0009149746620096266
1205,0.0009133779094554484
1206,0.0009114181157201529
1207,0.000913952593691647
1208,0.000910289294552058
1209,0.0009089633240364492
1210,0.0009071555687114596
1211,0.0009051657398231328
1212,0.0009037849958986044
1213,0.0009029225329868495
1214,0.0009085115743800998
1215,0.0009026365005411208
1216,0.000901812978554517
1217,0.0009011658257804811
1218,0.0009007682674564421
1219,0.000900501327123493
1220,0.0009002587758004665
1221,0.0008999523124657571
1222,0.0008997346740216017
1223,0.0008995062671601772
1224,0.0008989079506136477
1225,0.0008981982246041298
1226,0.0008974655065685511
1227,0.0008966750465333462
1228,0.0008960639243014157
1229,0.000895278062671423
1230,0.000894415657967329
1231,0.0008956046658568084
1232,0.0008940224070101976
1233,0.0008931485936045647
1234,0.0008926554583013058
1235,0.0008921078988350928
1236,0.0008917137747630477
1237,0.0008912516641430557
1238,0.0008908367599360645
1239,0.0008903152192942798
1240,0.0008898188243620098
1241,0.0008893582271412015
1242,0.0008889271994121373
1243,0.0008885118295438588
1244,0.0008882440743036568
1245,0.0008879205561242998
1246,0.0008874016348272562
1247,0.0008863479597494006
1248,0.0008850010926835239
1249,0.000882474472746253
1250,0.0008810966392047703
1251,0.0008801799267530441
1252,0.000880112056620419
1253,0.0008794452878646553
1254,0.0008790457504801452
1255,0.0008786472026258707
1256,0.000877894926816225
1257,0.0008770403219386935
1258,0.0008758932235650718
1259,0.0008754815207794309
1260,0.0008736387826502323
1261,0.0008731308626011014
1262,0.0008711057016626
1263,0.0008698269375599921
1264,0.000868020229972899
1265,0.0008673133561387658
1266,0.0008651161333546042
1267,0.000868942413944751
1268,0.0008643719484098256
1269,0.0008626086637377739
1270,0.0008602826856076717
1271,0.0008577561820857227
1272,0.000853968202136457
1273,0.0008527926402166486
1274,0.0008739883778616786
1275,0.0008500588010065258
1276,0.0008471892215311527
1277,0.0008431111345998943
1278,0.0008404363761655986
1279,0.0008384462562389672
1280,0.0008346156100742519
1281,0.0008333519799634814
1282,0.0008293086430057883
1283,0.0008255139691755176
1284,0.000821717141661793
1285,0.0008180027361959219
1286,0.0008156964322552085
1287,0.0008112357463687658
1288,0.0008063113200478256
1289,0.0008026365539990366
1290,0.0008029021555557847
1291,0.0007985284901224077
1292,0.0007958309724926949
1293,0.0007919125491753221
1294,0.0007879089098423719
1295,0.000783891708124429
1296,0.0007812249241396785
1297,0.0007783353794366121
1298,0.0007751639932394028
1299,0.0007727643824182451
1300,0.0007704938761889935
1301,0.0007662009447813034
1302,0.0007628262392245233
1303,0.0007586761494167149
1304,0.0007537532364949584
1305,0.0007506174151785672
1306,0.0007481375942006707
1307,0.0007397821173071861
1308,0.0007348881918005645
1309,0.0007328526698984206
1310,0.0007295254617929459
1311,0.0007319363066926599
1312,0.0007271549548022449
1313,0.0007249235641211271
1314,0.0007226201705634594
1315,0.0007193094934336841
1316,0.0007165517890825868
1317,0.0007136175408959389
1318,0.0007104582618921995
1319,0.0007099012727849185
1320,0.0007092983578331769
1321,0.0007076929905451834
1322,0.0007067577680572867
1323,0.0007054654415696859
1324,0.0007043638033792377
1325,0.0007034190930426121
1326,0.0007026419043540955
1327,0.0007023034268058836
1328,0.000701890152413398
1329,0.0007015434675849974
1330,0.0007013248978182673
1331,0.0007010535919107497
1332,0.0007008609245531261
1333,0.000700472213793546
1334,0.0007001346093602479
1335,0.0006995960138738155
1336,0.000698974181432277
1337,0.0006983508937992156
1338,0.0006977181183174253
1339,0.0006971055991016328
1340,0.0006968039087951183
1341,0.0006965994834899902
1342,0.0006963178748264909
1343,0.0006960642640478909
1344,0.0006954528507776558
1345,0.0006949477246962488
1346,0.0006939300219528377
1347,0.000692791654728353
1348,0.0006913330871611834
1349,0.0006868765922263265
1350,0.0006818519323132932
1351,0.0006824847077950835
1352,0.0006797382957302034
1353,0.0006789368344470859
1354,0.0006837054388597608
1355,0.0006769273895770311
1356,0.0006759635871276259
1357,0.0006768506718799472
1358,0.0006747336592525244
1359,0.000672937196213752
1360,0.0006712466711178422
1361,0.0006672570016235113
1362,0.0006646304973401129
1363,0.0006609693518839777
1364,0.0006572030833922327
1365,0.0006551656406372786
1366,0.0006541207549162209
1367,0.0006492925458587706
1368,0.0006555372383445501
1369,0.0006479706498794258
1370,0.0006465387414209545
1371,0.0006434460519813001
1372,0.0006441605510190129
1373,0.0006423836457543075
1374,0.0006409238558262587
1375,0.0006397482939064503
1376,0.0006391286151483655
1377,0.0006387159810401499
1378,0.0006382815772667527
1379,0.0006378359394147992
1380,0.0006372047355398536
1381,0.0006367632886394858
1382,0.0006364795845001936
1383,0.0006361319101415575
1384,0.0006358454702422023
1385,0.0006355504156090319
1386,0.0006352877244353294
1387,0.0006349001778289676
1388,0.0006346001755446196
1389,0.0006340834079310298
1390,0.0006333894561976194
1391,0.0006325409631244838
1392,0.0006311581819318235
1393,0.0006293636397458613
1394,0.0006272973259910941
1395,0.000627807923592627
1396,0.0006267463322728872
1397,0.0006257727509364486
1398,0.0006241010851226747
1399,0.0006228582933545113
1400,0.0006239459034986794
1401,0.0006215914618223906
1402,0.0006190385320223868
1403,0.0006181420758366585
1404,0.000616615463513881
1405,0.0006140819750726223
1406,0.0006130834808573127
1407,0.0006107345689088106
1408,0.0006084470660425723
1409,0.0006068857619538903
1410,0.0006063103792257607
1411,0.0006054708501324058
1412,0.0006044729962013662
1413,0.0006033304380252957
1414,0.0006027732160873711
1415,0.0006022138986736536
1416,0.0006016509141772985
1417,0.0006012865342199802
1418,0.0006010239012539387
1419,0.0006008086493238807
1420,0.0006006183684803545
1421,0.0006003130110912025
1422,0.0005997539847157896
1423,0.0005989752826280892
1424,0.0005979225388728082
1425,0.0005968789919279516
1426,0.0005958826513960958
1427,0.000595004006754607
1428,0.0005936668603681028
1429,0.0005925918812863529
1430,0.0005903967539779842
1431,0.0005880814860574901
1432,0.0005859640659764409
1433,0.000585087516810745
1434,0.0005839545046910644
1435,0.000583445536904037
1436,0.0005820187507197261
1437,0.0005802316009066999
1438,0.000576561433263123
1439,0.0005735504673793912
1440,0.0005712144775316119
1441,0.0005696815787814558
1442,0.0005672118277288973
1443,0.0005662148469127715
1444,0.0005647863144986331
1445,0.0005635715206153691
1446,0.0005625921185128391
1447,0.0005613338435068727
1448,0.0005615908885374665
1449,0.0005604736506938934
1450,0.0005596067057922482
1451,0.0005592196248471737
1452,0.000558619387447834
1453,0.0005583770107477903
1454,0.0005579116987064481
1455,0.0005571736837737262
1456,0.0005564243183471262
1457,0.0005555102834478021
1458,0.000554984319023788
1459,0.0005539105623029172
1460,0.0005531336064450443
1461,0.0005526275490410626
1462,0.0005524726584553719
1463,0.0005520245176739991
1464,0.0005517761455848813
1465,0.0005515648517757654
1466,0.0005509526818059385
1467,0.0005504646105691791
1468,0.0005496075027622283
1469,0.0005490270559675992
1470,0.0005485518486239016
1471,0.0005481561529450119
1472,0.0005478272214531898
1473,0.0005472847260534763
1474,0.0005468694726005197
1475,0.0005463247071020305
1476,0.0005455126520246267
1477,0.0005445682909339666
1478,0.0005437188665382564
1479,0.0005426650168374181
1480,0.0005422194371931255
1481,0.0005410070298239589
1482,0.0005398119101300836
1483,0.0005385525873862207
1484,0.0005367058329284191
1485,0.0005357437185011804
1486,0.0005396808846853673
1487,0.0005353700835257769
1488,0.0005352130974642932
1489,0.0005347192636691034
1490,0.0005343256052583456
1491,0.0005335090681910515
1492,0.0005328885745257139
1493,0.0005312717985361814
1494,0.0005288455868139863
1495,0.0005268196691758931
1496,0.0005243117338977754
1497,0.0005223063053563237
1498,0.0005202916217967868
1499,0.0005181495798751712
1500,0.0005153402453288436
1501,0.0005140335997566581
1502,0.0005128501215949655
1503,0.0005120554706081748
1504,0.0005109634948894382
1505,0.0005100081325508654
1506,0.0005106303142383695
1507,0.0005088657489977777
1508,0.0005070785409770906
1509,0.0005038747331127524
1510,0.0005016530631110072
1511,0.0005021384567953646
1512,0.0005001900717616081
1513,0.0004982359823770821
1514,0.000496744061820209
1515,0.0004950528382323682
1516,0.000493447994813323
1517,0.0004917922778986394
1518,0.0004904232919216156
1519,0.0004893224686384201
1520,0.0004885129164904356
1521,0.00048780045472085476
1522,0.0004871094133704901
1523,0.0004861457273364067
1524,0.0004845854709856212
1525,0.00048275740118697286
1526,0.000480946822790429
1527,0.0004795251879841089
1528,0.0004788439837284386
1529,0.00047798786545172334
1530,0.0004775639099534601
1531,0.0004768816870637238
1532,0.0004765916964970529
1533,0.00047592289047315717
1534,0.0004755644768010825
1535,0.00047516083577647805
1536,0.0004750078951474279
1537,0.00047479645581915975
1538,0.0004746601916849613
1539,0.00047450215788558125
1540,0.0004742750315926969
1541,0.0004740843432955444
1542,0.00047369656385853887
1543,0.00047314210678450763
1544,0.0004725153266917914
1545,0.00047179695684462786
1546,0.00047098565846681595
1547,0.0004700911231338978
1548,0.0004693216469604522
1549,0.0004680059209931642
1550,0.0004666300374083221
1551,0.00046473927795886993
1552,0.0004626112640835345
1553,0.0004616661462932825
1554,0.00046108668902888894
1555,0.0004593128978740424
1556,0.00045797121128998697
1557,0.00045684719225391746
1558,0.00045405427226796746
1559,0.0004527075798250735
1560,0.00045202954788692296
1561,0.0004515044274739921
1562,0.0004510597500484437
1563,0.0004507621633820236
1564,0.0004504851531237364
1565,0.00045017810771241784
1566,0.00044983954285271466
1567,0.0004491365689318627
1568,0.0004486905818339437
1569,0.00044776557479053736
1570,0.00044702645391225815
1571,0.000446701335022226
1572,0.00044662714935839176
1573,0.0004463739460334182
1574,0.00044628538307733834
1575,0.0004461282806005329
1576,0.00044599914690479636
1577,0.00044586247531697154
1578,0.0004457291797734797
1579,0.0004455836897250265
1580,0.000445403391495347
1581,0.00044519806397147477
1582,0.0004450378764886409
1583,0.00044487661216408014
1584,0.0004446983803063631
1585,0.00044446781976148486
1586,0.00044421362690627575
1587,0.00044395410805009305
1588,0.0004437618190422654
1589,0.0004435714799910784
1590,0.00044338585576042533
1591,0.00044311551027931273
1592,0.0004427119274623692
1593,0.0004423147765919566
1594,0.0004419856413733214
1595,0.00044170356704853475
1596,0.000441433658124879
1597,0.0004409363609738648
1598,0.00044039401109330356
1599,0.0004402594349812716
1600,0.0004397377488203347
1601,0.00043948416714556515
1602,0.00043922633631154895
1603,0.00043883046600967646
1604,0.0004380382306408137
1605,0.00043685708078555763
1606,0.00043642520904541016
1607,0.00043595873285084963
1608,0.00043494609417393804
1609,0.00043372457730583847
1610,0.0004330738156568259
1611,0.00043314709910191596
1612,0.00043205611291341484
1613,0.0004323963075876236
1614,0.00043121795170009136
1615,0.00043123229988850653
1616,0.00043049000669270754
1617,0.0004294393875170499
1618,0.0004289148491807282
1619,0.0004280491266399622
1620,0.0004276213003322482
1621,0.0004272033111192286
1622,0.00042689277324825525
1623,0.00042663823114708066
1624,0.00042626538197509944
1625,0.00042599925654940307
1626,0.0004257206164766103
1627,0.00042536278488114476
1628,0.00042496321839280427
1629,0.00042420910904183984
1630,0.00042344300891272724
1631,0.000422954122768715
1632,0.00042233802378177643
1633,0.00042192419641651213
1634,0.00042136365664191544
1635,0.0004210883053019643
1636,0.00042086144094355404
1637,0.0004205916775390506
1638,0.00042018049862235785
1639,0.0004197609086986631
1640,0.00041935875196941197
1641,0.0004189330502413213
1642,0.0004186213482171297
1643,0.0004182708798907697
1644,0.0004178181116003543
1645,0.0004171997425146401
1646,0.0004162922268733382
1647,0.00041527647408656776
1648,0.0004143565893173218
1649,0.00041390658589079976
1650,0.0004122866957914084
1651,0.00041135342326015234
1652,0.00041049113497138023
1653,0.00040967066888697445
1654,0.00040855485713109374
1655,0.0004077744670212269
1656,0.00040722006815485656
1657,0.000406635896069929
1658,0.0004060900246258825
1659,0.0004049729323014617
1660,0.0004038012702949345
1661,0.0004027261456940323
1662,0.00040135550079867244
1663,0.0004000069748144597
1664,0.0003988000680692494
1665,0.00039807535358704627
1666,0.0003965232172049582
1667,0.00039594469126313925
1668,0.00039468734757974744
1669,0.0003940235765185207
1670,0.00039305558311752975
1671,0.0003923969343304634
1672,0.0003919663140550256
1673,0.0003913730033673346
1674,0.00039010547334328294
1675,0.0003894898109138012
1676,0.00038786447839811444
1677,0.00038654974196106195
1678,0.0003853889065794647
1679,0.00038477519410662353
1680,0.0003839393611997366
1681,0.00038265722105279565
1682,0.00038166946615092456
1683,0.00038066774141043425
1684,0.00037948196404613554
1685,0.0003783688007388264
1686,0.0003776839002966881
1687,0.0003771978663280606
1688,0.00037659640656784177
1689,0.00037545818486250937
1690,0.0003744624264072627
1691,0.0003734526690095663
1692,0.0003717763174790889
1693,0.00036969862412661314
1694,0.00036886759335175157
1695,0.0003682454698719084
1696,0.00036778702633455396
1697,0.00036739278584718704
1698,0.0003669350116979331
1699,0.00036643585190176964
1700,0.00036582857137545943
1701,0.00036536765401251614
1702,0.000364831299521029
1703,0.0003644438984338194
1704,0.0003639809729065746
1705,0.00036328451824374497
1706,0.0003625020326580852
1707,0.00036164888297207654
1708,0.00036132356035523117
1709,0.00036101482692174613
1710,0.0003608269616961479
1711,0.00036066892789676785
1712,0.00036045347223989666
1713,0.0003602422075346112
1714,0.00036010920302942395
1715,0.0003599878982640803
1716,0.0003598870534915477
1717,0.0003597911854740232
1718,0.00035969985765405
1719,0.0003596314927563071
1720,0.0003595844900701195
1721,0.00035955384373664856
1722,0.000359527301043272
1723,0.0003594926092773676
1724,0.0003594587615225464
1725,0.0003594331501517445
1726,0.0003594069858081639
1727,0.0003593745350372046
1728,0.00035933309118263423
1729,0.0003593877190724015
1730,0.0003593073633965105
1731,0.0003592449938878417
1732,0.00035916149499826133
1733,0.00036066415486857295
1734,0.0003590817505028099
1735,0.0003589199623093009
1736,0.0003585457452572882
1737,0.00035821303026750684
1738,0.00035787298111245036
1739,0.0003574157308321446
1740,0.00035693569225259125
1741,0.00035622678115032613
1742,0.0003547564265318215
1743,0.000353117793565616
1744,0.00035974328056909144
1745,0.00035198277328163385
1746,0.00034972114372067153
1747,0.0003683782706502825
1748,0.00034867142676375806
1749,0.00034665587008930743
1750,0.0003457344719208777
1751,0.000343819527188316
1752,0.0003424147143959999
1753,0.0003482104802969843
1754,0.00034122224315069616
1755,0.0003404473536647856
1756,0.0003394645173102617
1757,0.00033838165109045804
1758,0.0003371899947524071
1759,0.000335962075041607
1760,0.0003347313904669136
1761,0.0003347158490214497
1762,0.00033429055474698544
1763,0.000333720090566203
1764,0.0003331242478452623
1765,0.00033239609911106527
1766,0.0003319534007459879
1767,0.00033148820511996746
1768,0.0003311780164949596
1769,0.0003308687009848654
1770,0.0003305620630271733
1771,0.0003301819378975779
1772,0.00032980405376292765
1773,0.0003296064678579569
1774,0.0003292891487944871
1775,0.0003291249740868807
1776,0.000328827794874087
1777,0.0003284705162514001
1778,0.00032804530928842723
1779,0.0003277321520727128
1780,0.00032737484434619546
1781,0.0003270148590672761
1782,0.0003266347339376807
1783,0.0003261558886151761
1784,0.000325615459587425
1785,0.0003254574548918754
1786,0.00032525829738005996
1787,0.00032452060258947313
1788,0.0003238302015233785
1789,0.0003233541501685977
1790,0.0003236302873119712
1791,0.0003231426526326686
1792,0.00032301683677360415
1793,0.00032293470576405525
1794,0.0003228070854675025
1795,0.0003226759727112949
1796,0.00032246886985376477
1797,0.0003222041414119303
1798,0.0003218832425773144
1799,0.00032166371238417923
1800,0.00032177052344195545
1801,0.00032144717988558114
1802,0.0003212975279893726
1803,0.00032100171665661037
1804,0.00032071565510705113
1805,0.0003203840460628271
1806,0.00032011012081056833
1807,0.000319939135806635
1808,0.0003197179175913334
1809,0.00031950484844855964
1810,0.000319289683829993
1811,0.000319072074489668
1812,0.0003187848487868905
1813,0.00031863138428889215
1814,0.0003184014931321144
1815,0.000318295817123726
1816,0.00031820181175135076
1817,0.0003180751809850335
1818,0.00031817430863156915
1819,0.00031801662407815456
1820,0.00031789421336725354
1821,0.00031776149990037084
1822,0.000317537400405854
1823,0.00031728530302643776
1824,0.0003169953415635973
1825,0.00031680293614044785
1826,0.0003166909154970199
1827,0.00031659603700973094
1828,0.0003164860827382654
1829,0.00031638442305848
1830,0.0003162782231811434
1831,0.0003161721397191286
1832,0.00031605371623300016
1833,0.0003159180923830718
1834,0.00031579568167217076
1835,0.0003156564198434353
1836,0.00031554148881696165
1837,0.0003154612786602229
1838,0.0003153705329168588
1839,0.00031528237741440535
1840,0.0003151797573082149
1841,0.0003150648844894022
1842,0.000314962089760229
1843,0.0003148806863464415
1844,0.00031478749588131905
1845,0.0003146661620121449
1846,0.0003145820810459554
1847,0.0003144475631415844
1848,0.00031428225338459015
1849,0.0003139982291031629
1850,0.00031366987968795
1851,0.0003133341670036316
1852,0.0003130262775812298
1853,0.00031283413409255445
1854,0.00031258646049536765
1855,0.0003123680944554508
1856,0.00031205444247461855
1857,0.0003118047316092998
1858,0.00031152719748206437
1859,0.0003113382263109088
1860,0.00031112023862078786
1861,0.00031100030173547566
1862,0.0003106043441221118
1863,0.0003104157804045826
1864,0.0003100843168795109
1865,0.0003098337911069393
1866,0.00030959732248447835
1867,0.0003091829421464354
1868,0.00030887138564139605
1869,0.0003087313671130687
1870,0.0003082120674662292
1871,0.00030793179757893085
1872,0.0003074095875490457
1873,0.0003067938960157335
1874,0.0003070016682613641
1875,0.0003065862401854247
1876,0.00030629386310465634
1877,0.0003059947048313916
1878,0.00030573923140764236
1879,0.0003055408888030797
1880,0.00030530476942658424
1881,0.0003050590166822076
1882,0.00030491294455714524
1883,0.00030468328623101115
1884,0.00030451599741354585
1885,0.0003040964948013425
1886,0.00030360574601218104
1887,0.00030337506905198097
1888,0.00030310102738440037
1889,0.0003027101047337055
1890,0.0003023879253305495
1891,0.0003019999130629003
1892,0.00030148192308843136
1893,0.0003011282242368907
1894,0.00030067810439504683
1895,0.00030039341072551906
1896,0.00030002693529240787
1897,0.00029979346436448395
1898,0.00029966607689857483
1899,0.00029934453777968884
1900,0.00029926077695563436
1901,0.0002991820510942489
1902,0.00029908446595072746
1903,0.0002990157518070191
1904,0.000298949220450595
1905,0.0002988843189086765
1906,0.0002988734922837466
1907,0.0002987867046613246
1908,0.0002987334446515888
1909,0.00029862194787710905
1910,0.0002985166502185166
1911,0.0002984190941788256
1912,0.0002983281447086483
1913,0.0002982279402203858
1914,0.0002981227880809456
1915,0.00029799953335896134
1916,0.00029790910775773227
1917,0.0002978300326503813
1918,0.0002977719414047897
1919,0.0002976918767672032
1920,0.0002976057876367122
1921,0.00029750363319180906
1922,0.0002974347735289484
1923,0.0002973628870677203
1924,0.00029727956280112267
1925,0.00029719891608692706
1926,0.00029740409809164703
1927,0.00029715406708419323
1928,0.00029710103990510106
1929,0.00029703686595894396
1930,0.00029697667923755944
1931,0.0002968990884255618
1932,0.0002967809559777379
1933,0.0002966674801427871
1934,0.0002965554012916982
1935,0.0002964436716865748
1936,0.0002962920698337257
1937,0.000296059442916885
1938,0.00029572477797046304
1939,0.0002954298979602754
1940,0.0002953806833829731
1941,0.00029516604263335466
1942,0.00029550990439020097
1943,0.00029503091354854405
1944,0.0002948057372123003
1945,0.00029467986314557493
1946,0.0002945233427453786
1947,0.0002944201696664095
1948,0.00029432179871946573
1949,0.0002942109131254256
1950,0.00029407342663034797
1951,0.0002938823017757386
1952,0.00029368148534558713
1953,0.00029357048333622515
1954,0.0002934852964244783
1955,0.00029340258333832026
1956,0.00029324693605303764
1957,0.0002930372138507664
1958,0.0002926478919107467
1959,0.0002922627027146518
1960,0.00029194020316936076
1961,0.00029179605189710855
1962,0.0002916012017522007
1963,0.0002913399366661906
1964,0.00029096880462020636
1965,0.0002904667635448277
1966,0.0002898853272199631
1967,0.00028956064488738775
1968,0.00028925639344379306
1969,0.0002890781906899065
1970,0.00028875310090370476
1971,0.00028856907738372684
1972,0.0002882269327528775
1973,0.00028776496765203774
1974,0.00028723772265948355
1975,0.0002869154850486666
1976,0.00028650229796767235
1977,0.0002863288391381502
1978,0.0002860392560251057
1979,0.0002857437648344785
1980,0.00028515944723039865
1981,0.0002847397408913821
1982,0.0002844289701897651
1983,0.00028431639657355845
1984,0.00028411991661414504
1985,0.00028397192363627255
1986,0.0002836992498487234
1987,0.0002834319893736392
1988,0.00028309455956332386
1989,0.00028284991276450455
1990,0.00028237939113751054
1991,0.00028205369017086923
1992,0.0002817278727889061
1993,0.00028155354084447026
1994,0.00028141768416389823
1995,0.0002813165192492306
1996,0.00028114733868278563
1997,0.00028103648219257593
1998,0.00028086642851121724
1999,0.00028062978526577353
2000,0.0002804300165735185
2001,0.0002804131363518536
2002,0.00028024936909787357
2003,0.00027998239966109395
2004,0.00027973848045803607
2005,0.00027958524879068136
2006,0.00027945818146690726
2007,0.0002793088788166642
2008,0.0002791162405628711
2009,0.00027885663439519703
2010,0.0002786475233733654
2011,0.00027864810544997454
2012,0.00027845153817906976
2013,0.00027826408040709794
2014,0.0002780591312330216
2015,0.0002778411435429007
2016,0.00027756154304370284
2017,0.00027726954431273043
2018,0.00027713950839824975
2019,0.00027730196597985923
2020,0.0002769523998722434
2021,0.0002767437254078686
2022,0.0002765209646895528
2023,0.00027632206911221147
2024,0.00027619488537311554
2025,0.00027611531550064683
2026,0.0002760400820989162
2027,0.0002759468334261328
2028,0.0002758429036475718
2029,0.00027572951512411237
2030,0.00027568769291974604
2031,0.0002755085297394544
2032,0.00027543751639313996
2033,0.0002753577136900276
2034,0.00027530884835869074
2035,0.0002752562868408859
2036,0.0002751624851953238
2037,0.00027507057529874146
2038,0.0002749781997408718
2039,0.00027492313529364765
2040,0.00027485916507430375
2041,0.0002747989783529192
2042,0.0002747324761003256
2043,0.00027462103753350675
2044,0.0002745085512287915
2045,0.0002743978693615645
2046,0.00027427426539361477
2047,0.0002742535143624991
2048,0.00027417211094871163
2049,0.00027412912459112704
2050,0.00027410383336246014
2051,0.0002740485651884228
2052,0.00027400130056776106
2053,0.00027391614275984466
2054,0.00027388791204430163
2055,0.0002738180919550359
2056,0.00027376465732231736
2057,0.0002737102622631937
2058,0.0002736778405960649
2059,0.00027365292771719396
2060,0.00027364466222934425
2061,0.00027362987748347223
2062,0.0002736160240601748
2063,0.0002736007736530155
2064,0.0002735838352236897
2065,0.00027357248472981155
2066,0.0002735602029133588
2067,0.0002735447487793863
2068,0.0002735319430939853
2069,0.00027352129109203815
2070,0.0002735084271989763
2071,0.0002734861336648464
2072,0.00027345583657734096
2073,0.0002733920409809798
2074,0.0002733306318987161
2075,0.0002732601424213499
2076,0.0002731557178776711
2077,0.0002729804255068302
2078,0.0002730637206695974
2079,0.00027290493017062545
2080,0.00027282265364192426
2081,0.00027269660495221615
2082,0.00027263222727924585
2083,0.00027249407139606774
2084,0.00027226965175941586
2085,0.0002717983443289995
2086,0.0002714809961616993
2087,0.0002711159468162805
2088,0.00027080843574367464
2089,0.0002707703970372677
2090,0.0002703176287468523
2091,0.00027008765027858317
2092,0.00026956695364788175
2093,0.00026911517488770187
2094,0.0002690590627025813
2095,0.0002687230589799583
2096,0.0002683697093743831
2097,0.0002680984325706959
2098,0.0002679227909538895
2099,0.0002677379525266588
2100,0.0002675236319191754
2101,0.0002671393158379942
2102,0.00026822363724932075
2103,0.00026693977997638285
2104,0.0002664266503416002
2105,0.0002660374157130718
2106,0.00026576753589324653
2107,0.0002655535645317286
2108,0.00026518796221353114
2109,0.0002649705274961889
2110,0.00026458673528395593
2111,0.000264151458395645
2112,0.00026378376060165465
2113,0.0002633768890518695
2114,0.0002630582021083683
2115,0.0002637702564243227
2116,0.000262763089267537
2117,0.0002623758919071406
2118,0.00026175673701800406
2119,0.0002614155237097293
2120,0.00026119707035832107
2121,0.0002607830101624131
2122,0.0002603640896268189
2123,0.00025996030308306217
2124,0.0002595565456431359
2125,0.000259035179624334
2126,0.0002585052279755473
2127,0.00025809259386733174
2128,0.00025858249864540994
2129,0.00025763516896404326
2130,0.00025726656895130873
2131,0.0002566572220530361
2132,0.0002559855638537556
2133,0.0002556021208874881
2134,0.00025535677559673786
2135,0.0002557940606493503
2136,0.0002551790967117995
2137,0.0002549361379351467
2138,0.000254651065915823
2139,0.0002542787988204509
2140,0.0002540296409279108
2141,0.00025373423704877496
2142,0.000253713020356372
2143,0.0002535793755669147
2144,0.000253306730883196
2145,0.00025306883617304265
2146,0.00025276487576775253
2147,0.00025260308757424355
2148,0.0002524276205804199
2149,0.00025223809643648565
2150,0.0002521286951377988
2151,0.0002519565459806472
2152,0.0002516693784855306
2153,0.00025132609880529344
2154,0.0002534522791393101
2155,0.00025120965437963605
2156,0.00025089646806009114
2157,0.0002509078476577997
2158,0.00025065854424610734
2159,0.00025040938635356724
2160,0.00025022539193741977
2161,0.0002501387498341501
2162,0.0002500352857168764
2163,0.00024990367819555104
2164,0.0002497128734830767
2165,0.0002494047221262008
2166,0.00024924142053350806
2167,0.00024961508461274207
2168,0.0002489549806341529
2169,0.00024880541604943573
2170,0.00024869290064089
2171,0.00024862284772098064
2172,0.00024856242816895247
2173,0.00024846757878549397
2174,0.00024833568022586405
2175,0.0002481014817021787
2176,0.0002479976392351091
2177,0.00024787033908069134
2178,0.0002477631496731192
2179,0.0002476613153703511
2180,0.0002475541550666094
2181,0.00024747656425461173
2182,0.000247412477619946
2183,0.0002473442582413554
2184,0.00024729038705118
2185,0.0002472462074365467
2186,0.0002472286287229508
2187,0.00024721192312426865
2188,0.0002471931802574545
2189,0.0002471760963089764
2190,0.00024715805193409324
2191,0.0002471388434059918
2192,0.00024711625883355737
2193,0.0002470877079758793
2194,0.0002470585750415921
2195,0.0002470213803462684
2196,0.0002469965838827193
2197,0.0002469746395945549
2198,0.00024695933097973466
2199,0.00024693782324902713
2200,0.00024691876024007797
2201,0.0002469001628924161
2202,0.00024688453413546085
2203,0.00024686832330189645
2204,0.00024684282834641635
2205,0.00024683302035555243
2206,0.0002467939048074186
2207,0.00024675202439539135
2208,0.000246653042268008
2209,0.0002465604920871556
2210,0.00024661942734383047
2211,0.00024649506667628884
2212,0.00024639759794808924
2213,0.00024631625274196267
2214,0.00024626406957395375
2215,0.00024616578593850136
2216,0.00024609972024336457
2217,0.00024600623873993754
2218,0.00024594992282800376
2219,0.00024586269864812493
2220,0.00024577451404184103
2221,0.00024569997913204134
2222,0.00024561004829593003
2223,0.0002455543144606054
2224,0.00024541994207538664
2225,0.00024530693190172315
2226,0.00024517037672922015
2227,0.000245054776314646
2228,0.00024504883913323283
2229,0.00024494738318026066
2230,0.0002448261948302388
2231,0.0002446944999974221
2232,0.00024449711781926453
2233,0.0002443804405629635
2234,0.0002442913828417659
2235,0.00024418250541202724
2236,0.00024394894717261195
2237,0.00024365361605305225
2238,0.0002434995403746143
2239,0.0002433997578918934
2240,0.00024270899302791804
2241,0.00024174888676498085
2242,0.00024047501210588962
2243,0.00024366294383071363
2244,0.0002398335636826232
2245,0.00023943631094880402
2246,0.0002803330426104367
2247,0.00023798113397788256
2248,0.00023694484843872488
2249,0.00023525068536400795
2250,0.00023464750847779214
2251,0.00023374237935058773
2252,0.00023250428785104305
2253,0.000231780024478212
2254,0.00023088099260348827
2255,0.0002301817003171891
2256,0.00022923691722098738
2257,0.00023057679936755449
2258,0.00022879394236952066
2259,0.0002279768232256174
2260,0.0002270821132697165
2261,0.000226567528443411
2262,0.00022593233734369278
2263,0.00022537315089721233
2264,0.00022492064454127103
2265,0.0002244693459942937
2266,0.00022391387028619647
2267,0.00022326056205201894
2268,0.00022247605375014246
2269,0.00022143391834106296
2270,0.0002208488149335608
2271,0.0002202773466706276
2272,0.00021980542805977166
2273,0.00021938359714113176
2274,0.000218975794268772
2275,0.0002185673947678879
2276,0.0002181190502597019
2277,0.00021737147471867502
2278,0.0002169358340324834
2279,0.000216659638681449
2280,0.0002163992467103526
2281,0.00021600312902592123
2282,0.0002157188719138503
2283,0.00021553339320234954
2284,0.00021538930013775826
2285,0.00021525959891732782
2286,0.00021519749134313315
2287,0.0002151172375306487
2288,0.00021504842152353376
2289,0.00021496537374332547
2290,0.0002148882922483608
2291,0.00021480093710124493
2292,0.0002147170453099534
2293,0.0002146067563444376
2294,0.00021440240379888564
2295,0.000214297222555615
2296,0.0002140196884283796
2297,0.00021378941892180592
2298,0.00021338560327421874
2299,0.00021354624186642468
2300,0.00021330300660338253
2301,0.00021316680067684501
2302,0.00021299891523085535
2303,0.0002129086060449481
2304,0.00021280288638081402
2305,0.00021268661657813936
2306,0.0002126096369465813
2307,0.00021251470025163144
2308,0.00021248389384709299
2309,0.0002123862213920802
2310,0.00021230184938758612
2311,0.00021213463332969695
2312,0.0002119546552421525
2313,0.00021185752120800316
2314,0.0002117694530170411
2315,0.00021171047410462052
2316,0.00021166144870221615
2317,0.0002115523093380034
2318,0.0002114818198606372
2319,0.00021140156604815274
2320,0.00021132234542164952
2321,0.00021123990882188082
2322,0.00021114993433002383
2323,0.00021100333833601326
2324,0.00021083056344650686
2325,0.000210634054383263
2326,0.00021044052846264094
2327,0.0002102166326949373
2328,0.00021011474018450826
2329,0.00021004055452067405
2330,0.00020998998661525548
2331,0.00020993662474211305
2332,0.00020987461903132498
2333,0.00020978666725568473
2334,0.00020963004499208182
2335,0.00020948842575307935
2336,0.00020937039516866207
2337,0.0002093290095217526
2338,0.00020929629681631923
2339,0.0002092634967993945
2340,0.0002092426730087027
2341,0.00020920341194141656
2342,0.00020917123765684664
2343,0.00020913477055728436
2344,0.0002091049391310662
2345,0.0002090888301609084
2346,0.0002090624038828537
2347,0.0002090360940201208
2348,0.00020900878007523715
2349,0.00020897193462587893
2350,0.00020893887267448008
2351,0.000208913188544102
2352,0.00020888489962089807
2353,0.00020885925914626569
2354,0.00020884045807179064
2355,0.0002088266919599846
2356,0.0002088153996737674
2357,0.00020880164811387658
2358,0.0002087957545882091
2359,0.00020877146744169295
2360,0.00020875448535662144
2361,0.00020871771266683936
2362,0.00020867615239694715
2363,0.00020861823577433825
2364,0.00020857233903370798
2365,0.00020848320855293423
2366,0.00020841951481997967
2367,0.00020835339091718197
2368,0.00020833034068346024
2369,0.00020820404461119324
2370,0.00020815609605051577
2371,0.0002080827980535105
2372,0.00020798342302441597
2373,0.00020792272698599845
2374,0.0002078747929772362
2375,0.00020783428044524044
2376,0.0002077817334793508
2377,0.00020773211144842207
2378,0.00020768659305758774
2379,0.00020768468675669283
2380,0.00020766601664945483
2381,0.0002077625395031646
2382,0.0002076366072287783
2383,0.0002076125965686515
2384,0.0002075804368359968
2385,0.0002075423690257594
2386,0.00020750585827045143
2387,0.0002073920622933656
2388,0.00020725351350847632
2389,0.00020704248163383454
2390,0.0002068049507215619
2391,0.00020677511929534376
2392,0.00020660730660893023
2393,0.00020626747573260218
2394,0.0002062549174297601
2395,0.00020602419681381434
2396,0.00020566875173244625
2397,0.0002055340592050925
2398,0.00020539152319543064
2399,0.000204890820896253
2400,0.0002044151769950986
2401,0.0002045353758148849
2402,0.00020400213543325663
2403,0.00020415429025888443
2404,0.00020351646526250988
2405,0.00020418262283783406
2406,0.00020320064504630864
2407,0.00020260439487174153
2408,0.0002023150445893407
2409,0.00020204186148475856
2410,0.0002018911181949079
2411,0.00020169367780908942
2412,0.0002015478239627555
2413,0.00020126077288296074
2414,0.00020085362484678626
2415,0.0002004323760047555
2416,0.00019991520093753934
2417,0.00019903738575521857
2418,0.00019829955999739468
2419,0.0002029868628596887
2420,0.00019751400395762175
2421,0.00020259265147615224
2422,0.0001970072480617091
2423,0.00019604034605436027
2424,0.0001943951501743868
2425,0.00019349918875377625
2426,0.0001931242150021717
2427,0.000192621533642523
2428,0.00019291653006803244
2429,0.00019219150999560952
2430,0.0001918735506478697
2431,0.0001913309533847496
2432,0.00019082811195403337
2433,0.00019021626212634146
2434,0.00018987961811944842
2435,0.00018948271463159472
2436,0.00018981259199790657
2437,0.00018938182620331645
2438,0.0001891974825412035
2439,0.00018893912783823907
2440,0.00018865204765461385
2441,0.00018838017422240227
2442,0.0001881499047158286
2443,0.00018795346841216087
2444,0.000187812969670631
2445,0.00018760272359941155
2446,0.00018743130203802139
2447,0.00018723988614510745
2448,0.00018706634000409395
2449,0.00018690568685997277
2450,0.00018678398919291794
2451,0.00018663991068024188
2452,0.00018653279403224587
2453,0.0001920033828355372
2454,0.00018648199329618365
2455,0.0001863611541921273
2456,0.00018630223348736763
2457,0.00018627638928592205
2458,0.00018626145902089775
2459,0.00018623836513143033
2460,0.00018620790797285736
2461,0.0001861791970441118
2462,0.00018614597502164543
2463,0.00018611254927236587
2464,0.00018608725804369897
2465,0.00018605859077069908
2466,0.00018603437638375908
2467,0.00018601267947815359
2468,0.0001859880576375872
2469,0.00018595706205815077
2470,0.00018593728600535542
2471,0.0001859186013462022
2472,0.00018589083629194647
2473,0.00018589099636301398
2474,0.0001858757750596851
2475,0.00018584029749035835
2476,0.00018577769515104592
2477,0.00018573405395727605
2478,0.00018565503705758601
2479,0.0001855831069406122
2480,0.00018549560627434403
2481,0.0001854338333941996
2482,0.0001853629801189527
2483,0.0001853187714004889
2484,0.00018526733038015664
2485,0.0001852024142863229
2486,0.00018516463751439005
2487,0.00018511329835746437
2488,0.0001850733533501625
2489,0.00018502968305256218
2490,0.00018498885037843138
2491,0.00018495555559638888
2492,0.00018490463844500482
2493,0.0001848699466791004
2494,0.0001848384999902919
2495,0.0001848142856033519
2496,0.00018478234414942563
2497,0.00018474666285328567
2498,0.00018470740178599954
2499,0.00018466333858668804
2500,0.00018461047147866338
2501,0.00018453996744938195
2502,0.000184460383024998
2503,0.000184387739864178
2504,0.00018429374904371798
2505,0.00018419399566482753
2506,0.00018410016491543502
2507,0.00018412884674035013
2508,0.0001840241893660277
2509,0.00018395812367089093
2510,0.00018387277668807656
2511,0.00018380314577370882
2512,0.00018370675388723612
2513,0.0001836328738136217
2514,0.00018355302745476365
2515,0.0001835046714404598
2516,0.00018344195268582553
2517,0.00018339719099458307
2518,0.0001833591959439218
2519,0.00018333199841436
2520,0.00018328093574382365
2521,0.00018310030282009393
2522,0.0001828989334171638
2523,0.00018279542564414442
2524,0.00018276851915288717
2525,0.00018266103870701045
2526,0.0001825982180889696
2527,0.0001825064973672852
2528,0.0001823385973693803
2529,0.00018216225726064295
2530,0.0001816425210563466
2531,0.00018154231656808406
2532,0.0001813386334106326
2533,0.00018054073734674603
2534,0.00018142563931178302
2535,0.00018016467220149934
2536,0.00018082474707625806
2537,0.0001795087446225807
2538,0.00017861291416920722
2539,0.00017802433285396546
2540,0.00017764368385542184
2541,0.00017762929201126099
2542,0.00017742293130140752
2543,0.00017766836390364915
2544,0.00017702208424452692
2545,0.00017656860291026533
2546,0.00017643030150793493
2547,0.00017621656297706068
2548,0.00017592633957974613
2549,0.00017566686437930912
2550,0.00017579687118995935
2551,0.00017555120575707406
2552,0.00017536226368974894
2553,0.0001751418603817001
2554,0.00017495086649432778
2555,0.00017477641813457012
2556,0.00017458941147197038
2557,0.00017434732581023127
2558,0.00017422852397430688
2559,0.00017399367061443627
2560,0.00017385653336532414
2561,0.00017363482038490474
2562,0.0001733985118335113
2563,0.0001731821830617264
2564,0.00017296108126174659
2565,0.00017277909500990063
2566,0.00017254262638743967
2567,0.0001723594032227993
2568,0.00017206963093485683
2569,0.0001718848798191175
2570,0.00017152450163848698
2571,0.00017157811089418828
2572,0.00017140446288976818
2573,0.00017117416427936405
2574,0.0001709873613435775
2575,0.00017077245865948498
2576,0.00017064495477825403
2577,0.00017048465088009834
2578,0.00017035378550644964
2579,0.000170180675922893
2580,0.00017000120715238154
2581,0.00016979723295662552
2582,0.00016951294674072415
2583,0.00016915681771934032
2584,0.00016869699175003916
2585,0.0001684323651716113
2586,0.00016813233378343284
2587,0.00016787383356131613
2588,0.00016765957116149366
2589,0.00016752078954596072
2590,0.00016739190323278308
2591,0.00016730159404687583
2592,0.00016722567670512944
2593,0.00016716166283003986
2594,0.0001670558558544144
2595,0.0001669800403760746
2596,0.0001668729237280786
2597,0.0001667508331593126
2598,0.00016666042210999876
2599,0.00016656515072099864
2600,0.0001664892624830827
2601,0.00016645248979330063
2602,0.00016636379586998373
2603,0.0001663231523707509
2604,0.00016628080629743636
2605,0.00016624039562884718
2606,0.0001661950518609956
2607,0.000166155252372846
2608,0.0001661004062043503
2609,0.00016605888959020376
2610,0.00016601663082838058
2611,0.00016601066454313695
2612,0.0001659776462474838
2613,0.00016593674081377685
2614,0.00016590293671470135
2615,0.0001658791588852182
2616,0.0001658470428083092
2617,0.000165827659657225
2618,0.0001658162655076012
2619,0.0001657979446463287
2620,0.00016578171926084906
2621,0.00016575853805989027
2622,0.0001657365501159802
2623,0.00016572374443057925
2624,0.00016571240848861635
2625,0.000165698176715523
2626,0.000165680525242351
2627,0.00016566494014114141
2628,0.00016564675024710596
2629,0.00016561795200686902
2630,0.00016557902563363314
2631,0.00016553045134060085
2632,0.00016546208644285798
2633,0.00016542815137654543
2634,0.0001653960207477212
2635,0.00016546755796298385
2636,0.0001653757062740624
2637,0.00016532125300727785
2638,0.00016524389502592385
2639,0.00016515755851287395
2640,0.0001650842750677839
2641,0.0001650086196605116
2642,0.0001649819896556437
2643,0.00016491849964950234
2644,0.00016490989946760237
2645,0.00016485023661516607
2646,0.00016480658086948097
2647,0.00016476839664392173
2648,0.00016474987205583602
2649,0.00016470423724967986
2650,0.00016467002569697797
2651,0.00016461221093777567
2652,0.0001645688316784799
2653,0.00016451417468488216
2654,0.0001644346339162439
2655,0.00016439090541098267
2656,0.00016431671974714845
2657,0.00016422801127191633
2658,0.00016412681725341827
2659,0.00016404461348429322
2660,0.00016395567217841744
2661,0.00016389935626648366
2662,0.00016384435002692044
2663,0.00016380602028220892
2664,0.00016374072583857924
2665,0.00016370730008929968
2666,0.00016365572810173035
2667,0.00016360785230062902
2668,0.00016352884995285422
2669,0.0001634656946407631
2670,0.00016341108130291104
2671,0.0001633558131288737
2672,0.00016330924700014293
2673,0.00016326129843946546
2674,0.0001632136554690078
2675,0.0001631277846172452
2676,0.00016305829922202975
2677,0.00016290016355924308
2678,0.00016274864901788533
2679,0.0001625657023396343
2680,0.00016244877770077437
2681,0.0001623221323825419
2682,0.00016216856602113694
2683,0.00016201019752770662
2684,0.0001620031544007361
2685,0.00016193218471016735
2686,0.00016181157843675464
2687,0.00016170860908459872
2688,0.00016161563689820468
2689,0.0001614987850189209
2690,0.00016141764353960752
2691,0.00016129521827679127
2692,0.00016113511810544878
2693,0.00016098719788715243
2694,0.00016088377742562443
2695,0.0001607752637937665
2696,0.00016071533900685608
2697,0.00016064438386820257
2698,0.00016059870540630072
2699,0.00016054710431490093
2700,0.00016047102690208703
2701,0.0001604013959877193
2702,0.00016031088307499886
2703,0.0001603202981641516
2704,0.00016021453484427184
2705,0.0001600927353138104
2706,0.00015994459681678563
2707,0.00015982093464117497
2708,0.00015981210162863135
2709,0.00015973915287759155
2710,0.00015958212316036224
2711,0.00015937580610625446
2712,0.0001591887412359938
2713,0.00015909786452539265
2714,0.00015903326857369393
2715,0.00015899300342425704
2716,0.00015892647206783295
2717,0.0001588705345056951
2718,0.0001588093291502446
2719,0.00015871862706262618
2720,0.00015856871323194355
2721,0.00015845787129364908
2722,0.00015836326929274946
2723,0.00015827336756046861
2724,0.00015819459804333746
2725,0.000158136390382424
2726,0.00015807959425728768
2727,0.0001579652598593384
2728,0.00015789168537594378
2729,0.0001577516959514469
2730,0.0001575653877807781
2731,0.00015737273497506976
2732,0.00015735908527858555
2733,0.00015729799633845687
2734,0.0001572898036101833
2735,0.00015722349053248763
2736,0.00015718485519755632
2737,0.00015714117034804076
2738,0.0001570805034134537
2739,0.00015704329416621476
2740,0.0001569542509969324
2741,0.00015682158118579537
2742,0.0001566975115565583
2743,0.00015653693117201328
2744,0.00015635497402399778
2745,0.00015614346193615347
2746,0.00015601750055793673
2747,0.00015584782522637397
2748,0.0001557448267703876
2749,0.00015566570800729096
2750,0.00015558107406832278
2751,0.000155443194671534
2752,0.00015522819012403488
2753,0.00015486410120502114
2754,0.00015453185187652707
2755,0.00015422064461745322
2756,0.00015410488413181156
2757,0.00015389359032269567
2758,0.00015378948592115194
2759,0.0001536326017230749
2760,0.0001532664173282683
2761,0.00015293931937776506
2762,0.00015272409655153751
2763,0.00015237733896356076
2764,0.0001523178070783615
2765,0.00015224370872601867
2766,0.00015213644655887038
2767,0.00015192845603451133
2768,0.00015174801228567958
2769,0.00015152432024478912
2770,0.00015150981198530644
2771,0.00015139588504098356
2772,0.00015125202480703592
2773,0.00015104480553418398
2774,0.00015083658217918128
2775,0.0001505228428868577
2776,0.00015072472160682082
2777,0.00015034081297926605
2778,0.00015006348257884383
2779,0.0001498402707511559
2780,0.00014957913663238287
2781,0.00014926871517673135
2782,0.00014897072105668485
2783,0.0001487638073740527
2784,0.00014885500422678888
2785,0.00014857979840599
2786,0.00014842311793472618
2787,0.00014819185889791697
2788,0.00014792128058616072
2789,0.00014768255641683936
2790,0.00014753646973986179
2791,0.00014739669859409332
2792,0.00014723434287589043
2793,0.00014715407451149076
2794,0.00014702309272252023
2795,0.00014689081581309438
2796,0.00014674325939267874
2797,0.0001466434187022969
2798,0.00014649482909590006
2799,0.00014636339619755745
2800,0.00014628248754888773
2801,0.00014615716645494103
2802,0.00014617890701629221
2803,0.0001460872299503535
2804,0.00014598756388295442
2805,0.00014589821512345225
2806,0.00014580297283828259
2807,0.00014568549522664398
2808,0.00014555215602740645
2809,0.00014547955652233213
2810,0.00014544282748829573
2811,0.00014540641859639436
2812,0.00014536675007548183
2813,0.00014529119653161615
2814,0.00014522527635563165
2815,0.00014516142255160958
2816,0.00014511549670714885
2817,0.00014508173626381904
2818,0.00014502223348245025
2819,0.00014495219511445612
2820,0.0001448609255021438
2821,0.00014480421668849885
2822,0.00014473276678472757
2823,0.00014468115114141256
2824,0.00014463334809988737
2825,0.00014457439829129726
2826,0.0001444823865313083
2827,0.00014437887875828892
2828,0.00014435281627811491
2829,0.00014431978343054652
2830,0.00014422554522752762
2831,0.00014416704652830958
2832,0.00014410809671971947
2833,0.00014406464470084757
2834,0.00014400697546079755
2835,0.00014395956532098353
2836,0.00014391442527994514
2837,0.0001438640319975093
2838,0.00014382891822606325
2839,0.0001437796454411
2840,0.00014369768905453384
2841,0.00014361768262460828
2842,0.0001435110898455605
2843,0.0001434153673471883
2844,0.0001433312427252531
2845,0.00014329775876831263
2846,0.0001432634162483737
2847,0.00014322732749860734
2848,0.00014319230103865266
2849,0.00014316073793452233
2850,0.00014313083374872804
2851,0.00014310266124084592
2852,0.00014309048128779978
2853,0.000143069148180075
2854,0.00014305021613836288
2855,0.00014304113574326038
2856,0.0001430217525921762
2857,0.00014301014016382396
2858,0.00014298442692961544
2859,0.00014296564040705562
2860,0.00014294956054072827
2861,0.00014293576532509178
2862,0.0001429204421583563
2863,0.00014291475235950202
2864,0.0001429049443686381
2865,0.00014289238606579602
2866,0.00014288417878560722
2867,0.00014286999066825956
2868,0.00014286735677160323
2869,0.00014286012446973473
2870,0.00014284813369158655
2871,0.00014283086056821048
2872,0.00014281216135714203
2873,0.00014279996685218066
2874,0.00014278703019954264
2875,0.0001427691604476422
2876,0.0001427579263690859
2877,0.00014274768182076514
2878,0.00014273612760007381
2879,0.0001427221141057089
2880,0.00014270772226154804
2881,0.00014268924132920802
2882,0.00014267019287217408
2883,0.00014264062338043004
2884,0.00014260507305152714
2885,0.00014258004375733435
2886,0.0001425459486199543
2887,0.00014252967957872897
2888,0.00014251063112169504
2889,0.00014249728701543063
2890,0.00014248811930883676
2891,0.0001424711081199348
2892,0.00014246160571929067
2893,0.00014244472549762577
2894,0.0001424274523742497
2895,0.0001424177025910467
2896,0.00014243800251279026
2897,0.00014240184100344777
2898,0.00014238042058423162
2899,0.00014233167166821659
2900,0.0001422911009285599
2901,0.00014226697385311127
2902,0.00014221339370124042
2903,0.00014217710122466087
2904,0.0001421434135409072
2905,0.00014210407971404493
2906,0.00014207065396476537
2907,0.00014202941383700818
2908,0.0001419920299667865
2909,0.00014194942195899785
2910,0.0001419278560206294
2911,0.0001419086620444432
2912,0.00014188684872351587
2913,0.00014186878979671746
2914,0.0001418350584572181
2915,0.00014180805010255426
2916,0.00014176966215018183
2917,0.00014173303497955203
2918,0.00014164845924824476
2919,0.00014157206169329584
2920,0.00014150646165944636
2921,0.0001414569851476699
2922,0.00014141027349978685
2923,0.00014137409743852913
2924,0.00014130630006548017
2925,0.00014120743435341865
2926,0.00014109794574324042
2927,0.0001410747499903664
2928,0.00014102018030826002
2929,0.00014089660544414073
2930,0.00014080513210501522
2931,0.0001406765659339726
2932,0.00014056343934498727
2933,0.00014045354328118265
2934,0.00014035915955901146
2935,0.00014025562268216163
2936,0.00014018689398653805
2937,0.0001400918117724359
2938,0.0001400037872372195
2939,0.00013982132077217102
2940,0.00013957884220872074
2941,0.00013933690206613392
2942,0.00013898381439503282
2943,0.0001386367657687515
2944,0.00013921200297772884
2945,0.0001383600611006841
2946,0.000138657953357324
2947,0.0001380925823468715
2948,0.0001375646097585559
2949,0.00013700056297238916
2950,0.00013664783909916878
2951,0.00013773250975646079
2952,0.00013636115181725472
2953,0.00013614406634587795
2954,0.00013618110097013414
2955,0.00013601375394500792
2956,0.0001360284659313038
2957,0.00013580993982031941
2958,0.00013555561599787325
2959,0.0001355107524432242
2960,0.00013531380682252347
2961,0.00013509854034055024
2962,0.00013496092287823558
2963,0.00013481882342603058
2964,0.00013465997471939772
2965,0.00013451777340378612
2966,0.00013437154120765626
2967,0.0001342587056569755
2968,0.00013408655649982393
2969,0.00013400310126598924
2970,0.00013392000983003527
2971,0.00013381344615481794
2972,0.00013374871923588216
2973,0.0001336661516688764
2974,0.00013356715498957783
2975,0.00013344717444851995
2976,0.0001333337859250605
2977,0.00013359100557863712
2978,0.00013328639033716172
2979,0.00013329619832802564
2980,0.00013323074381332844
2981,0.00013338273856788874
2982,0.0001331716775894165
2983,0.0001331293606199324
2984,0.00013307909830473363
2985,0.0001330400991719216
2986,0.00013298445264808834
2987,0.00013294418749865144
2988,0.00013288925401866436
2989,0.00013283590669743717
2990,0.0001327534846495837
2991,0.00013259139086585492
2992,0.00013241251872386783
2993,0.0001322244352195412
2994,0.00013215886428952217
2995,0.0001320139126619324
2996,0.00013191383914090693
2997,0.00013175650383345783
2998,0.00013160085654817522
2999,0.000131508000777103
3000,0.0001314056571573019
3001,0.00013127322017680854
3002,0.0001311626983806491
3003,0.00013102628872729838
3004,0.0001308713253820315
3005,0.0001307706697843969
3006,0.0001306733174715191
3007,0.00013055649469606578
3008,0.0001304545730818063
3009,0.00013037191820330918
3010,0.00013029362889938056
3011,0.00013025033695157617
3012,0.0001302207965636626
3013,0.00013019065954722464
3014,0.0001301573502132669
3015,0.0001301989977946505
3016,0.00013013658463023603
3017,0.00013042397040408105
3018,0.0001300937292398885
3019,0.00013006656081415713
3020,0.00013002731429878622
3021,0.00012997962767258286
3022,0.00012995699944440275
3023,0.0001299020368605852
3024,0.00012986364890821278
3025,0.00012982194311916828
3026,0.0001297610579058528
3027,0.00012970146781299263
3028,0.00012964164488948882
3029,0.00012961144966538996
3030,0.00012956050341017544
3031,0.00012950679229106754
3032,0.00012945094204042107
3033,0.0001293487730436027
3034,0.00012926719500683248
3035,0.00012915539264213294
3036,0.00012907120981253684
3037,0.0001289786450797692
3038,0.00012893158418592066
3039,0.0001287949999095872
3040,0.0001287159975618124
3041,0.00012862177391070873
3042,0.00012848842015955597
3043,0.00012841157149523497
3044,0.00012829939078073949
3045,0.00012816367961931974
3046,0.0001281679724343121
3047,0.00012802903074771166
3048,0.00012788989988621324
3049,0.0001277115661650896
3050,0.00012764352140948176
3051,0.0001275783433811739
3052,0.0001275199028896168
3053,0.0001274389069294557
3054,0.0001274252572329715
3055,0.00012738732038997114
3056,0.00012728101864922792
3057,0.0001271909277420491
3058,0.0001271237269975245
3059,0.0001270544744329527
3060,0.00012701704690698534
3061,0.0001269930216949433
3062,0.00012692436575889587
3063,0.00012687317212112248
3064,0.00012680031068157405
3065,0.00012670706200879067
3066,0.00012662005610764027
3067,0.00012652348959818482
3068,0.00012645695824176073
3069,0.00012636695464607328
3070,0.0001262958103325218
3071,0.00012623709335457534
3072,0.00012616420281119645
3073,0.00012611172860488296
3074,0.0001260678400285542
3075,0.0001260423887288198
3076,0.00012601270282175392
3077,0.00012597849126905203
3078,0.0001259283599210903
3079,0.00012586374941747636
3080,0.00012580351904034615
3081,0.00012574484571814537
3082,0.00012568823876790702
3083,0.00012551259715110064
3084,0.00012534712732303888
3085,0.00012551862164400518
3086,0.00012524024350568652
3087,0.00012496938870754093
3088,0.00012478487042244524
3089,0.00012468684872146696
3090,0.000124560872791335
3091,0.00012445032189134508
3092,0.00012439096462912858
3093,0.00012424275337252766
3094,0.00012416538083925843
3095,0.00012408298789523542
3096,0.00012401216372381896
3097,0.00012396332749631256
3098,0.00012391060590744019
3099,0.00012383921421132982
3100,0.00012374100333545357
3101,0.00012364650319796056
3102,0.0001235418312717229
3103,0.00012345654249656945
3104,0.00012338996748439968
3105,0.00012333427730482072
3106,0.00012325058924034238
3107,0.00012312608305364847
3108,0.0001230650523211807
3109,0.0001229839981533587
3110,0.00012289537698961794
3111,0.00012282340321689844
3112,0.00012283465184736997
3113,0.00012278431677259505
3114,0.00012271240120753646
3115,0.0001226389576913789
3116,0.00012258748756721616
3117,0.00012253022578079253
3118,0.00012246221012901515
3119,0.00012239761417731643
3120,0.00012234412133693695
3121,0.0001222859718836844
3122,0.0001222385180881247
3123,0.00012219759810250252
3124,0.00012216920731589198
3125,0.0001221462298417464
3126,0.0001221362326759845
3127,0.00012212533329147846
3128,0.00012211133434902877
3129,0.0001220927370013669
3130,0.00012207988766022027
3131,0.00012206223618704826
3132,0.00012204547238070518
3133,0.00012203795631648973
3134,0.00012202920333947986
3135,0.00012201759091112763
3136,0.00012200913624837995
3137,0.0001220037811435759
3138,0.00012199073535157368
3139,0.00012199093180242926
3140,0.00012198585318401456
3141,0.00012197586329421028
3142,0.00012194788723718375
3143,0.00012191845598863438
3144,0.00012187653919681907
3145,0.00012179792247479782
3146,0.00012173614231869578
3147,0.00012164728104835376
3148,0.00012170460831839591
3149,0.00012160632468294352
3150,0.00012152618000982329
3151,0.00012147543748142198
3152,0.00012137196608819067
3153,0.00012132131087128073
3154,0.00012125357170589268
3155,0.00012120459723519161
3156,0.00012113848788430914
3157,0.00012109103408874944
3158,0.00012102405889891088
3159,0.00012095732381567359
3160,0.00012087140930816531
3161,0.00012076403800165281
3162,0.00012071313540218398
3163,0.00012057601270498708
3164,0.00012046159827150404
3165,0.00012033212988171726
3166,0.00012034422252327204
3167,0.00012024137686239555
3168,0.00012021982547594234
3169,0.00012015651009278372
3170,0.000120070471893996
3171,0.00011998682020930573
3172,0.00011988314508926123
3173,0.00011976155656157061
3174,0.000119653414003551
3175,0.00011951952910749242
3176,0.00011940985859837383
3177,0.00011925860599149019
3178,0.00011914115020772442
3179,0.00011892123438883573
3180,0.0001188148744404316
3181,0.00011891310714418069
3182,0.000118640047730878
3183,0.00011842147796414793
3184,0.00011841670493595302
3185,0.00011827739217551425
3186,0.00011843260290334001
3187,0.00011805943358922377
3188,0.00011781712237279862
3189,0.00011751148122129962
3190,0.00011740438640117645
3191,0.0001171652038465254
3192,0.00011711115075740963
3193,0.00011700478353304788
3194,0.00011690046812873334
3195,0.00011679832823574543
3196,0.00011665454076137394
3197,0.00011651253589661792
3198,0.00011641978198895231
3199,0.00011632934183580801
3200,0.00011617252312134951
3201,0.00011605436156969517
3202,0.00011592519877012819
3203,0.00011578066187212244
3204,0.00011564794840523973
3205,0.00011551126226549968
3206,0.00011537136742845178
3207,0.00011528582399478182
3208,0.00011519021063577384
3209,0.00011506990267662331
3210,0.00011492310295579955
3211,0.00011479948443593457
3212,0.00011469783930806443
3213,0.00011461132817203179
3214,0.00011449712474131957
3215,0.00011433252802817151
3216,0.00011415105836931616
3217,0.0001139915912062861
3218,0.00011396493937354535
3219,0.00011379666102584451
3220,0.00011373651796020567
3221,0.00011366792023181915
3222,0.00011355619062669575
3223,0.00011345523671479896
3224,0.00011331312998663634
3225,0.00011324352817609906
3226,0.0001130917007685639
3227,0.00011301682388875633
3228,0.00011289713438600302
3229,0.00011276153236394748
3230,0.00011268378875683993
3231,0.0001125849230447784
3232,0.00011248923692619428
3233,0.00011237039871048182
3234,0.00011225627531530336
3235,0.00011214965343242511
3236,0.00011203944450244308
3237,0.00011197551793884486
3238,0.00011191354860784486
3239,0.00011184041068190709
3240,0.00011177341366419569
3241,0.00011175529652973637
3242,0.0001116834391723387
3243,0.0001116548664867878
3244,0.00011162820737808943
3245,0.00011160733265569434
3246,0.00011159952555317432
3247,0.00011157757398905233
3248,0.00011156143591506407
3249,0.00011154963431181386
3250,0.00011152671504532918
3251,0.00011147538316436112
3252,0.0001114324331865646
3253,0.00011137482215417549
3254,0.00011132820509374142
3255,0.00011129294580314308
3256,0.00011126449680887163
3257,0.0001112320605898276
3258,0.00011120885028503835
3259,0.00011118787369923666
3260,0.00011116163659607992
3261,0.00011112567881355062
3262,0.00011107038153568283
3263,0.0001110224548028782
3264,0.00011096725211245939
3265,0.00011092051863670349
3266,0.00011085149162681773
3267,0.00011078857642132789
3268,0.00011074549547629431
3269,0.00011071084736613557
3270,0.00011067328887293115
3271,0.00011063171405112371
3272,0.00011055124923586845
3273,0.00011048957094317302
3274,0.00011041795369237661
3275,0.00011033182090613991
3276,0.00011021790123777464
3277,0.00011012867616955191
3278,0.00011004921543644741
3279,0.00010999963706126437
3280,0.00010992040915880352
3281,0.00010986666893586516
3282,0.00010982085223076865
3283,0.0001097875356208533
3284,0.00010973331518471241
3285,0.00010968271817546338
3286,0.00010963256499962881
3287,0.00010957887570839375
3288,0.00010954903700621799
3289,0.00010950589057756588
3290,0.0001094692197511904
3291,0.00010942276276182383
3292,0.00010936926992144436
3293,0.00010932007717201486
3294,0.00010924122034339234
3295,0.00010914043377852067
3296,0.00010906109673669562
3297,0.00010901238420046866
3298,0.00010897126776399091
3299,0.0001089315046556294
3300,0.00010889863915508613
3301,0.00010886089876294136
3302,0.00010882102651521564
3303,0.00010878426110139117
3304,0.00010870333790080622
3305,0.00010860087058972567
3306,0.0001084211835404858
3307,0.00010819658928085119
3308,0.00010788245708681643
3309,0.00010774435213534161
3310,0.00010760909208329394
3311,0.00010751013178378344
3312,0.00010737832053564489
3313,0.00010724827734520659
3314,0.00010710787319112569
3315,0.00010690560156945139
3316,0.00010679359547793865
3317,0.0001066768090822734
3318,0.00010653070057742298
3319,0.00010646204464137554
3320,0.00010618448141030967
3321,0.00010604546696413308
3322,0.00010590078454697505
3323,0.0001057633853633888
3324,0.00010559998918324709
3325,0.00010543482494540513
3326,0.00010512488370295614
3327,0.00010504286910872906
3328,0.00010473301517777145
3329,0.00010455719893798232
3330,0.00010440502956043929
3331,0.00010428642417537048
3332,0.00010417828889330849
3333,0.00010407853551441804
3334,0.00010396161815151572
3335,0.00010387740621808916
3336,0.0001037905240082182
3337,0.00010371223470428959
3338,0.00010359402949688956
3339,0.000103487451269757
3340,0.00010339215805288404
3341,0.00010328869393561035
3342,0.00010332082456443459
3343,0.00010323438618797809
3344,0.00010312730591977015
3345,0.00010306437616236508
3346,0.00010303322778781876
3347,0.00010300368739990517
3348,0.00010303065937478095
3349,0.00010297573317075148
3350,0.00010325550829293206
3351,0.00010293524974258617
3352,0.00010287674376741052
3353,0.00010281301365466788
3354,0.00010285401367582381
3355,0.00010275955719407648
3356,0.00010267698962707072
3357,0.00010254694643663242
3358,0.00010242903954349458
3359,0.00010229270992567763
3360,0.0001021741918521002
3361,0.00010208399180555716
3362,0.00010204272257396951
3363,0.00010199530515819788
3364,0.00010196413495577872
3365,0.00010193677735514939
3366,0.00010191078763455153
3367,0.00010188842134084553
3368,0.00010186527651967481
3369,0.00010183286212850362
3370,0.0001017986360238865
3371,0.00010174613271374255
3372,0.00010167776054004207
3373,0.00010159856174141169
3374,0.00010152984759770334
3375,0.000101488119980786
3376,0.0001014631925499998
3377,0.00010143346298718825
3378,0.00010141624807147309
3379,0.00010139331425307319
3380,0.00010137146455235779
3381,0.00010134738840861246
3382,0.00010132403258467093
3383,0.00010128838766831905
3384,0.00010124842810910195
3385,0.00010124537948286161
3386,0.0001012195207295008
3387,0.00010114834003616124
3388,0.00010103580279974267
3389,0.0001009502011584118
3390,0.00010083896631840616
3391,0.00010071516589960083
3392,0.0001006259917630814
3393,0.00010054364975076169
3394,0.00010046346142189577
3395,0.00010038889740826562
3396,0.00010033883881988004
3397,0.00010027081589214504
3398,0.0001001580385491252
3399,0.0001000435440801084
3400,9.986070654122159e-05
3401,9.974799468182027e-05
3402,9.962912008631974e-05
3403,0.00010010386176872998
3404,9.955156565411016e-05
3405,9.939509618561715e-05
3406,9.926480561261997e-05
3407,9.91799752227962e-05
3408,9.912762470776215e-05
3409,9.905933256959543e-05
3410,9.900525765260682e-05
3411,9.89614927675575e-05
3412,9.889574721455574e-05
3413,9.88237516139634e-05
3414,9.875671094050631e-05
3415,9.869662608252838e-05
3416,9.863726882031187e-05
3417,9.858082921709865e-05
3418,9.850304195424542e-05
3419,9.841538121690974e-05
3420,9.833103831624612e-05
3421,9.823298023547977e-05
3422,9.816572128329426e-05
3423,9.80885888566263e-05
3424,9.804000001167879e-05
3425,9.796370432013646e-05
3426,9.784611756913364e-05
3427,9.777179366210476e-05
3428,9.767289157025516e-05
3429,9.760219836607575e-05
3430,9.746200521476567e-05
3431,9.752312325872481e-05
3432,9.741041867528111e-05
3433,9.72659545368515e-05
3434,9.71406843746081e-05
3435,9.689450962468982e-05
3436,9.662531374488026e-05
3437,9.775416401680559e-05
3438,9.638975461712107e-05
3439,9.603588114259765e-05
3440,9.578796016285196e-05
3441,9.549181413603947e-05
3442,9.521905303699896e-05
3443,9.500367741566151e-05
3444,9.49151290114969e-05
3445,9.482892346568406e-05
3446,9.477796993451193e-05
3447,9.473832324147224e-05
3448,9.470412624068558e-05
3449,9.468573989579454e-05
3450,9.465940820518881e-05
3451,9.462195885134861e-05
3452,9.456722909817472e-05
3453,9.451738878851756e-05
3454,9.446184412809089e-05
3455,9.440987923881039e-05
3456,9.43570485105738e-05
3457,9.429658530279994e-05
3458,9.42386977840215e-05
3459,9.418168338015676e-05
3460,9.408935147803277e-05
3461,9.401927673025057e-05
3462,9.394739026902243e-05
3463,9.394796506967396e-05
3464,9.390994819113985e-05
3465,9.38604207476601e-05
3466,9.383153519593179e-05
3467,9.37945005716756e-05
3468,9.373413922730833e-05
3469,9.367319580633193e-05
3470,9.359842078993097e-05
3471,9.354460780741647e-05
3472,9.350976324640214e-05
3473,9.348082676297054e-05
3474,9.345640137325972e-05
3475,9.341946861241013e-05
3476,9.337793017039075e-05
3477,9.332664194516838e-05
3478,9.326502186013386e-05
3479,9.327672887593508e-05
3480,9.323874110123143e-05
3481,9.319473610958084e-05
3482,9.31510585360229e-05
3483,9.311587928095832e-05
3484,9.307280561188236e-05
3485,9.303256229031831e-05
3486,9.298077202402055e-05
3487,9.29421657929197e-05
3488,9.290578600484878e-05
3489,9.287760622100905e-05
3490,9.285588748753071e-05
3491,9.283005056204274e-05
3492,9.280774247599766e-05
3493,9.27728324313648e-05
3494,9.275434422306716e-05
3495,9.27171713556163e-05
3496,9.269110159948468e-05
3497,9.265688277082518e-05
3498,9.262759704142809e-05
3499,9.261046216124669e-05
3500,9.259184298571199e-05
3501,9.257844067178667e-05
3502,9.256899647880346e-05
3503,9.253786993212998e-05
3504,9.252011659555137e-05
3505,9.248177957488224e-05
3506,9.241575753549114e-05
3507,9.234078606823459e-05
3508,9.227583359461278e-05
3509,9.218392369803041e-05
3510,9.210547432303429e-05
3511,9.203558147419244e-05
3512,9.191703429678455e-05
3513,9.184133523376659e-05
3514,9.168950782623142e-05
3515,9.159016190096736e-05
3516,9.178364416584373e-05
3517,9.151973063126206e-05
3518,9.139879693975672e-05
3519,9.129298996413127e-05
3520,9.119431342696771e-05
3521,9.125675569521263e-05
3522,9.112276165978983e-05
3523,9.103868069360033e-05
3524,9.09758236957714e-05
3525,9.093242260860279e-05
3526,9.090723324334249e-05
3527,9.088143997360021e-05
3528,9.085395868169144e-05
3529,9.08360379980877e-05
3530,9.0807254309766e-05
3531,9.078496077563614e-05
3532,9.076636342797428e-05
3533,9.074557601707056e-05
3534,9.072542161447927e-05
3535,9.06765490071848e-05
3536,9.062630851985887e-05
3537,9.058808063855395e-05
3538,9.056474664248526e-05
3539,9.052882523974404e-05
3540,9.050749213201925e-05
3541,9.047805360751227e-05
3542,9.045636397786438e-05
3543,9.039016731549054e-05
3544,9.035379480337724e-05
3545,9.031189983943477e-05
3546,9.027340274769813e-05
3547,9.023796883411705e-05
3548,9.018531272886321e-05
3549,9.0146015281789e-05
3550,9.012121881823987e-05
3551,9.00964078027755e-05
3552,9.006442996906117e-05
3553,9.002268052427098e-05
3554,8.996391989057884e-05
3555,8.996367250801995e-05
3556,8.994222298497334e-05
3557,8.988706395030022e-05
3558,8.982759027276188e-05
3559,8.98041544132866e-05
3560,8.977046672953293e-05
3561,8.970208727987483e-05
3562,8.965606684796512e-05
3563,8.961636922322214e-05
3564,8.957183308666572e-05
3565,8.952061762101948e-05
3566,8.948560571298003e-05
3567,8.941696432884783e-05
3568,8.938703831518069e-05
3569,8.935484947869554e-05
3570,8.933195931604132e-05
3571,8.931178308557719e-05
3572,8.928948227548972e-05
3573,8.927493763621897e-05
3574,8.926267764763907e-05
3575,8.925163274398074e-05
3576,8.924149733502418e-05
3577,8.922362030716613e-05
3578,8.91973395482637e-05
3579,8.917402010411024e-05
3580,8.914330828702077e-05
3581,8.921308472054079e-05
3582,8.912879275158048e-05
3583,8.909738971851766e-05
3584,8.90681694727391e-05
3585,8.903376146918163e-05
3586,8.897976658772677e-05
3587,8.892302139429376e-05
3588,8.886611612979323e-05
3589,8.878639346221462e-05
3590,8.872893522493541e-05
3591,8.867048018146306e-05
3592,8.862733375281096e-05
3593,8.855952910380438e-05
3594,8.851358143147081e-05
3595,8.845448610372841e-05
3596,8.84159017005004e-05
3597,8.837129280436784e-05
3598,8.832066669128835e-05
3599,8.826876728562638e-05
3600,8.822808013064787e-05
3601,8.819664071779698e-05
3602,8.816071931505576e-05
3603,8.813453314360231e-05
3604,8.808033453533426e-05
3605,8.804273966234177e-05
3606,8.800008799880743e-05
3607,8.797289046924561e-05
3608,8.795166650088504e-05
3609,8.793080633040518e-05
3610,8.791869186097756e-05
3611,8.789853745838627e-05
3612,8.787411934463307e-05
3613,8.78485880093649e-05
3614,8.782510121818632e-05
3615,8.779490599408746e-05
3616,8.77656857483089e-05
3617,8.770452404860407e-05
3618,8.766598330112174e-05
3619,8.764558879192919e-05
3620,8.760653145145625e-05
3621,8.757295290706679e-05
3622,8.755033923080191e-05
3623,8.752752182772383e-05
3624,8.750880078878254e-05
3625,8.748078107601032e-05
3626,8.745099330553785e-05
3627,8.741472265683115e-05
3628,8.783763769315556e-05
3629,8.741099736653268e-05
3630,8.737836469663307e-05
3631,8.733937283977866e-05
3632,8.729031105758622e-05
3633,8.72532618814148e-05
3634,8.721657650312409e-05
3635,8.718153549125418e-05
3636,8.709311077836901e-05
3637,8.704492211109027e-05
3638,8.699057798366994e-05
3639,8.695747965248302e-05
3640,8.694215648574755e-05
3641,8.692019036971033e-05
3642,8.690582035342231e-05
3643,8.687873923918232e-05
3644,8.686040382599458e-05
3645,8.68464121595025e-05
3646,8.683408668730408e-05
3647,8.682366024004295e-05
3648,8.679412712808698e-05
3649,8.677411824464798e-05
3650,8.679200254846364e-05
3651,8.676677680341527e-05
3652,8.674830314703286e-05
3653,8.67391936480999e-05
3654,8.672591502545401e-05
3655,8.67138514877297e-05
3656,8.669595263199881e-05
3657,8.671791147207841e-05
3658,8.667931251693517e-05
3659,8.666414942126721e-05
3660,8.663311746204272e-05
3661,8.661804167786613e-05
3662,8.660567254992202e-05
3663,8.657888974994421e-05
3664,8.65613401401788e-05
3665,8.65401525516063e-05
3666,8.650661766296253e-05
3667,8.64499161252752e-05
3668,8.640066516818479e-05
3669,8.63329551066272e-05
3670,8.626921771792695e-05
3671,8.619348955107853e-05
3672,8.612968667875975e-05
3673,8.605998300481588e-05
3674,8.603882452007383e-05
3675,8.597897976869717e-05
3676,8.591932419221848e-05
3677,8.587859338149428e-05
3678,8.580572466598824e-05
3679,8.57391714816913e-05
3680,8.56782789924182e-05
3681,8.565132884541526e-05
3682,8.560417336411774e-05
3683,8.554861415177584e-05
3684,8.551008795620874e-05
3685,8.547754987375811e-05
3686,8.546160097466782e-05
3687,8.544341835658997e-05
3688,8.543443982489407e-05
3689,8.542100113118067e-05
3690,8.54126556077972e-05
3691,8.540133421774954e-05
3692,8.539338159607723e-05
3693,8.537390385754406e-05
3694,8.535297820344567e-05
3695,8.53214442031458e-05
3696,8.52971788845025e-05
3697,8.524188888259232e-05
3698,8.520690607838333e-05
3699,8.51735967444256e-05
3700,8.515604713466018e-05
3701,8.513684588251635e-05
3702,8.511556370649487e-05
3703,8.510652696713805e-05
3704,8.50927026476711e-05
3705,8.50778233143501e-05
3706,8.506669837515801e-05
3707,8.505840378347784e-05
3708,8.504583820467815e-05
3709,8.502403943566605e-05
3710,8.500945114064962e-05
3711,8.49903080961667e-05
3712,8.497603266732767e-05
3713,8.494595385855064e-05
3714,8.490557956974953e-05
3715,8.485493890475482e-05
3716,8.480501128360629e-05
3717,8.475340291624889e-05
3718,8.473033085465431e-05
3719,8.467840234516189e-05
3720,8.465251448797062e-05
3721,8.459350647171959e-05
3722,8.454947965219617e-05
3723,8.45111208036542e-05
3724,8.448199514532462e-05
3725,8.443684782832861e-05
3726,8.441325917374343e-05
3727,8.437878568656743e-05
3728,8.435813651885837e-05
3729,8.431867900071666e-05
3730,8.429675654042512e-05
3731,8.423593681072816e-05
3732,8.419295045314357e-05
3733,8.415745833190158e-05
3734,8.414575131610036e-05
3735,8.413670730078593e-05
3736,8.411097223870456e-05
3737,8.410235750488937e-05
3738,8.408553549088538e-05
3739,8.407350833294913e-05
3740,8.406017877859995e-05
3741,8.403931860812008e-05
3742,8.401051309192553e-05
3743,8.39949498185888e-05
3744,8.397091733058915e-05
3745,8.394440374104306e-05
3746,8.391374285565689e-05
3747,8.385497494600713e-05
3748,8.381423685932532e-05
3749,8.376905316254124e-05
3750,8.373828313779086e-05
3751,8.368752605747432e-05
3752,8.364875975530595e-05
3753,8.361991785932332e-05
3754,8.359443745575845e-05
3755,8.355206955457106e-05
3756,8.349395648110658e-05
3757,8.344428351847455e-05
3758,8.345248352270573e-05
3759,8.342483488377184e-05
3760,8.338801853824407e-05
3761,8.335151505889371e-05
3762,8.332935976795852e-05
3763,8.329396223416552e-05
3764,8.327931573148817e-05
3765,8.326623355969787e-05
3766,8.32586083561182e-05
3767,8.324415830429643e-05
3768,8.32281875773333e-05
3769,8.3222083048895e-05
3770,8.320948836626485e-05
3771,8.320487540913746e-05
3772,8.318809705087915e-05
3773,8.317518222611398e-05
3774,8.315480954479426e-05
3775,8.313147554872558e-05
3776,8.3098653703928e-05
3777,8.307884127134457e-05
3778,8.30609496915713e-05
3779,8.304377115564421e-05
3780,8.302727655973285e-05
3781,8.299847831949592e-05
3782,8.298486500279978e-05
3783,8.297448948724195e-05
3784,8.296176383737475e-05
3785,8.294638973893598e-05
3786,8.29287018859759e-05
3787,8.291294943774119e-05
3788,8.289620745927095e-05
3789,8.288373646792024e-05
3790,8.287138916784897e-05
3791,8.286741649499163e-05
3792,8.286490628961474e-05
3793,8.284940122393891e-05
3794,8.283529314212501e-05
3795,8.283749775728211e-05
3796,8.283269562525675e-05
3797,8.281117334263399e-05
3798,8.280033944174647e-05
3799,8.278350287582725e-05
3800,8.277303277282044e-05
3801,8.276467269752175e-05
3802,8.27513649710454e-05
3803,8.274451101897284e-05
3804,8.273498679045588e-05
3805,8.271860860986635e-05
3806,8.271451952168718e-05
3807,8.270084799733013e-05
3808,8.268172678072006e-05
3809,8.26652321848087e-05
3810,8.264121424872428e-05
3811,8.263908239314333e-05
3812,8.260412141680717e-05
3813,8.2595412095543e-05
3814,8.256960427388549e-05
3815,8.253943087765947e-05
3816,8.250690007116646e-05
3817,8.248615631600842e-05
3818,8.246827201219276e-05
3819,8.24684466351755e-05
3820,8.246855577453971e-05
3821,8.246480138041079e-05
3822,8.245185745181516e-05
3823,8.243309275712818e-05
3824,8.24115049908869e-05
3825,8.238889131462201e-05
3826,8.237431029556319e-05
3827,8.236519352067262e-05
3828,8.235169661929831e-05
3829,8.23353766463697e-05
3830,8.231258107116446e-05
3831,8.228082879213616e-05
3832,8.224946213886142e-05
3833,8.222061296692118e-05
3834,8.220693416660652e-05
3835,8.218728908104822e-05
3836,8.217541471822187e-05
3837,8.216099377023056e-05
3838,8.215786510845646e-05
3839,8.21477806312032e-05
3840,8.213512774091214e-05
3841,8.21243884274736e-05
3842,8.211674867197871e-05
3843,8.210374653572217e-05
3844,8.20864224806428e-05
3845,8.206756319850683e-05
3846,8.20582135929726e-05
3847,8.203031757147983e-05
3848,8.198800060199574e-05
3849,8.196447743102908e-05
3850,8.19359629531391e-05
3851,8.191957749659196e-05
3852,8.191102824639529e-05
3853,8.189101208699867e-05
3854,8.186338527593762e-05
3855,8.181502926163375e-05
3856,8.174910180969164e-05
3857,8.168262138497084e-05
3858,8.168477506842464e-05
3859,8.164309110725299e-05
3860,8.159475692082196e-05
3861,8.170416549546644e-05
3862,8.15753301139921e-05
3863,8.154253009706736e-05
3864,8.150572830345482e-05
3865,8.146260370267555e-05
3866,8.14530358184129e-05
3867,8.141644502757117e-05
3868,8.137943223118782e-05
3869,8.136795077007264e-05
3870,8.132285438477993e-05
3871,8.129806519718841e-05
3872,8.126468310365453e-05
3873,8.120432175928727e-05
3874,8.118367986753583e-05
3875,8.115728996926919e-05
3876,8.113958028843626e-05
3877,8.111701026791707e-05
3878,8.109285408863798e-05
3879,8.106806490104645e-05
3880,8.104958396870643e-05
3881,8.102503488771617e-05
3882,8.099399565253407e-05
3883,8.095600787783042e-05
3884,8.09297853265889e-05
3885,8.091498602880165e-05
3886,8.090173650998622e-05
3887,8.089154289336875e-05
3888,8.088273898465559e-05
3889,8.087295282166451e-05
3890,8.086144953267649e-05
3891,8.085388981271535e-05
3892,8.084173896349967e-05
3893,8.083310967776924e-05
3894,8.08267286629416e-05
3895,8.081568375928327e-05
3896,8.080998668447137e-05
3897,8.080052066361532e-05
3898,8.07914839242585e-05
3899,8.086314483080059e-05
3900,8.078126120381057e-05
3901,8.078244718490168e-05
3902,8.077212260104716e-05
3903,8.075610094238073e-05
3904,8.073092612903565e-05
3905,8.071459888014942e-05
3906,8.069457544479519e-05
3907,8.069609611993656e-05
3908,8.068617171375081e-05
3909,8.066908048931509e-05
3910,8.066074224188924e-05
3911,8.063968562055379e-05
3912,8.061705739237368e-05
3913,8.059505489654839e-05
3914,8.058131788857281e-05
3915,8.055322541622445e-05
3916,8.053272176766768e-05
3917,8.051285840338096e-05
3918,8.049049210967496e-05
3919,8.048331073950976e-05
3920,8.047641313169152e-05
3921,8.046807488426566e-05
3922,8.045363938435912e-05
3923,8.043761772569269e-05
3924,8.041548426263034e-05
3925,8.039653766900301e-05
3926,8.037902443902567e-05
3927,8.03735529188998e-05
3928,8.034391066757962e-05
3929,8.03273796918802e-05
3930,8.029401942621917e-05
3931,8.026585419429466e-05
3932,8.023889677133411e-05
3933,8.020378299988806e-05
3934,8.017853542696685e-05
3935,8.019003871595487e-05
3936,8.015536877792329e-05
3937,8.012320176931098e-05
3938,8.008999429875985e-05
3939,8.005175914149731e-05
3940,8.003725815797225e-05
3941,8.00398483988829e-05
3942,8.00218476797454e-05
3943,8.000463276403025e-05
3944,7.99802437541075e-05
3945,7.996113708941266e-05
3946,7.994423503987491e-05
3947,7.994008774403483e-05
3948,7.993436156539246e-05
3949,7.992646715138108e-05
3950,7.991220627445728e-05
3951,7.989747246028855e-05
3952,7.987445860635489e-05
3953,7.984577678143978e-05
3954,7.979900692589581e-05
3955,7.976853521540761e-05
3956,7.973424362717196e-05
3957,7.9706049291417e-05
3958,7.966291013872251e-05
3959,7.964029646245763e-05
3960,7.959214417496696e-05
3961,7.954232569318265e-05
3962,7.950571307446808e-05
3963,7.946693949634209e-05
3964,7.941632065922022e-05
3965,7.935283065307885e-05
3966,7.930692663649097e-05
3967,7.930828724056482e-05
3968,7.924687815830112e-05
3969,7.92568243923597e-05
3970,7.919866766314954e-05
3971,7.913356967037544e-05
3972,7.908156840130687e-05
3973,7.904619269538671e-05
3974,7.902369543444365e-05
3975,7.90065314504318e-05
3976,7.895982707850635e-05
3977,7.892669236753136e-05
3978,7.888722029747441e-05
3979,7.88473553257063e-05
3980,7.882562931627035e-05
3981,7.880199700593948e-05
3982,7.877403550082818e-05
3983,7.874210859881714e-05
3984,7.871600246289745e-05
3985,7.867729436839e-05
3986,7.86430828156881e-05
3987,7.860305049689487e-05
3988,7.856886804802343e-05
3989,7.852772250771523e-05
3990,7.850724796298891e-05
3991,7.848141831345856e-05
3992,7.844716310501099e-05
3993,7.841379556339234e-05
3994,7.837449084036052e-05
3995,7.837332668714225e-05
3996,7.834679126972333e-05
3997,7.832823030184954e-05
3998,7.831275434000418e-05
3999,7.831420953152701e-05
4000,7.830058893887326e-05
4001,7.828566594980657e-05
4002,7.827702211216092e-05
4003,7.826177898095921e-05
4004,7.827163790352643e-05
4005,7.825755892554298e-05
4006,7.824403292033821e-05
4007,7.8238794230856e-05
4008,7.822761835996062e-05
4009,7.821677718311548e-05
4010,7.820162863936275e-05
4011,7.818322046659887e-05
4012,7.816113065928221e-05
4013,7.814078708179295e-05
4014,7.809971430106089e-05
4015,7.808020018273965e-05
4016,7.805517816450447e-05
4017,7.803574408171698e-05
4018,7.801395986462012e-05
4019,7.800362800480798e-05
4020,7.797209400450811e-05
4021,7.794814155204222e-05
4022,7.793295662850142e-05
4023,7.792059477651492e-05
4024,7.790902600390837e-05
4025,7.789872324792668e-05
4026,7.78887770138681e-05
4027,7.788129732944071e-05
4028,7.787291542626917e-05
4029,7.785885827615857e-05
4030,7.78459434513934e-05
4031,7.783633918734267e-05
4032,7.781334716128185e-05
4033,7.77958266553469e-05
4034,7.778395229252055e-05
4035,7.776708662277088e-05
4036,7.774705591145903e-05
4037,7.773700053803623e-05
4038,7.770883530611172e-05
4039,7.768780051264912e-05
4040,7.765342888887972e-05
4041,7.761067536193877e-05
4042,7.754555554129183e-05
4043,7.751006342004985e-05
4044,7.750688382657245e-05
4045,7.748422649456188e-05
4046,7.745755283394828e-05
4047,7.745563925709575e-05
4048,7.743251626379788e-05
4049,7.74003638071008e-05
4050,7.735793042229488e-05
4051,7.73440333432518e-05
4052,7.731647929176688e-05
4053,7.726982585154474e-05
4054,7.723925227764994e-05
4055,7.721172732999548e-05
4056,7.718738197581843e-05
4057,7.715969695709646e-05
4058,7.713207742199302e-05
4059,7.711703074164689e-05
4060,7.708981138421223e-05
4061,7.706756150582805e-05
4062,7.704679592279717e-05
4063,7.702143921051174e-05
4064,7.699707930441946e-05
4065,7.696638931520283e-05
4066,7.691730570513755e-05
4067,7.689498306717724e-05
4068,7.684281445108354e-05
4069,7.681099668843672e-05
4070,7.676453969907016e-05
4071,7.673560321563855e-05
4072,7.67007950344123e-05
4073,7.665187149541453e-05
4074,7.658239337615669e-05
4075,7.654749788343906e-05
4076,7.653801731066778e-05
4077,7.646674930583686e-05
4078,7.643112621735781e-05
4079,7.640609692316502e-05
4080,7.636502414243296e-05
4081,7.633941277163103e-05
4082,7.632019696757197e-05
4083,7.628991443198174e-05
4084,7.625552825629711e-05
4085,7.621620898135006e-05
4086,7.618563540745527e-05
4087,7.617233495693654e-05
4088,7.61503106332384e-05
4089,7.617576920893043e-05
4090,7.614403875777498e-05
4091,7.61333285481669e-05
4092,7.61255796533078e-05
4093,7.61162955313921e-05
4094,7.610688771819696e-05
4095,7.609731255797669e-05
4096,7.60774637456052e-05
4097,7.605751306982711e-05
4098,7.604472193634138e-05
4099,7.602363621117547e-05
4100,7.600855315104127e-05
4101,7.601177640026435e-05
4102,7.600326352985576e-05
4103,7.598842785228044e-05
4104,7.597915100632235e-05
4105,7.599352829856798e-05
4106,7.595519855385646e-05
4107,7.594282214995474e-05
4108,7.592540350742638e-05
4109,7.590613677166402e-05
4110,7.588397420477122e-05
4111,7.587009167764336e-05
4112,7.585676939925179e-05
4113,7.582461694255471e-05
4114,7.579745579278097e-05
4115,7.576870120828971e-05
4116,7.574840856250376e-05
4117,7.57378147682175e-05
4118,7.572172762593254e-05
4119,7.570937304990366e-05
4120,7.569254375994205e-05
4121,7.56742010707967e-05
4122,7.565232954220846e-05
4123,7.563897815998644e-05
4124,7.562390237580985e-05
4125,7.560937956441194e-05
4126,7.559337245766073e-05
4127,7.556708442280069e-05
4128,7.554489275207743e-05
4129,7.552427996415645e-05
4130,7.684982847422361e-05
4131,7.551736780442297e-05
4132,7.550050941063091e-05
4133,7.548218127340078e-05
4134,7.546418783022091e-05
4135,7.54420761950314e-05
4136,7.540882506873459e-05
4137,7.537195779150352e-05
4138,7.531826122431085e-05
4139,7.525814726250246e-05
4140,7.523126259911805e-05
4141,7.517696940340102e-05
4142,7.514784374507144e-05
4143,7.507234113290906e-05
4144,7.501764775952324e-05
4145,7.494322926504537e-05
4146,7.483793888241053e-05
4147,7.477138569811359e-05
4148,7.474406447727233e-05
4149,7.469401316484436e-05
4150,7.463767542503774e-05
4151,7.46068762964569e-05
4152,7.456763705704361e-05
4153,7.45166908018291e-05
4154,7.447149255312979e-05
4155,7.444192306138575e-05
4156,7.44221979402937e-05
4157,7.440489571308717e-05
4158,7.437783642672002e-05
4159,7.434772851411253e-05
4160,7.431997801177204e-05
4161,7.428448589053005e-05
4162,7.425398507621139e-05
4163,7.423519855365157e-05
4164,7.421826012432575e-05
4165,7.42045376682654e-05
4166,7.418326276820153e-05
4167,7.415426807710901e-05
4168,7.411567639792338e-05
4169,7.409092359011993e-05
4170,7.406342047033831e-05
4171,7.404318603221327e-05
4172,7.401133916573599e-05
4173,7.397412991849706e-05
4174,7.393590203719214e-05
4175,7.39080278435722e-05
4176,7.387742516584694e-05
4177,7.385519711533561e-05
4178,7.38278467906639e-05
4179,7.380577881122008e-05
4180,7.378540612990037e-05
4181,7.37679802114144e-05
4182,7.373379776254296e-05
4183,7.369984814431518e-05
4184,7.366757927229628e-05
4185,7.363159238593653e-05
4186,7.358658331213519e-05
4187,7.353915134444833e-05
4188,7.351962267421186e-05
4189,7.34979985281825e-05
4190,7.348320650635287e-05
4191,7.345589256146923e-05
4192,7.343650213442743e-05
4193,7.340640149777755e-05
4194,7.337463466683403e-05
4195,7.334665133384988e-05
4196,7.332184759434313e-05
4197,7.328573701670393e-05
4198,7.326742343138903e-05
4199,7.32419139239937e-05
4200,7.32219050405547e-05
4201,7.319408177863806e-05
4202,7.316013216041028e-05
4203,7.311583613045514e-05
4204,7.311077933991328e-05
4205,7.308871136046946e-05
4206,7.305840699700639e-05
4207,7.300628931261599e-05
4208,7.294824899872765e-05
4209,7.289531640708447e-05
4210,7.283737795660272e-05
4211,7.274946256075054e-05
4212,7.26863436284475e-05
4213,7.261380960699171e-05
4214,7.256642129505053e-05
4215,7.25093123037368e-05
4216,7.247855683090165e-05
4217,7.242431456688792e-05
4218,7.237687532324344e-05
4219,7.233074575196952e-05
4220,7.228786125779152e-05
4221,7.224424189189449e-05
4222,7.21944888937287e-05
4223,7.215640653157607e-05
4224,7.211716729216278e-05
4225,7.207630551420152e-05
4226,7.20056559657678e-05
4227,7.193960482254624e-05
4228,7.18498631613329e-05
4229,7.201187690952793e-05
4230,7.181196997407824e-05
4231,7.180424290709198e-05
4232,7.175637438194826e-05
4233,7.172240293584764e-05
4234,7.162382098613307e-05
4235,7.156105129979551e-05
4236,7.143866969272494e-05
4237,7.131321035558358e-05
4238,7.127060962375253e-05
4239,7.122239912860096e-05
4240,7.120089867385104e-05
4241,7.116672350093722e-05
4242,7.114704931154847e-05
4243,7.111254672054201e-05
4244,7.107767305569723e-05
4245,7.102077506715432e-05
4246,7.097912748577073e-05
4247,7.095432374626398e-05
4248,7.089540304150432e-05
4249,7.086832192726433e-05
4250,7.082734373398125e-05
4251,7.080113573465496e-05
4252,7.079034548951313e-05
4253,7.077508053043857e-05
4254,7.076243491610512e-05
4255,7.074676250340417e-05
4256,7.074102177284658e-05
4257,7.090481085469946e-05
4258,7.073378219502047e-05
4259,7.074222958181053e-05
4260,7.072193693602458e-05
4261,7.071258005453274e-05
4262,7.069369894452393e-05
4263,7.067281694617122e-05
4264,7.064466626616195e-05
4265,7.061567157506943e-05
4266,7.059224299155176e-05
4267,7.057360198814422e-05
4268,7.055099558783695e-05
4269,7.05284473951906e-05
4270,7.050920248730108e-05
4271,7.04974154359661e-05
4272,7.048311817925423e-05
4273,7.046938117127866e-05
4274,7.044763333396986e-05
4275,7.04323683748953e-05
4276,7.040978380246088e-05
4277,7.039626507321373e-05
4278,7.037219620542601e-05
4279,7.036099850665778e-05
4280,7.034478767309338e-05
4281,7.032436406007037e-05
4282,7.030848792055622e-05
4283,7.02935503795743e-05
4284,7.028017716947943e-05
4285,7.027560059214011e-05
4286,7.026638195384294e-05
4287,7.025614468147978e-05
4288,7.023836224107072e-05
4289,7.022558565950021e-05
4290,7.021030614851043e-05
4291,7.019159966148436e-05
4292,7.017877942416817e-05
4293,7.016368181211874e-05
4294,7.015441951807588e-05
4295,7.014056609477848e-05
4296,7.012717833276838e-05
4297,7.010943227214739e-05
4298,7.008214015513659e-05
4299,7.005764200584963e-05
4300,7.002684287726879e-05
4301,6.99988886481151e-05
4302,6.996018055360764e-05
4303,6.995771400397643e-05
4304,6.992216367507353e-05
4305,6.988640961935744e-05
4306,6.984767242101952e-05
4307,6.976399890845641e-05
4308,6.969898095121607e-05
4309,7.003521750448272e-05
4310,6.964381464058533e-05
4311,6.961489998502657e-05
4312,6.955972639843822e-05
4313,6.952857074793428e-05
4314,6.951052637305111e-05
4315,6.948136433493346e-05
4316,6.945751374587417e-05
4317,6.943308835616335e-05
4318,6.940415187273175e-05
4319,6.936621502973139e-05
4320,6.938939623069018e-05
4321,6.933572876732796e-05
4322,6.930068047950044e-05
4323,6.927504728082567e-05
4324,6.924400076968595e-05
4325,6.922959437360987e-05
4326,6.921470048837364e-05
4327,6.919601582922041e-05
4328,6.918768485775217e-05
4329,6.916817801538855e-05
4330,6.912550452398136e-05
4331,6.907984788995236e-05
4332,6.904147448949516e-05
4333,6.899974687257782e-05
4334,6.89522858010605e-05
4335,6.889223004691303e-05
4336,6.886738265166059e-05
4337,6.883378227939829e-05
4338,6.88071086187847e-05
4339,6.876989937154576e-05
4340,6.87436040607281e-05
4341,6.871781806694344e-05
4342,6.87045612721704e-05
4343,6.868992932140827e-05
4344,6.867244519526139e-05
4345,6.865022442070767e-05
4346,6.862158625153825e-05
4347,6.861721340101212e-05
4348,6.857514381408691e-05
4349,6.855303945485502e-05
4350,6.85172708472237e-05
4351,6.845575262559578e-05
4352,6.8416164140217e-05
4353,6.837175169494003e-05
4354,6.834735540905967e-05
4355,6.830594065831974e-05
4356,6.828530604252592e-05
4357,6.826187018305063e-05
4358,6.823842704761773e-05
4359,6.821632268838584e-05
4360,6.817097892053425e-05
4361,6.814134394517168e-05
4362,6.812424544477835e-05
4363,6.809786282246932e-05
4364,6.808032048866153e-05
4365,6.804915756219998e-05
4366,6.801859854022041e-05
4367,6.798226968385279e-05
4368,6.794487126171589e-05
4369,6.79017321090214e-05
4370,6.787815073039383e-05
4371,6.785134610254318e-05
4372,6.782689888495952e-05
4373,6.779081741115078e-05
4374,6.773769564460963e-05
4375,6.767134618712589e-05
4376,6.760289397789165e-05
4377,6.758225208614022e-05
4378,6.755180220352486e-05
4379,6.752088665962219e-05
4380,6.75051414873451e-05
4381,6.747983570676297e-05
4382,6.74440452712588e-05
4383,6.74210095894523e-05
4384,6.740031676599756e-05
4385,6.738051888532937e-05
4386,6.736713839927688e-05
4387,6.735132774338126e-05
4388,6.734029739163816e-05
4389,6.73279064358212e-05
4390,6.731229223078117e-05
4391,6.729424057994038e-05
4392,6.727606523782015e-05
4393,6.725014100084081e-05
4394,6.721795216435567e-05
4395,6.719525845255703e-05
4396,6.716875213896856e-05
4397,6.714689516229555e-05
4398,6.71118832542561e-05
4399,6.707994907628745e-05
4400,6.705638952553272e-05
4401,6.703374674543738e-05
4402,6.700398080283776e-05
4403,6.695924821542576e-05
4404,6.69141736580059e-05
4405,6.688969733659178e-05
4406,6.687585118925199e-05
4407,6.68537468300201e-05
4408,6.68294305796735e-05
4409,6.680276419501752e-05
4410,6.678527279291302e-05
4411,6.676677730865777e-05
4412,6.674208270851523e-05
4413,6.67062122374773e-05
4414,6.665123510174453e-05
4415,6.657278572674841e-05
4416,6.657479389104992e-05
4417,6.653397576883435e-05
4418,6.649004353675991e-05
4419,6.644050881732255e-05
4420,6.638032937189564e-05
4421,6.630628922721371e-05
4422,6.623216904699802e-05
4423,6.615123857045546e-05
4424,6.610576383536682e-05
4425,6.605383532587439e-05
4426,6.602481880690902e-05
4427,6.598273466806859e-05
4428,6.596549064852297e-05
4429,6.594506703549996e-05
4430,6.59066645312123e-05
4431,6.587198004126549e-05
4432,6.583298818441108e-05
4433,6.580477929674089e-05
4434,6.577654130524024e-05
4435,6.573736027348787e-05
4436,6.570073310285807e-05
4437,6.564656359842047e-05
4438,6.55837866361253e-05
4439,6.553527782671154e-05
4440,6.547594239236787e-05
4441,6.544189091073349e-05
4442,6.536661385325715e-05
4443,6.527658842969686e-05
4444,6.514652341138572e-05
4445,6.505643978016451e-05
4446,6.496885907836258e-05
4447,6.529618258355185e-05
4448,6.491559906862676e-05
4449,6.488498183898628e-05
4450,6.482371099991724e-05
4451,6.47551059955731e-05
4452,6.468637729994953e-05
4453,6.460295844590291e-05
4454,6.453288369812071e-05
4455,6.445227336371318e-05
4456,6.43812891212292e-05
4457,6.441651203203946e-05
4458,6.434572424041107e-05
4459,6.430158100556582e-05
4460,6.424025195883587e-05
4461,6.419005512725562e-05
4462,6.413192750187591e-05
4463,6.407718319678679e-05
4464,6.403616134775802e-05
4465,6.400247366400436e-05
4466,6.394922093022615e-05
4467,6.389427289832383e-05
4468,6.385274900821969e-05
4469,6.381550338119268e-05
4470,6.376776582328603e-05
4471,6.372648931574076e-05
4472,6.367032619891688e-05
4473,6.361837586155161e-05
4474,6.356398080242798e-05
4475,6.352747732307762e-05
4476,6.347132875816897e-05
4477,6.343072163872421e-05
4478,6.33742383797653e-05
4479,6.328284507617354e-05
4480,6.324603600660339e-05
4481,6.31975126452744e-05
4482,6.31075818091631e-05
4483,6.303180998656899e-05
4484,6.297448999248445e-05
4485,6.28003035672009e-05
4486,6.266587297432125e-05
4487,6.255324115045369e-05
4488,6.237658817553893e-05
4489,6.230509461602196e-05
4490,6.210328865563497e-05
4491,6.198218034114689e-05
4492,6.185751408338547e-05
4493,6.161296187201515e-05
4494,6.140976620372385e-05
4495,6.121719343354926e-05
4496,6.104288331698626e-05
4497,6.094006312196143e-05
4498,6.083486005081795e-05
4499,6.083507832954638e-05
4500,6.073094846215099e-05
4501,6.0677615692839026e-05
4502,6.060807572794147e-05
4503,6.0507696616696194e-05
4504,6.0420858062570915e-05
4505,6.0271362599451095e-05
4506,6.013363235979341e-05
4507,6.014882092131302e-05
4508,6.0027461586287245e-05
4509,5.9928366681560874e-05
4510,5.975686144665815e-05
4511,5.962177601759322e-05
4512,5.951393904979341e-05
4513,5.94301127421204e-05
4514,5.930667248321697e-05
4515,5.924542710999958e-05
4516,5.91821335547138e-05
4517,5.913020868320018e-05
4518,5.9060501371277496e-05
4519,5.8988774981116876e-05
4520,5.8897010603686795e-05
4521,5.879743184777908e-05
4522,5.87222384638153e-05
4523,5.86396963626612e-05
4524,5.8578982134349644e-05
4525,5.8536250435281545e-05
4526,5.8499259466771036e-05
4527,5.84599474677816e-05
4528,5.8409132179804146e-05
4529,5.83622204430867e-05
4530,5.8333134802524e-05
4531,5.830186637467705e-05
4532,5.8268658904125914e-05
4533,5.9042202337877825e-05
4534,5.826171764056198e-05
4535,5.823203900945373e-05
4536,5.8197754697175696e-05
4537,5.8169986004941165e-05
4538,5.813740790472366e-05
4539,5.810058064525947e-05
4540,5.806066110380925e-05
4541,5.800401413580403e-05
4542,5.796346522402018e-05
4543,5.791592411696911e-05
4544,5.78906801820267e-05
4545,5.786645851912908e-05
4546,5.7851255405694246e-05
4547,5.7839224609779194e-05
4548,5.7833593018585816e-05
4549,5.782396692666225e-05
4550,5.780876745120622e-05
4551,5.778019840363413e-05
4552,5.7747583923628554e-05
4553,5.7728993851924315e-05
4554,5.771101496065967e-05
4555,5.770008283434436e-05
4556,5.768077608081512e-05
4557,5.766586400568485e-05
4558,5.765154855907895e-05
4559,5.7640441809780896e-05
4560,5.763212902820669e-05
4561,5.762584260082804e-05
4562,5.7618977734819055e-05
4563,5.760600106441416e-05
4564,5.7595385442255065e-05
4565,5.758825136581436e-05
4566,5.756699465564452e-05
4567,5.754288213211112e-05
4568,5.751040953327902e-05
4569,5.749531555920839e-05
4570,5.7478937378618866e-05
4571,5.7466255384497344e-05
4572,5.745482485508546e-05
4573,5.744443478761241e-05
4574,5.7434182963334024e-05
4575,5.743536530644633e-05
4576,5.743121073464863e-05
4577,5.742036228184588e-05
4578,5.741222048527561e-05
4579,5.740461710956879e-05
4580,5.739731204812415e-05
4581,5.739474727306515e-05
4582,5.7388948334846646e-05
4583,5.738195977755822e-05
4584,5.7370860304217786e-05
4585,5.735995728173293e-05
4586,5.734757360187359e-05
4587,5.7327255490235984e-05
4588,5.730113844037987e-05
4589,5.726638846681453e-05
4590,5.7243771152570844e-05
4591,5.722085552406497e-05
4592,5.720600893255323e-05
4593,5.7198249123757705e-05
4594,5.718346801586449e-05
4595,5.717199019272812e-05
4596,5.714712096960284e-05
4597,5.7121869758702815e-05
4598,5.711972698918544e-05
4599,5.710891855414957e-05
4600,5.709167817258276e-05
4601,5.70690754102543e-05
4602,5.705327930627391e-05
4603,5.7040022511500865e-05
4604,5.703317583538592e-05
4605,5.70254705962725e-05
4606,5.701751433662139e-05
4607,5.7005800044862553e-05
4608,5.7041597756324336e-05
4609,5.699757093680091e-05
4610,5.697225788026117e-05
4611,5.6941596994875e-05
4612,5.691904516424984e-05
4613,5.6998182117240503e-05
4614,5.689853787771426e-05
4615,5.687480006599799e-05
4616,5.683857307303697e-05
4617,5.6798475270625204e-05
4618,5.676468936144374e-05
4619,5.6722117733443156e-05
4620,5.670056270901114e-05
4621,5.6785989727359265e-05
4622,5.669009988196194e-05
4623,5.666933429893106e-05
4624,5.66523740417324e-05
4625,5.661932300426997e-05
4626,5.6597327784402296e-05
4627,5.658269583364017e-05
4628,5.654337292071432e-05
4629,5.651711762766354e-05
4630,5.6496442994102836e-05
4631,5.6459492043359205e-05
4632,5.644373595714569e-05
4633,5.6431261327816173e-05
4634,5.6409906392218545e-05
4635,5.6402863265248016e-05
4636,5.6392069382127374e-05
4637,5.638221773551777e-05
4638,5.6371914979536086e-05
4639,5.636245623463765e-05
4640,5.635403795167804e-05
4641,5.6336029956582934e-05
4642,5.6324006436625496e-05
4643,5.630637315334752e-05
4644,5.628196959150955e-05
4645,5.624998084385879e-05
4646,5.623257675324567e-05
4647,5.621802847599611e-05
4648,5.620710362563841e-05
4649,5.619101648335345e-05
4650,5.617994975182228e-05
4651,5.617594069917686e-05
4652,5.616094495053403e-05
4653,5.6148655858123675e-05
4654,5.613419853034429e-05
4655,5.612037057289854e-05
4656,5.6105411204043776e-05
4657,5.608870924334042e-05
4658,5.607990897260606e-05
4659,5.607078492175788e-05
4660,5.606579361483455e-05
4661,5.6056287576211616e-05
4662,5.6051772844512016e-05
4663,5.6039290939224884e-05
4664,5.602543751592748e-05
4665,5.601112570730038e-05
4666,5.5998985772021115e-05
4667,5.5977434385567904e-05
4668,5.5957829317776486e-05
4669,5.593975220108405e-05
4670,5.5927295761648566e-05
4671,5.591154331341386e-05
4672,5.589640204561874e-05
4673,5.588239218923263e-05
4674,5.585814142250456e-05
4675,5.584782047662884e-05
4676,5.583536403719336e-05
4677,5.582740777754225e-05
4678,5.581694858847186e-05
4679,5.5809072364354506e-05
4680,5.5801592679927126e-05
4681,5.5795939260860905e-05
4682,5.579305798164569e-05
4683,5.580698780249804e-05
4684,5.578333730227314e-05
4685,5.576558396569453e-05
4686,5.5748678278177977e-05
4687,5.572833833866753e-05
4688,5.570759458350949e-05
4689,5.5691063607810065e-05
4690,5.566708932747133e-05
4691,5.5649947171332315e-05
4692,5.56357299501542e-05
4693,5.562124715652317e-05
4694,5.560101635637693e-05
4695,5.5580883781658486e-05
4696,5.556411997531541e-05
4697,5.5541604524478316e-05
4698,5.5524920753668994e-05
4699,5.551238064072095e-05
4700,5.550136847887188e-05
4701,5.549051638809033e-05
4702,5.547868931898847e-05
4703,5.546520696952939e-05
4704,5.545558451558463e-05
4705,5.544233863474801e-05
4706,5.543149381992407e-05
4707,5.541534483199939e-05
4708,5.541058999369852e-05
4709,5.5392938520526513e-05
4710,5.5383403378073126e-05
4711,5.536325988941826e-05
4712,5.533713920158334e-05
4713,5.531035640160553e-05
4714,5.528170004254207e-05
4715,5.52687888557557e-05
4716,5.5248758144443855e-05
4717,5.523111394722946e-05
4718,5.521053753909655e-05
4719,5.519542173715308e-05
4720,5.5179581977427006e-05
4721,5.5170177802210674e-05
4722,5.516046076081693e-05
4723,5.515376687981188e-05
4724,5.5146920203696936e-05
4725,5.51364355487749e-05
4726,5.51251505385153e-05
4727,5.511213748832233e-05
4728,5.5095235438784584e-05
4729,5.507964306161739e-05
4730,5.506320667336695e-05
4731,5.50396362086758e-05
4732,5.5009597417665645e-05
4733,5.4995976825011894e-05
4734,5.496123412740417e-05
4735,5.4930154874455184e-05
4736,5.4885847930563614e-05
4737,5.4853997426107526e-05
4738,5.483234781422652e-05
4739,5.481741754920222e-05
4740,5.480230174725875e-05
4741,5.4784974054200575e-05
4742,5.476637670653872e-05
4743,5.474860518006608e-05
4744,5.4801072110421956e-05
4745,5.474140925798565e-05
4746,5.471748227137141e-05
4747,5.4683525377186015e-05
4748,5.464315472636372e-05
4749,5.460573811433278e-05
4750,5.466884249472059e-05
4751,5.459024396259338e-05
4752,5.456623694044538e-05
4753,5.4564628953812644e-05
4754,5.4526739404536784e-05
4755,5.449164382298477e-05
4756,5.443501868285239e-05
4757,5.43537680641748e-05
4758,5.4305739467963576e-05
4759,5.4273816203931347e-05
4760,5.42530688107945e-05
4761,5.4217838624026626e-05
4762,5.4204178013606e-05
4763,5.418384898803197e-05
4764,5.416284693637863e-05
4765,5.414776023826562e-05
4766,5.4108662880025804e-05
4767,5.407778735389002e-05
4768,5.405394404078834e-05
4769,5.403826435212977e-05
4770,5.4020336392568424e-05
4771,5.4017971706343815e-05
4772,5.4008440201869234e-05
4773,5.3992655011825264e-05
4774,5.3972027671989053e-05
4775,5.394736581365578e-05
4776,5.391302329371683e-05
4777,5.390999649534933e-05
4778,5.388665522332303e-05
4779,5.388075078371912e-05
4780,5.386941847973503e-05
4781,5.385490658227354e-05
4782,5.384967153077014e-05
4783,5.384389078244567e-05
4784,5.383803727454506e-05
4785,5.383005191106349e-05
4786,5.3820429457118735e-05
4787,5.380890434025787e-05
4788,5.378828791435808e-05
4789,5.376133049139753e-05
4790,5.373424573917873e-05
4791,5.3759285947307944e-05
4792,5.371397128328681e-05
4793,5.369776044972241e-05
4794,5.368920392356813e-05
4795,5.367988342186436e-05
4796,5.367502672015689e-05
4797,5.366422192309983e-05
4798,5.3656924137612805e-05
4799,5.3643725550500676e-05
4800,5.3637995733879507e-05
4801,5.362358206184581e-05
4802,5.360737122828141e-05
4803,5.35952603968326e-05
4804,5.357837289921008e-05
4805,5.356240217224695e-05
4806,5.354337554308586e-05
4807,5.352513835532591e-05
4808,5.35109247721266e-05
4809,5.349277853383683e-05
4810,5.347624028217979e-05
4811,5.345871613826603e-05
4812,5.344828241504729e-05
4813,5.343671728041954e-05
4814,5.342569056665525e-05
4815,5.342415170161985e-05
4816,5.341224459698424e-05
4817,5.3398936870507896e-05
4818,5.338035771274008e-05
4819,5.336853791959584e-05
4820,5.33478450961411e-05
4821,5.331424836185761e-05
4822,5.3295800171326846e-05
4823,5.327270628185943e-05
4824,5.32477097294759e-05
4825,5.321439675753936e-05
4826,5.3171363106230274e-05
4827,5.311392669682391e-05
4828,5.309447442414239e-05
4829,5.3061634389450774e-05
4830,5.302124918671325e-05
4831,5.296071685734205e-05
4832,5.2933326514903456e-05
4833,5.2888270147377625e-05
4834,5.283236168907024e-05
4835,5.279161996440962e-05
4836,5.272926136967726e-05
4837,5.267939923214726e-05
4838,5.260315447230823e-05
4839,5.2561321354005486e-05
4840,5.252426853985526e-05
4841,5.2470219088718295e-05
4842,5.24370298080612e-05
4843,5.240090104052797e-05
4844,5.236472497927025e-05
4845,5.232649345998652e-05
4846,5.22960617672652e-05
4847,5.227941073826514e-05
4848,5.223953485256061e-05
4849,5.221362880547531e-05
4850,5.2150728151900694e-05
4851,5.211987445363775e-05
4852,5.2080013119848445e-05
4853,5.205686466069892e-05
4854,5.202681859373115e-05
4855,5.2009436330990866e-05
4856,5.199095176067203e-05
4857,5.1980030548293144e-05
4858,5.196524944039993e-05
4859,5.195087578613311e-05
4860,5.193671677261591e-05
4861,5.1925213483627886e-05
4862,5.191274976823479e-05
4863,5.189388684812002e-05
4864,5.18796659889631e-05
4865,5.1858354709111154e-05
4866,5.183094981475733e-05
4867,5.178026913199574e-05
4868,5.176698323339224e-05
4869,5.1728246035054326e-05
4870,5.169862197362818e-05
4871,5.166881237528287e-05
4872,5.163352398085408e-05
4873,5.15834653924685e-05
4874,5.154908285476267e-05
4875,5.151047298568301e-05
4876,5.146611147210933e-05
4877,5.1431332394713536e-05
4878,5.138874985277653e-05
4879,5.1339040510356426e-05
4880,5.1295533921802416e-05
4881,5.1237842853879556e-05
4882,5.1907412853324786e-05
4883,5.119748311699368e-05
4884,5.105128730065189e-05
4885,5.090946069685742e-05
4886,5.079367110738531e-05
4887,5.0756847485899925e-05
4888,5.065813093096949e-05
4889,5.0595095672179013e-05
4890,5.051900734542869e-05
4891,5.03788105561398e-05
4892,5.014675116399303e-05
4893,5.000826786272228e-05
4894,5.019435775466263e-05
4895,4.983756298315711e-05
4896,4.965805055689998e-05
4897,5.16256332048215e-05
4898,4.942360465065576e-05
4899,4.937718404107727e-05
4900,4.915084355161525e-05
4901,4.916191392112523e-05
4902,4.881843051407486e-05
4903,4.860596527578309e-05
4904,4.846782758249901e-05
4905,4.8316527681890875e-05
4906,4.835652725887485e-05
4907,4.810649625142105e-05
4908,4.791415631189011e-05
4909,4.776552668772638e-05
4910,4.7557456127833575e-05
4911,4.788233127328567e-05
4912,4.748273568111472e-05
4913,4.740760414279066e-05
4914,4.727394843939692e-05
4915,4.711738074547611e-05
4916,4.694787276093848e-05
4917,4.679889389080927e-05
4918,4.6670953452121466e-05
4919,4.658806574298069e-05
4920,4.646551315090619e-05
4921,4.632003037841059e-05
4922,4.620611434802413e-05
4923,4.608912058756687e-05
4924,4.609410825651139e-05
4925,4.597359293256886e-05
4926,4.583443296723999e-05
4927,4.57842143077869e-05
4928,4.572593024931848e-05
4929,4.5690438128076494e-05
4930,4.565075141726993e-05
4931,4.5592016249429435e-05
4932,4.553533290163614e-05
4933,4.5467812014976516e-05
4934,4.540681402431801e-05
4935,4.532000093604438e-05
4936,4.523758252616972e-05
4937,4.517522029345855e-05
4938,4.5097309339325875e-05
4939,4.5015476644039154e-05
4940,4.4973694457439706e-05
4941,4.491228173719719e-05
4942,4.4855984015157446e-05
4943,4.480179995880462e-05
4944,4.4749569497071207e-05
4945,4.47129386884626e-05
4946,4.467034523258917e-05
4947,4.464127050596289e-05
4948,4.459576666704379e-05
4949,4.4566764699993655e-05
4950,4.452589564607479e-05
4951,4.446739694685675e-05
4952,4.448667823453434e-05
4953,4.4441287172958255e-05
4954,4.440677003003657e-05
4955,4.438417818164453e-05
4956,4.437243114807643e-05
4957,4.4364103814587e-05
4958,4.435700611793436e-05
4959,4.43499993707519e-05
4960,4.4339289161143824e-05
4961,4.432487185113132e-05
4962,4.430609260452911e-05
4963,4.429440377862193e-05
4964,4.4281798182055354e-05
4965,4.4269399950280786e-05
4966,4.4265609176363796e-05
4967,4.4247299229027703e-05
4968,4.4230586354387924e-05
4969,4.4213309593033046e-05
4970,4.419901961227879e-05
4971,4.4191383494762704e-05
4972,4.4184787839185447e-05
4973,4.417781747179106e-05
4974,4.4171181798446923e-05
4975,4.4165350118419155e-05
4976,4.4163072743685916e-05
4977,4.4156018702778965e-05
4978,4.415214789332822e-05
4979,4.4148000597488135e-05
4980,4.414350041770376e-05
4981,4.4138945668237284e-05
4982,4.413321221363731e-05
4983,4.41314114141278e-05
4984,4.4126772991148755e-05
4985,4.412294219946489e-05
4986,4.4162574340589345e-05
4987,4.4121217797510326e-05
4988,4.4114865886513144e-05
4989,4.410502515383996e-05
4990,4.4094438635511324e-05
4991,4.408730455907062e-05
4992,4.4085329136578366e-05
4993,4.408367021824233e-05
4994,4.407835513120517e-05
4995,4.406970401760191e-05
4996,4.4064116082154214e-05
4997,4.405778963700868e-05
4998,4.405553772812709e-05
4999,4.4051470467820764e-05
5000,4.4038359192200005e-05
5001,4.4029715354554355e-05
5002,4.401654587127268e-05
5003,4.400826583150774e-05
5004,4.4002495997119695e-05
5005,4.39945979451295e-05
5006,4.3981643102597445e-05
5007,4.3974800064461306e-05
5008,4.397058000904508e-05
5009,4.3963944335700944e-05
5010,4.396198346512392e-05
5011,4.395645373733714e-05
5012,4.3946067307842895e-05
5013,4.393323615659028e-05
5014,4.391584297991358e-05
5015,4.38976421719417e-05
5016,4.388441811897792e-05
5017,4.38749193563126e-05
5018,4.3866999476449564e-05
5019,4.385698775877245e-05
5020,4.3848773202626035e-05
5021,4.383700434118509e-05
5022,4.382765109767206e-05
5023,4.382380939205177e-05
5024,4.38166425738018e-05
5025,4.381088001537137e-05
5026,4.380548489280045e-05
5027,4.3798299884656444e-05
5028,4.379383608466014e-05
5029,4.3786785681732e-05
5030,4.378280573291704e-05
5031,4.3774081859737635e-05
5032,4.376984361442737e-05
5033,4.376552897156216e-05
5034,4.375835123937577e-05
5035,4.375666685518809e-05
5036,4.375266871647909e-05
5037,4.375140997581184e-05
5038,4.374762283987366e-05
5039,4.3743973947130144e-05
5040,4.374255513539538e-05
5041,4.374141281004995e-05
5042,4.374114723759703e-05
