<frozen runpy>:128: RuntimeWarning: 'thermal_pinn.training.train_all' found in sys.modules after import of package 'thermal_pinn.training', but prior to execution of 'thermal_pinn.training.train_all'; this may result in unpredictable behaviour
Device: cuda

============================================================
  K-SWEEP  domain=rectangle  arch=bayesian  dim=2D
  k values: [1, 2, 3, 4, 5]
============================================================
  [1/20] Window [0.0 → 1.5s]  k=1  rectangle/bayesian
      MAE=7.24°C  L2=0.0526  (11s)
  [2/20] Window [1.5 → 3.0s]  k=1  rectangle/bayesian
      MAE=3.63°C  L2=0.0252  (11s)
  [3/20] Window [3.0 → 4.5s]  k=1  rectangle/bayesian
      MAE=2.61°C  L2=0.0169  (10s)
  [4/20] Window [4.5 → 6.0s]  k=1  rectangle/bayesian
      MAE=2.28°C  L2=0.0154  (10s)
  [5/20] Window [6.0 → 7.5s]  k=1  rectangle/bayesian
      MAE=2.78°C  L2=0.0250  (10s)
  [6/20] Window [7.5 → 9.0s]  k=1  rectangle/bayesian
      MAE=2.45°C  L2=0.0256  (10s)
  [7/20] Window [9.0 → 10.5s]  k=1  rectangle/bayesian
      MAE=2.75°C  L2=0.0242  (10s)
  [8/20] Window [10.5 → 12.0s]  k=1  rectangle/bayesian
      MAE=2.37°C  L2=0.0237  (11s)
  [9/20] Window [12.0 → 13.5s]  k=1  rectangle/bayesian
      MAE=2.16°C  L2=0.0249  (13s)
  [10/20] Window [13.5 → 15.0s]  k=1  rectangle/bayesian
      MAE=2.27°C  L2=0.0264  (12s)
  [11/20] Window [15.0 → 16.5s]  k=1  rectangle/bayesian
      MAE=1.83°C  L2=0.0210  (11s)
  [12/20] Window [16.5 → 18.0s]  k=1  rectangle/bayesian
      MAE=2.06°C  L2=0.0227  (10s)
  [13/20] Window [18.0 → 19.5s]  k=1  rectangle/bayesian
      MAE=1.63°C  L2=0.0213  (10s)
  [14/20] Window [19.5 → 21.0s]  k=1  rectangle/bayesian
      MAE=1.47°C  L2=0.0156  (9s)
  [15/20] Window [21.0 → 22.5s]  k=1  rectangle/bayesian
      MAE=2.34°C  L2=0.0205  (9s)
  [16/20] Window [22.5 → 24.0s]  k=1  rectangle/bayesian
      MAE=2.38°C  L2=0.0257  (9s)
  [17/20] Window [24.0 → 25.5s]  k=1  rectangle/bayesian
      MAE=2.19°C  L2=0.0181  (9s)
  [18/20] Window [25.5 → 27.0s]  k=1  rectangle/bayesian
      MAE=1.38°C  L2=0.0134  (10s)
  [19/20] Window [27.0 → 28.5s]  k=1  rectangle/bayesian
      MAE=1.64°C  L2=0.0158  (10s)
  [20/20] Window [28.5 → 30.0s]  k=1  rectangle/bayesian
      MAE=2.29°C  L2=0.0223  (10s)
  → Mean MAE=2.49°C  saved: rectangle_bayesian_k1_dim2.pt
  [1/10] Window [0.0 → 3.0s]  k=2  rectangle/bayesian
      MAE=8.49°C  L2=0.0512  (10s)
  [2/10] Window [3.0 → 6.0s]  k=2  rectangle/bayesian
      MAE=3.71°C  L2=0.0221  (11s)
  [3/10] Window [6.0 → 9.0s]  k=2  rectangle/bayesian
      MAE=3.21°C  L2=0.0224  (11s)
  [4/10] Window [9.0 → 12.0s]  k=2  rectangle/bayesian
      MAE=2.93°C  L2=0.0231  (10s)
  [5/10] Window [12.0 → 15.0s]  k=2  rectangle/bayesian
      MAE=2.77°C  L2=0.0216  (10s)
  [6/10] Window [15.0 → 18.0s]  k=2  rectangle/bayesian
      MAE=2.34°C  L2=0.0194  (10s)
  [7/10] Window [18.0 → 21.0s]  k=2  rectangle/bayesian
      MAE=2.68°C  L2=0.0244  (10s)
  [8/10] Window [21.0 → 24.0s]  k=2  rectangle/bayesian
      MAE=3.37°C  L2=0.0260  (10s)
  [9/10] Window [24.0 → 27.0s]  k=2  rectangle/bayesian
      MAE=3.22°C  L2=0.0273  (10s)
  [10/10] Window [27.0 → 30.0s]  k=2  rectangle/bayesian
      MAE=2.14°C  L2=0.0168  (10s)
  → Mean MAE=3.49°C  saved: rectangle_bayesian_k2_dim2.pt
  [1/7] Window [0.0 → 4.5s]  k=3  rectangle/bayesian
      MAE=10.39°C  L2=0.0558  (10s)
  [2/7] Window [4.5 → 9.0s]  k=3  rectangle/bayesian
      MAE=3.93°C  L2=0.0234  (10s)
  [3/7] Window [9.0 → 13.5s]  k=3  rectangle/bayesian
      MAE=3.36°C  L2=0.0246  (10s)
  [4/7] Window [13.5 → 18.0s]  k=3  rectangle/bayesian
      MAE=3.96°C  L2=0.0294  (10s)
  [5/7] Window [18.0 → 22.5s]  k=3  rectangle/bayesian
      MAE=3.16°C  L2=0.0273  (9s)
  [6/7] Window [22.5 → 27.0s]  k=3  rectangle/bayesian
      MAE=2.83°C  L2=0.0222  (9s)
  [7/7] Window [27.0 → 30.0s]  k=3  rectangle/bayesian
      MAE=2.74°C  L2=0.0282  (10s)
  → Mean MAE=4.34°C  saved: rectangle_bayesian_k3_dim2.pt
  [1/5] Window [0.0 → 6.0s]  k=4  rectangle/bayesian
      MAE=10.86°C  L2=0.0569  (10s)
  [2/5] Window [6.0 → 12.0s]  k=4  rectangle/bayesian
      MAE=4.98°C  L2=0.0299  (10s)
  [3/5] Window [12.0 → 18.0s]  k=4  rectangle/bayesian
      MAE=3.70°C  L2=0.0224  (10s)
  [4/5] Window [18.0 → 24.0s]  k=4  rectangle/bayesian
      MAE=3.92°C  L2=0.0229  (10s)
  [5/5] Window [24.0 → 30.0s]  k=4  rectangle/bayesian
      MAE=3.29°C  L2=0.0243  (10s)
  → Mean MAE=5.35°C  saved: rectangle_bayesian_k4_dim2.pt
  [1/4] Window [0.0 → 7.5s]  k=5  rectangle/bayesian
      MAE=10.90°C  L2=0.0566  (10s)
  [2/4] Window [7.5 → 15.0s]  k=5  rectangle/bayesian
      MAE=5.19°C  L2=0.0266  (10s)
  [3/4] Window [15.0 → 22.5s]  k=5  rectangle/bayesian
      MAE=3.38°C  L2=0.0192  (10s)
  [4/4] Window [22.5 → 30.0s]  k=5  rectangle/bayesian
      MAE=3.74°C  L2=0.0222  (10s)
  → Mean MAE=5.80°C  saved: rectangle_bayesian_k5_dim2.pt

  K-SWEEP RESULT  domain=rectangle  arch=bayesian
     k    mean MAE   n_windows
     1        2.49°C          20 ← best
     2        3.49°C          10
     3        4.34°C           7
     4        5.35°C           5
     5        5.80°C           4
  Registry updated: /home/coder/NAS-PINNS1/thermal_pinn/checkpoints/registry.json

============================================================
  K-SWEEP  domain=rectangle  arch=nsga2  dim=2D
  k values: [1, 2, 3, 4, 5]
============================================================
  [1/20] Window [0.0 → 1.5s]  k=1  rectangle/nsga2
      MAE=13.20°C  L2=0.0963  (9s)
  [2/20] Window [1.5 → 3.0s]  k=1  rectangle/nsga2
      MAE=11.81°C  L2=0.0692  (9s)
  [3/20] Window [3.0 → 4.5s]  k=1  rectangle/nsga2
      MAE=4.75°C  L2=0.0234  (9s)
  [4/20] Window [4.5 → 6.0s]  k=1  rectangle/nsga2
      MAE=1.76°C  L2=0.0081  (9s)
  [5/20] Window [6.0 → 7.5s]  k=1  rectangle/nsga2
      MAE=3.56°C  L2=0.0283  (10s)
  [6/20] Window [7.5 → 9.0s]  k=1  rectangle/nsga2
      MAE=1.43°C  L2=0.0216  (9s)
  [7/20] Window [9.0 → 10.5s]  k=1  rectangle/nsga2
      MAE=1.51°C  L2=0.0205  (9s)
  [8/20] Window [10.5 → 12.0s]  k=1  rectangle/nsga2
      MAE=1.34°C  L2=0.0200  (8s)
  [9/20] Window [12.0 → 13.5s]  k=1  rectangle/nsga2
      MAE=1.29°C  L2=0.0178  (9s)
  [10/20] Window [13.5 → 15.0s]  k=1  rectangle/nsga2
      MAE=1.36°C  L2=0.0173  (9s)
  [11/20] Window [15.0 → 16.5s]  k=1  rectangle/nsga2
      MAE=1.65°C  L2=0.0278  (10s)
  [12/20] Window [16.5 → 18.0s]  k=1  rectangle/nsga2
      MAE=2.03°C  L2=0.0308  (8s)
  [13/20] Window [18.0 → 19.5s]  k=1  rectangle/nsga2
      MAE=1.91°C  L2=0.0296  (9s)
  [14/20] Window [19.5 → 21.0s]  k=1  rectangle/nsga2
      MAE=1.74°C  L2=0.0282  (8s)
  [15/20] Window [21.0 → 22.5s]  k=1  rectangle/nsga2
      MAE=1.56°C  L2=0.0271  (9s)
  [16/20] Window [22.5 → 24.0s]  k=1  rectangle/nsga2
      MAE=2.05°C  L2=0.0316  (9s)
  [17/20] Window [24.0 → 25.5s]  k=1  rectangle/nsga2
      MAE=2.47°C  L2=0.0363  (9s)
  [18/20] Window [25.5 → 27.0s]  k=1  rectangle/nsga2
      MAE=2.68°C  L2=0.0341  (10s)
  [19/20] Window [27.0 → 28.5s]  k=1  rectangle/nsga2
      MAE=1.93°C  L2=0.0327  (9s)
  [20/20] Window [28.5 → 30.0s]  k=1  rectangle/nsga2
      MAE=2.77°C  L2=0.0379  (9s)
  → Mean MAE=3.14°C  saved: rectangle_nsga2_k1_dim2.pt
  [1/10] Window [0.0 → 3.0s]  k=2  rectangle/nsga2
      MAE=14.72°C  L2=0.0964  (9s)
  [2/10] Window [3.0 → 6.0s]  k=2  rectangle/nsga2
      MAE=8.66°C  L2=0.0479  (9s)
  [3/10] Window [6.0 → 9.0s]  k=2  rectangle/nsga2
      MAE=4.43°C  L2=0.0352  (9s)
  [4/10] Window [9.0 → 12.0s]  k=2  rectangle/nsga2
      MAE=3.32°C  L2=0.0273  (9s)
  [5/10] Window [12.0 → 15.0s]  k=2  rectangle/nsga2
      MAE=6.11°C  L2=0.0278  (9s)
  [6/10] Window [15.0 → 18.0s]  k=2  rectangle/nsga2
      MAE=3.21°C  L2=0.0286  (9s)
  [7/10] Window [18.0 → 21.0s]  k=2  rectangle/nsga2
      MAE=2.44°C  L2=0.0288  (9s)
  [8/10] Window [21.0 → 24.0s]  k=2  rectangle/nsga2
      MAE=2.09°C  L2=0.0274  (8s)
  [9/10] Window [24.0 → 27.0s]  k=2  rectangle/nsga2
      MAE=2.47°C  L2=0.0304  (10s)
  [10/10] Window [27.0 → 30.0s]  k=2  rectangle/nsga2
      MAE=2.35°C  L2=0.0320  (9s)
  → Mean MAE=4.98°C  saved: rectangle_nsga2_k2_dim2.pt
  [1/7] Window [0.0 → 4.5s]  k=3  rectangle/nsga2
      MAE=19.26°C  L2=0.1101  (9s)
  [2/7] Window [4.5 → 9.0s]  k=3  rectangle/nsga2
      MAE=7.47°C  L2=0.0383  (9s)
  [3/7] Window [9.0 → 13.5s]  k=3  rectangle/nsga2
      MAE=4.07°C  L2=0.0214  (9s)
  [4/7] Window [13.5 → 18.0s]  k=3  rectangle/nsga2
      MAE=2.66°C  L2=0.0171  (9s)
  [5/7] Window [18.0 → 22.5s]  k=3  rectangle/nsga2
      MAE=2.84°C  L2=0.0277  (9s)
  [6/7] Window [22.5 → 27.0s]  k=3  rectangle/nsga2
      MAE=2.75°C  L2=0.0297  (9s)
  [7/7] Window [27.0 → 30.0s]  k=3  rectangle/nsga2
      MAE=2.50°C  L2=0.0321  (9s)
  → Mean MAE=5.94°C  saved: rectangle_nsga2_k3_dim2.pt
  [1/5] Window [0.0 → 6.0s]  k=4  rectangle/nsga2
      MAE=22.01°C  L2=0.1181  (9s)
  [2/5] Window [6.0 → 12.0s]  k=4  rectangle/nsga2
      MAE=6.65°C  L2=0.0333  (9s)
  [3/5] Window [12.0 → 18.0s]  k=4  rectangle/nsga2
      MAE=5.04°C  L2=0.0236  (9s)
  [4/5] Window [18.0 → 24.0s]  k=4  rectangle/nsga2
      MAE=4.71°C  L2=0.0316  (9s)
  [5/5] Window [24.0 → 30.0s]  k=4  rectangle/nsga2
      MAE=3.66°C  L2=0.0302  (9s)
  → Mean MAE=8.41°C  saved: rectangle_nsga2_k4_dim2.pt
  [1/4] Window [0.0 → 7.5s]  k=5  rectangle/nsga2
      MAE=25.02°C  L2=0.1237  (9s)
  [2/4] Window [7.5 → 15.0s]  k=5  rectangle/nsga2
      MAE=9.22°C  L2=0.0389  (10s)
  [3/4] Window [15.0 → 22.5s]  k=5  rectangle/nsga2
      MAE=7.71°C  L2=0.0343  (10s)
  [4/4] Window [22.5 → 30.0s]  k=5  rectangle/nsga2
      MAE=5.28°C  L2=0.0309  (10s)
  → Mean MAE=11.81°C  saved: rectangle_nsga2_k5_dim2.pt

  K-SWEEP RESULT  domain=rectangle  arch=nsga2
     k    mean MAE   n_windows
     1        3.14°C          20 ← best
     2        4.98°C          10
     3        5.94°C           7
     4        8.41°C           5
     5       11.81°C           4
  Registry updated: /home/coder/NAS-PINNS1/thermal_pinn/checkpoints/registry.json

============================================================
  K-SWEEP  domain=rectangle  arch=nsga3  dim=2D
  k values: [1, 2, 3, 4, 5]
============================================================
  [1/20] Window [0.0 → 1.5s]  k=1  rectangle/nsga3
      MAE=11.31°C  L2=0.0902  (9s)
  [2/20] Window [1.5 → 3.0s]  k=1  rectangle/nsga3
      MAE=5.88°C  L2=0.0364  (9s)
  [3/20] Window [3.0 → 4.5s]  k=1  rectangle/nsga3
      MAE=3.03°C  L2=0.0155  (10s)
  [4/20] Window [4.5 → 6.0s]  k=1  rectangle/nsga3
      MAE=2.74°C  L2=0.0095  (9s)
  [5/20] Window [6.0 → 7.5s]  k=1  rectangle/nsga3
      MAE=2.64°C  L2=0.0248  (9s)
  [6/20] Window [7.5 → 9.0s]  k=1  rectangle/nsga3
      MAE=1.41°C  L2=0.0217  (9s)
  [7/20] Window [9.0 → 10.5s]  k=1  rectangle/nsga3
      MAE=1.47°C  L2=0.0204  (9s)
  [8/20] Window [10.5 → 12.0s]  k=1  rectangle/nsga3
      MAE=1.43°C  L2=0.0202  (9s)
  [9/20] Window [12.0 → 13.5s]  k=1  rectangle/nsga3
      MAE=1.37°C  L2=0.0181  (9s)
  [10/20] Window [13.5 → 15.0s]  k=1  rectangle/nsga3
      MAE=1.32°C  L2=0.0171  (9s)
  [11/20] Window [15.0 → 16.5s]  k=1  rectangle/nsga3
      MAE=1.82°C  L2=0.0283  (9s)
  [12/20] Window [16.5 → 18.0s]  k=1  rectangle/nsga3
      MAE=2.02°C  L2=0.0307  (9s)
  [13/20] Window [18.0 → 19.5s]  k=1  rectangle/nsga3
      MAE=1.92°C  L2=0.0293  (8s)
  [14/20] Window [19.5 → 21.0s]  k=1  rectangle/nsga3
      MAE=1.78°C  L2=0.0280  (9s)
  [15/20] Window [21.0 → 22.5s]  k=1  rectangle/nsga3
      MAE=1.73°C  L2=0.0270  (10s)
  [16/20] Window [22.5 → 24.0s]  k=1  rectangle/nsga3
      MAE=2.17°C  L2=0.0316  (10s)
  [17/20] Window [24.0 → 25.5s]  k=1  rectangle/nsga3
      MAE=2.29°C  L2=0.0350  (10s)
  [18/20] Window [25.5 → 27.0s]  k=1  rectangle/nsga3
      MAE=2.31°C  L2=0.0339  (9s)
  [19/20] Window [27.0 → 28.5s]  k=1  rectangle/nsga3
      MAE=2.11°C  L2=0.0328  (9s)
  [20/20] Window [28.5 → 30.0s]  k=1  rectangle/nsga3
      MAE=2.76°C  L2=0.0362  (9s)
  → Mean MAE=2.68°C  saved: rectangle_nsga3_k1_dim2.pt
  [1/10] Window [0.0 → 3.0s]  k=2  rectangle/nsga3
      MAE=14.08°C  L2=0.0908  (9s)
  [2/10] Window [3.0 → 6.0s]  k=2  rectangle/nsga3
      MAE=6.82°C  L2=0.0429  (9s)
  [3/10] Window [6.0 → 9.0s]  k=2  rectangle/nsga3
      MAE=3.31°C  L2=0.0234  (9s)
  [4/10] Window [9.0 → 12.0s]  k=2  rectangle/nsga3
      MAE=3.24°C  L2=0.0218  (9s)
  [5/10] Window [12.0 → 15.0s]  k=2  rectangle/nsga3
      MAE=2.69°C  L2=0.0183  (9s)
  [6/10] Window [15.0 → 18.0s]  k=2  rectangle/nsga3
      MAE=2.74°C  L2=0.0252  (9s)
  [7/10] Window [18.0 → 21.0s]  k=2  rectangle/nsga3
      MAE=3.18°C  L2=0.0289  (9s)
  [8/10] Window [21.0 → 24.0s]  k=2  rectangle/nsga3
      MAE=2.48°C  L2=0.0267  (9s)
  [9/10] Window [24.0 → 27.0s]  k=2  rectangle/nsga3
      MAE=2.57°C  L2=0.0302  (9s)
  [10/10] Window [27.0 → 30.0s]  k=2  rectangle/nsga3
      MAE=2.65°C  L2=0.0320  (8s)
  → Mean MAE=4.38°C  saved: rectangle_nsga3_k2_dim2.pt
  [1/7] Window [0.0 → 4.5s]  k=3  rectangle/nsga3
      MAE=17.76°C  L2=0.1036  (9s)
  [2/7] Window [4.5 → 9.0s]  k=3  rectangle/nsga3
      MAE=8.80°C  L2=0.0413  (9s)
  [3/7] Window [9.0 → 13.5s]  k=3  rectangle/nsga3
      MAE=4.80°C  L2=0.0250  (10s)
  [4/7] Window [13.5 → 18.0s]  k=3  rectangle/nsga3
      MAE=2.74°C  L2=0.0170  (9s)
  [5/7] Window [18.0 → 22.5s]  k=3  rectangle/nsga3
      MAE=2.79°C  L2=0.0282  (9s)
  [6/7] Window [22.5 → 27.0s]  k=3  rectangle/nsga3
      MAE=2.94°C  L2=0.0298  (9s)
  [7/7] Window [27.0 → 30.0s]  k=3  rectangle/nsga3
      MAE=2.57°C  L2=0.0324  (9s)
  → Mean MAE=6.06°C  saved: rectangle_nsga3_k3_dim2.pt
  [1/5] Window [0.0 → 6.0s]  k=4  rectangle/nsga3
      MAE=21.28°C  L2=0.1146  (9s)
  [2/5] Window [6.0 → 12.0s]  k=4  rectangle/nsga3
      MAE=6.10°C  L2=0.0326  (10s)
  [3/5] Window [12.0 → 18.0s]  k=4  rectangle/nsga3
      MAE=4.47°C  L2=0.0225  (9s)
  [4/5] Window [18.0 → 24.0s]  k=4  rectangle/nsga3
      MAE=4.43°C  L2=0.0288  (9s)
  [5/5] Window [24.0 → 30.0s]  k=4  rectangle/nsga3
      MAE=3.78°C  L2=0.0332  (9s)
  → Mean MAE=8.01°C  saved: rectangle_nsga3_k4_dim2.pt
  [1/4] Window [0.0 → 7.5s]  k=5  rectangle/nsga3
      MAE=25.30°C  L2=0.1279  (9s)
  [2/4] Window [7.5 → 15.0s]  k=5  rectangle/nsga3
      MAE=8.21°C  L2=0.0383  (9s)
  [3/4] Window [15.0 → 22.5s]  k=5  rectangle/nsga3
      MAE=7.75°C  L2=0.0338  (10s)
  [4/4] Window [22.5 → 30.0s]  k=5  rectangle/nsga3
      MAE=5.77°C  L2=0.0331  (10s)
  → Mean MAE=11.76°C  saved: rectangle_nsga3_k5_dim2.pt

  K-SWEEP RESULT  domain=rectangle  arch=nsga3
     k    mean MAE   n_windows
     1        2.68°C          20 ← best
     2        4.38°C          10
     3        6.06°C           7
     4        8.01°C           5
     5       11.76°C           4
  Registry updated: /home/coder/NAS-PINNS1/thermal_pinn/checkpoints/registry.json

============================================================
  K-SWEEP  domain=circle  arch=bayesian  dim=2D
  k values: [1, 2, 3, 4, 5]
============================================================
  [1/20] Window [0.0 → 1.5s]  k=1  circle/bayesian
      MAE=7.18°C  L2=0.0381  (10s)
  [2/20] Window [1.5 → 3.0s]  k=1  circle/bayesian
      MAE=2.03°C  L2=0.0148  (11s)
  [3/20] Window [3.0 → 4.5s]  k=1  circle/bayesian
      MAE=1.52°C  L2=0.0094  (10s)
  [4/20] Window [4.5 → 6.0s]  k=1  circle/bayesian
      MAE=2.09°C  L2=0.0158  (9s)
  [5/20] Window [6.0 → 7.5s]  k=1  circle/bayesian
      MAE=1.71°C  L2=0.0120  (9s)
  [6/20] Window [7.5 → 9.0s]  k=1  circle/bayesian
      MAE=1.99°C  L2=0.0116  (10s)
  [7/20] Window [9.0 → 10.5s]  k=1  circle/bayesian
      MAE=1.75°C  L2=0.0117  (10s)
  [8/20] Window [10.5 → 12.0s]  k=1  circle/bayesian
      MAE=1.70°C  L2=0.0126  (10s)
  [9/20] Window [12.0 → 13.5s]  k=1  circle/bayesian
      MAE=1.79°C  L2=0.0108  (10s)
  [10/20] Window [13.5 → 15.0s]  k=1  circle/bayesian
      MAE=2.73°C  L2=0.0167  (10s)
  [11/20] Window [15.0 → 16.5s]  k=1  circle/bayesian
      MAE=2.96°C  L2=0.0123  (10s)
  [12/20] Window [16.5 → 18.0s]  k=1  circle/bayesian
      MAE=2.74°C  L2=0.0147  (10s)
  [13/20] Window [18.0 → 19.5s]  k=1  circle/bayesian
      MAE=3.81°C  L2=0.0168  (10s)
  [14/20] Window [19.5 → 21.0s]  k=1  circle/bayesian
      MAE=2.43°C  L2=0.0113  (10s)
  [15/20] Window [21.0 → 22.5s]  k=1  circle/bayesian
      MAE=1.97°C  L2=0.0100  (10s)
  [16/20] Window [22.5 → 24.0s]  k=1  circle/bayesian
      MAE=1.96°C  L2=0.0097  (10s)
  [17/20] Window [24.0 → 25.5s]  k=1  circle/bayesian
      MAE=2.18°C  L2=0.0115  (10s)
  [18/20] Window [25.5 → 27.0s]  k=1  circle/bayesian
      MAE=9.08°C  L2=0.0798  (10s)
  [19/20] Window [27.0 → 28.5s]  k=1  circle/bayesian
      MAE=1.11°C  L2=0.0070  (10s)
  [20/20] Window [28.5 → 30.0s]  k=1  circle/bayesian
      MAE=1.31°C  L2=0.0070  (10s)
  → Mean MAE=2.70°C  saved: circle_bayesian_k1_dim2.pt
  [1/10] Window [0.0 → 3.0s]  k=2  circle/bayesian
      MAE=8.85°C  L2=0.0397  (10s)
  [2/10] Window [3.0 → 6.0s]  k=2  circle/bayesian
      MAE=2.43°C  L2=0.0134  (10s)
  [3/10] Window [6.0 → 9.0s]  k=2  circle/bayesian
      MAE=2.19°C  L2=0.0129  (10s)
  [4/10] Window [9.0 → 12.0s]  k=2  circle/bayesian
      MAE=2.44°C  L2=0.0167  (10s)
  [5/10] Window [12.0 → 15.0s]  k=2  circle/bayesian
      MAE=1.59°C  L2=0.0107  (11s)
  [6/10] Window [15.0 → 18.0s]  k=2  circle/bayesian
      MAE=1.87°C  L2=0.0105  (10s)
  [7/10] Window [18.0 → 21.0s]  k=2  circle/bayesian
      MAE=2.26°C  L2=0.0134  (11s)
  [8/10] Window [21.0 → 24.0s]  k=2  circle/bayesian
      MAE=1.67°C  L2=0.0100  (11s)
  [9/10] Window [24.0 → 27.0s]  k=2  circle/bayesian
      MAE=1.93°C  L2=0.0113  (10s)
  [10/10] Window [27.0 → 30.0s]  k=2  circle/bayesian
      MAE=1.79°C  L2=0.0092  (10s)
  → Mean MAE=2.70°C  saved: circle_bayesian_k2_dim2.pt
  [1/7] Window [0.0 → 4.5s]  k=3  circle/bayesian
      MAE=11.06°C  L2=0.0483  (10s)
  [2/7] Window [4.5 → 9.0s]  k=3  circle/bayesian
      MAE=3.78°C  L2=0.0148  (10s)
  [3/7] Window [9.0 → 13.5s]  k=3  circle/bayesian
      MAE=2.60°C  L2=0.0095  (10s)
  [4/7] Window [13.5 → 18.0s]  k=3  circle/bayesian
      MAE=2.73°C  L2=0.0136  (10s)
  [5/7] Window [18.0 → 22.5s]  k=3  circle/bayesian
      MAE=2.05°C  L2=0.0107  (10s)
  [6/7] Window [22.5 → 27.0s]  k=3  circle/bayesian
      MAE=1.74°C  L2=0.0069  (10s)
  [7/7] Window [27.0 → 30.0s]  k=3  circle/bayesian
      MAE=1.46°C  L2=0.0066  (10s)
  → Mean MAE=3.63°C  saved: circle_bayesian_k3_dim2.pt
  [1/5] Window [0.0 → 6.0s]  k=4  circle/bayesian
      MAE=11.37°C  L2=0.0497  (10s)
  [2/5] Window [6.0 → 12.0s]  k=4  circle/bayesian
      MAE=3.81°C  L2=0.0154  (10s)
  [3/5] Window [12.0 → 18.0s]  k=4  circle/bayesian
      MAE=2.39°C  L2=0.0119  (10s)
  [4/5] Window [18.0 → 24.0s]  k=4  circle/bayesian
      MAE=2.18°C  L2=0.0114  (10s)
  [5/5] Window [24.0 → 30.0s]  k=4  circle/bayesian
      MAE=1.76°C  L2=0.0084  (10s)
  → Mean MAE=4.30°C  saved: circle_bayesian_k4_dim2.pt
  [1/4] Window [0.0 → 7.5s]  k=5  circle/bayesian
      MAE=12.17°C  L2=0.0530  (10s)
  [2/4] Window [7.5 → 15.0s]  k=5  circle/bayesian
      MAE=4.24°C  L2=0.0156  (10s)
  [3/4] Window [15.0 → 22.5s]  k=5  circle/bayesian
      MAE=3.41°C  L2=0.0128  (10s)
  [4/4] Window [22.5 → 30.0s]  k=5  circle/bayesian
      MAE=2.95°C  L2=0.0118  (9s)
  → Mean MAE=5.70°C  saved: circle_bayesian_k5_dim2.pt

  K-SWEEP RESULT  domain=circle  arch=bayesian
     k    mean MAE   n_windows
     1        2.70°C          20
     2        2.70°C          10 ← best
     3        3.63°C           7
     4        4.30°C           5
     5        5.70°C           4
  Registry updated: /home/coder/NAS-PINNS1/thermal_pinn/checkpoints/registry.json

============================================================
  K-SWEEP  domain=circle  arch=nsga2  dim=2D
  k values: [1, 2, 3, 4, 5]
============================================================
  [1/20] Window [0.0 → 1.5s]  k=1  circle/nsga2
      MAE=12.61°C  L2=0.0901  (9s)
  [2/20] Window [1.5 → 3.0s]  k=1  circle/nsga2
      MAE=8.21°C  L2=0.0429  (10s)
  [3/20] Window [3.0 → 4.5s]  k=1  circle/nsga2
      MAE=2.42°C  L2=0.0274  (11s)
  [4/20] Window [4.5 → 6.0s]  k=1  circle/nsga2
      MAE=3.02°C  L2=0.0269  (11s)
  [5/20] Window [6.0 → 7.5s]  k=1  circle/nsga2
      MAE=2.21°C  L2=0.0225  (9s)
  [6/20] Window [7.5 → 9.0s]  k=1  circle/nsga2
      MAE=2.07°C  L2=0.0181  (10s)
  [7/20] Window [9.0 → 10.5s]  k=1  circle/nsga2
      MAE=1.52°C  L2=0.0145  (10s)
  [8/20] Window [10.5 → 12.0s]  k=1  circle/nsga2
      MAE=1.45°C  L2=0.0160  (9s)
  [9/20] Window [12.0 → 13.5s]  k=1  circle/nsga2
      MAE=1.51°C  L2=0.0124  (9s)
  [10/20] Window [13.5 → 15.0s]  k=1  circle/nsga2
      MAE=1.37°C  L2=0.0154  (9s)
  [11/20] Window [15.0 → 16.5s]  k=1  circle/nsga2
      MAE=1.25°C  L2=0.0107  (9s)
  [12/20] Window [16.5 → 18.0s]  k=1  circle/nsga2
      MAE=1.13°C  L2=0.0132  (9s)
  [13/20] Window [18.0 → 19.5s]  k=1  circle/nsga2
      MAE=1.02°C  L2=0.0104  (9s)
  [14/20] Window [19.5 → 21.0s]  k=1  circle/nsga2
      MAE=0.94°C  L2=0.0128  (9s)
  [15/20] Window [21.0 → 22.5s]  k=1  circle/nsga2
      MAE=1.02°C  L2=0.0089  (9s)
  [16/20] Window [22.5 → 24.0s]  k=1  circle/nsga2
      MAE=1.04°C  L2=0.0144  (9s)
  [17/20] Window [24.0 → 25.5s]  k=1  circle/nsga2
      MAE=0.90°C  L2=0.0100  (9s)
  [18/20] Window [25.5 → 27.0s]  k=1  circle/nsga2
      MAE=0.73°C  L2=0.0094  (9s)
  [19/20] Window [27.0 → 28.5s]  k=1  circle/nsga2
      MAE=0.75°C  L2=0.0093  (9s)
  [20/20] Window [28.5 → 30.0s]  k=1  circle/nsga2
      MAE=0.74°C  L2=0.0096  (9s)
  → Mean MAE=2.30°C  saved: circle_nsga2_k1_dim2.pt
  [1/10] Window [0.0 → 3.0s]  k=2  circle/nsga2
      MAE=18.95°C  L2=0.1033  (9s)
  [2/10] Window [3.0 → 6.0s]  k=2  circle/nsga2
      MAE=11.75°C  L2=0.0501  (9s)
  [3/10] Window [6.0 → 9.0s]  k=2  circle/nsga2
      MAE=5.46°C  L2=0.0289  (11s)
  [4/10] Window [9.0 → 12.0s]  k=2  circle/nsga2
      MAE=2.56°C  L2=0.0217  (10s)
  [5/10] Window [12.0 → 15.0s]  k=2  circle/nsga2
      MAE=2.27°C  L2=0.0172  (9s)
  [6/10] Window [15.0 → 18.0s]  k=2  circle/nsga2
      MAE=3.12°C  L2=0.0164  (9s)
  [7/10] Window [18.0 → 21.0s]  k=2  circle/nsga2
      MAE=2.09°C  L2=0.0153  (9s)
  [8/10] Window [21.0 → 24.0s]  k=2  circle/nsga2
      MAE=1.92°C  L2=0.0154  (8s)
  [9/10] Window [24.0 → 27.0s]  k=2  circle/nsga2
      MAE=1.82°C  L2=0.0134  (9s)
  [10/10] Window [27.0 → 30.0s]  k=2  circle/nsga2
      MAE=1.70°C  L2=0.0147  (9s)
  → Mean MAE=5.16°C  saved: circle_nsga2_k2_dim2.pt
  [1/7] Window [0.0 → 4.5s]  k=3  circle/nsga2
      MAE=24.20°C  L2=0.1199  (9s)
  [2/7] Window [4.5 → 9.0s]  k=3  circle/nsga2
      MAE=9.42°C  L2=0.0370  (9s)
  [3/7] Window [9.0 → 13.5s]  k=3  circle/nsga2
      MAE=4.07°C  L2=0.0232  (9s)
  [4/7] Window [13.5 → 18.0s]  k=3  circle/nsga2
      MAE=3.10°C  L2=0.0223  (9s)
  [5/7] Window [18.0 → 22.5s]  k=3  circle/nsga2
      MAE=2.66°C  L2=0.0186  (9s)
  [6/7] Window [22.5 → 27.0s]  k=3  circle/nsga2
      MAE=3.73°C  L2=0.0175  (9s)
  [7/7] Window [27.0 → 30.0s]  k=3  circle/nsga2
      MAE=1.65°C  L2=0.0140  (9s)
  → Mean MAE=6.98°C  saved: circle_nsga2_k3_dim2.pt
  [1/5] Window [0.0 → 6.0s]  k=4  circle/nsga2
      MAE=28.55°C  L2=0.1327  (9s)
  [2/5] Window [6.0 → 12.0s]  k=4  circle/nsga2
      MAE=8.39°C  L2=0.0285  (10s)
  [3/5] Window [12.0 → 18.0s]  k=4  circle/nsga2
      MAE=4.14°C  L2=0.0207  (9s)
  [4/5] Window [18.0 → 24.0s]  k=4  circle/nsga2
      MAE=2.65°C  L2=0.0197  (9s)
  [5/5] Window [24.0 → 30.0s]  k=4  circle/nsga2
      MAE=2.60°C  L2=0.0171  (9s)
  → Mean MAE=9.27°C  saved: circle_nsga2_k4_dim2.pt
  [1/4] Window [0.0 → 7.5s]  k=5  circle/nsga2
      MAE=33.11°C  L2=0.1472  (9s)
  [2/4] Window [7.5 → 15.0s]  k=5  circle/nsga2
      MAE=8.95°C  L2=0.0307  (9s)
  [3/4] Window [15.0 → 22.5s]  k=5  circle/nsga2
      MAE=7.67°C  L2=0.0306  (9s)
  [4/4] Window [22.5 → 30.0s]  k=5  circle/nsga2
      MAE=3.70°C  L2=0.0197  (9s)
  → Mean MAE=13.36°C  saved: circle_nsga2_k5_dim2.pt

  K-SWEEP RESULT  domain=circle  arch=nsga2
     k    mean MAE   n_windows
     1        2.30°C          20 ← best
     2        5.16°C          10
     3        6.98°C           7
     4        9.27°C           5
     5       13.36°C           4
  Registry updated: /home/coder/NAS-PINNS1/thermal_pinn/checkpoints/registry.json

============================================================
  K-SWEEP  domain=circle  arch=nsga3  dim=2D
  k values: [1, 2, 3, 4, 5]
============================================================
  [1/20] Window [0.0 → 1.5s]  k=1  circle/nsga3
      MAE=12.38°C  L2=0.0900  (9s)
  [2/20] Window [1.5 → 3.0s]  k=1  circle/nsga3
      MAE=7.87°C  L2=0.0509  (9s)
  [3/20] Window [3.0 → 4.5s]  k=1  circle/nsga3
      MAE=1.91°C  L2=0.0075  (9s)
  [4/20] Window [4.5 → 6.0s]  k=1  circle/nsga3
      MAE=2.51°C  L2=0.0364  (10s)
  [5/20] Window [6.0 → 7.5s]  k=1  circle/nsga3
      MAE=1.66°C  L2=0.0164  (9s)
  [6/20] Window [7.5 → 9.0s]  k=1  circle/nsga3
      MAE=1.40°C  L2=0.0127  (10s)
  [7/20] Window [9.0 → 10.5s]  k=1  circle/nsga3
      MAE=1.57°C  L2=0.0146  (11s)
  [8/20] Window [10.5 → 12.0s]  k=1  circle/nsga3
      MAE=1.20°C  L2=0.0134  (11s)
  [9/20] Window [12.0 → 13.5s]  k=1  circle/nsga3
      MAE=1.02°C  L2=0.0072  (9s)
  [10/20] Window [13.5 → 15.0s]  k=1  circle/nsga3
      MAE=1.04°C  L2=0.0146  (9s)
  [11/20] Window [15.0 → 16.5s]  k=1  circle/nsga3
      MAE=0.92°C  L2=0.0093  (9s)
  [12/20] Window [16.5 → 18.0s]  k=1  circle/nsga3
      MAE=0.84°C  L2=0.0104  (9s)
  [13/20] Window [18.0 → 19.5s]  k=1  circle/nsga3
      MAE=0.72°C  L2=0.0068  (9s)
  [14/20] Window [19.5 → 21.0s]  k=1  circle/nsga3
      MAE=0.71°C  L2=0.0105  (9s)
  [15/20] Window [21.0 → 22.5s]  k=1  circle/nsga3
      MAE=0.78°C  L2=0.0076  (9s)
  [16/20] Window [22.5 → 24.0s]  k=1  circle/nsga3
      MAE=0.67°C  L2=0.0078  (9s)
  [17/20] Window [24.0 → 25.5s]  k=1  circle/nsga3
      MAE=0.51°C  L2=0.0035  (9s)
  [18/20] Window [25.5 → 27.0s]  k=1  circle/nsga3
      MAE=0.55°C  L2=0.0029  (9s)
  [19/20] Window [27.0 → 28.5s]  k=1  circle/nsga3
      MAE=0.62°C  L2=0.0086  (9s)
  [20/20] Window [28.5 → 30.0s]  k=1  circle/nsga3
      MAE=0.58°C  L2=0.0076  (9s)
  → Mean MAE=1.97°C  saved: circle_nsga3_k1_dim2.pt
  [1/10] Window [0.0 → 3.0s]  k=2  circle/nsga3
      MAE=19.10°C  L2=0.1039  (9s)
  [2/10] Window [3.0 → 6.0s]  k=2  circle/nsga3
      MAE=12.88°C  L2=0.0525  (9s)
  [3/10] Window [6.0 → 9.0s]  k=2  circle/nsga3
      MAE=4.23°C  L2=0.0234  (9s)
  [4/10] Window [9.0 → 12.0s]  k=2  circle/nsga3
      MAE=2.95°C  L2=0.0213  (9s)
  [5/10] Window [12.0 → 15.0s]  k=2  circle/nsga3
      MAE=3.50°C  L2=0.0172  (10s)
  [6/10] Window [15.0 → 18.0s]  k=2  circle/nsga3
      MAE=2.19°C  L2=0.0099  (10s)
  [7/10] Window [18.0 → 21.0s]  k=2  circle/nsga3
      MAE=1.78°C  L2=0.0124  (10s)
  [8/10] Window [21.0 → 24.0s]  k=2  circle/nsga3
      MAE=1.54°C  L2=0.0121  (9s)
  [9/10] Window [24.0 → 27.0s]  k=2  circle/nsga3
      MAE=1.11°C  L2=0.0079  (9s)
  [10/10] Window [27.0 → 30.0s]  k=2  circle/nsga3
      MAE=1.26°C  L2=0.0126  (8s)
  → Mean MAE=5.06°C  saved: circle_nsga3_k2_dim2.pt
  [1/7] Window [0.0 → 4.5s]  k=3  circle/nsga3
      MAE=23.88°C  L2=0.1164  (9s)
  [2/7] Window [4.5 → 9.0s]  k=3  circle/nsga3
      MAE=13.24°C  L2=0.0501  (9s)
  [3/7] Window [9.0 → 13.5s]  k=3  circle/nsga3
      MAE=9.07°C  L2=0.0300  (9s)
  [4/7] Window [13.5 → 18.0s]  k=3  circle/nsga3
      MAE=2.65°C  L2=0.0210  (9s)
  [5/7] Window [18.0 → 22.5s]  k=3  circle/nsga3
      MAE=2.77°C  L2=0.0172  (9s)
  [6/7] Window [22.5 → 27.0s]  k=3  circle/nsga3
      MAE=2.22°C  L2=0.0157  (9s)
  [7/7] Window [27.0 → 30.0s]  k=3  circle/nsga3
      MAE=1.41°C  L2=0.0146  (9s)
  → Mean MAE=7.89°C  saved: circle_nsga3_k3_dim2.pt
  [1/5] Window [0.0 → 6.0s]  k=4  circle/nsga3
      MAE=28.30°C  L2=0.1315  (9s)
  [2/5] Window [6.0 → 12.0s]  k=4  circle/nsga3
      MAE=9.35°C  L2=0.0373  (9s)
  [3/5] Window [12.0 → 18.0s]  k=4  circle/nsga3
      MAE=5.31°C  L2=0.0220  (9s)
  [4/5] Window [18.0 → 24.0s]  k=4  circle/nsga3
      MAE=2.66°C  L2=0.0202  (9s)
  [5/5] Window [24.0 → 30.0s]  k=4  circle/nsga3
      MAE=2.29°C  L2=0.0179  (9s)
  → Mean MAE=9.58°C  saved: circle_nsga3_k4_dim2.pt
  [1/4] Window [0.0 → 7.5s]  k=5  circle/nsga3
      MAE=32.70°C  L2=0.1456  (9s)
  [2/4] Window [7.5 → 15.0s]  k=5  circle/nsga3
      MAE=14.03°C  L2=0.0446  (9s)
  [3/4] Window [15.0 → 22.5s]  k=5  circle/nsga3
      MAE=4.89°C  L2=0.0222  (9s)
  [4/4] Window [22.5 → 30.0s]  k=5  circle/nsga3
      MAE=3.64°C  L2=0.0199  (9s)
  → Mean MAE=13.82°C  saved: circle_nsga3_k5_dim2.pt

  K-SWEEP RESULT  domain=circle  arch=nsga3
     k    mean MAE   n_windows
     1        1.97°C          20 ← best
     2        5.06°C          10
     3        7.89°C           7
     4        9.58°C           5
     5       13.82°C           4
  Registry updated: /home/coder/NAS-PINNS1/thermal_pinn/checkpoints/registry.json

============================================================
  K-SWEEP  domain=annulus  arch=bayesian  dim=2D
  k values: [1, 2, 3, 4, 5]
============================================================
  [1/20] Window [0.0 → 1.5s]  k=1  annulus/bayesian
      MAE=10.66°C  L2=0.0613  (11s)
  [2/20] Window [1.5 → 3.0s]  k=1  annulus/bayesian
      MAE=1.95°C  L2=0.0146  (10s)
  [3/20] Window [3.0 → 4.5s]  k=1  annulus/bayesian
      MAE=3.11°C  L2=0.0308  (10s)
  [4/20] Window [4.5 → 6.0s]  k=1  annulus/bayesian
      MAE=4.28°C  L2=0.0354  (10s)
  [5/20] Window [6.0 → 7.5s]  k=1  annulus/bayesian
      MAE=4.64°C  L2=0.0376  (10s)
  [6/20] Window [7.5 → 9.0s]  k=1  annulus/bayesian
      MAE=3.58°C  L2=0.0310  (10s)
  [7/20] Window [9.0 → 10.5s]  k=1  annulus/bayesian
      MAE=3.72°C  L2=0.0352  (10s)
  [8/20] Window [10.5 → 12.0s]  k=1  annulus/bayesian
      MAE=4.37°C  L2=0.0282  (10s)
  [9/20] Window [12.0 → 13.5s]  k=1  annulus/bayesian
      MAE=4.24°C  L2=0.0247  (10s)
  [10/20] Window [13.5 → 15.0s]  k=1  annulus/bayesian
      MAE=4.25°C  L2=0.0316  (10s)
  [11/20] Window [15.0 → 16.5s]  k=1  annulus/bayesian
      MAE=4.44°C  L2=0.0323  (10s)
  [12/20] Window [16.5 → 18.0s]  k=1  annulus/bayesian
      MAE=4.36°C  L2=0.0315  (11s)
  [13/20] Window [18.0 → 19.5s]  k=1  annulus/bayesian
      MAE=4.05°C  L2=0.0307  (11s)
  [14/20] Window [19.5 → 21.0s]  k=1  annulus/bayesian
      MAE=4.02°C  L2=0.0218  (10s)
  [15/20] Window [21.0 → 22.5s]  k=1  annulus/bayesian
      MAE=4.24°C  L2=0.0280  (10s)
  [16/20] Window [22.5 → 24.0s]  k=1  annulus/bayesian
      MAE=4.25°C  L2=0.0256  (9s)
  [17/20] Window [24.0 → 25.5s]  k=1  annulus/bayesian
      MAE=4.44°C  L2=0.0263  (10s)
  [18/20] Window [25.5 → 27.0s]  k=1  annulus/bayesian
      MAE=4.95°C  L2=0.0349  (9s)
  [19/20] Window [27.0 → 28.5s]  k=1  annulus/bayesian
      MAE=5.61°C  L2=0.0358  (10s)
  [20/20] Window [28.5 → 30.0s]  k=1  annulus/bayesian
      MAE=5.80°C  L2=0.0415  (10s)
  → Mean MAE=4.55°C  saved: annulus_bayesian_k1_dim2.pt
  [1/10] Window [0.0 → 3.0s]  k=2  annulus/bayesian
      MAE=11.79°C  L2=0.0575  (10s)
  [2/10] Window [3.0 → 6.0s]  k=2  annulus/bayesian
      MAE=4.11°C  L2=0.0288  (10s)
  [3/10] Window [6.0 → 9.0s]  k=2  annulus/bayesian
      MAE=4.84°C  L2=0.0354  (10s)
  [4/10] Window [9.0 → 12.0s]  k=2  annulus/bayesian
      MAE=5.55°C  L2=0.0425  (10s)
  [5/10] Window [12.0 → 15.0s]  k=2  annulus/bayesian
      MAE=2.60°C  L2=0.0183  (10s)
  [6/10] Window [15.0 → 18.0s]  k=2  annulus/bayesian
      MAE=4.73°C  L2=0.0363  (11s)
  [7/10] Window [18.0 → 21.0s]  k=2  annulus/bayesian
      MAE=3.80°C  L2=0.0304  (11s)
  [8/10] Window [21.0 → 24.0s]  k=2  annulus/bayesian
      MAE=3.63°C  L2=0.0220  (10s)
  [9/10] Window [24.0 → 27.0s]  k=2  annulus/bayesian
      MAE=4.31°C  L2=0.0316  (10s)
  [10/10] Window [27.0 → 30.0s]  k=2  annulus/bayesian
      MAE=3.37°C  L2=0.0267  (10s)
  → Mean MAE=4.87°C  saved: annulus_bayesian_k2_dim2.pt
  [1/7] Window [0.0 → 4.5s]  k=3  annulus/bayesian
      MAE=12.97°C  L2=0.0623  (10s)
  [2/7] Window [4.5 → 9.0s]  k=3  annulus/bayesian
      MAE=3.49°C  L2=0.0215  (10s)
  [3/7] Window [9.0 → 13.5s]  k=3  annulus/bayesian
      MAE=3.42°C  L2=0.0230  (10s)
  [4/7] Window [13.5 → 18.0s]  k=3  annulus/bayesian
      MAE=3.68°C  L2=0.0304  (10s)
  [5/7] Window [18.0 → 22.5s]  k=3  annulus/bayesian
      MAE=5.01°C  L2=0.0424  (10s)
  [6/7] Window [22.5 → 27.0s]  k=3  annulus/bayesian
      MAE=4.53°C  L2=0.0398  (10s)
  [7/7] Window [27.0 → 30.0s]  k=3  annulus/bayesian
      MAE=3.56°C  L2=0.0294  (10s)
  → Mean MAE=5.24°C  saved: annulus_bayesian_k3_dim2.pt
  [1/5] Window [0.0 → 6.0s]  k=4  annulus/bayesian
      MAE=14.02°C  L2=0.0630  (11s)
  [2/5] Window [6.0 → 12.0s]  k=4  annulus/bayesian
      MAE=4.43°C  L2=0.0216  (11s)
  [3/5] Window [12.0 → 18.0s]  k=4  annulus/bayesian
      MAE=4.82°C  L2=0.0318  (11s)
  [4/5] Window [18.0 → 24.0s]  k=4  annulus/bayesian
      MAE=4.80°C  L2=0.0365  (10s)
  [5/5] Window [24.0 → 30.0s]  k=4  annulus/bayesian
      MAE=4.19°C  L2=0.0260  (10s)
  → Mean MAE=6.45°C  saved: annulus_bayesian_k4_dim2.pt
  [1/4] Window [0.0 → 7.5s]  k=5  annulus/bayesian
      MAE=15.88°C  L2=0.0739  (10s)
  [2/4] Window [7.5 → 15.0s]  k=5  annulus/bayesian
      MAE=4.95°C  L2=0.0241  (10s)
  [3/4] Window [15.0 → 22.5s]  k=5  annulus/bayesian
      MAE=4.58°C  L2=0.0272  (11s)
  [4/4] Window [22.5 → 30.0s]  k=5  annulus/bayesian
      MAE=5.18°C  L2=0.0373  (10s)
  → Mean MAE=7.65°C  saved: annulus_bayesian_k5_dim2.pt

  K-SWEEP RESULT  domain=annulus  arch=bayesian
     k    mean MAE   n_windows
     1        4.55°C          20 ← best
     2        4.87°C          10
     3        5.24°C           7
     4        6.45°C           5
     5        7.65°C           4
  Registry updated: /home/coder/NAS-PINNS1/thermal_pinn/checkpoints/registry.json

============================================================
  K-SWEEP  domain=annulus  arch=nsga2  dim=2D
  k values: [1, 2, 3, 4, 5]
============================================================
  [1/20] Window [0.0 → 1.5s]  k=1  annulus/nsga2
      MAE=50.12°C  L2=0.1518  (9s)
  [2/20] Window [1.5 → 3.0s]  k=1  annulus/nsga2
      MAE=22.61°C  L2=0.1067  (9s)
  [3/20] Window [3.0 → 4.5s]  k=1  annulus/nsga2
      MAE=18.44°C  L2=0.0814  (9s)
  [4/20] Window [4.5 → 6.0s]  k=1  annulus/nsga2
      MAE=14.56°C  L2=0.0662  (9s)
  [5/20] Window [6.0 → 7.5s]  k=1  annulus/nsga2
      MAE=10.48°C  L2=0.0506  (9s)
  [6/20] Window [7.5 → 9.0s]  k=1  annulus/nsga2
      MAE=10.61°C  L2=0.0493  (10s)
  [7/20] Window [9.0 → 10.5s]  k=1  annulus/nsga2
      MAE=9.37°C  L2=0.0442  (9s)
  [8/20] Window [10.5 → 12.0s]  k=1  annulus/nsga2
      MAE=9.30°C  L2=0.0395  (9s)
  [9/20] Window [12.0 → 13.5s]  k=1  annulus/nsga2
      MAE=8.79°C  L2=0.0376  (9s)
  [10/20] Window [13.5 → 15.0s]  k=1  annulus/nsga2
      MAE=9.00°C  L2=0.0416  (10s)
  [11/20] Window [15.0 → 16.5s]  k=1  annulus/nsga2
      MAE=9.52°C  L2=0.0420  (9s)
  [12/20] Window [16.5 → 18.0s]  k=1  annulus/nsga2
      MAE=7.36°C  L2=0.0368  (9s)
  [13/20] Window [18.0 → 19.5s]  k=1  annulus/nsga2
      MAE=7.62°C  L2=0.0380  (9s)
  [14/20] Window [19.5 → 21.0s]  k=1  annulus/nsga2
      MAE=6.33°C  L2=0.0286  (9s)
  [15/20] Window [21.0 → 22.5s]  k=1  annulus/nsga2
      MAE=7.43°C  L2=0.0387  (10s)
  [16/20] Window [22.5 → 24.0s]  k=1  annulus/nsga2
      MAE=5.93°C  L2=0.0323  (9s)
  [17/20] Window [24.0 → 25.5s]  k=1  annulus/nsga2
      MAE=6.65°C  L2=0.0304  (9s)
  [18/20] Window [25.5 → 27.0s]  k=1  annulus/nsga2
      MAE=6.46°C  L2=0.0278  (9s)
  [19/20] Window [27.0 → 28.5s]  k=1  annulus/nsga2
      MAE=6.53°C  L2=0.0310  (9s)
  [20/20] Window [28.5 → 30.0s]  k=1  annulus/nsga2
      MAE=7.27°C  L2=0.0368  (9s)
  → Mean MAE=11.72°C  saved: annulus_nsga2_k1_dim2.pt
  [1/10] Window [0.0 → 3.0s]  k=2  annulus/nsga2
      MAE=57.96°C  L2=0.1614  (9s)
  [2/10] Window [3.0 → 6.0s]  k=2  annulus/nsga2
      MAE=35.47°C  L2=0.1426  (9s)
  [3/10] Window [6.0 → 9.0s]  k=2  annulus/nsga2
      MAE=16.79°C  L2=0.0657  (10s)
  [4/10] Window [9.0 → 12.0s]  k=2  annulus/nsga2
      MAE=12.96°C  L2=0.0574  (9s)
  [5/10] Window [12.0 → 15.0s]  k=2  annulus/nsga2
      MAE=10.26°C  L2=0.0398  (9s)
  [6/10] Window [15.0 → 18.0s]  k=2  annulus/nsga2
      MAE=13.53°C  L2=0.0575  (9s)
  [7/10] Window [18.0 → 21.0s]  k=2  annulus/nsga2
      MAE=10.32°C  L2=0.0445  (9s)
  [8/10] Window [21.0 → 24.0s]  k=2  annulus/nsga2
      MAE=9.42°C  L2=0.0386  (9s)
  [9/10] Window [24.0 → 27.0s]  k=2  annulus/nsga2
      MAE=8.27°C  L2=0.0321  (9s)
  [10/10] Window [27.0 → 30.0s]  k=2  annulus/nsga2
      MAE=9.21°C  L2=0.0484  (9s)
  → Mean MAE=18.42°C  saved: annulus_nsga2_k2_dim2.pt
  [1/7] Window [0.0 → 4.5s]  k=3  annulus/nsga2
      MAE=38.55°C  L2=0.1579  (9s)
  [2/7] Window [4.5 → 9.0s]  k=3  annulus/nsga2
      MAE=45.83°C  L2=0.1621  (9s)
  [3/7] Window [9.0 → 13.5s]  k=3  annulus/nsga2
      MAE=19.36°C  L2=0.0693  (9s)
  [4/7] Window [13.5 → 18.0s]  k=3  annulus/nsga2
      MAE=15.18°C  L2=0.0625  (9s)
  [5/7] Window [18.0 → 22.5s]  k=3  annulus/nsga2
      MAE=13.30°C  L2=0.0513  (9s)
  [6/7] Window [22.5 → 27.0s]  k=3  annulus/nsga2
      MAE=11.75°C  L2=0.0522  (9s)
  [7/7] Window [27.0 → 30.0s]  k=3  annulus/nsga2
      MAE=12.01°C  L2=0.0506  (9s)
  → Mean MAE=22.28°C  saved: annulus_nsga2_k3_dim2.pt
  [1/5] Window [0.0 → 6.0s]  k=4  annulus/nsga2
      MAE=41.23°C  L2=0.1673  (10s)
  [2/5] Window [6.0 → 12.0s]  k=4  annulus/nsga2
      MAE=35.10°C  L2=0.1332  (10s)
  [3/5] Window [12.0 → 18.0s]  k=4  annulus/nsga2
      MAE=20.97°C  L2=0.0809  (9s)
  [4/5] Window [18.0 → 24.0s]  k=4  annulus/nsga2
      MAE=14.56°C  L2=0.0646  (10s)
  [5/5] Window [24.0 → 30.0s]  k=4  annulus/nsga2
      MAE=13.49°C  L2=0.0549  (9s)
  → Mean MAE=25.07°C  saved: annulus_nsga2_k4_dim2.pt
  [1/4] Window [0.0 → 7.5s]  k=5  annulus/nsga2
      MAE=72.52°C  L2=0.2070  (9s)
  [2/4] Window [7.5 → 15.0s]  k=5  annulus/nsga2
      MAE=25.46°C  L2=0.0885  (9s)
  [3/4] Window [15.0 → 22.5s]  k=5  annulus/nsga2
      MAE=14.94°C  L2=0.0576  (10s)
  [4/4] Window [22.5 → 30.0s]  k=5  annulus/nsga2
      MAE=13.29°C  L2=0.0586  (9s)
  → Mean MAE=31.55°C  saved: annulus_nsga2_k5_dim2.pt

  K-SWEEP RESULT  domain=annulus  arch=nsga2
     k    mean MAE   n_windows
     1       11.72°C          20 ← best
     2       18.42°C          10
     3       22.28°C           7
     4       25.07°C           5
     5       31.55°C           4
  Registry updated: /home/coder/NAS-PINNS1/thermal_pinn/checkpoints/registry.json

============================================================
  K-SWEEP  domain=annulus  arch=nsga3  dim=2D
  k values: [1, 2, 3, 4, 5]
============================================================
  [1/20] Window [0.0 → 1.5s]  k=1  annulus/nsga3
      MAE=35.89°C  L2=0.1444  (9s)
  [2/20] Window [1.5 → 3.0s]  k=1  annulus/nsga3
      MAE=23.83°C  L2=0.1112  (9s)
  [3/20] Window [3.0 → 4.5s]  k=1  annulus/nsga3
      MAE=27.38°C  L2=0.1136  (10s)
  [4/20] Window [4.5 → 6.0s]  k=1  annulus/nsga3
      MAE=23.81°C  L2=0.0992  (9s)
  [5/20] Window [6.0 → 7.5s]  k=1  annulus/nsga3
      MAE=18.20°C  L2=0.0754  (9s)
  [6/20] Window [7.5 → 9.0s]  k=1  annulus/nsga3
      MAE=10.69°C  L2=0.0481  (9s)
  [7/20] Window [9.0 → 10.5s]  k=1  annulus/nsga3
      MAE=12.17°C  L2=0.0502  (9s)
  [8/20] Window [10.5 → 12.0s]  k=1  annulus/nsga3
      MAE=9.45°C  L2=0.0394  (10s)
  [9/20] Window [12.0 → 13.5s]  k=1  annulus/nsga3
      MAE=9.08°C  L2=0.0360  (9s)
  [10/20] Window [13.5 → 15.0s]  k=1  annulus/nsga3
      MAE=8.58°C  L2=0.0409  (9s)
  [11/20] Window [15.0 → 16.5s]  k=1  annulus/nsga3
      MAE=8.85°C  L2=0.0388  (9s)
  [12/20] Window [16.5 → 18.0s]  k=1  annulus/nsga3
      MAE=7.04°C  L2=0.0341  (9s)
  [13/20] Window [18.0 → 19.5s]  k=1  annulus/nsga3
      MAE=7.62°C  L2=0.0382  (9s)
  [14/20] Window [19.5 → 21.0s]  k=1  annulus/nsga3
      MAE=7.63°C  L2=0.0329  (9s)
  [15/20] Window [21.0 → 22.5s]  k=1  annulus/nsga3
      MAE=7.62°C  L2=0.0368  (9s)
  [16/20] Window [22.5 → 24.0s]  k=1  annulus/nsga3
      MAE=7.17°C  L2=0.0379  (9s)
  [17/20] Window [24.0 → 25.5s]  k=1  annulus/nsga3
      MAE=8.16°C  L2=0.0323  (9s)
  [18/20] Window [25.5 → 27.0s]  k=1  annulus/nsga3
      MAE=7.01°C  L2=0.0301  (9s)
  [19/20] Window [27.0 → 28.5s]  k=1  annulus/nsga3
      MAE=6.43°C  L2=0.0285  (9s)
  [20/20] Window [28.5 → 30.0s]  k=1  annulus/nsga3
      MAE=7.29°C  L2=0.0347  (9s)
  → Mean MAE=12.70°C  saved: annulus_nsga3_k1_dim2.pt
  [1/10] Window [0.0 → 3.0s]  k=2  annulus/nsga3
      MAE=44.16°C  L2=0.1616  (9s)
  [2/10] Window [3.0 → 6.0s]  k=2  annulus/nsga3
      MAE=36.41°C  L2=0.1454  (10s)
  [3/10] Window [6.0 → 9.0s]  k=2  annulus/nsga3
      MAE=16.89°C  L2=0.0657  (9s)
  [4/10] Window [9.0 → 12.0s]  k=2  annulus/nsga3
      MAE=12.65°C  L2=0.0554  (9s)
  [5/10] Window [12.0 → 15.0s]  k=2  annulus/nsga3
      MAE=10.43°C  L2=0.0466  (9s)
  [6/10] Window [15.0 → 18.0s]  k=2  annulus/nsga3
      MAE=9.37°C  L2=0.0527  (10s)
  [7/10] Window [18.0 → 21.0s]  k=2  annulus/nsga3
      MAE=8.66°C  L2=0.0408  (10s)
  [8/10] Window [21.0 → 24.0s]  k=2  annulus/nsga3
      MAE=8.08°C  L2=0.0377  (9s)
  [9/10] Window [24.0 → 27.0s]  k=2  annulus/nsga3
      MAE=9.05°C  L2=0.0390  (9s)
  [10/10] Window [27.0 → 30.0s]  k=2  annulus/nsga3
      MAE=9.07°C  L2=0.0410  (9s)
  → Mean MAE=16.48°C  saved: annulus_nsga3_k2_dim2.pt
  [1/7] Window [0.0 → 4.5s]  k=3  annulus/nsga3
      MAE=57.75°C  L2=0.1811  (10s)
  [2/7] Window [4.5 → 9.0s]  k=3  annulus/nsga3
      MAE=45.90°C  L2=0.1569  (10s)
  [3/7] Window [9.0 → 13.5s]  k=3  annulus/nsga3
      MAE=20.20°C  L2=0.0731  (10s)
  [4/7] Window [13.5 → 18.0s]  k=3  annulus/nsga3
      MAE=16.05°C  L2=0.0631  (9s)
  [5/7] Window [18.0 → 22.5s]  k=3  annulus/nsga3
      MAE=13.89°C  L2=0.0566  (9s)
  [6/7] Window [22.5 → 27.0s]  k=3  annulus/nsga3
      MAE=11.87°C  L2=0.0508  (9s)
  [7/7] Window [27.0 → 30.0s]  k=3  annulus/nsga3
      MAE=10.52°C  L2=0.0458  (9s)
  → Mean MAE=25.17°C  saved: annulus_nsga3_k3_dim2.pt
  [1/5] Window [0.0 → 6.0s]  k=4  annulus/nsga3
      MAE=61.43°C  L2=0.1929  (9s)
  [2/5] Window [6.0 → 12.0s]  k=4  annulus/nsga3
      MAE=43.52°C  L2=0.1492  (9s)
  [3/5] Window [12.0 → 18.0s]  k=4  annulus/nsga3
      MAE=18.30°C  L2=0.0726  (9s)
  [4/5] Window [18.0 → 24.0s]  k=4  annulus/nsga3
      MAE=17.75°C  L2=0.0682  (9s)
  [5/5] Window [24.0 → 30.0s]  k=4  annulus/nsga3
      MAE=14.22°C  L2=0.0552  (9s)
  → Mean MAE=31.04°C  saved: annulus_nsga3_k4_dim2.pt
  [1/4] Window [0.0 → 7.5s]  k=5  annulus/nsga3
      MAE=49.33°C  L2=0.1908  (9s)
  [2/4] Window [7.5 → 15.0s]  k=5  annulus/nsga3
      MAE=34.05°C  L2=0.1210  (9s)
  [3/4] Window [15.0 → 22.5s]  k=5  annulus/nsga3
      MAE=22.78°C  L2=0.0883  (9s)
  [4/4] Window [22.5 → 30.0s]  k=5  annulus/nsga3
      MAE=18.20°C  L2=0.0755  (9s)
  → Mean MAE=31.09°C  saved: annulus_nsga3_k5_dim2.pt

  K-SWEEP RESULT  domain=annulus  arch=nsga3
     k    mean MAE   n_windows
     1       12.70°C          20 ← best
     2       16.48°C          10
     3       25.17°C           7
     4       31.04°C           5
     5       31.09°C           4
  Registry updated: /home/coder/NAS-PINNS1/thermal_pinn/checkpoints/registry.json

============================================================
  K-SWEEP  domain=lshape  arch=bayesian  dim=2D
  k values: [1, 2, 3, 4, 5]
============================================================
  LShape2D: solving FD reference on 40×40 grid…
  [1/20] Window [0.0 → 1.5s]  k=1  lshape/bayesian
      MAE=7.77°C  L2=0.0452  (10s)
  [2/20] Window [1.5 → 3.0s]  k=1  lshape/bayesian
      MAE=3.24°C  L2=0.0294  (9s)
  [3/20] Window [3.0 → 4.5s]  k=1  lshape/bayesian
      MAE=2.37°C  L2=0.0130  (9s)
  [4/20] Window [4.5 → 6.0s]  k=1  lshape/bayesian
      MAE=2.57°C  L2=0.0272  (9s)
  [5/20] Window [6.0 → 7.5s]  k=1  lshape/bayesian
      MAE=1.32°C  L2=0.0052  (10s)
  [6/20] Window [7.5 → 9.0s]  k=1  lshape/bayesian
      MAE=2.45°C  L2=0.0286  (10s)
  [7/20] Window [9.0 → 10.5s]  k=1  lshape/bayesian
      MAE=1.64°C  L2=0.0145  (10s)
  [8/20] Window [10.5 → 12.0s]  k=1  lshape/bayesian
      MAE=2.33°C  L2=0.0283  (10s)
  [9/20] Window [12.0 → 13.5s]  k=1  lshape/bayesian
      MAE=0.99°C  L2=0.0052  (10s)
  [10/20] Window [13.5 → 15.0s]  k=1  lshape/bayesian
      MAE=0.76°C  L2=0.0035  (10s)
  [11/20] Window [15.0 → 16.5s]  k=1  lshape/bayesian
      MAE=1.20°C  L2=0.0122  (10s)
  [12/20] Window [16.5 → 18.0s]  k=1  lshape/bayesian
      MAE=1.00°C  L2=0.0077  (10s)
  [13/20] Window [18.0 → 19.5s]  k=1  lshape/bayesian
      MAE=1.31°C  L2=0.0154  (10s)
  [14/20] Window [19.5 → 21.0s]  k=1  lshape/bayesian
      MAE=1.24°C  L2=0.0174  (10s)
  [15/20] Window [21.0 → 22.5s]  k=1  lshape/bayesian
      MAE=1.80°C  L2=0.0278  (10s)
  [16/20] Window [22.5 → 24.0s]  k=1  lshape/bayesian
      MAE=1.58°C  L2=0.0197  (10s)
  [17/20] Window [24.0 → 25.5s]  k=1  lshape/bayesian
      MAE=1.14°C  L2=0.0125  (10s)
  [18/20] Window [25.5 → 27.0s]  k=1  lshape/bayesian
      MAE=1.96°C  L2=0.0246  (10s)
  [19/20] Window [27.0 → 28.5s]  k=1  lshape/bayesian
      MAE=1.21°C  L2=0.0125  (10s)
  [20/20] Window [28.5 → 30.0s]  k=1  lshape/bayesian
      MAE=0.69°C  L2=0.0050  (10s)
  → Mean MAE=1.93°C  saved: lshape_bayesian_k1_dim2.pt
  LShape2D: solving FD reference on 40×40 grid…
  [1/10] Window [0.0 → 3.0s]  k=2  lshape/bayesian
      MAE=7.92°C  L2=0.0440  (9s)
  [2/10] Window [3.0 → 6.0s]  k=2  lshape/bayesian
      MAE=3.17°C  L2=0.0141  (11s)
  [3/10] Window [6.0 → 9.0s]  k=2  lshape/bayesian
      MAE=2.77°C  L2=0.0202  (10s)
  [4/10] Window [9.0 → 12.0s]  k=2  lshape/bayesian
      MAE=2.09°C  L2=0.0116  (10s)
  [5/10] Window [12.0 → 15.0s]  k=2  lshape/bayesian
      MAE=1.59°C  L2=0.0061  (10s)
  [6/10] Window [15.0 → 18.0s]  k=2  lshape/bayesian
      MAE=1.70°C  L2=0.0119  (10s)
  [7/10] Window [18.0 → 21.0s]  k=2  lshape/bayesian
      MAE=1.71°C  L2=0.0114  (10s)
  [8/10] Window [21.0 → 24.0s]  k=2  lshape/bayesian
      MAE=1.64°C  L2=0.0144  (10s)
  [9/10] Window [24.0 → 27.0s]  k=2  lshape/bayesian
      MAE=1.18°C  L2=0.0047  (10s)
  [10/10] Window [27.0 → 30.0s]  k=2  lshape/bayesian
      MAE=1.05°C  L2=0.0054  (10s)
  → Mean MAE=2.48°C  saved: lshape_bayesian_k2_dim2.pt
  LShape2D: solving FD reference on 40×40 grid…
  [1/7] Window [0.0 → 4.5s]  k=3  lshape/bayesian
      MAE=7.68°C  L2=0.0421  (10s)
  [2/7] Window [4.5 → 9.0s]  k=3  lshape/bayesian
      MAE=3.73°C  L2=0.0189  (11s)
  [3/7] Window [9.0 → 13.5s]  k=3  lshape/bayesian
      MAE=2.64°C  L2=0.0149  (10s)
  [4/7] Window [13.5 → 18.0s]  k=3  lshape/bayesian
      MAE=3.98°C  L2=0.0335  (10s)
  [5/7] Window [18.0 → 22.5s]  k=3  lshape/bayesian
      MAE=1.72°C  L2=0.0059  (10s)
  [6/7] Window [22.5 → 27.0s]  k=3  lshape/bayesian
      MAE=1.81°C  L2=0.0118  (10s)
  [7/7] Window [27.0 → 30.0s]  k=3  lshape/bayesian
      MAE=1.23°C  L2=0.0094  (10s)
  → Mean MAE=3.25°C  saved: lshape_bayesian_k3_dim2.pt
  LShape2D: solving FD reference on 40×40 grid…
  [1/5] Window [0.0 → 6.0s]  k=4  lshape/bayesian
      MAE=8.55°C  L2=0.0448  (10s)
  [2/5] Window [6.0 → 12.0s]  k=4  lshape/bayesian
      MAE=3.92°C  L2=0.0174  (10s)
  [3/5] Window [12.0 → 18.0s]  k=4  lshape/bayesian
      MAE=2.90°C  L2=0.0165  (11s)
  [4/5] Window [18.0 → 24.0s]  k=4  lshape/bayesian
      MAE=3.28°C  L2=0.0228  (10s)
  [5/5] Window [24.0 → 30.0s]  k=4  lshape/bayesian
      MAE=1.85°C  L2=0.0068  (10s)
  → Mean MAE=4.10°C  saved: lshape_bayesian_k4_dim2.pt
  LShape2D: solving FD reference on 40×40 grid…
  [1/4] Window [0.0 → 7.5s]  k=5  lshape/bayesian
      MAE=9.44°C  L2=0.0484  (10s)
  [2/4] Window [7.5 → 15.0s]  k=5  lshape/bayesian
      MAE=4.48°C  L2=0.0211  (9s)
  [3/4] Window [15.0 → 22.5s]  k=5  lshape/bayesian
      MAE=4.02°C  L2=0.0164  (10s)
  [4/4] Window [22.5 → 30.0s]  k=5  lshape/bayesian
      MAE=2.96°C  L2=0.0172  (10s)
  → Mean MAE=5.23°C  saved: lshape_bayesian_k5_dim2.pt

  K-SWEEP RESULT  domain=lshape  arch=bayesian
     k    mean MAE   n_windows
     1        1.93°C          20 ← best
     2        2.48°C          10
     3        3.25°C           7
     4        4.10°C           5
     5        5.23°C           4
  Registry updated: /home/coder/NAS-PINNS1/thermal_pinn/checkpoints/registry.json

============================================================
  K-SWEEP  domain=lshape  arch=nsga2  dim=2D
  k values: [1, 2, 3, 4, 5]
============================================================
  LShape2D: solving FD reference on 40×40 grid…
  [1/20] Window [0.0 → 1.5s]  k=1  lshape/nsga2
      MAE=36.15°C  L2=0.1240  (11s)
  [2/20] Window [1.5 → 3.0s]  k=1  lshape/nsga2
      MAE=4.16°C  L2=0.0159  (9s)
  [3/20] Window [3.0 → 4.5s]  k=1  lshape/nsga2
      MAE=3.10°C  L2=0.0124  (9s)
  [4/20] Window [4.5 → 6.0s]  k=1  lshape/nsga2
      MAE=2.20°C  L2=0.0096  (9s)
  [5/20] Window [6.0 → 7.5s]  k=1  lshape/nsga2
      MAE=2.10°C  L2=0.0090  (8s)
  [6/20] Window [7.5 → 9.0s]  k=1  lshape/nsga2
      MAE=2.35°C  L2=0.0127  (8s)
  [7/20] Window [9.0 → 10.5s]  k=1  lshape/nsga2
      MAE=2.00°C  L2=0.0097  (8s)
  [8/20] Window [10.5 → 12.0s]  k=1  lshape/nsga2
      MAE=2.61°C  L2=0.0153  (9s)
  [9/20] Window [12.0 → 13.5s]  k=1  lshape/nsga2
      MAE=2.07°C  L2=0.0080  (10s)
  [10/20] Window [13.5 → 15.0s]  k=1  lshape/nsga2
      MAE=1.64°C  L2=0.0094  (9s)
  [11/20] Window [15.0 → 16.5s]  k=1  lshape/nsga2
      MAE=1.98°C  L2=0.0119  (9s)
  [12/20] Window [16.5 → 18.0s]  k=1  lshape/nsga2
      MAE=1.75°C  L2=0.0104  (9s)
  [13/20] Window [18.0 → 19.5s]  k=1  lshape/nsga2
      MAE=1.35°C  L2=0.0077  (9s)
  [14/20] Window [19.5 → 21.0s]  k=1  lshape/nsga2
      MAE=1.59°C  L2=0.0081  (10s)
  [15/20] Window [21.0 → 22.5s]  k=1  lshape/nsga2
      MAE=2.26°C  L2=0.0126  (9s)
  [16/20] Window [22.5 → 24.0s]  k=1  lshape/nsga2
      MAE=1.65°C  L2=0.0089  (10s)
  [17/20] Window [24.0 → 25.5s]  k=1  lshape/nsga2
      MAE=1.86°C  L2=0.0109  (11s)
  [18/20] Window [25.5 → 27.0s]  k=1  lshape/nsga2
      MAE=1.75°C  L2=0.0101  (11s)
  [19/20] Window [27.0 → 28.5s]  k=1  lshape/nsga2
      MAE=1.44°C  L2=0.0081  (9s)
  [20/20] Window [28.5 → 30.0s]  k=1  lshape/nsga2
      MAE=1.43°C  L2=0.0075  (8s)
  → Mean MAE=3.77°C  saved: lshape_nsga2_k1_dim2.pt
  LShape2D: solving FD reference on 40×40 grid…
  [1/10] Window [0.0 → 3.0s]  k=2  lshape/nsga2
      MAE=38.65°C  L2=0.1499  (9s)
  [2/10] Window [3.0 → 6.0s]  k=2  lshape/nsga2
      MAE=5.81°C  L2=0.0220  (9s)
  [3/10] Window [6.0 → 9.0s]  k=2  lshape/nsga2
      MAE=3.47°C  L2=0.0139  (10s)
  [4/10] Window [9.0 → 12.0s]  k=2  lshape/nsga2
      MAE=2.72°C  L2=0.0114  (9s)
  [5/10] Window [12.0 → 15.0s]  k=2  lshape/nsga2
      MAE=2.93°C  L2=0.0116  (10s)
  [6/10] Window [15.0 → 18.0s]  k=2  lshape/nsga2
      MAE=2.31°C  L2=0.0100  (10s)
  [7/10] Window [18.0 → 21.0s]  k=2  lshape/nsga2
      MAE=2.25°C  L2=0.0098  (9s)
  [8/10] Window [21.0 → 24.0s]  k=2  lshape/nsga2
      MAE=2.43°C  L2=0.0127  (9s)
  [9/10] Window [24.0 → 27.0s]  k=2  lshape/nsga2
      MAE=1.88°C  L2=0.0082  (9s)
  [10/10] Window [27.0 → 30.0s]  k=2  lshape/nsga2
      MAE=1.73°C  L2=0.0079  (9s)
  → Mean MAE=6.42°C  saved: lshape_nsga2_k2_dim2.pt
  LShape2D: solving FD reference on 40×40 grid…
  [1/7] Window [0.0 → 4.5s]  k=3  lshape/nsga2
      MAE=50.40°C  L2=0.1605  (9s)
  [2/7] Window [4.5 → 9.0s]  k=3  lshape/nsga2
      MAE=6.81°C  L2=0.0279  (9s)
  [3/7] Window [9.0 → 13.5s]  k=3  lshape/nsga2
      MAE=4.56°C  L2=0.0178  (9s)
  [4/7] Window [13.5 → 18.0s]  k=3  lshape/nsga2
      MAE=3.32°C  L2=0.0125  (9s)
  [5/7] Window [18.0 → 22.5s]  k=3  lshape/nsga2
      MAE=3.02°C  L2=0.0113  (10s)
  [6/7] Window [22.5 → 27.0s]  k=3  lshape/nsga2
      MAE=2.44°C  L2=0.0103  (11s)
  [7/7] Window [27.0 → 30.0s]  k=3  lshape/nsga2
      MAE=1.90°C  L2=0.0100  (11s)
  → Mean MAE=10.35°C  saved: lshape_nsga2_k3_dim2.pt
  LShape2D: solving FD reference on 40×40 grid…
  [1/5] Window [0.0 → 6.0s]  k=4  lshape/nsga2
      MAE=41.40°C  L2=0.1710  (10s)
  [2/5] Window [6.0 → 12.0s]  k=4  lshape/nsga2
      MAE=7.41°C  L2=0.0245  (9s)
  [3/5] Window [12.0 → 18.0s]  k=4  lshape/nsga2
      MAE=4.67°C  L2=0.0172  (9s)
  [4/5] Window [18.0 → 24.0s]  k=4  lshape/nsga2
      MAE=3.74°C  L2=0.0130  (9s)
  [5/5] Window [24.0 → 30.0s]  k=4  lshape/nsga2
      MAE=2.83°C  L2=0.0114  (9s)
  → Mean MAE=12.01°C  saved: lshape_nsga2_k4_dim2.pt
  LShape2D: solving FD reference on 40×40 grid…
  [1/4] Window [0.0 → 7.5s]  k=5  lshape/nsga2
      MAE=48.67°C  L2=0.1824  (10s)
  [2/4] Window [7.5 → 15.0s]  k=5  lshape/nsga2
      MAE=8.93°C  L2=0.0288  (9s)
  [3/4] Window [15.0 → 22.5s]  k=5  lshape/nsga2
      MAE=5.36°C  L2=0.0184  (9s)
  [4/4] Window [22.5 → 30.0s]  k=5  lshape/nsga2
      MAE=3.94°C  L2=0.0136  (10s)
  → Mean MAE=16.73°C  saved: lshape_nsga2_k5_dim2.pt

  K-SWEEP RESULT  domain=lshape  arch=nsga2
     k    mean MAE   n_windows
     1        3.77°C          20 ← best
     2        6.42°C          10
     3       10.35°C           7
     4       12.01°C           5
     5       16.73°C           4
  Registry updated: /home/coder/NAS-PINNS1/thermal_pinn/checkpoints/registry.json

============================================================
  K-SWEEP  domain=lshape  arch=nsga3  dim=2D
  k values: [1, 2, 3, 4, 5]
============================================================
  LShape2D: solving FD reference on 40×40 grid…
  [1/20] Window [0.0 → 1.5s]  k=1  lshape/nsga3
      MAE=27.58°C  L2=0.1249  (10s)
  [2/20] Window [1.5 → 3.0s]  k=1  lshape/nsga3
      MAE=7.35°C  L2=0.0240  (9s)
  [3/20] Window [3.0 → 4.5s]  k=1  lshape/nsga3
      MAE=3.06°C  L2=0.0144  (10s)
  [4/20] Window [4.5 → 6.0s]  k=1  lshape/nsga3
      MAE=2.59°C  L2=0.0116  (10s)
  [5/20] Window [6.0 → 7.5s]  k=1  lshape/nsga3
      MAE=2.31°C  L2=0.0103  (9s)
  [6/20] Window [7.5 → 9.0s]  k=1  lshape/nsga3
      MAE=2.43°C  L2=0.0125  (9s)
  [7/20] Window [9.0 → 10.5s]  k=1  lshape/nsga3
      MAE=2.56°C  L2=0.0111  (9s)
  [8/20] Window [10.5 → 12.0s]  k=1  lshape/nsga3
      MAE=2.67°C  L2=0.0148  (9s)
  [9/20] Window [12.0 → 13.5s]  k=1  lshape/nsga3
      MAE=1.98°C  L2=0.0090  (9s)
  [10/20] Window [13.5 → 15.0s]  k=1  lshape/nsga3
      MAE=1.93°C  L2=0.0100  (9s)
  [11/20] Window [15.0 → 16.5s]  k=1  lshape/nsga3
      MAE=2.54°C  L2=0.0138  (9s)
  [12/20] Window [16.5 → 18.0s]  k=1  lshape/nsga3
      MAE=1.96°C  L2=0.0113  (9s)
  [13/20] Window [18.0 → 19.5s]  k=1  lshape/nsga3
      MAE=1.89°C  L2=0.0118  (10s)
  [14/20] Window [19.5 → 21.0s]  k=1  lshape/nsga3
      MAE=1.60°C  L2=0.0087  (9s)
  [15/20] Window [21.0 → 22.5s]  k=1  lshape/nsga3
      MAE=1.80°C  L2=0.0103  (9s)
  [16/20] Window [22.5 → 24.0s]  k=1  lshape/nsga3
      MAE=1.52°C  L2=0.0094  (9s)
  [17/20] Window [24.0 → 25.5s]  k=1  lshape/nsga3
      MAE=1.62°C  L2=0.0113  (9s)
  [18/20] Window [25.5 → 27.0s]  k=1  lshape/nsga3
      MAE=1.49°C  L2=0.0104  (9s)
  [19/20] Window [27.0 → 28.5s]  k=1  lshape/nsga3
      MAE=1.24°C  L2=0.0091  (9s)
  [20/20] Window [28.5 → 30.0s]  k=1  lshape/nsga3
      MAE=1.31°C  L2=0.0094  (9s)
  → Mean MAE=3.57°C  saved: lshape_nsga3_k1_dim2.pt
  LShape2D: solving FD reference on 40×40 grid…
  [1/10] Window [0.0 → 3.0s]  k=2  lshape/nsga3
      MAE=33.77°C  L2=0.1397  (9s)
  [2/10] Window [3.0 → 6.0s]  k=2  lshape/nsga3
      MAE=6.26°C  L2=0.0235  (9s)
  [3/10] Window [6.0 → 9.0s]  k=2  lshape/nsga3
      MAE=4.00°C  L2=0.0158  (9s)
  [4/10] Window [9.0 → 12.0s]  k=2  lshape/nsga3
      MAE=3.42°C  L2=0.0128  (9s)
  [5/10] Window [12.0 → 15.0s]  k=2  lshape/nsga3
      MAE=3.28°C  L2=0.0117  (9s)
  [6/10] Window [15.0 → 18.0s]  k=2  lshape/nsga3
      MAE=2.77°C  L2=0.0127  (9s)
  [7/10] Window [18.0 → 21.0s]  k=2  lshape/nsga3
      MAE=2.61°C  L2=0.0112  (9s)
  [8/10] Window [21.0 → 24.0s]  k=2  lshape/nsga3
      MAE=2.61°C  L2=0.0136  (10s)
  [9/10] Window [24.0 → 27.0s]  k=2  lshape/nsga3
      MAE=1.88°C  L2=0.0093  (10s)
  [10/10] Window [27.0 → 30.0s]  k=2  lshape/nsga3
      MAE=1.95°C  L2=0.0100  (9s)
  → Mean MAE=6.26°C  saved: lshape_nsga3_k2_dim2.pt
  LShape2D: solving FD reference on 40×40 grid…
  [1/7] Window [0.0 → 4.5s]  k=3  lshape/nsga3
      MAE=35.43°C  L2=0.1590  (9s)
  [2/7] Window [4.5 → 9.0s]  k=3  lshape/nsga3
      MAE=12.07°C  L2=0.0353  (10s)
  [3/7] Window [9.0 → 13.5s]  k=3  lshape/nsga3
      MAE=6.25°C  L2=0.0204  (9s)
  [4/7] Window [13.5 → 18.0s]  k=3  lshape/nsga3
      MAE=4.07°C  L2=0.0138  (10s)
  [5/7] Window [18.0 → 22.5s]  k=3  lshape/nsga3
      MAE=3.31°C  L2=0.0124  (8s)
  [6/7] Window [22.5 → 27.0s]  k=3  lshape/nsga3
      MAE=3.88°C  L2=0.0148  (9s)
  [7/7] Window [27.0 → 30.0s]  k=3  lshape/nsga3
      MAE=2.27°C  L2=0.0107  (9s)
  → Mean MAE=9.61°C  saved: lshape_nsga3_k3_dim2.pt
  LShape2D: solving FD reference on 40×40 grid…
  [1/5] Window [0.0 → 6.0s]  k=4  lshape/nsga3
      MAE=47.45°C  L2=0.1726  (9s)
  [2/5] Window [6.0 → 12.0s]  k=4  lshape/nsga3
      MAE=11.96°C  L2=0.0358  (9s)
  [3/5] Window [12.0 → 18.0s]  k=4  lshape/nsga3
      MAE=5.47°C  L2=0.0188  (10s)
  [4/5] Window [18.0 → 24.0s]  k=4  lshape/nsga3
      MAE=4.07°C  L2=0.0150  (11s)
  [5/5] Window [24.0 → 30.0s]  k=4  lshape/nsga3
      MAE=3.37°C  L2=0.0135  (10s)
  → Mean MAE=14.46°C  saved: lshape_nsga3_k4_dim2.pt
  LShape2D: solving FD reference on 40×40 grid…
  [1/4] Window [0.0 → 7.5s]  k=5  lshape/nsga3
      MAE=49.76°C  L2=0.1956  (10s)
  [2/4] Window [7.5 → 15.0s]  k=5  lshape/nsga3
      MAE=8.50°C  L2=0.0264  (9s)
  [3/4] Window [15.0 → 22.5s]  k=5  lshape/nsga3
      MAE=5.30°C  L2=0.0193  (9s)
  [4/4] Window [22.5 → 30.0s]  k=5  lshape/nsga3
      MAE=3.99°C  L2=0.0144  (9s)
  → Mean MAE=16.89°C  saved: lshape_nsga3_k5_dim2.pt

  K-SWEEP RESULT  domain=lshape  arch=nsga3
     k    mean MAE   n_windows
     1        3.57°C          20 ← best
     2        6.26°C          10
     3        9.61°C           7
     4       14.46°C           5
     5       16.89°C           4
  Registry updated: /home/coder/NAS-PINNS1/thermal_pinn/checkpoints/registry.json

============================================================
  K-SWEEP  domain=rectangular  arch=bayesian  dim=3D
  k values: [1, 2, 3, 4, 5]
============================================================
  [1/20] Window [0.0 → 1.5s]  k=1  rectangular/bayesian
      MAE=16.67°C  L2=0.0731  (11s)
  [2/20] Window [1.5 → 3.0s]  k=1  rectangular/bayesian
      MAE=13.98°C  L2=0.0638  (11s)
  [3/20] Window [3.0 → 4.5s]  k=1  rectangular/bayesian
      MAE=13.09°C  L2=0.0793  (11s)
  [4/20] Window [4.5 → 6.0s]  k=1  rectangular/bayesian
      MAE=11.81°C  L2=0.0621  (11s)
  [5/20] Window [6.0 → 7.5s]  k=1  rectangular/bayesian
      MAE=7.91°C  L2=0.0508  (11s)
  [6/20] Window [7.5 → 9.0s]  k=1  rectangular/bayesian
      MAE=9.20°C  L2=0.0600  (11s)
  [7/20] Window [9.0 → 10.5s]  k=1  rectangular/bayesian
      MAE=9.37°C  L2=0.0648  (11s)
  [8/20] Window [10.5 → 12.0s]  k=1  rectangular/bayesian
      MAE=9.66°C  L2=0.0718  (11s)
  [9/20] Window [12.0 → 13.5s]  k=1  rectangular/bayesian
      MAE=11.83°C  L2=0.0850  (11s)
  [10/20] Window [13.5 → 15.0s]  k=1  rectangular/bayesian
      MAE=9.44°C  L2=0.0724  (11s)
  [11/20] Window [15.0 → 16.5s]  k=1  rectangular/bayesian
      MAE=7.62°C  L2=0.0652  (12s)
  [12/20] Window [16.5 → 18.0s]  k=1  rectangular/bayesian
      MAE=9.09°C  L2=0.0727  (11s)
  [13/20] Window [18.0 → 19.5s]  k=1  rectangular/bayesian
      MAE=6.99°C  L2=0.0569  (11s)
  [14/20] Window [19.5 → 21.0s]  k=1  rectangular/bayesian
      MAE=7.22°C  L2=0.0568  (12s)
  [15/20] Window [21.0 → 22.5s]  k=1  rectangular/bayesian
      MAE=6.29°C  L2=0.0485  (10s)
  [16/20] Window [22.5 → 24.0s]  k=1  rectangular/bayesian
      MAE=6.25°C  L2=0.0522  (11s)
  [17/20] Window [24.0 → 25.5s]  k=1  rectangular/bayesian
      MAE=5.45°C  L2=0.0422  (10s)
  [18/20] Window [25.5 → 27.0s]  k=1  rectangular/bayesian
      MAE=4.88°C  L2=0.0355  (11s)
  [19/20] Window [27.0 → 28.5s]  k=1  rectangular/bayesian
      MAE=5.66°C  L2=0.0409  (11s)
  [20/20] Window [28.5 → 30.0s]  k=1  rectangular/bayesian
      MAE=3.87°C  L2=0.0266  (11s)
  → Mean MAE=8.81°C  saved: rectangular_bayesian_k1_dim3.pt
  [1/10] Window [0.0 → 3.0s]  k=2  rectangular/bayesian
      MAE=18.17°C  L2=0.0706  (11s)
  [2/10] Window [3.0 → 6.0s]  k=2  rectangular/bayesian
      MAE=11.99°C  L2=0.0530  (11s)
  [3/10] Window [6.0 → 9.0s]  k=2  rectangular/bayesian
      MAE=9.73°C  L2=0.0633  (11s)
  [4/10] Window [9.0 → 12.0s]  k=2  rectangular/bayesian
      MAE=9.75°C  L2=0.0574  (11s)
  [5/10] Window [12.0 → 15.0s]  k=2  rectangular/bayesian
      MAE=6.44°C  L2=0.0422  (11s)
  [6/10] Window [15.0 → 18.0s]  k=2  rectangular/bayesian
      MAE=6.95°C  L2=0.0479  (11s)
  [7/10] Window [18.0 → 21.0s]  k=2  rectangular/bayesian
      MAE=7.45°C  L2=0.0518  (11s)
  [8/10] Window [21.0 → 24.0s]  k=2  rectangular/bayesian
      MAE=6.27°C  L2=0.0399  (11s)
  [9/10] Window [24.0 → 27.0s]  k=2  rectangular/bayesian
      MAE=6.46°C  L2=0.0410  (11s)
  [10/10] Window [27.0 → 30.0s]  k=2  rectangular/bayesian
      MAE=4.84°C  L2=0.0281  (11s)
  → Mean MAE=8.80°C  saved: rectangular_bayesian_k2_dim3.pt
  [1/7] Window [0.0 → 4.5s]  k=3  rectangular/bayesian
      MAE=18.24°C  L2=0.0683  (11s)
  [2/7] Window [4.5 → 9.0s]  k=3  rectangular/bayesian
      MAE=10.28°C  L2=0.0365  (11s)
  [3/7] Window [9.0 → 13.5s]  k=3  rectangular/bayesian
      MAE=8.03°C  L2=0.0396  (12s)
  [4/7] Window [13.5 → 18.0s]  k=3  rectangular/bayesian
      MAE=9.89°C  L2=0.0604  (11s)
  [5/7] Window [18.0 → 22.5s]  k=3  rectangular/bayesian
      MAE=7.95°C  L2=0.0504  (11s)
  [6/7] Window [22.5 → 27.0s]  k=3  rectangular/bayesian
      MAE=8.06°C  L2=0.0552  (11s)
  [7/7] Window [27.0 → 30.0s]  k=3  rectangular/bayesian
      MAE=5.91°C  L2=0.0468  (11s)
  → Mean MAE=9.77°C  saved: rectangular_bayesian_k3_dim3.pt
  [1/5] Window [0.0 → 6.0s]  k=4  rectangular/bayesian
      MAE=17.78°C  L2=0.0668  (11s)
  [2/5] Window [6.0 → 12.0s]  k=4  rectangular/bayesian
      MAE=11.18°C  L2=0.0511  (11s)
  [3/5] Window [12.0 → 18.0s]  k=4  rectangular/bayesian
      MAE=9.89°C  L2=0.0585  (11s)
  [4/5] Window [18.0 → 24.0s]  k=4  rectangular/bayesian
      MAE=9.85°C  L2=0.0529  (11s)
  [5/5] Window [24.0 → 30.0s]  k=4  rectangular/bayesian
      MAE=6.94°C  L2=0.0400  (11s)
  → Mean MAE=11.13°C  saved: rectangular_bayesian_k4_dim3.pt
  [1/4] Window [0.0 → 7.5s]  k=5  rectangular/bayesian
      MAE=20.81°C  L2=0.0733  (11s)
  [2/4] Window [7.5 → 15.0s]  k=5  rectangular/bayesian
      MAE=11.98°C  L2=0.0534  (11s)
  [3/4] Window [15.0 → 22.5s]  k=5  rectangular/bayesian
      MAE=10.65°C  L2=0.0599  (10s)
  [4/4] Window [22.5 → 30.0s]  k=5  rectangular/bayesian
      MAE=8.60°C  L2=0.0412  (11s)
  → Mean MAE=13.01°C  saved: rectangular_bayesian_k5_dim3.pt

  K-SWEEP RESULT  domain=rectangular  arch=bayesian
     k    mean MAE   n_windows
     1        8.81°C          20
     2        8.80°C          10 ← best
     3        9.77°C           7
     4       11.13°C           5
     5       13.01°C           4
  Registry updated: /home/coder/NAS-PINNS1/thermal_pinn/checkpoints/registry.json

============================================================
  K-SWEEP  domain=rectangular  arch=nsga2  dim=3D
  k values: [1, 2, 3, 4, 5]
============================================================
  [1/20] Window [0.0 → 1.5s]  k=1  rectangular/nsga2
      MAE=35.61°C  L2=0.1447  (10s)
  [2/20] Window [1.5 → 3.0s]  k=1  rectangular/nsga2
      MAE=25.81°C  L2=0.0933  (11s)
  [3/20] Window [3.0 → 4.5s]  k=1  rectangular/nsga2
      MAE=23.21°C  L2=0.0853  (11s)
  [4/20] Window [4.5 → 6.0s]  k=1  rectangular/nsga2
      MAE=15.98°C  L2=0.0714  (11s)
  [5/20] Window [6.0 → 7.5s]  k=1  rectangular/nsga2
      MAE=14.40°C  L2=0.0692  (11s)
  [6/20] Window [7.5 → 9.0s]  k=1  rectangular/nsga2
      MAE=15.64°C  L2=0.0880  (11s)
  [7/20] Window [9.0 → 10.5s]  k=1  rectangular/nsga2
      MAE=14.78°C  L2=0.0876  (10s)
  [8/20] Window [10.5 → 12.0s]  k=1  rectangular/nsga2
      MAE=13.11°C  L2=0.0847  (11s)
  [9/20] Window [12.0 → 13.5s]  k=1  rectangular/nsga2
      MAE=13.98°C  L2=0.0970  (11s)
  [10/20] Window [13.5 → 15.0s]  k=1  rectangular/nsga2
      MAE=12.51°C  L2=0.0890  (10s)
  [11/20] Window [15.0 → 16.5s]  k=1  rectangular/nsga2
      MAE=11.59°C  L2=0.0861  (10s)
  [12/20] Window [16.5 → 18.0s]  k=1  rectangular/nsga2
      MAE=9.21°C  L2=0.0719  (10s)
  [13/20] Window [18.0 → 19.5s]  k=1  rectangular/nsga2
      MAE=9.60°C  L2=0.0729  (11s)
  [14/20] Window [19.5 → 21.0s]  k=1  rectangular/nsga2
      MAE=8.80°C  L2=0.0711  (10s)
  [15/20] Window [21.0 → 22.5s]  k=1  rectangular/nsga2
      MAE=8.66°C  L2=0.0683  (10s)
  [16/20] Window [22.5 → 24.0s]  k=1  rectangular/nsga2
      MAE=9.75°C  L2=0.0774  (11s)
  [17/20] Window [24.0 → 25.5s]  k=1  rectangular/nsga2
      MAE=8.58°C  L2=0.0656  (10s)
  [18/20] Window [25.5 → 27.0s]  k=1  rectangular/nsga2
      MAE=6.59°C  L2=0.0483  (11s)
  [19/20] Window [27.0 → 28.5s]  k=1  rectangular/nsga2
      MAE=6.75°C  L2=0.0530  (10s)
  [20/20] Window [28.5 → 30.0s]  k=1  rectangular/nsga2
      MAE=5.34°C  L2=0.0400  (10s)
  → Mean MAE=13.50°C  saved: rectangular_nsga2_k1_dim3.pt
  [1/10] Window [0.0 → 3.0s]  k=2  rectangular/nsga2
      MAE=27.89°C  L2=0.0959  (10s)
  [2/10] Window [3.0 → 6.0s]  k=2  rectangular/nsga2
      MAE=19.38°C  L2=0.0846  (10s)
  [3/10] Window [6.0 → 9.0s]  k=2  rectangular/nsga2
      MAE=14.76°C  L2=0.0806  (11s)
  [4/10] Window [9.0 → 12.0s]  k=2  rectangular/nsga2
      MAE=14.01°C  L2=0.0833  (11s)
  [5/10] Window [12.0 → 15.0s]  k=2  rectangular/nsga2
      MAE=15.90°C  L2=0.0900  (11s)
  [6/10] Window [15.0 → 18.0s]  k=2  rectangular/nsga2
      MAE=13.91°C  L2=0.0896  (11s)
  [7/10] Window [18.0 → 21.0s]  k=2  rectangular/nsga2
      MAE=13.39°C  L2=0.0920  (11s)
  [8/10] Window [21.0 → 24.0s]  k=2  rectangular/nsga2
      MAE=12.74°C  L2=0.0832  (11s)
  [9/10] Window [24.0 → 27.0s]  k=2  rectangular/nsga2
      MAE=11.55°C  L2=0.0845  (11s)
  [10/10] Window [27.0 → 30.0s]  k=2  rectangular/nsga2
      MAE=11.30°C  L2=0.0829  (11s)
  → Mean MAE=15.48°C  saved: rectangular_nsga2_k2_dim3.pt
  [1/7] Window [0.0 → 4.5s]  k=3  rectangular/nsga2
      MAE=37.22°C  L2=0.1483  (11s)
  [2/7] Window [4.5 → 9.0s]  k=3  rectangular/nsga2
      MAE=18.81°C  L2=0.0822  (11s)
  [3/7] Window [9.0 → 13.5s]  k=3  rectangular/nsga2
      MAE=14.46°C  L2=0.0866  (11s)
  [4/7] Window [13.5 → 18.0s]  k=3  rectangular/nsga2
      MAE=15.69°C  L2=0.0976  (11s)
  [5/7] Window [18.0 → 22.5s]  k=3  rectangular/nsga2
      MAE=14.56°C  L2=0.0994  (11s)
  [6/7] Window [22.5 → 27.0s]  k=3  rectangular/nsga2
      MAE=12.24°C  L2=0.0873  (11s)
  [7/7] Window [27.0 → 30.0s]  k=3  rectangular/nsga2
      MAE=11.94°C  L2=0.0922  (11s)
  → Mean MAE=17.85°C  saved: rectangular_nsga2_k3_dim3.pt
  [1/5] Window [0.0 → 6.0s]  k=4  rectangular/nsga2
      MAE=45.56°C  L2=0.1759  (10s)
  [2/5] Window [6.0 → 12.0s]  k=4  rectangular/nsga2
      MAE=21.73°C  L2=0.0868  (10s)
  [3/5] Window [12.0 → 18.0s]  k=4  rectangular/nsga2
      MAE=16.85°C  L2=0.0953  (11s)
  [4/5] Window [18.0 → 24.0s]  k=4  rectangular/nsga2
      MAE=19.14°C  L2=0.1057  (11s)
  [5/5] Window [24.0 → 30.0s]  k=4  rectangular/nsga2
      MAE=14.72°C  L2=0.0969  (11s)
  → Mean MAE=23.60°C  saved: rectangular_nsga2_k4_dim3.pt
  [1/4] Window [0.0 → 7.5s]  k=5  rectangular/nsga2
      MAE=43.39°C  L2=0.1582  (11s)
  [2/4] Window [7.5 → 15.0s]  k=5  rectangular/nsga2
      MAE=23.48°C  L2=0.0921  (10s)
  [3/4] Window [15.0 → 22.5s]  k=5  rectangular/nsga2
      MAE=18.67°C  L2=0.1041  (11s)
  [4/4] Window [22.5 → 30.0s]  k=5  rectangular/nsga2
      MAE=16.65°C  L2=0.0982  (11s)
  → Mean MAE=25.55°C  saved: rectangular_nsga2_k5_dim3.pt

  K-SWEEP RESULT  domain=rectangular  arch=nsga2
     k    mean MAE   n_windows
     1       13.50°C          20 ← best
     2       15.48°C          10
     3       17.85°C           7
     4       23.60°C           5
     5       25.55°C           4
  Registry updated: /home/coder/NAS-PINNS1/thermal_pinn/checkpoints/registry.json

============================================================
  K-SWEEP  domain=rectangular  arch=nsga3  dim=3D
  k values: [1, 2, 3, 4, 5]
============================================================
  [1/20] Window [0.0 → 1.5s]  k=1  rectangular/nsga3
      MAE=28.28°C  L2=0.1186  (11s)
  [2/20] Window [1.5 → 3.0s]  k=1  rectangular/nsga3
      MAE=23.78°C  L2=0.0823  (11s)
  [3/20] Window [3.0 → 4.5s]  k=1  rectangular/nsga3
      MAE=16.64°C  L2=0.0603  (11s)
  [4/20] Window [4.5 → 6.0s]  k=1  rectangular/nsga3
      MAE=14.11°C  L2=0.0583  (10s)
  [5/20] Window [6.0 → 7.5s]  k=1  rectangular/nsga3
      MAE=12.22°C  L2=0.0491  (11s)
  [6/20] Window [7.5 → 9.0s]  k=1  rectangular/nsga3
      MAE=9.95°C  L2=0.0469  (10s)
  [7/20] Window [9.0 → 10.5s]  k=1  rectangular/nsga3
      MAE=8.84°C  L2=0.0430  (10s)
  [8/20] Window [10.5 → 12.0s]  k=1  rectangular/nsga3
      MAE=9.65°C  L2=0.0549  (10s)
  [9/20] Window [12.0 → 13.5s]  k=1  rectangular/nsga3
      MAE=12.63°C  L2=0.0835  (11s)
  [10/20] Window [13.5 → 15.0s]  k=1  rectangular/nsga3
      MAE=9.54°C  L2=0.0594  (11s)
  [11/20] Window [15.0 → 16.5s]  k=1  rectangular/nsga3
      MAE=8.34°C  L2=0.0444  (11s)
  [12/20] Window [16.5 → 18.0s]  k=1  rectangular/nsga3
      MAE=5.92°C  L2=0.0364  (11s)
  [13/20] Window [18.0 → 19.5s]  k=1  rectangular/nsga3
      MAE=6.55°C  L2=0.0429  (11s)
  [14/20] Window [19.5 → 21.0s]  k=1  rectangular/nsga3
      MAE=6.31°C  L2=0.0419  (11s)
  [15/20] Window [21.0 → 22.5s]  k=1  rectangular/nsga3
      MAE=6.46°C  L2=0.0417  (10s)
  [16/20] Window [22.5 → 24.0s]  k=1  rectangular/nsga3
      MAE=6.18°C  L2=0.0463  (11s)
  [17/20] Window [24.0 → 25.5s]  k=1  rectangular/nsga3
      MAE=6.51°C  L2=0.0483  (11s)
  [18/20] Window [25.5 → 27.0s]  k=1  rectangular/nsga3
      MAE=6.36°C  L2=0.0453  (11s)
  [19/20] Window [27.0 → 28.5s]  k=1  rectangular/nsga3
      MAE=5.85°C  L2=0.0375  (10s)
  [20/20] Window [28.5 → 30.0s]  k=1  rectangular/nsga3
      MAE=5.49°C  L2=0.0361  (10s)
  → Mean MAE=10.48°C  saved: rectangular_nsga3_k1_dim3.pt
  [1/10] Window [0.0 → 3.0s]  k=2  rectangular/nsga3
      MAE=28.71°C  L2=0.0959  (10s)
  [2/10] Window [3.0 → 6.0s]  k=2  rectangular/nsga3
      MAE=19.76°C  L2=0.0818  (10s)
  [3/10] Window [6.0 → 9.0s]  k=2  rectangular/nsga3
      MAE=18.18°C  L2=0.0787  (11s)
  [4/10] Window [9.0 → 12.0s]  k=2  rectangular/nsga3
      MAE=13.45°C  L2=0.0695  (10s)
  [5/10] Window [12.0 → 15.0s]  k=2  rectangular/nsga3
      MAE=12.06°C  L2=0.0717  (11s)
  [6/10] Window [15.0 → 18.0s]  k=2  rectangular/nsga3
      MAE=12.60°C  L2=0.0789  (11s)
  [7/10] Window [18.0 → 21.0s]  k=2  rectangular/nsga3
      MAE=11.23°C  L2=0.0762  (10s)
  [8/10] Window [21.0 → 24.0s]  k=2  rectangular/nsga3
      MAE=12.12°C  L2=0.0784  (11s)
  [9/10] Window [24.0 → 27.0s]  k=2  rectangular/nsga3
      MAE=11.19°C  L2=0.0770  (10s)
  [10/10] Window [27.0 → 30.0s]  k=2  rectangular/nsga3
      MAE=9.21°C  L2=0.0632  (11s)
  → Mean MAE=14.85°C  saved: rectangular_nsga3_k2_dim3.pt
  [1/7] Window [0.0 → 4.5s]  k=3  rectangular/nsga3
      MAE=30.14°C  L2=0.1045  (11s)
  [2/7] Window [4.5 → 9.0s]  k=3  rectangular/nsga3
      MAE=19.32°C  L2=0.0774  (10s)
  [3/7] Window [9.0 → 13.5s]  k=3  rectangular/nsga3
      MAE=16.90°C  L2=0.0878  (10s)
  [4/7] Window [13.5 → 18.0s]  k=3  rectangular/nsga3
      MAE=15.28°C  L2=0.0915  (11s)
  [5/7] Window [18.0 → 22.5s]  k=3  rectangular/nsga3
      MAE=13.19°C  L2=0.0898  (10s)
  [6/7] Window [22.5 → 27.0s]  k=3  rectangular/nsga3
      MAE=10.75°C  L2=0.0692  (10s)
  [7/7] Window [27.0 → 30.0s]  k=3  rectangular/nsga3
      MAE=11.72°C  L2=0.0794  (11s)
  → Mean MAE=16.76°C  saved: rectangular_nsga3_k3_dim3.pt
  [1/5] Window [0.0 → 6.0s]  k=4  rectangular/nsga3
      MAE=31.50°C  L2=0.1063  (11s)
  [2/5] Window [6.0 → 12.0s]  k=4  rectangular/nsga3
      MAE=23.89°C  L2=0.0917  (11s)
  [3/5] Window [12.0 → 18.0s]  k=4  rectangular/nsga3
      MAE=16.76°C  L2=0.0874  (11s)
  [4/5] Window [18.0 → 24.0s]  k=4  rectangular/nsga3
      MAE=14.24°C  L2=0.0807  (10s)
  [5/5] Window [24.0 → 30.0s]  k=4  rectangular/nsga3
      MAE=13.65°C  L2=0.0836  (10s)
  → Mean MAE=20.01°C  saved: rectangular_nsga3_k4_dim3.pt
  [1/4] Window [0.0 → 7.5s]  k=5  rectangular/nsga3
      MAE=32.29°C  L2=0.1091  (11s)
  [2/4] Window [7.5 → 15.0s]  k=5  rectangular/nsga3
      MAE=25.25°C  L2=0.0978  (11s)
  [3/4] Window [15.0 → 22.5s]  k=5  rectangular/nsga3
      MAE=21.63°C  L2=0.0965  (12s)
  [4/4] Window [22.5 → 30.0s]  k=5  rectangular/nsga3
      MAE=15.17°C  L2=0.0862  (13s)
  → Mean MAE=23.59°C  saved: rectangular_nsga3_k5_dim3.pt

  K-SWEEP RESULT  domain=rectangular  arch=nsga3
     k    mean MAE   n_windows
     1       10.48°C          20 ← best
     2       14.85°C          10
     3       16.76°C           7
     4       20.01°C           5
     5       23.59°C           4
  Registry updated: /home/coder/NAS-PINNS1/thermal_pinn/checkpoints/registry.json

============================================================
  K-SWEEP  domain=cylinder  arch=bayesian  dim=3D
  k values: [1, 2, 3, 4, 5]
============================================================
  [1/20] Window [0.0 → 1.5s]  k=1  cylinder/bayesian
      MAE=13.36°C  L2=0.0591  (12s)
  [2/20] Window [1.5 → 3.0s]  k=1  cylinder/bayesian
      MAE=6.36°C  L2=0.0499  (11s)
  [3/20] Window [3.0 → 4.5s]  k=1  cylinder/bayesian
      MAE=9.34°C  L2=0.0637  (11s)
  [4/20] Window [4.5 → 6.0s]  k=1  cylinder/bayesian
      MAE=6.93°C  L2=0.0534  (11s)
  [5/20] Window [6.0 → 7.5s]  k=1  cylinder/bayesian
      MAE=7.23°C  L2=0.0548  (11s)
  [6/20] Window [7.5 → 9.0s]  k=1  cylinder/bayesian
      MAE=6.54°C  L2=0.0467  (11s)
  [7/20] Window [9.0 → 10.5s]  k=1  cylinder/bayesian
      MAE=5.50°C  L2=0.0328  (12s)
  [8/20] Window [10.5 → 12.0s]  k=1  cylinder/bayesian
      MAE=6.48°C  L2=0.0468  (11s)
  [9/20] Window [12.0 → 13.5s]  k=1  cylinder/bayesian
      MAE=5.49°C  L2=0.0389  (12s)
  [10/20] Window [13.5 → 15.0s]  k=1  cylinder/bayesian
      MAE=5.71°C  L2=0.0302  (11s)
  [11/20] Window [15.0 → 16.5s]  k=1  cylinder/bayesian
      MAE=5.02°C  L2=0.0316  (11s)
  [12/20] Window [16.5 → 18.0s]  k=1  cylinder/bayesian
      MAE=5.62°C  L2=0.0317  (11s)
  [13/20] Window [18.0 → 19.5s]  k=1  cylinder/bayesian
      MAE=5.22°C  L2=0.0353  (11s)
  [14/20] Window [19.5 → 21.0s]  k=1  cylinder/bayesian
      MAE=5.20°C  L2=0.0314  (11s)
  [15/20] Window [21.0 → 22.5s]  k=1  cylinder/bayesian
      MAE=5.82°C  L2=0.0356  (11s)
  [16/20] Window [22.5 → 24.0s]  k=1  cylinder/bayesian
      MAE=5.05°C  L2=0.0254  (11s)
  [17/20] Window [24.0 → 25.5s]  k=1  cylinder/bayesian
      MAE=6.67°C  L2=0.0333  (11s)
  [18/20] Window [25.5 → 27.0s]  k=1  cylinder/bayesian
      MAE=7.82°C  L2=0.0424  (11s)
  [19/20] Window [27.0 → 28.5s]  k=1  cylinder/bayesian
      MAE=5.43°C  L2=0.0355  (11s)
  [20/20] Window [28.5 → 30.0s]  k=1  cylinder/bayesian
      MAE=3.75°C  L2=0.0259  (11s)
  → Mean MAE=6.43°C  saved: cylinder_bayesian_k1_dim3.pt
  [1/10] Window [0.0 → 3.0s]  k=2  cylinder/bayesian
      MAE=16.39°C  L2=0.0628  (11s)
  [2/10] Window [3.0 → 6.0s]  k=2  cylinder/bayesian
      MAE=8.26°C  L2=0.0494  (11s)
  [3/10] Window [6.0 → 9.0s]  k=2  cylinder/bayesian
      MAE=6.81°C  L2=0.0465  (11s)
  [4/10] Window [9.0 → 12.0s]  k=2  cylinder/bayesian
      MAE=6.27°C  L2=0.0387  (11s)
  [5/10] Window [12.0 → 15.0s]  k=2  cylinder/bayesian
      MAE=5.69°C  L2=0.0311  (11s)
  [6/10] Window [15.0 → 18.0s]  k=2  cylinder/bayesian
      MAE=4.53°C  L2=0.0222  (11s)
  [7/10] Window [18.0 → 21.0s]  k=2  cylinder/bayesian
      MAE=4.94°C  L2=0.0244  (12s)
  [8/10] Window [21.0 → 24.0s]  k=2  cylinder/bayesian
      MAE=4.73°C  L2=0.0286  (11s)
  [9/10] Window [24.0 → 27.0s]  k=2  cylinder/bayesian
      MAE=4.22°C  L2=0.0243  (11s)
  [10/10] Window [27.0 → 30.0s]  k=2  cylinder/bayesian
      MAE=4.58°C  L2=0.0311  (11s)
  → Mean MAE=6.64°C  saved: cylinder_bayesian_k2_dim3.pt
  [1/7] Window [0.0 → 4.5s]  k=3  cylinder/bayesian
      MAE=17.31°C  L2=0.0599  (11s)
  [2/7] Window [4.5 → 9.0s]  k=3  cylinder/bayesian
      MAE=9.77°C  L2=0.0483  (11s)
  [3/7] Window [9.0 → 13.5s]  k=3  cylinder/bayesian
      MAE=7.91°C  L2=0.0425  (11s)
  [4/7] Window [13.5 → 18.0s]  k=3  cylinder/bayesian
      MAE=7.11°C  L2=0.0389  (11s)
  [5/7] Window [18.0 → 22.5s]  k=3  cylinder/bayesian
      MAE=6.37°C  L2=0.0343  (11s)
  [6/7] Window [22.5 → 27.0s]  k=3  cylinder/bayesian
      MAE=4.55°C  L2=0.0245  (12s)
  [7/7] Window [27.0 → 30.0s]  k=3  cylinder/bayesian
      MAE=2.88°C  L2=0.0175  (11s)
  → Mean MAE=7.98°C  saved: cylinder_bayesian_k3_dim3.pt
  [1/5] Window [0.0 → 6.0s]  k=4  cylinder/bayesian
      MAE=17.41°C  L2=0.0625  (11s)
  [2/5] Window [6.0 → 12.0s]  k=4  cylinder/bayesian
      MAE=10.24°C  L2=0.0482  (11s)
  [3/5] Window [12.0 → 18.0s]  k=4  cylinder/bayesian
      MAE=8.35°C  L2=0.0427  (11s)
  [4/5] Window [18.0 → 24.0s]  k=4  cylinder/bayesian
      MAE=6.19°C  L2=0.0319  (11s)
  [5/5] Window [24.0 → 30.0s]  k=4  cylinder/bayesian
      MAE=5.22°C  L2=0.0274  (11s)
  → Mean MAE=9.48°C  saved: cylinder_bayesian_k4_dim3.pt
  [1/4] Window [0.0 → 7.5s]  k=5  cylinder/bayesian
      MAE=19.50°C  L2=0.0668  (11s)
  [2/4] Window [7.5 → 15.0s]  k=5  cylinder/bayesian
      MAE=12.92°C  L2=0.0506  (11s)
  [3/4] Window [15.0 → 22.5s]  k=5  cylinder/bayesian
      MAE=8.64°C  L2=0.0390  (11s)
  [4/4] Window [22.5 → 30.0s]  k=5  cylinder/bayesian
      MAE=6.55°C  L2=0.0332  (11s)
  → Mean MAE=11.90°C  saved: cylinder_bayesian_k5_dim3.pt

  K-SWEEP RESULT  domain=cylinder  arch=bayesian
     k    mean MAE   n_windows
     1        6.43°C          20 ← best
     2        6.64°C          10
     3        7.98°C           7
     4        9.48°C           5
     5       11.90°C           4
  Registry updated: /home/coder/NAS-PINNS1/thermal_pinn/checkpoints/registry.json

============================================================
  K-SWEEP  domain=cylinder  arch=nsga2  dim=3D
  k values: [1, 2, 3, 4, 5]
============================================================
  [1/20] Window [0.0 → 1.5s]  k=1  cylinder/nsga2
      MAE=26.12°C  L2=0.1373  (11s)
  [2/20] Window [1.5 → 3.0s]  k=1  cylinder/nsga2
      MAE=25.98°C  L2=0.0971  (11s)
  [3/20] Window [3.0 → 4.5s]  k=1  cylinder/nsga2
      MAE=21.21°C  L2=0.0922  (11s)
  [4/20] Window [4.5 → 6.0s]  k=1  cylinder/nsga2
      MAE=11.75°C  L2=0.1061  (10s)
  [5/20] Window [6.0 → 7.5s]  k=1  cylinder/nsga2
      MAE=15.64°C  L2=0.1242  (10s)
  [6/20] Window [7.5 → 9.0s]  k=1  cylinder/nsga2
      MAE=12.59°C  L2=0.1047  (10s)
  [7/20] Window [9.0 → 10.5s]  k=1  cylinder/nsga2
      MAE=12.92°C  L2=0.1080  (10s)
  [8/20] Window [10.5 → 12.0s]  k=1  cylinder/nsga2
      MAE=15.13°C  L2=0.1211  (10s)
  [9/20] Window [12.0 → 13.5s]  k=1  cylinder/nsga2
      MAE=13.06°C  L2=0.1111  (10s)
  [10/20] Window [13.5 → 15.0s]  k=1  cylinder/nsga2
      MAE=11.42°C  L2=0.0997  (10s)
  [11/20] Window [15.0 → 16.5s]  k=1  cylinder/nsga2
      MAE=11.58°C  L2=0.1034  (10s)
  [12/20] Window [16.5 → 18.0s]  k=1  cylinder/nsga2
      MAE=11.20°C  L2=0.1047  (10s)
  [13/20] Window [18.0 → 19.5s]  k=1  cylinder/nsga2
      MAE=15.19°C  L2=0.1283  (10s)
  [14/20] Window [19.5 → 21.0s]  k=1  cylinder/nsga2
      MAE=12.71°C  L2=0.1085  (10s)
  [15/20] Window [21.0 → 22.5s]  k=1  cylinder/nsga2
      MAE=9.10°C  L2=0.0800  (11s)
  [16/20] Window [22.5 → 24.0s]  k=1  cylinder/nsga2
      MAE=9.93°C  L2=0.0851  (13s)
  [17/20] Window [24.0 → 25.5s]  k=1  cylinder/nsga2
      MAE=9.45°C  L2=0.0972  (11s)
  [18/20] Window [25.5 → 27.0s]  k=1  cylinder/nsga2
      MAE=9.40°C  L2=0.0837  (12s)
  [19/20] Window [27.0 → 28.5s]  k=1  cylinder/nsga2
      MAE=8.84°C  L2=0.0843  (10s)
  [20/20] Window [28.5 → 30.0s]  k=1  cylinder/nsga2
      MAE=7.23°C  L2=0.0647  (10s)
  → Mean MAE=13.52°C  saved: cylinder_nsga2_k1_dim3.pt
  [1/10] Window [0.0 → 3.0s]  k=2  cylinder/nsga2
      MAE=41.20°C  L2=0.1661  (10s)
  [2/10] Window [3.0 → 6.0s]  k=2  cylinder/nsga2
      MAE=23.17°C  L2=0.0920  (10s)
  [3/10] Window [6.0 → 9.0s]  k=2  cylinder/nsga2
      MAE=16.50°C  L2=0.1101  (10s)
  [4/10] Window [9.0 → 12.0s]  k=2  cylinder/nsga2
      MAE=19.84°C  L2=0.1160  (11s)
  [5/10] Window [12.0 → 15.0s]  k=2  cylinder/nsga2
      MAE=12.27°C  L2=0.0736  (11s)
  [6/10] Window [15.0 → 18.0s]  k=2  cylinder/nsga2
      MAE=9.98°C  L2=0.0679  (10s)
  [7/10] Window [18.0 → 21.0s]  k=2  cylinder/nsga2
      MAE=10.18°C  L2=0.0596  (11s)
  [8/10] Window [21.0 → 24.0s]  k=2  cylinder/nsga2
      MAE=12.80°C  L2=0.0999  (11s)
  [9/10] Window [24.0 → 27.0s]  k=2  cylinder/nsga2
      MAE=11.47°C  L2=0.0838  (11s)
  [10/10] Window [27.0 → 30.0s]  k=2  cylinder/nsga2
      MAE=8.62°C  L2=0.0629  (10s)
  → Mean MAE=16.60°C  saved: cylinder_nsga2_k2_dim3.pt
  [1/7] Window [0.0 → 4.5s]  k=3  cylinder/nsga2
      MAE=54.45°C  L2=0.1902  (10s)
  [2/7] Window [4.5 → 9.0s]  k=3  cylinder/nsga2
      MAE=16.20°C  L2=0.0896  (11s)
  [3/7] Window [9.0 → 13.5s]  k=3  cylinder/nsga2
      MAE=19.71°C  L2=0.1194  (10s)
  [4/7] Window [13.5 → 18.0s]  k=3  cylinder/nsga2
      MAE=20.50°C  L2=0.1309  (11s)
  [5/7] Window [18.0 → 22.5s]  k=3  cylinder/nsga2
      MAE=19.60°C  L2=0.1333  (11s)
  [6/7] Window [22.5 → 27.0s]  k=3  cylinder/nsga2
      MAE=18.44°C  L2=0.1303  (11s)
  [7/7] Window [27.0 → 30.0s]  k=3  cylinder/nsga2
      MAE=10.44°C  L2=0.0604  (11s)
  → Mean MAE=22.76°C  saved: cylinder_nsga2_k3_dim3.pt
  [1/5] Window [0.0 → 6.0s]  k=4  cylinder/nsga2
      MAE=61.23°C  L2=0.2057  (11s)
  [2/5] Window [6.0 → 12.0s]  k=4  cylinder/nsga2
      MAE=18.91°C  L2=0.1055  (11s)
  [3/5] Window [12.0 → 18.0s]  k=4  cylinder/nsga2
      MAE=22.42°C  L2=0.1320  (11s)
  [4/5] Window [18.0 → 24.0s]  k=4  cylinder/nsga2
      MAE=17.34°C  L2=0.1274  (10s)
  [5/5] Window [24.0 → 30.0s]  k=4  cylinder/nsga2
      MAE=12.81°C  L2=0.0734  (11s)
  → Mean MAE=26.54°C  saved: cylinder_nsga2_k4_dim3.pt
  [1/4] Window [0.0 → 7.5s]  k=5  cylinder/nsga2
      MAE=62.24°C  L2=0.2090  (10s)
  [2/4] Window [7.5 → 15.0s]  k=5  cylinder/nsga2
      MAE=26.62°C  L2=0.1131  (11s)
  [3/4] Window [15.0 → 22.5s]  k=5  cylinder/nsga2
      MAE=20.93°C  L2=0.1261  (11s)
  [4/4] Window [22.5 → 30.0s]  k=5  cylinder/nsga2
      MAE=17.34°C  L2=0.1181  (10s)
  → Mean MAE=31.79°C  saved: cylinder_nsga2_k5_dim3.pt

  K-SWEEP RESULT  domain=cylinder  arch=nsga2
     k    mean MAE   n_windows
     1       13.52°C          20 ← best
     2       16.60°C          10
     3       22.76°C           7
     4       26.54°C           5
     5       31.79°C           4
  Registry updated: /home/coder/NAS-PINNS1/thermal_pinn/checkpoints/registry.json

============================================================
  K-SWEEP  domain=cylinder  arch=nsga3  dim=3D
  k values: [1, 2, 3, 4, 5]
============================================================
  [1/20] Window [0.0 → 1.5s]  k=1  cylinder/nsga3
      MAE=23.87°C  L2=0.1216  (11s)
  [2/20] Window [1.5 → 3.0s]  k=1  cylinder/nsga3
      MAE=11.21°C  L2=0.0630  (11s)
  [3/20] Window [3.0 → 4.5s]  k=1  cylinder/nsga3
      MAE=10.46°C  L2=0.0788  (10s)
  [4/20] Window [4.5 → 6.0s]  k=1  cylinder/nsga3
      MAE=11.75°C  L2=0.0982  (10s)
  [5/20] Window [6.0 → 7.5s]  k=1  cylinder/nsga3
      MAE=14.67°C  L2=0.1189  (10s)
  [6/20] Window [7.5 → 9.0s]  k=1  cylinder/nsga3
      MAE=13.69°C  L2=0.1093  (11s)
  [7/20] Window [9.0 → 10.5s]  k=1  cylinder/nsga3
      MAE=15.07°C  L2=0.1188  (10s)
  [8/20] Window [10.5 → 12.0s]  k=1  cylinder/nsga3
      MAE=17.14°C  L2=0.1319  (11s)
  [9/20] Window [12.0 → 13.5s]  k=1  cylinder/nsga3
      MAE=18.36°C  L2=0.1380  (11s)
  [10/20] Window [13.5 → 15.0s]  k=1  cylinder/nsga3
      MAE=15.60°C  L2=0.1278  (11s)
  [11/20] Window [15.0 → 16.5s]  k=1  cylinder/nsga3
      MAE=13.87°C  L2=0.1169  (11s)
  [12/20] Window [16.5 → 18.0s]  k=1  cylinder/nsga3
      MAE=12.60°C  L2=0.1057  (10s)
  [13/20] Window [18.0 → 19.5s]  k=1  cylinder/nsga3
      MAE=11.91°C  L2=0.0992  (10s)
  [14/20] Window [19.5 → 21.0s]  k=1  cylinder/nsga3
      MAE=11.42°C  L2=0.0950  (10s)
  [15/20] Window [21.0 → 22.5s]  k=1  cylinder/nsga3
      MAE=8.97°C  L2=0.0785  (10s)
  [16/20] Window [22.5 → 24.0s]  k=1  cylinder/nsga3
      MAE=9.23°C  L2=0.0759  (10s)
  [17/20] Window [24.0 → 25.5s]  k=1  cylinder/nsga3
      MAE=11.82°C  L2=0.1042  (11s)
  [18/20] Window [25.5 → 27.0s]  k=1  cylinder/nsga3
      MAE=9.60°C  L2=0.0872  (10s)
  [19/20] Window [27.0 → 28.5s]  k=1  cylinder/nsga3
      MAE=8.73°C  L2=0.0745  (10s)
  [20/20] Window [28.5 → 30.0s]  k=1  cylinder/nsga3
      MAE=8.84°C  L2=0.0773  (10s)
  → Mean MAE=12.94°C  saved: cylinder_nsga3_k1_dim3.pt
  [1/10] Window [0.0 → 3.0s]  k=2  cylinder/nsga3
      MAE=38.82°C  L2=0.1550  (11s)
  [2/10] Window [3.0 → 6.0s]  k=2  cylinder/nsga3
      MAE=15.66°C  L2=0.0820  (10s)
  [3/10] Window [6.0 → 9.0s]  k=2  cylinder/nsga3
      MAE=18.73°C  L2=0.1165  (10s)
  [4/10] Window [9.0 → 12.0s]  k=2  cylinder/nsga3
      MAE=16.74°C  L2=0.1152  (10s)
  [5/10] Window [12.0 → 15.0s]  k=2  cylinder/nsga3
      MAE=14.82°C  L2=0.1024  (10s)
  [6/10] Window [15.0 → 18.0s]  k=2  cylinder/nsga3
      MAE=14.88°C  L2=0.1057  (10s)
  [7/10] Window [18.0 → 21.0s]  k=2  cylinder/nsga3
      MAE=11.01°C  L2=0.0804  (10s)
  [8/10] Window [21.0 → 24.0s]  k=2  cylinder/nsga3
      MAE=12.33°C  L2=0.0942  (10s)
  [9/10] Window [24.0 → 27.0s]  k=2  cylinder/nsga3
      MAE=11.22°C  L2=0.0900  (10s)
  [10/10] Window [27.0 → 30.0s]  k=2  cylinder/nsga3
      MAE=8.44°C  L2=0.0679  (10s)
  → Mean MAE=16.27°C  saved: cylinder_nsga3_k2_dim3.pt
  [1/7] Window [0.0 → 4.5s]  k=3  cylinder/nsga3
      MAE=43.80°C  L2=0.1396  (11s)
  [2/7] Window [4.5 → 9.0s]  k=3  cylinder/nsga3
      MAE=21.90°C  L2=0.0968  (11s)
  [3/7] Window [9.0 → 13.5s]  k=3  cylinder/nsga3
      MAE=19.73°C  L2=0.1194  (11s)
  [4/7] Window [13.5 → 18.0s]  k=3  cylinder/nsga3
      MAE=18.74°C  L2=0.1294  (11s)
  [5/7] Window [18.0 → 22.5s]  k=3  cylinder/nsga3
      MAE=11.84°C  L2=0.0742  (11s)
  [6/7] Window [22.5 → 27.0s]  k=3  cylinder/nsga3
      MAE=9.91°C  L2=0.0625  (10s)
  [7/7] Window [27.0 → 30.0s]  k=3  cylinder/nsga3
      MAE=8.72°C  L2=0.0628  (10s)
  → Mean MAE=19.24°C  saved: cylinder_nsga3_k3_dim3.pt
  [1/5] Window [0.0 → 6.0s]  k=4  cylinder/nsga3
      MAE=51.91°C  L2=0.1730  (10s)
  [2/5] Window [6.0 → 12.0s]  k=4  cylinder/nsga3
      MAE=30.55°C  L2=0.1194  (11s)
  [3/5] Window [12.0 → 18.0s]  k=4  cylinder/nsga3
      MAE=20.51°C  L2=0.1279  (10s)
  [4/5] Window [18.0 → 24.0s]  k=4  cylinder/nsga3
      MAE=17.75°C  L2=0.1253  (10s)
  [5/5] Window [24.0 → 30.0s]  k=4  cylinder/nsga3
      MAE=10.06°C  L2=0.0673  (10s)
  → Mean MAE=26.16°C  saved: cylinder_nsga3_k4_dim3.pt
  [1/4] Window [0.0 → 7.5s]  k=5  cylinder/nsga3
      MAE=44.52°C  L2=0.1380  (11s)
  [2/4] Window [7.5 → 15.0s]  k=5  cylinder/nsga3
      MAE=27.56°C  L2=0.1156  (11s)
  [3/4] Window [15.0 → 22.5s]  k=5  cylinder/nsga3
      MAE=17.30°C  L2=0.0993  (11s)
  [4/4] Window [22.5 → 30.0s]  k=5  cylinder/nsga3
      MAE=11.69°C  L2=0.0615  (11s)
  → Mean MAE=25.27°C  saved: cylinder_nsga3_k5_dim3.pt

  K-SWEEP RESULT  domain=cylinder  arch=nsga3
     k    mean MAE   n_windows
     1       12.94°C          20 ← best
     2       16.27°C          10
     3       19.24°C           7
     4       26.16°C           5
     5       25.27°C           4
  Registry updated: /home/coder/NAS-PINNS1/thermal_pinn/checkpoints/registry.json

============================================================
  K-SWEEP  domain=stacked  arch=bayesian  dim=3D
  k values: [1, 2, 3, 4, 5]
============================================================
  [1/20] Window [0.0 → 1.5s]  k=1  stacked/bayesian
      MAE=16.32°C  L2=0.0784  (11s)
  [2/20] Window [1.5 → 3.0s]  k=1  stacked/bayesian
      MAE=14.10°C  L2=0.0810  (11s)
  [3/20] Window [3.0 → 4.5s]  k=1  stacked/bayesian
      MAE=10.76°C  L2=0.0724  (10s)
  [4/20] Window [4.5 → 6.0s]  k=1  stacked/bayesian
      MAE=8.74°C  L2=0.0600  (11s)
  [5/20] Window [6.0 → 7.5s]  k=1  stacked/bayesian
      MAE=7.43°C  L2=0.0602  (12s)
  [6/20] Window [7.5 → 9.0s]  k=1  stacked/bayesian
      MAE=7.29°C  L2=0.0582  (11s)
  [7/20] Window [9.0 → 10.5s]  k=1  stacked/bayesian
      MAE=8.98°C  L2=0.0757  (12s)
  [8/20] Window [10.5 → 12.0s]  k=1  stacked/bayesian
      MAE=7.84°C  L2=0.0642  (12s)
  [9/20] Window [12.0 → 13.5s]  k=1  stacked/bayesian
      MAE=8.18°C  L2=0.0710  (11s)
  [10/20] Window [13.5 → 15.0s]  k=1  stacked/bayesian
      MAE=7.29°C  L2=0.0559  (11s)
  [11/20] Window [15.0 → 16.5s]  k=1  stacked/bayesian
      MAE=7.34°C  L2=0.0669  (11s)
  [12/20] Window [16.5 → 18.0s]  k=1  stacked/bayesian
      MAE=5.99°C  L2=0.0510  (11s)
  [13/20] Window [18.0 → 19.5s]  k=1  stacked/bayesian
      MAE=5.25°C  L2=0.0454  (11s)
  [14/20] Window [19.5 → 21.0s]  k=1  stacked/bayesian
      MAE=6.30°C  L2=0.0495  (11s)
  [15/20] Window [21.0 → 22.5s]  k=1  stacked/bayesian
      MAE=4.68°C  L2=0.0441  (12s)
  [16/20] Window [22.5 → 24.0s]  k=1  stacked/bayesian
      MAE=4.52°C  L2=0.0372  (12s)
  [17/20] Window [24.0 → 25.5s]  k=1  stacked/bayesian
      MAE=6.76°C  L2=0.0574  (11s)
  [18/20] Window [25.5 → 27.0s]  k=1  stacked/bayesian
      MAE=4.30°C  L2=0.0379  (12s)
  [19/20] Window [27.0 → 28.5s]  k=1  stacked/bayesian
      MAE=3.86°C  L2=0.0350  (11s)
  [20/20] Window [28.5 → 30.0s]  k=1  stacked/bayesian
      MAE=5.59°C  L2=0.0380  (11s)
  → Mean MAE=7.58°C  saved: stacked_bayesian_k1_dim3.pt
  [1/10] Window [0.0 → 3.0s]  k=2  stacked/bayesian
      MAE=17.84°C  L2=0.0743  (11s)
  [2/10] Window [3.0 → 6.0s]  k=2  stacked/bayesian
      MAE=11.58°C  L2=0.0675  (11s)
  [3/10] Window [6.0 → 9.0s]  k=2  stacked/bayesian
      MAE=9.61°C  L2=0.0632  (11s)
  [4/10] Window [9.0 → 12.0s]  k=2  stacked/bayesian
      MAE=9.29°C  L2=0.0623  (11s)
  [5/10] Window [12.0 → 15.0s]  k=2  stacked/bayesian
      MAE=9.48°C  L2=0.0649  (11s)
  [6/10] Window [15.0 → 18.0s]  k=2  stacked/bayesian
      MAE=8.95°C  L2=0.0616  (11s)
  [7/10] Window [18.0 → 21.0s]  k=2  stacked/bayesian
      MAE=7.27°C  L2=0.0560  (11s)
  [8/10] Window [21.0 → 24.0s]  k=2  stacked/bayesian
      MAE=6.35°C  L2=0.0400  (11s)
  [9/10] Window [24.0 → 27.0s]  k=2  stacked/bayesian
      MAE=7.61°C  L2=0.0611  (11s)
  [10/10] Window [27.0 → 30.0s]  k=2  stacked/bayesian
      MAE=4.51°C  L2=0.0345  (11s)
  → Mean MAE=9.25°C  saved: stacked_bayesian_k2_dim3.pt
  [1/7] Window [0.0 → 4.5s]  k=3  stacked/bayesian
      MAE=19.21°C  L2=0.0734  (11s)
  [2/7] Window [4.5 → 9.0s]  k=3  stacked/bayesian
      MAE=12.01°C  L2=0.0661  (11s)
  [3/7] Window [9.0 → 13.5s]  k=3  stacked/bayesian
      MAE=8.55°C  L2=0.0553  (12s)
  [4/7] Window [13.5 → 18.0s]  k=3  stacked/bayesian
      MAE=11.10°C  L2=0.0680  (12s)
  [5/7] Window [18.0 → 22.5s]  k=3  stacked/bayesian
      MAE=9.21°C  L2=0.0584  (12s)
  [6/7] Window [22.5 → 27.0s]  k=3  stacked/bayesian
      MAE=10.52°C  L2=0.0787  (11s)
  [7/7] Window [27.0 → 30.0s]  k=3  stacked/bayesian
      MAE=7.73°C  L2=0.0677  (11s)
  → Mean MAE=11.19°C  saved: stacked_bayesian_k3_dim3.pt
  [1/5] Window [0.0 → 6.0s]  k=4  stacked/bayesian
      MAE=19.15°C  L2=0.0693  (11s)
  [2/5] Window [6.0 → 12.0s]  k=4  stacked/bayesian
      MAE=12.32°C  L2=0.0639  (11s)
  [3/5] Window [12.0 → 18.0s]  k=4  stacked/bayesian
      MAE=10.10°C  L2=0.0581  (11s)
  [4/5] Window [18.0 → 24.0s]  k=4  stacked/bayesian
      MAE=9.49°C  L2=0.0553  (11s)
  [5/5] Window [24.0 → 30.0s]  k=4  stacked/bayesian
      MAE=5.78°C  L2=0.0257  (11s)
  → Mean MAE=11.37°C  saved: stacked_bayesian_k4_dim3.pt
  [1/4] Window [0.0 → 7.5s]  k=5  stacked/bayesian
      MAE=19.27°C  L2=0.0795  (11s)
  [2/4] Window [7.5 → 15.0s]  k=5  stacked/bayesian
      MAE=12.82°C  L2=0.0638  (11s)
  [3/4] Window [15.0 → 22.5s]  k=5  stacked/bayesian
      MAE=9.02°C  L2=0.0561  (11s)
  [4/4] Window [22.5 → 30.0s]  k=5  stacked/bayesian
      MAE=7.95°C  L2=0.0403  (11s)
  → Mean MAE=12.26°C  saved: stacked_bayesian_k5_dim3.pt

  K-SWEEP RESULT  domain=stacked  arch=bayesian
     k    mean MAE   n_windows
     1        7.58°C          20 ← best
     2        9.25°C          10
     3       11.19°C           7
     4       11.37°C           5
     5       12.26°C           4
  Registry updated: /home/coder/NAS-PINNS1/thermal_pinn/checkpoints/registry.json

============================================================
  K-SWEEP  domain=stacked  arch=nsga2  dim=3D
  k values: [1, 2, 3, 4, 5]
============================================================
  [1/20] Window [0.0 → 1.5s]  k=1  stacked/nsga2
      MAE=26.51°C  L2=0.1271  (11s)
  [2/20] Window [1.5 → 3.0s]  k=1  stacked/nsga2
      MAE=21.77°C  L2=0.0910  (11s)
  [3/20] Window [3.0 → 4.5s]  k=1  stacked/nsga2
      MAE=14.02°C  L2=0.0716  (11s)
  [4/20] Window [4.5 → 6.0s]  k=1  stacked/nsga2
      MAE=11.12°C  L2=0.0689  (11s)
  [5/20] Window [6.0 → 7.5s]  k=1  stacked/nsga2
      MAE=9.49°C  L2=0.0664  (12s)
  [6/20] Window [7.5 → 9.0s]  k=1  stacked/nsga2
      MAE=9.33°C  L2=0.0639  (11s)
  [7/20] Window [9.0 → 10.5s]  k=1  stacked/nsga2
      MAE=9.49°C  L2=0.0755  (11s)
  [8/20] Window [10.5 → 12.0s]  k=1  stacked/nsga2
      MAE=8.44°C  L2=0.0671  (11s)
  [9/20] Window [12.0 → 13.5s]  k=1  stacked/nsga2
      MAE=9.08°C  L2=0.0730  (11s)
  [10/20] Window [13.5 → 15.0s]  k=1  stacked/nsga2
      MAE=7.85°C  L2=0.0634  (11s)
  [11/20] Window [15.0 → 16.5s]  k=1  stacked/nsga2
      MAE=8.26°C  L2=0.0669  (10s)
  [12/20] Window [16.5 → 18.0s]  k=1  stacked/nsga2
      MAE=6.85°C  L2=0.0558  (10s)
  [13/20] Window [18.0 → 19.5s]  k=1  stacked/nsga2
      MAE=8.01°C  L2=0.0606  (11s)
  [14/20] Window [19.5 → 21.0s]  k=1  stacked/nsga2
      MAE=7.84°C  L2=0.0613  (10s)
  [15/20] Window [21.0 → 22.5s]  k=1  stacked/nsga2
      MAE=6.57°C  L2=0.0512  (11s)
  [16/20] Window [22.5 → 24.0s]  k=1  stacked/nsga2
      MAE=6.78°C  L2=0.0534  (12s)
  [17/20] Window [24.0 → 25.5s]  k=1  stacked/nsga2
      MAE=7.51°C  L2=0.0603  (11s)
  [18/20] Window [25.5 → 27.0s]  k=1  stacked/nsga2
      MAE=7.35°C  L2=0.0602  (11s)
  [19/20] Window [27.0 → 28.5s]  k=1  stacked/nsga2
      MAE=6.62°C  L2=0.0541  (11s)
  [20/20] Window [28.5 → 30.0s]  k=1  stacked/nsga2
      MAE=6.57°C  L2=0.0532  (10s)
  → Mean MAE=9.97°C  saved: stacked_nsga2_k1_dim3.pt
  [1/10] Window [0.0 → 3.0s]  k=2  stacked/nsga2
      MAE=25.56°C  L2=0.0998  (11s)
  [2/10] Window [3.0 → 6.0s]  k=2  stacked/nsga2
      MAE=23.36°C  L2=0.0967  (11s)
  [3/10] Window [6.0 → 9.0s]  k=2  stacked/nsga2
      MAE=12.93°C  L2=0.0753  (11s)
  [4/10] Window [9.0 → 12.0s]  k=2  stacked/nsga2
      MAE=13.44°C  L2=0.0848  (11s)
  [5/10] Window [12.0 → 15.0s]  k=2  stacked/nsga2
      MAE=11.30°C  L2=0.0801  (11s)
  [6/10] Window [15.0 → 18.0s]  k=2  stacked/nsga2
      MAE=11.80°C  L2=0.0872  (11s)
  [7/10] Window [18.0 → 21.0s]  k=2  stacked/nsga2
      MAE=12.41°C  L2=0.0987  (10s)
  [8/10] Window [21.0 → 24.0s]  k=2  stacked/nsga2
      MAE=11.39°C  L2=0.0935  (10s)
  [9/10] Window [24.0 → 27.0s]  k=2  stacked/nsga2
      MAE=11.49°C  L2=0.0912  (10s)
  [10/10] Window [27.0 → 30.0s]  k=2  stacked/nsga2
      MAE=11.25°C  L2=0.0931  (10s)
  → Mean MAE=14.49°C  saved: stacked_nsga2_k2_dim3.pt
  [1/7] Window [0.0 → 4.5s]  k=3  stacked/nsga2
      MAE=36.26°C  L2=0.1546  (11s)
  [2/7] Window [4.5 → 9.0s]  k=3  stacked/nsga2
      MAE=17.95°C  L2=0.0938  (11s)
  [3/7] Window [9.0 → 13.5s]  k=3  stacked/nsga2
      MAE=14.21°C  L2=0.0837  (11s)
  [4/7] Window [13.5 → 18.0s]  k=3  stacked/nsga2
      MAE=11.12°C  L2=0.0825  (10s)
  [5/7] Window [18.0 → 22.5s]  k=3  stacked/nsga2
      MAE=10.81°C  L2=0.0899  (10s)
  [6/7] Window [22.5 → 27.0s]  k=3  stacked/nsga2
      MAE=11.58°C  L2=0.0888  (10s)
  [7/7] Window [27.0 → 30.0s]  k=3  stacked/nsga2
      MAE=10.96°C  L2=0.0936  (10s)
  → Mean MAE=16.13°C  saved: stacked_nsga2_k3_dim3.pt
  [1/5] Window [0.0 → 6.0s]  k=4  stacked/nsga2
      MAE=42.19°C  L2=0.1721  (11s)
  [2/5] Window [6.0 → 12.0s]  k=4  stacked/nsga2
      MAE=18.36°C  L2=0.0889  (11s)
  [3/5] Window [12.0 → 18.0s]  k=4  stacked/nsga2
      MAE=13.89°C  L2=0.0784  (11s)
  [4/5] Window [18.0 → 24.0s]  k=4  stacked/nsga2
      MAE=12.81°C  L2=0.0881  (10s)
  [5/5] Window [24.0 → 30.0s]  k=4  stacked/nsga2
      MAE=11.16°C  L2=0.0757  (10s)
  → Mean MAE=19.68°C  saved: stacked_nsga2_k4_dim3.pt
  [1/4] Window [0.0 → 7.5s]  k=5  stacked/nsga2
      MAE=46.24°C  L2=0.1778  (11s)
  [2/4] Window [7.5 → 15.0s]  k=5  stacked/nsga2
      MAE=17.38°C  L2=0.0835  (11s)
  [3/4] Window [15.0 → 22.5s]  k=5  stacked/nsga2
      MAE=13.83°C  L2=0.0879  (11s)
  [4/4] Window [22.5 → 30.0s]  k=5  stacked/nsga2
      MAE=12.77°C  L2=0.0868  (11s)
  → Mean MAE=22.55°C  saved: stacked_nsga2_k5_dim3.pt

  K-SWEEP RESULT  domain=stacked  arch=nsga2
     k    mean MAE   n_windows
     1        9.97°C          20 ← best
     2       14.49°C          10
     3       16.13°C           7
     4       19.68°C           5
     5       22.55°C           4
  Registry updated: /home/coder/NAS-PINNS1/thermal_pinn/checkpoints/registry.json

============================================================
  K-SWEEP  domain=stacked  arch=nsga3  dim=3D
  k values: [1, 2, 3, 4, 5]
============================================================
  [1/20] Window [0.0 → 1.5s]  k=1  stacked/nsga3
      MAE=21.87°C  L2=0.0891  (11s)
  [2/20] Window [1.5 → 3.0s]  k=1  stacked/nsga3
      MAE=20.36°C  L2=0.0889  (11s)
  [3/20] Window [3.0 → 4.5s]  k=1  stacked/nsga3
      MAE=14.87°C  L2=0.0740  (11s)
  [4/20] Window [4.5 → 6.0s]  k=1  stacked/nsga3
      MAE=11.98°C  L2=0.0705  (11s)
  [5/20] Window [6.0 → 7.5s]  k=1  stacked/nsga3
      MAE=10.11°C  L2=0.0700  (11s)
  [6/20] Window [7.5 → 9.0s]  k=1  stacked/nsga3
      MAE=10.91°C  L2=0.0776  (11s)
  [7/20] Window [9.0 → 10.5s]  k=1  stacked/nsga3
      MAE=10.26°C  L2=0.0822  (10s)
  [8/20] Window [10.5 → 12.0s]  k=1  stacked/nsga3
      MAE=9.91°C  L2=0.0825  (11s)
  [9/20] Window [12.0 → 13.5s]  k=1  stacked/nsga3
      MAE=10.66°C  L2=0.0887  (10s)
  [10/20] Window [13.5 → 15.0s]  k=1  stacked/nsga3
      MAE=10.02°C  L2=0.0822  (11s)
  [11/20] Window [15.0 → 16.5s]  k=1  stacked/nsga3
      MAE=9.56°C  L2=0.0840  (10s)
  [12/20] Window [16.5 → 18.0s]  k=1  stacked/nsga3
      MAE=9.88°C  L2=0.0839  (10s)
  [13/20] Window [18.0 → 19.5s]  k=1  stacked/nsga3
      MAE=9.49°C  L2=0.0790  (11s)
  [14/20] Window [19.5 → 21.0s]  k=1  stacked/nsga3
      MAE=8.14°C  L2=0.0721  (11s)
  [15/20] Window [21.0 → 22.5s]  k=1  stacked/nsga3
      MAE=8.76°C  L2=0.0725  (11s)
  [16/20] Window [22.5 → 24.0s]  k=1  stacked/nsga3
      MAE=9.58°C  L2=0.0807  (11s)
  [17/20] Window [24.0 → 25.5s]  k=1  stacked/nsga3
      MAE=8.45°C  L2=0.0724  (10s)
  [18/20] Window [25.5 → 27.0s]  k=1  stacked/nsga3
      MAE=8.76°C  L2=0.0740  (11s)
  [19/20] Window [27.0 → 28.5s]  k=1  stacked/nsga3
      MAE=7.71°C  L2=0.0693  (11s)
  [20/20] Window [28.5 → 30.0s]  k=1  stacked/nsga3
      MAE=7.91°C  L2=0.0674  (11s)
  → Mean MAE=10.96°C  saved: stacked_nsga3_k1_dim3.pt
  [1/10] Window [0.0 → 3.0s]  k=2  stacked/nsga3
      MAE=33.69°C  L2=0.1575  (11s)
  [2/10] Window [3.0 → 6.0s]  k=2  stacked/nsga3
      MAE=17.49°C  L2=0.0898  (11s)
  [3/10] Window [6.0 → 9.0s]  k=2  stacked/nsga3
      MAE=11.83°C  L2=0.0750  (11s)
  [4/10] Window [9.0 → 12.0s]  k=2  stacked/nsga3
      MAE=13.31°C  L2=0.0858  (11s)
  [5/10] Window [12.0 → 15.0s]  k=2  stacked/nsga3
      MAE=11.63°C  L2=0.0825  (10s)
  [6/10] Window [15.0 → 18.0s]  k=2  stacked/nsga3
      MAE=11.49°C  L2=0.0889  (11s)
  [7/10] Window [18.0 → 21.0s]  k=2  stacked/nsga3
      MAE=11.98°C  L2=0.0980  (11s)
  [8/10] Window [21.0 → 24.0s]  k=2  stacked/nsga3
      MAE=12.01°C  L2=0.0943  (11s)
  [9/10] Window [24.0 → 27.0s]  k=2  stacked/nsga3
      MAE=11.98°C  L2=0.0933  (11s)
  [10/10] Window [27.0 → 30.0s]  k=2  stacked/nsga3
      MAE=11.05°C  L2=0.0906  (11s)
  → Mean MAE=14.65°C  saved: stacked_nsga3_k2_dim3.pt
  [1/7] Window [0.0 → 4.5s]  k=3  stacked/nsga3
      MAE=29.45°C  L2=0.1076  (11s)
  [2/7] Window [4.5 → 9.0s]  k=3  stacked/nsga3
      MAE=20.22°C  L2=0.0935  (11s)
  [3/7] Window [9.0 → 13.5s]  k=3  stacked/nsga3
      MAE=14.18°C  L2=0.0891  (11s)
  [4/7] Window [13.5 → 18.0s]  k=3  stacked/nsga3
      MAE=12.89°C  L2=0.0820  (11s)
  [5/7] Window [18.0 → 22.5s]  k=3  stacked/nsga3
      MAE=12.29°C  L2=0.0879  (10s)
  [6/7] Window [22.5 → 27.0s]  k=3  stacked/nsga3
      MAE=12.20°C  L2=0.0876  (10s)
  [7/7] Window [27.0 → 30.0s]  k=3  stacked/nsga3
      MAE=11.49°C  L2=0.0897  (10s)
  → Mean MAE=16.10°C  saved: stacked_nsga3_k3_dim3.pt
  [1/5] Window [0.0 → 6.0s]  k=4  stacked/nsga3
      MAE=33.44°C  L2=0.1165  (11s)
  [2/5] Window [6.0 → 12.0s]  k=4  stacked/nsga3
      MAE=21.87°C  L2=0.0896  (11s)
  [3/5] Window [12.0 → 18.0s]  k=4  stacked/nsga3
      MAE=13.84°C  L2=0.0811  (11s)
  [4/5] Window [18.0 → 24.0s]  k=4  stacked/nsga3
      MAE=14.36°C  L2=0.0877  (11s)
  [5/5] Window [24.0 → 30.0s]  k=4  stacked/nsga3
      MAE=9.08°C  L2=0.0588  (10s)
  → Mean MAE=18.52°C  saved: stacked_nsga3_k4_dim3.pt
  [1/4] Window [0.0 → 7.5s]  k=5  stacked/nsga3
      MAE=46.92°C  L2=0.1800  (10s)
  [2/4] Window [7.5 → 15.0s]  k=5  stacked/nsga3
      MAE=16.33°C  L2=0.0816  (11s)
  [3/4] Window [15.0 → 22.5s]  k=5  stacked/nsga3
      MAE=15.32°C  L2=0.0899  (11s)
  [4/4] Window [22.5 → 30.0s]  k=5  stacked/nsga3
      MAE=12.98°C  L2=0.0854  (10s)
  → Mean MAE=22.89°C  saved: stacked_nsga3_k5_dim3.pt

  K-SWEEP RESULT  domain=stacked  arch=nsga3
     k    mean MAE   n_windows
     1       10.96°C          20 ← best
     2       14.65°C          10
     3       16.10°C           7
     4       18.52°C           5
     5       22.89°C           4
  Registry updated: /home/coder/NAS-PINNS1/thermal_pinn/checkpoints/registry.json

============================================================
  K-SWEEP  domain=lshape  arch=bayesian  dim=3D
  k values: [1, 2, 3, 4, 5]
============================================================
  LShape3D: running FD solver (20×20×10 grid)…
  LShape3D: FD solver done.
  [1/20] Window [0.0 → 1.5s]  k=1  lshape/bayesian
      MAE=18.50°C  L2=0.0550  (10s)
  [2/20] Window [1.5 → 3.0s]  k=1  lshape/bayesian
      MAE=6.01°C  L2=0.0232  (11s)
  [3/20] Window [3.0 → 4.5s]  k=1  lshape/bayesian
      MAE=6.58°C  L2=0.0245  (11s)
  [4/20] Window [4.5 → 6.0s]  k=1  lshape/bayesian
      MAE=7.45°C  L2=0.0247  (12s)
  [5/20] Window [6.0 → 7.5s]  k=1  lshape/bayesian
      MAE=7.14°C  L2=0.0256  (11s)
  [6/20] Window [7.5 → 9.0s]  k=1  lshape/bayesian
      MAE=15.23°C  L2=0.0532  (11s)
  [7/20] Window [9.0 → 10.5s]  k=1  lshape/bayesian
      MAE=12.19°C  L2=0.0453  (11s)
  [8/20] Window [10.5 → 12.0s]  k=1  lshape/bayesian
      MAE=6.14°C  L2=0.0251  (11s)
  [9/20] Window [12.0 → 13.5s]  k=1  lshape/bayesian
      MAE=11.09°C  L2=0.0499  (12s)
  [10/20] Window [13.5 → 15.0s]  k=1  lshape/bayesian
      MAE=7.06°C  L2=0.0349  (12s)
  [11/20] Window [15.0 → 16.5s]  k=1  lshape/bayesian
      MAE=6.68°C  L2=0.0286  (11s)
  [12/20] Window [16.5 → 18.0s]  k=1  lshape/bayesian
      MAE=9.39°C  L2=0.0416  (11s)
  [13/20] Window [18.0 → 19.5s]  k=1  lshape/bayesian
      MAE=10.52°C  L2=0.0441  (11s)
  [14/20] Window [19.5 → 21.0s]  k=1  lshape/bayesian
      MAE=6.77°C  L2=0.0298  (11s)
  [15/20] Window [21.0 → 22.5s]  k=1  lshape/bayesian
      MAE=6.01°C  L2=0.0311  (11s)
  [16/20] Window [22.5 → 24.0s]  k=1  lshape/bayesian
      MAE=8.45°C  L2=0.0383  (11s)
  [17/20] Window [24.0 → 25.5s]  k=1  lshape/bayesian
      MAE=5.86°C  L2=0.0298  (11s)
  [18/20] Window [25.5 → 27.0s]  k=1  lshape/bayesian
      MAE=6.65°C  L2=0.0346  (11s)
  [19/20] Window [27.0 → 28.5s]  k=1  lshape/bayesian
      MAE=5.45°C  L2=0.0307  (11s)
  [20/20] Window [28.5 → 30.0s]  k=1  lshape/bayesian
      MAE=4.99°C  L2=0.0235  (11s)
  → Mean MAE=8.41°C  saved: lshape_bayesian_k1_dim3.pt
  LShape3D: running FD solver (20×20×10 grid)…
  LShape3D: FD solver done.
  [1/10] Window [0.0 → 3.0s]  k=2  lshape/bayesian
      MAE=11.76°C  L2=0.0372  (11s)
  [2/10] Window [3.0 → 6.0s]  k=2  lshape/bayesian
      MAE=7.14°C  L2=0.0227  (11s)
  [3/10] Window [6.0 → 9.0s]  k=2  lshape/bayesian
      MAE=5.43°C  L2=0.0217  (12s)
  [4/10] Window [9.0 → 12.0s]  k=2  lshape/bayesian
      MAE=5.80°C  L2=0.0223  (11s)
  [5/10] Window [12.0 → 15.0s]  k=2  lshape/bayesian
      MAE=6.69°C  L2=0.0256  (12s)
  [6/10] Window [15.0 → 18.0s]  k=2  lshape/bayesian
      MAE=7.80°C  L2=0.0318  (11s)
  [7/10] Window [18.0 → 21.0s]  k=2  lshape/bayesian
      MAE=7.33°C  L2=0.0338  (13s)
  [8/10] Window [21.0 → 24.0s]  k=2  lshape/bayesian
      MAE=5.36°C  L2=0.0240  (12s)
  [9/10] Window [24.0 → 27.0s]  k=2  lshape/bayesian
      MAE=8.07°C  L2=0.0405  (12s)
  [10/10] Window [27.0 → 30.0s]  k=2  lshape/bayesian
      MAE=6.43°C  L2=0.0328  (11s)
  → Mean MAE=7.18°C  saved: lshape_bayesian_k2_dim3.pt
  LShape3D: running FD solver (20×20×10 grid)…
  LShape3D: FD solver done.
  [1/7] Window [0.0 → 4.5s]  k=3  lshape/bayesian
      MAE=15.16°C  L2=0.0494  (11s)
  [2/7] Window [4.5 → 9.0s]  k=3  lshape/bayesian
      MAE=7.69°C  L2=0.0268  (11s)
  [3/7] Window [9.0 → 13.5s]  k=3  lshape/bayesian
      MAE=6.49°C  L2=0.0250  (11s)
  [4/7] Window [13.5 → 18.0s]  k=3  lshape/bayesian
      MAE=6.46°C  L2=0.0255  (11s)
  [5/7] Window [18.0 → 22.5s]  k=3  lshape/bayesian
      MAE=4.59°C  L2=0.0194  (11s)
  [6/7] Window [22.5 → 27.0s]  k=3  lshape/bayesian
      MAE=4.37°C  L2=0.0194  (11s)
  [7/7] Window [27.0 → 30.0s]  k=3  lshape/bayesian
      MAE=4.83°C  L2=0.0213  (11s)
  → Mean MAE=7.08°C  saved: lshape_bayesian_k3_dim3.pt
  LShape3D: running FD solver (20×20×10 grid)…
  LShape3D: FD solver done.
  [1/5] Window [0.0 → 6.0s]  k=4  lshape/bayesian
      MAE=16.14°C  L2=0.0513  (11s)
  [2/5] Window [6.0 → 12.0s]  k=4  lshape/bayesian
      MAE=6.89°C  L2=0.0223  (11s)
  [3/5] Window [12.0 → 18.0s]  k=4  lshape/bayesian
      MAE=8.67°C  L2=0.0344  (11s)
  [4/5] Window [18.0 → 24.0s]  k=4  lshape/bayesian
      MAE=5.59°C  L2=0.0222  (11s)
  [5/5] Window [24.0 → 30.0s]  k=4  lshape/bayesian
      MAE=6.37°C  L2=0.0279  (11s)
  → Mean MAE=8.73°C  saved: lshape_bayesian_k4_dim3.pt
  LShape3D: running FD solver (20×20×10 grid)…
  LShape3D: FD solver done.
  [1/4] Window [0.0 → 7.5s]  k=5  lshape/bayesian
      MAE=18.03°C  L2=0.0573  (11s)
  [2/4] Window [7.5 → 15.0s]  k=5  lshape/bayesian
      MAE=8.17°C  L2=0.0296  (11s)
  [3/4] Window [15.0 → 22.5s]  k=5  lshape/bayesian
      MAE=7.64°C  L2=0.0310  (12s)
  [4/4] Window [22.5 → 30.0s]  k=5  lshape/bayesian
      MAE=5.89°C  L2=0.0259  (11s)
  → Mean MAE=9.93°C  saved: lshape_bayesian_k5_dim3.pt

  K-SWEEP RESULT  domain=lshape  arch=bayesian
     k    mean MAE   n_windows
     1        8.41°C          20
     2        7.18°C          10
     3        7.08°C           7 ← best
     4        8.73°C           5
     5        9.93°C           4
  Registry updated: /home/coder/NAS-PINNS1/thermal_pinn/checkpoints/registry.json

============================================================
  K-SWEEP  domain=lshape  arch=nsga2  dim=3D
  k values: [1, 2, 3, 4, 5]
============================================================
  LShape3D: running FD solver (20×20×10 grid)…
  LShape3D: FD solver done.
  [1/20] Window [0.0 → 1.5s]  k=1  lshape/nsga2
      MAE=20.36°C  L2=0.0717  (11s)
  [2/20] Window [1.5 → 3.0s]  k=1  lshape/nsga2
      MAE=16.66°C  L2=0.0543  (11s)
  [3/20] Window [3.0 → 4.5s]  k=1  lshape/nsga2
      MAE=11.28°C  L2=0.0370  (10s)
  [4/20] Window [4.5 → 6.0s]  k=1  lshape/nsga2
      MAE=7.28°C  L2=0.0238  (11s)
  [5/20] Window [6.0 → 7.5s]  k=1  lshape/nsga2
      MAE=6.98°C  L2=0.0258  (11s)
  [6/20] Window [7.5 → 9.0s]  k=1  lshape/nsga2
      MAE=6.41°C  L2=0.0243  (11s)
  [7/20] Window [9.0 → 10.5s]  k=1  lshape/nsga2
      MAE=4.10°C  L2=0.0156  (11s)
  [8/20] Window [10.5 → 12.0s]  k=1  lshape/nsga2
      MAE=4.80°C  L2=0.0191  (11s)
  [9/20] Window [12.0 → 13.5s]  k=1  lshape/nsga2
      MAE=4.90°C  L2=0.0213  (11s)
  [10/20] Window [13.5 → 15.0s]  k=1  lshape/nsga2
      MAE=3.37°C  L2=0.0165  (11s)
  [11/20] Window [15.0 → 16.5s]  k=1  lshape/nsga2
      MAE=3.58°C  L2=0.0148  (11s)
  [12/20] Window [16.5 → 18.0s]  k=1  lshape/nsga2
      MAE=2.96°C  L2=0.0139  (11s)
  [13/20] Window [18.0 → 19.5s]  k=1  lshape/nsga2
      MAE=2.68°C  L2=0.0125  (11s)
  [14/20] Window [19.5 → 21.0s]  k=1  lshape/nsga2
      MAE=2.85°C  L2=0.0125  (10s)
  [15/20] Window [21.0 → 22.5s]  k=1  lshape/nsga2
      MAE=2.90°C  L2=0.0143  (10s)
  [16/20] Window [22.5 → 24.0s]  k=1  lshape/nsga2
      MAE=1.67°C  L2=0.0096  (10s)
  [17/20] Window [24.0 → 25.5s]  k=1  lshape/nsga2
      MAE=2.39°C  L2=0.0103  (11s)
  [18/20] Window [25.5 → 27.0s]  k=1  lshape/nsga2
      MAE=2.50°C  L2=0.0116  (11s)
  [19/20] Window [27.0 → 28.5s]  k=1  lshape/nsga2
      MAE=2.16°C  L2=0.0128  (11s)
  [20/20] Window [28.5 → 30.0s]  k=1  lshape/nsga2
      MAE=1.94°C  L2=0.0100  (11s)
  → Mean MAE=5.59°C  saved: lshape_nsga2_k1_dim3.pt
  LShape3D: running FD solver (20×20×10 grid)…
  LShape3D: FD solver done.
  [1/10] Window [0.0 → 3.0s]  k=2  lshape/nsga2
      MAE=40.49°C  L2=0.1350  (10s)
  [2/10] Window [3.0 → 6.0s]  k=2  lshape/nsga2
      MAE=18.61°C  L2=0.0598  (10s)
  [3/10] Window [6.0 → 9.0s]  k=2  lshape/nsga2
      MAE=9.99°C  L2=0.0355  (10s)
  [4/10] Window [9.0 → 12.0s]  k=2  lshape/nsga2
      MAE=6.80°C  L2=0.0248  (11s)
  [5/10] Window [12.0 → 15.0s]  k=2  lshape/nsga2
      MAE=6.47°C  L2=0.0267  (11s)
  [6/10] Window [15.0 → 18.0s]  k=2  lshape/nsga2
      MAE=6.55°C  L2=0.0248  (11s)
  [7/10] Window [18.0 → 21.0s]  k=2  lshape/nsga2
      MAE=4.02°C  L2=0.0165  (11s)
  [8/10] Window [21.0 → 24.0s]  k=2  lshape/nsga2
      MAE=4.52°C  L2=0.0192  (11s)
  [9/10] Window [24.0 → 27.0s]  k=2  lshape/nsga2
      MAE=3.42°C  L2=0.0151  (11s)
  [10/10] Window [27.0 → 30.0s]  k=2  lshape/nsga2
      MAE=3.21°C  L2=0.0155  (11s)
  → Mean MAE=10.41°C  saved: lshape_nsga2_k2_dim3.pt
  LShape3D: running FD solver (20×20×10 grid)…
  LShape3D: FD solver done.
  [1/7] Window [0.0 → 4.5s]  k=3  lshape/nsga2
      MAE=46.12°C  L2=0.1430  (11s)
  [2/7] Window [4.5 → 9.0s]  k=3  lshape/nsga2
      MAE=14.50°C  L2=0.0500  (10s)
  [3/7] Window [9.0 → 13.5s]  k=3  lshape/nsga2
      MAE=10.52°C  L2=0.0369  (10s)
  [4/7] Window [13.5 → 18.0s]  k=3  lshape/nsga2
      MAE=9.02°C  L2=0.0318  (10s)
  [5/7] Window [18.0 → 22.5s]  k=3  lshape/nsga2
      MAE=7.11°C  L2=0.0289  (11s)
  [6/7] Window [22.5 → 27.0s]  k=3  lshape/nsga2
      MAE=5.58°C  L2=0.0242  (11s)
  [7/7] Window [27.0 → 30.0s]  k=3  lshape/nsga2
      MAE=4.34°C  L2=0.0194  (11s)
  → Mean MAE=13.89°C  saved: lshape_nsga2_k3_dim3.pt
  LShape3D: running FD solver (20×20×10 grid)…
  LShape3D: FD solver done.
  [1/5] Window [0.0 → 6.0s]  k=4  lshape/nsga2
      MAE=54.37°C  L2=0.1673  (11s)
  [2/5] Window [6.0 → 12.0s]  k=4  lshape/nsga2
      MAE=13.24°C  L2=0.0468  (11s)
  [3/5] Window [12.0 → 18.0s]  k=4  lshape/nsga2
      MAE=10.04°C  L2=0.0379  (11s)
  [4/5] Window [18.0 → 24.0s]  k=4  lshape/nsga2
      MAE=7.50°C  L2=0.0305  (11s)
  [5/5] Window [24.0 → 30.0s]  k=4  lshape/nsga2
      MAE=6.34°C  L2=0.0282  (11s)
  → Mean MAE=18.30°C  saved: lshape_nsga2_k4_dim3.pt
  LShape3D: running FD solver (20×20×10 grid)…
  LShape3D: FD solver done.
  [1/4] Window [0.0 → 7.5s]  k=5  lshape/nsga2
      MAE=46.11°C  L2=0.1423  (11s)
  [2/4] Window [7.5 → 15.0s]  k=5  lshape/nsga2
      MAE=11.86°C  L2=0.0435  (11s)
  [3/4] Window [15.0 → 22.5s]  k=5  lshape/nsga2
      MAE=8.29°C  L2=0.0325  (11s)
  [4/4] Window [22.5 → 30.0s]  k=5  lshape/nsga2
      MAE=6.97°C  L2=0.0285  (10s)
  → Mean MAE=18.31°C  saved: lshape_nsga2_k5_dim3.pt

  K-SWEEP RESULT  domain=lshape  arch=nsga2
     k    mean MAE   n_windows
     1        5.59°C          20 ← best
     2       10.41°C          10
     3       13.89°C           7
     4       18.30°C           5
     5       18.31°C           4
  Registry updated: /home/coder/NAS-PINNS1/thermal_pinn/checkpoints/registry.json

============================================================
  K-SWEEP  domain=lshape  arch=nsga3  dim=3D
  k values: [1, 2, 3, 4, 5]
============================================================
  LShape3D: running FD solver (20×20×10 grid)…
  LShape3D: FD solver done.
  [1/20] Window [0.0 → 1.5s]  k=1  lshape/nsga3
      MAE=19.55°C  L2=0.0624  (10s)
  [2/20] Window [1.5 → 3.0s]  k=1  lshape/nsga3
      MAE=14.19°C  L2=0.0490  (11s)
  [3/20] Window [3.0 → 4.5s]  k=1  lshape/nsga3
      MAE=9.17°C  L2=0.0312  (12s)
  [4/20] Window [4.5 → 6.0s]  k=1  lshape/nsga3
      MAE=6.44°C  L2=0.0243  (11s)
  [5/20] Window [6.0 → 7.5s]  k=1  lshape/nsga3
      MAE=6.22°C  L2=0.0242  (11s)
  [6/20] Window [7.5 → 9.0s]  k=1  lshape/nsga3
      MAE=5.10°C  L2=0.0179  (11s)
  [7/20] Window [9.0 → 10.5s]  k=1  lshape/nsga3
      MAE=3.73°C  L2=0.0148  (10s)
  [8/20] Window [10.5 → 12.0s]  k=1  lshape/nsga3
      MAE=3.84°C  L2=0.0160  (11s)
  [9/20] Window [12.0 → 13.5s]  k=1  lshape/nsga3
      MAE=3.37°C  L2=0.0154  (11s)
  [10/20] Window [13.5 → 15.0s]  k=1  lshape/nsga3
      MAE=2.85°C  L2=0.0142  (11s)
  [11/20] Window [15.0 → 16.5s]  k=1  lshape/nsga3
      MAE=2.55°C  L2=0.0108  (12s)
  [12/20] Window [16.5 → 18.0s]  k=1  lshape/nsga3
      MAE=2.26°C  L2=0.0110  (11s)
  [13/20] Window [18.0 → 19.5s]  k=1  lshape/nsga3
      MAE=2.30°C  L2=0.0113  (11s)
  [14/20] Window [19.5 → 21.0s]  k=1  lshape/nsga3
      MAE=2.35°C  L2=0.0110  (12s)
  [15/20] Window [21.0 → 22.5s]  k=1  lshape/nsga3
      MAE=2.50°C  L2=0.0128  (11s)
  [16/20] Window [22.5 → 24.0s]  k=1  lshape/nsga3
      MAE=1.61°C  L2=0.0102  (11s)
  [17/20] Window [24.0 → 25.5s]  k=1  lshape/nsga3
      MAE=1.84°C  L2=0.0089  (12s)
  [18/20] Window [25.5 → 27.0s]  k=1  lshape/nsga3
      MAE=1.74°C  L2=0.0089  (10s)
  [19/20] Window [27.0 → 28.5s]  k=1  lshape/nsga3
      MAE=1.97°C  L2=0.0100  (11s)
  [20/20] Window [28.5 → 30.0s]  k=1  lshape/nsga3
      MAE=1.71°C  L2=0.0093  (11s)
  → Mean MAE=4.76°C  saved: lshape_nsga3_k1_dim3.pt
  LShape3D: running FD solver (20×20×10 grid)…
  LShape3D: FD solver done.
  [1/10] Window [0.0 → 3.0s]  k=2  lshape/nsga3
      MAE=33.45°C  L2=0.1005  (11s)
  [2/10] Window [3.0 → 6.0s]  k=2  lshape/nsga3
      MAE=15.11°C  L2=0.0523  (11s)
  [3/10] Window [6.0 → 9.0s]  k=2  lshape/nsga3
      MAE=11.18°C  L2=0.0379  (11s)
  [4/10] Window [9.0 → 12.0s]  k=2  lshape/nsga3
      MAE=9.24°C  L2=0.0320  (11s)
  [5/10] Window [12.0 → 15.0s]  k=2  lshape/nsga3
      MAE=9.04°C  L2=0.0361  (11s)
  [6/10] Window [15.0 → 18.0s]  k=2  lshape/nsga3
      MAE=6.37°C  L2=0.0254  (11s)
  [7/10] Window [18.0 → 21.0s]  k=2  lshape/nsga3
      MAE=4.72°C  L2=0.0202  (10s)
  [8/10] Window [21.0 → 24.0s]  k=2  lshape/nsga3
      MAE=3.73°C  L2=0.0181  (10s)
  [9/10] Window [24.0 → 27.0s]  k=2  lshape/nsga3
      MAE=3.54°C  L2=0.0181  (11s)
  [10/10] Window [27.0 → 30.0s]  k=2  lshape/nsga3
      MAE=3.34°C  L2=0.0184  (11s)
  → Mean MAE=9.97°C  saved: lshape_nsga3_k2_dim3.pt
  LShape3D: running FD solver (20×20×10 grid)…
  LShape3D: FD solver done.
  [1/7] Window [0.0 → 4.5s]  k=3  lshape/nsga3
      MAE=37.62°C  L2=0.1172  (12s)
  [2/7] Window [4.5 → 9.0s]  k=3  lshape/nsga3
      MAE=13.01°C  L2=0.0459  (11s)
  [3/7] Window [9.0 → 13.5s]  k=3  lshape/nsga3
      MAE=11.15°C  L2=0.0407  (11s)
  [4/7] Window [13.5 → 18.0s]  k=3  lshape/nsga3
      MAE=9.33°C  L2=0.0353  (11s)
  [5/7] Window [18.0 → 22.5s]  k=3  lshape/nsga3
      MAE=7.32°C  L2=0.0312  (11s)
  [6/7] Window [22.5 → 27.0s]  k=3  lshape/nsga3
      MAE=6.72°C  L2=0.0308  (11s)
  [7/7] Window [27.0 → 30.0s]  k=3  lshape/nsga3
      MAE=5.62°C  L2=0.0267  (11s)
  → Mean MAE=12.97°C  saved: lshape_nsga3_k3_dim3.pt
  LShape3D: running FD solver (20×20×10 grid)…
  LShape3D: FD solver done.
  [1/5] Window [0.0 → 6.0s]  k=4  lshape/nsga3
      MAE=44.13°C  L2=0.1418  (10s)
  [2/5] Window [6.0 → 12.0s]  k=4  lshape/nsga3
      MAE=12.66°C  L2=0.0450  (11s)
  [3/5] Window [12.0 → 18.0s]  k=4  lshape/nsga3
      MAE=9.46°C  L2=0.0363  (10s)
  [4/5] Window [18.0 → 24.0s]  k=4  lshape/nsga3
      MAE=6.49°C  L2=0.0287  (11s)
  [5/5] Window [24.0 → 30.0s]  k=4  lshape/nsga3
      MAE=6.04°C  L2=0.0287  (11s)
  → Mean MAE=15.76°C  saved: lshape_nsga3_k4_dim3.pt
  LShape3D: running FD solver (20×20×10 grid)…
  LShape3D: FD solver done.
  [1/4] Window [0.0 → 7.5s]  k=5  lshape/nsga3
      MAE=35.11°C  L2=0.1037  (11s)
  [2/4] Window [7.5 → 15.0s]  k=5  lshape/nsga3
      MAE=11.63°C  L2=0.0424  (11s)
  [3/4] Window [15.0 → 22.5s]  k=5  lshape/nsga3
      MAE=9.45°C  L2=0.0370  (10s)
  [4/4] Window [22.5 → 30.0s]  k=5  lshape/nsga3
      MAE=6.36°C  L2=0.0273  (10s)
  → Mean MAE=15.64°C  saved: lshape_nsga3_k5_dim3.pt

  K-SWEEP RESULT  domain=lshape  arch=nsga3
     k    mean MAE   n_windows
     1        4.76°C          20 ← best
     2        9.97°C          10
     3       12.97°C           7
     4       15.76°C           5
     5       15.64°C           4
  Registry updated: /home/coder/NAS-PINNS1/thermal_pinn/checkpoints/registry.json
