Starting NSGA-III architecture search: beta=1.000
Adam [    0] loss: 4.6020e+01
Adam [  119] loss: 1.8864e+01
Adam [    0] loss: 3.6280e+01
Adam [  119] loss: 2.1391e+01
Adam [    0] loss: 3.6641e+01
Adam [  119] loss: 2.9006e+01
Adam [    0] loss: 3.4492e+01
Adam [  119] loss: 2.9859e+01
Adam [    0] loss: 4.7334e+01
Adam [  119] loss: 2.8924e+01
Adam [    0] loss: 7.9968e+01
Adam [  119] loss: 3.0166e+01
Adam [    0] loss: 3.6992e+01
Adam [  119] loss: 2.9421e+01
Adam [    0] loss: 7.8363e+01
Adam [  119] loss: 2.9373e+01
Adam [    0] loss: 3.7952e+01
Adam [  119] loss: 2.9296e+01
Adam [    0] loss: 6.3530e+01
Adam [  119] loss: 2.9110e+01
Adam [    0] loss: 5.9047e+01
Adam [  119] loss: 2.5266e+01
Adam [    0] loss: 4.1283e+01
Adam [  119] loss: 2.9844e+01
Adam [    0] loss: 9.9537e+01
Adam [  119] loss: 2.6783e+01
==========================================================
n_gen  |  n_eval  | n_nds  |      eps      |   indicator  
==========================================================
     1 |       13 |      4 |             - |             -
Adam [    0] loss: 3.8321e+01
Adam [  119] loss: 2.8245e+01
Adam [    0] loss: 2.6235e+02
Adam [  119] loss: 3.0030e+01
Adam [    0] loss: 3.9478e+01
Adam [  119] loss: 2.9978e+01
Adam [    0] loss: 4.2594e+01
Adam [  119] loss: 2.9808e+01
Adam [    0] loss: 4.2453e+01
Adam [  119] loss: 2.1933e+01
Adam [    0] loss: 4.8398e+01
Adam [  119] loss: 2.9845e+01
Adam [    0] loss: 7.1427e+01
Adam [  119] loss: 2.9877e+01
Adam [    0] loss: 4.0879e+01
Adam [  119] loss: 2.7655e+01
Adam [    0] loss: 3.5143e+01
Adam [  119] loss: 2.1622e+01
Adam [    0] loss: 3.6857e+01
Adam [  119] loss: 1.8375e+01
Adam [    0] loss: 3.0902e+01
Adam [  119] loss: 2.8815e+01
Adam [    0] loss: 4.1048e+01
Adam [  119] loss: 1.7082e+01
Adam [    0] loss: 3.2347e+01
Adam [  119] loss: 2.5210e+01
     2 |       26 |      4 |  0.1504966516 |         ideal
Adam [    0] loss: 4.7739e+01
Adam [  119] loss: 2.9755e+01
Adam [    0] loss: 3.7610e+01
Adam [  119] loss: 2.6087e+01
Adam [    0] loss: 5.0597e+01
Adam [  119] loss: 2.1448e+01
Adam [    0] loss: 1.2999e+02
Adam [  119] loss: 2.9952e+01
Adam [    0] loss: 5.6913e+01
Adam [  119] loss: 2.9189e+01
Adam [    0] loss: 1.0584e+02
Adam [  119] loss: 2.9959e+01
Adam [    0] loss: 3.9738e+01
Adam [  119] loss: 2.6422e+01
Adam [    0] loss: 3.4822e+01
Adam [  119] loss: 2.9146e+01
Adam [    0] loss: 1.3111e+02
Adam [  119] loss: 2.9376e+01
Adam [    0] loss: 4.1473e+01
Adam [  119] loss: 2.0722e+01
Adam [    0] loss: 3.2480e+01
Adam [  119] loss: 2.7600e+01
Adam [    0] loss: 9.0195e+01
Adam [  119] loss: 2.9730e+01
Adam [    0] loss: 5.2784e+01
Adam [  119] loss: 2.7405e+01
     3 |       39 |      5 |  0.0094599243 |         ideal
Adam [    0] loss: 6.2831e+01
Adam [  119] loss: 2.8748e+01
Adam [    0] loss: 5.6317e+01
Adam [  119] loss: 2.9703e+01
Adam [    0] loss: 3.8896e+01
Adam [  119] loss: 2.8217e+01
Adam [    0] loss: 4.8454e+01
Adam [  119] loss: 2.9863e+01
Adam [    0] loss: 3.5298e+01
Adam [  119] loss: 2.5650e+01
Adam [    0] loss: 4.6806e+01
Adam [  119] loss: 2.6725e+01
Adam [    0] loss: 3.5824e+01
Adam [  119] loss: 2.1227e+01
Adam [    0] loss: 5.8957e+01
Adam [  119] loss: 2.1497e+01
Adam [    0] loss: 3.2675e+01
Adam [  119] loss: 1.9532e+01
Adam [    0] loss: 7.5554e+01
Adam [  119] loss: 2.8312e+01
Adam [    0] loss: 7.6382e+01
Adam [  119] loss: 2.9163e+01
Adam [    0] loss: 4.5568e+01
Adam [  119] loss: 2.6617e+01
Adam [    0] loss: 3.1772e+01
Adam [  119] loss: 2.9067e+01
     4 |       52 |      5 |  0.1558268393 |         nadir
Adam [    0] loss: 6.9280e+01
Adam [  119] loss: 2.5253e+01
Adam [    0] loss: 4.1230e+01
Adam [  119] loss: 2.7491e+01
Adam [    0] loss: 3.1765e+01
Adam [  119] loss: 2.4705e+01
Adam [    0] loss: 7.5638e+01
Adam [  119] loss: 2.6362e+01
Adam [    0] loss: 4.9301e+01
Adam [  119] loss: 2.6465e+01
Adam [    0] loss: 4.0619e+01
Adam [  119] loss: 2.4231e+01
Adam [    0] loss: 1.3752e+02
Adam [  119] loss: 2.9891e+01
Adam [    0] loss: 1.3098e+02
Adam [  119] loss: 2.9294e+01
Adam [    0] loss: 6.3524e+01
Adam [  119] loss: 2.2742e+01
Adam [    0] loss: 2.4832e+02
Adam [  119] loss: 2.9605e+01
Adam [    0] loss: 4.6107e+01
Adam [  119] loss: 2.2777e+01
Adam [    0] loss: 7.5799e+01
Adam [  119] loss: 2.9329e+01
Adam [    0] loss: 6.3776e+01
Adam [  119] loss: 2.9644e+01
     5 |       65 |      6 |  0.0942326267 |         ideal
Adam [    0] loss: 3.5915e+01
Adam [  119] loss: 1.9851e+01
Adam [    0] loss: 7.6995e+01
Adam [  119] loss: 2.9766e+01
Adam [    0] loss: 6.7703e+01
Adam [  119] loss: 2.9742e+01
Adam [    0] loss: 3.8644e+01
Adam [  119] loss: 2.2717e+01
Adam [    0] loss: 7.0536e+01
Adam [  119] loss: 2.9902e+01
Adam [    0] loss: 1.2469e+02
Adam [  119] loss: 2.9886e+01
Adam [    0] loss: 3.7496e+01
Adam [  119] loss: 2.8223e+01
Adam [    0] loss: 7.8078e+01
Adam [  119] loss: 2.9080e+01
Adam [    0] loss: 3.2988e+01
Adam [  119] loss: 2.8781e+01
Adam [    0] loss: 5.5078e+01
Adam [  119] loss: 2.3805e+01
Adam [    0] loss: 1.5361e+02
Adam [  119] loss: 2.8965e+01
Adam [    0] loss: 4.0130e+01
Adam [  119] loss: 2.2878e+01
Adam [    0] loss: 6.1638e+01
Adam [  119] loss: 2.9436e+01
     6 |       78 |      6 |  0.0061520040 |         ideal
Best architecture from NSGA-III: layers=5, neurons=183
Adam [    0] loss: 3.4304e+01
Adam [ 2000] loss: 1.0541e-01
Adam [ 4000] loss: 3.0733e-02
Adam [ 6000] loss: 9.5997e-03
Adam [ 8000] loss: 5.0448e-02
Adam [10000] loss: 8.5667e-04
Adam [11999] loss: 1.4062e-02

L-BFGS refinement...

PSO refinement...
PSO best objective: 2.8687e+01
Saved plot: results/pipeline_runs/20260303_222758_advection_burgers2d/artifacts/advection/nsga3/paper_beta_1.000/run_01/stage_adam/loss_curve.png
Saved plot: results/pipeline_runs/20260303_222758_advection_burgers2d/artifacts/advection/nsga3/paper_beta_1.000/run_01/stage_adam/result_comparison.png
Saved plot: results/pipeline_runs/20260303_222758_advection_burgers2d/artifacts/advection/nsga3/paper_beta_1.000/run_01/stage_adam/advection_heatmap.png
Saved plot: results/pipeline_runs/20260303_222758_advection_burgers2d/artifacts/advection/nsga3/paper_beta_1.000/run_01/stage_adam/advection_time_slices_exact_vs_pred.png
Saved plot: results/pipeline_runs/20260303_222758_advection_burgers2d/artifacts/advection/nsga3/paper_beta_1.000/run_01/stage_lbfgs/loss_curve.png
Saved plot: results/pipeline_runs/20260303_222758_advection_burgers2d/artifacts/advection/nsga3/paper_beta_1.000/run_01/stage_lbfgs/result_comparison.png
Saved plot: results/pipeline_runs/20260303_222758_advection_burgers2d/artifacts/advection/nsga3/paper_beta_1.000/run_01/stage_lbfgs/advection_heatmap.png
Saved plot: results/pipeline_runs/20260303_222758_advection_burgers2d/artifacts/advection/nsga3/paper_beta_1.000/run_01/stage_lbfgs/advection_time_slices_exact_vs_pred.png
Saved plot: results/pipeline_runs/20260303_222758_advection_burgers2d/artifacts/advection/nsga3/paper_beta_1.000/run_01/stage_pso/loss_curve.png
Saved plot: results/pipeline_runs/20260303_222758_advection_burgers2d/artifacts/advection/nsga3/paper_beta_1.000/run_01/stage_pso/result_comparison.png
Saved plot: results/pipeline_runs/20260303_222758_advection_burgers2d/artifacts/advection/nsga3/paper_beta_1.000/run_01/stage_pso/advection_heatmap.png
Saved plot: results/pipeline_runs/20260303_222758_advection_burgers2d/artifacts/advection/nsga3/paper_beta_1.000/run_01/stage_pso/advection_time_slices_exact_vs_pred.png
Selected best stage: lbfgs (rel_l2=1.9180e-03)
Run time: 950.36 s
Saved summary: results/pipeline_runs/20260303_222758_advection_burgers2d/artifacts/advection/nsga3/paper_beta_1.000/run_01/search_summary.csv
Starting NSGA-III architecture search: beta=1.000
Adam [    0] loss: 4.6020e+01
Adam [  119] loss: 1.8864e+01
Adam [    0] loss: 3.6280e+01
Adam [  119] loss: 2.1391e+01
Adam [    0] loss: 3.6641e+01
Adam [  119] loss: 2.9006e+01
Adam [    0] loss: 3.4492e+01
Adam [  119] loss: 2.9859e+01
Adam [    0] loss: 4.7334e+01
Adam [  119] loss: 2.8924e+01
Adam [    0] loss: 7.9968e+01
Adam [  119] loss: 3.0166e+01
Adam [    0] loss: 3.6992e+01
Adam [  119] loss: 2.9421e+01
Adam [    0] loss: 7.8363e+01
Adam [  119] loss: 2.9373e+01
Adam [    0] loss: 3.7952e+01
Adam [  119] loss: 2.9296e+01
Adam [    0] loss: 6.3530e+01
Adam [  119] loss: 2.9110e+01
Adam [    0] loss: 5.9047e+01
Adam [  119] loss: 2.5266e+01
Adam [    0] loss: 4.1283e+01
Adam [  119] loss: 2.9844e+01
Adam [    0] loss: 9.9537e+01
Adam [  119] loss: 2.6783e+01
==========================================================
n_gen  |  n_eval  | n_nds  |      eps      |   indicator  
==========================================================
     1 |       13 |      4 |             - |             -
Adam [    0] loss: 3.8321e+01
Adam [  119] loss: 2.8245e+01
Adam [    0] loss: 2.6235e+02
Adam [  119] loss: 3.0030e+01
Adam [    0] loss: 3.9478e+01
Adam [  119] loss: 2.9978e+01
Adam [    0] loss: 4.2594e+01
Adam [  119] loss: 2.9808e+01
Adam [    0] loss: 4.2453e+01
Adam [  119] loss: 2.1933e+01
Adam [    0] loss: 4.8398e+01
Adam [  119] loss: 2.9845e+01
Adam [    0] loss: 7.1427e+01
Adam [  119] loss: 2.9877e+01
Adam [    0] loss: 4.0879e+01
Adam [  119] loss: 2.7655e+01
Adam [    0] loss: 3.5143e+01
Adam [  119] loss: 2.1622e+01
Adam [    0] loss: 3.6857e+01
Adam [  119] loss: 1.8375e+01
Adam [    0] loss: 3.0902e+01
Adam [  119] loss: 2.8815e+01
Adam [    0] loss: 4.1048e+01
Adam [  119] loss: 1.7082e+01
Adam [    0] loss: 3.2347e+01
Adam [  119] loss: 2.5210e+01
     2 |       26 |      4 |  0.1504966516 |         ideal
Adam [    0] loss: 4.7739e+01
Adam [  119] loss: 2.9755e+01
Adam [    0] loss: 3.7610e+01
Adam [  119] loss: 2.6087e+01
Adam [    0] loss: 5.0597e+01
Adam [  119] loss: 2.1448e+01
Adam [    0] loss: 1.2999e+02
Adam [  119] loss: 2.9952e+01
Adam [    0] loss: 5.6913e+01
Adam [  119] loss: 2.9189e+01
Adam [    0] loss: 1.0584e+02
Adam [  119] loss: 2.9959e+01
Adam [    0] loss: 3.9738e+01
Adam [  119] loss: 2.6422e+01
Adam [    0] loss: 3.4822e+01
Adam [  119] loss: 2.9146e+01
Adam [    0] loss: 1.3111e+02
Adam [  119] loss: 2.9376e+01
Adam [    0] loss: 4.1473e+01
Adam [  119] loss: 2.0722e+01
Adam [    0] loss: 3.2480e+01
Adam [  119] loss: 2.7600e+01
Adam [    0] loss: 9.0195e+01
Adam [  119] loss: 2.9730e+01
Adam [    0] loss: 5.2784e+01
Adam [  119] loss: 2.7405e+01
     3 |       39 |      5 |  0.0094599243 |         ideal
Adam [    0] loss: 6.2831e+01
Adam [  119] loss: 2.8748e+01
Adam [    0] loss: 5.6317e+01
Adam [  119] loss: 2.9703e+01
Adam [    0] loss: 3.8896e+01
Adam [  119] loss: 2.8217e+01
Adam [    0] loss: 4.8454e+01
Adam [  119] loss: 2.9863e+01
Adam [    0] loss: 3.5298e+01
Adam [  119] loss: 2.5650e+01
Adam [    0] loss: 4.6806e+01
Adam [  119] loss: 2.6725e+01
Adam [    0] loss: 3.5824e+01
Adam [  119] loss: 2.1227e+01
Adam [    0] loss: 5.8957e+01
Adam [  119] loss: 2.1497e+01
Adam [    0] loss: 3.2675e+01
Adam [  119] loss: 1.9532e+01
Adam [    0] loss: 7.5554e+01
Adam [  119] loss: 2.8312e+01
Adam [    0] loss: 7.6382e+01
Adam [  119] loss: 2.9163e+01
Adam [    0] loss: 4.5568e+01
Adam [  119] loss: 2.6617e+01
Adam [    0] loss: 3.1772e+01
Adam [  119] loss: 2.9067e+01
     4 |       52 |      5 |  0.1558268393 |         nadir
Adam [    0] loss: 6.9280e+01
Adam [  119] loss: 2.5253e+01
Adam [    0] loss: 4.1230e+01
Adam [  119] loss: 2.7491e+01
Adam [    0] loss: 3.1765e+01
Adam [  119] loss: 2.4705e+01
Adam [    0] loss: 7.5638e+01
Adam [  119] loss: 2.6362e+01
Adam [    0] loss: 4.9301e+01
Adam [  119] loss: 2.6465e+01
Adam [    0] loss: 4.0619e+01
Adam [  119] loss: 2.4231e+01
Adam [    0] loss: 1.3752e+02
Adam [  119] loss: 2.9891e+01
Adam [    0] loss: 1.3098e+02
Adam [  119] loss: 2.9294e+01
Adam [    0] loss: 6.3524e+01
Adam [  119] loss: 2.2742e+01
Adam [    0] loss: 2.4832e+02
Adam [  119] loss: 2.9605e+01
Adam [    0] loss: 4.6107e+01
Adam [  119] loss: 2.2777e+01
Adam [    0] loss: 7.5799e+01
Adam [  119] loss: 2.9329e+01
Adam [    0] loss: 6.3776e+01
Adam [  119] loss: 2.9644e+01
     5 |       65 |      6 |  0.0942326267 |         ideal
Adam [    0] loss: 3.5915e+01
Adam [  119] loss: 1.9851e+01
Adam [    0] loss: 7.6995e+01
Adam [  119] loss: 2.9766e+01
Adam [    0] loss: 6.7703e+01
Adam [  119] loss: 2.9742e+01
Adam [    0] loss: 3.8644e+01
Adam [  119] loss: 2.2717e+01
Adam [    0] loss: 7.0536e+01
Adam [  119] loss: 2.9902e+01
Adam [    0] loss: 1.2469e+02
Adam [  119] loss: 2.9886e+01
Adam [    0] loss: 3.7496e+01
Adam [  119] loss: 2.8223e+01
Adam [    0] loss: 7.8078e+01
Adam [  119] loss: 2.9080e+01
Adam [    0] loss: 3.2988e+01
Adam [  119] loss: 2.8781e+01
Adam [    0] loss: 5.5078e+01
Adam [  119] loss: 2.3805e+01
Adam [    0] loss: 1.5361e+02
Adam [  119] loss: 2.8965e+01
Adam [    0] loss: 4.0130e+01
Adam [  119] loss: 2.2878e+01
Adam [    0] loss: 6.1638e+01
Adam [  119] loss: 2.9436e+01
     6 |       78 |      6 |  0.0061520040 |         ideal
Best architecture from NSGA-III: layers=5, neurons=183
Adam [    0] loss: 3.5370e+01
Adam [ 2000] loss: 1.3774e-01
Adam [ 4000] loss: 4.3237e-02
Adam [ 6000] loss: 1.9689e-02
Adam [ 8000] loss: 9.0542e-04
Adam [10000] loss: 6.9217e-03
Adam [11999] loss: 9.5659e-03

L-BFGS refinement...

PSO refinement...
PSO best objective: 2.0117e+01
Saved plot: results/pipeline_runs/20260303_222758_advection_burgers2d/artifacts/advection/nsga3/paper_beta_1.000/run_02/stage_adam/loss_curve.png
Saved plot: results/pipeline_runs/20260303_222758_advection_burgers2d/artifacts/advection/nsga3/paper_beta_1.000/run_02/stage_adam/result_comparison.png
Saved plot: results/pipeline_runs/20260303_222758_advection_burgers2d/artifacts/advection/nsga3/paper_beta_1.000/run_02/stage_adam/advection_heatmap.png
Saved plot: results/pipeline_runs/20260303_222758_advection_burgers2d/artifacts/advection/nsga3/paper_beta_1.000/run_02/stage_adam/advection_time_slices_exact_vs_pred.png
Saved plot: results/pipeline_runs/20260303_222758_advection_burgers2d/artifacts/advection/nsga3/paper_beta_1.000/run_02/stage_lbfgs/loss_curve.png
Saved plot: results/pipeline_runs/20260303_222758_advection_burgers2d/artifacts/advection/nsga3/paper_beta_1.000/run_02/stage_lbfgs/result_comparison.png
Saved plot: results/pipeline_runs/20260303_222758_advection_burgers2d/artifacts/advection/nsga3/paper_beta_1.000/run_02/stage_lbfgs/advection_heatmap.png
Saved plot: results/pipeline_runs/20260303_222758_advection_burgers2d/artifacts/advection/nsga3/paper_beta_1.000/run_02/stage_lbfgs/advection_time_slices_exact_vs_pred.png
Saved plot: results/pipeline_runs/20260303_222758_advection_burgers2d/artifacts/advection/nsga3/paper_beta_1.000/run_02/stage_pso/loss_curve.png
Saved plot: results/pipeline_runs/20260303_222758_advection_burgers2d/artifacts/advection/nsga3/paper_beta_1.000/run_02/stage_pso/result_comparison.png
Saved plot: results/pipeline_runs/20260303_222758_advection_burgers2d/artifacts/advection/nsga3/paper_beta_1.000/run_02/stage_pso/advection_heatmap.png
Saved plot: results/pipeline_runs/20260303_222758_advection_burgers2d/artifacts/advection/nsga3/paper_beta_1.000/run_02/stage_pso/advection_time_slices_exact_vs_pred.png
Selected best stage: lbfgs (rel_l2=3.6165e-03)
Run time: 918.07 s
Saved summary: results/pipeline_runs/20260303_222758_advection_burgers2d/artifacts/advection/nsga3/paper_beta_1.000/run_02/search_summary.csv
Starting NSGA-III architecture search: beta=1.000
Adam [    0] loss: 4.6020e+01
Adam [  119] loss: 1.8864e+01
Adam [    0] loss: 3.6280e+01
Adam [  119] loss: 2.1391e+01
Adam [    0] loss: 3.6641e+01
Adam [  119] loss: 2.9006e+01
Adam [    0] loss: 3.4492e+01
Adam [  119] loss: 2.9859e+01
Adam [    0] loss: 4.7334e+01
Adam [  119] loss: 2.8924e+01
Adam [    0] loss: 7.9968e+01
Adam [  119] loss: 3.0166e+01
Adam [    0] loss: 3.6992e+01
Adam [  119] loss: 2.9421e+01
Adam [    0] loss: 7.8363e+01
Adam [  119] loss: 2.9373e+01
Adam [    0] loss: 3.7952e+01
Adam [  119] loss: 2.9296e+01
Adam [    0] loss: 6.3530e+01
Adam [  119] loss: 2.9110e+01
Adam [    0] loss: 5.9047e+01
Adam [  119] loss: 2.5266e+01
Adam [    0] loss: 4.1283e+01
Adam [  119] loss: 2.9844e+01
Adam [    0] loss: 9.9537e+01
Adam [  119] loss: 2.6783e+01
==========================================================
n_gen  |  n_eval  | n_nds  |      eps      |   indicator  
==========================================================
     1 |       13 |      4 |             - |             -
Adam [    0] loss: 3.8321e+01
Adam [  119] loss: 2.8245e+01
Adam [    0] loss: 2.6235e+02
Adam [  119] loss: 3.0030e+01
Adam [    0] loss: 3.9478e+01
Adam [  119] loss: 2.9978e+01
Adam [    0] loss: 4.2594e+01
Adam [  119] loss: 2.9808e+01
Adam [    0] loss: 4.2453e+01
Adam [  119] loss: 2.1933e+01
Adam [    0] loss: 4.8398e+01
Adam [  119] loss: 2.9845e+01
Adam [    0] loss: 7.1427e+01
Adam [  119] loss: 2.9877e+01
Adam [    0] loss: 4.0879e+01
Adam [  119] loss: 2.7655e+01
Adam [    0] loss: 3.5143e+01
Adam [  119] loss: 2.1622e+01
Adam [    0] loss: 3.6857e+01
Adam [  119] loss: 1.8375e+01
Adam [    0] loss: 3.0902e+01
Adam [  119] loss: 2.8815e+01
Adam [    0] loss: 4.1048e+01
Adam [  119] loss: 1.7082e+01
Adam [    0] loss: 3.2347e+01
Adam [  119] loss: 2.5210e+01
     2 |       26 |      4 |  0.1504966516 |         ideal
Adam [    0] loss: 4.7739e+01
Adam [  119] loss: 2.9755e+01
Adam [    0] loss: 3.7610e+01
Adam [  119] loss: 2.6087e+01
Adam [    0] loss: 5.0597e+01
Adam [  119] loss: 2.1448e+01
Adam [    0] loss: 1.2999e+02
Adam [  119] loss: 2.9952e+01
Adam [    0] loss: 5.6913e+01
Adam [  119] loss: 2.9189e+01
Adam [    0] loss: 1.0584e+02
Adam [  119] loss: 2.9959e+01
Adam [    0] loss: 3.9738e+01
Adam [  119] loss: 2.6422e+01
Adam [    0] loss: 3.4822e+01
Adam [  119] loss: 2.9146e+01
Adam [    0] loss: 1.3111e+02
Adam [  119] loss: 2.9376e+01
Adam [    0] loss: 4.1473e+01
Adam [  119] loss: 2.0722e+01
Adam [    0] loss: 3.2480e+01
Adam [  119] loss: 2.7600e+01
Adam [    0] loss: 9.0195e+01
Adam [  119] loss: 2.9730e+01
Adam [    0] loss: 5.2784e+01
Adam [  119] loss: 2.7405e+01
     3 |       39 |      5 |  0.0094599243 |         ideal
Adam [    0] loss: 6.2831e+01
Adam [  119] loss: 2.8748e+01
Adam [    0] loss: 5.6317e+01
Adam [  119] loss: 2.9703e+01
Adam [    0] loss: 3.8896e+01
Adam [  119] loss: 2.8217e+01
Adam [    0] loss: 4.8454e+01
Adam [  119] loss: 2.9863e+01
Adam [    0] loss: 3.5298e+01
Adam [  119] loss: 2.5650e+01
Adam [    0] loss: 4.6806e+01
Adam [  119] loss: 2.6725e+01
Adam [    0] loss: 3.5824e+01
Adam [  119] loss: 2.1227e+01
Adam [    0] loss: 5.8957e+01
Adam [  119] loss: 2.1497e+01
Adam [    0] loss: 3.2675e+01
Adam [  119] loss: 1.9532e+01
Adam [    0] loss: 7.5554e+01
Adam [  119] loss: 2.8312e+01
Adam [    0] loss: 7.6382e+01
Adam [  119] loss: 2.9163e+01
Adam [    0] loss: 4.5568e+01
Adam [  119] loss: 2.6617e+01
Adam [    0] loss: 3.1772e+01
Adam [  119] loss: 2.9067e+01
     4 |       52 |      5 |  0.1558268393 |         nadir
Adam [    0] loss: 6.9280e+01
Adam [  119] loss: 2.5253e+01
Adam [    0] loss: 4.1230e+01
Adam [  119] loss: 2.7491e+01
Adam [    0] loss: 3.1765e+01
Adam [  119] loss: 2.4705e+01
Adam [    0] loss: 7.5638e+01
Adam [  119] loss: 2.6362e+01
Adam [    0] loss: 4.9301e+01
Adam [  119] loss: 2.6465e+01
Adam [    0] loss: 4.0619e+01
Adam [  119] loss: 2.4231e+01
Adam [    0] loss: 1.3752e+02
Adam [  119] loss: 2.9891e+01
Adam [    0] loss: 1.3098e+02
Adam [  119] loss: 2.9294e+01
Adam [    0] loss: 6.3524e+01
Adam [  119] loss: 2.2742e+01
Adam [    0] loss: 2.4832e+02
Adam [  119] loss: 2.9605e+01
Adam [    0] loss: 4.6107e+01
Adam [  119] loss: 2.2777e+01
Adam [    0] loss: 7.5799e+01
Adam [  119] loss: 2.9329e+01
Adam [    0] loss: 6.3776e+01
Adam [  119] loss: 2.9644e+01
     5 |       65 |      6 |  0.0942326267 |         ideal
Adam [    0] loss: 3.5915e+01
Adam [  119] loss: 1.9851e+01
Adam [    0] loss: 7.6995e+01
Adam [  119] loss: 2.9766e+01
Adam [    0] loss: 6.7703e+01
Adam [  119] loss: 2.9742e+01
Adam [    0] loss: 3.8644e+01
Adam [  119] loss: 2.2717e+01
Adam [    0] loss: 7.0536e+01
Adam [  119] loss: 2.9902e+01
Adam [    0] loss: 1.2469e+02
Adam [  119] loss: 2.9886e+01
Adam [    0] loss: 3.7496e+01
Adam [  119] loss: 2.8223e+01
Adam [    0] loss: 7.8078e+01
Adam [  119] loss: 2.9080e+01
Adam [    0] loss: 3.2988e+01
Adam [  119] loss: 2.8781e+01
Adam [    0] loss: 5.5078e+01
Adam [  119] loss: 2.3805e+01
Adam [    0] loss: 1.5361e+02
Adam [  119] loss: 2.8965e+01
Adam [    0] loss: 4.0130e+01
Adam [  119] loss: 2.2878e+01
Adam [    0] loss: 6.1638e+01
Adam [  119] loss: 2.9436e+01
     6 |       78 |      6 |  0.0061520040 |         ideal
Best architecture from NSGA-III: layers=5, neurons=183
Adam [    0] loss: 4.4905e+01
Adam [ 2000] loss: 1.0868e-01
Adam [ 4000] loss: 2.7816e-03
Adam [ 6000] loss: 1.2139e-02
Adam [ 8000] loss: 7.4968e-03
Adam [10000] loss: 9.1322e-04
Adam [11999] loss: 4.5392e-02

L-BFGS refinement...

PSO refinement...
PSO best objective: 2.9935e+01
Saved plot: results/pipeline_runs/20260303_222758_advection_burgers2d/artifacts/advection/nsga3/paper_beta_1.000/run_03/stage_adam/loss_curve.png
Saved plot: results/pipeline_runs/20260303_222758_advection_burgers2d/artifacts/advection/nsga3/paper_beta_1.000/run_03/stage_adam/result_comparison.png
Saved plot: results/pipeline_runs/20260303_222758_advection_burgers2d/artifacts/advection/nsga3/paper_beta_1.000/run_03/stage_adam/advection_heatmap.png
Saved plot: results/pipeline_runs/20260303_222758_advection_burgers2d/artifacts/advection/nsga3/paper_beta_1.000/run_03/stage_adam/advection_time_slices_exact_vs_pred.png
Saved plot: results/pipeline_runs/20260303_222758_advection_burgers2d/artifacts/advection/nsga3/paper_beta_1.000/run_03/stage_lbfgs/loss_curve.png
Saved plot: results/pipeline_runs/20260303_222758_advection_burgers2d/artifacts/advection/nsga3/paper_beta_1.000/run_03/stage_lbfgs/result_comparison.png
Saved plot: results/pipeline_runs/20260303_222758_advection_burgers2d/artifacts/advection/nsga3/paper_beta_1.000/run_03/stage_lbfgs/advection_heatmap.png
Saved plot: results/pipeline_runs/20260303_222758_advection_burgers2d/artifacts/advection/nsga3/paper_beta_1.000/run_03/stage_lbfgs/advection_time_slices_exact_vs_pred.png
Saved plot: results/pipeline_runs/20260303_222758_advection_burgers2d/artifacts/advection/nsga3/paper_beta_1.000/run_03/stage_pso/loss_curve.png
Saved plot: results/pipeline_runs/20260303_222758_advection_burgers2d/artifacts/advection/nsga3/paper_beta_1.000/run_03/stage_pso/result_comparison.png
Saved plot: results/pipeline_runs/20260303_222758_advection_burgers2d/artifacts/advection/nsga3/paper_beta_1.000/run_03/stage_pso/advection_heatmap.png
Saved plot: results/pipeline_runs/20260303_222758_advection_burgers2d/artifacts/advection/nsga3/paper_beta_1.000/run_03/stage_pso/advection_time_slices_exact_vs_pred.png
Selected best stage: lbfgs (rel_l2=2.8717e-03)
Run time: 880.79 s
Saved summary: results/pipeline_runs/20260303_222758_advection_burgers2d/artifacts/advection/nsga3/paper_beta_1.000/run_03/search_summary.csv
Starting NSGA-III architecture search: beta=1.000
Adam [    0] loss: 4.6020e+01
Adam [  119] loss: 1.8864e+01
Adam [    0] loss: 3.6280e+01
Adam [  119] loss: 2.1391e+01
Adam [    0] loss: 3.6641e+01
Adam [  119] loss: 2.9006e+01
Adam [    0] loss: 3.4492e+01
Adam [  119] loss: 2.9859e+01
Adam [    0] loss: 4.7334e+01
Adam [  119] loss: 2.8924e+01
Adam [    0] loss: 7.9968e+01
Adam [  119] loss: 3.0166e+01
Adam [    0] loss: 3.6992e+01
Adam [  119] loss: 2.9421e+01
Adam [    0] loss: 7.8363e+01
Adam [  119] loss: 2.9373e+01
Adam [    0] loss: 3.7952e+01
Adam [  119] loss: 2.9296e+01
Adam [    0] loss: 6.3530e+01
Adam [  119] loss: 2.9110e+01
Adam [    0] loss: 5.9047e+01
Adam [  119] loss: 2.5266e+01
Adam [    0] loss: 4.1283e+01
Adam [  119] loss: 2.9844e+01
Adam [    0] loss: 9.9537e+01
Adam [  119] loss: 2.6783e+01
==========================================================
n_gen  |  n_eval  | n_nds  |      eps      |   indicator  
==========================================================
     1 |       13 |      4 |             - |             -
Adam [    0] loss: 3.8321e+01
Adam [  119] loss: 2.8245e+01
Adam [    0] loss: 2.6235e+02
Adam [  119] loss: 3.0030e+01
Adam [    0] loss: 3.9478e+01
Adam [  119] loss: 2.9978e+01
Adam [    0] loss: 4.2594e+01
Adam [  119] loss: 2.9808e+01
Adam [    0] loss: 4.2453e+01
Adam [  119] loss: 2.1933e+01
Adam [    0] loss: 4.8398e+01
Adam [  119] loss: 2.9845e+01
Adam [    0] loss: 7.1427e+01
Adam [  119] loss: 2.9877e+01
Adam [    0] loss: 4.0879e+01
Adam [  119] loss: 2.7655e+01
Adam [    0] loss: 3.5143e+01
Adam [  119] loss: 2.1622e+01
Adam [    0] loss: 3.6857e+01
Adam [  119] loss: 1.8375e+01
Adam [    0] loss: 3.0902e+01
Adam [  119] loss: 2.8815e+01
Adam [    0] loss: 4.1048e+01
Adam [  119] loss: 1.7082e+01
Adam [    0] loss: 3.2347e+01
Adam [  119] loss: 2.5210e+01
     2 |       26 |      4 |  0.1504966516 |         ideal
Adam [    0] loss: 4.7739e+01
Adam [  119] loss: 2.9755e+01
Adam [    0] loss: 3.7610e+01
Adam [  119] loss: 2.6087e+01
Adam [    0] loss: 5.0597e+01
Adam [  119] loss: 2.1448e+01
Adam [    0] loss: 1.2999e+02
Adam [  119] loss: 2.9952e+01
Adam [    0] loss: 5.6913e+01
Adam [  119] loss: 2.9189e+01
Adam [    0] loss: 1.0584e+02
Adam [  119] loss: 2.9959e+01
Adam [    0] loss: 3.9738e+01
Adam [  119] loss: 2.6422e+01
Adam [    0] loss: 3.4822e+01
Adam [  119] loss: 2.9146e+01
Adam [    0] loss: 1.3111e+02
Adam [  119] loss: 2.9376e+01
Adam [    0] loss: 4.1473e+01
Adam [  119] loss: 2.0722e+01
Adam [    0] loss: 3.2480e+01
Adam [  119] loss: 2.7600e+01
Adam [    0] loss: 9.0195e+01
Adam [  119] loss: 2.9730e+01
Adam [    0] loss: 5.2784e+01
Adam [  119] loss: 2.7405e+01
     3 |       39 |      5 |  0.0094599243 |         ideal
Adam [    0] loss: 6.2831e+01
Adam [  119] loss: 2.8748e+01
Adam [    0] loss: 5.6317e+01
Adam [  119] loss: 2.9703e+01
Adam [    0] loss: 3.8896e+01
Adam [  119] loss: 2.8217e+01
Adam [    0] loss: 4.8454e+01
Adam [  119] loss: 2.9863e+01
Adam [    0] loss: 3.5298e+01
Adam [  119] loss: 2.5650e+01
Adam [    0] loss: 4.6806e+01
Adam [  119] loss: 2.6725e+01
Adam [    0] loss: 3.5824e+01
Adam [  119] loss: 2.1227e+01
Adam [    0] loss: 5.8957e+01
Adam [  119] loss: 2.1497e+01
Adam [    0] loss: 3.2675e+01
Adam [  119] loss: 1.9532e+01
Adam [    0] loss: 7.5554e+01
Adam [  119] loss: 2.8312e+01
Adam [    0] loss: 7.6382e+01
Adam [  119] loss: 2.9163e+01
Adam [    0] loss: 4.5568e+01
Adam [  119] loss: 2.6617e+01
Adam [    0] loss: 3.1772e+01
Adam [  119] loss: 2.9067e+01
     4 |       52 |      5 |  0.1558268393 |         nadir
Adam [    0] loss: 6.9280e+01
Adam [  119] loss: 2.5253e+01
Adam [    0] loss: 4.1230e+01
Adam [  119] loss: 2.7491e+01
Adam [    0] loss: 3.1765e+01
Adam [  119] loss: 2.4705e+01
Adam [    0] loss: 7.5638e+01
Adam [  119] loss: 2.6362e+01
Adam [    0] loss: 4.9301e+01
Adam [  119] loss: 2.6465e+01
Adam [    0] loss: 4.0619e+01
Adam [  119] loss: 2.4231e+01
Adam [    0] loss: 1.3752e+02
Adam [  119] loss: 2.9891e+01
Adam [    0] loss: 1.3098e+02
Adam [  119] loss: 2.9294e+01
Adam [    0] loss: 6.3524e+01
Adam [  119] loss: 2.2742e+01
Adam [    0] loss: 2.4832e+02
Adam [  119] loss: 2.9605e+01
Adam [    0] loss: 4.6107e+01
Adam [  119] loss: 2.2777e+01
Adam [    0] loss: 7.5799e+01
Adam [  119] loss: 2.9329e+01
Adam [    0] loss: 6.3776e+01
Adam [  119] loss: 2.9644e+01
     5 |       65 |      6 |  0.0942326267 |         ideal
Adam [    0] loss: 3.5915e+01
Adam [  119] loss: 1.9851e+01
Adam [    0] loss: 7.6995e+01
Adam [  119] loss: 2.9766e+01
Adam [    0] loss: 6.7703e+01
Adam [  119] loss: 2.9742e+01
Adam [    0] loss: 3.8644e+01
Adam [  119] loss: 2.2717e+01
Adam [    0] loss: 7.0536e+01
Adam [  119] loss: 2.9902e+01
Adam [    0] loss: 1.2469e+02
Adam [  119] loss: 2.9886e+01
Adam [    0] loss: 3.7496e+01
Adam [  119] loss: 2.8223e+01
Adam [    0] loss: 7.8078e+01
Adam [  119] loss: 2.9080e+01
Adam [    0] loss: 3.2988e+01
Adam [  119] loss: 2.8781e+01
Adam [    0] loss: 5.5078e+01
Adam [  119] loss: 2.3805e+01
Adam [    0] loss: 1.5361e+02
Adam [  119] loss: 2.8965e+01
Adam [    0] loss: 4.0130e+01
Adam [  119] loss: 2.2878e+01
Adam [    0] loss: 6.1638e+01
Adam [  119] loss: 2.9436e+01
     6 |       78 |      6 |  0.0061520040 |         ideal
Best architecture from NSGA-III: layers=5, neurons=183
Adam [    0] loss: 3.6372e+01
Adam [ 2000] loss: 1.2233e-01
Adam [ 4000] loss: 3.2710e-02
Adam [ 6000] loss: 3.8364e-02
Adam [ 8000] loss: 6.9086e-03
Adam [10000] loss: 1.0160e-02
Adam [11999] loss: 1.5208e-02

L-BFGS refinement...

PSO refinement...
PSO best objective: 2.0197e+01
Saved plot: results/pipeline_runs/20260303_222758_advection_burgers2d/artifacts/advection/nsga3/paper_beta_1.000/run_04/stage_adam/loss_curve.png
Saved plot: results/pipeline_runs/20260303_222758_advection_burgers2d/artifacts/advection/nsga3/paper_beta_1.000/run_04/stage_adam/result_comparison.png
Saved plot: results/pipeline_runs/20260303_222758_advection_burgers2d/artifacts/advection/nsga3/paper_beta_1.000/run_04/stage_adam/advection_heatmap.png
Saved plot: results/pipeline_runs/20260303_222758_advection_burgers2d/artifacts/advection/nsga3/paper_beta_1.000/run_04/stage_adam/advection_time_slices_exact_vs_pred.png
Saved plot: results/pipeline_runs/20260303_222758_advection_burgers2d/artifacts/advection/nsga3/paper_beta_1.000/run_04/stage_lbfgs/loss_curve.png
Saved plot: results/pipeline_runs/20260303_222758_advection_burgers2d/artifacts/advection/nsga3/paper_beta_1.000/run_04/stage_lbfgs/result_comparison.png
Saved plot: results/pipeline_runs/20260303_222758_advection_burgers2d/artifacts/advection/nsga3/paper_beta_1.000/run_04/stage_lbfgs/advection_heatmap.png
Saved plot: results/pipeline_runs/20260303_222758_advection_burgers2d/artifacts/advection/nsga3/paper_beta_1.000/run_04/stage_lbfgs/advection_time_slices_exact_vs_pred.png
Saved plot: results/pipeline_runs/20260303_222758_advection_burgers2d/artifacts/advection/nsga3/paper_beta_1.000/run_04/stage_pso/loss_curve.png
Saved plot: results/pipeline_runs/20260303_222758_advection_burgers2d/artifacts/advection/nsga3/paper_beta_1.000/run_04/stage_pso/result_comparison.png
Saved plot: results/pipeline_runs/20260303_222758_advection_burgers2d/artifacts/advection/nsga3/paper_beta_1.000/run_04/stage_pso/advection_heatmap.png
Saved plot: results/pipeline_runs/20260303_222758_advection_burgers2d/artifacts/advection/nsga3/paper_beta_1.000/run_04/stage_pso/advection_time_slices_exact_vs_pred.png
Selected best stage: lbfgs (rel_l2=2.3212e-03)
Run time: 904.64 s
Saved summary: results/pipeline_runs/20260303_222758_advection_burgers2d/artifacts/advection/nsga3/paper_beta_1.000/run_04/search_summary.csv
Starting NSGA-III architecture search: beta=1.000
Adam [    0] loss: 4.6020e+01
Adam [  119] loss: 1.8864e+01
Adam [    0] loss: 3.6280e+01
Adam [  119] loss: 2.1391e+01
Adam [    0] loss: 3.6641e+01
Adam [  119] loss: 2.9006e+01
Adam [    0] loss: 3.4492e+01
Adam [  119] loss: 2.9859e+01
Adam [    0] loss: 4.7334e+01
Adam [  119] loss: 2.8924e+01
Adam [    0] loss: 7.9968e+01
Adam [  119] loss: 3.0166e+01
Adam [    0] loss: 3.6992e+01
Adam [  119] loss: 2.9421e+01
Adam [    0] loss: 7.8363e+01
Adam [  119] loss: 2.9373e+01
Adam [    0] loss: 3.7952e+01
Adam [  119] loss: 2.9296e+01
Adam [    0] loss: 6.3530e+01
Adam [  119] loss: 2.9110e+01
Adam [    0] loss: 5.9047e+01
Adam [  119] loss: 2.5266e+01
Adam [    0] loss: 4.1283e+01
Adam [  119] loss: 2.9844e+01
Adam [    0] loss: 9.9537e+01
Adam [  119] loss: 2.6783e+01
==========================================================
n_gen  |  n_eval  | n_nds  |      eps      |   indicator  
==========================================================
     1 |       13 |      4 |             - |             -
Adam [    0] loss: 3.8321e+01
Adam [  119] loss: 2.8245e+01
Adam [    0] loss: 2.6235e+02
Adam [  119] loss: 3.0030e+01
Adam [    0] loss: 3.9478e+01
Adam [  119] loss: 2.9978e+01
Adam [    0] loss: 4.2594e+01
Adam [  119] loss: 2.9808e+01
Adam [    0] loss: 4.2453e+01
Adam [  119] loss: 2.1933e+01
Adam [    0] loss: 4.8398e+01
Adam [  119] loss: 2.9845e+01
Adam [    0] loss: 7.1427e+01
Adam [  119] loss: 2.9877e+01
Adam [    0] loss: 4.0879e+01
Adam [  119] loss: 2.7655e+01
Adam [    0] loss: 3.5143e+01
Adam [  119] loss: 2.1622e+01
Adam [    0] loss: 3.6857e+01
Adam [  119] loss: 1.8375e+01
Adam [    0] loss: 3.0902e+01
Adam [  119] loss: 2.8815e+01
Adam [    0] loss: 4.1048e+01
Adam [  119] loss: 1.7082e+01
Adam [    0] loss: 3.2347e+01
Adam [  119] loss: 2.5210e+01
     2 |       26 |      4 |  0.1504966516 |         ideal
Adam [    0] loss: 4.7739e+01
Adam [  119] loss: 2.9755e+01
Adam [    0] loss: 3.7610e+01
Adam [  119] loss: 2.6087e+01
Adam [    0] loss: 5.0597e+01
Adam [  119] loss: 2.1448e+01
Adam [    0] loss: 1.2999e+02
Adam [  119] loss: 2.9952e+01
Adam [    0] loss: 5.6913e+01
Adam [  119] loss: 2.9189e+01
Adam [    0] loss: 1.0584e+02
Adam [  119] loss: 2.9959e+01
Adam [    0] loss: 3.9738e+01
Adam [  119] loss: 2.6422e+01
Adam [    0] loss: 3.4822e+01
Adam [  119] loss: 2.9146e+01
Adam [    0] loss: 1.3111e+02
Adam [  119] loss: 2.9376e+01
Adam [    0] loss: 4.1473e+01
Adam [  119] loss: 2.0722e+01
Adam [    0] loss: 3.2480e+01
Adam [  119] loss: 2.7600e+01
Adam [    0] loss: 9.0195e+01
Adam [  119] loss: 2.9730e+01
Adam [    0] loss: 5.2784e+01
Adam [  119] loss: 2.7405e+01
     3 |       39 |      5 |  0.0094599243 |         ideal
Adam [    0] loss: 6.2831e+01
Adam [  119] loss: 2.8748e+01
Adam [    0] loss: 5.6317e+01
Adam [  119] loss: 2.9703e+01
Adam [    0] loss: 3.8896e+01
Adam [  119] loss: 2.8217e+01
Adam [    0] loss: 4.8454e+01
Adam [  119] loss: 2.9863e+01
Adam [    0] loss: 3.5298e+01
Adam [  119] loss: 2.5650e+01
Adam [    0] loss: 4.6806e+01
Adam [  119] loss: 2.6725e+01
Adam [    0] loss: 3.5824e+01
Adam [  119] loss: 2.1227e+01
Adam [    0] loss: 5.8957e+01
Adam [  119] loss: 2.1497e+01
Adam [    0] loss: 3.2675e+01
Adam [  119] loss: 1.9532e+01
Adam [    0] loss: 7.5554e+01
Adam [  119] loss: 2.8312e+01
Adam [    0] loss: 7.6382e+01
Adam [  119] loss: 2.9163e+01
Adam [    0] loss: 4.5568e+01
Adam [  119] loss: 2.6617e+01
Adam [    0] loss: 3.1772e+01
Adam [  119] loss: 2.9067e+01
     4 |       52 |      5 |  0.1558268393 |         nadir
Adam [    0] loss: 6.9280e+01
Adam [  119] loss: 2.5253e+01
Adam [    0] loss: 4.1230e+01
Adam [  119] loss: 2.7491e+01
Adam [    0] loss: 3.1765e+01
Adam [  119] loss: 2.4705e+01
Adam [    0] loss: 7.5638e+01
Adam [  119] loss: 2.6362e+01
Adam [    0] loss: 4.9301e+01
Adam [  119] loss: 2.6465e+01
Adam [    0] loss: 4.0619e+01
Adam [  119] loss: 2.4231e+01
Adam [    0] loss: 1.3752e+02
Adam [  119] loss: 2.9891e+01
Adam [    0] loss: 1.3098e+02
Adam [  119] loss: 2.9294e+01
Adam [    0] loss: 6.3524e+01
Adam [  119] loss: 2.2742e+01
Adam [    0] loss: 2.4832e+02
Adam [  119] loss: 2.9605e+01
Adam [    0] loss: 4.6107e+01
Adam [  119] loss: 2.2777e+01
Adam [    0] loss: 7.5799e+01
Adam [  119] loss: 2.9329e+01
Adam [    0] loss: 6.3776e+01
Adam [  119] loss: 2.9644e+01
     5 |       65 |      6 |  0.0942326267 |         ideal
Adam [    0] loss: 3.5915e+01
Adam [  119] loss: 1.9851e+01
Adam [    0] loss: 7.6995e+01
Adam [  119] loss: 2.9766e+01
Adam [    0] loss: 6.7703e+01
Adam [  119] loss: 2.9742e+01
Adam [    0] loss: 3.8644e+01
Adam [  119] loss: 2.2717e+01
Adam [    0] loss: 7.0536e+01
Adam [  119] loss: 2.9902e+01
Adam [    0] loss: 1.2469e+02
Adam [  119] loss: 2.9886e+01
Adam [    0] loss: 3.7496e+01
Adam [  119] loss: 2.8223e+01
Adam [    0] loss: 7.8078e+01
Adam [  119] loss: 2.9080e+01
Adam [    0] loss: 3.2988e+01
Adam [  119] loss: 2.8781e+01
Adam [    0] loss: 5.5078e+01
Adam [  119] loss: 2.3805e+01
Adam [    0] loss: 1.5361e+02
Adam [  119] loss: 2.8965e+01
Adam [    0] loss: 4.0130e+01
Adam [  119] loss: 2.2878e+01
Adam [    0] loss: 6.1638e+01
Adam [  119] loss: 2.9436e+01
     6 |       78 |      6 |  0.0061520040 |         ideal
Best architecture from NSGA-III: layers=5, neurons=183
Adam [    0] loss: 4.4340e+01
Adam [ 2000] loss: 1.6082e-01
Adam [ 4000] loss: 8.8376e-02
Adam [ 6000] loss: 2.5805e-02
Adam [ 8000] loss: 1.0962e-03
Adam [10000] loss: 1.2232e-03
Adam [11999] loss: 1.0028e-03

L-BFGS refinement...

PSO refinement...
PSO best objective: 2.1104e+01
Saved plot: results/pipeline_runs/20260303_222758_advection_burgers2d/artifacts/advection/nsga3/paper_beta_1.000/run_05/stage_adam/loss_curve.png
Saved plot: results/pipeline_runs/20260303_222758_advection_burgers2d/artifacts/advection/nsga3/paper_beta_1.000/run_05/stage_adam/result_comparison.png
Saved plot: results/pipeline_runs/20260303_222758_advection_burgers2d/artifacts/advection/nsga3/paper_beta_1.000/run_05/stage_adam/advection_heatmap.png
Saved plot: results/pipeline_runs/20260303_222758_advection_burgers2d/artifacts/advection/nsga3/paper_beta_1.000/run_05/stage_adam/advection_time_slices_exact_vs_pred.png
Saved plot: results/pipeline_runs/20260303_222758_advection_burgers2d/artifacts/advection/nsga3/paper_beta_1.000/run_05/stage_lbfgs/loss_curve.png
Saved plot: results/pipeline_runs/20260303_222758_advection_burgers2d/artifacts/advection/nsga3/paper_beta_1.000/run_05/stage_lbfgs/result_comparison.png
Saved plot: results/pipeline_runs/20260303_222758_advection_burgers2d/artifacts/advection/nsga3/paper_beta_1.000/run_05/stage_lbfgs/advection_heatmap.png
Saved plot: results/pipeline_runs/20260303_222758_advection_burgers2d/artifacts/advection/nsga3/paper_beta_1.000/run_05/stage_lbfgs/advection_time_slices_exact_vs_pred.png
Saved plot: results/pipeline_runs/20260303_222758_advection_burgers2d/artifacts/advection/nsga3/paper_beta_1.000/run_05/stage_pso/loss_curve.png
Saved plot: results/pipeline_runs/20260303_222758_advection_burgers2d/artifacts/advection/nsga3/paper_beta_1.000/run_05/stage_pso/result_comparison.png
Saved plot: results/pipeline_runs/20260303_222758_advection_burgers2d/artifacts/advection/nsga3/paper_beta_1.000/run_05/stage_pso/advection_heatmap.png
Saved plot: results/pipeline_runs/20260303_222758_advection_burgers2d/artifacts/advection/nsga3/paper_beta_1.000/run_05/stage_pso/advection_time_slices_exact_vs_pred.png
Selected best stage: lbfgs (rel_l2=2.8415e-03)
Run time: 939.11 s
Saved summary: results/pipeline_runs/20260303_222758_advection_burgers2d/artifacts/advection/nsga3/paper_beta_1.000/run_05/search_summary.csv
Starting NSGA-III architecture search: beta=0.500
Adam [    0] loss: 4.5826e+01
Adam [  119] loss: 1.4352e+01
Adam [    0] loss: 3.6296e+01
Adam [  119] loss: 1.7051e+01
Adam [    0] loss: 3.6642e+01
Adam [  119] loss: 2.8981e+01
Adam [    0] loss: 3.4495e+01
Adam [  119] loss: 2.9827e+01
Adam [    0] loss: 4.7326e+01
Adam [  119] loss: 2.8756e+01
Adam [    0] loss: 8.0087e+01
Adam [  119] loss: 3.0149e+01
Adam [    0] loss: 3.6990e+01
Adam [  119] loss: 2.9260e+01
Adam [    0] loss: 7.8356e+01
Adam [  119] loss: 2.9403e+01
Adam [    0] loss: 3.8101e+01
Adam [  119] loss: 2.9199e+01
Adam [    0] loss: 6.3529e+01
Adam [  119] loss: 2.8861e+01
Adam [    0] loss: 5.8945e+01
Adam [  119] loss: 2.5140e+01
Adam [    0] loss: 4.1245e+01
Adam [  119] loss: 2.9784e+01
Adam [    0] loss: 9.9306e+01
Adam [  119] loss: 2.6104e+01
==========================================================
n_gen  |  n_eval  | n_nds  |      eps      |   indicator  
==========================================================
     1 |       13 |      4 |             - |             -
Adam [    0] loss: 3.2158e+01
Adam [  119] loss: 2.8514e+01
Adam [    0] loss: 2.6235e+02
Adam [  119] loss: 2.9989e+01
Adam [    0] loss: 3.8905e+01
Adam [  119] loss: 2.9981e+01
Adam [    0] loss: 4.2536e+01
Adam [  119] loss: 2.9747e+01
Adam [    0] loss: 6.3878e+01
Adam [  119] loss: 2.9462e+01
Adam [    0] loss: 4.8024e+01
Adam [  119] loss: 2.9703e+01
Adam [    0] loss: 7.1421e+01
Adam [  119] loss: 2.9866e+01
Adam [    0] loss: 9.2974e+01
Adam [  119] loss: 2.8950e+01
Adam [    0] loss: 5.2556e+01
Adam [  119] loss: 2.9966e+01
Adam [    0] loss: 3.0734e+01
Adam [  119] loss: 8.6984e+00
Adam [    0] loss: 3.9402e+01
Adam [  119] loss: 1.8606e+01
Adam [    0] loss: 4.1763e+01
Adam [  119] loss: 2.5338e+01
Adam [    0] loss: 3.2247e+01
Adam [  119] loss: 2.3402e+01
     2 |       26 |      4 |  0.2818579734 |         ideal
Adam [    0] loss: 4.9274e+01
Adam [  119] loss: 2.9448e+01
Adam [    0] loss: 6.0504e+01
Adam [  119] loss: 2.5744e+01
Adam [    0] loss: 3.5646e+01
Adam [  119] loss: 2.9359e+01
Adam [    0] loss: 5.3100e+01
Adam [  119] loss: 2.9838e+01
Adam [    0] loss: 4.6706e+01
Adam [  119] loss: 2.9899e+01
Adam [    0] loss: 6.4272e+01
Adam [  119] loss: 2.8577e+01
Adam [    0] loss: 3.4318e+01
Adam [  119] loss: 1.5262e+01
Adam [    0] loss: 6.4790e+01
Adam [  119] loss: 2.1525e+01
Adam [    0] loss: 2.0911e+02
Adam [  119] loss: 2.9623e+01
Adam [    0] loss: 3.3691e+01
Adam [  119] loss: 2.9557e+01
Adam [    0] loss: 3.8818e+01
Adam [  119] loss: 2.3325e+01
Adam [    0] loss: 4.9166e+01
Adam [  119] loss: 2.7422e+01
Adam [    0] loss: 3.8819e+01
Adam [  119] loss: 2.0890e+01
     3 |       39 |      5 |  0.0933749103 |         ideal
Adam [    0] loss: 4.5044e+01
Adam [  119] loss: 2.9441e+01
Adam [    0] loss: 3.5944e+01
Adam [  119] loss: 2.9268e+01
Adam [    0] loss: 3.1039e+01
Adam [  119] loss: 2.8655e+01
Adam [    0] loss: 3.5552e+01
Adam [  119] loss: 2.1927e+01
Adam [    0] loss: 3.1467e+01
Adam [  119] loss: 1.5941e+01
Adam [    0] loss: 4.5000e+01
Adam [  119] loss: 1.9613e+01
Adam [    0] loss: 3.2118e+01
Adam [  119] loss: 2.4544e+01
Adam [    0] loss: 3.3199e+01
Adam [  119] loss: 2.9244e+01
Adam [    0] loss: 3.2799e+01
Adam [  119] loss: 1.9754e+01
Adam [    0] loss: 3.1798e+01
Adam [  119] loss: 2.9875e+01
Adam [    0] loss: 6.7580e+01
Adam [  119] loss: 2.8761e+01
Adam [    0] loss: 4.5449e+01
Adam [  119] loss: 2.5610e+01
Adam [    0] loss: 3.1780e+01
Adam [  119] loss: 2.8832e+01
     4 |       52 |      6 |  0.0135732246 |         ideal
Adam [    0] loss: 4.5747e+01
Adam [  119] loss: 2.7923e+01
Adam [    0] loss: 4.7723e+01
Adam [  119] loss: 2.9087e+01
Adam [    0] loss: 3.1730e+01
Adam [  119] loss: 2.1335e+01
Adam [    0] loss: 5.2681e+01
Adam [  119] loss: 2.8727e+01
Adam [    0] loss: 3.9914e+01
Adam [  119] loss: 1.8853e+01
Adam [    0] loss: 8.5449e+01
Adam [  119] loss: 3.0046e+01
Adam [    0] loss: 2.3243e+02
Adam [  119] loss: 2.8795e+01
Adam [    0] loss: 3.1672e+01
Adam [  119] loss: 2.9910e+01
Adam [    0] loss: 6.3570e+01
Adam [  119] loss: 2.1459e+01
Adam [    0] loss: 4.3934e+01
Adam [  119] loss: 2.4097e+01
Adam [    0] loss: 9.3417e+01
Adam [  119] loss: 2.9943e+01
Adam [    0] loss: 6.0333e+01
Adam [  119] loss: 2.0089e+01
Adam [    0] loss: 1.1052e+02
Adam [  119] loss: 2.9902e+01
     5 |       65 |      4 |  0.000000E+00 |             f
Adam [    0] loss: 1.4069e+02
Adam [  119] loss: 2.9920e+01
Adam [    0] loss: 7.6511e+01
Adam [  119] loss: 2.9733e+01
Adam [    0] loss: 1.3699e+02
Adam [  119] loss: 2.8909e+01
Adam [    0] loss: 4.3217e+01
Adam [  119] loss: 1.6330e+01
Adam [    0] loss: 2.9176e+02
Adam [  119] loss: 2.8916e+01
Adam [    0] loss: 3.5706e+01
Adam [  119] loss: 2.8128e+01
Adam [    0] loss: 6.0360e+01
Adam [  119] loss: 2.3407e+01
Adam [    0] loss: 3.2482e+01
Adam [  119] loss: 2.8649e+01
Adam [    0] loss: 4.0731e+01
Adam [  119] loss: 2.7681e+01
Adam [    0] loss: 1.5586e+02
Adam [  119] loss: 2.8942e+01
Adam [    0] loss: 4.0735e+01
Adam [  119] loss: 2.7425e+01
Adam [    0] loss: 6.0006e+01
Adam [  119] loss: 2.9713e+01
Adam [    0] loss: 4.3803e+01
Adam [  119] loss: 2.8869e+01
     6 |       78 |      5 |  0.0204140728 |             f
Best architecture from NSGA-III: layers=5, neurons=152
Adam [    0] loss: 3.5512e+01
Adam [ 2000] loss: 1.1029e-01
Adam [ 4000] loss: 3.0241e-01
Adam [ 6000] loss: 7.5833e-03
Adam [ 8000] loss: 1.4405e-01
Adam [10000] loss: 8.3773e-03
Adam [11999] loss: 1.0440e-03

L-BFGS refinement...

PSO refinement...
PSO best objective: 1.5933e+01
Saved plot: results/pipeline_runs/20260303_222758_advection_burgers2d/artifacts/advection/nsga3/paper_beta_0.500/run_01/stage_adam/loss_curve.png
Saved plot: results/pipeline_runs/20260303_222758_advection_burgers2d/artifacts/advection/nsga3/paper_beta_0.500/run_01/stage_adam/result_comparison.png
Saved plot: results/pipeline_runs/20260303_222758_advection_burgers2d/artifacts/advection/nsga3/paper_beta_0.500/run_01/stage_adam/advection_heatmap.png
Saved plot: results/pipeline_runs/20260303_222758_advection_burgers2d/artifacts/advection/nsga3/paper_beta_0.500/run_01/stage_adam/advection_time_slices_exact_vs_pred.png
Saved plot: results/pipeline_runs/20260303_222758_advection_burgers2d/artifacts/advection/nsga3/paper_beta_0.500/run_01/stage_lbfgs/loss_curve.png
Saved plot: results/pipeline_runs/20260303_222758_advection_burgers2d/artifacts/advection/nsga3/paper_beta_0.500/run_01/stage_lbfgs/result_comparison.png
Saved plot: results/pipeline_runs/20260303_222758_advection_burgers2d/artifacts/advection/nsga3/paper_beta_0.500/run_01/stage_lbfgs/advection_heatmap.png
Saved plot: results/pipeline_runs/20260303_222758_advection_burgers2d/artifacts/advection/nsga3/paper_beta_0.500/run_01/stage_lbfgs/advection_time_slices_exact_vs_pred.png
Saved plot: results/pipeline_runs/20260303_222758_advection_burgers2d/artifacts/advection/nsga3/paper_beta_0.500/run_01/stage_pso/loss_curve.png
Saved plot: results/pipeline_runs/20260303_222758_advection_burgers2d/artifacts/advection/nsga3/paper_beta_0.500/run_01/stage_pso/result_comparison.png
Saved plot: results/pipeline_runs/20260303_222758_advection_burgers2d/artifacts/advection/nsga3/paper_beta_0.500/run_01/stage_pso/advection_heatmap.png
Saved plot: results/pipeline_runs/20260303_222758_advection_burgers2d/artifacts/advection/nsga3/paper_beta_0.500/run_01/stage_pso/advection_time_slices_exact_vs_pred.png
Selected best stage: lbfgs (rel_l2=1.9798e-03)
Run time: 728.63 s
Saved summary: results/pipeline_runs/20260303_222758_advection_burgers2d/artifacts/advection/nsga3/paper_beta_0.500/run_01/search_summary.csv
Starting NSGA-III architecture search: beta=0.500
Adam [    0] loss: 4.5826e+01
Adam [  119] loss: 1.4352e+01
Adam [    0] loss: 3.6296e+01
Adam [  119] loss: 1.7051e+01
Adam [    0] loss: 3.6642e+01
Adam [  119] loss: 2.8981e+01
Adam [    0] loss: 3.4495e+01
Adam [  119] loss: 2.9827e+01
Adam [    0] loss: 4.7326e+01
Adam [  119] loss: 2.8756e+01
Adam [    0] loss: 8.0087e+01
Adam [  119] loss: 3.0149e+01
Adam [    0] loss: 3.6990e+01
Adam [  119] loss: 2.9260e+01
Adam [    0] loss: 7.8356e+01
Adam [  119] loss: 2.9403e+01
Adam [    0] loss: 3.8101e+01
Adam [  119] loss: 2.9199e+01
Adam [    0] loss: 6.3529e+01
Adam [  119] loss: 2.8861e+01
Adam [    0] loss: 5.8945e+01
Adam [  119] loss: 2.5140e+01
Adam [    0] loss: 4.1245e+01
Adam [  119] loss: 2.9784e+01
Adam [    0] loss: 9.9306e+01
Adam [  119] loss: 2.6104e+01
==========================================================
n_gen  |  n_eval  | n_nds  |      eps      |   indicator  
==========================================================
     1 |       13 |      4 |             - |             -
Adam [    0] loss: 3.2158e+01
Adam [  119] loss: 2.8514e+01
Adam [    0] loss: 2.6235e+02
Adam [  119] loss: 2.9989e+01
Adam [    0] loss: 3.8905e+01
Adam [  119] loss: 2.9981e+01
Adam [    0] loss: 4.2536e+01
Adam [  119] loss: 2.9747e+01
Adam [    0] loss: 6.3878e+01
Adam [  119] loss: 2.9462e+01
Adam [    0] loss: 4.8024e+01
Adam [  119] loss: 2.9703e+01
Adam [    0] loss: 7.1421e+01
Adam [  119] loss: 2.9866e+01
Adam [    0] loss: 9.2974e+01
Adam [  119] loss: 2.8950e+01
Adam [    0] loss: 5.2556e+01
Adam [  119] loss: 2.9966e+01
Adam [    0] loss: 3.0734e+01
Adam [  119] loss: 8.6984e+00
Adam [    0] loss: 3.9402e+01
Adam [  119] loss: 1.8606e+01
Adam [    0] loss: 4.1763e+01
Adam [  119] loss: 2.5338e+01
Adam [    0] loss: 3.2247e+01
Adam [  119] loss: 2.3402e+01
     2 |       26 |      4 |  0.2818579734 |         ideal
Adam [    0] loss: 4.9274e+01
Adam [  119] loss: 2.9448e+01
Adam [    0] loss: 6.0504e+01
Adam [  119] loss: 2.5744e+01
Adam [    0] loss: 3.5646e+01
Adam [  119] loss: 2.9359e+01
Adam [    0] loss: 5.3100e+01
Adam [  119] loss: 2.9838e+01
Adam [    0] loss: 4.6706e+01
Adam [  119] loss: 2.9899e+01
Adam [    0] loss: 6.4272e+01
Adam [  119] loss: 2.8577e+01
Adam [    0] loss: 3.4318e+01
Adam [  119] loss: 1.5262e+01
Adam [    0] loss: 6.4790e+01
Adam [  119] loss: 2.1525e+01
Adam [    0] loss: 2.0911e+02
Adam [  119] loss: 2.9623e+01
Adam [    0] loss: 3.3691e+01
Adam [  119] loss: 2.9557e+01
Adam [    0] loss: 3.8818e+01
Adam [  119] loss: 2.3325e+01
Adam [    0] loss: 4.9166e+01
Adam [  119] loss: 2.7422e+01
Adam [    0] loss: 3.8819e+01
Adam [  119] loss: 2.0890e+01
     3 |       39 |      5 |  0.0933749103 |         ideal
Adam [    0] loss: 4.5044e+01
Adam [  119] loss: 2.9441e+01
Adam [    0] loss: 3.5944e+01
Adam [  119] loss: 2.9268e+01
Adam [    0] loss: 3.1039e+01
Adam [  119] loss: 2.8655e+01
Adam [    0] loss: 3.5552e+01
Adam [  119] loss: 2.1927e+01
Adam [    0] loss: 3.1467e+01
Adam [  119] loss: 1.5941e+01
Adam [    0] loss: 4.5000e+01
Adam [  119] loss: 1.9613e+01
Adam [    0] loss: 3.2118e+01
Adam [  119] loss: 2.4544e+01
Adam [    0] loss: 3.3199e+01
Adam [  119] loss: 2.9244e+01
Adam [    0] loss: 3.2799e+01
Adam [  119] loss: 1.9754e+01
Adam [    0] loss: 3.1798e+01
Adam [  119] loss: 2.9875e+01
Adam [    0] loss: 6.7580e+01
Adam [  119] loss: 2.8761e+01
Adam [    0] loss: 4.5449e+01
Adam [  119] loss: 2.5610e+01
Adam [    0] loss: 3.1780e+01
Adam [  119] loss: 2.8832e+01
     4 |       52 |      6 |  0.0135732246 |         ideal
Adam [    0] loss: 4.5747e+01
Adam [  119] loss: 2.7923e+01
Adam [    0] loss: 4.7723e+01
Adam [  119] loss: 2.9087e+01
Adam [    0] loss: 3.1730e+01
Adam [  119] loss: 2.1335e+01
Adam [    0] loss: 5.2681e+01
Adam [  119] loss: 2.8727e+01
Adam [    0] loss: 3.9914e+01
Adam [  119] loss: 1.8853e+01
Adam [    0] loss: 8.5449e+01
Adam [  119] loss: 3.0046e+01
Adam [    0] loss: 2.3243e+02
Adam [  119] loss: 2.8795e+01
Adam [    0] loss: 3.1672e+01
Adam [  119] loss: 2.9910e+01
Adam [    0] loss: 6.3570e+01
Adam [  119] loss: 2.1459e+01
Adam [    0] loss: 4.3934e+01
Adam [  119] loss: 2.4097e+01
Adam [    0] loss: 9.3417e+01
Adam [  119] loss: 2.9943e+01
Adam [    0] loss: 6.0333e+01
Adam [  119] loss: 2.0089e+01
Adam [    0] loss: 1.1052e+02
Adam [  119] loss: 2.9902e+01
     5 |       65 |      4 |  0.000000E+00 |             f
Adam [    0] loss: 1.4069e+02
Adam [  119] loss: 2.9920e+01
Adam [    0] loss: 7.6511e+01
Adam [  119] loss: 2.9733e+01
Adam [    0] loss: 1.3699e+02
Adam [  119] loss: 2.8909e+01
Adam [    0] loss: 4.3217e+01
Adam [  119] loss: 1.6330e+01
Adam [    0] loss: 2.9176e+02
Adam [  119] loss: 2.8916e+01
Adam [    0] loss: 3.5706e+01
Adam [  119] loss: 2.8128e+01
Adam [    0] loss: 6.0360e+01
Adam [  119] loss: 2.3407e+01
Adam [    0] loss: 3.2482e+01
Adam [  119] loss: 2.8649e+01
Adam [    0] loss: 4.0731e+01
Adam [  119] loss: 2.7681e+01
Adam [    0] loss: 1.5586e+02
Adam [  119] loss: 2.8942e+01
Adam [    0] loss: 4.0735e+01
Adam [  119] loss: 2.7425e+01
Adam [    0] loss: 6.0006e+01
Adam [  119] loss: 2.9713e+01
Adam [    0] loss: 4.3803e+01
Adam [  119] loss: 2.8869e+01
     6 |       78 |      5 |  0.0204140728 |             f
Best architecture from NSGA-III: layers=5, neurons=152
Adam [    0] loss: 4.3319e+01
Adam [ 2000] loss: 4.7466e-02
Adam [ 4000] loss: 8.1024e-03
Adam [ 6000] loss: 1.1000e-02
Adam [ 8000] loss: 4.4672e-03
Adam [10000] loss: 2.8623e-03
Adam [11999] loss: 2.4526e-03

L-BFGS refinement...

PSO refinement...
PSO best objective: 2.4937e+01
Saved plot: results/pipeline_runs/20260303_222758_advection_burgers2d/artifacts/advection/nsga3/paper_beta_0.500/run_02/stage_adam/loss_curve.png
Saved plot: results/pipeline_runs/20260303_222758_advection_burgers2d/artifacts/advection/nsga3/paper_beta_0.500/run_02/stage_adam/result_comparison.png
Saved plot: results/pipeline_runs/20260303_222758_advection_burgers2d/artifacts/advection/nsga3/paper_beta_0.500/run_02/stage_adam/advection_heatmap.png
Saved plot: results/pipeline_runs/20260303_222758_advection_burgers2d/artifacts/advection/nsga3/paper_beta_0.500/run_02/stage_adam/advection_time_slices_exact_vs_pred.png
Saved plot: results/pipeline_runs/20260303_222758_advection_burgers2d/artifacts/advection/nsga3/paper_beta_0.500/run_02/stage_lbfgs/loss_curve.png
Saved plot: results/pipeline_runs/20260303_222758_advection_burgers2d/artifacts/advection/nsga3/paper_beta_0.500/run_02/stage_lbfgs/result_comparison.png
Saved plot: results/pipeline_runs/20260303_222758_advection_burgers2d/artifacts/advection/nsga3/paper_beta_0.500/run_02/stage_lbfgs/advection_heatmap.png
Saved plot: results/pipeline_runs/20260303_222758_advection_burgers2d/artifacts/advection/nsga3/paper_beta_0.500/run_02/stage_lbfgs/advection_time_slices_exact_vs_pred.png
Saved plot: results/pipeline_runs/20260303_222758_advection_burgers2d/artifacts/advection/nsga3/paper_beta_0.500/run_02/stage_pso/loss_curve.png
Saved plot: results/pipeline_runs/20260303_222758_advection_burgers2d/artifacts/advection/nsga3/paper_beta_0.500/run_02/stage_pso/result_comparison.png
Saved plot: results/pipeline_runs/20260303_222758_advection_burgers2d/artifacts/advection/nsga3/paper_beta_0.500/run_02/stage_pso/advection_heatmap.png
Saved plot: results/pipeline_runs/20260303_222758_advection_burgers2d/artifacts/advection/nsga3/paper_beta_0.500/run_02/stage_pso/advection_time_slices_exact_vs_pred.png
Selected best stage: lbfgs (rel_l2=1.9393e-02)
Run time: 722.12 s
Saved summary: results/pipeline_runs/20260303_222758_advection_burgers2d/artifacts/advection/nsga3/paper_beta_0.500/run_02/search_summary.csv
Starting NSGA-III architecture search: beta=0.500
Adam [    0] loss: 4.5826e+01
Adam [  119] loss: 1.4352e+01
Adam [    0] loss: 3.6296e+01
Adam [  119] loss: 1.7051e+01
Adam [    0] loss: 3.6642e+01
Adam [  119] loss: 2.8981e+01
Adam [    0] loss: 3.4495e+01
Adam [  119] loss: 2.9827e+01
Adam [    0] loss: 4.7326e+01
Adam [  119] loss: 2.8756e+01
Adam [    0] loss: 8.0087e+01
Adam [  119] loss: 3.0149e+01
Adam [    0] loss: 3.6990e+01
Adam [  119] loss: 2.9260e+01
Adam [    0] loss: 7.8356e+01
Adam [  119] loss: 2.9403e+01
Adam [    0] loss: 3.8101e+01
Adam [  119] loss: 2.9199e+01
Adam [    0] loss: 6.3529e+01
Adam [  119] loss: 2.8861e+01
Adam [    0] loss: 5.8945e+01
Adam [  119] loss: 2.5140e+01
Adam [    0] loss: 4.1245e+01
Adam [  119] loss: 2.9784e+01
Adam [    0] loss: 9.9306e+01
Adam [  119] loss: 2.6104e+01
==========================================================
n_gen  |  n_eval  | n_nds  |      eps      |   indicator  
==========================================================
     1 |       13 |      4 |             - |             -
Adam [    0] loss: 3.2158e+01
Adam [  119] loss: 2.8514e+01
Adam [    0] loss: 2.6235e+02
Adam [  119] loss: 2.9989e+01
Adam [    0] loss: 3.8905e+01
Adam [  119] loss: 2.9981e+01
Adam [    0] loss: 4.2536e+01
Adam [  119] loss: 2.9747e+01
Adam [    0] loss: 6.3878e+01
Adam [  119] loss: 2.9462e+01
Adam [    0] loss: 4.8024e+01
Adam [  119] loss: 2.9703e+01
Adam [    0] loss: 7.1421e+01
Adam [  119] loss: 2.9866e+01
Adam [    0] loss: 9.2974e+01
Adam [  119] loss: 2.8950e+01
Adam [    0] loss: 5.2556e+01
Adam [  119] loss: 2.9966e+01
Adam [    0] loss: 3.0734e+01
Adam [  119] loss: 8.6984e+00
Adam [    0] loss: 3.9402e+01
Adam [  119] loss: 1.8606e+01
Adam [    0] loss: 4.1763e+01
Adam [  119] loss: 2.5338e+01
Adam [    0] loss: 3.2247e+01
Adam [  119] loss: 2.3402e+01
     2 |       26 |      4 |  0.2818579734 |         ideal
Adam [    0] loss: 4.9274e+01
Adam [  119] loss: 2.9448e+01
Adam [    0] loss: 6.0504e+01
Adam [  119] loss: 2.5744e+01
Adam [    0] loss: 3.5646e+01
Adam [  119] loss: 2.9359e+01
Adam [    0] loss: 5.3100e+01
Adam [  119] loss: 2.9838e+01
Adam [    0] loss: 4.6706e+01
Adam [  119] loss: 2.9899e+01
Adam [    0] loss: 6.4272e+01
Adam [  119] loss: 2.8577e+01
Adam [    0] loss: 3.4318e+01
Adam [  119] loss: 1.5262e+01
Adam [    0] loss: 6.4790e+01
Adam [  119] loss: 2.1525e+01
Adam [    0] loss: 2.0911e+02
Adam [  119] loss: 2.9623e+01
Adam [    0] loss: 3.3691e+01
Adam [  119] loss: 2.9557e+01
Adam [    0] loss: 3.8818e+01
Adam [  119] loss: 2.3325e+01
Adam [    0] loss: 4.9166e+01
Adam [  119] loss: 2.7422e+01
Adam [    0] loss: 3.8819e+01
Adam [  119] loss: 2.0890e+01
     3 |       39 |      5 |  0.0933749103 |         ideal
Adam [    0] loss: 4.5044e+01
Adam [  119] loss: 2.9441e+01
Adam [    0] loss: 3.5944e+01
Adam [  119] loss: 2.9268e+01
Adam [    0] loss: 3.1039e+01
Adam [  119] loss: 2.8655e+01
Adam [    0] loss: 3.5552e+01
Adam [  119] loss: 2.1927e+01
Adam [    0] loss: 3.1467e+01
Adam [  119] loss: 1.5941e+01
Adam [    0] loss: 4.5000e+01
Adam [  119] loss: 1.9613e+01
Adam [    0] loss: 3.2118e+01
Adam [  119] loss: 2.4544e+01
Adam [    0] loss: 3.3199e+01
Adam [  119] loss: 2.9244e+01
Adam [    0] loss: 3.2799e+01
Adam [  119] loss: 1.9754e+01
Adam [    0] loss: 3.1798e+01
Adam [  119] loss: 2.9875e+01
Adam [    0] loss: 6.7580e+01
Adam [  119] loss: 2.8761e+01
Adam [    0] loss: 4.5449e+01
Adam [  119] loss: 2.5610e+01
Adam [    0] loss: 3.1780e+01
Adam [  119] loss: 2.8832e+01
     4 |       52 |      6 |  0.0135732246 |         ideal
Adam [    0] loss: 4.5747e+01
Adam [  119] loss: 2.7923e+01
Adam [    0] loss: 4.7723e+01
Adam [  119] loss: 2.9087e+01
Adam [    0] loss: 3.1730e+01
Adam [  119] loss: 2.1335e+01
Adam [    0] loss: 5.2681e+01
Adam [  119] loss: 2.8727e+01
Adam [    0] loss: 3.9914e+01
Adam [  119] loss: 1.8853e+01
Adam [    0] loss: 8.5449e+01
Adam [  119] loss: 3.0046e+01
Adam [    0] loss: 2.3243e+02
Adam [  119] loss: 2.8795e+01
Adam [    0] loss: 3.1672e+01
Adam [  119] loss: 2.9910e+01
Adam [    0] loss: 6.3570e+01
Adam [  119] loss: 2.1459e+01
Adam [    0] loss: 4.3934e+01
Adam [  119] loss: 2.4097e+01
Adam [    0] loss: 9.3417e+01
Adam [  119] loss: 2.9943e+01
Adam [    0] loss: 6.0333e+01
Adam [  119] loss: 2.0089e+01
Adam [    0] loss: 1.1052e+02
Adam [  119] loss: 2.9902e+01
     5 |       65 |      4 |  0.000000E+00 |             f
Adam [    0] loss: 1.4069e+02
Adam [  119] loss: 2.9920e+01
Adam [    0] loss: 7.6511e+01
Adam [  119] loss: 2.9733e+01
Adam [    0] loss: 1.3699e+02
Adam [  119] loss: 2.8909e+01
Adam [    0] loss: 4.3217e+01
Adam [  119] loss: 1.6330e+01
Adam [    0] loss: 2.9176e+02
Adam [  119] loss: 2.8916e+01
Adam [    0] loss: 3.5706e+01
Adam [  119] loss: 2.8128e+01
Adam [    0] loss: 6.0360e+01
Adam [  119] loss: 2.3407e+01
Adam [    0] loss: 3.2482e+01
Adam [  119] loss: 2.8649e+01
Adam [    0] loss: 4.0731e+01
Adam [  119] loss: 2.7681e+01
Adam [    0] loss: 1.5586e+02
Adam [  119] loss: 2.8942e+01
Adam [    0] loss: 4.0735e+01
Adam [  119] loss: 2.7425e+01
Adam [    0] loss: 6.0006e+01
Adam [  119] loss: 2.9713e+01
Adam [    0] loss: 4.3803e+01
Adam [  119] loss: 2.8869e+01
     6 |       78 |      5 |  0.0204140728 |             f
Best architecture from NSGA-III: layers=5, neurons=152
Adam [    0] loss: 3.8389e+01
Adam [ 2000] loss: 5.2536e-02
Adam [ 4000] loss: 6.7542e-03
Adam [ 6000] loss: 1.4224e-01
Adam [ 8000] loss: 5.4559e-04
Adam [10000] loss: 2.3099e-04
Adam [11999] loss: 2.4867e-03

L-BFGS refinement...

PSO refinement...
PSO best objective: 1.3180e+01
Saved plot: results/pipeline_runs/20260303_222758_advection_burgers2d/artifacts/advection/nsga3/paper_beta_0.500/run_03/stage_adam/loss_curve.png
Saved plot: results/pipeline_runs/20260303_222758_advection_burgers2d/artifacts/advection/nsga3/paper_beta_0.500/run_03/stage_adam/result_comparison.png
Saved plot: results/pipeline_runs/20260303_222758_advection_burgers2d/artifacts/advection/nsga3/paper_beta_0.500/run_03/stage_adam/advection_heatmap.png
Saved plot: results/pipeline_runs/20260303_222758_advection_burgers2d/artifacts/advection/nsga3/paper_beta_0.500/run_03/stage_adam/advection_time_slices_exact_vs_pred.png
Saved plot: results/pipeline_runs/20260303_222758_advection_burgers2d/artifacts/advection/nsga3/paper_beta_0.500/run_03/stage_lbfgs/loss_curve.png
Saved plot: results/pipeline_runs/20260303_222758_advection_burgers2d/artifacts/advection/nsga3/paper_beta_0.500/run_03/stage_lbfgs/result_comparison.png
Saved plot: results/pipeline_runs/20260303_222758_advection_burgers2d/artifacts/advection/nsga3/paper_beta_0.500/run_03/stage_lbfgs/advection_heatmap.png
Saved plot: results/pipeline_runs/20260303_222758_advection_burgers2d/artifacts/advection/nsga3/paper_beta_0.500/run_03/stage_lbfgs/advection_time_slices_exact_vs_pred.png
Saved plot: results/pipeline_runs/20260303_222758_advection_burgers2d/artifacts/advection/nsga3/paper_beta_0.500/run_03/stage_pso/loss_curve.png
Saved plot: results/pipeline_runs/20260303_222758_advection_burgers2d/artifacts/advection/nsga3/paper_beta_0.500/run_03/stage_pso/result_comparison.png
Saved plot: results/pipeline_runs/20260303_222758_advection_burgers2d/artifacts/advection/nsga3/paper_beta_0.500/run_03/stage_pso/advection_heatmap.png
Saved plot: results/pipeline_runs/20260303_222758_advection_burgers2d/artifacts/advection/nsga3/paper_beta_0.500/run_03/stage_pso/advection_time_slices_exact_vs_pred.png
Selected best stage: lbfgs (rel_l2=4.9290e-03)
Run time: 675.40 s
Saved summary: results/pipeline_runs/20260303_222758_advection_burgers2d/artifacts/advection/nsga3/paper_beta_0.500/run_03/search_summary.csv
Starting NSGA-III architecture search: beta=0.500
Adam [    0] loss: 4.5826e+01
Adam [  119] loss: 1.4352e+01
Adam [    0] loss: 3.6296e+01
Adam [  119] loss: 1.7051e+01
Adam [    0] loss: 3.6642e+01
Adam [  119] loss: 2.8981e+01
Adam [    0] loss: 3.4495e+01
Adam [  119] loss: 2.9827e+01
Adam [    0] loss: 4.7326e+01
Adam [  119] loss: 2.8756e+01
Adam [    0] loss: 8.0087e+01
Adam [  119] loss: 3.0149e+01
Adam [    0] loss: 3.6990e+01
Adam [  119] loss: 2.9260e+01
Adam [    0] loss: 7.8356e+01
Adam [  119] loss: 2.9403e+01
Adam [    0] loss: 3.8101e+01
Adam [  119] loss: 2.9199e+01
Adam [    0] loss: 6.3529e+01
Adam [  119] loss: 2.8861e+01
Adam [    0] loss: 5.8945e+01
Adam [  119] loss: 2.5140e+01
Adam [    0] loss: 4.1245e+01
Adam [  119] loss: 2.9784e+01
Adam [    0] loss: 9.9306e+01
Adam [  119] loss: 2.6104e+01
==========================================================
n_gen  |  n_eval  | n_nds  |      eps      |   indicator  
==========================================================
     1 |       13 |      4 |             - |             -
Adam [    0] loss: 3.2158e+01
Adam [  119] loss: 2.8514e+01
Adam [    0] loss: 2.6235e+02
Adam [  119] loss: 2.9989e+01
Adam [    0] loss: 3.8905e+01
Adam [  119] loss: 2.9981e+01
Adam [    0] loss: 4.2536e+01
Adam [  119] loss: 2.9747e+01
Adam [    0] loss: 6.3878e+01
Adam [  119] loss: 2.9462e+01
Adam [    0] loss: 4.8024e+01
Adam [  119] loss: 2.9703e+01
Adam [    0] loss: 7.1421e+01
Adam [  119] loss: 2.9866e+01
Adam [    0] loss: 9.2974e+01
Adam [  119] loss: 2.8950e+01
Adam [    0] loss: 5.2556e+01
Adam [  119] loss: 2.9966e+01
Adam [    0] loss: 3.0734e+01
Adam [  119] loss: 8.6984e+00
Adam [    0] loss: 3.9402e+01
Adam [  119] loss: 1.8606e+01
Adam [    0] loss: 4.1763e+01
Adam [  119] loss: 2.5338e+01
Adam [    0] loss: 3.2247e+01
Adam [  119] loss: 2.3402e+01
     2 |       26 |      4 |  0.2818579734 |         ideal
Adam [    0] loss: 4.9274e+01
Adam [  119] loss: 2.9448e+01
Adam [    0] loss: 6.0504e+01
Adam [  119] loss: 2.5744e+01
Adam [    0] loss: 3.5646e+01
Adam [  119] loss: 2.9359e+01
Adam [    0] loss: 5.3100e+01
Adam [  119] loss: 2.9838e+01
Adam [    0] loss: 4.6706e+01
Adam [  119] loss: 2.9899e+01
Adam [    0] loss: 6.4272e+01
Adam [  119] loss: 2.8577e+01
Adam [    0] loss: 3.4318e+01
Adam [  119] loss: 1.5262e+01
Adam [    0] loss: 6.4790e+01
Adam [  119] loss: 2.1525e+01
Adam [    0] loss: 2.0911e+02
Adam [  119] loss: 2.9623e+01
Adam [    0] loss: 3.3691e+01
Adam [  119] loss: 2.9557e+01
Adam [    0] loss: 3.8818e+01
Adam [  119] loss: 2.3325e+01
Adam [    0] loss: 4.9166e+01
Adam [  119] loss: 2.7422e+01
Adam [    0] loss: 3.8819e+01
Adam [  119] loss: 2.0890e+01
     3 |       39 |      5 |  0.0933749103 |         ideal
Adam [    0] loss: 4.5044e+01
Adam [  119] loss: 2.9441e+01
Adam [    0] loss: 3.5944e+01
Adam [  119] loss: 2.9268e+01
Adam [    0] loss: 3.1039e+01
Adam [  119] loss: 2.8655e+01
Adam [    0] loss: 3.5552e+01
Adam [  119] loss: 2.1927e+01
Adam [    0] loss: 3.1467e+01
Adam [  119] loss: 1.5941e+01
Adam [    0] loss: 4.5000e+01
Adam [  119] loss: 1.9613e+01
Adam [    0] loss: 3.2118e+01
Adam [  119] loss: 2.4544e+01
Adam [    0] loss: 3.3199e+01
Adam [  119] loss: 2.9244e+01
Adam [    0] loss: 3.2799e+01
Adam [  119] loss: 1.9754e+01
Adam [    0] loss: 3.1798e+01
Adam [  119] loss: 2.9875e+01
Adam [    0] loss: 6.7580e+01
Adam [  119] loss: 2.8761e+01
Adam [    0] loss: 4.5449e+01
Adam [  119] loss: 2.5610e+01
Adam [    0] loss: 3.1780e+01
Adam [  119] loss: 2.8832e+01
     4 |       52 |      6 |  0.0135732246 |         ideal
Adam [    0] loss: 4.5747e+01
Adam [  119] loss: 2.7923e+01
Adam [    0] loss: 4.7723e+01
Adam [  119] loss: 2.9087e+01
Adam [    0] loss: 3.1730e+01
Adam [  119] loss: 2.1335e+01
Adam [    0] loss: 5.2681e+01
Adam [  119] loss: 2.8727e+01
Adam [    0] loss: 3.9914e+01
Adam [  119] loss: 1.8853e+01
Traceback (most recent call last):
  File "/home/coder/NAS-PINNS1/NAS_PINNs_advection_nsga3.py", line 9, in <module>
    main()
  File "/home/coder/NAS-PINNS1/optimizers/advection/nsga3.py", line 202, in main
    args = apply_profile(args, method_name="nsga3")
           ^^^^^^^^^^^^^^^^^^^^^^^^^^^^^^^^^^^^^^^^
  File "/home/coder/NAS-PINNS1/optimizers/advection/profiles.py", line 90, in apply_profile
    raise ValueError(
ValueError: Profile 'paper_baseline' locks --seed: expected 42, got 47
Starting NSGA-III architecture search: beta=0.500
Adam [    0] loss: 4.5826e+01
Adam [  299] loss: 2.5676e-01
Adam [    0] loss: 3.6296e+01
Adam [  299] loss: 2.7319e-01
Adam [    0] loss: 3.6642e+01
Adam [  299] loss: 4.1730e-01
Adam [    0] loss: 3.4495e+01
Adam [  299] loss: 5.8411e-01
Adam [    0] loss: 4.7326e+01
Adam [  299] loss: 1.0335e+00
Adam [    0] loss: 8.0087e+01
Adam [  299] loss: 2.2895e+01
Adam [    0] loss: 3.6990e+01
Adam [  299] loss: 4.2810e-01
Adam [    0] loss: 7.8356e+01
Adam [  299] loss: 9.6787e-01
Adam [    0] loss: 3.8101e+01
Adam [  299] loss: 3.6433e-01
Adam [    0] loss: 6.3529e+01
Adam [  299] loss: 5.0231e-01
Adam [    0] loss: 5.8945e+01
Adam [  299] loss: 2.4883e-01
Adam [    0] loss: 4.1245e+01
Adam [  299] loss: 4.2684e-01
Adam [    0] loss: 9.9306e+01
Adam [  299] loss: 7.6504e-01
Adam [    0] loss: 9.8998e+01
Adam [  299] loss: 1.7629e+01
Adam [    0] loss: 4.1780e+01
Adam [  299] loss: 2.8708e+01
Adam [    0] loss: 5.5059e+01
Adam [  299] loss: 1.1075e+01
Adam [    0] loss: 5.3359e+01
Adam [  299] loss: 2.8554e-01
Adam [    0] loss: 4.5910e+01
Adam [  299] loss: 3.5324e-01
Adam [    0] loss: 3.9850e+01
Adam [  299] loss: 6.7949e-01
Adam [    0] loss: 5.4507e+01
Adam [  299] loss: 1.4637e+01
Adam [    0] loss: 3.3496e+01
Adam [  299] loss: 3.0873e-01
Adam [    0] loss: 4.6328e+01
Adam [  299] loss: 5.3837e-01
Adam [    0] loss: 3.8115e+01
Adam [  299] loss: 4.0213e-01
Adam [    0] loss: 8.5345e+01
Adam [  299] loss: 3.5063e-01
Adam [    0] loss: 9.1775e+01
Adam [  299] loss: 4.9672e-01
Adam [    0] loss: 4.2973e+01
Adam [  299] loss: 2.6058e-01
Adam [    0] loss: 3.2071e+01
Adam [  299] loss: 1.8930e+01
Adam [    0] loss: 4.4294e+01
Adam [  299] loss: 2.6261e-01
Adam [    0] loss: 3.3994e+01
Adam [  299] loss: 6.9259e-01
Adam [    0] loss: 5.0126e+01
Adam [  299] loss: 1.5763e+00
==========================================================
n_gen  |  n_eval  | n_nds  |      eps      |   indicator  
==========================================================
     1 |       30 |      3 |             - |             -
Adam [    0] loss: 8.7716e+01
Adam [  299] loss: 3.4233e-01
Adam [    0] loss: 7.3186e+01
Adam [  299] loss: 2.6290e-01
Adam [    0] loss: 3.2870e+01
Adam [  299] loss: 2.6960e-01
Adam [    0] loss: 8.7331e+01
Adam [  299] loss: 8.1048e-01
Adam [    0] loss: 3.7590e+01
Adam [  299] loss: 7.8702e-01
Adam [    0] loss: 1.0030e+02
Adam [  299] loss: 2.7896e+01
Adam [    0] loss: 5.2313e+01
Adam [  299] loss: 5.2306e-01
Adam [    0] loss: 3.3830e+01
Adam [  299] loss: 2.7877e-01
Adam [    0] loss: 4.6678e+01
Adam [  299] loss: 3.1005e-01
Adam [    0] loss: 3.3374e+01
Adam [  299] loss: 1.2706e+00
Adam [    0] loss: 5.7413e+01
Adam [  299] loss: 3.9178e-01
Adam [    0] loss: 3.0820e+01
Adam [  299] loss: 2.6901e-01
Adam [    0] loss: 6.4339e+01
Adam [  299] loss: 3.8375e-01
Adam [    0] loss: 5.1526e+01
Adam [  299] loss: 2.8987e-01
Adam [    0] loss: 3.2882e+01
Adam [  299] loss: 1.4014e+00
Adam [    0] loss: 9.3193e+01
Adam [  299] loss: 2.1175e+00
Adam [    0] loss: 7.4624e+01
Adam [  299] loss: 3.0593e-01
Adam [    0] loss: 5.1888e+01
Adam [  299] loss: 4.1039e-01
Adam [    0] loss: 3.3169e+01
Adam [  299] loss: 1.9894e+00
Adam [    0] loss: 3.4907e+01
Adam [  299] loss: 3.7024e-01
Adam [    0] loss: 1.1812e+02
Adam [  299] loss: 2.7689e+00
Adam [    0] loss: 7.2113e+01
Adam [  299] loss: 2.1107e+00
Adam [    0] loss: 5.3281e+01
Adam [  299] loss: 2.1755e+00
Adam [    0] loss: 3.5758e+01
Adam [  299] loss: 6.3219e-01
Adam [    0] loss: 5.6040e+01
Adam [  299] loss: 2.8473e-01
Adam [    0] loss: 4.9363e+01
Adam [  299] loss: 1.9325e-01
Adam [    0] loss: 9.8759e+01
Adam [  299] loss: 2.0968e-01
Adam [    0] loss: 5.7793e+01
Adam [  299] loss: 8.5520e-01
Adam [    0] loss: 4.1456e+01
Adam [  299] loss: 2.9287e-01
Adam [    0] loss: 4.6840e+01
Adam [  299] loss: 2.6976e-01
     2 |       60 |      3 |  0.0402865243 |         ideal
Adam [    0] loss: 5.3934e+01
Adam [  299] loss: 3.4436e-01
Adam [    0] loss: 3.1715e+01
Adam [  299] loss: 3.3391e-01
Adam [    0] loss: 4.4090e+01
Adam [  299] loss: 1.2386e+01
Adam [    0] loss: 7.5422e+01
Adam [  299] loss: 2.0187e+01
Adam [    0] loss: 5.9796e+01
Adam [  299] loss: 2.2341e-01
Adam [    0] loss: 4.3404e+01
Adam [  299] loss: 2.9870e-01
Adam [    0] loss: 8.0974e+01
Adam [  299] loss: 6.0158e-01
Adam [    0] loss: 6.2793e+01
Adam [  299] loss: 2.2103e+00
Adam [    0] loss: 3.1202e+01
Adam [  299] loss: 4.4604e-01
Adam [    0] loss: 4.5992e+01
Adam [  299] loss: 2.7251e-01
Adam [    0] loss: 7.5656e+01
Adam [  299] loss: 3.4103e-01
Adam [    0] loss: 4.7170e+01
Adam [  299] loss: 3.4464e-01
Adam [    0] loss: 3.8683e+01
Adam [  299] loss: 1.0651e+00
Adam [    0] loss: 3.7466e+01
Adam [  299] loss: 2.3731e-01
Adam [    0] loss: 4.0141e+01
Adam [  299] loss: 3.5553e-01
Adam [    0] loss: 6.7941e+01
Adam [  299] loss: 3.1570e-01
Adam [    0] loss: 5.0299e+01
Adam [  299] loss: 7.6769e-01
Adam [    0] loss: 3.4138e+01
Adam [  299] loss: 3.8967e-01
Adam [    0] loss: 3.2029e+01
Adam [  299] loss: 9.5331e+00
Adam [    0] loss: 9.8055e+01
Adam [  299] loss: 1.1559e+01
Adam [    0] loss: 5.6245e+01
Adam [  299] loss: 4.9010e-01
Adam [    0] loss: 4.9851e+01
Adam [  299] loss: 2.4118e+00
Adam [    0] loss: 4.3793e+01
Adam [  299] loss: 5.5074e-01
Adam [    0] loss: 5.3283e+01
Adam [  299] loss: 3.3978e-01
Adam [    0] loss: 3.2026e+01
Adam [  299] loss: 2.6305e-01
Adam [    0] loss: 3.6809e+01
Adam [  299] loss: 3.2966e-01
Adam [    0] loss: 3.6246e+01
Adam [  299] loss: 3.2961e-01
Adam [    0] loss: 3.7004e+01
Adam [  299] loss: 1.9902e+01
Adam [    0] loss: 6.2479e+01
Adam [  299] loss: 2.3882e+00
Adam [    0] loss: 3.5851e+01
Adam [  299] loss: 9.2998e+00
     3 |       90 |      4 |  0.0372992663 |             f
Adam [    0] loss: 8.6590e+01
Adam [  299] loss: 1.0051e+00
Adam [    0] loss: 4.1946e+01
Adam [  299] loss: 5.0728e-01
Adam [    0] loss: 6.4098e+01
Adam [  299] loss: 1.6203e+01
Adam [    0] loss: 1.9555e+02
Adam [  299] loss: 7.8554e+00
Adam [    0] loss: 4.6356e+01
Adam [  299] loss: 2.9450e-01
Adam [    0] loss: 5.0890e+01
Adam [  299] loss: 4.6916e-01
Adam [    0] loss: 6.5977e+01
Adam [  299] loss: 7.6776e-01
Adam [    0] loss: 3.5698e+01
Adam [  299] loss: 2.8805e-01
Adam [    0] loss: 3.7096e+01
Adam [  299] loss: 6.1065e-01
Adam [    0] loss: 3.8857e+01
Adam [  299] loss: 3.5020e-01
Adam [    0] loss: 6.3803e+01
Adam [  299] loss: 5.1703e-01
Adam [    0] loss: 3.5165e+01
Adam [  299] loss: 6.0635e-01
Adam [    0] loss: 1.7328e+02
Adam [  299] loss: 2.2166e+00
Adam [    0] loss: 4.0938e+01
Adam [  299] loss: 2.7411e-01
Adam [    0] loss: 7.5519e+01
Adam [  299] loss: 4.4332e-01
Adam [    0] loss: 5.7278e+01
Adam [  299] loss: 3.4536e-01
Adam [    0] loss: 3.2895e+01
Adam [  299] loss: 8.6658e-01
Adam [    0] loss: 1.3730e+02
Adam [  299] loss: 1.9717e+01
Adam [    0] loss: 3.3371e+01
Adam [  299] loss: 6.6892e-01
Adam [    0] loss: 8.0229e+01
Adam [  299] loss: 7.7492e-01
Adam [    0] loss: 8.9223e+01
Adam [  299] loss: 1.0746e+00
Adam [    0] loss: 6.0663e+01
Adam [  299] loss: 3.1024e-01
Adam [    0] loss: 5.9243e+01
Adam [  299] loss: 2.6708e-01
Adam [    0] loss: 3.7592e+01
Adam [  299] loss: 2.4343e+00
Adam [    0] loss: 5.0972e+01
Adam [  299] loss: 3.4550e+00
Adam [    0] loss: 1.1412e+02
Adam [  299] loss: 8.0362e-01
Adam [    0] loss: 4.4297e+01
Adam [  299] loss: 5.4803e-01
Adam [    0] loss: 3.6439e+01
Adam [  299] loss: 5.1208e-01
Adam [    0] loss: 3.6632e+01
Adam [  299] loss: 2.0094e-01
Adam [    0] loss: 6.1316e+01
Adam [  299] loss: 5.8273e-01
     4 |      120 |      2 |  0.000000E+00 |             f
Adam [    0] loss: 4.9494e+01
Adam [  299] loss: 8.7150e-01
Adam [    0] loss: 6.2022e+01
Adam [  299] loss: 3.5329e-01
Adam [    0] loss: 6.7547e+01
Adam [  299] loss: 2.8229e-01
Adam [    0] loss: 4.2648e+01
Adam [  299] loss: 6.4390e-01
Adam [    0] loss: 4.2714e+01
Adam [  299] loss: 3.9204e-01
Adam [    0] loss: 3.6453e+01
Adam [  299] loss: 3.3070e-01
Adam [    0] loss: 1.0489e+02
Adam [  299] loss: 1.4967e+00
Adam [    0] loss: 4.2367e+01
Adam [  299] loss: 1.4205e+00
Adam [    0] loss: 1.7327e+02
Adam [  299] loss: 2.3223e+00
Adam [    0] loss: 5.0777e+01
Adam [  299] loss: 2.5951e+00
Adam [    0] loss: 4.1968e+01
Adam [  299] loss: 1.4097e+00
Adam [    0] loss: 5.4297e+01
Adam [  299] loss: 1.8698e+01
Adam [    0] loss: 3.3917e+01
Adam [  299] loss: 7.2931e-01
Adam [    0] loss: 3.8082e+01
Adam [  299] loss: 3.3031e-01
Adam [    0] loss: 3.2337e+01
Adam [  299] loss: 4.1648e+00
Adam [    0] loss: 3.0248e+02
Adam [  299] loss: 2.9240e+01
Adam [    0] loss: 7.3742e+01
Adam [  299] loss: 4.4431e-01
Adam [    0] loss: 3.7472e+01
Adam [  299] loss: 1.7583e+00
Adam [    0] loss: 3.3659e+01
Adam [  299] loss: 2.6965e-01
Adam [    0] loss: 3.4394e+01
Adam [  299] loss: 1.9817e+01
Adam [    0] loss: 4.3279e+01
Adam [  299] loss: 3.0695e-01
Adam [    0] loss: 8.6946e+01
Adam [  299] loss: 8.7479e+00
Adam [    0] loss: 6.8270e+01
Adam [  299] loss: 2.9720e-01
Adam [    0] loss: 6.9017e+01
Adam [  299] loss: 4.5483e-01
Adam [    0] loss: 6.8754e+01
Adam [  299] loss: 6.2557e-01
Adam [    0] loss: 4.5190e+01
Adam [  299] loss: 2.4694e-01
Adam [    0] loss: 8.6855e+01
Adam [  299] loss: 5.0322e-01
Adam [    0] loss: 4.1359e+01
Adam [  299] loss: 2.6418e+01
Adam [    0] loss: 3.8665e+01
Adam [  299] loss: 3.3423e-01
Adam [    0] loss: 3.5069e+01
Adam [  299] loss: 2.2937e-01
     5 |      150 |      4 |  0.0205137162 |         ideal
Adam [    0] loss: 3.8185e+01
Adam [  299] loss: 9.4778e-01
Adam [    0] loss: 4.7095e+01
Adam [  299] loss: 4.9410e-01
Adam [    0] loss: 3.3613e+01
Adam [  299] loss: 1.4830e+00
Adam [    0] loss: 5.0501e+01
Adam [  299] loss: 4.7009e-01
Adam [    0] loss: 4.5574e+01
Adam [  299] loss: 3.8255e-01
Adam [    0] loss: 6.8570e+01
Adam [  299] loss: 4.2928e-01
Adam [    0] loss: 3.3423e+01
Adam [  299] loss: 3.6299e-01
Adam [    0] loss: 1.6525e+02
Adam [  299] loss: 2.8661e+01
Adam [    0] loss: 3.6773e+01
Adam [  299] loss: 2.9492e-01
Adam [    0] loss: 6.4384e+01
Adam [  299] loss: 3.1235e-01
Adam [    0] loss: 4.1171e+01
Adam [  299] loss: 4.9517e-01
Adam [    0] loss: 2.1318e+02
Adam [  299] loss: 2.8438e+01
Adam [    0] loss: 3.1953e+01
Adam [  299] loss: 3.2694e-01
Adam [    0] loss: 4.9099e+01
Adam [  299] loss: 3.2348e-01
Adam [    0] loss: 8.2838e+01
Adam [  299] loss: 7.6281e+00
Adam [    0] loss: 4.4858e+01
Adam [  299] loss: 1.2409e+00
Adam [    0] loss: 3.5310e+01
Adam [  299] loss: 3.1829e-01
Adam [    0] loss: 4.0727e+01
Adam [  299] loss: 1.7113e+01
Adam [    0] loss: 3.3248e+01
Adam [  299] loss: 2.5272e-01
Adam [    0] loss: 3.7913e+01
Adam [  299] loss: 2.7255e-01
Adam [    0] loss: 4.0998e+01
Adam [  299] loss: 3.0579e-01
Adam [    0] loss: 4.6591e+01
Adam [  299] loss: 8.9315e-01
Adam [    0] loss: 5.9681e+01
Adam [  299] loss: 2.9293e-01
Adam [    0] loss: 2.0054e+02
Adam [  299] loss: 6.8643e+00
Adam [    0] loss: 4.8887e+01
Adam [  299] loss: 5.5552e-01
Adam [    0] loss: 7.3406e+01
Adam [  299] loss: 8.6252e-01
Adam [    0] loss: 5.2188e+01
Adam [  299] loss: 6.7871e-01
Adam [    0] loss: 1.7101e+02
Adam [  299] loss: 2.4402e+00
Adam [    0] loss: 3.5108e+01
Adam [  299] loss: 6.1773e+00
Adam [    0] loss: 3.5930e+01
Adam [  299] loss: 2.6173e-01
     6 |      180 |      5 |  0.8580350887 |         nadir
Adam [    0] loss: 3.2555e+01
Adam [  299] loss: 5.3476e+00
Adam [    0] loss: 3.1413e+01
Adam [  299] loss: 3.6563e+00
Adam [    0] loss: 4.5331e+01
Adam [  299] loss: 2.8606e-01
Adam [    0] loss: 3.8465e+01
Adam [  299] loss: 9.0299e-01
Adam [    0] loss: 4.5445e+01
Adam [  299] loss: 1.2408e+01
Adam [    0] loss: 7.6055e+01
Adam [  299] loss: 3.3099e-01
Adam [    0] loss: 5.8524e+01
Adam [  299] loss: 3.6402e-01
Adam [    0] loss: 1.2171e+02
Adam [  299] loss: 4.8178e-01
Adam [    0] loss: 3.5653e+01
Adam [  299] loss: 3.4677e-01
Adam [    0] loss: 4.0287e+01
Adam [  299] loss: 1.2044e+00
Adam [    0] loss: 7.1621e+01
Adam [  299] loss: 2.1503e+01
Adam [    0] loss: 4.9482e+01
Adam [  299] loss: 3.9320e-01
Adam [    0] loss: 4.6911e+01
Adam [  299] loss: 2.7685e+01
Adam [    0] loss: 4.3694e+01
Adam [  299] loss: 5.2511e-01
Adam [    0] loss: 3.7146e+01
Adam [  299] loss: 3.0583e-01
Adam [    0] loss: 8.3528e+01
Adam [  299] loss: 1.3883e+00
Adam [    0] loss: 7.2122e+01
Adam [  299] loss: 1.9108e+01
Adam [    0] loss: 5.0500e+01
Adam [  299] loss: 4.0064e-01
Adam [    0] loss: 5.4542e+01
Adam [  299] loss: 2.9982e-01
Adam [    0] loss: 5.0998e+01
Adam [  299] loss: 1.6961e+00
Adam [    0] loss: 4.3861e+01
Adam [  299] loss: 9.6872e-01
Adam [    0] loss: 3.4950e+01
Adam [  299] loss: 1.9762e+01
Adam [    0] loss: 4.8207e+01
Adam [  299] loss: 2.5889e-01
Adam [    0] loss: 3.4823e+01
Adam [  299] loss: 2.8182e-01
Adam [    0] loss: 5.1995e+01
Adam [  299] loss: 5.4412e-01
Adam [    0] loss: 6.6025e+01
Adam [  299] loss: 5.3838e-01
Adam [    0] loss: 1.7349e+02
Adam [  299] loss: 2.8083e+01
Adam [    0] loss: 8.7988e+01
Adam [  299] loss: 5.5342e-01
Adam [    0] loss: 4.2740e+01
Adam [  299] loss: 9.2127e-01
Adam [    0] loss: 3.1325e+01
Adam [  299] loss: 5.7500e-01
     7 |      210 |      5 |  0.0049932536 |             f
Adam [    0] loss: 3.9069e+01
Adam [  299] loss: 5.7449e-01
Adam [    0] loss: 4.7711e+01
Adam [  299] loss: 1.0468e+01
Adam [    0] loss: 1.0579e+02
Adam [  299] loss: 8.5061e-01
Adam [    0] loss: 9.7287e+01
Adam [  299] loss: 6.0897e-01
Adam [    0] loss: 3.9185e+01
Adam [  299] loss: 4.3559e-01
Adam [    0] loss: 3.1324e+01
Adam [  299] loss: 2.9402e-01
Adam [    0] loss: 4.6836e+01
Adam [  299] loss: 3.1558e-01
Adam [    0] loss: 3.2502e+01
Adam [  299] loss: 3.0404e-01
Adam [    0] loss: 1.0234e+02
Adam [  299] loss: 1.0188e+01
Adam [    0] loss: 6.1583e+01
Adam [  299] loss: 9.7888e-01
Adam [    0] loss: 4.1783e+01
Adam [  299] loss: 2.6743e-01
Adam [    0] loss: 4.7763e+01
Adam [  299] loss: 3.5719e-01
Adam [    0] loss: 4.4875e+01
Adam [  299] loss: 9.2773e-01
Adam [    0] loss: 5.9009e+01
Adam [  299] loss: 1.3567e+00
Adam [    0] loss: 1.1464e+02
Adam [  299] loss: 2.9525e+01
Adam [    0] loss: 1.2004e+02
Adam [  299] loss: 2.9498e+01
Adam [    0] loss: 3.3321e+01
Adam [  299] loss: 8.7664e-01
Adam [    0] loss: 3.7882e+01
Adam [  299] loss: 2.4316e-01
Adam [    0] loss: 8.9177e+01
Adam [  299] loss: 2.2055e+01
Adam [    0] loss: 1.2368e+02
Adam [  299] loss: 1.9183e+00
Adam [    0] loss: 3.8047e+01
Adam [  299] loss: 3.3120e-01
Adam [    0] loss: 3.1301e+01
Adam [  299] loss: 2.2782e+00
Adam [    0] loss: 7.3898e+01
Adam [  299] loss: 5.6408e+00
Adam [    0] loss: 6.3784e+01
Adam [  299] loss: 2.9079e-01
Adam [    0] loss: 3.3764e+01
Adam [  299] loss: 7.3802e-01
Adam [    0] loss: 7.5900e+01
Adam [  299] loss: 6.8883e+00
Adam [    0] loss: 3.1534e+01
Adam [  299] loss: 6.0919e-01
Adam [    0] loss: 8.3124e+01
Adam [  299] loss: 6.5318e+00
Adam [    0] loss: 6.6930e+01
Adam [  299] loss: 9.0051e-01
Adam [    0] loss: 1.0222e+02
Adam [  299] loss: 9.2253e-01
     8 |      240 |      5 |  2.1058221112 |         nadir
Adam [    0] loss: 3.7105e+01
Adam [  299] loss: 1.3560e+00
Adam [    0] loss: 3.9037e+01
Adam [  299] loss: 3.7357e-01
Adam [    0] loss: 4.3295e+01
Adam [  299] loss: 1.7029e+00
Adam [    0] loss: 4.0134e+01
Adam [  299] loss: 2.6373e-01
Adam [    0] loss: 3.4398e+01
Adam [  299] loss: 3.4285e-01
Adam [    0] loss: 3.8205e+01
Adam [  299] loss: 5.3063e-01
Adam [    0] loss: 4.8961e+01
Adam [  299] loss: 3.6409e-01
Adam [    0] loss: 1.0528e+02
Adam [  299] loss: 3.3839e-01
Adam [    0] loss: 3.5628e+01
Adam [  299] loss: 3.5406e-01
Adam [    0] loss: 4.7664e+01
Adam [  299] loss: 5.3120e-01
Adam [    0] loss: 3.8679e+01
Adam [  299] loss: 4.3872e-01
Adam [    0] loss: 1.0778e+02
Adam [  299] loss: 9.0545e+00
Adam [    0] loss: 3.8696e+01
Adam [  299] loss: 1.5932e+01
Adam [    0] loss: 5.9378e+01
Adam [  299] loss: 2.9248e-01
Adam [    0] loss: 3.9688e+01
Adam [  299] loss: 2.8670e-01
Adam [    0] loss: 3.3916e+01
Adam [  299] loss: 4.6310e-01
Adam [    0] loss: 7.1175e+01
Adam [  299] loss: 9.0016e-01
Adam [    0] loss: 7.4659e+01
Adam [  299] loss: 9.2087e-01
Adam [    0] loss: 5.1436e+01
Adam [  299] loss: 2.9642e-01
Adam [    0] loss: 1.5378e+02
Adam [  299] loss: 2.7316e+01
Adam [    0] loss: 5.3640e+01
Adam [  299] loss: 5.3146e+00
Adam [    0] loss: 1.3849e+02
Adam [  299] loss: 2.8064e-01
Adam [    0] loss: 5.1227e+01
Adam [  299] loss: 1.4673e+00
Adam [    0] loss: 6.5018e+01
Adam [  299] loss: 4.2770e-01
Adam [    0] loss: 5.3985e+01
Adam [  299] loss: 5.5601e+00
Adam [    0] loss: 7.3204e+01
Adam [  299] loss: 2.7407e-01
Adam [    0] loss: 3.8597e+01
Adam [  299] loss: 2.9287e-01
Adam [    0] loss: 4.0112e+01
Adam [  299] loss: 1.2940e+00
Adam [    0] loss: 1.1477e+02
Adam [  299] loss: 1.4209e+00
Adam [    0] loss: 3.6980e+01
Adam [  299] loss: 6.3395e-01
     9 |      270 |      5 |  0.000000E+00 |             f
Adam [    0] loss: 5.2162e+01
Adam [  299] loss: 7.0146e+00
Adam [    0] loss: 4.7067e+01
Adam [  299] loss: 3.3066e-01
Adam [    0] loss: 9.1626e+01
Adam [  299] loss: 1.2344e+00
Adam [    0] loss: 6.3501e+01
Adam [  299] loss: 1.0047e+01
Adam [    0] loss: 5.5689e+01
Adam [  299] loss: 1.3178e+00
Adam [    0] loss: 4.3824e+01
Adam [  299] loss: 8.3326e-01
Adam [    0] loss: 3.4103e+01
Adam [  299] loss: 3.0957e-01
Adam [    0] loss: 1.9470e+02
Adam [  299] loss: 1.1227e+00
Adam [    0] loss: 4.9606e+01
Adam [  299] loss: 6.9462e-01
Adam [    0] loss: 6.8789e+01
Adam [  299] loss: 3.1752e-01
Adam [    0] loss: 3.8249e+01
Adam [  299] loss: 3.0133e-01
Adam [    0] loss: 6.2356e+01
Adam [  299] loss: 7.6077e+00
Adam [    0] loss: 3.6398e+01
Adam [  299] loss: 4.6601e-01
Adam [    0] loss: 1.1116e+02
Adam [  299] loss: 8.0408e-01
Adam [    0] loss: 4.1346e+01
Adam [  299] loss: 3.4214e-01
Adam [    0] loss: 1.6583e+02
Adam [  299] loss: 2.8139e+01
Adam [    0] loss: 3.4595e+01
Adam [  299] loss: 2.8292e-01
Adam [    0] loss: 5.0835e+01
Adam [  299] loss: 5.2819e+00
Adam [    0] loss: 5.6482e+01
Adam [  299] loss: 3.7404e+00
Adam [    0] loss: 5.9478e+01
Adam [  299] loss: 2.0447e+00
Adam [    0] loss: 3.4414e+01
Adam [  299] loss: 2.1480e-01
Adam [    0] loss: 5.7981e+01
Adam [  299] loss: 6.3857e-01
Adam [    0] loss: 1.1857e+02
Adam [  299] loss: 9.7004e+00
Adam [    0] loss: 3.0909e+01
Adam [  299] loss: 4.2469e-01
Adam [    0] loss: 1.3084e+02
Adam [  299] loss: 1.0499e+00
Adam [    0] loss: 4.3006e+01
Adam [  299] loss: 2.7421e+00
Adam [    0] loss: 1.0542e+02
Adam [  299] loss: 2.8846e+00
Adam [    0] loss: 4.9267e+01
Adam [  299] loss: 4.7675e+00
Adam [    0] loss: 5.5119e+01
Adam [  299] loss: 2.8054e+01
Adam [    0] loss: 3.2845e+01
Adam [  299] loss: 3.6873e-01
    10 |      300 |      4 |  2.252354E+01 |         nadir
Adam [    0] loss: 9.9699e+01
Adam [  299] loss: 4.0093e-01
Adam [    0] loss: 4.8438e+01
Adam [  299] loss: 3.1366e-01
Adam [    0] loss: 1.3601e+02
Adam [  299] loss: 2.6154e+00
Adam [    0] loss: 3.5908e+01
Adam [  299] loss: 9.7892e-01
Adam [    0] loss: 6.0356e+01
Adam [  299] loss: 3.1677e-01
Adam [    0] loss: 8.3795e+01
Adam [  299] loss: 2.5205e+01
Adam [    0] loss: 6.2895e+01
Adam [  299] loss: 1.3229e+01
Adam [    0] loss: 6.8903e+01
Adam [  299] loss: 2.5188e-01
Adam [    0] loss: 3.5370e+01
Adam [  299] loss: 6.3125e-01
Adam [    0] loss: 4.1779e+01
Adam [  299] loss: 2.8073e-01
Adam [    0] loss: 3.5169e+01
Adam [  299] loss: 3.6028e-01
Adam [    0] loss: 7.1302e+01
Adam [  299] loss: 4.5766e-01
Adam [    0] loss: 1.3481e+02
Adam [  299] loss: 2.9526e+00
Adam [    0] loss: 6.3717e+01
Adam [  299] loss: 2.3372e+01
Adam [    0] loss: 5.4108e+01
Adam [  299] loss: 7.5870e+00
Adam [    0] loss: 3.9256e+01
Adam [  299] loss: 1.4060e+00
Adam [    0] loss: 5.2538e+01
Adam [  299] loss: 1.6782e+00
Adam [    0] loss: 3.6268e+01
Adam [  299] loss: 4.2001e-01
Adam [    0] loss: 5.5944e+01
Adam [  299] loss: 8.2663e+00
Adam [    0] loss: 9.0094e+01
Adam [  299] loss: 5.0371e-01
Adam [    0] loss: 4.5115e+01
Adam [  299] loss: 4.3150e-01
Adam [    0] loss: 3.5567e+01
Adam [  299] loss: 6.1652e-01
Adam [    0] loss: 8.2326e+01
Adam [  299] loss: 2.1920e+00
Adam [    0] loss: 9.2541e+01
Adam [  299] loss: 5.1526e-01
Adam [    0] loss: 3.8803e+01
Adam [  299] loss: 3.0546e-01
Adam [    0] loss: 4.0842e+01
Adam [  299] loss: 5.2930e-01
Adam [    0] loss: 1.0056e+02
Adam [  299] loss: 2.9501e-01
Adam [    0] loss: 3.6496e+01
Adam [  299] loss: 5.6482e-01
Adam [    0] loss: 3.6076e+02
Adam [  299] loss: 2.8013e+01
Adam [    0] loss: 1.0777e+02
Adam [  299] loss: 3.6822e-01
    11 |      330 |      4 |  0.000000E+00 |             f
Adam [    0] loss: 3.8729e+01
Adam [  299] loss: 2.2929e-01
Adam [    0] loss: 3.7320e+01
Adam [  299] loss: 2.8834e-01
Adam [    0] loss: 3.3279e+01
Adam [  299] loss: 9.5422e-01
Adam [    0] loss: 5.0653e+01
Adam [  299] loss: 4.3748e-01
Adam [    0] loss: 6.5288e+01
Adam [  299] loss: 1.2133e+01
Adam [    0] loss: 1.0775e+02
Adam [  299] loss: 3.4001e-01
Adam [    0] loss: 3.2688e+01
Adam [  299] loss: 3.5855e-01
Adam [    0] loss: 4.5810e+01
Adam [  299] loss: 1.3353e+00
Adam [    0] loss: 4.0455e+01
Adam [  299] loss: 1.3577e+00
Adam [    0] loss: 3.2555e+01
Adam [  299] loss: 2.1785e-01
Adam [    0] loss: 4.9064e+01
Adam [  299] loss: 3.3037e-01
Adam [    0] loss: 4.5066e+01
Adam [  299] loss: 3.2199e+00
Adam [    0] loss: 4.8360e+01
Adam [  299] loss: 3.5320e+00
Adam [    0] loss: 3.4360e+01
Adam [  299] loss: 9.8671e-01
Adam [    0] loss: 3.9517e+01
Adam [  299] loss: 1.7813e+00
Adam [    0] loss: 4.6073e+01
Adam [  299] loss: 3.3328e-01
Adam [    0] loss: 7.0083e+01
Adam [  299] loss: 6.4324e-01
Adam [    0] loss: 1.3430e+02
Adam [  299] loss: 1.2515e+00
Adam [    0] loss: 8.2965e+01
Adam [  299] loss: 5.0163e-01
Adam [    0] loss: 4.9125e+01
Adam [  299] loss: 4.1269e-01
Adam [    0] loss: 9.6829e+01
Adam [  299] loss: 3.3359e-01
Adam [    0] loss: 7.5182e+01
Adam [  299] loss: 3.8877e-01
Adam [    0] loss: 1.0853e+02
Adam [  299] loss: 2.6314e+00
Adam [    0] loss: 8.7830e+01
Adam [  299] loss: 6.1065e+00
Adam [    0] loss: 3.0788e+01
Adam [  299] loss: 3.0528e-01
Adam [    0] loss: 1.1021e+02
Adam [  299] loss: 3.4814e-01
Adam [    0] loss: 3.3125e+01
Adam [  299] loss: 4.2296e-01
Adam [    0] loss: 4.2867e+01
Adam [  299] loss: 3.2525e-01
Adam [    0] loss: 1.0802e+02
Adam [  299] loss: 2.3507e+01
Adam [    0] loss: 4.2986e+01
Adam [  299] loss: 3.2376e-01
    12 |      360 |      5 |  0.0683280812 |             f
Adam [    0] loss: 8.9772e+01
Adam [  299] loss: 1.6411e+01
Adam [    0] loss: 3.3234e+01
Adam [  299] loss: 9.5177e-01
Adam [    0] loss: 3.3768e+01
Adam [  299] loss: 2.1949e-01
Adam [    0] loss: 5.7434e+01
Adam [  299] loss: 8.1893e+00
Adam [    0] loss: 2.5028e+02
Adam [  299] loss: 2.4500e+01
Adam [    0] loss: 2.2908e+02
Adam [  299] loss: 2.7082e+01
Adam [    0] loss: 1.4675e+02
Adam [  299] loss: 2.8348e+01
Adam [    0] loss: 4.3444e+01
Adam [  299] loss: 2.8656e-01
Adam [    0] loss: 9.4104e+01
Adam [  299] loss: 2.2917e+01
Adam [    0] loss: 4.8864e+01
Adam [  299] loss: 1.2050e+00
Adam [    0] loss: 3.7348e+01
Adam [  299] loss: 6.2087e-01
Adam [    0] loss: 3.1478e+01
Adam [  299] loss: 3.5506e-01
Adam [    0] loss: 1.1752e+02
Adam [  299] loss: 8.6946e-01
Adam [    0] loss: 4.3196e+01
Adam [  299] loss: 2.3929e-01
Adam [    0] loss: 5.1829e+01
Adam [  299] loss: 3.2541e-01
Adam [    0] loss: 4.8567e+01
Adam [  299] loss: 4.1876e+00
Adam [    0] loss: 1.1460e+02
Adam [  299] loss: 2.5483e+00
Adam [    0] loss: 5.7859e+01
Adam [  299] loss: 5.5724e-01
Adam [    0] loss: 3.4743e+01
Adam [  299] loss: 5.2855e+00
Adam [    0] loss: 4.9169e+01
Adam [  299] loss: 2.2455e+00
Adam [    0] loss: 3.5690e+01
Adam [  299] loss: 4.8182e-01
Adam [    0] loss: 4.2499e+01
Adam [  299] loss: 1.9943e+00
Adam [    0] loss: 3.7798e+01
Adam [  299] loss: 1.0372e+00
Adam [    0] loss: 3.6325e+01
Adam [  299] loss: 3.6304e-01
Adam [    0] loss: 3.2373e+01
Adam [  299] loss: 2.3751e-01
Adam [    0] loss: 3.4974e+01
Adam [  299] loss: 8.5587e-01
Adam [    0] loss: 6.0261e+01
Adam [  299] loss: 4.7081e-01
Adam [    0] loss: 3.6548e+01
Adam [  299] loss: 1.3382e+01
Adam [    0] loss: 2.9250e+02
Adam [  299] loss: 8.7579e-01
Adam [    0] loss: 5.1181e+01
Adam [  299] loss: 1.4433e+00
    13 |      390 |      5 |  0.0022092453 |             f
Adam [    0] loss: 3.4370e+01
Adam [  299] loss: 5.1680e-01
Adam [    0] loss: 2.0137e+02
Adam [  299] loss: 2.8413e+01
Adam [    0] loss: 4.1375e+01
Adam [  299] loss: 3.8148e-01
Adam [    0] loss: 6.2917e+01
Adam [  299] loss: 1.3722e+00
Adam [    0] loss: 4.0643e+01
Adam [  299] loss: 5.8517e-01
Adam [    0] loss: 1.8913e+02
Adam [  299] loss: 2.7616e+01
Adam [    0] loss: 3.4452e+01
Adam [  299] loss: 2.4979e-01
Adam [    0] loss: 5.6710e+01
Adam [  299] loss: 3.1111e-01
Adam [    0] loss: 5.3048e+01
Adam [  299] loss: 2.3250e-01
Adam [    0] loss: 6.4777e+01
Adam [  299] loss: 1.8458e-01
Adam [    0] loss: 1.4273e+02
Adam [  299] loss: 3.1703e+00
Adam [    0] loss: 8.3773e+01
Adam [  299] loss: 8.8391e+00
Adam [    0] loss: 4.3328e+01
Adam [  299] loss: 6.5770e-01
Adam [    0] loss: 3.3565e+01
Adam [  299] loss: 6.6179e-01
Adam [    0] loss: 3.4329e+01
Adam [  299] loss: 2.5848e-01
Adam [    0] loss: 4.6879e+01
Adam [  299] loss: 4.0141e-01
Adam [    0] loss: 4.0630e+01
Adam [  299] loss: 3.6981e-01
Adam [    0] loss: 6.6124e+01
Adam [  299] loss: 1.9449e-01
Adam [    0] loss: 3.9008e+01
Adam [  299] loss: 6.1201e+00
Adam [    0] loss: 3.3262e+01
Adam [  299] loss: 4.2365e-01
Adam [    0] loss: 4.7626e+01
Adam [  299] loss: 1.8104e-01
Adam [    0] loss: 8.8694e+01
Adam [  299] loss: 2.5014e+00
Adam [    0] loss: 5.1954e+01
Adam [  299] loss: 3.1798e-01
Adam [    0] loss: 8.7386e+01
Adam [  299] loss: 2.0437e+01
Adam [    0] loss: 3.3346e+01
Adam [  299] loss: 3.2510e+00
Adam [    0] loss: 3.2702e+01
Adam [  299] loss: 2.5059e-01
Adam [    0] loss: 3.2902e+01
Adam [  299] loss: 2.4161e+01
Adam [    0] loss: 8.7363e+01
Adam [  299] loss: 3.8127e-01
Adam [    0] loss: 4.9260e+01
Adam [  299] loss: 2.1890e+00
Adam [    0] loss: 4.7270e+01
Adam [  299] loss: 6.1109e+00
    14 |      420 |      7 |  0.0530320465 |         ideal
Adam [    0] loss: 3.3910e+01
Adam [  299] loss: 5.3567e-01
Adam [    0] loss: 9.0668e+01
Adam [  299] loss: 3.3716e-01
Adam [    0] loss: 1.5262e+02
Adam [  299] loss: 2.9747e-01
Adam [    0] loss: 4.4696e+01
Adam [  299] loss: 3.3559e-01
Adam [    0] loss: 3.8346e+01
Adam [  299] loss: 2.4810e-01
Adam [    0] loss: 6.3225e+01
Adam [  299] loss: 8.8743e-01
Adam [    0] loss: 4.0598e+01
Adam [  299] loss: 2.6113e-01
Adam [    0] loss: 3.5358e+01
Adam [  299] loss: 1.0101e+00
Adam [    0] loss: 3.0768e+01
Adam [  299] loss: 6.7866e-01
Adam [    0] loss: 3.6788e+01
Adam [  299] loss: 3.1352e-01
Adam [    0] loss: 4.9343e+01
Adam [  299] loss: 2.1196e+00
Adam [    0] loss: 1.8878e+02
Adam [  299] loss: 2.9124e+01
Adam [    0] loss: 4.5530e+01
Adam [  299] loss: 7.3379e+00
Adam [    0] loss: 4.5797e+01
Adam [  299] loss: 4.0226e-01
Adam [    0] loss: 3.7975e+01
Adam [  299] loss: 6.2008e-01
Adam [    0] loss: 1.8328e+02
Adam [  299] loss: 1.4605e+01
Adam [    0] loss: 3.2377e+01
Adam [  299] loss: 5.7068e-01
Adam [    0] loss: 3.1689e+01
Adam [  299] loss: 3.1544e-01
Adam [    0] loss: 1.1122e+02
Adam [  299] loss: 1.2490e+01
Adam [    0] loss: 7.8176e+01
Adam [  299] loss: 3.2591e-01
Adam [    0] loss: 4.0015e+01
Adam [  299] loss: 5.0446e-01
Adam [    0] loss: 3.5477e+01
Adam [  299] loss: 5.3254e-01
Adam [    0] loss: 5.6141e+01
Adam [  299] loss: 1.8135e+00
Adam [    0] loss: 5.7506e+01
Adam [  299] loss: 2.7313e+01
Adam [    0] loss: 4.0056e+01
Adam [  299] loss: 2.1767e-01
Adam [    0] loss: 5.0738e+01
Adam [  299] loss: 2.9785e-01
Adam [    0] loss: 3.5354e+01
Adam [  299] loss: 4.4834e-01
Adam [    0] loss: 3.6054e+01
Adam [  299] loss: 6.6616e-01
Adam [    0] loss: 6.9277e+01
Adam [  299] loss: 1.3655e+01
Adam [    0] loss: 3.7808e+01
Adam [  299] loss: 2.8701e-01
    15 |      450 |      6 |  0.000000E+00 |             f
Adam [    0] loss: 4.0516e+01
Adam [  299] loss: 3.3241e-01
Adam [    0] loss: 7.0771e+01
Adam [  299] loss: 2.7520e+01
Adam [    0] loss: 3.3074e+01
Adam [  299] loss: 4.7520e-01
Adam [    0] loss: 3.1695e+01
Adam [  299] loss: 5.0158e-01
Adam [    0] loss: 9.1794e+01
Adam [  299] loss: 2.8026e+01
Adam [    0] loss: 4.1498e+01
Adam [  299] loss: 8.7368e-01
Adam [    0] loss: 5.2609e+01
Adam [  299] loss: 3.7525e-01
Adam [    0] loss: 6.7593e+01
Adam [  299] loss: 5.9436e-01
Adam [    0] loss: 1.2599e+02
Adam [  299] loss: 1.7656e+01
Adam [    0] loss: 3.9759e+01
Adam [  299] loss: 4.9291e-01
Adam [    0] loss: 5.1453e+01
Adam [  299] loss: 2.7383e+01
Adam [    0] loss: 3.4639e+01
Adam [  299] loss: 3.9498e-01
Adam [    0] loss: 6.4041e+01
Adam [  299] loss: 3.3343e+00
Adam [    0] loss: 9.4802e+01
Adam [  299] loss: 1.6500e+01
Adam [    0] loss: 4.3925e+01
Adam [  299] loss: 2.4866e-01
Adam [    0] loss: 3.5468e+01
Adam [  299] loss: 4.4723e-01
Adam [    0] loss: 4.1814e+01
Adam [  299] loss: 3.8450e-01
Adam [    0] loss: 4.9107e+01
Adam [  299] loss: 1.0035e+00
Adam [    0] loss: 4.8322e+01
Adam [  299] loss: 2.4638e+01
Adam [    0] loss: 9.7600e+01
Adam [  299] loss: 1.6953e+01
Adam [    0] loss: 9.0514e+01
Adam [  299] loss: 1.1440e+00
Adam [    0] loss: 1.1702e+02
Adam [  299] loss: 3.4007e-01
Adam [    0] loss: 6.0067e+01
Adam [  299] loss: 3.8644e-01
Adam [    0] loss: 4.4663e+01
Adam [  299] loss: 9.1639e+00
Adam [    0] loss: 1.9548e+02
Adam [  299] loss: 1.5825e+00
Adam [    0] loss: 1.0141e+02
Adam [  299] loss: 1.2991e+00
Adam [    0] loss: 8.7112e+01
Adam [  299] loss: 3.6298e-01
Adam [    0] loss: 4.7296e+01
Adam [  299] loss: 3.2543e-01
Adam [    0] loss: 3.1747e+01
Adam [  299] loss: 3.3776e-01
Adam [    0] loss: 3.2098e+01
Adam [  299] loss: 5.6708e-01
    16 |      480 |      6 |  0.0033655656 |             f
Adam [    0] loss: 3.5354e+01
Adam [  299] loss: 2.5256e-01
Adam [    0] loss: 1.8787e+02
Adam [  299] loss: 2.7592e+01
Adam [    0] loss: 3.7311e+01
Adam [  299] loss: 1.1949e+00
Adam [    0] loss: 5.9978e+01
Adam [  299] loss: 1.5261e+00
Adam [    0] loss: 4.7299e+01
Adam [  299] loss: 1.1265e+00
Adam [    0] loss: 4.2357e+01
Adam [  299] loss: 9.5048e-01
Adam [    0] loss: 5.6928e+01
Adam [  299] loss: 1.3054e+00
Adam [    0] loss: 5.4701e+01
Adam [  299] loss: 4.7139e-01
Adam [    0] loss: 4.1929e+01
Adam [  299] loss: 2.9337e-01
Adam [    0] loss: 5.4438e+01
Adam [  299] loss: 2.6533e-01
Adam [    0] loss: 3.4158e+01
Adam [  299] loss: 4.5468e-01
Adam [    0] loss: 1.8470e+02
Adam [  299] loss: 9.2155e+00
Adam [    0] loss: 4.4717e+01
Adam [  299] loss: 2.9965e-01
Adam [    0] loss: 4.1509e+01
Adam [  299] loss: 1.0472e+00
Adam [    0] loss: 6.0612e+01
Adam [  299] loss: 2.8904e+01
Adam [    0] loss: 4.9020e+01
Adam [  299] loss: 3.3386e+00
Adam [    0] loss: 2.5684e+02
Adam [  299] loss: 6.0193e-01
Adam [    0] loss: 7.3209e+01
Adam [  299] loss: 4.6791e-01
Adam [    0] loss: 3.1020e+01
Adam [  299] loss: 1.9065e-01
Adam [    0] loss: 3.3888e+01
Adam [  299] loss: 9.9647e-01
Adam [    0] loss: 6.0257e+01
Adam [  299] loss: 8.2180e-01
Adam [    0] loss: 3.5576e+01
Adam [  299] loss: 2.2018e-01
Adam [    0] loss: 9.9064e+01
Adam [  299] loss: 2.8017e+01
Adam [    0] loss: 6.1389e+01
Adam [  299] loss: 8.3207e-01
Adam [    0] loss: 8.1707e+01
Adam [  299] loss: 2.4665e+01
Adam [    0] loss: 3.2684e+01
Adam [  299] loss: 1.1088e+00
Adam [    0] loss: 3.3864e+01
Adam [  299] loss: 1.5349e+01
Adam [    0] loss: 9.6229e+01
Adam [  299] loss: 2.0188e-01
Adam [    0] loss: 9.8885e+01
Adam [  299] loss: 4.4861e-01
Adam [    0] loss: 4.0171e+01
Adam [  299] loss: 3.2959e-01
    17 |      510 |      6 |  0.000000E+00 |             f
Adam [    0] loss: 4.9838e+01
Adam [  299] loss: 1.4601e+00
Adam [    0] loss: 5.0201e+01
Adam [  299] loss: 7.2297e-01
Adam [    0] loss: 3.1342e+01
Adam [  299] loss: 7.0837e-01
Adam [    0] loss: 4.6997e+01
Adam [  299] loss: 2.2987e-01
Adam [    0] loss: 4.8941e+01
Adam [  299] loss: 5.0500e-01
Adam [    0] loss: 4.4405e+01
Adam [  299] loss: 2.0994e-01
Adam [    0] loss: 5.2725e+01
Adam [  299] loss: 2.2162e+01
Adam [    0] loss: 6.8796e+01
Adam [  299] loss: 3.1959e-01
Adam [    0] loss: 3.6678e+01
Adam [  299] loss: 2.3630e-01
Adam [    0] loss: 4.3953e+01
Adam [  299] loss: 2.1622e+01
Adam [    0] loss: 6.5098e+01
Adam [  299] loss: 1.5110e+00
Adam [    0] loss: 3.4938e+01
Adam [  299] loss: 8.8764e+00
Adam [    0] loss: 5.7820e+01
Adam [  299] loss: 1.0217e+00
Adam [    0] loss: 6.2771e+01
Adam [  299] loss: 9.7870e-01
Adam [    0] loss: 1.2960e+02
Adam [  299] loss: 2.8837e+01
Adam [    0] loss: 4.8296e+01
Adam [  299] loss: 6.9222e-01
Adam [    0] loss: 4.1483e+01
Adam [  299] loss: 1.7296e+00
Adam [    0] loss: 4.5665e+01
Adam [  299] loss: 8.6685e-01
Adam [    0] loss: 1.5696e+02
Adam [  299] loss: 4.0566e+00
Adam [    0] loss: 3.5298e+01
Adam [  299] loss: 5.1005e-01
Adam [    0] loss: 7.3135e+01
Adam [  299] loss: 2.9165e+01
Adam [    0] loss: 5.4220e+01
Adam [  299] loss: 3.4342e-01
Adam [    0] loss: 4.0830e+01
Adam [  299] loss: 5.8311e-01
Adam [    0] loss: 8.8118e+01
Adam [  299] loss: 1.5737e+00
Adam [    0] loss: 3.3845e+01
Adam [  299] loss: 2.8889e-01
Adam [    0] loss: 3.4051e+01
Adam [  299] loss: 1.0943e+00
Adam [    0] loss: 3.4958e+01
Adam [  299] loss: 9.3191e-01
Adam [    0] loss: 1.4872e+02
Adam [  299] loss: 2.8705e+01
Adam [    0] loss: 1.0070e+02
Adam [  299] loss: 4.5691e+00
Adam [    0] loss: 6.0938e+01
Adam [  299] loss: 4.6873e-01
    18 |      540 |      7 |  0.0220961588 |             f
Adam [    0] loss: 3.1275e+01
Adam [  299] loss: 1.2294e+00
Adam [    0] loss: 1.0438e+02
Adam [  299] loss: 9.0677e+00
Adam [    0] loss: 3.2655e+01
Adam [  299] loss: 2.5535e-01
Adam [    0] loss: 7.7791e+01
Adam [  299] loss: 9.4707e-01
Adam [    0] loss: 7.1140e+01
Adam [  299] loss: 7.4983e+00
Adam [    0] loss: 5.0944e+01
Adam [  299] loss: 2.4577e-01
Adam [    0] loss: 3.2135e+01
Adam [  299] loss: 8.8586e+00
Adam [    0] loss: 3.7798e+01
Adam [  299] loss: 2.4632e-01
Adam [    0] loss: 3.0359e+02
Adam [  299] loss: 2.8814e+01
Adam [    0] loss: 9.5491e+01
Adam [  299] loss: 4.6628e-01
Adam [    0] loss: 3.9552e+01
Adam [  299] loss: 3.3276e+00
Adam [    0] loss: 3.8183e+01
Adam [  299] loss: 1.7208e-01
Adam [    0] loss: 9.3442e+01
Adam [  299] loss: 4.1908e+00
Adam [    0] loss: 4.0944e+01
Adam [  299] loss: 4.1288e-01
Adam [    0] loss: 3.1844e+01
Adam [  299] loss: 7.8571e-01
Adam [    0] loss: 9.9722e+01
Adam [  299] loss: 2.9241e+01
Adam [    0] loss: 3.8619e+01
Adam [  299] loss: 2.9127e-01
Adam [    0] loss: 3.3285e+01
Adam [  299] loss: 2.0560e-01
Adam [    0] loss: 3.4856e+01
Adam [  299] loss: 3.0774e-01
Adam [    0] loss: 4.9202e+01
Adam [  299] loss: 1.8222e+01
Adam [    0] loss: 1.3842e+02
Adam [  299] loss: 5.1138e-01
Adam [    0] loss: 5.5280e+01
Adam [  299] loss: 6.9686e-01
Adam [    0] loss: 3.8278e+01
Adam [  299] loss: 3.1910e-01
Adam [    0] loss: 3.1007e+01
Adam [  299] loss: 6.5698e-01
Adam [    0] loss: 4.8354e+01
Adam [  299] loss: 2.4400e-01
Adam [    0] loss: 3.5292e+01
Adam [  299] loss: 4.2852e-01
Adam [    0] loss: 3.4327e+01
Adam [  299] loss: 3.2396e-01
Adam [    0] loss: 5.6132e+01
Adam [  299] loss: 1.0254e+01
Adam [    0] loss: 1.1430e+02
Adam [  299] loss: 3.9565e-01
Adam [    0] loss: 4.2277e+01
Adam [  299] loss: 6.5775e-01
    19 |      570 |      6 |  0.0318696685 |         ideal
Adam [    0] loss: 4.8408e+01
Adam [  299] loss: 5.2470e-01
Adam [    0] loss: 7.3917e+01
Adam [  299] loss: 2.3297e-01
Adam [    0] loss: 3.8801e+01
Adam [  299] loss: 4.1240e-01
Adam [    0] loss: 3.4488e+01
Adam [  299] loss: 2.5817e-01
Adam [    0] loss: 3.5981e+01
Adam [  299] loss: 2.6426e+01
Adam [    0] loss: 1.4548e+02
Adam [  299] loss: 9.6793e-01
Adam [    0] loss: 7.5346e+01
Adam [  299] loss: 3.3203e+00
Adam [    0] loss: 4.5471e+01
Adam [  299] loss: 4.2474e-01
Adam [    0] loss: 4.7880e+01
Adam [  299] loss: 7.1989e-01
Adam [    0] loss: 6.1475e+01
Adam [  299] loss: 4.1859e-01
Adam [    0] loss: 4.3894e+01
Adam [  299] loss: 7.8915e-01
Adam [    0] loss: 6.6224e+01
Adam [  299] loss: 1.7471e+00
Adam [    0] loss: 1.2477e+02
Adam [  299] loss: 8.0854e-01
Adam [    0] loss: 5.8521e+01
Adam [  299] loss: 9.5225e-01
Adam [    0] loss: 7.7069e+01
Adam [  299] loss: 8.4902e-01
Adam [    0] loss: 3.6579e+01
Adam [  299] loss: 4.1680e-01
Adam [    0] loss: 5.7848e+01
Adam [  299] loss: 4.7065e-01
Adam [    0] loss: 3.1672e+01
Adam [  299] loss: 1.8956e+00
Adam [    0] loss: 3.3716e+01
Adam [  299] loss: 9.8673e-01
Adam [    0] loss: 1.0488e+02
Adam [  299] loss: 5.7061e-01
Adam [    0] loss: 1.3255e+02
Adam [  299] loss: 2.1718e+00
Adam [    0] loss: 3.5310e+01
Adam [  299] loss: 2.4545e-01
Adam [    0] loss: 3.1722e+01
Adam [  299] loss: 7.3362e-01
Adam [    0] loss: 4.0995e+01
Adam [  299] loss: 2.6781e-01
Adam [    0] loss: 6.1472e+01
Adam [  299] loss: 4.9721e+00
Adam [    0] loss: 4.3817e+01
Adam [  299] loss: 2.0435e-01
Adam [    0] loss: 5.2763e+01
Adam [  299] loss: 9.6697e-01
Adam [    0] loss: 1.3923e+02
Adam [  299] loss: 1.7805e+00
Adam [    0] loss: 4.2355e+01
Adam [  299] loss: 3.2614e-01
Adam [    0] loss: 5.2446e+01
Adam [  299] loss: 5.2983e-01
    20 |      600 |      5 |  1.9341652296 |         nadir
Best architecture from NSGA-III: layers=5, neurons=87
Adam [    0] loss: 7.5410e+01
Adam [ 2000] loss: 7.0972e-02
Adam [ 4000] loss: 1.1899e-02
Adam [ 6000] loss: 2.9951e-01
Adam [ 8000] loss: 3.4623e-03
Adam [10000] loss: 1.1145e-01
Adam [11999] loss: 1.9930e-03

L-BFGS refinement...
Saved plot: results/pipeline_runs/20260303_222758_advection_burgers2d/artifacts/advection/nsga3/paper_beta_0.500/run_05/stage_adam/loss_curve.png
Saved plot: results/pipeline_runs/20260303_222758_advection_burgers2d/artifacts/advection/nsga3/paper_beta_0.500/run_05/stage_adam/result_comparison.png
Saved plot: results/pipeline_runs/20260303_222758_advection_burgers2d/artifacts/advection/nsga3/paper_beta_0.500/run_05/stage_adam/advection_heatmap.png
Saved plot: results/pipeline_runs/20260303_222758_advection_burgers2d/artifacts/advection/nsga3/paper_beta_0.500/run_05/stage_adam/advection_time_slices_exact_vs_pred.png
Saved plot: results/pipeline_runs/20260303_222758_advection_burgers2d/artifacts/advection/nsga3/paper_beta_0.500/run_05/stage_lbfgs/loss_curve.png
Saved plot: results/pipeline_runs/20260303_222758_advection_burgers2d/artifacts/advection/nsga3/paper_beta_0.500/run_05/stage_lbfgs/result_comparison.png
Saved plot: results/pipeline_runs/20260303_222758_advection_burgers2d/artifacts/advection/nsga3/paper_beta_0.500/run_05/stage_lbfgs/advection_heatmap.png
Saved plot: results/pipeline_runs/20260303_222758_advection_burgers2d/artifacts/advection/nsga3/paper_beta_0.500/run_05/stage_lbfgs/advection_time_slices_exact_vs_pred.png
Selected best stage: lbfgs (rel_l2=1.9078e-02)
Run time: 664.40 s
Saved summary: results/pipeline_runs/20260303_222758_advection_burgers2d/artifacts/advection/nsga3/paper_beta_0.500/run_05/search_summary.csv
Starting NSGA-III architecture search: beta=0.100
Adam [    0] loss: 4.5798e+01
Adam [  299] loss: 9.3356e-02
Adam [    0] loss: 3.6312e+01
Adam [  299] loss: 1.3779e-01
Adam [    0] loss: 3.6644e+01
Adam [  299] loss: 1.1303e-01
Adam [    0] loss: 3.4498e+01
Adam [  299] loss: 1.7046e-01
Adam [    0] loss: 4.7322e+01
Adam [  299] loss: 5.5856e-01
Adam [    0] loss: 8.0196e+01
Adam [  299] loss: 1.8509e+01
Adam [    0] loss: 3.6989e+01
Adam [  299] loss: 1.1199e-01
Adam [    0] loss: 7.8375e+01
Adam [  299] loss: 3.6720e-01
Adam [    0] loss: 3.8254e+01
Adam [  299] loss: 1.4694e-01
Adam [    0] loss: 6.3528e+01
Adam [  299] loss: 1.9380e-01
Adam [    0] loss: 5.8882e+01
Adam [  299] loss: 7.6929e-02
Adam [    0] loss: 4.1242e+01
Adam [  299] loss: 2.0722e-01
Adam [    0] loss: 9.9252e+01
Adam [  299] loss: 1.7779e-01
Adam [    0] loss: 9.8887e+01
Adam [  299] loss: 1.3850e+01
Adam [    0] loss: 4.1774e+01
Adam [  299] loss: 2.8569e+01
Adam [    0] loss: 5.5141e+01
Adam [  299] loss: 2.9232e+00
Adam [    0] loss: 5.3404e+01
Adam [  299] loss: 1.2514e-01
Adam [    0] loss: 4.5910e+01
Adam [  299] loss: 1.4179e-01
Adam [    0] loss: 3.9784e+01
Adam [  299] loss: 9.2215e-02
Adam [    0] loss: 5.4412e+01
Adam [  299] loss: 2.8028e-01
Adam [    0] loss: 3.3474e+01
Adam [  299] loss: 2.0231e-01
Adam [    0] loss: 4.6412e+01
Adam [  299] loss: 1.2184e-01
Adam [    0] loss: 3.8130e+01
Adam [  299] loss: 2.3251e-01
Adam [    0] loss: 8.5354e+01
Adam [  299] loss: 1.9251e-01
Adam [    0] loss: 9.1747e+01
Adam [  299] loss: 1.8250e-01
Adam [    0] loss: 4.2939e+01
Adam [  299] loss: 8.5995e-02
Adam [    0] loss: 3.2153e+01
Adam [  299] loss: 1.2185e+01
Adam [    0] loss: 4.4200e+01
Adam [  299] loss: 1.0139e-01
Adam [    0] loss: 3.4008e+01
Adam [  299] loss: 5.4106e-01
Adam [    0] loss: 5.0127e+01
Adam [  299] loss: 4.1668e-01
==========================================================
n_gen  |  n_eval  | n_nds  |      eps      |   indicator  
==========================================================
     1 |       30 |      3 |             - |             -
Adam [    0] loss: 5.2117e+01
Adam [  299] loss: 1.4653e-01
Adam [    0] loss: 3.2967e+01
Adam [  299] loss: 2.9641e-01
Adam [    0] loss: 4.1297e+01
Adam [  299] loss: 2.7014e-01
Adam [    0] loss: 3.5681e+01
Adam [  299] loss: 1.8867e-01
Adam [    0] loss: 4.1308e+01
Adam [  299] loss: 1.3336e-01
Adam [    0] loss: 4.0475e+01
Adam [  299] loss: 6.2435e-02
Adam [    0] loss: 6.1312e+01
Adam [  299] loss: 4.4828e-01
Adam [    0] loss: 9.2085e+01
Adam [  299] loss: 1.2046e+00
Adam [    0] loss: 3.8219e+01
Adam [  299] loss: 1.2717e-01
Adam [    0] loss: 1.2015e+02
Adam [  299] loss: 1.5221e+00
Adam [    0] loss: 3.7842e+01
Adam [  299] loss: 1.4395e-01
Adam [    0] loss: 7.4266e+01
Adam [  299] loss: 1.0144e+00
Adam [    0] loss: 3.6337e+01
Adam [  299] loss: 4.5795e-01
Adam [    0] loss: 3.9314e+01
Adam [  299] loss: 3.3172e-01
Adam [    0] loss: 3.2828e+01
Adam [  299] loss: 1.4729e-01
Adam [    0] loss: 4.6349e+01
Adam [  299] loss: 1.0425e-01
Adam [    0] loss: 4.0700e+01
Adam [  299] loss: 1.9412e+01
Adam [    0] loss: 3.8492e+01
Adam [  299] loss: 6.1221e-02
Adam [    0] loss: 4.5276e+01
Adam [  299] loss: 1.1055e-01
Adam [    0] loss: 3.2821e+01
Adam [  299] loss: 2.4987e-01
Adam [    0] loss: 5.2693e+01
Adam [  299] loss: 2.5843e-01
Adam [    0] loss: 4.3485e+01
Adam [  299] loss: 2.2446e-01
Adam [    0] loss: 3.2799e+01
Adam [  299] loss: 2.6866e-01
Adam [    0] loss: 3.6888e+01
Adam [  299] loss: 3.0360e-01
Adam [    0] loss: 5.6062e+01
Adam [  299] loss: 2.3084e-01
Adam [    0] loss: 4.5028e+01
Adam [  299] loss: 8.4457e-02
Adam [    0] loss: 4.3210e+01
Adam [  299] loss: 7.4655e-02
Adam [    0] loss: 3.6777e+01
Adam [  299] loss: 8.6453e-02
Adam [    0] loss: 4.5108e+01
Adam [  299] loss: 4.9190e-01
Adam [    0] loss: 6.1813e+01
Adam [  299] loss: 2.9819e-01
     2 |       60 |      3 |  0.0441915153 |         ideal
Adam [    0] loss: 5.8399e+01
Adam [  299] loss: 2.1679e+01
Adam [    0] loss: 3.8523e+01
Adam [  299] loss: 2.2645e-01
Adam [    0] loss: 4.3148e+01
Adam [  299] loss: 1.8972e+01
Adam [    0] loss: 3.7707e+01
Adam [  299] loss: 2.7701e-01
Adam [    0] loss: 3.6498e+01
Adam [  299] loss: 5.9411e+00
Adam [    0] loss: 3.8663e+01
Adam [  299] loss: 1.5885e-01
Adam [    0] loss: 3.0955e+01
Adam [  299] loss: 2.4491e+01
Adam [    0] loss: 8.6004e+01
Adam [  299] loss: 2.5406e+01
Adam [    0] loss: 6.0835e+01
Adam [  299] loss: 1.7128e-01
Adam [    0] loss: 3.8741e+01
Adam [  299] loss: 1.2133e-01
Adam [    0] loss: 6.3773e+01
Adam [  299] loss: 2.2324e-01
Adam [    0] loss: 3.4238e+01
Adam [  299] loss: 6.3882e+00
Adam [    0] loss: 4.4753e+01
Adam [  299] loss: 1.3009e-01
Adam [    0] loss: 3.1006e+01
Adam [  299] loss: 9.6721e-02
Adam [    0] loss: 6.1798e+01
Adam [  299] loss: 7.2343e-02
Adam [    0] loss: 3.5686e+01
Adam [  299] loss: 7.6989e-01
Adam [    0] loss: 3.2293e+01
Adam [  299] loss: 4.2960e-01
Adam [    0] loss: 3.4167e+01
Adam [  299] loss: 2.2244e-01
Adam [    0] loss: 6.4537e+01
Adam [  299] loss: 1.9656e-01
Adam [    0] loss: 3.6224e+01
Adam [  299] loss: 9.6716e+00
Adam [    0] loss: 4.3205e+01
Adam [  299] loss: 2.1971e-01
Adam [    0] loss: 1.1374e+02
Adam [  299] loss: 1.2593e+00
Adam [    0] loss: 4.3116e+01
Adam [  299] loss: 2.7048e-01
Adam [    0] loss: 7.2484e+01
Adam [  299] loss: 8.5106e-02
Adam [    0] loss: 3.2024e+01
Adam [  299] loss: 1.0254e-01
Adam [    0] loss: 3.4082e+01
Adam [  299] loss: 1.0952e-01
Adam [    0] loss: 1.0401e+02
Adam [  299] loss: 4.4154e-01
Adam [    0] loss: 4.1310e+01
Adam [  299] loss: 1.2625e-01
Adam [    0] loss: 3.9293e+01
Adam [  299] loss: 3.2137e-01
Adam [    0] loss: 3.2048e+01
Adam [  299] loss: 2.3637e-01
     3 |       90 |      2 |  0.000000E+00 |             f
Adam [    0] loss: 8.2564e+01
Adam [  299] loss: 2.1563e-01
Adam [    0] loss: 6.1891e+01
Adam [  299] loss: 3.8490e-01
Adam [    0] loss: 4.3183e+01
Adam [  299] loss: 1.1887e+00
Adam [    0] loss: 8.9315e+01
Adam [  299] loss: 3.9189e-01
Adam [    0] loss: 6.7694e+01
Adam [  299] loss: 2.5966e+01
Adam [    0] loss: 7.2170e+01
Adam [  299] loss: 2.9039e-01
Adam [    0] loss: 3.5751e+01
Adam [  299] loss: 1.4705e-01
Adam [    0] loss: 5.2643e+01
Adam [  299] loss: 2.1511e-01
Adam [    0] loss: 4.6784e+01
Adam [  299] loss: 3.7586e-01
Adam [    0] loss: 1.1474e+02
Adam [  299] loss: 4.0801e-01
Adam [    0] loss: 1.5177e+02
Adam [  299] loss: 8.3535e+00
Adam [    0] loss: 7.9192e+01
Adam [  299] loss: 2.6018e-01
Adam [    0] loss: 4.1400e+01
Adam [  299] loss: 2.9941e-01
Adam [    0] loss: 1.0296e+02
Adam [  299] loss: 1.0765e+01
Adam [    0] loss: 3.3997e+01
Adam [  299] loss: 4.1236e-01
Adam [    0] loss: 4.6857e+01
Adam [  299] loss: 2.0450e-01
Adam [    0] loss: 5.0068e+01
Adam [  299] loss: 1.7856e-01
Adam [    0] loss: 5.9347e+01
Adam [  299] loss: 9.8146e-02
Adam [    0] loss: 5.2025e+01
Adam [  299] loss: 1.8379e-01
Adam [    0] loss: 4.1444e+01
Adam [  299] loss: 1.5170e-01
Adam [    0] loss: 4.1830e+01
Adam [  299] loss: 2.0171e-01
Adam [    0] loss: 4.2064e+01
Adam [  299] loss: 2.8110e-01
Adam [    0] loss: 3.5614e+01
Adam [  299] loss: 5.9659e-01
Adam [    0] loss: 3.1471e+01
Adam [  299] loss: 3.3738e-01
Adam [    0] loss: 3.5512e+01
Adam [  299] loss: 6.8741e-02
Adam [    0] loss: 5.6533e+01
Adam [  299] loss: 1.2327e-01
Adam [    0] loss: 3.0980e+01
Adam [  299] loss: 1.1125e-01
Adam [    0] loss: 3.2289e+01
Adam [  299] loss: 2.2731e-01
Adam [    0] loss: 3.0970e+01
Adam [  299] loss: 3.3570e-01
Adam [    0] loss: 5.9025e+01
Adam [  299] loss: 1.8861e-01
     4 |      120 |      2 |  0.0351990491 |         ideal
Adam [    0] loss: 7.5264e+01
Adam [  299] loss: 1.5012e+00
Adam [    0] loss: 1.2633e+02
Adam [  299] loss: 1.0884e+00
Adam [    0] loss: 5.4187e+01
Adam [  299] loss: 5.8282e-01
Adam [    0] loss: 4.8842e+01
Adam [  299] loss: 7.7174e-02
Adam [    0] loss: 6.8185e+01
Adam [  299] loss: 8.6871e-01
Adam [    0] loss: 4.8413e+01
Adam [  299] loss: 8.2978e-02
Adam [    0] loss: 3.6655e+01
Adam [  299] loss: 8.7677e-02
Adam [    0] loss: 7.2099e+01
Adam [  299] loss: 2.6368e+01
Adam [    0] loss: 5.8929e+01
Adam [  299] loss: 7.8197e+00
Adam [    0] loss: 7.7221e+01
Adam [  299] loss: 5.3978e-01
Adam [    0] loss: 4.9314e+01
Adam [  299] loss: 2.3430e-01
Adam [    0] loss: 3.0476e+01
Adam [  299] loss: 1.5622e+00
Adam [    0] loss: 1.2531e+02
Adam [  299] loss: 2.3026e-01
Adam [    0] loss: 3.3846e+01
Adam [  299] loss: 1.8922e-01
Adam [    0] loss: 3.1844e+01
Adam [  299] loss: 2.8043e-01
Adam [    0] loss: 5.1490e+01
Adam [  299] loss: 9.3604e-01
Adam [    0] loss: 1.3034e+02
Adam [  299] loss: 1.4416e-01
Adam [    0] loss: 7.0775e+01
Adam [  299] loss: 5.2920e-01
Adam [    0] loss: 7.9718e+01
Adam [  299] loss: 4.9756e-01
Adam [    0] loss: 3.7906e+01
Adam [  299] loss: 3.3965e-01
Adam [    0] loss: 7.1004e+01
Adam [  299] loss: 9.3855e-01
Adam [    0] loss: 4.5761e+01
Adam [  299] loss: 5.1609e-01
Adam [    0] loss: 6.4135e+01
Adam [  299] loss: 8.9127e-02
Adam [    0] loss: 9.8044e+01
Adam [  299] loss: 1.0878e-01
Adam [    0] loss: 3.6834e+01
Adam [  299] loss: 2.7971e-01
Adam [    0] loss: 3.3084e+01
Adam [  299] loss: 6.2012e-02
Adam [    0] loss: 3.2917e+01
Adam [  299] loss: 2.9559e-01
Adam [    0] loss: 5.4650e+01
Adam [  299] loss: 2.6920e+01
Adam [    0] loss: 3.1151e+01
Adam [  299] loss: 9.4186e-02
Adam [    0] loss: 4.8920e+01
Adam [  299] loss: 6.5428e-02
     5 |      150 |      4 |  0.0383510885 |         ideal
Adam [    0] loss: 3.1916e+01
Adam [  299] loss: 4.6392e-01
Adam [    0] loss: 3.1132e+01
Adam [  299] loss: 1.0434e-01
Adam [    0] loss: 7.1594e+01
Adam [  299] loss: 8.9437e+00
Adam [    0] loss: 4.4712e+01
Adam [  299] loss: 2.7887e-01
Adam [    0] loss: 7.0430e+01
Adam [  299] loss: 1.6167e+00
Adam [    0] loss: 3.0684e+02
Adam [  299] loss: 2.7148e+01
Adam [    0] loss: 5.0942e+01
Adam [  299] loss: 1.0125e-01
Adam [    0] loss: 4.3868e+01
Adam [  299] loss: 1.8047e-01
Adam [    0] loss: 1.1059e+02
Adam [  299] loss: 1.8669e-01
Adam [    0] loss: 3.3730e+01
Adam [  299] loss: 3.4031e-01
Adam [    0] loss: 4.4296e+01
Adam [  299] loss: 1.0484e-01
Adam [    0] loss: 3.2375e+01
Adam [  299] loss: 6.0882e-02
Adam [    0] loss: 4.7415e+01
Adam [  299] loss: 8.9284e-02
Adam [    0] loss: 1.6774e+02
Adam [  299] loss: 1.6001e+01
Adam [    0] loss: 3.8717e+01
Adam [  299] loss: 2.6143e-01
Adam [    0] loss: 7.6402e+01
Adam [  299] loss: 4.4640e-01
Adam [    0] loss: 9.2698e+01
Adam [  299] loss: 1.9773e-01
Adam [    0] loss: 1.1527e+02
Adam [  299] loss: 2.7769e+01
Adam [    0] loss: 6.8296e+01
Adam [  299] loss: 1.4271e-01
Adam [    0] loss: 3.8151e+01
Adam [  299] loss: 1.1142e+01
Adam [    0] loss: 4.0252e+01
Adam [  299] loss: 2.3701e-01
Adam [    0] loss: 3.1028e+01
Adam [  299] loss: 2.0267e-01
Adam [    0] loss: 3.8744e+01
Adam [  299] loss: 2.3836e-01
Adam [    0] loss: 4.1617e+01
Adam [  299] loss: 2.3358e-01
Adam [    0] loss: 8.3526e+01
Adam [  299] loss: 9.2389e-01
Adam [    0] loss: 1.0890e+02
Adam [  299] loss: 2.3060e-01
Adam [    0] loss: 3.5058e+01
Adam [  299] loss: 1.8881e+01
Adam [    0] loss: 3.5178e+01
Adam [  299] loss: 6.4891e-02
Adam [    0] loss: 3.2148e+01
Adam [  299] loss: 1.1677e-01
Adam [    0] loss: 5.4487e+01
Adam [  299] loss: 3.7110e-01
     6 |      180 |      5 |  0.0244680454 |             f
Adam [    0] loss: 1.2940e+02
Adam [  299] loss: 4.6639e+00
Adam [    0] loss: 4.6318e+01
Adam [  299] loss: 1.8021e-01
Adam [    0] loss: 8.4755e+01
Adam [  299] loss: 2.9570e+00
Adam [    0] loss: 5.2120e+01
Adam [  299] loss: 6.4861e-01
Adam [    0] loss: 4.1456e+01
Adam [  299] loss: 2.2720e-01
Adam [    0] loss: 3.6916e+01
Adam [  299] loss: 2.0427e-01
Adam [    0] loss: 8.5952e+01
Adam [  299] loss: 2.9797e-01
Adam [    0] loss: 4.9023e+01
Adam [  299] loss: 2.6656e+01
Adam [    0] loss: 3.6044e+01
Adam [  299] loss: 1.8398e-01
Adam [    0] loss: 4.7245e+01
Adam [  299] loss: 1.8932e+01
Adam [    0] loss: 9.8626e+01
Adam [  299] loss: 1.9739e+01
Adam [    0] loss: 6.5186e+01
Adam [  299] loss: 9.2973e+00
Adam [    0] loss: 1.3057e+02
Adam [  299] loss: 8.5215e-01
Adam [    0] loss: 3.3032e+01
Adam [  299] loss: 3.0486e-01
Adam [    0] loss: 7.8790e+01
Adam [  299] loss: 3.1784e-01
Adam [    0] loss: 6.7496e+01
Adam [  299] loss: 6.3118e-01
Adam [    0] loss: 5.4647e+01
Adam [  299] loss: 2.8624e+01
Adam [    0] loss: 5.4742e+01
Adam [  299] loss: 1.5602e+01
Adam [    0] loss: 4.3405e+01
Adam [  299] loss: 6.9859e-01
Adam [    0] loss: 3.4541e+01
Adam [  299] loss: 2.8343e-01
Adam [    0] loss: 5.3992e+01
Adam [  299] loss: 1.0020e-01
Adam [    0] loss: 3.9379e+01
Adam [  299] loss: 7.1101e-02
Adam [    0] loss: 3.1593e+01
Adam [  299] loss: 5.8250e-01
Adam [    0] loss: 9.6422e+01
Adam [  299] loss: 1.9330e+01
Adam [    0] loss: 6.4056e+01
Adam [  299] loss: 2.0239e-01
Adam [    0] loss: 3.5544e+01
Adam [  299] loss: 1.9150e-01
Adam [    0] loss: 3.8483e+01
Adam [  299] loss: 2.5097e+00
Adam [    0] loss: 4.2895e+01
Adam [  299] loss: 1.2619e-01
Adam [    0] loss: 7.1924e+01
Adam [  299] loss: 2.1751e+01
Adam [    0] loss: 1.0993e+02
Adam [  299] loss: 8.4211e-02
     7 |      210 |      3 |  0.0394893913 |             f
Adam [    0] loss: 9.6753e+01
Adam [  299] loss: 2.6968e-01
Adam [    0] loss: 8.3507e+01
Adam [  299] loss: 1.1905e-01
Adam [    0] loss: 4.3316e+01
Adam [  299] loss: 4.1622e-01
Adam [    0] loss: 7.8029e+01
Adam [  299] loss: 3.3325e-01
Adam [    0] loss: 9.0041e+01
Adam [  299] loss: 6.7875e-02
Adam [    0] loss: 4.3539e+01
Adam [  299] loss: 2.5264e-01
Adam [    0] loss: 3.5902e+01
Adam [  299] loss: 1.6919e-01
Adam [    0] loss: 4.0745e+01
Adam [  299] loss: 1.9934e-01
Adam [    0] loss: 7.4442e+01
Adam [  299] loss: 1.8884e-01
Adam [    0] loss: 3.7136e+01
Adam [  299] loss: 5.8872e-01
Adam [    0] loss: 8.9794e+01
Adam [  299] loss: 1.5186e-01
Adam [    0] loss: 4.2756e+01
Adam [  299] loss: 5.1493e-01
Adam [    0] loss: 3.3418e+01
Adam [  299] loss: 1.3014e+00
Adam [    0] loss: 4.1078e+01
Adam [  299] loss: 1.1057e-01
Adam [    0] loss: 3.4471e+01
Adam [  299] loss: 4.0447e-01
Adam [    0] loss: 4.0987e+01
Adam [  299] loss: 5.0125e-01
Adam [    0] loss: 3.2912e+01
Adam [  299] loss: 8.4183e-02
Adam [    0] loss: 4.6652e+01
Adam [  299] loss: 9.8048e-02
Adam [    0] loss: 3.5618e+01
Adam [  299] loss: 4.0803e-01
Adam [    0] loss: 8.7685e+01
Adam [  299] loss: 8.0367e+00
Adam [    0] loss: 4.8986e+01
Adam [  299] loss: 2.3961e-01
Adam [    0] loss: 4.3328e+01
Adam [  299] loss: 8.9495e-01
Adam [    0] loss: 3.6842e+01
Adam [  299] loss: 2.3098e+00
Adam [    0] loss: 5.7505e+01
Adam [  299] loss: 1.8211e-01
Adam [    0] loss: 5.1442e+01
Adam [  299] loss: 2.8669e+00
Adam [    0] loss: 4.3530e+01
Adam [  299] loss: 1.8672e-01
Adam [    0] loss: 5.0587e+01
Adam [  299] loss: 5.4567e-01
Adam [    0] loss: 2.7697e+02
Adam [  299] loss: 1.5824e+01
Adam [    0] loss: 7.6032e+01
Adam [  299] loss: 3.4142e-01
Adam [    0] loss: 7.1020e+01
Adam [  299] loss: 3.0585e+00
     8 |      240 |      3 |  0.9318918296 |         nadir
Adam [    0] loss: 3.3426e+01
Adam [  299] loss: 1.5606e-01
Adam [    0] loss: 4.4127e+01
Adam [  299] loss: 1.3700e-01
Adam [    0] loss: 4.7461e+01
Adam [  299] loss: 8.4047e-01
Adam [    0] loss: 3.8506e+01
Adam [  299] loss: 2.4715e-01
Adam [    0] loss: 4.3586e+01
Adam [  299] loss: 1.7132e-01
Adam [    0] loss: 8.8617e+01
Adam [  299] loss: 1.5456e+01
Adam [    0] loss: 7.2875e+01
Adam [  299] loss: 2.1548e+01
Adam [    0] loss: 6.7097e+01
Adam [  299] loss: 7.4051e-01
Adam [    0] loss: 5.2899e+01
Adam [  299] loss: 1.2788e+00
Adam [    0] loss: 7.5918e+01
Adam [  299] loss: 9.5763e+00
Adam [    0] loss: 1.0236e+02
Adam [  299] loss: 1.2644e+01
Adam [    0] loss: 2.6227e+02
Adam [  299] loss: 1.9316e+01
Adam [    0] loss: 7.2603e+01
Adam [  299] loss: 2.7952e+01
Adam [    0] loss: 6.8858e+01
Adam [  299] loss: 1.2733e-01
Adam [    0] loss: 5.2308e+01
Adam [  299] loss: 2.8648e-01
Adam [    0] loss: 3.3196e+01
Adam [  299] loss: 1.0562e+00
Adam [    0] loss: 3.1026e+01
Adam [  299] loss: 3.7949e-01
Adam [    0] loss: 4.6056e+01
Adam [  299] loss: 2.1566e-01
Adam [    0] loss: 6.4409e+01
Adam [  299] loss: 3.9853e-01
Adam [    0] loss: 6.0801e+01
Adam [  299] loss: 1.2181e+00
Adam [    0] loss: 1.3399e+02
Adam [  299] loss: 2.9066e+01
Adam [    0] loss: 3.7411e+01
Adam [  299] loss: 2.9587e-01
Adam [    0] loss: 5.0895e+01
Adam [  299] loss: 2.6532e+01
Adam [    0] loss: 3.5742e+01
Adam [  299] loss: 2.8973e-01
Adam [    0] loss: 3.2681e+01
Adam [  299] loss: 4.2184e-01
Adam [    0] loss: 3.3109e+01
Adam [  299] loss: 7.3731e-02
Adam [    0] loss: 3.7537e+01
Adam [  299] loss: 7.5806e+00
Adam [    0] loss: 6.6055e+01
Adam [  299] loss: 3.1022e+00
Adam [    0] loss: 3.7840e+01
Adam [  299] loss: 9.8178e-01
Adam [    0] loss: 6.1149e+01
Adam [  299] loss: 1.2891e+00
     9 |      270 |      4 |  0.2939083918 |             f
Adam [    0] loss: 5.5441e+01
Adam [  299] loss: 5.7176e-02
Adam [    0] loss: 3.5721e+01
Adam [  299] loss: 9.0093e-01
Adam [    0] loss: 4.7978e+01
Adam [  299] loss: 1.5819e-01
Adam [    0] loss: 1.0693e+02
Adam [  299] loss: 4.4572e+00
Adam [    0] loss: 9.3298e+01
Adam [  299] loss: 2.1938e+01
Adam [    0] loss: 5.5541e+01
Adam [  299] loss: 7.2157e-01
Adam [    0] loss: 3.4760e+01
Adam [  299] loss: 3.7560e-01
Adam [    0] loss: 4.6364e+01
Adam [  299] loss: 8.6111e-01
Adam [    0] loss: 4.3677e+01
Adam [  299] loss: 5.9755e-01
Adam [    0] loss: 3.9325e+01
Adam [  299] loss: 5.5963e-01
Adam [    0] loss: 3.8143e+01
Adam [  299] loss: 1.1916e-01
Adam [    0] loss: 3.8275e+01
Adam [  299] loss: 1.7902e-01
Adam [    0] loss: 6.2063e+01
Adam [  299] loss: 7.4685e-01
Adam [    0] loss: 5.5516e+01
Adam [  299] loss: 3.7551e-01
Adam [    0] loss: 4.9409e+01
Adam [  299] loss: 1.9470e-01
Adam [    0] loss: 4.3778e+01
Adam [  299] loss: 1.9343e-01
Adam [    0] loss: 7.7907e+01
Adam [  299] loss: 4.2695e-01
Adam [    0] loss: 6.0338e+01
Adam [  299] loss: 1.9588e-01
Adam [    0] loss: 4.4663e+01
Adam [  299] loss: 2.8354e-01
Adam [    0] loss: 1.0576e+02
Adam [  299] loss: 2.5169e+01
Adam [    0] loss: 4.8191e+01
Adam [  299] loss: 2.4587e+01
Adam [    0] loss: 3.3992e+01
Adam [  299] loss: 1.5677e-01
Adam [    0] loss: 9.2280e+01
Adam [  299] loss: 1.0415e+00
Adam [    0] loss: 6.0128e+01
Adam [  299] loss: 4.0510e-01
Adam [    0] loss: 7.2067e+01
Adam [  299] loss: 2.7274e+01
Adam [    0] loss: 3.1400e+01
Adam [  299] loss: 2.7603e-01
Adam [    0] loss: 1.5035e+02
Adam [  299] loss: 2.9167e+01
Adam [    0] loss: 9.3621e+01
Adam [  299] loss: 4.8552e-01
Adam [    0] loss: 1.0178e+02
Adam [  299] loss: 4.9543e-01
Adam [    0] loss: 4.0281e+01
Adam [  299] loss: 2.2521e+01
    10 |      300 |      4 |  0.0069264600 |         ideal
Adam [    0] loss: 3.5763e+01
Adam [  299] loss: 3.8120e-01
Adam [    0] loss: 4.4703e+01
Adam [  299] loss: 9.3642e-01
Adam [    0] loss: 4.0321e+01
Adam [  299] loss: 4.4996e-01
Adam [    0] loss: 4.0098e+01
Adam [  299] loss: 1.8018e-01
Adam [    0] loss: 4.7137e+01
Adam [  299] loss: 1.9299e-01
Adam [    0] loss: 5.4745e+01
Adam [  299] loss: 9.7433e-01
Adam [    0] loss: 5.3484e+01
Adam [  299] loss: 7.1434e-02
Adam [    0] loss: 4.3925e+01
Adam [  299] loss: 1.7737e+01
Adam [    0] loss: 3.2111e+01
Adam [  299] loss: 4.3952e-01
Adam [    0] loss: 5.8563e+01
Adam [  299] loss: 1.6767e+00
Adam [    0] loss: 3.3110e+01
Adam [  299] loss: 1.2764e-01
Adam [    0] loss: 5.3016e+01
Adam [  299] loss: 2.8823e-01
Adam [    0] loss: 3.2687e+01
Adam [  299] loss: 7.9931e-02
Adam [    0] loss: 2.3030e+02
Adam [  299] loss: 8.1255e+00
Adam [    0] loss: 5.2828e+01
Adam [  299] loss: 4.4016e-01
Adam [    0] loss: 3.5571e+01
Adam [  299] loss: 2.7281e-01
Adam [    0] loss: 4.8362e+01
Adam [  299] loss: 4.2641e-01
Adam [    0] loss: 9.5307e+01
Adam [  299] loss: 2.7104e+01
Adam [    0] loss: 6.9631e+01
Adam [  299] loss: 2.6583e-01
Adam [    0] loss: 3.2925e+01
Adam [  299] loss: 1.0690e-01
Adam [    0] loss: 1.1584e+02
Adam [  299] loss: 5.7286e+00
Adam [    0] loss: 6.3003e+01
Adam [  299] loss: 9.9697e-01
Adam [    0] loss: 4.0198e+01
Adam [  299] loss: 8.1118e-02
Adam [    0] loss: 7.9968e+01
Adam [  299] loss: 1.7826e-01
Adam [    0] loss: 1.3767e+02
Adam [  299] loss: 1.4346e+01
Adam [    0] loss: 3.2368e+02
Adam [  299] loss: 2.7824e+01
Adam [    0] loss: 1.3515e+02
Adam [  299] loss: 2.4702e+01
Adam [    0] loss: 3.4341e+01
Adam [  299] loss: 6.3075e-01
Adam [    0] loss: 4.8698e+01
Adam [  299] loss: 4.4777e-01
Adam [    0] loss: 4.7571e+01
Adam [  299] loss: 5.4191e-01
    11 |      330 |      3 |  0.0171216986 |         ideal
Adam [    0] loss: 1.0734e+02
Adam [  299] loss: 7.1913e+00
Adam [    0] loss: 8.2499e+01
Adam [  299] loss: 2.2320e-01
Adam [    0] loss: 3.1418e+01
Adam [  299] loss: 3.4618e-01
Adam [    0] loss: 1.0648e+02
Adam [  299] loss: 1.9707e+00
Adam [    0] loss: 6.7312e+01
Adam [  299] loss: 2.0013e+01
Adam [    0] loss: 8.1810e+01
Adam [  299] loss: 1.7428e+01
Adam [    0] loss: 3.1639e+01
Adam [  299] loss: 4.3807e-01
Adam [    0] loss: 1.1529e+02
Adam [  299] loss: 2.2329e+01
Adam [    0] loss: 3.9678e+01
Adam [  299] loss: 1.9087e-01
Adam [    0] loss: 6.7838e+01
Adam [  299] loss: 2.5379e+00
Adam [    0] loss: 7.0945e+01
Adam [  299] loss: 2.2774e+01
Adam [    0] loss: 7.5700e+01
Adam [  299] loss: 1.2249e+00
Adam [    0] loss: 9.0413e+01
Adam [  299] loss: 2.6007e-01
Adam [    0] loss: 3.7611e+01
Adam [  299] loss: 4.9897e-01
Adam [    0] loss: 1.0032e+02
Adam [  299] loss: 2.5008e+01
Adam [    0] loss: 6.8915e+01
Adam [  299] loss: 4.0766e-01
Adam [    0] loss: 3.3277e+01
Adam [  299] loss: 2.5886e-01
Adam [    0] loss: 3.2841e+01
Adam [  299] loss: 2.1832e+00
Adam [    0] loss: 5.9750e+01
Adam [  299] loss: 2.6410e-01
Adam [    0] loss: 3.3281e+01
Adam [  299] loss: 1.2539e-01
Adam [    0] loss: 5.6350e+01
Adam [  299] loss: 1.8597e-01
Adam [    0] loss: 1.1713e+02
Adam [  299] loss: 2.2684e+01
Adam [    0] loss: 5.6277e+01
Adam [  299] loss: 1.1593e+00
Adam [    0] loss: 3.3896e+01
Adam [  299] loss: 1.4997e-01
Adam [    0] loss: 7.1797e+01
Adam [  299] loss: 1.9845e-01
Adam [    0] loss: 1.1444e+02
Adam [  299] loss: 2.9140e+01
Adam [    0] loss: 8.1825e+01
Adam [  299] loss: 1.3949e+01
Adam [    0] loss: 1.2246e+02
Adam [  299] loss: 3.7174e+00
Adam [    0] loss: 4.3100e+01
Adam [  299] loss: 2.4656e-01
Adam [    0] loss: 6.3986e+01
Adam [  299] loss: 2.0126e-01
    12 |      360 |      3 |  0.000000E+00 |             f
Adam [    0] loss: 4.5899e+01
Adam [  299] loss: 6.9758e-01
Adam [    0] loss: 8.5283e+01
Adam [  299] loss: 1.0428e+00
Adam [    0] loss: 5.6075e+01
Adam [  299] loss: 2.7021e-01
Adam [    0] loss: 5.3635e+01
Adam [  299] loss: 5.4754e-01
Adam [    0] loss: 3.6384e+01
Adam [  299] loss: 1.0363e-01
Adam [    0] loss: 3.7434e+01
Adam [  299] loss: 5.8299e+00
Adam [    0] loss: 4.1762e+01
Adam [  299] loss: 1.7460e-01
Adam [    0] loss: 3.1701e+01
Adam [  299] loss: 3.0699e-01
Adam [    0] loss: 5.0472e+01
Adam [  299] loss: 2.8814e+01
Adam [    0] loss: 4.6204e+01
Adam [  299] loss: 1.5017e-01
Adam [    0] loss: 1.0457e+02
Adam [  299] loss: 1.8652e+00
Adam [    0] loss: 5.4923e+01
Adam [  299] loss: 1.1819e+01
Adam [    0] loss: 4.2417e+01
Adam [  299] loss: 1.1237e+01
Adam [    0] loss: 9.3065e+01
Adam [  299] loss: 1.6696e-01
Adam [    0] loss: 4.9331e+01
Adam [  299] loss: 7.8030e-01
Adam [    0] loss: 3.1706e+01
Adam [  299] loss: 1.4355e-01
Adam [    0] loss: 3.5852e+01
Adam [  299] loss: 4.4249e-01
Adam [    0] loss: 3.2603e+01
Adam [  299] loss: 1.5941e-01
Adam [    0] loss: 4.1576e+01
Adam [  299] loss: 3.3885e-01
Adam [    0] loss: 4.0001e+01
Adam [  299] loss: 2.9607e-01
Adam [    0] loss: 1.1787e+02
Adam [  299] loss: 1.0795e+01
Adam [    0] loss: 3.3258e+01
Adam [  299] loss: 5.7694e-01
Adam [    0] loss: 3.6756e+01
Adam [  299] loss: 1.8819e-01
Adam [    0] loss: 9.0704e+01
Adam [  299] loss: 9.8638e-01
Adam [    0] loss: 4.7886e+01
Adam [  299] loss: 1.9024e-01
Adam [    0] loss: 3.1439e+01
Adam [  299] loss: 7.8621e-02
Adam [    0] loss: 7.9467e+01
Adam [  299] loss: 1.5243e+01
Adam [    0] loss: 4.9129e+01
Adam [  299] loss: 9.4113e-02
Adam [    0] loss: 4.5001e+01
Adam [  299] loss: 1.3715e-01
Adam [    0] loss: 5.1838e+01
Adam [  299] loss: 1.8709e-01
    13 |      390 |      3 |  0.000000E+00 |             f
Adam [    0] loss: 5.7667e+01
Adam [  299] loss: 1.5395e+01
Adam [    0] loss: 2.0150e+02
Adam [  299] loss: 2.8408e+01
Adam [    0] loss: 4.2612e+01
Adam [  299] loss: 6.3951e-01
Adam [    0] loss: 4.3292e+01
Adam [  299] loss: 1.2418e+00
Adam [    0] loss: 4.2409e+01
Adam [  299] loss: 5.8564e-01
Adam [    0] loss: 4.4007e+01
Adam [  299] loss: 5.5456e+00
Adam [    0] loss: 4.5153e+01
Adam [  299] loss: 2.0809e-01
Adam [    0] loss: 4.0076e+01
Adam [  299] loss: 1.6091e-01
Adam [    0] loss: 3.2711e+01
Adam [  299] loss: 4.3299e-01
Adam [    0] loss: 6.3928e+01
Adam [  299] loss: 1.0160e-01
Adam [    0] loss: 3.1021e+01
Adam [  299] loss: 1.9279e-01
Adam [    0] loss: 3.4671e+01
Adam [  299] loss: 1.0294e-01
Adam [    0] loss: 7.8358e+01
Adam [  299] loss: 4.6428e-01
Adam [    0] loss: 4.0309e+01
Adam [  299] loss: 3.8271e-01
Adam [    0] loss: 3.1575e+01
Adam [  299] loss: 1.1079e+00
Adam [    0] loss: 7.7215e+01
Adam [  299] loss: 1.0953e-01
Adam [    0] loss: 4.0563e+01
Adam [  299] loss: 1.7189e-01
Adam [    0] loss: 1.7408e+02
Adam [  299] loss: 1.1884e+00
Adam [    0] loss: 3.8896e+01
Adam [  299] loss: 5.8387e-01
Adam [    0] loss: 6.3036e+01
Adam [  299] loss: 1.6081e+01
Adam [    0] loss: 1.0744e+02
Adam [  299] loss: 1.7232e+01
Adam [    0] loss: 4.4879e+01
Adam [  299] loss: 1.5790e-01
Adam [    0] loss: 9.9540e+01
Adam [  299] loss: 2.5799e+01
Adam [    0] loss: 1.8833e+02
Adam [  299] loss: 2.9561e+01
Adam [    0] loss: 4.3723e+01
Adam [  299] loss: 4.0196e-01
Adam [    0] loss: 8.2980e+01
Adam [  299] loss: 1.7056e-01
Adam [    0] loss: 7.5501e+01
Adam [  299] loss: 3.7418e-01
Adam [    0] loss: 3.9416e+01
Adam [  299] loss: 2.0500e-01
Adam [    0] loss: 1.0330e+02
Adam [  299] loss: 4.1691e-01
Adam [    0] loss: 1.7965e+02
Adam [  299] loss: 6.5084e+00
    14 |      420 |      3 |  0.000000E+00 |             f
Adam [    0] loss: 8.1386e+01
Adam [  299] loss: 7.3727e-01
Adam [    0] loss: 3.5413e+01
Adam [  299] loss: 1.7906e-01
Adam [    0] loss: 3.1246e+01
Adam [  299] loss: 1.7515e-01
Adam [    0] loss: 3.2438e+01
Adam [  299] loss: 1.9240e-01
Adam [    0] loss: 5.2238e+01
Adam [  299] loss: 2.2893e-01
Adam [    0] loss: 5.3202e+01
Adam [  299] loss: 5.9751e-01
Adam [    0] loss: 3.1926e+01
Adam [  299] loss: 6.8209e-02
Adam [    0] loss: 8.2381e+01
Adam [  299] loss: 8.5032e-01
Adam [    0] loss: 3.1656e+01
Adam [  299] loss: 7.3171e-02
Adam [    0] loss: 4.2895e+01
Adam [  299] loss: 1.4092e-01
Adam [    0] loss: 3.2536e+01
Adam [  299] loss: 3.3983e-01
Adam [    0] loss: 4.7125e+01
Adam [  299] loss: 1.7692e-01
Adam [    0] loss: 1.4442e+02
Adam [  299] loss: 6.1348e+00
Adam [    0] loss: 4.1656e+01
Adam [  299] loss: 3.2019e+00
Adam [    0] loss: 5.5027e+01
Adam [  299] loss: 3.1331e+00
Adam [    0] loss: 4.5348e+01
Adam [  299] loss: 1.0414e-01
Adam [    0] loss: 9.3444e+01
Adam [  299] loss: 1.7668e+01
Adam [    0] loss: 7.8496e+01
Adam [  299] loss: 7.7111e+00
Adam [    0] loss: 4.3479e+01
Adam [  299] loss: 2.0046e-01
Adam [    0] loss: 3.1552e+01
Adam [  299] loss: 1.4559e-01
Adam [    0] loss: 4.9031e+01
Adam [  299] loss: 8.0682e-01
Adam [    0] loss: 3.4551e+01
Adam [  299] loss: 2.9116e-01
Adam [    0] loss: 1.3575e+02
Adam [  299] loss: 2.9200e+01
Adam [    0] loss: 5.1154e+01
Adam [  299] loss: 7.4563e-02
Adam [    0] loss: 1.3948e+02
Adam [  299] loss: 1.5335e+00
Adam [    0] loss: 4.4090e+01
Adam [  299] loss: 1.3406e-01
Adam [    0] loss: 4.8593e+01
Adam [  299] loss: 2.6526e-01
Adam [    0] loss: 7.7793e+01
Adam [  299] loss: 5.0068e+00
Adam [    0] loss: 1.6003e+02
Adam [  299] loss: 2.9280e+01
Adam [    0] loss: 5.6484e+01
Adam [  299] loss: 4.8307e-01
    15 |      450 |      3 |  0.000000E+00 |             f
Adam [    0] loss: 3.9429e+01
Adam [  299] loss: 4.6488e-01
Adam [    0] loss: 3.8497e+01
Adam [  299] loss: 2.0263e-01
Adam [    0] loss: 5.7430e+01
Adam [  299] loss: 1.3131e-01
Adam [    0] loss: 5.3018e+01
Adam [  299] loss: 2.6593e-01
Adam [    0] loss: 4.4111e+01
Adam [  299] loss: 2.9408e-01
Adam [    0] loss: 4.7232e+01
Adam [  299] loss: 1.5086e-01
Adam [    0] loss: 4.0670e+01
Adam [  299] loss: 2.6704e+01
Adam [    0] loss: 4.5883e+01
Adam [  299] loss: 1.7647e+00
Adam [    0] loss: 8.5139e+01
Adam [  299] loss: 2.0946e-01
Adam [    0] loss: 6.2467e+01
Adam [  299] loss: 2.5075e+01
Adam [    0] loss: 3.1330e+01
Adam [  299] loss: 1.9209e-01
Adam [    0] loss: 4.6237e+01
Adam [  299] loss: 8.6565e+00
Adam [    0] loss: 4.5281e+01
Adam [  299] loss: 1.1534e-01
Adam [    0] loss: 3.4695e+01
Adam [  299] loss: 5.0294e+00
Adam [    0] loss: 5.7724e+01
Adam [  299] loss: 4.9818e-01
Adam [    0] loss: 4.6285e+01
Adam [  299] loss: 3.1999e-01
Adam [    0] loss: 7.8086e+01
Adam [  299] loss: 9.3156e+00
Adam [    0] loss: 4.6137e+01
Adam [  299] loss: 2.8028e+01
Adam [    0] loss: 4.5086e+01
Adam [  299] loss: 1.9399e-01
Adam [    0] loss: 1.5448e+02
Adam [  299] loss: 2.9407e+01
Adam [    0] loss: 6.2703e+01
Adam [  299] loss: 8.3730e-02
Adam [    0] loss: 3.7012e+01
Adam [  299] loss: 7.3078e-01
Adam [    0] loss: 1.1565e+02
Adam [  299] loss: 7.5556e-01
Adam [    0] loss: 4.6530e+01
Adam [  299] loss: 2.0699e-01
Adam [    0] loss: 4.1186e+01
Adam [  299] loss: 1.8418e-01
Adam [    0] loss: 4.2198e+01
Adam [  299] loss: 1.5765e-01
Adam [    0] loss: 1.2992e+02
Adam [  299] loss: 2.5703e+01
Adam [    0] loss: 8.6659e+01
Adam [  299] loss: 1.8786e-01
Adam [    0] loss: 3.3021e+01
Adam [  299] loss: 2.0520e-01
Adam [    0] loss: 3.2764e+01
Adam [  299] loss: 2.5599e-01
    16 |      480 |      3 |  0.000000E+00 |             f
Adam [    0] loss: 3.3562e+01
Adam [  299] loss: 4.6880e+00
Adam [    0] loss: 3.8649e+01
Adam [  299] loss: 5.3382e-01
Adam [    0] loss: 4.0370e+01
Adam [  299] loss: 4.6799e+00
Adam [    0] loss: 3.6222e+01
Adam [  299] loss: 3.8100e-01
Adam [    0] loss: 3.7764e+01
Adam [  299] loss: 1.1576e-01
Adam [    0] loss: 4.0931e+01
Adam [  299] loss: 8.9351e-01
Adam [    0] loss: 5.0989e+01
Adam [  299] loss: 5.0942e+00
Adam [    0] loss: 1.3650e+02
Adam [  299] loss: 2.5697e-01
Adam [    0] loss: 1.9657e+02
Adam [  299] loss: 1.6369e-01
Adam [    0] loss: 5.9910e+01
Adam [  299] loss: 2.4116e-01
Adam [    0] loss: 6.4887e+01
Adam [  299] loss: 2.6971e+01
Adam [    0] loss: 7.9637e+01
Adam [  299] loss: 8.4849e+00
Adam [    0] loss: 5.1357e+01
Adam [  299] loss: 3.0264e-01
Adam [    0] loss: 9.6627e+01
Adam [  299] loss: 1.3587e+00
Adam [    0] loss: 1.1318e+02
Adam [  299] loss: 1.8515e+01
Adam [    0] loss: 6.4273e+01
Adam [  299] loss: 1.8253e-01
Adam [    0] loss: 3.7509e+01
Adam [  299] loss: 6.8479e-02
Adam [    0] loss: 3.4760e+01
Adam [  299] loss: 6.2482e-02
Adam [    0] loss: 1.2137e+02
Adam [  299] loss: 5.3426e-01
Adam [    0] loss: 6.4235e+01
Adam [  299] loss: 1.1386e-01
Adam [    0] loss: 3.9316e+01
Adam [  299] loss: 5.1715e-01
Adam [    0] loss: 9.5090e+01
Adam [  299] loss: 3.8573e-01
Adam [    0] loss: 3.1004e+01
Adam [  299] loss: 1.3020e-01
Adam [    0] loss: 5.7366e+01
Adam [  299] loss: 8.2799e-02
Adam [    0] loss: 1.1704e+02
Adam [  299] loss: 1.9172e+01
Adam [    0] loss: 4.1107e+01
Adam [  299] loss: 5.7940e+00
Adam [    0] loss: 3.7230e+01
Adam [  299] loss: 2.4725e-01
Adam [    0] loss: 3.2412e+01
Adam [  299] loss: 2.5441e-01
Adam [    0] loss: 3.5095e+01
Adam [  299] loss: 7.3748e-02
Adam [    0] loss: 3.4292e+01
Adam [  299] loss: 1.0359e-01
    17 |      510 |      4 |  0.0119548242 |             f
Adam [    0] loss: 3.2046e+01
Adam [  299] loss: 4.6540e-01
Adam [    0] loss: 3.6032e+01
Adam [  299] loss: 2.7665e-01
Adam [    0] loss: 4.2405e+01
Adam [  299] loss: 7.6875e-02
Adam [    0] loss: 5.9770e+01
Adam [  299] loss: 1.0596e-01
Adam [    0] loss: 4.0553e+01
Adam [  299] loss: 4.5728e-01
Adam [    0] loss: 8.4305e+01
Adam [  299] loss: 1.1750e+01
Adam [    0] loss: 3.2067e+01
Adam [  299] loss: 2.2837e-01
Adam [    0] loss: 3.4715e+01
Adam [  299] loss: 6.9558e-02
Adam [    0] loss: 5.3444e+01
Adam [  299] loss: 4.8434e-01
Adam [    0] loss: 3.4131e+01
Adam [  299] loss: 1.0587e-01
Adam [    0] loss: 3.9895e+01
Adam [  299] loss: 4.2095e+00
Adam [    0] loss: 6.7342e+01
Adam [  299] loss: 1.6805e+01
Adam [    0] loss: 3.1877e+01
Adam [  299] loss: 1.4822e-01
Adam [    0] loss: 1.0049e+02
Adam [  299] loss: 5.0930e-01
Adam [    0] loss: 3.4249e+01
Adam [  299] loss: 6.8232e-02
Adam [    0] loss: 3.5463e+01
Adam [  299] loss: 7.8686e-01
Adam [    0] loss: 3.2706e+01
Adam [  299] loss: 4.0232e-01
Adam [    0] loss: 4.7495e+01
Adam [  299] loss: 1.0407e-01
Adam [    0] loss: 7.1330e+01
Adam [  299] loss: 3.3788e+00
Adam [    0] loss: 7.7950e+01
Adam [  299] loss: 8.0461e-02
Adam [    0] loss: 3.7981e+01
Adam [  299] loss: 4.5363e-01
Adam [    0] loss: 1.6021e+02
Adam [  299] loss: 2.9339e+01
Adam [    0] loss: 3.4313e+01
Adam [  299] loss: 1.5739e-01
Adam [    0] loss: 7.2236e+01
Adam [  299] loss: 1.7204e+01
Adam [    0] loss: 6.9914e+01
Adam [  299] loss: 2.2380e-01
Adam [    0] loss: 5.1964e+01
Adam [  299] loss: 2.3687e+01
Adam [    0] loss: 8.8921e+01
Adam [  299] loss: 2.5424e-01
Adam [    0] loss: 3.7564e+01
Adam [  299] loss: 2.0484e-01
Adam [    0] loss: 4.4695e+01
Adam [  299] loss: 3.1468e-01
Adam [    0] loss: 3.9094e+01
Adam [  299] loss: 7.0252e+00
    18 |      540 |      4 |  0.000000E+00 |             f
Adam [    0] loss: 9.0719e+01
Adam [  299] loss: 2.6862e+01
Adam [    0] loss: 3.5857e+01
Adam [  299] loss: 7.5993e-01
Adam [    0] loss: 3.1983e+01
Adam [  299] loss: 2.7771e-01
Adam [    0] loss: 5.2575e+01
Adam [  299] loss: 9.0365e-02
Adam [    0] loss: 1.7886e+02
Adam [  299] loss: 1.6572e+01
Adam [    0] loss: 1.7889e+02
Adam [  299] loss: 1.4255e+01
Adam [    0] loss: 3.5839e+01
Adam [  299] loss: 2.2356e-01
Adam [    0] loss: 1.2386e+02
Adam [  299] loss: 1.9201e-01
Adam [    0] loss: 3.7095e+01
Adam [  299] loss: 2.8152e-01
Adam [    0] loss: 5.7708e+01
Adam [  299] loss: 3.2438e-01
Adam [    0] loss: 9.4907e+01
Adam [  299] loss: 1.0309e-01
Adam [    0] loss: 6.4109e+01
Adam [  299] loss: 1.6854e+00
Adam [    0] loss: 5.0212e+01
Adam [  299] loss: 1.3684e-01
Adam [    0] loss: 3.6607e+01
Adam [  299] loss: 4.3742e-01
Adam [    0] loss: 3.2585e+01
Adam [  299] loss: 1.4983e-01
Adam [    0] loss: 6.9835e+01
Adam [  299] loss: 1.1597e+00
Adam [    0] loss: 4.9105e+01
Adam [  299] loss: 3.9129e-01
Adam [    0] loss: 5.0652e+01
Adam [  299] loss: 1.8791e+01
Adam [    0] loss: 3.7119e+01
Adam [  299] loss: 4.6268e-01
Adam [    0] loss: 1.3926e+02
Adam [  299] loss: 2.8773e+01
Adam [    0] loss: 3.9317e+01
Adam [  299] loss: 1.5821e-01
Adam [    0] loss: 4.1648e+01
Adam [  299] loss: 6.4072e-02
Adam [    0] loss: 6.1681e+01
Adam [  299] loss: 3.0652e-01
Adam [    0] loss: 3.7629e+01
Adam [  299] loss: 1.6902e-01
Adam [    0] loss: 5.9890e+01
Adam [  299] loss: 3.7543e+00
Adam [    0] loss: 7.7442e+01
Adam [  299] loss: 1.5436e+01
Adam [    0] loss: 7.8760e+01
Adam [  299] loss: 6.3500e-01
Adam [    0] loss: 3.3011e+01
Adam [  299] loss: 1.6975e-01
Adam [    0] loss: 8.7222e+01
Adam [  299] loss: 4.3524e-01
Adam [    0] loss: 4.4857e+01
Adam [  299] loss: 8.3614e+00
    19 |      570 |      4 |  0.000000E+00 |             f
Adam [    0] loss: 4.4387e+01
Adam [  299] loss: 1.1493e-01
Adam [    0] loss: 5.5571e+01
Adam [  299] loss: 7.7697e-02
Adam [    0] loss: 3.7691e+01
Adam [  299] loss: 1.1504e-01
Adam [    0] loss: 3.5144e+01
Adam [  299] loss: 6.5618e-02
Adam [    0] loss: 3.1366e+01
Adam [  299] loss: 3.4472e-01
Adam [    0] loss: 3.3446e+01
Adam [  299] loss: 1.7270e-01
Adam [    0] loss: 5.8868e+01
Adam [  299] loss: 1.0230e+00
Adam [    0] loss: 2.9462e+02
Adam [  299] loss: 2.5975e+01
Adam [    0] loss: 7.2741e+01
Adam [  299] loss: 1.6971e+01
Adam [    0] loss: 6.1000e+01
Adam [  299] loss: 1.3143e+00
Adam [    0] loss: 7.4844e+01
Adam [  299] loss: 2.7459e+01
Adam [    0] loss: 4.7716e+01
Adam [  299] loss: 2.9081e-01
Adam [    0] loss: 3.3565e+01
Adam [  299] loss: 1.6424e-01
Adam [    0] loss: 6.4623e+01
Adam [  299] loss: 2.7380e+01
Adam [    0] loss: 1.4487e+02
Adam [  299] loss: 2.7416e+01
Adam [    0] loss: 8.1235e+01
Adam [  299] loss: 2.3783e-01
Adam [    0] loss: 5.2111e+01
Adam [  299] loss: 9.3849e-02
Adam [    0] loss: 4.3522e+01
Adam [  299] loss: 2.1124e-01
Adam [    0] loss: 4.6955e+01
Adam [  299] loss: 2.6728e-01
Adam [    0] loss: 4.9434e+01
Adam [  299] loss: 9.3172e-02
Adam [    0] loss: 3.7363e+01
Adam [  299] loss: 3.4572e-01
Adam [    0] loss: 1.2490e+02
Adam [  299] loss: 2.2235e+01
Adam [    0] loss: 4.3716e+01
Adam [  299] loss: 1.6076e+01
Adam [    0] loss: 3.6680e+01
Adam [  299] loss: 1.7219e-01
Adam [    0] loss: 3.6837e+01
Adam [  299] loss: 1.4971e-01
Adam [    0] loss: 1.1045e+02
Adam [  299] loss: 2.5618e-01
Adam [    0] loss: 4.1023e+01
Adam [  299] loss: 2.1436e-01
Adam [    0] loss: 6.9014e+01
Adam [  299] loss: 3.5397e-01
Adam [    0] loss: 3.5380e+01
Adam [  299] loss: 8.0695e-02
Adam [    0] loss: 5.3243e+01
Adam [  299] loss: 3.2937e-01
    20 |      600 |      4 |  0.000000E+00 |             f
Best architecture from NSGA-III: layers=4, neurons=181
Adam [    0] loss: 6.2804e+01
Adam [ 2000] loss: 5.3395e-03
Adam [ 4000] loss: 1.4772e-03
Adam [ 6000] loss: 6.7154e-04
Adam [ 8000] loss: 1.1672e-02
Adam [10000] loss: 3.6130e-02
Adam [11999] loss: 1.3768e-02

L-BFGS refinement...
Saved plot: results/pipeline_runs/20260303_222758_advection_burgers2d/artifacts/advection/nsga3/paper_beta_0.100/run_01/stage_adam/loss_curve.png
Saved plot: results/pipeline_runs/20260303_222758_advection_burgers2d/artifacts/advection/nsga3/paper_beta_0.100/run_01/stage_adam/result_comparison.png
Saved plot: results/pipeline_runs/20260303_222758_advection_burgers2d/artifacts/advection/nsga3/paper_beta_0.100/run_01/stage_adam/advection_heatmap.png
Saved plot: results/pipeline_runs/20260303_222758_advection_burgers2d/artifacts/advection/nsga3/paper_beta_0.100/run_01/stage_adam/advection_time_slices_exact_vs_pred.png
Saved plot: results/pipeline_runs/20260303_222758_advection_burgers2d/artifacts/advection/nsga3/paper_beta_0.100/run_01/stage_lbfgs/loss_curve.png
Saved plot: results/pipeline_runs/20260303_222758_advection_burgers2d/artifacts/advection/nsga3/paper_beta_0.100/run_01/stage_lbfgs/result_comparison.png
Saved plot: results/pipeline_runs/20260303_222758_advection_burgers2d/artifacts/advection/nsga3/paper_beta_0.100/run_01/stage_lbfgs/advection_heatmap.png
Saved plot: results/pipeline_runs/20260303_222758_advection_burgers2d/artifacts/advection/nsga3/paper_beta_0.100/run_01/stage_lbfgs/advection_time_slices_exact_vs_pred.png
Selected best stage: lbfgs (rel_l2=1.2272e-02)
Run time: 532.35 s
Saved summary: results/pipeline_runs/20260303_222758_advection_burgers2d/artifacts/advection/nsga3/paper_beta_0.100/run_01/search_summary.csv
Starting NSGA-III architecture search: beta=0.100
Adam [    0] loss: 4.5798e+01
Adam [  299] loss: 9.3356e-02
Adam [    0] loss: 3.6312e+01
Adam [  299] loss: 1.3779e-01
Adam [    0] loss: 3.6644e+01
Adam [  299] loss: 1.1303e-01
Adam [    0] loss: 3.4498e+01
Adam [  299] loss: 1.7046e-01
Adam [    0] loss: 4.7322e+01
Adam [  299] loss: 5.5856e-01
Adam [    0] loss: 8.0196e+01
Adam [  299] loss: 1.8509e+01
Adam [    0] loss: 3.6989e+01
Adam [  299] loss: 1.1199e-01
Adam [    0] loss: 7.8375e+01
Adam [  299] loss: 3.6720e-01
Adam [    0] loss: 3.8254e+01
Adam [  299] loss: 1.4694e-01
Adam [    0] loss: 6.3528e+01
Adam [  299] loss: 1.9380e-01
Adam [    0] loss: 5.8882e+01
Adam [  299] loss: 7.6929e-02
Adam [    0] loss: 4.1242e+01
Adam [  299] loss: 2.0722e-01
Adam [    0] loss: 9.9252e+01
Adam [  299] loss: 1.7779e-01
Adam [    0] loss: 9.8887e+01
Adam [  299] loss: 1.3850e+01
Adam [    0] loss: 4.1774e+01
Adam [  299] loss: 2.8569e+01
Adam [    0] loss: 5.5141e+01
Adam [  299] loss: 2.9232e+00
Adam [    0] loss: 5.3404e+01
Adam [  299] loss: 1.2514e-01
Adam [    0] loss: 4.5910e+01
Adam [  299] loss: 1.4179e-01
Adam [    0] loss: 3.9784e+01
Adam [  299] loss: 9.2215e-02
Adam [    0] loss: 5.4412e+01
Adam [  299] loss: 2.8028e-01
Adam [    0] loss: 3.3474e+01
Adam [  299] loss: 2.0231e-01
Adam [    0] loss: 4.6412e+01
Adam [  299] loss: 1.2184e-01
Adam [    0] loss: 3.8130e+01
Adam [  299] loss: 2.3251e-01
Adam [    0] loss: 8.5354e+01
Adam [  299] loss: 1.9251e-01
Adam [    0] loss: 9.1747e+01
Adam [  299] loss: 1.8250e-01
Adam [    0] loss: 4.2939e+01
Adam [  299] loss: 8.5995e-02
Adam [    0] loss: 3.2153e+01
Adam [  299] loss: 1.2185e+01
Adam [    0] loss: 4.4200e+01
Adam [  299] loss: 1.0139e-01
Adam [    0] loss: 3.4008e+01
Adam [  299] loss: 5.4106e-01
Adam [    0] loss: 5.0127e+01
Adam [  299] loss: 4.1668e-01
==========================================================
n_gen  |  n_eval  | n_nds  |      eps      |   indicator  
==========================================================
     1 |       30 |      3 |             - |             -
Adam [    0] loss: 5.2117e+01
Adam [  299] loss: 1.4653e-01
Adam [    0] loss: 3.2967e+01
Adam [  299] loss: 2.9641e-01
Adam [    0] loss: 4.1297e+01
Adam [  299] loss: 2.7014e-01
Adam [    0] loss: 3.5681e+01
Adam [  299] loss: 1.8867e-01
Adam [    0] loss: 4.1308e+01
Adam [  299] loss: 1.3336e-01
Adam [    0] loss: 4.0475e+01
Adam [  299] loss: 6.2435e-02
Adam [    0] loss: 6.1312e+01
Adam [  299] loss: 4.4828e-01
Adam [    0] loss: 9.2085e+01
Adam [  299] loss: 1.2046e+00
Adam [    0] loss: 3.8219e+01
Adam [  299] loss: 1.2717e-01
Adam [    0] loss: 1.2015e+02
Adam [  299] loss: 1.5221e+00
Adam [    0] loss: 3.7842e+01
Adam [  299] loss: 1.4395e-01
Adam [    0] loss: 7.4266e+01
Adam [  299] loss: 1.0144e+00
Adam [    0] loss: 3.6337e+01
Adam [  299] loss: 4.5795e-01
Adam [    0] loss: 3.9314e+01
Adam [  299] loss: 3.3172e-01
Adam [    0] loss: 3.2828e+01
Adam [  299] loss: 1.4729e-01
Adam [    0] loss: 4.6349e+01
Adam [  299] loss: 1.0425e-01
Adam [    0] loss: 4.0700e+01
Adam [  299] loss: 1.9412e+01
Adam [    0] loss: 3.8492e+01
Adam [  299] loss: 6.1221e-02
Adam [    0] loss: 4.5276e+01
Adam [  299] loss: 1.1055e-01
Adam [    0] loss: 3.2821e+01
Adam [  299] loss: 2.4987e-01
Adam [    0] loss: 5.2693e+01
Adam [  299] loss: 2.5843e-01
Adam [    0] loss: 4.3485e+01
Adam [  299] loss: 2.2446e-01
Adam [    0] loss: 3.2799e+01
Adam [  299] loss: 2.6866e-01
Adam [    0] loss: 3.6888e+01
Adam [  299] loss: 3.0360e-01
Adam [    0] loss: 5.6062e+01
Adam [  299] loss: 2.3084e-01
Adam [    0] loss: 4.5028e+01
Adam [  299] loss: 8.4457e-02
Adam [    0] loss: 4.3210e+01
Adam [  299] loss: 7.4655e-02
Adam [    0] loss: 3.6777e+01
Adam [  299] loss: 8.6453e-02
Adam [    0] loss: 4.5108e+01
Adam [  299] loss: 4.9190e-01
Adam [    0] loss: 6.1813e+01
Adam [  299] loss: 2.9819e-01
     2 |       60 |      3 |  0.0441915153 |         ideal
Adam [    0] loss: 5.8399e+01
Adam [  299] loss: 2.1679e+01
Adam [    0] loss: 3.8523e+01
Adam [  299] loss: 2.2645e-01
Adam [    0] loss: 4.3148e+01
Adam [  299] loss: 1.8972e+01
Adam [    0] loss: 3.7707e+01
Adam [  299] loss: 2.7701e-01
Adam [    0] loss: 3.6498e+01
Adam [  299] loss: 5.9411e+00
Adam [    0] loss: 3.8663e+01
Adam [  299] loss: 1.5885e-01
Adam [    0] loss: 3.0955e+01
Adam [  299] loss: 2.4491e+01
Adam [    0] loss: 8.6004e+01
Adam [  299] loss: 2.5406e+01
Adam [    0] loss: 6.0835e+01
Adam [  299] loss: 1.7128e-01
Adam [    0] loss: 3.8741e+01
Adam [  299] loss: 1.2133e-01
Adam [    0] loss: 6.3773e+01
Adam [  299] loss: 2.2324e-01
Adam [    0] loss: 3.4238e+01
Adam [  299] loss: 6.3882e+00
Adam [    0] loss: 4.4753e+01
Adam [  299] loss: 1.3009e-01
Adam [    0] loss: 3.1006e+01
Adam [  299] loss: 9.6721e-02
Adam [    0] loss: 6.1798e+01
Adam [  299] loss: 7.2343e-02
Adam [    0] loss: 3.5686e+01
Adam [  299] loss: 7.6989e-01
Adam [    0] loss: 3.2293e+01
Adam [  299] loss: 4.2960e-01
Adam [    0] loss: 3.4167e+01
Adam [  299] loss: 2.2244e-01
Adam [    0] loss: 6.4537e+01
Adam [  299] loss: 1.9656e-01
Adam [    0] loss: 3.6224e+01
Adam [  299] loss: 9.6716e+00
Adam [    0] loss: 4.3205e+01
Adam [  299] loss: 2.1971e-01
Adam [    0] loss: 1.1374e+02
Adam [  299] loss: 1.2593e+00
Adam [    0] loss: 4.3116e+01
Adam [  299] loss: 2.7048e-01
Adam [    0] loss: 7.2484e+01
Adam [  299] loss: 8.5106e-02
Adam [    0] loss: 3.2024e+01
Adam [  299] loss: 1.0254e-01
Adam [    0] loss: 3.4082e+01
Adam [  299] loss: 1.0952e-01
Adam [    0] loss: 1.0401e+02
Adam [  299] loss: 4.4154e-01
Adam [    0] loss: 4.1310e+01
Adam [  299] loss: 1.2625e-01
Adam [    0] loss: 3.9293e+01
Adam [  299] loss: 3.2137e-01
Adam [    0] loss: 3.2048e+01
Adam [  299] loss: 2.3637e-01
     3 |       90 |      2 |  0.000000E+00 |             f
Adam [    0] loss: 8.2564e+01
Adam [  299] loss: 2.1563e-01
Adam [    0] loss: 6.1891e+01
Adam [  299] loss: 3.8490e-01
Adam [    0] loss: 4.3183e+01
Adam [  299] loss: 1.1887e+00
Adam [    0] loss: 8.9315e+01
Adam [  299] loss: 3.9189e-01
Adam [    0] loss: 6.7694e+01
Adam [  299] loss: 2.5966e+01
Adam [    0] loss: 7.2170e+01
Adam [  299] loss: 2.9039e-01
Adam [    0] loss: 3.5751e+01
Adam [  299] loss: 1.4705e-01
Adam [    0] loss: 5.2643e+01
Adam [  299] loss: 2.1511e-01
Adam [    0] loss: 4.6784e+01
Adam [  299] loss: 3.7586e-01
Adam [    0] loss: 1.1474e+02
Adam [  299] loss: 4.0801e-01
Adam [    0] loss: 1.5177e+02
Adam [  299] loss: 8.3535e+00
Adam [    0] loss: 7.9192e+01
Adam [  299] loss: 2.6018e-01
Adam [    0] loss: 4.1400e+01
Adam [  299] loss: 2.9941e-01
Adam [    0] loss: 1.0296e+02
Adam [  299] loss: 1.0765e+01
Adam [    0] loss: 3.3997e+01
Adam [  299] loss: 4.1236e-01
Adam [    0] loss: 4.6857e+01
Adam [  299] loss: 2.0450e-01
Adam [    0] loss: 5.0068e+01
Adam [  299] loss: 1.7856e-01
Adam [    0] loss: 5.9347e+01
Adam [  299] loss: 9.8146e-02
Adam [    0] loss: 5.2025e+01
Adam [  299] loss: 1.8379e-01
Adam [    0] loss: 4.1444e+01
Adam [  299] loss: 1.5170e-01
Adam [    0] loss: 4.1830e+01
Adam [  299] loss: 2.0171e-01
Adam [    0] loss: 4.2064e+01
Adam [  299] loss: 2.8110e-01
Adam [    0] loss: 3.5614e+01
Adam [  299] loss: 5.9659e-01
Adam [    0] loss: 3.1471e+01
Adam [  299] loss: 3.3738e-01
Adam [    0] loss: 3.5512e+01
Adam [  299] loss: 6.8741e-02
Adam [    0] loss: 5.6533e+01
Adam [  299] loss: 1.2327e-01
Adam [    0] loss: 3.0980e+01
Adam [  299] loss: 1.1125e-01
Adam [    0] loss: 3.2289e+01
Adam [  299] loss: 2.2731e-01
Adam [    0] loss: 3.0970e+01
Adam [  299] loss: 3.3570e-01
Adam [    0] loss: 5.9025e+01
Adam [  299] loss: 1.8861e-01
     4 |      120 |      2 |  0.0351990491 |         ideal
Adam [    0] loss: 7.5264e+01
Adam [  299] loss: 1.5012e+00
Adam [    0] loss: 1.2633e+02
Adam [  299] loss: 1.0884e+00
Adam [    0] loss: 5.4187e+01
Adam [  299] loss: 5.8282e-01
Adam [    0] loss: 4.8842e+01
Adam [  299] loss: 7.7174e-02
Adam [    0] loss: 6.8185e+01
Adam [  299] loss: 8.6871e-01
Adam [    0] loss: 4.8413e+01
Adam [  299] loss: 8.2978e-02
Adam [    0] loss: 3.6655e+01
Adam [  299] loss: 8.7677e-02
Adam [    0] loss: 7.2099e+01
Adam [  299] loss: 2.6368e+01
Adam [    0] loss: 5.8929e+01
Adam [  299] loss: 7.8197e+00
Adam [    0] loss: 7.7221e+01
Adam [  299] loss: 5.3978e-01
Adam [    0] loss: 4.9314e+01
Adam [  299] loss: 2.3430e-01
Adam [    0] loss: 3.0476e+01
Adam [  299] loss: 1.5622e+00
Adam [    0] loss: 1.2531e+02
Adam [  299] loss: 2.3026e-01
Adam [    0] loss: 3.3846e+01
Adam [  299] loss: 1.8922e-01
Adam [    0] loss: 3.1844e+01
Adam [  299] loss: 2.8043e-01
Adam [    0] loss: 5.1490e+01
Adam [  299] loss: 9.3604e-01
Adam [    0] loss: 1.3034e+02
Adam [  299] loss: 1.4416e-01
Adam [    0] loss: 7.0775e+01
Adam [  299] loss: 5.2920e-01
Adam [    0] loss: 7.9718e+01
Adam [  299] loss: 4.9756e-01
Adam [    0] loss: 3.7906e+01
Adam [  299] loss: 3.3965e-01
Adam [    0] loss: 7.1004e+01
Adam [  299] loss: 9.3855e-01
Adam [    0] loss: 4.5761e+01
Adam [  299] loss: 5.1609e-01
Adam [    0] loss: 6.4135e+01
Adam [  299] loss: 8.9127e-02
Adam [    0] loss: 9.8044e+01
Adam [  299] loss: 1.0878e-01
Adam [    0] loss: 3.6834e+01
Adam [  299] loss: 2.7971e-01
Adam [    0] loss: 3.3084e+01
Adam [  299] loss: 6.2012e-02
Adam [    0] loss: 3.2917e+01
Adam [  299] loss: 2.9559e-01
Adam [    0] loss: 5.4650e+01
Adam [  299] loss: 2.6920e+01
Adam [    0] loss: 3.1151e+01
Adam [  299] loss: 9.4186e-02
Adam [    0] loss: 4.8920e+01
Adam [  299] loss: 6.5428e-02
     5 |      150 |      4 |  0.0383510885 |         ideal
Adam [    0] loss: 3.1916e+01
Adam [  299] loss: 4.6392e-01
Adam [    0] loss: 3.1132e+01
Adam [  299] loss: 1.0434e-01
Adam [    0] loss: 7.1594e+01
Adam [  299] loss: 8.9437e+00
Adam [    0] loss: 4.4712e+01
Adam [  299] loss: 2.7887e-01
Adam [    0] loss: 7.0430e+01
Adam [  299] loss: 1.6167e+00
Adam [    0] loss: 3.0684e+02
Adam [  299] loss: 2.7148e+01
Adam [    0] loss: 5.0942e+01
Adam [  299] loss: 1.0125e-01
Adam [    0] loss: 4.3868e+01
Adam [  299] loss: 1.8047e-01
Adam [    0] loss: 1.1059e+02
Adam [  299] loss: 1.8669e-01
Adam [    0] loss: 3.3730e+01
Adam [  299] loss: 3.4031e-01
Adam [    0] loss: 4.4296e+01
Adam [  299] loss: 1.0484e-01
Adam [    0] loss: 3.2375e+01
Adam [  299] loss: 6.0882e-02
Adam [    0] loss: 4.7415e+01
Adam [  299] loss: 8.9284e-02
Adam [    0] loss: 1.6774e+02
Adam [  299] loss: 1.6001e+01
Adam [    0] loss: 3.8717e+01
Adam [  299] loss: 2.6143e-01
Adam [    0] loss: 7.6402e+01
Adam [  299] loss: 4.4640e-01
Adam [    0] loss: 9.2698e+01
Adam [  299] loss: 1.9773e-01
Adam [    0] loss: 1.1527e+02
Adam [  299] loss: 2.7769e+01
Adam [    0] loss: 6.8296e+01
Adam [  299] loss: 1.4271e-01
Adam [    0] loss: 3.8151e+01
Adam [  299] loss: 1.1142e+01
Adam [    0] loss: 4.0252e+01
Adam [  299] loss: 2.3701e-01
Adam [    0] loss: 3.1028e+01
Adam [  299] loss: 2.0267e-01
Adam [    0] loss: 3.8744e+01
Adam [  299] loss: 2.3836e-01
Adam [    0] loss: 4.1617e+01
Adam [  299] loss: 2.3358e-01
Adam [    0] loss: 8.3526e+01
Adam [  299] loss: 9.2389e-01
Adam [    0] loss: 1.0890e+02
Adam [  299] loss: 2.3060e-01
Adam [    0] loss: 3.5058e+01
Adam [  299] loss: 1.8881e+01
Adam [    0] loss: 3.5178e+01
Adam [  299] loss: 6.4891e-02
Adam [    0] loss: 3.2148e+01
Adam [  299] loss: 1.1677e-01
Adam [    0] loss: 5.4487e+01
Adam [  299] loss: 3.7110e-01
     6 |      180 |      5 |  0.0244680454 |             f
Adam [    0] loss: 1.2940e+02
Adam [  299] loss: 4.6639e+00
Adam [    0] loss: 4.6318e+01
Adam [  299] loss: 1.8021e-01
Adam [    0] loss: 8.4755e+01
Adam [  299] loss: 2.9570e+00
Adam [    0] loss: 5.2120e+01
Adam [  299] loss: 6.4861e-01
Adam [    0] loss: 4.1456e+01
Adam [  299] loss: 2.2720e-01
Adam [    0] loss: 3.6916e+01
Adam [  299] loss: 2.0427e-01
Adam [    0] loss: 8.5952e+01
Adam [  299] loss: 2.9797e-01
Adam [    0] loss: 4.9023e+01
Adam [  299] loss: 2.6656e+01
Adam [    0] loss: 3.6044e+01
Adam [  299] loss: 1.8398e-01
Adam [    0] loss: 4.7245e+01
Adam [  299] loss: 1.8932e+01
Adam [    0] loss: 9.8626e+01
Adam [  299] loss: 1.9739e+01
Adam [    0] loss: 6.5186e+01
Adam [  299] loss: 9.2973e+00
Adam [    0] loss: 1.3057e+02
Adam [  299] loss: 8.5215e-01
Adam [    0] loss: 3.3032e+01
Adam [  299] loss: 3.0486e-01
Adam [    0] loss: 7.8790e+01
Adam [  299] loss: 3.1784e-01
Adam [    0] loss: 6.7496e+01
Adam [  299] loss: 6.3118e-01
Adam [    0] loss: 5.4647e+01
Adam [  299] loss: 2.8624e+01
Adam [    0] loss: 5.4742e+01
Adam [  299] loss: 1.5602e+01
Adam [    0] loss: 4.3405e+01
Adam [  299] loss: 6.9859e-01
Adam [    0] loss: 3.4541e+01
Adam [  299] loss: 2.8343e-01
Adam [    0] loss: 5.3992e+01
Adam [  299] loss: 1.0020e-01
Adam [    0] loss: 3.9379e+01
Adam [  299] loss: 7.1101e-02
Adam [    0] loss: 3.1593e+01
Adam [  299] loss: 5.8250e-01
Adam [    0] loss: 9.6422e+01
Adam [  299] loss: 1.9330e+01
Adam [    0] loss: 6.4056e+01
Adam [  299] loss: 2.0239e-01
Adam [    0] loss: 3.5544e+01
Adam [  299] loss: 1.9150e-01
Adam [    0] loss: 3.8483e+01
Adam [  299] loss: 2.5097e+00
Adam [    0] loss: 4.2895e+01
Adam [  299] loss: 1.2619e-01
Adam [    0] loss: 7.1924e+01
Adam [  299] loss: 2.1751e+01
Adam [    0] loss: 1.0993e+02
Adam [  299] loss: 8.4211e-02
     7 |      210 |      3 |  0.0394893913 |             f
Adam [    0] loss: 9.6753e+01
Adam [  299] loss: 2.6968e-01
Adam [    0] loss: 8.3507e+01
Adam [  299] loss: 1.1905e-01
Adam [    0] loss: 4.3316e+01
Adam [  299] loss: 4.1622e-01
Adam [    0] loss: 7.8029e+01
Adam [  299] loss: 3.3325e-01
Adam [    0] loss: 9.0041e+01
Adam [  299] loss: 6.7875e-02
Adam [    0] loss: 4.3539e+01
Adam [  299] loss: 2.5264e-01
Adam [    0] loss: 3.5902e+01
Adam [  299] loss: 1.6919e-01
Adam [    0] loss: 4.0745e+01
Adam [  299] loss: 1.9934e-01
Adam [    0] loss: 7.4442e+01
Adam [  299] loss: 1.8884e-01
Adam [    0] loss: 3.7136e+01
Adam [  299] loss: 5.8872e-01
Adam [    0] loss: 8.9794e+01
Adam [  299] loss: 1.5186e-01
Adam [    0] loss: 4.2756e+01
Adam [  299] loss: 5.1493e-01
Adam [    0] loss: 3.3418e+01
Adam [  299] loss: 1.3014e+00
Adam [    0] loss: 4.1078e+01
Adam [  299] loss: 1.1057e-01
Adam [    0] loss: 3.4471e+01
Adam [  299] loss: 4.0447e-01
Adam [    0] loss: 4.0987e+01
Adam [  299] loss: 5.0125e-01
Adam [    0] loss: 3.2912e+01
Adam [  299] loss: 8.4183e-02
Adam [    0] loss: 4.6652e+01
Adam [  299] loss: 9.8048e-02
Adam [    0] loss: 3.5618e+01
Adam [  299] loss: 4.0803e-01
Adam [    0] loss: 8.7685e+01
Adam [  299] loss: 8.0367e+00
Adam [    0] loss: 4.8986e+01
Adam [  299] loss: 2.3961e-01
Adam [    0] loss: 4.3328e+01
Adam [  299] loss: 8.9495e-01
Adam [    0] loss: 3.6842e+01
Adam [  299] loss: 2.3098e+00
Adam [    0] loss: 5.7505e+01
Adam [  299] loss: 1.8211e-01
Adam [    0] loss: 5.1442e+01
Adam [  299] loss: 2.8669e+00
Adam [    0] loss: 4.3530e+01
Adam [  299] loss: 1.8672e-01
Adam [    0] loss: 5.0587e+01
Adam [  299] loss: 5.4567e-01
Adam [    0] loss: 2.7697e+02
Adam [  299] loss: 1.5824e+01
Adam [    0] loss: 7.6032e+01
Adam [  299] loss: 3.4142e-01
Adam [    0] loss: 7.1020e+01
Adam [  299] loss: 3.0585e+00
     8 |      240 |      3 |  0.9318918296 |         nadir
Adam [    0] loss: 3.3426e+01
Adam [  299] loss: 1.5606e-01
Adam [    0] loss: 4.4127e+01
Adam [  299] loss: 1.3700e-01
Adam [    0] loss: 4.7461e+01
Adam [  299] loss: 8.4047e-01
Adam [    0] loss: 3.8506e+01
Adam [  299] loss: 2.4715e-01
Adam [    0] loss: 4.3586e+01
Adam [  299] loss: 1.7132e-01
Adam [    0] loss: 8.8617e+01
Adam [  299] loss: 1.5456e+01
Adam [    0] loss: 7.2875e+01
Adam [  299] loss: 2.1548e+01
Adam [    0] loss: 6.7097e+01
Adam [  299] loss: 7.4051e-01
Adam [    0] loss: 5.2899e+01
Adam [  299] loss: 1.2788e+00
Adam [    0] loss: 7.5918e+01
Adam [  299] loss: 9.5763e+00
Adam [    0] loss: 1.0236e+02
Adam [  299] loss: 1.2644e+01
Adam [    0] loss: 2.6227e+02
Adam [  299] loss: 1.9316e+01
Adam [    0] loss: 7.2603e+01
Adam [  299] loss: 2.7952e+01
Adam [    0] loss: 6.8858e+01
Adam [  299] loss: 1.2733e-01
Adam [    0] loss: 5.2308e+01
Adam [  299] loss: 2.8648e-01
Adam [    0] loss: 3.3196e+01
Adam [  299] loss: 1.0562e+00
Adam [    0] loss: 3.1026e+01
Adam [  299] loss: 3.7949e-01
Adam [    0] loss: 4.6056e+01
Adam [  299] loss: 2.1566e-01
Adam [    0] loss: 6.4409e+01
Adam [  299] loss: 3.9853e-01
Adam [    0] loss: 6.0801e+01
Adam [  299] loss: 1.2181e+00
Adam [    0] loss: 1.3399e+02
Adam [  299] loss: 2.9066e+01
Adam [    0] loss: 3.7411e+01
Adam [  299] loss: 2.9587e-01
Adam [    0] loss: 5.0895e+01
Adam [  299] loss: 2.6532e+01
Adam [    0] loss: 3.5742e+01
Adam [  299] loss: 2.8973e-01
Adam [    0] loss: 3.2681e+01
Adam [  299] loss: 4.2184e-01
Adam [    0] loss: 3.3109e+01
Adam [  299] loss: 7.3731e-02
Adam [    0] loss: 3.7537e+01
Adam [  299] loss: 7.5806e+00
Adam [    0] loss: 6.6055e+01
Adam [  299] loss: 3.1022e+00
Adam [    0] loss: 3.7840e+01
Adam [  299] loss: 9.8178e-01
Adam [    0] loss: 6.1149e+01
Adam [  299] loss: 1.2891e+00
     9 |      270 |      4 |  0.2939083918 |             f
Adam [    0] loss: 5.5441e+01
Adam [  299] loss: 5.7176e-02
Adam [    0] loss: 3.5721e+01
Adam [  299] loss: 9.0093e-01
Adam [    0] loss: 4.7978e+01
Adam [  299] loss: 1.5819e-01
Adam [    0] loss: 1.0693e+02
Adam [  299] loss: 4.4572e+00
Adam [    0] loss: 9.3298e+01
Adam [  299] loss: 2.1938e+01
Adam [    0] loss: 5.5541e+01
Adam [  299] loss: 7.2157e-01
Adam [    0] loss: 3.4760e+01
Adam [  299] loss: 3.7560e-01
Adam [    0] loss: 4.6364e+01
Adam [  299] loss: 8.6111e-01
Adam [    0] loss: 4.3677e+01
Adam [  299] loss: 5.9755e-01
Adam [    0] loss: 3.9325e+01
Adam [  299] loss: 5.5963e-01
Adam [    0] loss: 3.8143e+01
Adam [  299] loss: 1.1916e-01
Adam [    0] loss: 3.8275e+01
Adam [  299] loss: 1.7902e-01
Adam [    0] loss: 6.2063e+01
Adam [  299] loss: 7.4685e-01
Adam [    0] loss: 5.5516e+01
Adam [  299] loss: 3.7551e-01
Adam [    0] loss: 4.9409e+01
Adam [  299] loss: 1.9470e-01
Adam [    0] loss: 4.3778e+01
Adam [  299] loss: 1.9343e-01
Adam [    0] loss: 7.7907e+01
Adam [  299] loss: 4.2695e-01
Adam [    0] loss: 6.0338e+01
Adam [  299] loss: 1.9588e-01
Adam [    0] loss: 4.4663e+01
Adam [  299] loss: 2.8354e-01
Adam [    0] loss: 1.0576e+02
Adam [  299] loss: 2.5169e+01
Adam [    0] loss: 4.8191e+01
Adam [  299] loss: 2.4587e+01
Adam [    0] loss: 3.3992e+01
Adam [  299] loss: 1.5677e-01
Adam [    0] loss: 9.2280e+01
Adam [  299] loss: 1.0415e+00
Adam [    0] loss: 6.0128e+01
Adam [  299] loss: 4.0510e-01
Adam [    0] loss: 7.2067e+01
Adam [  299] loss: 2.7274e+01
Adam [    0] loss: 3.1400e+01
Adam [  299] loss: 2.7603e-01
Adam [    0] loss: 1.5035e+02
Adam [  299] loss: 2.9167e+01
Adam [    0] loss: 9.3621e+01
Adam [  299] loss: 4.8552e-01
Adam [    0] loss: 1.0178e+02
Adam [  299] loss: 4.9543e-01
Adam [    0] loss: 4.0281e+01
Adam [  299] loss: 2.2521e+01
    10 |      300 |      4 |  0.0069264600 |         ideal
Adam [    0] loss: 3.5763e+01
Adam [  299] loss: 3.8120e-01
Adam [    0] loss: 4.4703e+01
Adam [  299] loss: 9.3642e-01
Adam [    0] loss: 4.0321e+01
Adam [  299] loss: 4.4996e-01
Adam [    0] loss: 4.0098e+01
Adam [  299] loss: 1.8018e-01
Adam [    0] loss: 4.7137e+01
Adam [  299] loss: 1.9299e-01
Adam [    0] loss: 5.4745e+01
Adam [  299] loss: 9.7433e-01
Adam [    0] loss: 5.3484e+01
Adam [  299] loss: 7.1434e-02
Adam [    0] loss: 4.3925e+01
Adam [  299] loss: 1.7737e+01
Adam [    0] loss: 3.2111e+01
Adam [  299] loss: 4.3952e-01
Adam [    0] loss: 5.8563e+01
Adam [  299] loss: 1.6767e+00
Adam [    0] loss: 3.3110e+01
Adam [  299] loss: 1.2764e-01
Adam [    0] loss: 5.3016e+01
Adam [  299] loss: 2.8823e-01
Adam [    0] loss: 3.2687e+01
Adam [  299] loss: 7.9931e-02
Adam [    0] loss: 2.3030e+02
Adam [  299] loss: 8.1255e+00
Adam [    0] loss: 5.2828e+01
Adam [  299] loss: 4.4016e-01
Adam [    0] loss: 3.5571e+01
Adam [  299] loss: 2.7281e-01
Adam [    0] loss: 4.8362e+01
Adam [  299] loss: 4.2641e-01
Adam [    0] loss: 9.5307e+01
Adam [  299] loss: 2.7104e+01
Adam [    0] loss: 6.9631e+01
Adam [  299] loss: 2.6583e-01
Adam [    0] loss: 3.2925e+01
Adam [  299] loss: 1.0690e-01
Adam [    0] loss: 1.1584e+02
Adam [  299] loss: 5.7286e+00
Adam [    0] loss: 6.3003e+01
Adam [  299] loss: 9.9697e-01
Adam [    0] loss: 4.0198e+01
Adam [  299] loss: 8.1118e-02
Adam [    0] loss: 7.9968e+01
Adam [  299] loss: 1.7826e-01
Adam [    0] loss: 1.3767e+02
Adam [  299] loss: 1.4346e+01
Adam [    0] loss: 3.2368e+02
Adam [  299] loss: 2.7824e+01
Adam [    0] loss: 1.3515e+02
Adam [  299] loss: 2.4702e+01
Adam [    0] loss: 3.4341e+01
Adam [  299] loss: 6.3075e-01
Adam [    0] loss: 4.8698e+01
Adam [  299] loss: 4.4777e-01
Adam [    0] loss: 4.7571e+01
Adam [  299] loss: 5.4191e-01
    11 |      330 |      3 |  0.0171216986 |         ideal
Adam [    0] loss: 1.0734e+02
Adam [  299] loss: 7.1913e+00
Adam [    0] loss: 8.2499e+01
Adam [  299] loss: 2.2320e-01
Adam [    0] loss: 3.1418e+01
Adam [  299] loss: 3.4618e-01
Adam [    0] loss: 1.0648e+02
Adam [  299] loss: 1.9707e+00
Adam [    0] loss: 6.7312e+01
Adam [  299] loss: 2.0013e+01
Adam [    0] loss: 8.1810e+01
Adam [  299] loss: 1.7428e+01
Adam [    0] loss: 3.1639e+01
Adam [  299] loss: 4.3807e-01
Adam [    0] loss: 1.1529e+02
Adam [  299] loss: 2.2329e+01
Adam [    0] loss: 3.9678e+01
Adam [  299] loss: 1.9087e-01
Adam [    0] loss: 6.7838e+01
Adam [  299] loss: 2.5379e+00
Adam [    0] loss: 7.0945e+01
Adam [  299] loss: 2.2774e+01
Adam [    0] loss: 7.5700e+01
Adam [  299] loss: 1.2249e+00
Adam [    0] loss: 9.0413e+01
Adam [  299] loss: 2.6007e-01
Adam [    0] loss: 3.7611e+01
Adam [  299] loss: 4.9897e-01
Adam [    0] loss: 1.0032e+02
Adam [  299] loss: 2.5008e+01
Adam [    0] loss: 6.8915e+01
Adam [  299] loss: 4.0766e-01
Adam [    0] loss: 3.3277e+01
Adam [  299] loss: 2.5886e-01
Adam [    0] loss: 3.2841e+01
Adam [  299] loss: 2.1832e+00
Adam [    0] loss: 5.9750e+01
Adam [  299] loss: 2.6410e-01
Adam [    0] loss: 3.3281e+01
Adam [  299] loss: 1.2539e-01
Adam [    0] loss: 5.6350e+01
Adam [  299] loss: 1.8597e-01
Adam [    0] loss: 1.1713e+02
Adam [  299] loss: 2.2684e+01
Adam [    0] loss: 5.6277e+01
Adam [  299] loss: 1.1593e+00
Adam [    0] loss: 3.3896e+01
Adam [  299] loss: 1.4997e-01
Adam [    0] loss: 7.1797e+01
Adam [  299] loss: 1.9845e-01
Adam [    0] loss: 1.1444e+02
Adam [  299] loss: 2.9140e+01
Adam [    0] loss: 8.1825e+01
Adam [  299] loss: 1.3949e+01
Adam [    0] loss: 1.2246e+02
Adam [  299] loss: 3.7174e+00
Adam [    0] loss: 4.3100e+01
Adam [  299] loss: 2.4656e-01
Adam [    0] loss: 6.3986e+01
Adam [  299] loss: 2.0126e-01
    12 |      360 |      3 |  0.000000E+00 |             f
Adam [    0] loss: 4.5899e+01
Adam [  299] loss: 6.9758e-01
Adam [    0] loss: 8.5283e+01
Adam [  299] loss: 1.0428e+00
Adam [    0] loss: 5.6075e+01
Adam [  299] loss: 2.7021e-01
Adam [    0] loss: 5.3635e+01
Adam [  299] loss: 5.4754e-01
Adam [    0] loss: 3.6384e+01
Adam [  299] loss: 1.0363e-01
Adam [    0] loss: 3.7434e+01
Adam [  299] loss: 5.8299e+00
Adam [    0] loss: 4.1762e+01
Adam [  299] loss: 1.7460e-01
Adam [    0] loss: 3.1701e+01
Adam [  299] loss: 3.0699e-01
Adam [    0] loss: 5.0472e+01
Adam [  299] loss: 2.8814e+01
Adam [    0] loss: 4.6204e+01
Adam [  299] loss: 1.5017e-01
Adam [    0] loss: 1.0457e+02
Adam [  299] loss: 1.8652e+00
Adam [    0] loss: 5.4923e+01
Adam [  299] loss: 1.1819e+01
Adam [    0] loss: 4.2417e+01
Adam [  299] loss: 1.1237e+01
Adam [    0] loss: 9.3065e+01
Adam [  299] loss: 1.6696e-01
Adam [    0] loss: 4.9331e+01
Adam [  299] loss: 7.8030e-01
Adam [    0] loss: 3.1706e+01
Adam [  299] loss: 1.4355e-01
Adam [    0] loss: 3.5852e+01
Adam [  299] loss: 4.4249e-01
Adam [    0] loss: 3.2603e+01
Adam [  299] loss: 1.5941e-01
Adam [    0] loss: 4.1576e+01
Adam [  299] loss: 3.3885e-01
Adam [    0] loss: 4.0001e+01
Adam [  299] loss: 2.9607e-01
Adam [    0] loss: 1.1787e+02
Adam [  299] loss: 1.0795e+01
Adam [    0] loss: 3.3258e+01
Adam [  299] loss: 5.7694e-01
Adam [    0] loss: 3.6756e+01
Adam [  299] loss: 1.8819e-01
Adam [    0] loss: 9.0704e+01
Adam [  299] loss: 9.8638e-01
Adam [    0] loss: 4.7886e+01
Adam [  299] loss: 1.9024e-01
Adam [    0] loss: 3.1439e+01
Adam [  299] loss: 7.8621e-02
Adam [    0] loss: 7.9467e+01
Adam [  299] loss: 1.5243e+01
Adam [    0] loss: 4.9129e+01
Adam [  299] loss: 9.4113e-02
Adam [    0] loss: 4.5001e+01
Adam [  299] loss: 1.3715e-01
Adam [    0] loss: 5.1838e+01
Adam [  299] loss: 1.8709e-01
    13 |      390 |      3 |  0.000000E+00 |             f
Adam [    0] loss: 5.7667e+01
Adam [  299] loss: 1.5395e+01
Adam [    0] loss: 2.0150e+02
Adam [  299] loss: 2.8408e+01
Adam [    0] loss: 4.2612e+01
Adam [  299] loss: 6.3951e-01
Adam [    0] loss: 4.3292e+01
Adam [  299] loss: 1.2418e+00
Adam [    0] loss: 4.2409e+01
Adam [  299] loss: 5.8564e-01
Adam [    0] loss: 4.4007e+01
Adam [  299] loss: 5.5456e+00
Adam [    0] loss: 4.5153e+01
Adam [  299] loss: 2.0809e-01
Adam [    0] loss: 4.0076e+01
Adam [  299] loss: 1.6091e-01
Adam [    0] loss: 3.2711e+01
Adam [  299] loss: 4.3299e-01
Adam [    0] loss: 6.3928e+01
Adam [  299] loss: 1.0160e-01
Adam [    0] loss: 3.1021e+01
Adam [  299] loss: 1.9279e-01
Adam [    0] loss: 3.4671e+01
Adam [  299] loss: 1.0294e-01
Adam [    0] loss: 7.8358e+01
Adam [  299] loss: 4.6428e-01
Adam [    0] loss: 4.0309e+01
Adam [  299] loss: 3.8271e-01
Adam [    0] loss: 3.1575e+01
Adam [  299] loss: 1.1079e+00
Adam [    0] loss: 7.7215e+01
Adam [  299] loss: 1.0953e-01
Adam [    0] loss: 4.0563e+01
Adam [  299] loss: 1.7189e-01
Adam [    0] loss: 1.7408e+02
Adam [  299] loss: 1.1884e+00
Adam [    0] loss: 3.8896e+01
Adam [  299] loss: 5.8387e-01
Adam [    0] loss: 6.3036e+01
Adam [  299] loss: 1.6081e+01
Adam [    0] loss: 1.0744e+02
Adam [  299] loss: 1.7232e+01
Adam [    0] loss: 4.4879e+01
Adam [  299] loss: 1.5790e-01
Adam [    0] loss: 9.9540e+01
Adam [  299] loss: 2.5799e+01
Adam [    0] loss: 1.8833e+02
Adam [  299] loss: 2.9561e+01
Adam [    0] loss: 4.3723e+01
Adam [  299] loss: 4.0196e-01
Adam [    0] loss: 8.2980e+01
Adam [  299] loss: 1.7056e-01
Adam [    0] loss: 7.5501e+01
Adam [  299] loss: 3.7418e-01
Adam [    0] loss: 3.9416e+01
Adam [  299] loss: 2.0500e-01
Adam [    0] loss: 1.0330e+02
Adam [  299] loss: 4.1691e-01
Adam [    0] loss: 1.7965e+02
Adam [  299] loss: 6.5084e+00
    14 |      420 |      3 |  0.000000E+00 |             f
Adam [    0] loss: 8.1386e+01
Adam [  299] loss: 7.3727e-01
Adam [    0] loss: 3.5413e+01
Adam [  299] loss: 1.7906e-01
Adam [    0] loss: 3.1246e+01
Adam [  299] loss: 1.7515e-01
Adam [    0] loss: 3.2438e+01
Adam [  299] loss: 1.9240e-01
Adam [    0] loss: 5.2238e+01
Adam [  299] loss: 2.2893e-01
Adam [    0] loss: 5.3202e+01
Adam [  299] loss: 5.9751e-01
Adam [    0] loss: 3.1926e+01
Adam [  299] loss: 6.8209e-02
Adam [    0] loss: 8.2381e+01
Adam [  299] loss: 8.5032e-01
Adam [    0] loss: 3.1656e+01
Adam [  299] loss: 7.3171e-02
Adam [    0] loss: 4.2895e+01
Adam [  299] loss: 1.4092e-01
Adam [    0] loss: 3.2536e+01
Adam [  299] loss: 3.3983e-01
Adam [    0] loss: 4.7125e+01
Adam [  299] loss: 1.7692e-01
Adam [    0] loss: 1.4442e+02
Adam [  299] loss: 6.1348e+00
Adam [    0] loss: 4.1656e+01
Adam [  299] loss: 3.2019e+00
Adam [    0] loss: 5.5027e+01
Adam [  299] loss: 3.1331e+00
Adam [    0] loss: 4.5348e+01
Adam [  299] loss: 1.0414e-01
Adam [    0] loss: 9.3444e+01
Adam [  299] loss: 1.7668e+01
Adam [    0] loss: 7.8496e+01
Adam [  299] loss: 7.7111e+00
Adam [    0] loss: 4.3479e+01
Adam [  299] loss: 2.0046e-01
Adam [    0] loss: 3.1552e+01
Adam [  299] loss: 1.4559e-01
Adam [    0] loss: 4.9031e+01
Adam [  299] loss: 8.0682e-01
Adam [    0] loss: 3.4551e+01
Adam [  299] loss: 2.9116e-01
Adam [    0] loss: 1.3575e+02
Adam [  299] loss: 2.9200e+01
Adam [    0] loss: 5.1154e+01
Adam [  299] loss: 7.4563e-02
Adam [    0] loss: 1.3948e+02
Adam [  299] loss: 1.5335e+00
Adam [    0] loss: 4.4090e+01
Adam [  299] loss: 1.3406e-01
Adam [    0] loss: 4.8593e+01
Adam [  299] loss: 2.6526e-01
Adam [    0] loss: 7.7793e+01
Adam [  299] loss: 5.0068e+00
Adam [    0] loss: 1.6003e+02
Adam [  299] loss: 2.9280e+01
Adam [    0] loss: 5.6484e+01
Adam [  299] loss: 4.8307e-01
    15 |      450 |      3 |  0.000000E+00 |             f
Adam [    0] loss: 3.9429e+01
Adam [  299] loss: 4.6488e-01
Adam [    0] loss: 3.8497e+01
Adam [  299] loss: 2.0263e-01
Adam [    0] loss: 5.7430e+01
Adam [  299] loss: 1.3131e-01
Adam [    0] loss: 5.3018e+01
Adam [  299] loss: 2.6593e-01
Adam [    0] loss: 4.4111e+01
Adam [  299] loss: 2.9408e-01
Adam [    0] loss: 4.7232e+01
Adam [  299] loss: 1.5086e-01
Adam [    0] loss: 4.0670e+01
Adam [  299] loss: 2.6704e+01
Adam [    0] loss: 4.5883e+01
Adam [  299] loss: 1.7647e+00
Adam [    0] loss: 8.5139e+01
Adam [  299] loss: 2.0946e-01
Adam [    0] loss: 6.2467e+01
Adam [  299] loss: 2.5075e+01
Adam [    0] loss: 3.1330e+01
Adam [  299] loss: 1.9209e-01
Adam [    0] loss: 4.6237e+01
Adam [  299] loss: 8.6565e+00
Adam [    0] loss: 4.5281e+01
Adam [  299] loss: 1.1534e-01
Adam [    0] loss: 3.4695e+01
Adam [  299] loss: 5.0294e+00
Adam [    0] loss: 5.7724e+01
Adam [  299] loss: 4.9818e-01
Adam [    0] loss: 4.6285e+01
Adam [  299] loss: 3.1999e-01
Adam [    0] loss: 7.8086e+01
Adam [  299] loss: 9.3156e+00
Adam [    0] loss: 4.6137e+01
Adam [  299] loss: 2.8028e+01
Adam [    0] loss: 4.5086e+01
Adam [  299] loss: 1.9399e-01
Adam [    0] loss: 1.5448e+02
Adam [  299] loss: 2.9407e+01
Adam [    0] loss: 6.2703e+01
Adam [  299] loss: 8.3730e-02
Adam [    0] loss: 3.7012e+01
Adam [  299] loss: 7.3078e-01
Adam [    0] loss: 1.1565e+02
Adam [  299] loss: 7.5556e-01
Adam [    0] loss: 4.6530e+01
Adam [  299] loss: 2.0699e-01
Adam [    0] loss: 4.1186e+01
Adam [  299] loss: 1.8418e-01
Adam [    0] loss: 4.2198e+01
Adam [  299] loss: 1.5765e-01
Adam [    0] loss: 1.2992e+02
Adam [  299] loss: 2.5703e+01
Adam [    0] loss: 8.6659e+01
Adam [  299] loss: 1.8786e-01
Adam [    0] loss: 3.3021e+01
Adam [  299] loss: 2.0520e-01
Adam [    0] loss: 3.2764e+01
Adam [  299] loss: 2.5599e-01
    16 |      480 |      3 |  0.000000E+00 |             f
Adam [    0] loss: 3.3562e+01
Adam [  299] loss: 4.6880e+00
Adam [    0] loss: 3.8649e+01
Adam [  299] loss: 5.3382e-01
Adam [    0] loss: 4.0370e+01
Adam [  299] loss: 4.6799e+00
Adam [    0] loss: 3.6222e+01
Adam [  299] loss: 3.8100e-01
Adam [    0] loss: 3.7764e+01
Adam [  299] loss: 1.1576e-01
Adam [    0] loss: 4.0931e+01
Adam [  299] loss: 8.9351e-01
Adam [    0] loss: 5.0989e+01
Adam [  299] loss: 5.0942e+00
Adam [    0] loss: 1.3650e+02
Adam [  299] loss: 2.5697e-01
Adam [    0] loss: 1.9657e+02
Adam [  299] loss: 1.6369e-01
Adam [    0] loss: 5.9910e+01
Adam [  299] loss: 2.4116e-01
Adam [    0] loss: 6.4887e+01
Adam [  299] loss: 2.6971e+01
Adam [    0] loss: 7.9637e+01
Adam [  299] loss: 8.4849e+00
Adam [    0] loss: 5.1357e+01
Adam [  299] loss: 3.0264e-01
Adam [    0] loss: 9.6627e+01
Adam [  299] loss: 1.3587e+00
Adam [    0] loss: 1.1318e+02
Adam [  299] loss: 1.8515e+01
Adam [    0] loss: 6.4273e+01
Adam [  299] loss: 1.8253e-01
Adam [    0] loss: 3.7509e+01
Adam [  299] loss: 6.8479e-02
Adam [    0] loss: 3.4760e+01
Adam [  299] loss: 6.2482e-02
Adam [    0] loss: 1.2137e+02
Adam [  299] loss: 5.3426e-01
Adam [    0] loss: 6.4235e+01
Adam [  299] loss: 1.1386e-01
Adam [    0] loss: 3.9316e+01
Adam [  299] loss: 5.1715e-01
Adam [    0] loss: 9.5090e+01
Adam [  299] loss: 3.8573e-01
Adam [    0] loss: 3.1004e+01
Adam [  299] loss: 1.3020e-01
Adam [    0] loss: 5.7366e+01
Adam [  299] loss: 8.2799e-02
Adam [    0] loss: 1.1704e+02
Adam [  299] loss: 1.9172e+01
Adam [    0] loss: 4.1107e+01
Adam [  299] loss: 5.7940e+00
Adam [    0] loss: 3.7230e+01
Adam [  299] loss: 2.4725e-01
Adam [    0] loss: 3.2412e+01
Adam [  299] loss: 2.5441e-01
Adam [    0] loss: 3.5095e+01
Adam [  299] loss: 7.3748e-02
Adam [    0] loss: 3.4292e+01
Adam [  299] loss: 1.0359e-01
    17 |      510 |      4 |  0.0119548242 |             f
Adam [    0] loss: 3.2046e+01
Adam [  299] loss: 4.6540e-01
Adam [    0] loss: 3.6032e+01
Adam [  299] loss: 2.7665e-01
Adam [    0] loss: 4.2405e+01
Adam [  299] loss: 7.6875e-02
Adam [    0] loss: 5.9770e+01
Adam [  299] loss: 1.0596e-01
Adam [    0] loss: 4.0553e+01
Adam [  299] loss: 4.5728e-01
Adam [    0] loss: 8.4305e+01
Adam [  299] loss: 1.1750e+01
Adam [    0] loss: 3.2067e+01
Adam [  299] loss: 2.2837e-01
Adam [    0] loss: 3.4715e+01
Adam [  299] loss: 6.9558e-02
Adam [    0] loss: 5.3444e+01
Adam [  299] loss: 4.8434e-01
Adam [    0] loss: 3.4131e+01
Adam [  299] loss: 1.0587e-01
Adam [    0] loss: 3.9895e+01
Adam [  299] loss: 4.2095e+00
Adam [    0] loss: 6.7342e+01
Adam [  299] loss: 1.6805e+01
Adam [    0] loss: 3.1877e+01
Adam [  299] loss: 1.4822e-01
Adam [    0] loss: 1.0049e+02
Adam [  299] loss: 5.0930e-01
Adam [    0] loss: 3.4249e+01
Adam [  299] loss: 6.8232e-02
Adam [    0] loss: 3.5463e+01
Adam [  299] loss: 7.8686e-01
Adam [    0] loss: 3.2706e+01
Adam [  299] loss: 4.0232e-01
Adam [    0] loss: 4.7495e+01
Adam [  299] loss: 1.0407e-01
Adam [    0] loss: 7.1330e+01
Adam [  299] loss: 3.3788e+00
Adam [    0] loss: 7.7950e+01
Adam [  299] loss: 8.0461e-02
Adam [    0] loss: 3.7981e+01
Adam [  299] loss: 4.5363e-01
Adam [    0] loss: 1.6021e+02
Adam [  299] loss: 2.9339e+01
Adam [    0] loss: 3.4313e+01
Adam [  299] loss: 1.5739e-01
Adam [    0] loss: 7.2236e+01
Adam [  299] loss: 1.7204e+01
Adam [    0] loss: 6.9914e+01
Adam [  299] loss: 2.2380e-01
Adam [    0] loss: 5.1964e+01
Adam [  299] loss: 2.3687e+01
Adam [    0] loss: 8.8921e+01
Adam [  299] loss: 2.5424e-01
Adam [    0] loss: 3.7564e+01
Adam [  299] loss: 2.0484e-01
Adam [    0] loss: 4.4695e+01
Adam [  299] loss: 3.1468e-01
Adam [    0] loss: 3.9094e+01
Adam [  299] loss: 7.0252e+00
    18 |      540 |      4 |  0.000000E+00 |             f
Adam [    0] loss: 9.0719e+01
Adam [  299] loss: 2.6862e+01
Adam [    0] loss: 3.5857e+01
Adam [  299] loss: 7.5993e-01
Adam [    0] loss: 3.1983e+01
Adam [  299] loss: 2.7771e-01
Adam [    0] loss: 5.2575e+01
Adam [  299] loss: 9.0365e-02
Adam [    0] loss: 1.7886e+02
Adam [  299] loss: 1.6572e+01
Adam [    0] loss: 1.7889e+02
Adam [  299] loss: 1.4255e+01
Adam [    0] loss: 3.5839e+01
Adam [  299] loss: 2.2356e-01
Adam [    0] loss: 1.2386e+02
Adam [  299] loss: 1.9201e-01
Adam [    0] loss: 3.7095e+01
Adam [  299] loss: 2.8152e-01
Adam [    0] loss: 5.7708e+01
Adam [  299] loss: 3.2438e-01
Adam [    0] loss: 9.4907e+01
Adam [  299] loss: 1.0309e-01
Adam [    0] loss: 6.4109e+01
Adam [  299] loss: 1.6854e+00
Adam [    0] loss: 5.0212e+01
Adam [  299] loss: 1.3684e-01
Adam [    0] loss: 3.6607e+01
Adam [  299] loss: 4.3742e-01
Adam [    0] loss: 3.2585e+01
Adam [  299] loss: 1.4983e-01
Adam [    0] loss: 6.9835e+01
Adam [  299] loss: 1.1597e+00
Adam [    0] loss: 4.9105e+01
Adam [  299] loss: 3.9129e-01
Adam [    0] loss: 5.0652e+01
Adam [  299] loss: 1.8791e+01
Adam [    0] loss: 3.7119e+01
Adam [  299] loss: 4.6268e-01
Adam [    0] loss: 1.3926e+02
Adam [  299] loss: 2.8773e+01
Adam [    0] loss: 3.9317e+01
Adam [  299] loss: 1.5821e-01
Adam [    0] loss: 4.1648e+01
Adam [  299] loss: 6.4072e-02
Adam [    0] loss: 6.1681e+01
Adam [  299] loss: 3.0652e-01
Adam [    0] loss: 3.7629e+01
Adam [  299] loss: 1.6902e-01
Adam [    0] loss: 5.9890e+01
Adam [  299] loss: 3.7543e+00
Adam [    0] loss: 7.7442e+01
Adam [  299] loss: 1.5436e+01
Adam [    0] loss: 7.8760e+01
Adam [  299] loss: 6.3500e-01
Adam [    0] loss: 3.3011e+01
Adam [  299] loss: 1.6975e-01
Adam [    0] loss: 8.7222e+01
Adam [  299] loss: 4.3524e-01
Adam [    0] loss: 4.4857e+01
Adam [  299] loss: 8.3614e+00
    19 |      570 |      4 |  0.000000E+00 |             f
Adam [    0] loss: 4.4387e+01
Adam [  299] loss: 1.1493e-01
Adam [    0] loss: 5.5571e+01
Adam [  299] loss: 7.7697e-02
Adam [    0] loss: 3.7691e+01
Adam [  299] loss: 1.1504e-01
Adam [    0] loss: 3.5144e+01
Adam [  299] loss: 6.5618e-02
Adam [    0] loss: 3.1366e+01
Adam [  299] loss: 3.4472e-01
Adam [    0] loss: 3.3446e+01
Adam [  299] loss: 1.7270e-01
Adam [    0] loss: 5.8868e+01
Adam [  299] loss: 1.0230e+00
Adam [    0] loss: 2.9462e+02
Adam [  299] loss: 2.5975e+01
Adam [    0] loss: 7.2741e+01
Adam [  299] loss: 1.6971e+01
Adam [    0] loss: 6.1000e+01
Adam [  299] loss: 1.3143e+00
Adam [    0] loss: 7.4844e+01
Adam [  299] loss: 2.7459e+01
Adam [    0] loss: 4.7716e+01
Adam [  299] loss: 2.9081e-01
Adam [    0] loss: 3.3565e+01
Adam [  299] loss: 1.6424e-01
Adam [    0] loss: 6.4623e+01
Adam [  299] loss: 2.7380e+01
Adam [    0] loss: 1.4487e+02
Adam [  299] loss: 2.7416e+01
Adam [    0] loss: 8.1235e+01
Adam [  299] loss: 2.3783e-01
Adam [    0] loss: 5.2111e+01
Adam [  299] loss: 9.3849e-02
Adam [    0] loss: 4.3522e+01
Adam [  299] loss: 2.1124e-01
Adam [    0] loss: 4.6955e+01
Adam [  299] loss: 2.6728e-01
Adam [    0] loss: 4.9434e+01
Adam [  299] loss: 9.3172e-02
Adam [    0] loss: 3.7363e+01
Adam [  299] loss: 3.4572e-01
Adam [    0] loss: 1.2490e+02
Adam [  299] loss: 2.2235e+01
Adam [    0] loss: 4.3716e+01
Adam [  299] loss: 1.6076e+01
Adam [    0] loss: 3.6680e+01
Adam [  299] loss: 1.7219e-01
Adam [    0] loss: 3.6837e+01
Adam [  299] loss: 1.4971e-01
Adam [    0] loss: 1.1045e+02
Adam [  299] loss: 2.5618e-01
Adam [    0] loss: 4.1023e+01
Adam [  299] loss: 2.1436e-01
Adam [    0] loss: 6.9014e+01
Adam [  299] loss: 3.5397e-01
Adam [    0] loss: 3.5380e+01
Adam [  299] loss: 8.0695e-02
Adam [    0] loss: 5.3243e+01
Adam [  299] loss: 3.2937e-01
    20 |      600 |      4 |  0.000000E+00 |             f
Best architecture from NSGA-III: layers=4, neurons=181
Adam [    0] loss: 3.3973e+01
Adam [ 2000] loss: 2.9915e-03
Adam [ 4000] loss: 6.7244e-04
Adam [ 6000] loss: 4.5602e-04
Adam [ 8000] loss: 5.0642e-04
Adam [10000] loss: 2.6089e-02
Adam [11999] loss: 1.3925e-03

L-BFGS refinement...
Saved plot: results/pipeline_runs/20260303_222758_advection_burgers2d/artifacts/advection/nsga3/paper_beta_0.100/run_02/stage_adam/loss_curve.png
Saved plot: results/pipeline_runs/20260303_222758_advection_burgers2d/artifacts/advection/nsga3/paper_beta_0.100/run_02/stage_adam/result_comparison.png
Saved plot: results/pipeline_runs/20260303_222758_advection_burgers2d/artifacts/advection/nsga3/paper_beta_0.100/run_02/stage_adam/advection_heatmap.png
Saved plot: results/pipeline_runs/20260303_222758_advection_burgers2d/artifacts/advection/nsga3/paper_beta_0.100/run_02/stage_adam/advection_time_slices_exact_vs_pred.png
Saved plot: results/pipeline_runs/20260303_222758_advection_burgers2d/artifacts/advection/nsga3/paper_beta_0.100/run_02/stage_lbfgs/loss_curve.png
Saved plot: results/pipeline_runs/20260303_222758_advection_burgers2d/artifacts/advection/nsga3/paper_beta_0.100/run_02/stage_lbfgs/result_comparison.png
Saved plot: results/pipeline_runs/20260303_222758_advection_burgers2d/artifacts/advection/nsga3/paper_beta_0.100/run_02/stage_lbfgs/advection_heatmap.png
Saved plot: results/pipeline_runs/20260303_222758_advection_burgers2d/artifacts/advection/nsga3/paper_beta_0.100/run_02/stage_lbfgs/advection_time_slices_exact_vs_pred.png
Selected best stage: lbfgs (rel_l2=2.9610e-03)
Run time: 550.36 s
Saved summary: results/pipeline_runs/20260303_222758_advection_burgers2d/artifacts/advection/nsga3/paper_beta_0.100/run_02/search_summary.csv
Starting NSGA-III architecture search: beta=0.100
Adam [    0] loss: 4.5798e+01
Adam [  299] loss: 9.3356e-02
Adam [    0] loss: 3.6312e+01
Adam [  299] loss: 1.3779e-01
Adam [    0] loss: 3.6644e+01
Adam [  299] loss: 1.1303e-01
Adam [    0] loss: 3.4498e+01
Adam [  299] loss: 1.7046e-01
Adam [    0] loss: 4.7322e+01
Adam [  299] loss: 5.5856e-01
Adam [    0] loss: 8.0196e+01
Adam [  299] loss: 1.8509e+01
Adam [    0] loss: 3.6989e+01
Adam [  299] loss: 1.1199e-01
Adam [    0] loss: 7.8375e+01
Adam [  299] loss: 3.6720e-01
Adam [    0] loss: 3.8254e+01
Adam [  299] loss: 1.4694e-01
Adam [    0] loss: 6.3528e+01
Adam [  299] loss: 1.9380e-01
Adam [    0] loss: 5.8882e+01
Adam [  299] loss: 7.6929e-02
Adam [    0] loss: 4.1242e+01
Adam [  299] loss: 2.0722e-01
Adam [    0] loss: 9.9252e+01
Adam [  299] loss: 1.7779e-01
Adam [    0] loss: 9.8887e+01
Adam [  299] loss: 1.3850e+01
Adam [    0] loss: 4.1774e+01
Adam [  299] loss: 2.8569e+01
Adam [    0] loss: 5.5141e+01
Adam [  299] loss: 2.9232e+00
Adam [    0] loss: 5.3404e+01
Adam [  299] loss: 1.2514e-01
Adam [    0] loss: 4.5910e+01
Adam [  299] loss: 1.4179e-01
Adam [    0] loss: 3.9784e+01
Adam [  299] loss: 9.2215e-02
Adam [    0] loss: 5.4412e+01
Adam [  299] loss: 2.8028e-01
Adam [    0] loss: 3.3474e+01
Adam [  299] loss: 2.0231e-01
Adam [    0] loss: 4.6412e+01
Adam [  299] loss: 1.2184e-01
Adam [    0] loss: 3.8130e+01
Adam [  299] loss: 2.3251e-01
Adam [    0] loss: 8.5354e+01
Adam [  299] loss: 1.9251e-01
Adam [    0] loss: 9.1747e+01
Adam [  299] loss: 1.8250e-01
Adam [    0] loss: 4.2939e+01
Adam [  299] loss: 8.5995e-02
Adam [    0] loss: 3.2153e+01
Adam [  299] loss: 1.2185e+01
Adam [    0] loss: 4.4200e+01
Adam [  299] loss: 1.0139e-01
Adam [    0] loss: 3.4008e+01
Adam [  299] loss: 5.4106e-01
Adam [    0] loss: 5.0127e+01
Adam [  299] loss: 4.1668e-01
==========================================================
n_gen  |  n_eval  | n_nds  |      eps      |   indicator  
==========================================================
     1 |       30 |      3 |             - |             -
Adam [    0] loss: 5.2117e+01
Adam [  299] loss: 1.4653e-01
Adam [    0] loss: 3.2967e+01
Adam [  299] loss: 2.9641e-01
Adam [    0] loss: 4.1297e+01
Adam [  299] loss: 2.7014e-01
Adam [    0] loss: 3.5681e+01
Adam [  299] loss: 1.8867e-01
Adam [    0] loss: 4.1308e+01
Adam [  299] loss: 1.3336e-01
Adam [    0] loss: 4.0475e+01
Adam [  299] loss: 6.2435e-02
Adam [    0] loss: 6.1312e+01
Adam [  299] loss: 4.4828e-01
Adam [    0] loss: 9.2085e+01
Adam [  299] loss: 1.2046e+00
Adam [    0] loss: 3.8219e+01
Adam [  299] loss: 1.2717e-01
Adam [    0] loss: 1.2015e+02
Adam [  299] loss: 1.5221e+00
Adam [    0] loss: 3.7842e+01
Adam [  299] loss: 1.4395e-01
Adam [    0] loss: 7.4266e+01
Adam [  299] loss: 1.0144e+00
Adam [    0] loss: 3.6337e+01
Adam [  299] loss: 4.5795e-01
Adam [    0] loss: 3.9314e+01
Adam [  299] loss: 3.3172e-01
Adam [    0] loss: 3.2828e+01
Adam [  299] loss: 1.4729e-01
Adam [    0] loss: 4.6349e+01
Adam [  299] loss: 1.0425e-01
Adam [    0] loss: 4.0700e+01
Adam [  299] loss: 1.9412e+01
Adam [    0] loss: 3.8492e+01
Adam [  299] loss: 6.1221e-02
Adam [    0] loss: 4.5276e+01
Adam [  299] loss: 1.1055e-01
Adam [    0] loss: 3.2821e+01
Adam [  299] loss: 2.4987e-01
Adam [    0] loss: 5.2693e+01
Adam [  299] loss: 2.5843e-01
Adam [    0] loss: 4.3485e+01
Adam [  299] loss: 2.2446e-01
Adam [    0] loss: 3.2799e+01
Adam [  299] loss: 2.6866e-01
Adam [    0] loss: 3.6888e+01
Adam [  299] loss: 3.0360e-01
Adam [    0] loss: 5.6062e+01
Adam [  299] loss: 2.3084e-01
Adam [    0] loss: 4.5028e+01
Adam [  299] loss: 8.4457e-02
Adam [    0] loss: 4.3210e+01
Adam [  299] loss: 7.4655e-02
Adam [    0] loss: 3.6777e+01
Adam [  299] loss: 8.6453e-02
Adam [    0] loss: 4.5108e+01
Adam [  299] loss: 4.9190e-01
Adam [    0] loss: 6.1813e+01
Adam [  299] loss: 2.9819e-01
     2 |       60 |      3 |  0.0441915153 |         ideal
Adam [    0] loss: 5.8399e+01
Adam [  299] loss: 2.1679e+01
Adam [    0] loss: 3.8523e+01
Adam [  299] loss: 2.2645e-01
Adam [    0] loss: 4.3148e+01
Adam [  299] loss: 1.8972e+01
Adam [    0] loss: 3.7707e+01
Adam [  299] loss: 2.7701e-01
Adam [    0] loss: 3.6498e+01
Adam [  299] loss: 5.9411e+00
Adam [    0] loss: 3.8663e+01
Adam [  299] loss: 1.5885e-01
Adam [    0] loss: 3.0955e+01
Adam [  299] loss: 2.4491e+01
Adam [    0] loss: 8.6004e+01
Adam [  299] loss: 2.5406e+01
Adam [    0] loss: 6.0835e+01
Adam [  299] loss: 1.7128e-01
Adam [    0] loss: 3.8741e+01
Adam [  299] loss: 1.2133e-01
Adam [    0] loss: 6.3773e+01
Adam [  299] loss: 2.2324e-01
Adam [    0] loss: 3.4238e+01
Adam [  299] loss: 6.3882e+00
Adam [    0] loss: 4.4753e+01
Adam [  299] loss: 1.3009e-01
Adam [    0] loss: 3.1006e+01
Adam [  299] loss: 9.6721e-02
Adam [    0] loss: 6.1798e+01
Adam [  299] loss: 7.2343e-02
Adam [    0] loss: 3.5686e+01
Adam [  299] loss: 7.6989e-01
Adam [    0] loss: 3.2293e+01
Adam [  299] loss: 4.2960e-01
Adam [    0] loss: 3.4167e+01
Adam [  299] loss: 2.2244e-01
Adam [    0] loss: 6.4537e+01
Adam [  299] loss: 1.9656e-01
Adam [    0] loss: 3.6224e+01
Adam [  299] loss: 9.6716e+00
Adam [    0] loss: 4.3205e+01
Adam [  299] loss: 2.1971e-01
Adam [    0] loss: 1.1374e+02
Adam [  299] loss: 1.2593e+00
Adam [    0] loss: 4.3116e+01
Adam [  299] loss: 2.7048e-01
Adam [    0] loss: 7.2484e+01
Adam [  299] loss: 8.5106e-02
Adam [    0] loss: 3.2024e+01
Adam [  299] loss: 1.0254e-01
Adam [    0] loss: 3.4082e+01
Adam [  299] loss: 1.0952e-01
Adam [    0] loss: 1.0401e+02
Adam [  299] loss: 4.4154e-01
Adam [    0] loss: 4.1310e+01
Adam [  299] loss: 1.2625e-01
Adam [    0] loss: 3.9293e+01
Adam [  299] loss: 3.2137e-01
Adam [    0] loss: 3.2048e+01
Adam [  299] loss: 2.3637e-01
     3 |       90 |      2 |  0.000000E+00 |             f
Adam [    0] loss: 8.2564e+01
Adam [  299] loss: 2.1563e-01
Adam [    0] loss: 6.1891e+01
Adam [  299] loss: 3.8490e-01
Adam [    0] loss: 4.3183e+01
Adam [  299] loss: 1.1887e+00
Adam [    0] loss: 8.9315e+01
Adam [  299] loss: 3.9189e-01
Adam [    0] loss: 6.7694e+01
Adam [  299] loss: 2.5966e+01
Adam [    0] loss: 7.2170e+01
Adam [  299] loss: 2.9039e-01
Adam [    0] loss: 3.5751e+01
Adam [  299] loss: 1.4705e-01
Adam [    0] loss: 5.2643e+01
Adam [  299] loss: 2.1511e-01
Adam [    0] loss: 4.6784e+01
Adam [  299] loss: 3.7586e-01
Adam [    0] loss: 1.1474e+02
Adam [  299] loss: 4.0801e-01
Adam [    0] loss: 1.5177e+02
Adam [  299] loss: 8.3535e+00
Adam [    0] loss: 7.9192e+01
Adam [  299] loss: 2.6018e-01
Adam [    0] loss: 4.1400e+01
Adam [  299] loss: 2.9941e-01
Adam [    0] loss: 1.0296e+02
Adam [  299] loss: 1.0765e+01
Adam [    0] loss: 3.3997e+01
Adam [  299] loss: 4.1236e-01
Adam [    0] loss: 4.6857e+01
Adam [  299] loss: 2.0450e-01
Adam [    0] loss: 5.0068e+01
Adam [  299] loss: 1.7856e-01
Adam [    0] loss: 5.9347e+01
Adam [  299] loss: 9.8146e-02
Adam [    0] loss: 5.2025e+01
Adam [  299] loss: 1.8379e-01
Adam [    0] loss: 4.1444e+01
Adam [  299] loss: 1.5170e-01
Adam [    0] loss: 4.1830e+01
Adam [  299] loss: 2.0171e-01
Adam [    0] loss: 4.2064e+01
Adam [  299] loss: 2.8110e-01
Adam [    0] loss: 3.5614e+01
Adam [  299] loss: 5.9659e-01
Adam [    0] loss: 3.1471e+01
Adam [  299] loss: 3.3738e-01
Adam [    0] loss: 3.5512e+01
Adam [  299] loss: 6.8741e-02
Adam [    0] loss: 5.6533e+01
Adam [  299] loss: 1.2327e-01
Adam [    0] loss: 3.0980e+01
Adam [  299] loss: 1.1125e-01
Adam [    0] loss: 3.2289e+01
Adam [  299] loss: 2.2731e-01
Adam [    0] loss: 3.0970e+01
Adam [  299] loss: 3.3570e-01
Adam [    0] loss: 5.9025e+01
Adam [  299] loss: 1.8861e-01
     4 |      120 |      2 |  0.0351990491 |         ideal
Adam [    0] loss: 7.5264e+01
Adam [  299] loss: 1.5012e+00
Adam [    0] loss: 1.2633e+02
Adam [  299] loss: 1.0884e+00
Adam [    0] loss: 5.4187e+01
Adam [  299] loss: 5.8282e-01
Adam [    0] loss: 4.8842e+01
Adam [  299] loss: 7.7174e-02
Adam [    0] loss: 6.8185e+01
Adam [  299] loss: 8.6871e-01
Adam [    0] loss: 4.8413e+01
Adam [  299] loss: 8.2978e-02
Adam [    0] loss: 3.6655e+01
Adam [  299] loss: 8.7677e-02
Adam [    0] loss: 7.2099e+01
Adam [  299] loss: 2.6368e+01
Adam [    0] loss: 5.8929e+01
Adam [  299] loss: 7.8197e+00
Adam [    0] loss: 7.7221e+01
Adam [  299] loss: 5.3978e-01
Adam [    0] loss: 4.9314e+01
Adam [  299] loss: 2.3430e-01
Adam [    0] loss: 3.0476e+01
Adam [  299] loss: 1.5622e+00
Adam [    0] loss: 1.2531e+02
Adam [  299] loss: 2.3026e-01
Adam [    0] loss: 3.3846e+01
Adam [  299] loss: 1.8922e-01
Adam [    0] loss: 3.1844e+01
Adam [  299] loss: 2.8043e-01
Adam [    0] loss: 5.1490e+01
Adam [  299] loss: 9.3604e-01
Adam [    0] loss: 1.3034e+02
Adam [  299] loss: 1.4416e-01
Adam [    0] loss: 7.0775e+01
Adam [  299] loss: 5.2920e-01
Adam [    0] loss: 7.9718e+01
Adam [  299] loss: 4.9756e-01
Adam [    0] loss: 3.7906e+01
Adam [  299] loss: 3.3965e-01
Adam [    0] loss: 7.1004e+01
Adam [  299] loss: 9.3855e-01
Adam [    0] loss: 4.5761e+01
Adam [  299] loss: 5.1609e-01
Adam [    0] loss: 6.4135e+01
Adam [  299] loss: 8.9127e-02
Adam [    0] loss: 9.8044e+01
Adam [  299] loss: 1.0878e-01
Adam [    0] loss: 3.6834e+01
Adam [  299] loss: 2.7971e-01
Adam [    0] loss: 3.3084e+01
Adam [  299] loss: 6.2012e-02
Adam [    0] loss: 3.2917e+01
Adam [  299] loss: 2.9559e-01
Adam [    0] loss: 5.4650e+01
Adam [  299] loss: 2.6920e+01
Adam [    0] loss: 3.1151e+01
Adam [  299] loss: 9.4186e-02
Adam [    0] loss: 4.8920e+01
Adam [  299] loss: 6.5428e-02
     5 |      150 |      4 |  0.0383510885 |         ideal
Adam [    0] loss: 3.1916e+01
Adam [  299] loss: 4.6392e-01
Adam [    0] loss: 3.1132e+01
Adam [  299] loss: 1.0434e-01
Adam [    0] loss: 7.1594e+01
Adam [  299] loss: 8.9437e+00
Adam [    0] loss: 4.4712e+01
Adam [  299] loss: 2.7887e-01
Adam [    0] loss: 7.0430e+01
Adam [  299] loss: 1.6167e+00
Adam [    0] loss: 3.0684e+02
Adam [  299] loss: 2.7148e+01
Adam [    0] loss: 5.0942e+01
Adam [  299] loss: 1.0125e-01
Adam [    0] loss: 4.3868e+01
Adam [  299] loss: 1.8047e-01
Adam [    0] loss: 1.1059e+02
Adam [  299] loss: 1.8669e-01
Adam [    0] loss: 3.3730e+01
Adam [  299] loss: 3.4031e-01
Adam [    0] loss: 4.4296e+01
Adam [  299] loss: 1.0484e-01
Adam [    0] loss: 3.2375e+01
Adam [  299] loss: 6.0882e-02
Adam [    0] loss: 4.7415e+01
Adam [  299] loss: 8.9284e-02
Adam [    0] loss: 1.6774e+02
Adam [  299] loss: 1.6001e+01
Adam [    0] loss: 3.8717e+01
Adam [  299] loss: 2.6143e-01
Adam [    0] loss: 7.6402e+01
Adam [  299] loss: 4.4640e-01
Adam [    0] loss: 9.2698e+01
Adam [  299] loss: 1.9773e-01
Adam [    0] loss: 1.1527e+02
Adam [  299] loss: 2.7769e+01
Adam [    0] loss: 6.8296e+01
Adam [  299] loss: 1.4271e-01
Adam [    0] loss: 3.8151e+01
Adam [  299] loss: 1.1142e+01
Adam [    0] loss: 4.0252e+01
Adam [  299] loss: 2.3701e-01
Adam [    0] loss: 3.1028e+01
Adam [  299] loss: 2.0267e-01
Adam [    0] loss: 3.8744e+01
Adam [  299] loss: 2.3836e-01
Adam [    0] loss: 4.1617e+01
Adam [  299] loss: 2.3358e-01
Adam [    0] loss: 8.3526e+01
Adam [  299] loss: 9.2389e-01
Adam [    0] loss: 1.0890e+02
Adam [  299] loss: 2.3060e-01
Adam [    0] loss: 3.5058e+01
Adam [  299] loss: 1.8881e+01
Adam [    0] loss: 3.5178e+01
Adam [  299] loss: 6.4891e-02
Adam [    0] loss: 3.2148e+01
Adam [  299] loss: 1.1677e-01
Adam [    0] loss: 5.4487e+01
Adam [  299] loss: 3.7110e-01
     6 |      180 |      5 |  0.0244680454 |             f
Adam [    0] loss: 1.2940e+02
Adam [  299] loss: 4.6639e+00
Adam [    0] loss: 4.6318e+01
Adam [  299] loss: 1.8021e-01
Adam [    0] loss: 8.4755e+01
Adam [  299] loss: 2.9570e+00
Adam [    0] loss: 5.2120e+01
Adam [  299] loss: 6.4861e-01
Adam [    0] loss: 4.1456e+01
Adam [  299] loss: 2.2720e-01
Adam [    0] loss: 3.6916e+01
Adam [  299] loss: 2.0427e-01
Adam [    0] loss: 8.5952e+01
Adam [  299] loss: 2.9797e-01
Adam [    0] loss: 4.9023e+01
Adam [  299] loss: 2.6656e+01
Adam [    0] loss: 3.6044e+01
Adam [  299] loss: 1.8398e-01
Adam [    0] loss: 4.7245e+01
Adam [  299] loss: 1.8932e+01
Adam [    0] loss: 9.8626e+01
Adam [  299] loss: 1.9739e+01
Adam [    0] loss: 6.5186e+01
Adam [  299] loss: 9.2973e+00
Adam [    0] loss: 1.3057e+02
Adam [  299] loss: 8.5215e-01
Adam [    0] loss: 3.3032e+01
Adam [  299] loss: 3.0486e-01
Adam [    0] loss: 7.8790e+01
Adam [  299] loss: 3.1784e-01
Adam [    0] loss: 6.7496e+01
Adam [  299] loss: 6.3118e-01
Adam [    0] loss: 5.4647e+01
Adam [  299] loss: 2.8624e+01
Adam [    0] loss: 5.4742e+01
Adam [  299] loss: 1.5602e+01
Adam [    0] loss: 4.3405e+01
Adam [  299] loss: 6.9859e-01
Adam [    0] loss: 3.4541e+01
Adam [  299] loss: 2.8343e-01
Adam [    0] loss: 5.3992e+01
Adam [  299] loss: 1.0020e-01
Adam [    0] loss: 3.9379e+01
Adam [  299] loss: 7.1101e-02
Adam [    0] loss: 3.1593e+01
Adam [  299] loss: 5.8250e-01
Adam [    0] loss: 9.6422e+01
Adam [  299] loss: 1.9330e+01
Adam [    0] loss: 6.4056e+01
Adam [  299] loss: 2.0239e-01
Adam [    0] loss: 3.5544e+01
Adam [  299] loss: 1.9150e-01
Adam [    0] loss: 3.8483e+01
Adam [  299] loss: 2.5097e+00
Adam [    0] loss: 4.2895e+01
Adam [  299] loss: 1.2619e-01
Adam [    0] loss: 7.1924e+01
Adam [  299] loss: 2.1751e+01
Adam [    0] loss: 1.0993e+02
Adam [  299] loss: 8.4211e-02
     7 |      210 |      3 |  0.0394893913 |             f
Adam [    0] loss: 9.6753e+01
Adam [  299] loss: 2.6968e-01
Adam [    0] loss: 8.3507e+01
Adam [  299] loss: 1.1905e-01
Adam [    0] loss: 4.3316e+01
Adam [  299] loss: 4.1622e-01
Adam [    0] loss: 7.8029e+01
Adam [  299] loss: 3.3325e-01
Adam [    0] loss: 9.0041e+01
Adam [  299] loss: 6.7875e-02
Adam [    0] loss: 4.3539e+01
Adam [  299] loss: 2.5264e-01
Adam [    0] loss: 3.5902e+01
Adam [  299] loss: 1.6919e-01
Adam [    0] loss: 4.0745e+01
Adam [  299] loss: 1.9934e-01
Adam [    0] loss: 7.4442e+01
Adam [  299] loss: 1.8884e-01
Adam [    0] loss: 3.7136e+01
Adam [  299] loss: 5.8872e-01
Adam [    0] loss: 8.9794e+01
Adam [  299] loss: 1.5186e-01
Adam [    0] loss: 4.2756e+01
Adam [  299] loss: 5.1493e-01
Adam [    0] loss: 3.3418e+01
Adam [  299] loss: 1.3014e+00
Adam [    0] loss: 4.1078e+01
Adam [  299] loss: 1.1057e-01
Adam [    0] loss: 3.4471e+01
Adam [  299] loss: 4.0447e-01
Adam [    0] loss: 4.0987e+01
Adam [  299] loss: 5.0125e-01
Adam [    0] loss: 3.2912e+01
Adam [  299] loss: 8.4183e-02
Adam [    0] loss: 4.6652e+01
Adam [  299] loss: 9.8048e-02
Adam [    0] loss: 3.5618e+01
Adam [  299] loss: 4.0803e-01
Adam [    0] loss: 8.7685e+01
Adam [  299] loss: 8.0367e+00
Adam [    0] loss: 4.8986e+01
Adam [  299] loss: 2.3961e-01
Adam [    0] loss: 4.3328e+01
Adam [  299] loss: 8.9495e-01
Adam [    0] loss: 3.6842e+01
Adam [  299] loss: 2.3098e+00
Adam [    0] loss: 5.7505e+01
Adam [  299] loss: 1.8211e-01
Adam [    0] loss: 5.1442e+01
Adam [  299] loss: 2.8669e+00
Adam [    0] loss: 4.3530e+01
Adam [  299] loss: 1.8672e-01
Adam [    0] loss: 5.0587e+01
Adam [  299] loss: 5.4567e-01
Adam [    0] loss: 2.7697e+02
Adam [  299] loss: 1.5824e+01
Adam [    0] loss: 7.6032e+01
Adam [  299] loss: 3.4142e-01
Adam [    0] loss: 7.1020e+01
Adam [  299] loss: 3.0585e+00
     8 |      240 |      3 |  0.9318918296 |         nadir
Adam [    0] loss: 3.3426e+01
Adam [  299] loss: 1.5606e-01
Adam [    0] loss: 4.4127e+01
Adam [  299] loss: 1.3700e-01
Adam [    0] loss: 4.7461e+01
Adam [  299] loss: 8.4047e-01
Adam [    0] loss: 3.8506e+01
Adam [  299] loss: 2.4715e-01
Adam [    0] loss: 4.3586e+01
Adam [  299] loss: 1.7132e-01
Adam [    0] loss: 8.8617e+01
Adam [  299] loss: 1.5456e+01
Adam [    0] loss: 7.2875e+01
Adam [  299] loss: 2.1548e+01
Adam [    0] loss: 6.7097e+01
Adam [  299] loss: 7.4051e-01
Adam [    0] loss: 5.2899e+01
Adam [  299] loss: 1.2788e+00
Adam [    0] loss: 7.5918e+01
Adam [  299] loss: 9.5763e+00
Adam [    0] loss: 1.0236e+02
Adam [  299] loss: 1.2644e+01
Adam [    0] loss: 2.6227e+02
Adam [  299] loss: 1.9316e+01
Adam [    0] loss: 7.2603e+01
Adam [  299] loss: 2.7952e+01
Adam [    0] loss: 6.8858e+01
Adam [  299] loss: 1.2733e-01
Adam [    0] loss: 5.2308e+01
Adam [  299] loss: 2.8648e-01
Adam [    0] loss: 3.3196e+01
Adam [  299] loss: 1.0562e+00
Adam [    0] loss: 3.1026e+01
Adam [  299] loss: 3.7949e-01
Adam [    0] loss: 4.6056e+01
Adam [  299] loss: 2.1566e-01
Adam [    0] loss: 6.4409e+01
Adam [  299] loss: 3.9853e-01
Adam [    0] loss: 6.0801e+01
Adam [  299] loss: 1.2181e+00
Adam [    0] loss: 1.3399e+02
Adam [  299] loss: 2.9066e+01
Adam [    0] loss: 3.7411e+01
Adam [  299] loss: 2.9587e-01
Adam [    0] loss: 5.0895e+01
Adam [  299] loss: 2.6532e+01
Adam [    0] loss: 3.5742e+01
Adam [  299] loss: 2.8973e-01
Adam [    0] loss: 3.2681e+01
Adam [  299] loss: 4.2184e-01
Adam [    0] loss: 3.3109e+01
Adam [  299] loss: 7.3731e-02
Adam [    0] loss: 3.7537e+01
Adam [  299] loss: 7.5806e+00
Adam [    0] loss: 6.6055e+01
Adam [  299] loss: 3.1022e+00
Adam [    0] loss: 3.7840e+01
Adam [  299] loss: 9.8178e-01
Adam [    0] loss: 6.1149e+01
Adam [  299] loss: 1.2891e+00
     9 |      270 |      4 |  0.2939083918 |             f
Adam [    0] loss: 5.5441e+01
Adam [  299] loss: 5.7176e-02
Adam [    0] loss: 3.5721e+01
Adam [  299] loss: 9.0093e-01
Adam [    0] loss: 4.7978e+01
Adam [  299] loss: 1.5819e-01
Adam [    0] loss: 1.0693e+02
Adam [  299] loss: 4.4572e+00
Adam [    0] loss: 9.3298e+01
Adam [  299] loss: 2.1938e+01
Adam [    0] loss: 5.5541e+01
Adam [  299] loss: 7.2157e-01
Adam [    0] loss: 3.4760e+01
Adam [  299] loss: 3.7560e-01
Adam [    0] loss: 4.6364e+01
Adam [  299] loss: 8.6111e-01
Adam [    0] loss: 4.3677e+01
Adam [  299] loss: 5.9755e-01
Adam [    0] loss: 3.9325e+01
Adam [  299] loss: 5.5963e-01
Adam [    0] loss: 3.8143e+01
Adam [  299] loss: 1.1916e-01
Adam [    0] loss: 3.8275e+01
Adam [  299] loss: 1.7902e-01
Adam [    0] loss: 6.2063e+01
Adam [  299] loss: 7.4685e-01
Adam [    0] loss: 5.5516e+01
Adam [  299] loss: 3.7551e-01
Adam [    0] loss: 4.9409e+01
Adam [  299] loss: 1.9470e-01
Adam [    0] loss: 4.3778e+01
Adam [  299] loss: 1.9343e-01
Adam [    0] loss: 7.7907e+01
Adam [  299] loss: 4.2695e-01
Adam [    0] loss: 6.0338e+01
Adam [  299] loss: 1.9588e-01
Adam [    0] loss: 4.4663e+01
Adam [  299] loss: 2.8354e-01
Adam [    0] loss: 1.0576e+02
Adam [  299] loss: 2.5169e+01
Adam [    0] loss: 4.8191e+01
Adam [  299] loss: 2.4587e+01
Adam [    0] loss: 3.3992e+01
Adam [  299] loss: 1.5677e-01
Adam [    0] loss: 9.2280e+01
Adam [  299] loss: 1.0415e+00
Adam [    0] loss: 6.0128e+01
Adam [  299] loss: 4.0510e-01
Adam [    0] loss: 7.2067e+01
Adam [  299] loss: 2.7274e+01
Adam [    0] loss: 3.1400e+01
Adam [  299] loss: 2.7603e-01
Adam [    0] loss: 1.5035e+02
Adam [  299] loss: 2.9167e+01
Adam [    0] loss: 9.3621e+01
Adam [  299] loss: 4.8552e-01
Adam [    0] loss: 1.0178e+02
Adam [  299] loss: 4.9543e-01
Adam [    0] loss: 4.0281e+01
Adam [  299] loss: 2.2521e+01
    10 |      300 |      4 |  0.0069264600 |         ideal
Adam [    0] loss: 3.5763e+01
Adam [  299] loss: 3.8120e-01
Adam [    0] loss: 4.4703e+01
Adam [  299] loss: 9.3642e-01
Adam [    0] loss: 4.0321e+01
Adam [  299] loss: 4.4996e-01
Adam [    0] loss: 4.0098e+01
Adam [  299] loss: 1.8018e-01
Adam [    0] loss: 4.7137e+01
Adam [  299] loss: 1.9299e-01
Adam [    0] loss: 5.4745e+01
Adam [  299] loss: 9.7433e-01
Adam [    0] loss: 5.3484e+01
Adam [  299] loss: 7.1434e-02
Adam [    0] loss: 4.3925e+01
Adam [  299] loss: 1.7737e+01
Adam [    0] loss: 3.2111e+01
Adam [  299] loss: 4.3952e-01
Adam [    0] loss: 5.8563e+01
Adam [  299] loss: 1.6767e+00
Adam [    0] loss: 3.3110e+01
Adam [  299] loss: 1.2764e-01
Adam [    0] loss: 5.3016e+01
Adam [  299] loss: 2.8823e-01
Adam [    0] loss: 3.2687e+01
Adam [  299] loss: 7.9931e-02
Adam [    0] loss: 2.3030e+02
Adam [  299] loss: 8.1255e+00
Adam [    0] loss: 5.2828e+01
Adam [  299] loss: 4.4016e-01
Adam [    0] loss: 3.5571e+01
Adam [  299] loss: 2.7281e-01
Adam [    0] loss: 4.8362e+01
Adam [  299] loss: 4.2641e-01
Adam [    0] loss: 9.5307e+01
Adam [  299] loss: 2.7104e+01
Adam [    0] loss: 6.9631e+01
Adam [  299] loss: 2.6583e-01
Adam [    0] loss: 3.2925e+01
Adam [  299] loss: 1.0690e-01
Adam [    0] loss: 1.1584e+02
Adam [  299] loss: 5.7286e+00
Adam [    0] loss: 6.3003e+01
Adam [  299] loss: 9.9697e-01
Adam [    0] loss: 4.0198e+01
Adam [  299] loss: 8.1118e-02
Adam [    0] loss: 7.9968e+01
Adam [  299] loss: 1.7826e-01
Adam [    0] loss: 1.3767e+02
Adam [  299] loss: 1.4346e+01
Adam [    0] loss: 3.2368e+02
Adam [  299] loss: 2.7824e+01
Adam [    0] loss: 1.3515e+02
Adam [  299] loss: 2.4702e+01
Adam [    0] loss: 3.4341e+01
Adam [  299] loss: 6.3075e-01
Adam [    0] loss: 4.8698e+01
Adam [  299] loss: 4.4777e-01
Adam [    0] loss: 4.7571e+01
Adam [  299] loss: 5.4191e-01
    11 |      330 |      3 |  0.0171216986 |         ideal
Adam [    0] loss: 1.0734e+02
Adam [  299] loss: 7.1913e+00
Adam [    0] loss: 8.2499e+01
Adam [  299] loss: 2.2320e-01
Adam [    0] loss: 3.1418e+01
Adam [  299] loss: 3.4618e-01
Adam [    0] loss: 1.0648e+02
Adam [  299] loss: 1.9707e+00
Adam [    0] loss: 6.7312e+01
Adam [  299] loss: 2.0013e+01
Adam [    0] loss: 8.1810e+01
Adam [  299] loss: 1.7428e+01
Adam [    0] loss: 3.1639e+01
Adam [  299] loss: 4.3807e-01
Adam [    0] loss: 1.1529e+02
Adam [  299] loss: 2.2329e+01
Adam [    0] loss: 3.9678e+01
Adam [  299] loss: 1.9087e-01
Adam [    0] loss: 6.7838e+01
Adam [  299] loss: 2.5379e+00
Adam [    0] loss: 7.0945e+01
Adam [  299] loss: 2.2774e+01
Adam [    0] loss: 7.5700e+01
Adam [  299] loss: 1.2249e+00
Adam [    0] loss: 9.0413e+01
Adam [  299] loss: 2.6007e-01
Adam [    0] loss: 3.7611e+01
Adam [  299] loss: 4.9897e-01
Adam [    0] loss: 1.0032e+02
Adam [  299] loss: 2.5008e+01
Adam [    0] loss: 6.8915e+01
Adam [  299] loss: 4.0766e-01
Adam [    0] loss: 3.3277e+01
Adam [  299] loss: 2.5886e-01
Adam [    0] loss: 3.2841e+01
Adam [  299] loss: 2.1832e+00
Adam [    0] loss: 5.9750e+01
Adam [  299] loss: 2.6410e-01
Adam [    0] loss: 3.3281e+01
Adam [  299] loss: 1.2539e-01
Adam [    0] loss: 5.6350e+01
Adam [  299] loss: 1.8597e-01
Adam [    0] loss: 1.1713e+02
Adam [  299] loss: 2.2684e+01
Adam [    0] loss: 5.6277e+01
Adam [  299] loss: 1.1593e+00
Adam [    0] loss: 3.3896e+01
Adam [  299] loss: 1.4997e-01
Adam [    0] loss: 7.1797e+01
Adam [  299] loss: 1.9845e-01
Adam [    0] loss: 1.1444e+02
Adam [  299] loss: 2.9140e+01
Adam [    0] loss: 8.1825e+01
Adam [  299] loss: 1.3949e+01
Adam [    0] loss: 1.2246e+02
Adam [  299] loss: 3.7174e+00
Adam [    0] loss: 4.3100e+01
Adam [  299] loss: 2.4656e-01
Adam [    0] loss: 6.3986e+01
Adam [  299] loss: 2.0126e-01
    12 |      360 |      3 |  0.000000E+00 |             f
Adam [    0] loss: 4.5899e+01
Adam [  299] loss: 6.9758e-01
Adam [    0] loss: 8.5283e+01
Adam [  299] loss: 1.0428e+00
Adam [    0] loss: 5.6075e+01
Adam [  299] loss: 2.7021e-01
Adam [    0] loss: 5.3635e+01
Adam [  299] loss: 5.4754e-01
Adam [    0] loss: 3.6384e+01
Adam [  299] loss: 1.0363e-01
Adam [    0] loss: 3.7434e+01
Adam [  299] loss: 5.8299e+00
Adam [    0] loss: 4.1762e+01
Adam [  299] loss: 1.7460e-01
Adam [    0] loss: 3.1701e+01
Adam [  299] loss: 3.0699e-01
Adam [    0] loss: 5.0472e+01
Adam [  299] loss: 2.8814e+01
Adam [    0] loss: 4.6204e+01
Adam [  299] loss: 1.5017e-01
Adam [    0] loss: 1.0457e+02
Adam [  299] loss: 1.8652e+00
Adam [    0] loss: 5.4923e+01
Adam [  299] loss: 1.1819e+01
Adam [    0] loss: 4.2417e+01
Adam [  299] loss: 1.1237e+01
Adam [    0] loss: 9.3065e+01
Adam [  299] loss: 1.6696e-01
Adam [    0] loss: 4.9331e+01
Adam [  299] loss: 7.8030e-01
Adam [    0] loss: 3.1706e+01
Adam [  299] loss: 1.4355e-01
Adam [    0] loss: 3.5852e+01
Adam [  299] loss: 4.4249e-01
Adam [    0] loss: 3.2603e+01
Adam [  299] loss: 1.5941e-01
Adam [    0] loss: 4.1576e+01
Adam [  299] loss: 3.3885e-01
Adam [    0] loss: 4.0001e+01
Adam [  299] loss: 2.9607e-01
Adam [    0] loss: 1.1787e+02
Adam [  299] loss: 1.0795e+01
Adam [    0] loss: 3.3258e+01
Adam [  299] loss: 5.7694e-01
Adam [    0] loss: 3.6756e+01
Adam [  299] loss: 1.8819e-01
Adam [    0] loss: 9.0704e+01
Adam [  299] loss: 9.8638e-01
Adam [    0] loss: 4.7886e+01
Adam [  299] loss: 1.9024e-01
Adam [    0] loss: 3.1439e+01
Adam [  299] loss: 7.8621e-02
Adam [    0] loss: 7.9467e+01
Adam [  299] loss: 1.5243e+01
Adam [    0] loss: 4.9129e+01
Adam [  299] loss: 9.4113e-02
Adam [    0] loss: 4.5001e+01
Adam [  299] loss: 1.3715e-01
Adam [    0] loss: 5.1838e+01
Adam [  299] loss: 1.8709e-01
    13 |      390 |      3 |  0.000000E+00 |             f
Adam [    0] loss: 5.7667e+01
Adam [  299] loss: 1.5395e+01
Adam [    0] loss: 2.0150e+02
Adam [  299] loss: 2.8408e+01
Adam [    0] loss: 4.2612e+01
Adam [  299] loss: 6.3951e-01
Adam [    0] loss: 4.3292e+01
Adam [  299] loss: 1.2418e+00
Adam [    0] loss: 4.2409e+01
Adam [  299] loss: 5.8564e-01
Adam [    0] loss: 4.4007e+01
Adam [  299] loss: 5.5456e+00
Adam [    0] loss: 4.5153e+01
Adam [  299] loss: 2.0809e-01
Adam [    0] loss: 4.0076e+01
Adam [  299] loss: 1.6091e-01
Adam [    0] loss: 3.2711e+01
Adam [  299] loss: 4.3299e-01
Adam [    0] loss: 6.3928e+01
Adam [  299] loss: 1.0160e-01
Adam [    0] loss: 3.1021e+01
Adam [  299] loss: 1.9279e-01
Adam [    0] loss: 3.4671e+01
Adam [  299] loss: 1.0294e-01
Adam [    0] loss: 7.8358e+01
Adam [  299] loss: 4.6428e-01
Adam [    0] loss: 4.0309e+01
Adam [  299] loss: 3.8271e-01
Adam [    0] loss: 3.1575e+01
Adam [  299] loss: 1.1079e+00
Adam [    0] loss: 7.7215e+01
Adam [  299] loss: 1.0953e-01
Adam [    0] loss: 4.0563e+01
Adam [  299] loss: 1.7189e-01
Adam [    0] loss: 1.7408e+02
Adam [  299] loss: 1.1884e+00
Adam [    0] loss: 3.8896e+01
Adam [  299] loss: 5.8387e-01
Adam [    0] loss: 6.3036e+01
Adam [  299] loss: 1.6081e+01
Adam [    0] loss: 1.0744e+02
Adam [  299] loss: 1.7232e+01
Adam [    0] loss: 4.4879e+01
Adam [  299] loss: 1.5790e-01
Adam [    0] loss: 9.9540e+01
Adam [  299] loss: 2.5799e+01
Adam [    0] loss: 1.8833e+02
Adam [  299] loss: 2.9561e+01
Adam [    0] loss: 4.3723e+01
Adam [  299] loss: 4.0196e-01
Adam [    0] loss: 8.2980e+01
Adam [  299] loss: 1.7056e-01
Adam [    0] loss: 7.5501e+01
Adam [  299] loss: 3.7418e-01
Adam [    0] loss: 3.9416e+01
Adam [  299] loss: 2.0500e-01
Adam [    0] loss: 1.0330e+02
Adam [  299] loss: 4.1691e-01
Adam [    0] loss: 1.7965e+02
Adam [  299] loss: 6.5084e+00
    14 |      420 |      3 |  0.000000E+00 |             f
Adam [    0] loss: 8.1386e+01
Adam [  299] loss: 7.3727e-01
Adam [    0] loss: 3.5413e+01
Adam [  299] loss: 1.7906e-01
Adam [    0] loss: 3.1246e+01
Adam [  299] loss: 1.7515e-01
Adam [    0] loss: 3.2438e+01
Adam [  299] loss: 1.9240e-01
Adam [    0] loss: 5.2238e+01
Adam [  299] loss: 2.2893e-01
Adam [    0] loss: 5.3202e+01
Adam [  299] loss: 5.9751e-01
Adam [    0] loss: 3.1926e+01
Adam [  299] loss: 6.8209e-02
Adam [    0] loss: 8.2381e+01
Adam [  299] loss: 8.5032e-01
Adam [    0] loss: 3.1656e+01
Adam [  299] loss: 7.3171e-02
Adam [    0] loss: 4.2895e+01
Adam [  299] loss: 1.4092e-01
Adam [    0] loss: 3.2536e+01
Adam [  299] loss: 3.3983e-01
Adam [    0] loss: 4.7125e+01
Adam [  299] loss: 1.7692e-01
Adam [    0] loss: 1.4442e+02
Adam [  299] loss: 6.1348e+00
Adam [    0] loss: 4.1656e+01
Adam [  299] loss: 3.2019e+00
Adam [    0] loss: 5.5027e+01
Adam [  299] loss: 3.1331e+00
Adam [    0] loss: 4.5348e+01
Adam [  299] loss: 1.0414e-01
Adam [    0] loss: 9.3444e+01
Adam [  299] loss: 1.7668e+01
Adam [    0] loss: 7.8496e+01
Adam [  299] loss: 7.7111e+00
Adam [    0] loss: 4.3479e+01
Adam [  299] loss: 2.0046e-01
Adam [    0] loss: 3.1552e+01
Adam [  299] loss: 1.4559e-01
Adam [    0] loss: 4.9031e+01
Adam [  299] loss: 8.0682e-01
Adam [    0] loss: 3.4551e+01
Adam [  299] loss: 2.9116e-01
Adam [    0] loss: 1.3575e+02
Adam [  299] loss: 2.9200e+01
Adam [    0] loss: 5.1154e+01
Adam [  299] loss: 7.4563e-02
Adam [    0] loss: 1.3948e+02
Adam [  299] loss: 1.5335e+00
Adam [    0] loss: 4.4090e+01
Adam [  299] loss: 1.3406e-01
Adam [    0] loss: 4.8593e+01
Adam [  299] loss: 2.6526e-01
Adam [    0] loss: 7.7793e+01
Adam [  299] loss: 5.0068e+00
Adam [    0] loss: 1.6003e+02
Adam [  299] loss: 2.9280e+01
Adam [    0] loss: 5.6484e+01
Adam [  299] loss: 4.8307e-01
    15 |      450 |      3 |  0.000000E+00 |             f
Adam [    0] loss: 3.9429e+01
Adam [  299] loss: 4.6488e-01
Adam [    0] loss: 3.8497e+01
Adam [  299] loss: 2.0263e-01
Adam [    0] loss: 5.7430e+01
Adam [  299] loss: 1.3131e-01
Adam [    0] loss: 5.3018e+01
Adam [  299] loss: 2.6593e-01
Adam [    0] loss: 4.4111e+01
Adam [  299] loss: 2.9408e-01
Adam [    0] loss: 4.7232e+01
Adam [  299] loss: 1.5086e-01
Adam [    0] loss: 4.0670e+01
Adam [  299] loss: 2.6704e+01
Adam [    0] loss: 4.5883e+01
Adam [  299] loss: 1.7647e+00
Adam [    0] loss: 8.5139e+01
Adam [  299] loss: 2.0946e-01
Adam [    0] loss: 6.2467e+01
Adam [  299] loss: 2.5075e+01
Adam [    0] loss: 3.1330e+01
Adam [  299] loss: 1.9209e-01
Adam [    0] loss: 4.6237e+01
Adam [  299] loss: 8.6565e+00
Adam [    0] loss: 4.5281e+01
Adam [  299] loss: 1.1534e-01
Adam [    0] loss: 3.4695e+01
Adam [  299] loss: 5.0294e+00
Adam [    0] loss: 5.7724e+01
Adam [  299] loss: 4.9818e-01
Adam [    0] loss: 4.6285e+01
Adam [  299] loss: 3.1999e-01
Adam [    0] loss: 7.8086e+01
Adam [  299] loss: 9.3156e+00
Adam [    0] loss: 4.6137e+01
Adam [  299] loss: 2.8028e+01
Adam [    0] loss: 4.5086e+01
Adam [  299] loss: 1.9399e-01
Adam [    0] loss: 1.5448e+02
Adam [  299] loss: 2.9407e+01
Adam [    0] loss: 6.2703e+01
Adam [  299] loss: 8.3730e-02
Adam [    0] loss: 3.7012e+01
Adam [  299] loss: 7.3078e-01
Adam [    0] loss: 1.1565e+02
Adam [  299] loss: 7.5556e-01
Adam [    0] loss: 4.6530e+01
Adam [  299] loss: 2.0699e-01
Adam [    0] loss: 4.1186e+01
Adam [  299] loss: 1.8418e-01
Adam [    0] loss: 4.2198e+01
Adam [  299] loss: 1.5765e-01
Adam [    0] loss: 1.2992e+02
Adam [  299] loss: 2.5703e+01
Adam [    0] loss: 8.6659e+01
Adam [  299] loss: 1.8786e-01
Adam [    0] loss: 3.3021e+01
Adam [  299] loss: 2.0520e-01
Adam [    0] loss: 3.2764e+01
Adam [  299] loss: 2.5599e-01
    16 |      480 |      3 |  0.000000E+00 |             f
Adam [    0] loss: 3.3562e+01
Adam [  299] loss: 4.6880e+00
Adam [    0] loss: 3.8649e+01
Adam [  299] loss: 5.3382e-01
Adam [    0] loss: 4.0370e+01
Adam [  299] loss: 4.6799e+00
Adam [    0] loss: 3.6222e+01
Adam [  299] loss: 3.8100e-01
Adam [    0] loss: 3.7764e+01
Adam [  299] loss: 1.1576e-01
Adam [    0] loss: 4.0931e+01
Adam [  299] loss: 8.9351e-01
Adam [    0] loss: 5.0989e+01
Adam [  299] loss: 5.0942e+00
Adam [    0] loss: 1.3650e+02
Adam [  299] loss: 2.5697e-01
Adam [    0] loss: 1.9657e+02
Adam [  299] loss: 1.6369e-01
Adam [    0] loss: 5.9910e+01
Adam [  299] loss: 2.4116e-01
Adam [    0] loss: 6.4887e+01
Adam [  299] loss: 2.6971e+01
Adam [    0] loss: 7.9637e+01
Adam [  299] loss: 8.4849e+00
Adam [    0] loss: 5.1357e+01
Adam [  299] loss: 3.0264e-01
Adam [    0] loss: 9.6627e+01
Adam [  299] loss: 1.3587e+00
Adam [    0] loss: 1.1318e+02
Adam [  299] loss: 1.8515e+01
Adam [    0] loss: 6.4273e+01
Adam [  299] loss: 1.8253e-01
Adam [    0] loss: 3.7509e+01
Adam [  299] loss: 6.8479e-02
Adam [    0] loss: 3.4760e+01
Adam [  299] loss: 6.2482e-02
Adam [    0] loss: 1.2137e+02
Adam [  299] loss: 5.3426e-01
Adam [    0] loss: 6.4235e+01
Adam [  299] loss: 1.1386e-01
Adam [    0] loss: 3.9316e+01
Adam [  299] loss: 5.1715e-01
Adam [    0] loss: 9.5090e+01
Adam [  299] loss: 3.8573e-01
Adam [    0] loss: 3.1004e+01
Adam [  299] loss: 1.3020e-01
Adam [    0] loss: 5.7366e+01
Adam [  299] loss: 8.2799e-02
Adam [    0] loss: 1.1704e+02
Adam [  299] loss: 1.9172e+01
Adam [    0] loss: 4.1107e+01
Adam [  299] loss: 5.7940e+00
Adam [    0] loss: 3.7230e+01
Adam [  299] loss: 2.4725e-01
Adam [    0] loss: 3.2412e+01
Adam [  299] loss: 2.5441e-01
Adam [    0] loss: 3.5095e+01
Adam [  299] loss: 7.3748e-02
Adam [    0] loss: 3.4292e+01
Adam [  299] loss: 1.0359e-01
    17 |      510 |      4 |  0.0119548242 |             f
Adam [    0] loss: 3.2046e+01
Adam [  299] loss: 4.6540e-01
Adam [    0] loss: 3.6032e+01
Adam [  299] loss: 2.7665e-01
Adam [    0] loss: 4.2405e+01
Adam [  299] loss: 7.6875e-02
Adam [    0] loss: 5.9770e+01
Adam [  299] loss: 1.0596e-01
Adam [    0] loss: 4.0553e+01
Adam [  299] loss: 4.5728e-01
Adam [    0] loss: 8.4305e+01
Adam [  299] loss: 1.1750e+01
Adam [    0] loss: 3.2067e+01
Adam [  299] loss: 2.2837e-01
Adam [    0] loss: 3.4715e+01
Adam [  299] loss: 6.9558e-02
Adam [    0] loss: 5.3444e+01
Adam [  299] loss: 4.8434e-01
Adam [    0] loss: 3.4131e+01
Adam [  299] loss: 1.0587e-01
Adam [    0] loss: 3.9895e+01
Adam [  299] loss: 4.2095e+00
Adam [    0] loss: 6.7342e+01
Adam [  299] loss: 1.6805e+01
Adam [    0] loss: 3.1877e+01
Adam [  299] loss: 1.4822e-01
Adam [    0] loss: 1.0049e+02
Adam [  299] loss: 5.0930e-01
Adam [    0] loss: 3.4249e+01
Adam [  299] loss: 6.8232e-02
Adam [    0] loss: 3.5463e+01
Adam [  299] loss: 7.8686e-01
Adam [    0] loss: 3.2706e+01
Adam [  299] loss: 4.0232e-01
Adam [    0] loss: 4.7495e+01
Adam [  299] loss: 1.0407e-01
Adam [    0] loss: 7.1330e+01
Adam [  299] loss: 3.3788e+00
Adam [    0] loss: 7.7950e+01
Adam [  299] loss: 8.0461e-02
Adam [    0] loss: 3.7981e+01
Adam [  299] loss: 4.5363e-01
Adam [    0] loss: 1.6021e+02
Adam [  299] loss: 2.9339e+01
Adam [    0] loss: 3.4313e+01
Adam [  299] loss: 1.5739e-01
Adam [    0] loss: 7.2236e+01
Adam [  299] loss: 1.7204e+01
Adam [    0] loss: 6.9914e+01
Adam [  299] loss: 2.2380e-01
Adam [    0] loss: 5.1964e+01
Adam [  299] loss: 2.3687e+01
Adam [    0] loss: 8.8921e+01
Adam [  299] loss: 2.5424e-01
Adam [    0] loss: 3.7564e+01
Adam [  299] loss: 2.0484e-01
Adam [    0] loss: 4.4695e+01
Adam [  299] loss: 3.1468e-01
Adam [    0] loss: 3.9094e+01
Adam [  299] loss: 7.0252e+00
    18 |      540 |      4 |  0.000000E+00 |             f
Adam [    0] loss: 9.0719e+01
Adam [  299] loss: 2.6862e+01
Adam [    0] loss: 3.5857e+01
Adam [  299] loss: 7.5993e-01
Adam [    0] loss: 3.1983e+01
Adam [  299] loss: 2.7771e-01
Adam [    0] loss: 5.2575e+01
Adam [  299] loss: 9.0365e-02
Adam [    0] loss: 1.7886e+02
Adam [  299] loss: 1.6572e+01
Adam [    0] loss: 1.7889e+02
Adam [  299] loss: 1.4255e+01
Adam [    0] loss: 3.5839e+01
Adam [  299] loss: 2.2356e-01
Adam [    0] loss: 1.2386e+02
Adam [  299] loss: 1.9201e-01
Adam [    0] loss: 3.7095e+01
Adam [  299] loss: 2.8152e-01
Adam [    0] loss: 5.7708e+01
Adam [  299] loss: 3.2438e-01
Adam [    0] loss: 9.4907e+01
Adam [  299] loss: 1.0309e-01
Adam [    0] loss: 6.4109e+01
Adam [  299] loss: 1.6854e+00
Adam [    0] loss: 5.0212e+01
Adam [  299] loss: 1.3684e-01
Adam [    0] loss: 3.6607e+01
Adam [  299] loss: 4.3742e-01
Adam [    0] loss: 3.2585e+01
Adam [  299] loss: 1.4983e-01
Adam [    0] loss: 6.9835e+01
Adam [  299] loss: 1.1597e+00
Adam [    0] loss: 4.9105e+01
Adam [  299] loss: 3.9129e-01
Adam [    0] loss: 5.0652e+01
Adam [  299] loss: 1.8791e+01
Adam [    0] loss: 3.7119e+01
Adam [  299] loss: 4.6268e-01
Adam [    0] loss: 1.3926e+02
Adam [  299] loss: 2.8773e+01
Adam [    0] loss: 3.9317e+01
Adam [  299] loss: 1.5821e-01
Adam [    0] loss: 4.1648e+01
Adam [  299] loss: 6.4072e-02
Adam [    0] loss: 6.1681e+01
Adam [  299] loss: 3.0652e-01
Adam [    0] loss: 3.7629e+01
Adam [  299] loss: 1.6902e-01
Adam [    0] loss: 5.9890e+01
Adam [  299] loss: 3.7543e+00
Adam [    0] loss: 7.7442e+01
Adam [  299] loss: 1.5436e+01
Adam [    0] loss: 7.8760e+01
Adam [  299] loss: 6.3500e-01
Adam [    0] loss: 3.3011e+01
Adam [  299] loss: 1.6975e-01
Adam [    0] loss: 8.7222e+01
Adam [  299] loss: 4.3524e-01
Adam [    0] loss: 4.4857e+01
Adam [  299] loss: 8.3614e+00
    19 |      570 |      4 |  0.000000E+00 |             f
Adam [    0] loss: 4.4387e+01
Adam [  299] loss: 1.1493e-01
Adam [    0] loss: 5.5571e+01
Adam [  299] loss: 7.7697e-02
Adam [    0] loss: 3.7691e+01
Adam [  299] loss: 1.1504e-01
Adam [    0] loss: 3.5144e+01
Adam [  299] loss: 6.5618e-02
Adam [    0] loss: 3.1366e+01
Adam [  299] loss: 3.4472e-01
Adam [    0] loss: 3.3446e+01
Adam [  299] loss: 1.7270e-01
Adam [    0] loss: 5.8868e+01
Adam [  299] loss: 1.0230e+00
Adam [    0] loss: 2.9462e+02
Adam [  299] loss: 2.5975e+01
Adam [    0] loss: 7.2741e+01
Adam [  299] loss: 1.6971e+01
Adam [    0] loss: 6.1000e+01
Adam [  299] loss: 1.3143e+00
Adam [    0] loss: 7.4844e+01
Adam [  299] loss: 2.7459e+01
Adam [    0] loss: 4.7716e+01
Adam [  299] loss: 2.9081e-01
Adam [    0] loss: 3.3565e+01
Adam [  299] loss: 1.6424e-01
Adam [    0] loss: 6.4623e+01
Adam [  299] loss: 2.7380e+01
Adam [    0] loss: 1.4487e+02
Adam [  299] loss: 2.7416e+01
Adam [    0] loss: 8.1235e+01
Adam [  299] loss: 2.3783e-01
Adam [    0] loss: 5.2111e+01
Adam [  299] loss: 9.3849e-02
Adam [    0] loss: 4.3522e+01
Adam [  299] loss: 2.1124e-01
Adam [    0] loss: 4.6955e+01
Adam [  299] loss: 2.6728e-01
Adam [    0] loss: 4.9434e+01
Adam [  299] loss: 9.3172e-02
Adam [    0] loss: 3.7363e+01
Adam [  299] loss: 3.4572e-01
Adam [    0] loss: 1.2490e+02
Adam [  299] loss: 2.2235e+01
Adam [    0] loss: 4.3716e+01
Adam [  299] loss: 1.6076e+01
Adam [    0] loss: 3.6680e+01
Adam [  299] loss: 1.7219e-01
Adam [    0] loss: 3.6837e+01
Adam [  299] loss: 1.4971e-01
Adam [    0] loss: 1.1045e+02
Adam [  299] loss: 2.5618e-01
Adam [    0] loss: 4.1023e+01
Adam [  299] loss: 2.1436e-01
Adam [    0] loss: 6.9014e+01
Adam [  299] loss: 3.5397e-01
Adam [    0] loss: 3.5380e+01
Adam [  299] loss: 8.0695e-02
Adam [    0] loss: 5.3243e+01
Adam [  299] loss: 3.2937e-01
    20 |      600 |      4 |  0.000000E+00 |             f
Best architecture from NSGA-III: layers=4, neurons=181
Adam [    0] loss: 4.8950e+01
Adam [ 2000] loss: 2.5888e-02
Adam [ 4000] loss: 1.1936e-02
Adam [ 6000] loss: 5.9344e-03
Adam [ 8000] loss: 2.9660e-03
Adam [10000] loss: 4.7629e-03
Adam [11999] loss: 1.0579e-03

L-BFGS refinement...
Saved plot: results/pipeline_runs/20260303_222758_advection_burgers2d/artifacts/advection/nsga3/paper_beta_0.100/run_03/stage_adam/loss_curve.png
Saved plot: results/pipeline_runs/20260303_222758_advection_burgers2d/artifacts/advection/nsga3/paper_beta_0.100/run_03/stage_adam/result_comparison.png
Saved plot: results/pipeline_runs/20260303_222758_advection_burgers2d/artifacts/advection/nsga3/paper_beta_0.100/run_03/stage_adam/advection_heatmap.png
Saved plot: results/pipeline_runs/20260303_222758_advection_burgers2d/artifacts/advection/nsga3/paper_beta_0.100/run_03/stage_adam/advection_time_slices_exact_vs_pred.png
Saved plot: results/pipeline_runs/20260303_222758_advection_burgers2d/artifacts/advection/nsga3/paper_beta_0.100/run_03/stage_lbfgs/loss_curve.png
Saved plot: results/pipeline_runs/20260303_222758_advection_burgers2d/artifacts/advection/nsga3/paper_beta_0.100/run_03/stage_lbfgs/result_comparison.png
Saved plot: results/pipeline_runs/20260303_222758_advection_burgers2d/artifacts/advection/nsga3/paper_beta_0.100/run_03/stage_lbfgs/advection_heatmap.png
Saved plot: results/pipeline_runs/20260303_222758_advection_burgers2d/artifacts/advection/nsga3/paper_beta_0.100/run_03/stage_lbfgs/advection_time_slices_exact_vs_pred.png
Selected best stage: lbfgs (rel_l2=5.6769e-03)
Run time: 537.57 s
Saved summary: results/pipeline_runs/20260303_222758_advection_burgers2d/artifacts/advection/nsga3/paper_beta_0.100/run_03/search_summary.csv
Starting NSGA-III architecture search: beta=0.100
Adam [    0] loss: 4.5798e+01
Adam [  299] loss: 9.3356e-02
Adam [    0] loss: 3.6312e+01
Adam [  299] loss: 1.3779e-01
Adam [    0] loss: 3.6644e+01
Adam [  299] loss: 1.1303e-01
Adam [    0] loss: 3.4498e+01
Adam [  299] loss: 1.7046e-01
Adam [    0] loss: 4.7322e+01
Adam [  299] loss: 5.5856e-01
Adam [    0] loss: 8.0196e+01
Adam [  299] loss: 1.8509e+01
Adam [    0] loss: 3.6989e+01
Adam [  299] loss: 1.1199e-01
Adam [    0] loss: 7.8375e+01
Adam [  299] loss: 3.6720e-01
Adam [    0] loss: 3.8254e+01
Adam [  299] loss: 1.4694e-01
Adam [    0] loss: 6.3528e+01
Adam [  299] loss: 1.9380e-01
Adam [    0] loss: 5.8882e+01
Adam [  299] loss: 7.6929e-02
Adam [    0] loss: 4.1242e+01
Adam [  299] loss: 2.0722e-01
Adam [    0] loss: 9.9252e+01
Adam [  299] loss: 1.7779e-01
Adam [    0] loss: 9.8887e+01
Adam [  299] loss: 1.3850e+01
Adam [    0] loss: 4.1774e+01
Adam [  299] loss: 2.8569e+01
Adam [    0] loss: 5.5141e+01
Adam [  299] loss: 2.9232e+00
Adam [    0] loss: 5.3404e+01
Adam [  299] loss: 1.2514e-01
Adam [    0] loss: 4.5910e+01
Adam [  299] loss: 1.4179e-01
Adam [    0] loss: 3.9784e+01
Adam [  299] loss: 9.2215e-02
Adam [    0] loss: 5.4412e+01
Adam [  299] loss: 2.8028e-01
Adam [    0] loss: 3.3474e+01
Adam [  299] loss: 2.0231e-01
Adam [    0] loss: 4.6412e+01
Adam [  299] loss: 1.2184e-01
Adam [    0] loss: 3.8130e+01
Adam [  299] loss: 2.3251e-01
Adam [    0] loss: 8.5354e+01
Adam [  299] loss: 1.9251e-01
Adam [    0] loss: 9.1747e+01
Adam [  299] loss: 1.8250e-01
Adam [    0] loss: 4.2939e+01
Adam [  299] loss: 8.5995e-02
Adam [    0] loss: 3.2153e+01
Adam [  299] loss: 1.2185e+01
Adam [    0] loss: 4.4200e+01
Adam [  299] loss: 1.0139e-01
Adam [    0] loss: 3.4008e+01
Adam [  299] loss: 5.4106e-01
Adam [    0] loss: 5.0127e+01
Adam [  299] loss: 4.1668e-01
==========================================================
n_gen  |  n_eval  | n_nds  |      eps      |   indicator  
==========================================================
     1 |       30 |      3 |             - |             -
Adam [    0] loss: 5.2117e+01
Adam [  299] loss: 1.4653e-01
Adam [    0] loss: 3.2967e+01
Adam [  299] loss: 2.9641e-01
Adam [    0] loss: 4.1297e+01
Adam [  299] loss: 2.7014e-01
Adam [    0] loss: 3.5681e+01
Adam [  299] loss: 1.8867e-01
Adam [    0] loss: 4.1308e+01
Adam [  299] loss: 1.3336e-01
Adam [    0] loss: 4.0475e+01
Adam [  299] loss: 6.2435e-02
Adam [    0] loss: 6.1312e+01
Adam [  299] loss: 4.4828e-01
Adam [    0] loss: 9.2085e+01
Adam [  299] loss: 1.2046e+00
Adam [    0] loss: 3.8219e+01
Adam [  299] loss: 1.2717e-01
Adam [    0] loss: 1.2015e+02
Adam [  299] loss: 1.5221e+00
Adam [    0] loss: 3.7842e+01
Adam [  299] loss: 1.4395e-01
Adam [    0] loss: 7.4266e+01
Adam [  299] loss: 1.0144e+00
Adam [    0] loss: 3.6337e+01
Adam [  299] loss: 4.5795e-01
Adam [    0] loss: 3.9314e+01
Adam [  299] loss: 3.3172e-01
Adam [    0] loss: 3.2828e+01
Adam [  299] loss: 1.4729e-01
Adam [    0] loss: 4.6349e+01
Adam [  299] loss: 1.0425e-01
Adam [    0] loss: 4.0700e+01
Adam [  299] loss: 1.9412e+01
Adam [    0] loss: 3.8492e+01
Adam [  299] loss: 6.1221e-02
Adam [    0] loss: 4.5276e+01
Adam [  299] loss: 1.1055e-01
Adam [    0] loss: 3.2821e+01
Adam [  299] loss: 2.4987e-01
Adam [    0] loss: 5.2693e+01
Adam [  299] loss: 2.5843e-01
Adam [    0] loss: 4.3485e+01
Adam [  299] loss: 2.2446e-01
Adam [    0] loss: 3.2799e+01
Adam [  299] loss: 2.6866e-01
Adam [    0] loss: 3.6888e+01
Adam [  299] loss: 3.0360e-01
Adam [    0] loss: 5.6062e+01
Adam [  299] loss: 2.3084e-01
Adam [    0] loss: 4.5028e+01
Adam [  299] loss: 8.4457e-02
Adam [    0] loss: 4.3210e+01
Adam [  299] loss: 7.4655e-02
Adam [    0] loss: 3.6777e+01
Adam [  299] loss: 8.6453e-02
Adam [    0] loss: 4.5108e+01
Adam [  299] loss: 4.9190e-01
Adam [    0] loss: 6.1813e+01
Adam [  299] loss: 2.9819e-01
     2 |       60 |      3 |  0.0441915153 |         ideal
Adam [    0] loss: 5.8399e+01
Adam [  299] loss: 2.1679e+01
Adam [    0] loss: 3.8523e+01
Adam [  299] loss: 2.2645e-01
Adam [    0] loss: 4.3148e+01
Adam [  299] loss: 1.8972e+01
Adam [    0] loss: 3.7707e+01
Adam [  299] loss: 2.7701e-01
Adam [    0] loss: 3.6498e+01
Adam [  299] loss: 5.9411e+00
Adam [    0] loss: 3.8663e+01
Adam [  299] loss: 1.5885e-01
Adam [    0] loss: 3.0955e+01
Adam [  299] loss: 2.4491e+01
Adam [    0] loss: 8.6004e+01
Adam [  299] loss: 2.5406e+01
Adam [    0] loss: 6.0835e+01
Adam [  299] loss: 1.7128e-01
Adam [    0] loss: 3.8741e+01
Adam [  299] loss: 1.2133e-01
Adam [    0] loss: 6.3773e+01
Adam [  299] loss: 2.2324e-01
Adam [    0] loss: 3.4238e+01
Adam [  299] loss: 6.3882e+00
Adam [    0] loss: 4.4753e+01
Adam [  299] loss: 1.3009e-01
Adam [    0] loss: 3.1006e+01
Adam [  299] loss: 9.6721e-02
Adam [    0] loss: 6.1798e+01
Adam [  299] loss: 7.2343e-02
Adam [    0] loss: 3.5686e+01
Adam [  299] loss: 7.6989e-01
Adam [    0] loss: 3.2293e+01
Adam [  299] loss: 4.2960e-01
Adam [    0] loss: 3.4167e+01
Adam [  299] loss: 2.2244e-01
Adam [    0] loss: 6.4537e+01
Adam [  299] loss: 1.9656e-01
Adam [    0] loss: 3.6224e+01
Adam [  299] loss: 9.6716e+00
Adam [    0] loss: 4.3205e+01
Adam [  299] loss: 2.1971e-01
Adam [    0] loss: 1.1374e+02
Adam [  299] loss: 1.2593e+00
Adam [    0] loss: 4.3116e+01
Adam [  299] loss: 2.7048e-01
Adam [    0] loss: 7.2484e+01
Adam [  299] loss: 8.5106e-02
Adam [    0] loss: 3.2024e+01
Adam [  299] loss: 1.0254e-01
Adam [    0] loss: 3.4082e+01
Adam [  299] loss: 1.0952e-01
Adam [    0] loss: 1.0401e+02
Adam [  299] loss: 4.4154e-01
Adam [    0] loss: 4.1310e+01
Adam [  299] loss: 1.2625e-01
Adam [    0] loss: 3.9293e+01
Adam [  299] loss: 3.2137e-01
Adam [    0] loss: 3.2048e+01
Adam [  299] loss: 2.3637e-01
     3 |       90 |      2 |  0.000000E+00 |             f
Adam [    0] loss: 8.2564e+01
Adam [  299] loss: 2.1563e-01
Adam [    0] loss: 6.1891e+01
Adam [  299] loss: 3.8490e-01
Adam [    0] loss: 4.3183e+01
Adam [  299] loss: 1.1887e+00
Adam [    0] loss: 8.9315e+01
Adam [  299] loss: 3.9189e-01
Adam [    0] loss: 6.7694e+01
Adam [  299] loss: 2.5966e+01
Adam [    0] loss: 7.2170e+01
Adam [  299] loss: 2.9039e-01
Adam [    0] loss: 3.5751e+01
Adam [  299] loss: 1.4705e-01
Adam [    0] loss: 5.2643e+01
Adam [  299] loss: 2.1511e-01
Adam [    0] loss: 4.6784e+01
Adam [  299] loss: 3.7586e-01
Adam [    0] loss: 1.1474e+02
Adam [  299] loss: 4.0801e-01
Adam [    0] loss: 1.5177e+02
Adam [  299] loss: 8.3535e+00
Adam [    0] loss: 7.9192e+01
Adam [  299] loss: 2.6018e-01
Adam [    0] loss: 4.1400e+01
Adam [  299] loss: 2.9941e-01
Adam [    0] loss: 1.0296e+02
Adam [  299] loss: 1.0765e+01
Adam [    0] loss: 3.3997e+01
Adam [  299] loss: 4.1236e-01
Adam [    0] loss: 4.6857e+01
Adam [  299] loss: 2.0450e-01
Adam [    0] loss: 5.0068e+01
Adam [  299] loss: 1.7856e-01
Adam [    0] loss: 5.9347e+01
Adam [  299] loss: 9.8146e-02
Adam [    0] loss: 5.2025e+01
Adam [  299] loss: 1.8379e-01
Adam [    0] loss: 4.1444e+01
Adam [  299] loss: 1.5170e-01
Adam [    0] loss: 4.1830e+01
Adam [  299] loss: 2.0171e-01
Adam [    0] loss: 4.2064e+01
Adam [  299] loss: 2.8110e-01
Adam [    0] loss: 3.5614e+01
Adam [  299] loss: 5.9659e-01
Adam [    0] loss: 3.1471e+01
Adam [  299] loss: 3.3738e-01
Adam [    0] loss: 3.5512e+01
Adam [  299] loss: 6.8741e-02
Adam [    0] loss: 5.6533e+01
Adam [  299] loss: 1.2327e-01
Adam [    0] loss: 3.0980e+01
Adam [  299] loss: 1.1125e-01
Adam [    0] loss: 3.2289e+01
Adam [  299] loss: 2.2731e-01
Adam [    0] loss: 3.0970e+01
Adam [  299] loss: 3.3570e-01
Adam [    0] loss: 5.9025e+01
Adam [  299] loss: 1.8861e-01
     4 |      120 |      2 |  0.0351990491 |         ideal
Adam [    0] loss: 7.5264e+01
Adam [  299] loss: 1.5012e+00
Adam [    0] loss: 1.2633e+02
Adam [  299] loss: 1.0884e+00
Adam [    0] loss: 5.4187e+01
Adam [  299] loss: 5.8282e-01
Adam [    0] loss: 4.8842e+01
Adam [  299] loss: 7.7174e-02
Adam [    0] loss: 6.8185e+01
Adam [  299] loss: 8.6871e-01
Adam [    0] loss: 4.8413e+01
Adam [  299] loss: 8.2978e-02
Adam [    0] loss: 3.6655e+01
Adam [  299] loss: 8.7677e-02
Adam [    0] loss: 7.2099e+01
Adam [  299] loss: 2.6368e+01
Adam [    0] loss: 5.8929e+01
Adam [  299] loss: 7.8197e+00
Adam [    0] loss: 7.7221e+01
Adam [  299] loss: 5.3978e-01
Adam [    0] loss: 4.9314e+01
Adam [  299] loss: 2.3430e-01
Adam [    0] loss: 3.0476e+01
Adam [  299] loss: 1.5622e+00
Adam [    0] loss: 1.2531e+02
Adam [  299] loss: 2.3026e-01
Adam [    0] loss: 3.3846e+01
Adam [  299] loss: 1.8922e-01
Adam [    0] loss: 3.1844e+01
Adam [  299] loss: 2.8043e-01
Adam [    0] loss: 5.1490e+01
Adam [  299] loss: 9.3604e-01
Adam [    0] loss: 1.3034e+02
Adam [  299] loss: 1.4416e-01
Adam [    0] loss: 7.0775e+01
Adam [  299] loss: 5.2920e-01
Adam [    0] loss: 7.9718e+01
Adam [  299] loss: 4.9756e-01
Adam [    0] loss: 3.7906e+01
Adam [  299] loss: 3.3965e-01
Adam [    0] loss: 7.1004e+01
Adam [  299] loss: 9.3855e-01
Adam [    0] loss: 4.5761e+01
Adam [  299] loss: 5.1609e-01
Adam [    0] loss: 6.4135e+01
Adam [  299] loss: 8.9127e-02
Adam [    0] loss: 9.8044e+01
Adam [  299] loss: 1.0878e-01
Adam [    0] loss: 3.6834e+01
Adam [  299] loss: 2.7971e-01
Adam [    0] loss: 3.3084e+01
Adam [  299] loss: 6.2012e-02
Adam [    0] loss: 3.2917e+01
Adam [  299] loss: 2.9559e-01
Adam [    0] loss: 5.4650e+01
Adam [  299] loss: 2.6920e+01
Adam [    0] loss: 3.1151e+01
Adam [  299] loss: 9.4186e-02
Adam [    0] loss: 4.8920e+01
Adam [  299] loss: 6.5428e-02
     5 |      150 |      4 |  0.0383510885 |         ideal
Adam [    0] loss: 3.1916e+01
Adam [  299] loss: 4.6392e-01
Adam [    0] loss: 3.1132e+01
Adam [  299] loss: 1.0434e-01
Adam [    0] loss: 7.1594e+01
Adam [  299] loss: 8.9437e+00
Adam [    0] loss: 4.4712e+01
Adam [  299] loss: 2.7887e-01
Adam [    0] loss: 7.0430e+01
Adam [  299] loss: 1.6167e+00
Adam [    0] loss: 3.0684e+02
Adam [  299] loss: 2.7148e+01
Adam [    0] loss: 5.0942e+01
Adam [  299] loss: 1.0125e-01
Adam [    0] loss: 4.3868e+01
Adam [  299] loss: 1.8047e-01
Adam [    0] loss: 1.1059e+02
Adam [  299] loss: 1.8669e-01
Adam [    0] loss: 3.3730e+01
Adam [  299] loss: 3.4031e-01
Adam [    0] loss: 4.4296e+01
Adam [  299] loss: 1.0484e-01
Adam [    0] loss: 3.2375e+01
Adam [  299] loss: 6.0882e-02
Adam [    0] loss: 4.7415e+01
Adam [  299] loss: 8.9284e-02
Adam [    0] loss: 1.6774e+02
Adam [  299] loss: 1.6001e+01
Adam [    0] loss: 3.8717e+01
Adam [  299] loss: 2.6143e-01
Adam [    0] loss: 7.6402e+01
Adam [  299] loss: 4.4640e-01
Adam [    0] loss: 9.2698e+01
Adam [  299] loss: 1.9773e-01
Adam [    0] loss: 1.1527e+02
Adam [  299] loss: 2.7769e+01
Adam [    0] loss: 6.8296e+01
Adam [  299] loss: 1.4271e-01
Adam [    0] loss: 3.8151e+01
Adam [  299] loss: 1.1142e+01
Adam [    0] loss: 4.0252e+01
Adam [  299] loss: 2.3701e-01
Adam [    0] loss: 3.1028e+01
Adam [  299] loss: 2.0267e-01
Adam [    0] loss: 3.8744e+01
Adam [  299] loss: 2.3836e-01
Adam [    0] loss: 4.1617e+01
Adam [  299] loss: 2.3358e-01
Adam [    0] loss: 8.3526e+01
Adam [  299] loss: 9.2389e-01
Adam [    0] loss: 1.0890e+02
Adam [  299] loss: 2.3060e-01
Adam [    0] loss: 3.5058e+01
Adam [  299] loss: 1.8881e+01
Adam [    0] loss: 3.5178e+01
Adam [  299] loss: 6.4891e-02
Adam [    0] loss: 3.2148e+01
Adam [  299] loss: 1.1677e-01
Adam [    0] loss: 5.4487e+01
Adam [  299] loss: 3.7110e-01
     6 |      180 |      5 |  0.0244680454 |             f
Adam [    0] loss: 1.2940e+02
Adam [  299] loss: 4.6639e+00
Adam [    0] loss: 4.6318e+01
Adam [  299] loss: 1.8021e-01
Adam [    0] loss: 8.4755e+01
Adam [  299] loss: 2.9570e+00
Adam [    0] loss: 5.2120e+01
Adam [  299] loss: 6.4861e-01
Adam [    0] loss: 4.1456e+01
Adam [  299] loss: 2.2720e-01
Adam [    0] loss: 3.6916e+01
Adam [  299] loss: 2.0427e-01
Adam [    0] loss: 8.5952e+01
Adam [  299] loss: 2.9797e-01
Adam [    0] loss: 4.9023e+01
Adam [  299] loss: 2.6656e+01
Adam [    0] loss: 3.6044e+01
Adam [  299] loss: 1.8398e-01
Adam [    0] loss: 4.7245e+01
Adam [  299] loss: 1.8932e+01
Adam [    0] loss: 9.8626e+01
Adam [  299] loss: 1.9739e+01
Adam [    0] loss: 6.5186e+01
Adam [  299] loss: 9.2973e+00
Adam [    0] loss: 1.3057e+02
Adam [  299] loss: 8.5215e-01
Adam [    0] loss: 3.3032e+01
Adam [  299] loss: 3.0486e-01
Adam [    0] loss: 7.8790e+01
Adam [  299] loss: 3.1784e-01
Adam [    0] loss: 6.7496e+01
Adam [  299] loss: 6.3118e-01
Adam [    0] loss: 5.4647e+01
Adam [  299] loss: 2.8624e+01
Adam [    0] loss: 5.4742e+01
Adam [  299] loss: 1.5602e+01
Adam [    0] loss: 4.3405e+01
Adam [  299] loss: 6.9859e-01
Adam [    0] loss: 3.4541e+01
Adam [  299] loss: 2.8343e-01
Adam [    0] loss: 5.3992e+01
Adam [  299] loss: 1.0020e-01
Adam [    0] loss: 3.9379e+01
Adam [  299] loss: 7.1101e-02
Adam [    0] loss: 3.1593e+01
Adam [  299] loss: 5.8250e-01
Adam [    0] loss: 9.6422e+01
Adam [  299] loss: 1.9330e+01
Adam [    0] loss: 6.4056e+01
Adam [  299] loss: 2.0239e-01
Adam [    0] loss: 3.5544e+01
Adam [  299] loss: 1.9150e-01
Adam [    0] loss: 3.8483e+01
Adam [  299] loss: 2.5097e+00
Adam [    0] loss: 4.2895e+01
Adam [  299] loss: 1.2619e-01
Adam [    0] loss: 7.1924e+01
Adam [  299] loss: 2.1751e+01
Adam [    0] loss: 1.0993e+02
Adam [  299] loss: 8.4211e-02
     7 |      210 |      3 |  0.0394893913 |             f
Adam [    0] loss: 9.6753e+01
Adam [  299] loss: 2.6968e-01
Adam [    0] loss: 8.3507e+01
Adam [  299] loss: 1.1905e-01
Adam [    0] loss: 4.3316e+01
Adam [  299] loss: 4.1622e-01
Adam [    0] loss: 7.8029e+01
Adam [  299] loss: 3.3325e-01
Adam [    0] loss: 9.0041e+01
Adam [  299] loss: 6.7875e-02
Adam [    0] loss: 4.3539e+01
Adam [  299] loss: 2.5264e-01
Adam [    0] loss: 3.5902e+01
Adam [  299] loss: 1.6919e-01
Adam [    0] loss: 4.0745e+01
Adam [  299] loss: 1.9934e-01
Adam [    0] loss: 7.4442e+01
Adam [  299] loss: 1.8884e-01
Adam [    0] loss: 3.7136e+01
Adam [  299] loss: 5.8872e-01
Adam [    0] loss: 8.9794e+01
Adam [  299] loss: 1.5186e-01
Adam [    0] loss: 4.2756e+01
Adam [  299] loss: 5.1493e-01
Adam [    0] loss: 3.3418e+01
Adam [  299] loss: 1.3014e+00
Adam [    0] loss: 4.1078e+01
Adam [  299] loss: 1.1057e-01
Adam [    0] loss: 3.4471e+01
Adam [  299] loss: 4.0447e-01
Adam [    0] loss: 4.0987e+01
Adam [  299] loss: 5.0125e-01
Adam [    0] loss: 3.2912e+01
Adam [  299] loss: 8.4183e-02
Adam [    0] loss: 4.6652e+01
Adam [  299] loss: 9.8048e-02
Adam [    0] loss: 3.5618e+01
Adam [  299] loss: 4.0803e-01
Adam [    0] loss: 8.7685e+01
Adam [  299] loss: 8.0367e+00
Adam [    0] loss: 4.8986e+01
Adam [  299] loss: 2.3961e-01
Adam [    0] loss: 4.3328e+01
Adam [  299] loss: 8.9495e-01
Adam [    0] loss: 3.6842e+01
Adam [  299] loss: 2.3098e+00
Adam [    0] loss: 5.7505e+01
Adam [  299] loss: 1.8211e-01
Adam [    0] loss: 5.1442e+01
Adam [  299] loss: 2.8669e+00
Adam [    0] loss: 4.3530e+01
Adam [  299] loss: 1.8672e-01
Adam [    0] loss: 5.0587e+01
Adam [  299] loss: 5.4567e-01
Adam [    0] loss: 2.7697e+02
Adam [  299] loss: 1.5824e+01
Adam [    0] loss: 7.6032e+01
Adam [  299] loss: 3.4142e-01
Adam [    0] loss: 7.1020e+01
Adam [  299] loss: 3.0585e+00
     8 |      240 |      3 |  0.9318918296 |         nadir
Adam [    0] loss: 3.3426e+01
Adam [  299] loss: 1.5606e-01
Adam [    0] loss: 4.4127e+01
Adam [  299] loss: 1.3700e-01
Adam [    0] loss: 4.7461e+01
Adam [  299] loss: 8.4047e-01
Adam [    0] loss: 3.8506e+01
Adam [  299] loss: 2.4715e-01
Adam [    0] loss: 4.3586e+01
Adam [  299] loss: 1.7132e-01
Adam [    0] loss: 8.8617e+01
Adam [  299] loss: 1.5456e+01
Adam [    0] loss: 7.2875e+01
Adam [  299] loss: 2.1548e+01
Adam [    0] loss: 6.7097e+01
Adam [  299] loss: 7.4051e-01
Adam [    0] loss: 5.2899e+01
Adam [  299] loss: 1.2788e+00
Adam [    0] loss: 7.5918e+01
Adam [  299] loss: 9.5763e+00
Adam [    0] loss: 1.0236e+02
Adam [  299] loss: 1.2644e+01
Adam [    0] loss: 2.6227e+02
Adam [  299] loss: 1.9316e+01
Adam [    0] loss: 7.2603e+01
Adam [  299] loss: 2.7952e+01
Adam [    0] loss: 6.8858e+01
Adam [  299] loss: 1.2733e-01
Adam [    0] loss: 5.2308e+01
Adam [  299] loss: 2.8648e-01
Adam [    0] loss: 3.3196e+01
Adam [  299] loss: 1.0562e+00
Adam [    0] loss: 3.1026e+01
Adam [  299] loss: 3.7949e-01
Adam [    0] loss: 4.6056e+01
Adam [  299] loss: 2.1566e-01
Adam [    0] loss: 6.4409e+01
Adam [  299] loss: 3.9853e-01
Adam [    0] loss: 6.0801e+01
Adam [  299] loss: 1.2181e+00
Adam [    0] loss: 1.3399e+02
Adam [  299] loss: 2.9066e+01
Adam [    0] loss: 3.7411e+01
Adam [  299] loss: 2.9587e-01
Adam [    0] loss: 5.0895e+01
Adam [  299] loss: 2.6532e+01
Adam [    0] loss: 3.5742e+01
Adam [  299] loss: 2.8973e-01
Adam [    0] loss: 3.2681e+01
Adam [  299] loss: 4.2184e-01
Adam [    0] loss: 3.3109e+01
Adam [  299] loss: 7.3731e-02
Adam [    0] loss: 3.7537e+01
Adam [  299] loss: 7.5806e+00
Adam [    0] loss: 6.6055e+01
Adam [  299] loss: 3.1022e+00
Adam [    0] loss: 3.7840e+01
Adam [  299] loss: 9.8178e-01
Adam [    0] loss: 6.1149e+01
Adam [  299] loss: 1.2891e+00
     9 |      270 |      4 |  0.2939083918 |             f
Adam [    0] loss: 5.5441e+01
Adam [  299] loss: 5.7176e-02
Adam [    0] loss: 3.5721e+01
Adam [  299] loss: 9.0093e-01
Adam [    0] loss: 4.7978e+01
Adam [  299] loss: 1.5819e-01
Adam [    0] loss: 1.0693e+02
Adam [  299] loss: 4.4572e+00
Adam [    0] loss: 9.3298e+01
Adam [  299] loss: 2.1938e+01
Adam [    0] loss: 5.5541e+01
Adam [  299] loss: 7.2157e-01
Adam [    0] loss: 3.4760e+01
Adam [  299] loss: 3.7560e-01
Adam [    0] loss: 4.6364e+01
Adam [  299] loss: 8.6111e-01
Adam [    0] loss: 4.3677e+01
Adam [  299] loss: 5.9755e-01
Adam [    0] loss: 3.9325e+01
Adam [  299] loss: 5.5963e-01
Adam [    0] loss: 3.8143e+01
Adam [  299] loss: 1.1916e-01
Adam [    0] loss: 3.8275e+01
Adam [  299] loss: 1.7902e-01
Adam [    0] loss: 6.2063e+01
Adam [  299] loss: 7.4685e-01
Adam [    0] loss: 5.5516e+01
Adam [  299] loss: 3.7551e-01
Adam [    0] loss: 4.9409e+01
Adam [  299] loss: 1.9470e-01
Adam [    0] loss: 4.3778e+01
Adam [  299] loss: 1.9343e-01
Adam [    0] loss: 7.7907e+01
Adam [  299] loss: 4.2695e-01
Adam [    0] loss: 6.0338e+01
Adam [  299] loss: 1.9588e-01
Adam [    0] loss: 4.4663e+01
Adam [  299] loss: 2.8354e-01
Adam [    0] loss: 1.0576e+02
Adam [  299] loss: 2.5169e+01
Adam [    0] loss: 4.8191e+01
Adam [  299] loss: 2.4587e+01
Adam [    0] loss: 3.3992e+01
Adam [  299] loss: 1.5677e-01
Adam [    0] loss: 9.2280e+01
Adam [  299] loss: 1.0415e+00
Adam [    0] loss: 6.0128e+01
Adam [  299] loss: 4.0510e-01
Adam [    0] loss: 7.2067e+01
Adam [  299] loss: 2.7274e+01
Adam [    0] loss: 3.1400e+01
Adam [  299] loss: 2.7603e-01
Adam [    0] loss: 1.5035e+02
Adam [  299] loss: 2.9167e+01
Adam [    0] loss: 9.3621e+01
Adam [  299] loss: 4.8552e-01
Adam [    0] loss: 1.0178e+02
Adam [  299] loss: 4.9543e-01
Adam [    0] loss: 4.0281e+01
Adam [  299] loss: 2.2521e+01
    10 |      300 |      4 |  0.0069264600 |         ideal
Adam [    0] loss: 3.5763e+01
Adam [  299] loss: 3.8120e-01
Adam [    0] loss: 4.4703e+01
Adam [  299] loss: 9.3642e-01
Adam [    0] loss: 4.0321e+01
Adam [  299] loss: 4.4996e-01
Adam [    0] loss: 4.0098e+01
Adam [  299] loss: 1.8018e-01
Adam [    0] loss: 4.7137e+01
Adam [  299] loss: 1.9299e-01
Adam [    0] loss: 5.4745e+01
Adam [  299] loss: 9.7433e-01
Adam [    0] loss: 5.3484e+01
Adam [  299] loss: 7.1434e-02
Adam [    0] loss: 4.3925e+01
Adam [  299] loss: 1.7737e+01
Adam [    0] loss: 3.2111e+01
Adam [  299] loss: 4.3952e-01
Adam [    0] loss: 5.8563e+01
Adam [  299] loss: 1.6767e+00
Adam [    0] loss: 3.3110e+01
Adam [  299] loss: 1.2764e-01
Adam [    0] loss: 5.3016e+01
Adam [  299] loss: 2.8823e-01
Adam [    0] loss: 3.2687e+01
Adam [  299] loss: 7.9931e-02
Adam [    0] loss: 2.3030e+02
Adam [  299] loss: 8.1255e+00
Adam [    0] loss: 5.2828e+01
Adam [  299] loss: 4.4016e-01
Adam [    0] loss: 3.5571e+01
Adam [  299] loss: 2.7281e-01
Adam [    0] loss: 4.8362e+01
Adam [  299] loss: 4.2641e-01
Adam [    0] loss: 9.5307e+01
Adam [  299] loss: 2.7104e+01
Adam [    0] loss: 6.9631e+01
Adam [  299] loss: 2.6583e-01
Adam [    0] loss: 3.2925e+01
Adam [  299] loss: 1.0690e-01
Adam [    0] loss: 1.1584e+02
Adam [  299] loss: 5.7286e+00
Adam [    0] loss: 6.3003e+01
Adam [  299] loss: 9.9697e-01
Adam [    0] loss: 4.0198e+01
Adam [  299] loss: 8.1118e-02
Adam [    0] loss: 7.9968e+01
Adam [  299] loss: 1.7826e-01
Adam [    0] loss: 1.3767e+02
Adam [  299] loss: 1.4346e+01
Adam [    0] loss: 3.2368e+02
Adam [  299] loss: 2.7824e+01
Adam [    0] loss: 1.3515e+02
Adam [  299] loss: 2.4702e+01
Adam [    0] loss: 3.4341e+01
Adam [  299] loss: 6.3075e-01
Adam [    0] loss: 4.8698e+01
Adam [  299] loss: 4.4777e-01
Adam [    0] loss: 4.7571e+01
Adam [  299] loss: 5.4191e-01
    11 |      330 |      3 |  0.0171216986 |         ideal
Adam [    0] loss: 1.0734e+02
Adam [  299] loss: 7.1913e+00
Adam [    0] loss: 8.2499e+01
Adam [  299] loss: 2.2320e-01
Adam [    0] loss: 3.1418e+01
Adam [  299] loss: 3.4618e-01
Adam [    0] loss: 1.0648e+02
Adam [  299] loss: 1.9707e+00
Adam [    0] loss: 6.7312e+01
Adam [  299] loss: 2.0013e+01
Adam [    0] loss: 8.1810e+01
Adam [  299] loss: 1.7428e+01
Adam [    0] loss: 3.1639e+01
Adam [  299] loss: 4.3807e-01
Adam [    0] loss: 1.1529e+02
Adam [  299] loss: 2.2329e+01
Adam [    0] loss: 3.9678e+01
Adam [  299] loss: 1.9087e-01
Adam [    0] loss: 6.7838e+01
Adam [  299] loss: 2.5379e+00
Adam [    0] loss: 7.0945e+01
Adam [  299] loss: 2.2774e+01
Adam [    0] loss: 7.5700e+01
Adam [  299] loss: 1.2249e+00
Adam [    0] loss: 9.0413e+01
Adam [  299] loss: 2.6007e-01
Adam [    0] loss: 3.7611e+01
Adam [  299] loss: 4.9897e-01
Adam [    0] loss: 1.0032e+02
Adam [  299] loss: 2.5008e+01
Adam [    0] loss: 6.8915e+01
Adam [  299] loss: 4.0766e-01
Adam [    0] loss: 3.3277e+01
Adam [  299] loss: 2.5886e-01
Adam [    0] loss: 3.2841e+01
Adam [  299] loss: 2.1832e+00
Adam [    0] loss: 5.9750e+01
Adam [  299] loss: 2.6410e-01
Adam [    0] loss: 3.3281e+01
Adam [  299] loss: 1.2539e-01
Adam [    0] loss: 5.6350e+01
Adam [  299] loss: 1.8597e-01
Adam [    0] loss: 1.1713e+02
Adam [  299] loss: 2.2684e+01
Adam [    0] loss: 5.6277e+01
Adam [  299] loss: 1.1593e+00
Adam [    0] loss: 3.3896e+01
Adam [  299] loss: 1.4997e-01
Adam [    0] loss: 7.1797e+01
Adam [  299] loss: 1.9845e-01
Adam [    0] loss: 1.1444e+02
Adam [  299] loss: 2.9140e+01
Adam [    0] loss: 8.1825e+01
Adam [  299] loss: 1.3949e+01
Adam [    0] loss: 1.2246e+02
Adam [  299] loss: 3.7174e+00
Adam [    0] loss: 4.3100e+01
Adam [  299] loss: 2.4656e-01
Adam [    0] loss: 6.3986e+01
Adam [  299] loss: 2.0126e-01
    12 |      360 |      3 |  0.000000E+00 |             f
Adam [    0] loss: 4.5899e+01
Adam [  299] loss: 6.9758e-01
Adam [    0] loss: 8.5283e+01
Adam [  299] loss: 1.0428e+00
Adam [    0] loss: 5.6075e+01
Adam [  299] loss: 2.7021e-01
Adam [    0] loss: 5.3635e+01
Adam [  299] loss: 5.4754e-01
Adam [    0] loss: 3.6384e+01
Adam [  299] loss: 1.0363e-01
Adam [    0] loss: 3.7434e+01
Adam [  299] loss: 5.8299e+00
Adam [    0] loss: 4.1762e+01
Adam [  299] loss: 1.7460e-01
Adam [    0] loss: 3.1701e+01
Adam [  299] loss: 3.0699e-01
Adam [    0] loss: 5.0472e+01
Adam [  299] loss: 2.8814e+01
Adam [    0] loss: 4.6204e+01
Adam [  299] loss: 1.5017e-01
Adam [    0] loss: 1.0457e+02
Adam [  299] loss: 1.8652e+00
Adam [    0] loss: 5.4923e+01
Adam [  299] loss: 1.1819e+01
Adam [    0] loss: 4.2417e+01
Adam [  299] loss: 1.1237e+01
Adam [    0] loss: 9.3065e+01
Adam [  299] loss: 1.6696e-01
Adam [    0] loss: 4.9331e+01
Adam [  299] loss: 7.8030e-01
Adam [    0] loss: 3.1706e+01
Adam [  299] loss: 1.4355e-01
Adam [    0] loss: 3.5852e+01
Adam [  299] loss: 4.4249e-01
Adam [    0] loss: 3.2603e+01
Adam [  299] loss: 1.5941e-01
Adam [    0] loss: 4.1576e+01
Adam [  299] loss: 3.3885e-01
Adam [    0] loss: 4.0001e+01
Adam [  299] loss: 2.9607e-01
Adam [    0] loss: 1.1787e+02
Adam [  299] loss: 1.0795e+01
Adam [    0] loss: 3.3258e+01
Adam [  299] loss: 5.7694e-01
Adam [    0] loss: 3.6756e+01
Adam [  299] loss: 1.8819e-01
Adam [    0] loss: 9.0704e+01
Adam [  299] loss: 9.8638e-01
Adam [    0] loss: 4.7886e+01
Adam [  299] loss: 1.9024e-01
Adam [    0] loss: 3.1439e+01
Adam [  299] loss: 7.8621e-02
Adam [    0] loss: 7.9467e+01
Adam [  299] loss: 1.5243e+01
Adam [    0] loss: 4.9129e+01
Adam [  299] loss: 9.4113e-02
Adam [    0] loss: 4.5001e+01
Adam [  299] loss: 1.3715e-01
Adam [    0] loss: 5.1838e+01
Adam [  299] loss: 1.8709e-01
    13 |      390 |      3 |  0.000000E+00 |             f
Adam [    0] loss: 5.7667e+01
Adam [  299] loss: 1.5395e+01
Adam [    0] loss: 2.0150e+02
Adam [  299] loss: 2.8408e+01
Adam [    0] loss: 4.2612e+01
Adam [  299] loss: 6.3951e-01
Adam [    0] loss: 4.3292e+01
Adam [  299] loss: 1.2418e+00
Adam [    0] loss: 4.2409e+01
Adam [  299] loss: 5.8564e-01
Adam [    0] loss: 4.4007e+01
Adam [  299] loss: 5.5456e+00
Adam [    0] loss: 4.5153e+01
Adam [  299] loss: 2.0809e-01
Adam [    0] loss: 4.0076e+01
Adam [  299] loss: 1.6091e-01
Adam [    0] loss: 3.2711e+01
Adam [  299] loss: 4.3299e-01
Adam [    0] loss: 6.3928e+01
Adam [  299] loss: 1.0160e-01
Adam [    0] loss: 3.1021e+01
Adam [  299] loss: 1.9279e-01
Adam [    0] loss: 3.4671e+01
Adam [  299] loss: 1.0294e-01
Adam [    0] loss: 7.8358e+01
Adam [  299] loss: 4.6428e-01
Adam [    0] loss: 4.0309e+01
Adam [  299] loss: 3.8271e-01
Adam [    0] loss: 3.1575e+01
Adam [  299] loss: 1.1079e+00
Adam [    0] loss: 7.7215e+01
Adam [  299] loss: 1.0953e-01
Adam [    0] loss: 4.0563e+01
Adam [  299] loss: 1.7189e-01
Adam [    0] loss: 1.7408e+02
Adam [  299] loss: 1.1884e+00
Adam [    0] loss: 3.8896e+01
Adam [  299] loss: 5.8387e-01
Adam [    0] loss: 6.3036e+01
Adam [  299] loss: 1.6081e+01
Adam [    0] loss: 1.0744e+02
Adam [  299] loss: 1.7232e+01
Adam [    0] loss: 4.4879e+01
Adam [  299] loss: 1.5790e-01
Adam [    0] loss: 9.9540e+01
Adam [  299] loss: 2.5799e+01
Adam [    0] loss: 1.8833e+02
Adam [  299] loss: 2.9561e+01
Adam [    0] loss: 4.3723e+01
Adam [  299] loss: 4.0196e-01
Adam [    0] loss: 8.2980e+01
Adam [  299] loss: 1.7056e-01
Adam [    0] loss: 7.5501e+01
Adam [  299] loss: 3.7418e-01
Adam [    0] loss: 3.9416e+01
Adam [  299] loss: 2.0500e-01
Adam [    0] loss: 1.0330e+02
Adam [  299] loss: 4.1691e-01
Adam [    0] loss: 1.7965e+02
Adam [  299] loss: 6.5084e+00
    14 |      420 |      3 |  0.000000E+00 |             f
Adam [    0] loss: 8.1386e+01
Adam [  299] loss: 7.3727e-01
Adam [    0] loss: 3.5413e+01
Adam [  299] loss: 1.7906e-01
Adam [    0] loss: 3.1246e+01
Adam [  299] loss: 1.7515e-01
Adam [    0] loss: 3.2438e+01
Adam [  299] loss: 1.9240e-01
Adam [    0] loss: 5.2238e+01
Adam [  299] loss: 2.2893e-01
Adam [    0] loss: 5.3202e+01
Adam [  299] loss: 5.9751e-01
Adam [    0] loss: 3.1926e+01
Adam [  299] loss: 6.8209e-02
Adam [    0] loss: 8.2381e+01
Adam [  299] loss: 8.5032e-01
Adam [    0] loss: 3.1656e+01
Adam [  299] loss: 7.3171e-02
Adam [    0] loss: 4.2895e+01
Adam [  299] loss: 1.4092e-01
Adam [    0] loss: 3.2536e+01
Adam [  299] loss: 3.3983e-01
Adam [    0] loss: 4.7125e+01
Adam [  299] loss: 1.7692e-01
Adam [    0] loss: 1.4442e+02
Adam [  299] loss: 6.1348e+00
Adam [    0] loss: 4.1656e+01
Adam [  299] loss: 3.2019e+00
Adam [    0] loss: 5.5027e+01
Adam [  299] loss: 3.1331e+00
Adam [    0] loss: 4.5348e+01
Adam [  299] loss: 1.0414e-01
Adam [    0] loss: 9.3444e+01
Adam [  299] loss: 1.7668e+01
Adam [    0] loss: 7.8496e+01
Adam [  299] loss: 7.7111e+00
Adam [    0] loss: 4.3479e+01
Adam [  299] loss: 2.0046e-01
Adam [    0] loss: 3.1552e+01
Adam [  299] loss: 1.4559e-01
Adam [    0] loss: 4.9031e+01
Adam [  299] loss: 8.0682e-01
Adam [    0] loss: 3.4551e+01
Adam [  299] loss: 2.9116e-01
Adam [    0] loss: 1.3575e+02
Adam [  299] loss: 2.9200e+01
Adam [    0] loss: 5.1154e+01
Adam [  299] loss: 7.4563e-02
Adam [    0] loss: 1.3948e+02
Adam [  299] loss: 1.5335e+00
Adam [    0] loss: 4.4090e+01
Adam [  299] loss: 1.3406e-01
Adam [    0] loss: 4.8593e+01
Adam [  299] loss: 2.6526e-01
Adam [    0] loss: 7.7793e+01
Adam [  299] loss: 5.0068e+00
Adam [    0] loss: 1.6003e+02
Adam [  299] loss: 2.9280e+01
Adam [    0] loss: 5.6484e+01
Adam [  299] loss: 4.8307e-01
    15 |      450 |      3 |  0.000000E+00 |             f
Adam [    0] loss: 3.9429e+01
Adam [  299] loss: 4.6488e-01
Adam [    0] loss: 3.8497e+01
Adam [  299] loss: 2.0263e-01
Adam [    0] loss: 5.7430e+01
Adam [  299] loss: 1.3131e-01
Adam [    0] loss: 5.3018e+01
Adam [  299] loss: 2.6593e-01
Adam [    0] loss: 4.4111e+01
Adam [  299] loss: 2.9408e-01
Adam [    0] loss: 4.7232e+01
Adam [  299] loss: 1.5086e-01
Adam [    0] loss: 4.0670e+01
Adam [  299] loss: 2.6704e+01
Adam [    0] loss: 4.5883e+01
Adam [  299] loss: 1.7647e+00
Adam [    0] loss: 8.5139e+01
Adam [  299] loss: 2.0946e-01
Adam [    0] loss: 6.2467e+01
Adam [  299] loss: 2.5075e+01
Adam [    0] loss: 3.1330e+01
Adam [  299] loss: 1.9209e-01
Adam [    0] loss: 4.6237e+01
Adam [  299] loss: 8.6565e+00
Adam [    0] loss: 4.5281e+01
Adam [  299] loss: 1.1534e-01
Adam [    0] loss: 3.4695e+01
Adam [  299] loss: 5.0294e+00
Adam [    0] loss: 5.7724e+01
Adam [  299] loss: 4.9818e-01
Adam [    0] loss: 4.6285e+01
Adam [  299] loss: 3.1999e-01
Adam [    0] loss: 7.8086e+01
Adam [  299] loss: 9.3156e+00
Adam [    0] loss: 4.6137e+01
Adam [  299] loss: 2.8028e+01
Adam [    0] loss: 4.5086e+01
Adam [  299] loss: 1.9399e-01
Adam [    0] loss: 1.5448e+02
Adam [  299] loss: 2.9407e+01
Adam [    0] loss: 6.2703e+01
Adam [  299] loss: 8.3730e-02
Adam [    0] loss: 3.7012e+01
Adam [  299] loss: 7.3078e-01
Adam [    0] loss: 1.1565e+02
Adam [  299] loss: 7.5556e-01
Adam [    0] loss: 4.6530e+01
Adam [  299] loss: 2.0699e-01
Adam [    0] loss: 4.1186e+01
Adam [  299] loss: 1.8418e-01
Adam [    0] loss: 4.2198e+01
Adam [  299] loss: 1.5765e-01
Adam [    0] loss: 1.2992e+02
Adam [  299] loss: 2.5703e+01
Adam [    0] loss: 8.6659e+01
Adam [  299] loss: 1.8786e-01
Adam [    0] loss: 3.3021e+01
Adam [  299] loss: 2.0520e-01
Adam [    0] loss: 3.2764e+01
Adam [  299] loss: 2.5599e-01
    16 |      480 |      3 |  0.000000E+00 |             f
Adam [    0] loss: 3.3562e+01
Adam [  299] loss: 4.6880e+00
Adam [    0] loss: 3.8649e+01
Adam [  299] loss: 5.3382e-01
Adam [    0] loss: 4.0370e+01
Adam [  299] loss: 4.6799e+00
Adam [    0] loss: 3.6222e+01
Adam [  299] loss: 3.8100e-01
Adam [    0] loss: 3.7764e+01
Adam [  299] loss: 1.1576e-01
Adam [    0] loss: 4.0931e+01
Adam [  299] loss: 8.9351e-01
Adam [    0] loss: 5.0989e+01
Adam [  299] loss: 5.0942e+00
Adam [    0] loss: 1.3650e+02
Adam [  299] loss: 2.5697e-01
Adam [    0] loss: 1.9657e+02
Adam [  299] loss: 1.6369e-01
Adam [    0] loss: 5.9910e+01
Adam [  299] loss: 2.4116e-01
Adam [    0] loss: 6.4887e+01
Adam [  299] loss: 2.6971e+01
Adam [    0] loss: 7.9637e+01
Adam [  299] loss: 8.4849e+00
Adam [    0] loss: 5.1357e+01
Adam [  299] loss: 3.0264e-01
Adam [    0] loss: 9.6627e+01
Adam [  299] loss: 1.3587e+00
Adam [    0] loss: 1.1318e+02
Adam [  299] loss: 1.8515e+01
Adam [    0] loss: 6.4273e+01
Adam [  299] loss: 1.8253e-01
Adam [    0] loss: 3.7509e+01
Adam [  299] loss: 6.8479e-02
Adam [    0] loss: 3.4760e+01
Adam [  299] loss: 6.2482e-02
Adam [    0] loss: 1.2137e+02
Adam [  299] loss: 5.3426e-01
Adam [    0] loss: 6.4235e+01
Adam [  299] loss: 1.1386e-01
Adam [    0] loss: 3.9316e+01
Adam [  299] loss: 5.1715e-01
Adam [    0] loss: 9.5090e+01
Adam [  299] loss: 3.8573e-01
Adam [    0] loss: 3.1004e+01
Adam [  299] loss: 1.3020e-01
Adam [    0] loss: 5.7366e+01
Adam [  299] loss: 8.2799e-02
Adam [    0] loss: 1.1704e+02
Adam [  299] loss: 1.9172e+01
Adam [    0] loss: 4.1107e+01
Adam [  299] loss: 5.7940e+00
Adam [    0] loss: 3.7230e+01
Adam [  299] loss: 2.4725e-01
Adam [    0] loss: 3.2412e+01
Adam [  299] loss: 2.5441e-01
Adam [    0] loss: 3.5095e+01
Adam [  299] loss: 7.3748e-02
Adam [    0] loss: 3.4292e+01
Adam [  299] loss: 1.0359e-01
    17 |      510 |      4 |  0.0119548242 |             f
Adam [    0] loss: 3.2046e+01
Adam [  299] loss: 4.6540e-01
Adam [    0] loss: 3.6032e+01
Adam [  299] loss: 2.7665e-01
Adam [    0] loss: 4.2405e+01
Adam [  299] loss: 7.6875e-02
Adam [    0] loss: 5.9770e+01
Adam [  299] loss: 1.0596e-01
Adam [    0] loss: 4.0553e+01
Adam [  299] loss: 4.5728e-01
Adam [    0] loss: 8.4305e+01
Adam [  299] loss: 1.1750e+01
Adam [    0] loss: 3.2067e+01
Adam [  299] loss: 2.2837e-01
Adam [    0] loss: 3.4715e+01
Adam [  299] loss: 6.9558e-02
Adam [    0] loss: 5.3444e+01
Adam [  299] loss: 4.8434e-01
Adam [    0] loss: 3.4131e+01
Adam [  299] loss: 1.0587e-01
Adam [    0] loss: 3.9895e+01
Adam [  299] loss: 4.2095e+00
Adam [    0] loss: 6.7342e+01
Adam [  299] loss: 1.6805e+01
Adam [    0] loss: 3.1877e+01
Adam [  299] loss: 1.4822e-01
Adam [    0] loss: 1.0049e+02
Adam [  299] loss: 5.0930e-01
Adam [    0] loss: 3.4249e+01
Adam [  299] loss: 6.8232e-02
Adam [    0] loss: 3.5463e+01
Adam [  299] loss: 7.8686e-01
Adam [    0] loss: 3.2706e+01
Adam [  299] loss: 4.0232e-01
Adam [    0] loss: 4.7495e+01
Adam [  299] loss: 1.0407e-01
Adam [    0] loss: 7.1330e+01
Adam [  299] loss: 3.3788e+00
Adam [    0] loss: 7.7950e+01
Adam [  299] loss: 8.0461e-02
Adam [    0] loss: 3.7981e+01
Adam [  299] loss: 4.5363e-01
Adam [    0] loss: 1.6021e+02
Adam [  299] loss: 2.9339e+01
Adam [    0] loss: 3.4313e+01
Adam [  299] loss: 1.5739e-01
Adam [    0] loss: 7.2236e+01
Adam [  299] loss: 1.7204e+01
Adam [    0] loss: 6.9914e+01
Adam [  299] loss: 2.2380e-01
Adam [    0] loss: 5.1964e+01
Adam [  299] loss: 2.3687e+01
Adam [    0] loss: 8.8921e+01
Adam [  299] loss: 2.5424e-01
Adam [    0] loss: 3.7564e+01
Adam [  299] loss: 2.0484e-01
Adam [    0] loss: 4.4695e+01
Adam [  299] loss: 3.1468e-01
Adam [    0] loss: 3.9094e+01
Adam [  299] loss: 7.0252e+00
    18 |      540 |      4 |  0.000000E+00 |             f
Adam [    0] loss: 9.0719e+01
Adam [  299] loss: 2.6862e+01
Adam [    0] loss: 3.5857e+01
Adam [  299] loss: 7.5993e-01
Adam [    0] loss: 3.1983e+01
Adam [  299] loss: 2.7771e-01
Adam [    0] loss: 5.2575e+01
Adam [  299] loss: 9.0365e-02
Adam [    0] loss: 1.7886e+02
Adam [  299] loss: 1.6572e+01
Adam [    0] loss: 1.7889e+02
Adam [  299] loss: 1.4255e+01
Adam [    0] loss: 3.5839e+01
Adam [  299] loss: 2.2356e-01
Adam [    0] loss: 1.2386e+02
Adam [  299] loss: 1.9201e-01
Adam [    0] loss: 3.7095e+01
Adam [  299] loss: 2.8152e-01
Adam [    0] loss: 5.7708e+01
Adam [  299] loss: 3.2438e-01
Adam [    0] loss: 9.4907e+01
Adam [  299] loss: 1.0309e-01
Adam [    0] loss: 6.4109e+01
Adam [  299] loss: 1.6854e+00
Adam [    0] loss: 5.0212e+01
Adam [  299] loss: 1.3684e-01
Adam [    0] loss: 3.6607e+01
Adam [  299] loss: 4.3742e-01
Adam [    0] loss: 3.2585e+01
Adam [  299] loss: 1.4983e-01
Adam [    0] loss: 6.9835e+01
Adam [  299] loss: 1.1597e+00
Adam [    0] loss: 4.9105e+01
Adam [  299] loss: 3.9129e-01
Adam [    0] loss: 5.0652e+01
Adam [  299] loss: 1.8791e+01
Adam [    0] loss: 3.7119e+01
Adam [  299] loss: 4.6268e-01
Adam [    0] loss: 1.3926e+02
Adam [  299] loss: 2.8773e+01
Adam [    0] loss: 3.9317e+01
Adam [  299] loss: 1.5821e-01
Adam [    0] loss: 4.1648e+01
Adam [  299] loss: 6.4072e-02
Adam [    0] loss: 6.1681e+01
Adam [  299] loss: 3.0652e-01
Adam [    0] loss: 3.7629e+01
Adam [  299] loss: 1.6902e-01
Adam [    0] loss: 5.9890e+01
Adam [  299] loss: 3.7543e+00
Adam [    0] loss: 7.7442e+01
Adam [  299] loss: 1.5436e+01
Adam [    0] loss: 7.8760e+01
Adam [  299] loss: 6.3500e-01
Adam [    0] loss: 3.3011e+01
Adam [  299] loss: 1.6975e-01
Adam [    0] loss: 8.7222e+01
Adam [  299] loss: 4.3524e-01
Adam [    0] loss: 4.4857e+01
Adam [  299] loss: 8.3614e+00
    19 |      570 |      4 |  0.000000E+00 |             f
Adam [    0] loss: 4.4387e+01
Adam [  299] loss: 1.1493e-01
Adam [    0] loss: 5.5571e+01
Adam [  299] loss: 7.7697e-02
Adam [    0] loss: 3.7691e+01
Adam [  299] loss: 1.1504e-01
Adam [    0] loss: 3.5144e+01
Adam [  299] loss: 6.5618e-02
Adam [    0] loss: 3.1366e+01
Adam [  299] loss: 3.4472e-01
Adam [    0] loss: 3.3446e+01
Adam [  299] loss: 1.7270e-01
Adam [    0] loss: 5.8868e+01
Adam [  299] loss: 1.0230e+00
Adam [    0] loss: 2.9462e+02
Adam [  299] loss: 2.5975e+01
Adam [    0] loss: 7.2741e+01
Adam [  299] loss: 1.6971e+01
Adam [    0] loss: 6.1000e+01
Adam [  299] loss: 1.3143e+00
Adam [    0] loss: 7.4844e+01
Adam [  299] loss: 2.7459e+01
Adam [    0] loss: 4.7716e+01
Adam [  299] loss: 2.9081e-01
Adam [    0] loss: 3.3565e+01
Adam [  299] loss: 1.6424e-01
Adam [    0] loss: 6.4623e+01
Adam [  299] loss: 2.7380e+01
Adam [    0] loss: 1.4487e+02
Adam [  299] loss: 2.7416e+01
Adam [    0] loss: 8.1235e+01
Adam [  299] loss: 2.3783e-01
Adam [    0] loss: 5.2111e+01
Adam [  299] loss: 9.3849e-02
Adam [    0] loss: 4.3522e+01
Adam [  299] loss: 2.1124e-01
Adam [    0] loss: 4.6955e+01
Adam [  299] loss: 2.6728e-01
Adam [    0] loss: 4.9434e+01
Adam [  299] loss: 9.3172e-02
Adam [    0] loss: 3.7363e+01
Adam [  299] loss: 3.4572e-01
Adam [    0] loss: 1.2490e+02
Adam [  299] loss: 2.2235e+01
Adam [    0] loss: 4.3716e+01
Adam [  299] loss: 1.6076e+01
Adam [    0] loss: 3.6680e+01
Adam [  299] loss: 1.7219e-01
Adam [    0] loss: 3.6837e+01
Adam [  299] loss: 1.4971e-01
Adam [    0] loss: 1.1045e+02
Adam [  299] loss: 2.5618e-01
Adam [    0] loss: 4.1023e+01
Adam [  299] loss: 2.1436e-01
Adam [    0] loss: 6.9014e+01
Adam [  299] loss: 3.5397e-01
Adam [    0] loss: 3.5380e+01
Adam [  299] loss: 8.0695e-02
Adam [    0] loss: 5.3243e+01
Adam [  299] loss: 3.2937e-01
    20 |      600 |      4 |  0.000000E+00 |             f
Best architecture from NSGA-III: layers=4, neurons=181
Adam [    0] loss: 3.5899e+01
Adam [ 2000] loss: 1.3834e-03
Adam [ 4000] loss: 7.7331e-04
Adam [ 6000] loss: 3.3196e-04
Adam [ 8000] loss: 3.0452e-04
Adam [10000] loss: 2.8427e-04
Adam [11999] loss: 2.1569e-03

L-BFGS refinement...
Saved plot: results/pipeline_runs/20260303_222758_advection_burgers2d/artifacts/advection/nsga3/paper_beta_0.100/run_04/stage_adam/loss_curve.png
Saved plot: results/pipeline_runs/20260303_222758_advection_burgers2d/artifacts/advection/nsga3/paper_beta_0.100/run_04/stage_adam/result_comparison.png
Saved plot: results/pipeline_runs/20260303_222758_advection_burgers2d/artifacts/advection/nsga3/paper_beta_0.100/run_04/stage_adam/advection_heatmap.png
Saved plot: results/pipeline_runs/20260303_222758_advection_burgers2d/artifacts/advection/nsga3/paper_beta_0.100/run_04/stage_adam/advection_time_slices_exact_vs_pred.png
Saved plot: results/pipeline_runs/20260303_222758_advection_burgers2d/artifacts/advection/nsga3/paper_beta_0.100/run_04/stage_lbfgs/loss_curve.png
Saved plot: results/pipeline_runs/20260303_222758_advection_burgers2d/artifacts/advection/nsga3/paper_beta_0.100/run_04/stage_lbfgs/result_comparison.png
Saved plot: results/pipeline_runs/20260303_222758_advection_burgers2d/artifacts/advection/nsga3/paper_beta_0.100/run_04/stage_lbfgs/advection_heatmap.png
Saved plot: results/pipeline_runs/20260303_222758_advection_burgers2d/artifacts/advection/nsga3/paper_beta_0.100/run_04/stage_lbfgs/advection_time_slices_exact_vs_pred.png
Selected best stage: lbfgs (rel_l2=5.1210e-03)
Run time: 528.08 s
Saved summary: results/pipeline_runs/20260303_222758_advection_burgers2d/artifacts/advection/nsga3/paper_beta_0.100/run_04/search_summary.csv
Starting NSGA-III architecture search: beta=0.100
Adam [    0] loss: 4.5798e+01
Adam [  299] loss: 9.3356e-02
Adam [    0] loss: 3.6312e+01
Adam [  299] loss: 1.3779e-01
Adam [    0] loss: 3.6644e+01
Adam [  299] loss: 1.1303e-01
Adam [    0] loss: 3.4498e+01
Adam [  299] loss: 1.7046e-01
Adam [    0] loss: 4.7322e+01
Adam [  299] loss: 5.5856e-01
Adam [    0] loss: 8.0196e+01
Adam [  299] loss: 1.8509e+01
Adam [    0] loss: 3.6989e+01
Adam [  299] loss: 1.1199e-01
Adam [    0] loss: 7.8375e+01
Adam [  299] loss: 3.6720e-01
Adam [    0] loss: 3.8254e+01
Adam [  299] loss: 1.4694e-01
Adam [    0] loss: 6.3528e+01
Adam [  299] loss: 1.9380e-01
Adam [    0] loss: 5.8882e+01
Adam [  299] loss: 7.6929e-02
Adam [    0] loss: 4.1242e+01
Adam [  299] loss: 2.0722e-01
Adam [    0] loss: 9.9252e+01
Adam [  299] loss: 1.7779e-01
Adam [    0] loss: 9.8887e+01
Adam [  299] loss: 1.3850e+01
Adam [    0] loss: 4.1774e+01
Adam [  299] loss: 2.8569e+01
Adam [    0] loss: 5.5141e+01
Adam [  299] loss: 2.9232e+00
Adam [    0] loss: 5.3404e+01
Adam [  299] loss: 1.2514e-01
Adam [    0] loss: 4.5910e+01
Adam [  299] loss: 1.4179e-01
Adam [    0] loss: 3.9784e+01
Adam [  299] loss: 9.2215e-02
Adam [    0] loss: 5.4412e+01
Adam [  299] loss: 2.8028e-01
Adam [    0] loss: 3.3474e+01
Adam [  299] loss: 2.0231e-01
Adam [    0] loss: 4.6412e+01
Adam [  299] loss: 1.2184e-01
Adam [    0] loss: 3.8130e+01
Adam [  299] loss: 2.3251e-01
Adam [    0] loss: 8.5354e+01
Adam [  299] loss: 1.9251e-01
Adam [    0] loss: 9.1747e+01
Adam [  299] loss: 1.8250e-01
Adam [    0] loss: 4.2939e+01
Adam [  299] loss: 8.5995e-02
Adam [    0] loss: 3.2153e+01
Adam [  299] loss: 1.2185e+01
Adam [    0] loss: 4.4200e+01
Adam [  299] loss: 1.0139e-01
Adam [    0] loss: 3.4008e+01
Adam [  299] loss: 5.4106e-01
Adam [    0] loss: 5.0127e+01
Adam [  299] loss: 4.1668e-01
==========================================================
n_gen  |  n_eval  | n_nds  |      eps      |   indicator  
==========================================================
     1 |       30 |      3 |             - |             -
Adam [    0] loss: 5.2117e+01
Adam [  299] loss: 1.4653e-01
Adam [    0] loss: 3.2967e+01
Adam [  299] loss: 2.9641e-01
Adam [    0] loss: 4.1297e+01
Adam [  299] loss: 2.7014e-01
Adam [    0] loss: 3.5681e+01
Adam [  299] loss: 1.8867e-01
Adam [    0] loss: 4.1308e+01
Adam [  299] loss: 1.3336e-01
Adam [    0] loss: 4.0475e+01
Adam [  299] loss: 6.2435e-02
Adam [    0] loss: 6.1312e+01
Adam [  299] loss: 4.4828e-01
Adam [    0] loss: 9.2085e+01
Adam [  299] loss: 1.2046e+00
Adam [    0] loss: 3.8219e+01
Adam [  299] loss: 1.2717e-01
Adam [    0] loss: 1.2015e+02
Adam [  299] loss: 1.5221e+00
Adam [    0] loss: 3.7842e+01
Adam [  299] loss: 1.4395e-01
Adam [    0] loss: 7.4266e+01
Adam [  299] loss: 1.0144e+00
Adam [    0] loss: 3.6337e+01
Adam [  299] loss: 4.5795e-01
Adam [    0] loss: 3.9314e+01
Adam [  299] loss: 3.3172e-01
Adam [    0] loss: 3.2828e+01
Adam [  299] loss: 1.4729e-01
Adam [    0] loss: 4.6349e+01
Adam [  299] loss: 1.0425e-01
Adam [    0] loss: 4.0700e+01
Adam [  299] loss: 1.9412e+01
Adam [    0] loss: 3.8492e+01
Adam [  299] loss: 6.1221e-02
Adam [    0] loss: 4.5276e+01
Adam [  299] loss: 1.1055e-01
Adam [    0] loss: 3.2821e+01
Adam [  299] loss: 2.4987e-01
Adam [    0] loss: 5.2693e+01
Adam [  299] loss: 2.5843e-01
Adam [    0] loss: 4.3485e+01
Adam [  299] loss: 2.2446e-01
Adam [    0] loss: 3.2799e+01
Adam [  299] loss: 2.6866e-01
Adam [    0] loss: 3.6888e+01
Adam [  299] loss: 3.0360e-01
Adam [    0] loss: 5.6062e+01
Adam [  299] loss: 2.3084e-01
Adam [    0] loss: 4.5028e+01
Adam [  299] loss: 8.4457e-02
Adam [    0] loss: 4.3210e+01
Adam [  299] loss: 7.4655e-02
Adam [    0] loss: 3.6777e+01
Adam [  299] loss: 8.6453e-02
Adam [    0] loss: 4.5108e+01
Adam [  299] loss: 4.9190e-01
Adam [    0] loss: 6.1813e+01
Adam [  299] loss: 2.9819e-01
     2 |       60 |      3 |  0.0441915153 |         ideal
Adam [    0] loss: 5.8399e+01
Adam [  299] loss: 2.1679e+01
Adam [    0] loss: 3.8523e+01
Adam [  299] loss: 2.2645e-01
Adam [    0] loss: 4.3148e+01
Adam [  299] loss: 1.8972e+01
Adam [    0] loss: 3.7707e+01
Adam [  299] loss: 2.7701e-01
Adam [    0] loss: 3.6498e+01
Adam [  299] loss: 5.9411e+00
Adam [    0] loss: 3.8663e+01
Adam [  299] loss: 1.5885e-01
Adam [    0] loss: 3.0955e+01
Adam [  299] loss: 2.4491e+01
Adam [    0] loss: 8.6004e+01
Adam [  299] loss: 2.5406e+01
Adam [    0] loss: 6.0835e+01
Adam [  299] loss: 1.7128e-01
Adam [    0] loss: 3.8741e+01
Adam [  299] loss: 1.2133e-01
Adam [    0] loss: 6.3773e+01
Adam [  299] loss: 2.2324e-01
Adam [    0] loss: 3.4238e+01
Adam [  299] loss: 6.3882e+00
Adam [    0] loss: 4.4753e+01
Adam [  299] loss: 1.3009e-01
Adam [    0] loss: 3.1006e+01
Adam [  299] loss: 9.6721e-02
Adam [    0] loss: 6.1798e+01
Adam [  299] loss: 7.2343e-02
Adam [    0] loss: 3.5686e+01
Adam [  299] loss: 7.6989e-01
Adam [    0] loss: 3.2293e+01
Adam [  299] loss: 4.2960e-01
Adam [    0] loss: 3.4167e+01
Adam [  299] loss: 2.2244e-01
Adam [    0] loss: 6.4537e+01
Adam [  299] loss: 1.9656e-01
Adam [    0] loss: 3.6224e+01
Adam [  299] loss: 9.6716e+00
Adam [    0] loss: 4.3205e+01
Adam [  299] loss: 2.1971e-01
Adam [    0] loss: 1.1374e+02
Adam [  299] loss: 1.2593e+00
Adam [    0] loss: 4.3116e+01
Adam [  299] loss: 2.7048e-01
Adam [    0] loss: 7.2484e+01
Adam [  299] loss: 8.5106e-02
Adam [    0] loss: 3.2024e+01
Adam [  299] loss: 1.0254e-01
Adam [    0] loss: 3.4082e+01
Adam [  299] loss: 1.0952e-01
Adam [    0] loss: 1.0401e+02
Adam [  299] loss: 4.4154e-01
Adam [    0] loss: 4.1310e+01
Adam [  299] loss: 1.2625e-01
Adam [    0] loss: 3.9293e+01
Adam [  299] loss: 3.2137e-01
Adam [    0] loss: 3.2048e+01
Adam [  299] loss: 2.3637e-01
     3 |       90 |      2 |  0.000000E+00 |             f
Adam [    0] loss: 8.2564e+01
Adam [  299] loss: 2.1563e-01
Adam [    0] loss: 6.1891e+01
Adam [  299] loss: 3.8490e-01
Adam [    0] loss: 4.3183e+01
Adam [  299] loss: 1.1887e+00
Adam [    0] loss: 8.9315e+01
Adam [  299] loss: 3.9189e-01
Adam [    0] loss: 6.7694e+01
Adam [  299] loss: 2.5966e+01
Adam [    0] loss: 7.2170e+01
Adam [  299] loss: 2.9039e-01
Adam [    0] loss: 3.5751e+01
Adam [  299] loss: 1.4705e-01
Adam [    0] loss: 5.2643e+01
Adam [  299] loss: 2.1511e-01
Adam [    0] loss: 4.6784e+01
Adam [  299] loss: 3.7586e-01
Adam [    0] loss: 1.1474e+02
Adam [  299] loss: 4.0801e-01
Adam [    0] loss: 1.5177e+02
Adam [  299] loss: 8.3535e+00
Adam [    0] loss: 7.9192e+01
Adam [  299] loss: 2.6018e-01
Adam [    0] loss: 4.1400e+01
Adam [  299] loss: 2.9941e-01
Adam [    0] loss: 1.0296e+02
Adam [  299] loss: 1.0765e+01
Adam [    0] loss: 3.3997e+01
Adam [  299] loss: 4.1236e-01
Adam [    0] loss: 4.6857e+01
Adam [  299] loss: 2.0450e-01
Adam [    0] loss: 5.0068e+01
Adam [  299] loss: 1.7856e-01
Adam [    0] loss: 5.9347e+01
Adam [  299] loss: 9.8146e-02
Adam [    0] loss: 5.2025e+01
Adam [  299] loss: 1.8379e-01
Adam [    0] loss: 4.1444e+01
Adam [  299] loss: 1.5170e-01
Adam [    0] loss: 4.1830e+01
Adam [  299] loss: 2.0171e-01
Adam [    0] loss: 4.2064e+01
Adam [  299] loss: 2.8110e-01
Adam [    0] loss: 3.5614e+01
Adam [  299] loss: 5.9659e-01
Adam [    0] loss: 3.1471e+01
Adam [  299] loss: 3.3738e-01
Adam [    0] loss: 3.5512e+01
Adam [  299] loss: 6.8741e-02
Adam [    0] loss: 5.6533e+01
Adam [  299] loss: 1.2327e-01
Adam [    0] loss: 3.0980e+01
Adam [  299] loss: 1.1125e-01
Adam [    0] loss: 3.2289e+01
Adam [  299] loss: 2.2731e-01
Adam [    0] loss: 3.0970e+01
Adam [  299] loss: 3.3570e-01
Adam [    0] loss: 5.9025e+01
Adam [  299] loss: 1.8861e-01
     4 |      120 |      2 |  0.0351990491 |         ideal
Adam [    0] loss: 7.5264e+01
Adam [  299] loss: 1.5012e+00
Adam [    0] loss: 1.2633e+02
Adam [  299] loss: 1.0884e+00
Adam [    0] loss: 5.4187e+01
Adam [  299] loss: 5.8282e-01
Adam [    0] loss: 4.8842e+01
Adam [  299] loss: 7.7174e-02
Adam [    0] loss: 6.8185e+01
Adam [  299] loss: 8.6871e-01
Adam [    0] loss: 4.8413e+01
Adam [  299] loss: 8.2978e-02
Adam [    0] loss: 3.6655e+01
Adam [  299] loss: 8.7677e-02
Adam [    0] loss: 7.2099e+01
Adam [  299] loss: 2.6368e+01
Adam [    0] loss: 5.8929e+01
Adam [  299] loss: 7.8197e+00
Adam [    0] loss: 7.7221e+01
Adam [  299] loss: 5.3978e-01
Adam [    0] loss: 4.9314e+01
Adam [  299] loss: 2.3430e-01
Adam [    0] loss: 3.0476e+01
Adam [  299] loss: 1.5622e+00
Adam [    0] loss: 1.2531e+02
Adam [  299] loss: 2.3026e-01
Adam [    0] loss: 3.3846e+01
Adam [  299] loss: 1.8922e-01
Adam [    0] loss: 3.1844e+01
Adam [  299] loss: 2.8043e-01
Adam [    0] loss: 5.1490e+01
Adam [  299] loss: 9.3604e-01
Adam [    0] loss: 1.3034e+02
Adam [  299] loss: 1.4416e-01
Adam [    0] loss: 7.0775e+01
Adam [  299] loss: 5.2920e-01
Adam [    0] loss: 7.9718e+01
Adam [  299] loss: 4.9756e-01
Adam [    0] loss: 3.7906e+01
Adam [  299] loss: 3.3965e-01
Adam [    0] loss: 7.1004e+01
Adam [  299] loss: 9.3855e-01
Adam [    0] loss: 4.5761e+01
Adam [  299] loss: 5.1609e-01
Adam [    0] loss: 6.4135e+01
Adam [  299] loss: 8.9127e-02
Adam [    0] loss: 9.8044e+01
Adam [  299] loss: 1.0878e-01
Adam [    0] loss: 3.6834e+01
Adam [  299] loss: 2.7971e-01
Adam [    0] loss: 3.3084e+01
Adam [  299] loss: 6.2012e-02
Adam [    0] loss: 3.2917e+01
Adam [  299] loss: 2.9559e-01
Adam [    0] loss: 5.4650e+01
Adam [  299] loss: 2.6920e+01
Adam [    0] loss: 3.1151e+01
Adam [  299] loss: 9.4186e-02
Adam [    0] loss: 4.8920e+01
Adam [  299] loss: 6.5428e-02
     5 |      150 |      4 |  0.0383510885 |         ideal
Adam [    0] loss: 3.1916e+01
Adam [  299] loss: 4.6392e-01
Adam [    0] loss: 3.1132e+01
Adam [  299] loss: 1.0434e-01
Adam [    0] loss: 7.1594e+01
Adam [  299] loss: 8.9437e+00
Adam [    0] loss: 4.4712e+01
Adam [  299] loss: 2.7887e-01
Adam [    0] loss: 7.0430e+01
Adam [  299] loss: 1.6167e+00
Adam [    0] loss: 3.0684e+02
Adam [  299] loss: 2.7148e+01
Adam [    0] loss: 5.0942e+01
Adam [  299] loss: 1.0125e-01
Adam [    0] loss: 4.3868e+01
Adam [  299] loss: 1.8047e-01
Adam [    0] loss: 1.1059e+02
Adam [  299] loss: 1.8669e-01
Adam [    0] loss: 3.3730e+01
Adam [  299] loss: 3.4031e-01
Adam [    0] loss: 4.4296e+01
Adam [  299] loss: 1.0484e-01
Adam [    0] loss: 3.2375e+01
Adam [  299] loss: 6.0882e-02
Adam [    0] loss: 4.7415e+01
Adam [  299] loss: 8.9284e-02
Adam [    0] loss: 1.6774e+02
Adam [  299] loss: 1.6001e+01
Adam [    0] loss: 3.8717e+01
Adam [  299] loss: 2.6143e-01
Adam [    0] loss: 7.6402e+01
Adam [  299] loss: 4.4640e-01
Adam [    0] loss: 9.2698e+01
Adam [  299] loss: 1.9773e-01
Adam [    0] loss: 1.1527e+02
Adam [  299] loss: 2.7769e+01
Adam [    0] loss: 6.8296e+01
Adam [  299] loss: 1.4271e-01
Adam [    0] loss: 3.8151e+01
Adam [  299] loss: 1.1142e+01
Adam [    0] loss: 4.0252e+01
Adam [  299] loss: 2.3701e-01
Adam [    0] loss: 3.1028e+01
Adam [  299] loss: 2.0267e-01
Adam [    0] loss: 3.8744e+01
Adam [  299] loss: 2.3836e-01
Adam [    0] loss: 4.1617e+01
Adam [  299] loss: 2.3358e-01
Adam [    0] loss: 8.3526e+01
Adam [  299] loss: 9.2389e-01
Adam [    0] loss: 1.0890e+02
Adam [  299] loss: 2.3060e-01
Adam [    0] loss: 3.5058e+01
Adam [  299] loss: 1.8881e+01
Adam [    0] loss: 3.5178e+01
Adam [  299] loss: 6.4891e-02
Adam [    0] loss: 3.2148e+01
Adam [  299] loss: 1.1677e-01
Adam [    0] loss: 5.4487e+01
Adam [  299] loss: 3.7110e-01
     6 |      180 |      5 |  0.0244680454 |             f
Adam [    0] loss: 1.2940e+02
Adam [  299] loss: 4.6639e+00
Adam [    0] loss: 4.6318e+01
Adam [  299] loss: 1.8021e-01
Adam [    0] loss: 8.4755e+01
Adam [  299] loss: 2.9570e+00
Adam [    0] loss: 5.2120e+01
Adam [  299] loss: 6.4861e-01
Adam [    0] loss: 4.1456e+01
Adam [  299] loss: 2.2720e-01
Adam [    0] loss: 3.6916e+01
Adam [  299] loss: 2.0427e-01
Adam [    0] loss: 8.5952e+01
Adam [  299] loss: 2.9797e-01
Adam [    0] loss: 4.9023e+01
Adam [  299] loss: 2.6656e+01
Adam [    0] loss: 3.6044e+01
Adam [  299] loss: 1.8398e-01
Adam [    0] loss: 4.7245e+01
Adam [  299] loss: 1.8932e+01
Adam [    0] loss: 9.8626e+01
Adam [  299] loss: 1.9739e+01
Adam [    0] loss: 6.5186e+01
Adam [  299] loss: 9.2973e+00
Adam [    0] loss: 1.3057e+02
Adam [  299] loss: 8.5215e-01
Adam [    0] loss: 3.3032e+01
Adam [  299] loss: 3.0486e-01
Adam [    0] loss: 7.8790e+01
Adam [  299] loss: 3.1784e-01
Adam [    0] loss: 6.7496e+01
Adam [  299] loss: 6.3118e-01
Adam [    0] loss: 5.4647e+01
Adam [  299] loss: 2.8624e+01
Adam [    0] loss: 5.4742e+01
Adam [  299] loss: 1.5602e+01
Adam [    0] loss: 4.3405e+01
Adam [  299] loss: 6.9859e-01
Adam [    0] loss: 3.4541e+01
Adam [  299] loss: 2.8343e-01
Adam [    0] loss: 5.3992e+01
Adam [  299] loss: 1.0020e-01
Adam [    0] loss: 3.9379e+01
Adam [  299] loss: 7.1101e-02
Adam [    0] loss: 3.1593e+01
Adam [  299] loss: 5.8250e-01
Adam [    0] loss: 9.6422e+01
Adam [  299] loss: 1.9330e+01
Adam [    0] loss: 6.4056e+01
Adam [  299] loss: 2.0239e-01
Adam [    0] loss: 3.5544e+01
Adam [  299] loss: 1.9150e-01
Adam [    0] loss: 3.8483e+01
Adam [  299] loss: 2.5097e+00
Adam [    0] loss: 4.2895e+01
Adam [  299] loss: 1.2619e-01
Adam [    0] loss: 7.1924e+01
Adam [  299] loss: 2.1751e+01
Adam [    0] loss: 1.0993e+02
Adam [  299] loss: 8.4211e-02
     7 |      210 |      3 |  0.0394893913 |             f
Adam [    0] loss: 9.6753e+01
Adam [  299] loss: 2.6968e-01
Adam [    0] loss: 8.3507e+01
Adam [  299] loss: 1.1905e-01
Adam [    0] loss: 4.3316e+01
Adam [  299] loss: 4.1622e-01
Adam [    0] loss: 7.8029e+01
Adam [  299] loss: 3.3325e-01
Adam [    0] loss: 9.0041e+01
Adam [  299] loss: 6.7875e-02
Adam [    0] loss: 4.3539e+01
Adam [  299] loss: 2.5264e-01
Adam [    0] loss: 3.5902e+01
Adam [  299] loss: 1.6919e-01
Adam [    0] loss: 4.0745e+01
Adam [  299] loss: 1.9934e-01
Adam [    0] loss: 7.4442e+01
Adam [  299] loss: 1.8884e-01
Adam [    0] loss: 3.7136e+01
Adam [  299] loss: 5.8872e-01
Adam [    0] loss: 8.9794e+01
Adam [  299] loss: 1.5186e-01
Adam [    0] loss: 4.2756e+01
Adam [  299] loss: 5.1493e-01
Adam [    0] loss: 3.3418e+01
Adam [  299] loss: 1.3014e+00
Adam [    0] loss: 4.1078e+01
Adam [  299] loss: 1.1057e-01
Adam [    0] loss: 3.4471e+01
Adam [  299] loss: 4.0447e-01
Adam [    0] loss: 4.0987e+01
Adam [  299] loss: 5.0125e-01
Adam [    0] loss: 3.2912e+01
Adam [  299] loss: 8.4183e-02
Adam [    0] loss: 4.6652e+01
Adam [  299] loss: 9.8048e-02
Adam [    0] loss: 3.5618e+01
Adam [  299] loss: 4.0803e-01
Adam [    0] loss: 8.7685e+01
Adam [  299] loss: 8.0367e+00
Adam [    0] loss: 4.8986e+01
Adam [  299] loss: 2.3961e-01
Adam [    0] loss: 4.3328e+01
Adam [  299] loss: 8.9495e-01
Adam [    0] loss: 3.6842e+01
Adam [  299] loss: 2.3098e+00
Adam [    0] loss: 5.7505e+01
Adam [  299] loss: 1.8211e-01
Adam [    0] loss: 5.1442e+01
Adam [  299] loss: 2.8669e+00
Adam [    0] loss: 4.3530e+01
Adam [  299] loss: 1.8672e-01
Adam [    0] loss: 5.0587e+01
Adam [  299] loss: 5.4567e-01
Adam [    0] loss: 2.7697e+02
Adam [  299] loss: 1.5824e+01
Adam [    0] loss: 7.6032e+01
Adam [  299] loss: 3.4142e-01
Adam [    0] loss: 7.1020e+01
Adam [  299] loss: 3.0585e+00
     8 |      240 |      3 |  0.9318918296 |         nadir
Adam [    0] loss: 3.3426e+01
Adam [  299] loss: 1.5606e-01
Adam [    0] loss: 4.4127e+01
Adam [  299] loss: 1.3700e-01
Adam [    0] loss: 4.7461e+01
Adam [  299] loss: 8.4047e-01
Adam [    0] loss: 3.8506e+01
Adam [  299] loss: 2.4715e-01
Adam [    0] loss: 4.3586e+01
Adam [  299] loss: 1.7132e-01
Adam [    0] loss: 8.8617e+01
Adam [  299] loss: 1.5456e+01
Adam [    0] loss: 7.2875e+01
Adam [  299] loss: 2.1548e+01
Adam [    0] loss: 6.7097e+01
Adam [  299] loss: 7.4051e-01
Adam [    0] loss: 5.2899e+01
Adam [  299] loss: 1.2788e+00
Adam [    0] loss: 7.5918e+01
Adam [  299] loss: 9.5763e+00
Adam [    0] loss: 1.0236e+02
Adam [  299] loss: 1.2644e+01
Adam [    0] loss: 2.6227e+02
Adam [  299] loss: 1.9316e+01
Adam [    0] loss: 7.2603e+01
Adam [  299] loss: 2.7952e+01
Adam [    0] loss: 6.8858e+01
Adam [  299] loss: 1.2733e-01
Adam [    0] loss: 5.2308e+01
Adam [  299] loss: 2.8648e-01
Adam [    0] loss: 3.3196e+01
Adam [  299] loss: 1.0562e+00
Adam [    0] loss: 3.1026e+01
Adam [  299] loss: 3.7949e-01
Adam [    0] loss: 4.6056e+01
Adam [  299] loss: 2.1566e-01
Adam [    0] loss: 6.4409e+01
Adam [  299] loss: 3.9853e-01
Adam [    0] loss: 6.0801e+01
Adam [  299] loss: 1.2181e+00
Adam [    0] loss: 1.3399e+02
Adam [  299] loss: 2.9066e+01
/usr/local/lib/python3.12/dist-packages/torch/cuda/__init__.py:129: UserWarning: CUDA initialization: Unexpected error from cudaGetDeviceCount(). Did you run some cuda functions before calling NumCudaDevices() that might have already set an error? Error 304: OS call failed or operation not supported on this OS (Triggered internally at /opt/pytorch/pytorch/c10/cuda/CUDAFunctions.cpp:108.)
  return torch._C._cuda_getDeviceCount() > 0
Starting NSGA-III architecture search: beta=0.100
Adam [    0] loss: 4.5798e+01
Adam [  299] loss: 9.3358e-02
Adam [    0] loss: 3.6312e+01
Adam [  299] loss: 1.3785e-01
Adam [    0] loss: 3.6644e+01
Adam [  299] loss: 1.1303e-01
Adam [    0] loss: 3.4498e+01
Adam [  299] loss: 1.7062e-01
Adam [    0] loss: 4.7322e+01
Adam [  299] loss: 5.5856e-01
Adam [    0] loss: 8.0196e+01
Adam [  299] loss: 1.8509e+01
Adam [    0] loss: 3.6989e+01
Adam [  299] loss: 1.1230e-01
Adam [    0] loss: 7.8375e+01
Adam [  299] loss: 3.6720e-01
Adam [    0] loss: 3.8254e+01
Adam [  299] loss: 1.4634e-01
Adam [    0] loss: 6.3528e+01
Adam [  299] loss: 1.9383e-01
Adam [    0] loss: 5.8882e+01
Adam [  299] loss: 7.6842e-02
Adam [    0] loss: 4.1242e+01
Adam [  299] loss: 2.0722e-01
Adam [    0] loss: 9.9252e+01
Adam [  299] loss: 1.7611e-01
Adam [    0] loss: 9.8887e+01
Adam [  299] loss: 1.3850e+01
Adam [    0] loss: 4.1774e+01
Adam [  299] loss: 2.8569e+01
Adam [    0] loss: 5.5141e+01
Adam [  299] loss: 2.9016e+00
Adam [    0] loss: 5.3404e+01
Adam [  299] loss: 1.2482e-01
Adam [    0] loss: 4.5910e+01
Adam [  299] loss: 1.4177e-01
Adam [    0] loss: 3.9784e+01
Adam [  299] loss: 9.2215e-02
Adam [    0] loss: 5.4412e+01
Adam [  299] loss: 2.8027e-01
Adam [    0] loss: 3.3474e+01
Adam [  299] loss: 1.9409e-01
Adam [    0] loss: 4.6412e+01
Adam [  299] loss: 1.2182e-01
Adam [    0] loss: 3.8130e+01
Adam [  299] loss: 2.4516e-01
Adam [    0] loss: 8.5354e+01
Adam [  299] loss: 1.9251e-01
Adam [    0] loss: 9.1747e+01
Adam [  299] loss: 1.8251e-01
Adam [    0] loss: 4.2939e+01
Adam [  299] loss: 8.5836e-02
Adam [    0] loss: 3.2153e+01
Adam [  299] loss: 1.2185e+01
Adam [    0] loss: 4.4200e+01
Adam [  299] loss: 1.0136e-01
Adam [    0] loss: 3.4008e+01
Adam [  299] loss: 4.5731e-01
Adam [    0] loss: 5.0127e+01
Adam [  299] loss: 4.1669e-01
==========================================================
n_gen  |  n_eval  | n_nds  |      eps      |   indicator  
==========================================================
     1 |       30 |      3 |             - |             -
Adam [    0] loss: 5.2117e+01
Adam [  299] loss: 1.4128e-01
Adam [    0] loss: 3.2967e+01
Adam [  299] loss: 2.9658e-01
Adam [    0] loss: 4.1297e+01
Adam [  299] loss: 8.6632e-01
Adam [    0] loss: 3.5681e+01
Adam [  299] loss: 1.8851e-01
Adam [    0] loss: 4.1308e+01
Adam [  299] loss: 1.3656e-01
Adam [    0] loss: 4.0475e+01
Adam [  299] loss: 6.2434e-02
Adam [    0] loss: 6.1312e+01
Adam [  299] loss: 4.4828e-01
Adam [    0] loss: 9.2085e+01
Adam [  299] loss: 1.2046e+00
Adam [    0] loss: 3.8219e+01
Adam [  299] loss: 1.2716e-01
Adam [    0] loss: 1.2015e+02
Adam [  299] loss: 1.5221e+00
Adam [    0] loss: 3.7842e+01
Adam [  299] loss: 1.4396e-01
Adam [    0] loss: 7.4266e+01
Adam [  299] loss: 1.0141e+00
Adam [    0] loss: 3.6337e+01
/usr/local/lib/python3.12/dist-packages/torch/cuda/__init__.py:129: UserWarning: CUDA initialization: Unexpected error from cudaGetDeviceCount(). Did you run some cuda functions before calling NumCudaDevices() that might have already set an error? Error 304: OS call failed or operation not supported on this OS (Triggered internally at /opt/pytorch/pytorch/c10/cuda/CUDAFunctions.cpp:108.)
  return torch._C._cuda_getDeviceCount() > 0
/usr/local/lib/python3.12/dist-packages/torch/cuda/__init__.py:129: UserWarning: CUDA initialization: Unexpected error from cudaGetDeviceCount(). Did you run some cuda functions before calling NumCudaDevices() that might have already set an error? Error 304: OS call failed or operation not supported on this OS (Triggered internally at /opt/pytorch/pytorch/c10/cuda/CUDAFunctions.cpp:108.)
  return torch._C._cuda_getDeviceCount() > 0
/usr/local/lib/python3.12/dist-packages/torch/cuda/__init__.py:129: UserWarning: CUDA initialization: Unexpected error from cudaGetDeviceCount(). Did you run some cuda functions before calling NumCudaDevices() that might have already set an error? Error 304: OS call failed or operation not supported on this OS (Triggered internally at /opt/pytorch/pytorch/c10/cuda/CUDAFunctions.cpp:108.)
  return torch._C._cuda_getDeviceCount() > 0
/usr/local/lib/python3.12/dist-packages/torch/cuda/__init__.py:129: UserWarning: CUDA initialization: Unexpected error from cudaGetDeviceCount(). Did you run some cuda functions before calling NumCudaDevices() that might have already set an error? Error 304: OS call failed or operation not supported on this OS (Triggered internally at /opt/pytorch/pytorch/c10/cuda/CUDAFunctions.cpp:108.)
  return torch._C._cuda_getDeviceCount() > 0
Starting NSGA-III architecture search: beta=0.100
Adam [    0] loss: 4.5798e+01
Adam [  299] loss: 9.3356e-02
Adam [    0] loss: 3.6312e+01
Adam [  299] loss: 1.3779e-01
Adam [    0] loss: 3.6644e+01
Adam [  299] loss: 1.1303e-01
Adam [    0] loss: 3.4498e+01
Adam [  299] loss: 1.7046e-01
Adam [    0] loss: 4.7322e+01
Adam [  299] loss: 5.5856e-01
Adam [    0] loss: 8.0196e+01
Adam [  299] loss: 1.8509e+01
Adam [    0] loss: 3.6989e+01
Adam [  299] loss: 1.1199e-01
Adam [    0] loss: 7.8375e+01
Adam [  299] loss: 3.6720e-01
Adam [    0] loss: 3.8254e+01
Adam [  299] loss: 1.4694e-01
Adam [    0] loss: 6.3528e+01
Adam [  299] loss: 1.9380e-01
Adam [    0] loss: 5.8882e+01
Adam [  299] loss: 7.6929e-02
Adam [    0] loss: 4.1242e+01
Adam [  299] loss: 2.0722e-01
Adam [    0] loss: 9.9252e+01
Adam [  299] loss: 1.7779e-01
Adam [    0] loss: 9.8887e+01
Adam [  299] loss: 1.3850e+01
Adam [    0] loss: 4.1774e+01
Adam [  299] loss: 2.8569e+01
Adam [    0] loss: 5.5141e+01
Adam [  299] loss: 2.9232e+00
Adam [    0] loss: 5.3404e+01
Adam [  299] loss: 1.2514e-01
Adam [    0] loss: 4.5910e+01
Adam [  299] loss: 1.4179e-01
Adam [    0] loss: 3.9784e+01
Adam [  299] loss: 9.2215e-02
Adam [    0] loss: 5.4412e+01
Adam [  299] loss: 2.8028e-01
Adam [    0] loss: 3.3474e+01
Adam [  299] loss: 2.0231e-01
Adam [    0] loss: 4.6412e+01
Adam [  299] loss: 1.2184e-01
Adam [    0] loss: 3.8130e+01
Adam [  299] loss: 2.3251e-01
Adam [    0] loss: 8.5354e+01
Adam [  299] loss: 1.9251e-01
Adam [    0] loss: 9.1747e+01
Adam [  299] loss: 1.8250e-01
Adam [    0] loss: 4.2939e+01
Adam [  299] loss: 8.5995e-02
Adam [    0] loss: 3.2153e+01
Adam [  299] loss: 1.2185e+01
Adam [    0] loss: 4.4200e+01
Adam [  299] loss: 1.0139e-01
Adam [    0] loss: 3.4008e+01
Adam [  299] loss: 5.4106e-01
Adam [    0] loss: 5.0127e+01
Adam [  299] loss: 4.1668e-01
==========================================================
n_gen  |  n_eval  | n_nds  |      eps      |   indicator  
==========================================================
     1 |       30 |      3 |             - |             -
Adam [    0] loss: 5.2117e+01
Adam [  299] loss: 1.4653e-01
Adam [    0] loss: 3.2967e+01
Adam [  299] loss: 2.9641e-01
Adam [    0] loss: 4.1297e+01
Adam [  299] loss: 2.7014e-01
Adam [    0] loss: 3.5681e+01
Adam [  299] loss: 1.8867e-01
Adam [    0] loss: 4.1308e+01
Adam [  299] loss: 1.3336e-01
Adam [    0] loss: 4.0475e+01
Adam [  299] loss: 6.2435e-02
Adam [    0] loss: 6.1312e+01
Adam [  299] loss: 4.4828e-01
Adam [    0] loss: 9.2085e+01
Adam [  299] loss: 1.2046e+00
Adam [    0] loss: 3.8219e+01
Adam [  299] loss: 1.2717e-01
Adam [    0] loss: 1.2015e+02
Adam [  299] loss: 1.5221e+00
Adam [    0] loss: 3.7842e+01
Adam [  299] loss: 1.4395e-01
Adam [    0] loss: 7.4266e+01
Adam [  299] loss: 1.0144e+00
Adam [    0] loss: 3.6337e+01
Adam [  299] loss: 4.5795e-01
Adam [    0] loss: 3.9314e+01
Adam [  299] loss: 3.3172e-01
Adam [    0] loss: 3.2828e+01
Adam [  299] loss: 1.4729e-01
Adam [    0] loss: 4.6349e+01
Adam [  299] loss: 1.0425e-01
Adam [    0] loss: 4.0700e+01
Adam [  299] loss: 1.9412e+01
Adam [    0] loss: 3.8492e+01
Adam [  299] loss: 6.1221e-02
Adam [    0] loss: 4.5276e+01
Adam [  299] loss: 1.1055e-01
Adam [    0] loss: 3.2821e+01
Adam [  299] loss: 2.4987e-01
Adam [    0] loss: 5.2693e+01
Adam [  299] loss: 2.5843e-01
Adam [    0] loss: 4.3485e+01
Adam [  299] loss: 2.2446e-01
Adam [    0] loss: 3.2799e+01
Adam [  299] loss: 2.6866e-01
Adam [    0] loss: 3.6888e+01
Adam [  299] loss: 3.0360e-01
Adam [    0] loss: 5.6062e+01
Adam [  299] loss: 2.3084e-01
Adam [    0] loss: 4.5028e+01
Adam [  299] loss: 8.4457e-02
Adam [    0] loss: 4.3210e+01
Adam [  299] loss: 7.4655e-02
Adam [    0] loss: 3.6777e+01
Adam [  299] loss: 8.6453e-02
Adam [    0] loss: 4.5108e+01
Adam [  299] loss: 4.9190e-01
Adam [    0] loss: 6.1813e+01
Adam [  299] loss: 2.9819e-01
     2 |       60 |      3 |  0.0441915153 |         ideal
Adam [    0] loss: 5.8399e+01
Adam [  299] loss: 2.1679e+01
Adam [    0] loss: 3.8523e+01
Adam [  299] loss: 2.2645e-01
Adam [    0] loss: 4.3148e+01
Adam [  299] loss: 1.8972e+01
Adam [    0] loss: 3.7707e+01
Adam [  299] loss: 2.7701e-01
Adam [    0] loss: 3.6498e+01
Adam [  299] loss: 5.9411e+00
Adam [    0] loss: 3.8663e+01
Adam [  299] loss: 1.5885e-01
Adam [    0] loss: 3.0955e+01
Adam [  299] loss: 2.4491e+01
Adam [    0] loss: 8.6004e+01
Adam [  299] loss: 2.5406e+01
Adam [    0] loss: 6.0835e+01
Adam [  299] loss: 1.7128e-01
Adam [    0] loss: 3.8741e+01
Adam [  299] loss: 1.2133e-01
Adam [    0] loss: 6.3773e+01
Adam [  299] loss: 2.2324e-01
Adam [    0] loss: 3.4238e+01
Adam [  299] loss: 6.3882e+00
Adam [    0] loss: 4.4753e+01
Adam [  299] loss: 1.3009e-01
Adam [    0] loss: 3.1006e+01
Adam [  299] loss: 9.6721e-02
Adam [    0] loss: 6.1798e+01
Adam [  299] loss: 7.2343e-02
Adam [    0] loss: 3.5686e+01
Adam [  299] loss: 7.6989e-01
Adam [    0] loss: 3.2293e+01
Adam [  299] loss: 4.2960e-01
Adam [    0] loss: 3.4167e+01
Adam [  299] loss: 2.2244e-01
Adam [    0] loss: 6.4537e+01
Adam [  299] loss: 1.9656e-01
Adam [    0] loss: 3.6224e+01
Adam [  299] loss: 9.6716e+00
Adam [    0] loss: 4.3205e+01
Adam [  299] loss: 2.1971e-01
Adam [    0] loss: 1.1374e+02
Adam [  299] loss: 1.2593e+00
Adam [    0] loss: 4.3116e+01
Adam [  299] loss: 2.7048e-01
Adam [    0] loss: 7.2484e+01
Adam [  299] loss: 8.5106e-02
Adam [    0] loss: 3.2024e+01
Adam [  299] loss: 1.0254e-01
Adam [    0] loss: 3.4082e+01
Adam [  299] loss: 1.0952e-01
Adam [    0] loss: 1.0401e+02
Adam [  299] loss: 4.4154e-01
Adam [    0] loss: 4.1310e+01
Adam [  299] loss: 1.2625e-01
Adam [    0] loss: 3.9293e+01
Adam [  299] loss: 3.2137e-01
Adam [    0] loss: 3.2048e+01
Adam [  299] loss: 2.3637e-01
     3 |       90 |      2 |  0.000000E+00 |             f
Adam [    0] loss: 8.2564e+01
Adam [  299] loss: 2.1563e-01
Adam [    0] loss: 6.1891e+01
Adam [  299] loss: 3.8490e-01
Adam [    0] loss: 4.3183e+01
Adam [  299] loss: 1.1887e+00
Adam [    0] loss: 8.9315e+01
Adam [  299] loss: 3.9189e-01
Adam [    0] loss: 6.7694e+01
Adam [  299] loss: 2.5966e+01
Adam [    0] loss: 7.2170e+01
Adam [  299] loss: 2.9039e-01
Adam [    0] loss: 3.5751e+01
Adam [  299] loss: 1.4705e-01
Adam [    0] loss: 5.2643e+01
Adam [  299] loss: 2.1511e-01
Adam [    0] loss: 4.6784e+01
Adam [  299] loss: 3.7586e-01
Adam [    0] loss: 1.1474e+02
Adam [  299] loss: 4.0801e-01
Adam [    0] loss: 1.5177e+02
Adam [  299] loss: 8.3535e+00
Adam [    0] loss: 7.9192e+01
Adam [  299] loss: 2.6018e-01
Adam [    0] loss: 4.1400e+01
Adam [  299] loss: 2.9941e-01
Adam [    0] loss: 1.0296e+02
Adam [  299] loss: 1.0765e+01
Adam [    0] loss: 3.3997e+01
Adam [  299] loss: 4.1236e-01
Adam [    0] loss: 4.6857e+01
Adam [  299] loss: 2.0450e-01
Adam [    0] loss: 5.0068e+01
Adam [  299] loss: 1.7856e-01
Adam [    0] loss: 5.9347e+01
Adam [  299] loss: 9.8146e-02
Adam [    0] loss: 5.2025e+01
Adam [  299] loss: 1.8379e-01
Adam [    0] loss: 4.1444e+01
Adam [  299] loss: 1.5170e-01
Adam [    0] loss: 4.1830e+01
Adam [  299] loss: 2.0171e-01
Adam [    0] loss: 4.2064e+01
Adam [  299] loss: 2.8110e-01
Adam [    0] loss: 3.5614e+01
Adam [  299] loss: 5.9659e-01
Adam [    0] loss: 3.1471e+01
Adam [  299] loss: 3.3738e-01
Adam [    0] loss: 3.5512e+01
Adam [  299] loss: 6.8741e-02
Adam [    0] loss: 5.6533e+01
Adam [  299] loss: 1.2327e-01
Adam [    0] loss: 3.0980e+01
Adam [  299] loss: 1.1125e-01
Adam [    0] loss: 3.2289e+01
Adam [  299] loss: 2.2731e-01
Adam [    0] loss: 3.0970e+01
Adam [  299] loss: 3.3570e-01
Adam [    0] loss: 5.9025e+01
Adam [  299] loss: 1.8861e-01
     4 |      120 |      2 |  0.0351990491 |         ideal
Adam [    0] loss: 7.5264e+01
Adam [  299] loss: 1.5012e+00
Adam [    0] loss: 1.2633e+02
Adam [  299] loss: 1.0884e+00
Adam [    0] loss: 5.4187e+01
Adam [  299] loss: 5.8282e-01
Adam [    0] loss: 4.8842e+01
Adam [  299] loss: 7.7174e-02
Adam [    0] loss: 6.8185e+01
Adam [  299] loss: 8.6871e-01
Adam [    0] loss: 4.8413e+01
Adam [  299] loss: 8.2978e-02
Adam [    0] loss: 3.6655e+01
Adam [  299] loss: 8.7677e-02
Adam [    0] loss: 7.2099e+01
Adam [  299] loss: 2.6368e+01
Adam [    0] loss: 5.8929e+01
Adam [  299] loss: 7.8197e+00
Adam [    0] loss: 7.7221e+01
Adam [  299] loss: 5.3978e-01
Adam [    0] loss: 4.9314e+01
Adam [  299] loss: 2.3430e-01
Adam [    0] loss: 3.0476e+01
Adam [  299] loss: 1.5622e+00
Adam [    0] loss: 1.2531e+02
Adam [  299] loss: 2.3026e-01
Adam [    0] loss: 3.3846e+01
Adam [  299] loss: 1.8922e-01
Adam [    0] loss: 3.1844e+01
Adam [  299] loss: 2.8043e-01
Adam [    0] loss: 5.1490e+01
Adam [  299] loss: 9.3604e-01
Adam [    0] loss: 1.3034e+02
Adam [  299] loss: 1.4416e-01
Adam [    0] loss: 7.0775e+01
Adam [  299] loss: 5.2920e-01
Adam [    0] loss: 7.9718e+01
Adam [  299] loss: 4.9756e-01
Adam [    0] loss: 3.7906e+01
Adam [  299] loss: 3.3965e-01
Adam [    0] loss: 7.1004e+01
Adam [  299] loss: 9.3855e-01
Adam [    0] loss: 4.5761e+01
Adam [  299] loss: 5.1609e-01
Adam [    0] loss: 6.4135e+01
Adam [  299] loss: 8.9127e-02
Adam [    0] loss: 9.8044e+01
Adam [  299] loss: 1.0878e-01
Adam [    0] loss: 3.6834e+01
Adam [  299] loss: 2.7971e-01
Adam [    0] loss: 3.3084e+01
Adam [  299] loss: 6.2012e-02
Adam [    0] loss: 3.2917e+01
Adam [  299] loss: 2.9559e-01
Adam [    0] loss: 5.4650e+01
Adam [  299] loss: 2.6920e+01
Adam [    0] loss: 3.1151e+01
Adam [  299] loss: 9.4186e-02
Adam [    0] loss: 4.8920e+01
Adam [  299] loss: 6.5428e-02
     5 |      150 |      4 |  0.0383510885 |         ideal
Adam [    0] loss: 3.1916e+01
Adam [  299] loss: 4.6392e-01
Adam [    0] loss: 3.1132e+01
Adam [  299] loss: 1.0434e-01
Adam [    0] loss: 7.1594e+01
Adam [  299] loss: 8.9437e+00
Adam [    0] loss: 4.4712e+01
Adam [  299] loss: 2.7887e-01
Adam [    0] loss: 7.0430e+01
Adam [  299] loss: 1.6167e+00
Adam [    0] loss: 3.0684e+02
Adam [  299] loss: 2.7148e+01
Adam [    0] loss: 5.0942e+01
Adam [  299] loss: 1.0125e-01
Adam [    0] loss: 4.3868e+01
Adam [  299] loss: 1.8047e-01
Adam [    0] loss: 1.1059e+02
Adam [  299] loss: 1.8669e-01
Adam [    0] loss: 3.3730e+01
Adam [  299] loss: 3.4031e-01
Adam [    0] loss: 4.4296e+01
Adam [  299] loss: 1.0484e-01
Adam [    0] loss: 3.2375e+01
Adam [  299] loss: 6.0882e-02
Adam [    0] loss: 4.7415e+01
Adam [  299] loss: 8.9284e-02
Adam [    0] loss: 1.6774e+02
Adam [  299] loss: 1.6001e+01
Adam [    0] loss: 3.8717e+01
Adam [  299] loss: 2.6143e-01
Adam [    0] loss: 7.6402e+01
Adam [  299] loss: 4.4640e-01
Adam [    0] loss: 9.2698e+01
Adam [  299] loss: 1.9773e-01
Adam [    0] loss: 1.1527e+02
Adam [  299] loss: 2.7769e+01
Adam [    0] loss: 6.8296e+01
Adam [  299] loss: 1.4271e-01
Adam [    0] loss: 3.8151e+01
Adam [  299] loss: 1.1142e+01
Adam [    0] loss: 4.0252e+01
Adam [  299] loss: 2.3701e-01
Adam [    0] loss: 3.1028e+01
Adam [  299] loss: 2.0267e-01
Adam [    0] loss: 3.8744e+01
Adam [  299] loss: 2.3836e-01
Adam [    0] loss: 4.1617e+01
Adam [  299] loss: 2.3358e-01
Adam [    0] loss: 8.3526e+01
Adam [  299] loss: 9.2389e-01
Adam [    0] loss: 1.0890e+02
Adam [  299] loss: 2.3060e-01
Adam [    0] loss: 3.5058e+01
Adam [  299] loss: 1.8881e+01
Adam [    0] loss: 3.5178e+01
Adam [  299] loss: 6.4891e-02
Adam [    0] loss: 3.2148e+01
Adam [  299] loss: 1.1677e-01
Adam [    0] loss: 5.4487e+01
Adam [  299] loss: 3.7110e-01
     6 |      180 |      5 |  0.0244680454 |             f
Adam [    0] loss: 1.2940e+02
Adam [  299] loss: 4.6639e+00
Adam [    0] loss: 4.6318e+01
Adam [  299] loss: 1.8021e-01
Adam [    0] loss: 8.4755e+01
Adam [  299] loss: 2.9570e+00
Adam [    0] loss: 5.2120e+01
Adam [  299] loss: 6.4861e-01
Adam [    0] loss: 4.1456e+01
Adam [  299] loss: 2.2720e-01
Adam [    0] loss: 3.6916e+01
Adam [  299] loss: 2.0427e-01
Adam [    0] loss: 8.5952e+01
Adam [  299] loss: 2.9797e-01
Adam [    0] loss: 4.9023e+01
Adam [  299] loss: 2.6656e+01
Adam [    0] loss: 3.6044e+01
Adam [  299] loss: 1.8398e-01
Adam [    0] loss: 4.7245e+01
Adam [  299] loss: 1.8932e+01
Adam [    0] loss: 9.8626e+01
Adam [  299] loss: 1.9739e+01
Adam [    0] loss: 6.5186e+01
Adam [  299] loss: 9.2973e+00
Adam [    0] loss: 1.3057e+02
Adam [  299] loss: 8.5215e-01
Adam [    0] loss: 3.3032e+01
Adam [  299] loss: 3.0486e-01
Adam [    0] loss: 7.8790e+01
Adam [  299] loss: 3.1784e-01
Adam [    0] loss: 6.7496e+01
Adam [  299] loss: 6.3118e-01
Adam [    0] loss: 5.4647e+01
Adam [  299] loss: 2.8624e+01
Adam [    0] loss: 5.4742e+01
Adam [  299] loss: 1.5602e+01
Adam [    0] loss: 4.3405e+01
Adam [  299] loss: 6.9859e-01
Adam [    0] loss: 3.4541e+01
Adam [  299] loss: 2.8343e-01
Adam [    0] loss: 5.3992e+01
Adam [  299] loss: 1.0020e-01
Adam [    0] loss: 3.9379e+01
Adam [  299] loss: 7.1101e-02
Adam [    0] loss: 3.1593e+01
Adam [  299] loss: 5.8250e-01
Adam [    0] loss: 9.6422e+01
Adam [  299] loss: 1.9330e+01
Adam [    0] loss: 6.4056e+01
Adam [  299] loss: 2.0239e-01
Adam [    0] loss: 3.5544e+01
Adam [  299] loss: 1.9150e-01
Adam [    0] loss: 3.8483e+01
Adam [  299] loss: 2.5097e+00
Adam [    0] loss: 4.2895e+01
Adam [  299] loss: 1.2619e-01
Adam [    0] loss: 7.1924e+01
Adam [  299] loss: 2.1751e+01
Adam [    0] loss: 1.0993e+02
Adam [  299] loss: 8.4211e-02
     7 |      210 |      3 |  0.0394893913 |             f
Adam [    0] loss: 9.6753e+01
Adam [  299] loss: 2.6968e-01
Adam [    0] loss: 8.3507e+01
Adam [  299] loss: 1.1905e-01
Adam [    0] loss: 4.3316e+01
Adam [  299] loss: 4.1622e-01
Adam [    0] loss: 7.8029e+01
Adam [  299] loss: 3.3325e-01
Adam [    0] loss: 9.0041e+01
Adam [  299] loss: 6.7875e-02
Adam [    0] loss: 4.3539e+01
Adam [  299] loss: 2.5264e-01
Adam [    0] loss: 3.5902e+01
Adam [  299] loss: 1.6919e-01
Adam [    0] loss: 4.0745e+01
Adam [  299] loss: 1.9934e-01
Adam [    0] loss: 7.4442e+01
Adam [  299] loss: 1.8884e-01
Adam [    0] loss: 3.7136e+01
Adam [  299] loss: 5.8872e-01
Adam [    0] loss: 8.9794e+01
Adam [  299] loss: 1.5186e-01
Adam [    0] loss: 4.2756e+01
Adam [  299] loss: 5.1493e-01
Adam [    0] loss: 3.3418e+01
Adam [  299] loss: 1.3014e+00
Adam [    0] loss: 4.1078e+01
Adam [  299] loss: 1.1057e-01
Adam [    0] loss: 3.4471e+01
Adam [  299] loss: 4.0447e-01
Adam [    0] loss: 4.0987e+01
Adam [  299] loss: 5.0125e-01
Adam [    0] loss: 3.2912e+01
Adam [  299] loss: 8.4183e-02
Adam [    0] loss: 4.6652e+01
Adam [  299] loss: 9.8048e-02
Adam [    0] loss: 3.5618e+01
Adam [  299] loss: 4.0803e-01
Adam [    0] loss: 8.7685e+01
Adam [  299] loss: 8.0367e+00
Adam [    0] loss: 4.8986e+01
Adam [  299] loss: 2.3961e-01
Adam [    0] loss: 4.3328e+01
Adam [  299] loss: 8.9495e-01
Adam [    0] loss: 3.6842e+01
Adam [  299] loss: 2.3098e+00
Adam [    0] loss: 5.7505e+01
Adam [  299] loss: 1.8211e-01
Adam [    0] loss: 5.1442e+01
Adam [  299] loss: 2.8669e+00
Adam [    0] loss: 4.3530e+01
Adam [  299] loss: 1.8672e-01
Adam [    0] loss: 5.0587e+01
Adam [  299] loss: 5.4567e-01
Adam [    0] loss: 2.7697e+02
Adam [  299] loss: 1.5824e+01
Adam [    0] loss: 7.6032e+01
Adam [  299] loss: 3.4142e-01
Adam [    0] loss: 7.1020e+01
Adam [  299] loss: 3.0585e+00
     8 |      240 |      3 |  0.9318918296 |         nadir
Adam [    0] loss: 3.3426e+01
Adam [  299] loss: 1.5606e-01
Adam [    0] loss: 4.4127e+01
Adam [  299] loss: 1.3700e-01
Adam [    0] loss: 4.7461e+01
Adam [  299] loss: 8.4047e-01
Adam [    0] loss: 3.8506e+01
Adam [  299] loss: 2.4715e-01
Adam [    0] loss: 4.3586e+01
Adam [  299] loss: 1.7132e-01
Adam [    0] loss: 8.8617e+01
Adam [  299] loss: 1.5456e+01
Adam [    0] loss: 7.2875e+01
Adam [  299] loss: 2.1548e+01
Adam [    0] loss: 6.7097e+01
Adam [  299] loss: 7.4051e-01
Adam [    0] loss: 5.2899e+01
Adam [  299] loss: 1.2788e+00
Adam [    0] loss: 7.5918e+01
Adam [  299] loss: 9.5763e+00
Adam [    0] loss: 1.0236e+02
Adam [  299] loss: 1.2644e+01
Adam [    0] loss: 2.6227e+02
Adam [  299] loss: 1.9316e+01
Adam [    0] loss: 7.2603e+01
Adam [  299] loss: 2.7952e+01
Adam [    0] loss: 6.8858e+01
Adam [  299] loss: 1.2733e-01
Adam [    0] loss: 5.2308e+01
Adam [  299] loss: 2.8648e-01
Adam [    0] loss: 3.3196e+01
Adam [  299] loss: 1.0562e+00
Adam [    0] loss: 3.1026e+01
Adam [  299] loss: 3.7949e-01
Adam [    0] loss: 4.6056e+01
Adam [  299] loss: 2.1566e-01
Adam [    0] loss: 6.4409e+01
Adam [  299] loss: 3.9853e-01
Adam [    0] loss: 6.0801e+01
Adam [  299] loss: 1.2181e+00
Adam [    0] loss: 1.3399e+02
Adam [  299] loss: 2.9066e+01
Adam [    0] loss: 3.7411e+01
Adam [  299] loss: 2.9587e-01
Adam [    0] loss: 5.0895e+01
Adam [  299] loss: 2.6532e+01
Adam [    0] loss: 3.5742e+01
Adam [  299] loss: 2.8973e-01
Adam [    0] loss: 3.2681e+01
Adam [  299] loss: 4.2184e-01
Adam [    0] loss: 3.3109e+01
Adam [  299] loss: 7.3731e-02
Adam [    0] loss: 3.7537e+01
Adam [  299] loss: 7.5806e+00
Adam [    0] loss: 6.6055e+01
Adam [  299] loss: 3.1022e+00
Adam [    0] loss: 3.7840e+01
Adam [  299] loss: 9.8178e-01
Adam [    0] loss: 6.1149e+01
Adam [  299] loss: 1.2891e+00
     9 |      270 |      4 |  0.2939083918 |             f
Adam [    0] loss: 5.5441e+01
Adam [  299] loss: 5.7176e-02
Adam [    0] loss: 3.5721e+01
Adam [  299] loss: 9.0093e-01
Adam [    0] loss: 4.7978e+01
Adam [  299] loss: 1.5819e-01
Adam [    0] loss: 1.0693e+02
Adam [  299] loss: 4.4572e+00
Adam [    0] loss: 9.3298e+01
Adam [  299] loss: 2.1938e+01
Adam [    0] loss: 5.5541e+01
Adam [  299] loss: 7.2157e-01
Adam [    0] loss: 3.4760e+01
Adam [  299] loss: 3.7560e-01
Adam [    0] loss: 4.6364e+01
Adam [  299] loss: 8.6111e-01
Adam [    0] loss: 4.3677e+01
Adam [  299] loss: 5.9755e-01
Adam [    0] loss: 3.9325e+01
Adam [  299] loss: 5.5963e-01
Adam [    0] loss: 3.8143e+01
Adam [  299] loss: 1.1916e-01
Adam [    0] loss: 3.8275e+01
Adam [  299] loss: 1.7902e-01
Adam [    0] loss: 6.2063e+01
Adam [  299] loss: 7.4685e-01
Adam [    0] loss: 5.5516e+01
Adam [  299] loss: 3.7551e-01
Adam [    0] loss: 4.9409e+01
Adam [  299] loss: 1.9470e-01
Adam [    0] loss: 4.3778e+01
Adam [  299] loss: 1.9343e-01
Adam [    0] loss: 7.7907e+01
Adam [  299] loss: 4.2695e-01
Adam [    0] loss: 6.0338e+01
Adam [  299] loss: 1.9588e-01
Adam [    0] loss: 4.4663e+01
Adam [  299] loss: 2.8354e-01
Adam [    0] loss: 1.0576e+02
Adam [  299] loss: 2.5169e+01
Adam [    0] loss: 4.8191e+01
Adam [  299] loss: 2.4587e+01
Adam [    0] loss: 3.3992e+01
Adam [  299] loss: 1.5677e-01
Adam [    0] loss: 9.2280e+01
Adam [  299] loss: 1.0415e+00
Adam [    0] loss: 6.0128e+01
Adam [  299] loss: 4.0510e-01
Adam [    0] loss: 7.2067e+01
Adam [  299] loss: 2.7274e+01
Adam [    0] loss: 3.1400e+01
Adam [  299] loss: 2.7603e-01
Adam [    0] loss: 1.5035e+02
Adam [  299] loss: 2.9167e+01
Adam [    0] loss: 9.3621e+01
Adam [  299] loss: 4.8552e-01
Adam [    0] loss: 1.0178e+02
Adam [  299] loss: 4.9543e-01
Adam [    0] loss: 4.0281e+01
Adam [  299] loss: 2.2521e+01
    10 |      300 |      4 |  0.0069264600 |         ideal
Adam [    0] loss: 3.5763e+01
Adam [  299] loss: 3.8120e-01
Adam [    0] loss: 4.4703e+01
Adam [  299] loss: 9.3642e-01
Adam [    0] loss: 4.0321e+01
Adam [  299] loss: 4.4996e-01
Adam [    0] loss: 4.0098e+01
Adam [  299] loss: 1.8018e-01
Adam [    0] loss: 4.7137e+01
Adam [  299] loss: 1.9299e-01
Adam [    0] loss: 5.4745e+01
Adam [  299] loss: 9.7433e-01
Adam [    0] loss: 5.3484e+01
Adam [  299] loss: 7.1434e-02
Adam [    0] loss: 4.3925e+01
Adam [  299] loss: 1.7737e+01
Adam [    0] loss: 3.2111e+01
Adam [  299] loss: 4.3952e-01
Adam [    0] loss: 5.8563e+01
Adam [  299] loss: 1.6767e+00
Adam [    0] loss: 3.3110e+01
Adam [  299] loss: 1.2764e-01
Adam [    0] loss: 5.3016e+01
Adam [  299] loss: 2.8823e-01
Adam [    0] loss: 3.2687e+01
Adam [  299] loss: 7.9931e-02
Adam [    0] loss: 2.3030e+02
Adam [  299] loss: 8.1255e+00
Adam [    0] loss: 5.2828e+01
Adam [  299] loss: 4.4016e-01
Adam [    0] loss: 3.5571e+01
Adam [  299] loss: 2.7281e-01
Adam [    0] loss: 4.8362e+01
Adam [  299] loss: 4.2641e-01
Adam [    0] loss: 9.5307e+01
Adam [  299] loss: 2.7104e+01
Adam [    0] loss: 6.9631e+01
Adam [  299] loss: 2.6583e-01
Adam [    0] loss: 3.2925e+01
Adam [  299] loss: 1.0690e-01
Adam [    0] loss: 1.1584e+02
Adam [  299] loss: 5.7286e+00
Adam [    0] loss: 6.3003e+01
Adam [  299] loss: 9.9697e-01
Adam [    0] loss: 4.0198e+01
Adam [  299] loss: 8.1118e-02
Adam [    0] loss: 7.9968e+01
Adam [  299] loss: 1.7826e-01
Adam [    0] loss: 1.3767e+02
Adam [  299] loss: 1.4346e+01
Adam [    0] loss: 3.2368e+02
Adam [  299] loss: 2.7824e+01
Adam [    0] loss: 1.3515e+02
Adam [  299] loss: 2.4702e+01
Adam [    0] loss: 3.4341e+01
Adam [  299] loss: 6.3075e-01
Adam [    0] loss: 4.8698e+01
Adam [  299] loss: 4.4777e-01
Adam [    0] loss: 4.7571e+01
Adam [  299] loss: 5.4191e-01
    11 |      330 |      3 |  0.0171216986 |         ideal
Adam [    0] loss: 1.0734e+02
Adam [  299] loss: 7.1913e+00
Adam [    0] loss: 8.2499e+01
Adam [  299] loss: 2.2320e-01
Adam [    0] loss: 3.1418e+01
Adam [  299] loss: 3.4618e-01
Adam [    0] loss: 1.0648e+02
Adam [  299] loss: 1.9707e+00
Adam [    0] loss: 6.7312e+01
Adam [  299] loss: 2.0013e+01
Adam [    0] loss: 8.1810e+01
Adam [  299] loss: 1.7428e+01
Adam [    0] loss: 3.1639e+01
Adam [  299] loss: 4.3807e-01
Adam [    0] loss: 1.1529e+02
Adam [  299] loss: 2.2329e+01
Adam [    0] loss: 3.9678e+01
Adam [  299] loss: 1.9087e-01
Adam [    0] loss: 6.7838e+01
Adam [  299] loss: 2.5379e+00
Adam [    0] loss: 7.0945e+01
Adam [  299] loss: 2.2774e+01
Adam [    0] loss: 7.5700e+01
Adam [  299] loss: 1.2249e+00
Adam [    0] loss: 9.0413e+01
Adam [  299] loss: 2.6007e-01
Adam [    0] loss: 3.7611e+01
Adam [  299] loss: 4.9897e-01
Adam [    0] loss: 1.0032e+02
Adam [  299] loss: 2.5008e+01
Adam [    0] loss: 6.8915e+01
Adam [  299] loss: 4.0766e-01
Adam [    0] loss: 3.3277e+01
Adam [  299] loss: 2.5886e-01
Adam [    0] loss: 3.2841e+01
Adam [  299] loss: 2.1832e+00
Adam [    0] loss: 5.9750e+01
Adam [  299] loss: 2.6410e-01
Adam [    0] loss: 3.3281e+01
Adam [  299] loss: 1.2539e-01
Adam [    0] loss: 5.6350e+01
Adam [  299] loss: 1.8597e-01
Adam [    0] loss: 1.1713e+02
Adam [  299] loss: 2.2684e+01
Adam [    0] loss: 5.6277e+01
Adam [  299] loss: 1.1593e+00
Adam [    0] loss: 3.3896e+01
Adam [  299] loss: 1.4997e-01
Adam [    0] loss: 7.1797e+01
Adam [  299] loss: 1.9845e-01
Adam [    0] loss: 1.1444e+02
Adam [  299] loss: 2.9140e+01
Adam [    0] loss: 8.1825e+01
Adam [  299] loss: 1.3949e+01
Adam [    0] loss: 1.2246e+02
Adam [  299] loss: 3.7174e+00
Adam [    0] loss: 4.3100e+01
Adam [  299] loss: 2.4656e-01
Adam [    0] loss: 6.3986e+01
Adam [  299] loss: 2.0126e-01
    12 |      360 |      3 |  0.000000E+00 |             f
Adam [    0] loss: 4.5899e+01
Adam [  299] loss: 6.9758e-01
Adam [    0] loss: 8.5283e+01
Adam [  299] loss: 1.0428e+00
Adam [    0] loss: 5.6075e+01
Adam [  299] loss: 2.7021e-01
Adam [    0] loss: 5.3635e+01
Adam [  299] loss: 5.4754e-01
Adam [    0] loss: 3.6384e+01
Adam [  299] loss: 1.0363e-01
Adam [    0] loss: 3.7434e+01
Adam [  299] loss: 5.8299e+00
Adam [    0] loss: 4.1762e+01
Adam [  299] loss: 1.7460e-01
Adam [    0] loss: 3.1701e+01
Adam [  299] loss: 3.0699e-01
Adam [    0] loss: 5.0472e+01
Adam [  299] loss: 2.8814e+01
Adam [    0] loss: 4.6204e+01
Adam [  299] loss: 1.5017e-01
Adam [    0] loss: 1.0457e+02
Adam [  299] loss: 1.8652e+00
Adam [    0] loss: 5.4923e+01
Adam [  299] loss: 1.1819e+01
Adam [    0] loss: 4.2417e+01
Adam [  299] loss: 1.1237e+01
Adam [    0] loss: 9.3065e+01
Adam [  299] loss: 1.6696e-01
Adam [    0] loss: 4.9331e+01
Adam [  299] loss: 7.8030e-01
Adam [    0] loss: 3.1706e+01
Adam [  299] loss: 1.4355e-01
Adam [    0] loss: 3.5852e+01
Adam [  299] loss: 4.4249e-01
Adam [    0] loss: 3.2603e+01
Adam [  299] loss: 1.5941e-01
Adam [    0] loss: 4.1576e+01
Adam [  299] loss: 3.3885e-01
Adam [    0] loss: 4.0001e+01
Adam [  299] loss: 2.9607e-01
Adam [    0] loss: 1.1787e+02
Adam [  299] loss: 1.0795e+01
Adam [    0] loss: 3.3258e+01
Adam [  299] loss: 5.7694e-01
Adam [    0] loss: 3.6756e+01
Adam [  299] loss: 1.8819e-01
Adam [    0] loss: 9.0704e+01
Adam [  299] loss: 9.8638e-01
Adam [    0] loss: 4.7886e+01
Adam [  299] loss: 1.9024e-01
Adam [    0] loss: 3.1439e+01
Adam [  299] loss: 7.8621e-02
Adam [    0] loss: 7.9467e+01
Adam [  299] loss: 1.5243e+01
Adam [    0] loss: 4.9129e+01
Adam [  299] loss: 9.4113e-02
Adam [    0] loss: 4.5001e+01
Adam [  299] loss: 1.3715e-01
Adam [    0] loss: 5.1838e+01
Adam [  299] loss: 1.8709e-01
    13 |      390 |      3 |  0.000000E+00 |             f
Adam [    0] loss: 5.7667e+01
Adam [  299] loss: 1.5395e+01
Adam [    0] loss: 2.0150e+02
Adam [  299] loss: 2.8408e+01
Adam [    0] loss: 4.2612e+01
Adam [  299] loss: 6.3951e-01
Adam [    0] loss: 4.3292e+01
Adam [  299] loss: 1.2418e+00
Adam [    0] loss: 4.2409e+01
Adam [  299] loss: 5.8564e-01
Adam [    0] loss: 4.4007e+01
Adam [  299] loss: 5.5456e+00
Adam [    0] loss: 4.5153e+01
Adam [  299] loss: 2.0809e-01
Adam [    0] loss: 4.0076e+01
Adam [  299] loss: 1.6091e-01
Adam [    0] loss: 3.2711e+01
Adam [  299] loss: 4.3299e-01
Adam [    0] loss: 6.3928e+01
Adam [  299] loss: 1.0160e-01
Adam [    0] loss: 3.1021e+01
Adam [  299] loss: 1.9279e-01
Adam [    0] loss: 3.4671e+01
Adam [  299] loss: 1.0294e-01
Adam [    0] loss: 7.8358e+01
Adam [  299] loss: 4.6428e-01
Adam [    0] loss: 4.0309e+01
Adam [  299] loss: 3.8271e-01
Adam [    0] loss: 3.1575e+01
Adam [  299] loss: 1.1079e+00
Adam [    0] loss: 7.7215e+01
Adam [  299] loss: 1.0953e-01
Adam [    0] loss: 4.0563e+01
Adam [  299] loss: 1.7189e-01
Adam [    0] loss: 1.7408e+02
Adam [  299] loss: 1.1884e+00
Adam [    0] loss: 3.8896e+01
Adam [  299] loss: 5.8387e-01
Adam [    0] loss: 6.3036e+01
Adam [  299] loss: 1.6081e+01
Adam [    0] loss: 1.0744e+02
Adam [  299] loss: 1.7232e+01
Adam [    0] loss: 4.4879e+01
Adam [  299] loss: 1.5790e-01
Adam [    0] loss: 9.9540e+01
Adam [  299] loss: 2.5799e+01
Adam [    0] loss: 1.8833e+02
Adam [  299] loss: 2.9561e+01
Adam [    0] loss: 4.3723e+01
Adam [  299] loss: 4.0196e-01
Adam [    0] loss: 8.2980e+01
Adam [  299] loss: 1.7056e-01
Adam [    0] loss: 7.5501e+01
Adam [  299] loss: 3.7418e-01
Adam [    0] loss: 3.9416e+01
Adam [  299] loss: 2.0500e-01
Adam [    0] loss: 1.0330e+02
Adam [  299] loss: 4.1691e-01
Adam [    0] loss: 1.7965e+02
Adam [  299] loss: 6.5084e+00
    14 |      420 |      3 |  0.000000E+00 |             f
Adam [    0] loss: 8.1386e+01
Adam [  299] loss: 7.3727e-01
Adam [    0] loss: 3.5413e+01
Adam [  299] loss: 1.7906e-01
Adam [    0] loss: 3.1246e+01
Adam [  299] loss: 1.7515e-01
Adam [    0] loss: 3.2438e+01
Adam [  299] loss: 1.9240e-01
Adam [    0] loss: 5.2238e+01
Adam [  299] loss: 2.2893e-01
Adam [    0] loss: 5.3202e+01
Adam [  299] loss: 5.9751e-01
Adam [    0] loss: 3.1926e+01
Adam [  299] loss: 6.8209e-02
Adam [    0] loss: 8.2381e+01
Adam [  299] loss: 8.5032e-01
Adam [    0] loss: 3.1656e+01
Adam [  299] loss: 7.3171e-02
Adam [    0] loss: 4.2895e+01
Adam [  299] loss: 1.4092e-01
Adam [    0] loss: 3.2536e+01
Adam [  299] loss: 3.3983e-01
Adam [    0] loss: 4.7125e+01
Adam [  299] loss: 1.7692e-01
Adam [    0] loss: 1.4442e+02
Adam [  299] loss: 6.1348e+00
Adam [    0] loss: 4.1656e+01
Adam [  299] loss: 3.2019e+00
Adam [    0] loss: 5.5027e+01
Adam [  299] loss: 3.1331e+00
Adam [    0] loss: 4.5348e+01
Adam [  299] loss: 1.0414e-01
Adam [    0] loss: 9.3444e+01
Adam [  299] loss: 1.7668e+01
Adam [    0] loss: 7.8496e+01
Adam [  299] loss: 7.7111e+00
Adam [    0] loss: 4.3479e+01
Adam [  299] loss: 2.0046e-01
Adam [    0] loss: 3.1552e+01
Adam [  299] loss: 1.4559e-01
Adam [    0] loss: 4.9031e+01
Adam [  299] loss: 8.0682e-01
Adam [    0] loss: 3.4551e+01
Adam [  299] loss: 2.9116e-01
Adam [    0] loss: 1.3575e+02
Adam [  299] loss: 2.9200e+01
Adam [    0] loss: 5.1154e+01
Adam [  299] loss: 7.4563e-02
Adam [    0] loss: 1.3948e+02
Adam [  299] loss: 1.5335e+00
Adam [    0] loss: 4.4090e+01
Adam [  299] loss: 1.3406e-01
Adam [    0] loss: 4.8593e+01
Adam [  299] loss: 2.6526e-01
Adam [    0] loss: 7.7793e+01
Adam [  299] loss: 5.0068e+00
Adam [    0] loss: 1.6003e+02
Adam [  299] loss: 2.9280e+01
Adam [    0] loss: 5.6484e+01
Adam [  299] loss: 4.8307e-01
    15 |      450 |      3 |  0.000000E+00 |             f
Adam [    0] loss: 3.9429e+01
Adam [  299] loss: 4.6488e-01
Adam [    0] loss: 3.8497e+01
Adam [  299] loss: 2.0263e-01
Adam [    0] loss: 5.7430e+01
Adam [  299] loss: 1.3131e-01
Adam [    0] loss: 5.3018e+01
Adam [  299] loss: 2.6593e-01
Adam [    0] loss: 4.4111e+01
Adam [  299] loss: 2.9408e-01
Adam [    0] loss: 4.7232e+01
Adam [  299] loss: 1.5086e-01
Adam [    0] loss: 4.0670e+01
Adam [  299] loss: 2.6704e+01
Adam [    0] loss: 4.5883e+01
Adam [  299] loss: 1.7647e+00
Adam [    0] loss: 8.5139e+01
Adam [  299] loss: 2.0946e-01
Adam [    0] loss: 6.2467e+01
Adam [  299] loss: 2.5075e+01
Adam [    0] loss: 3.1330e+01
Adam [  299] loss: 1.9209e-01
Adam [    0] loss: 4.6237e+01
Adam [  299] loss: 8.6565e+00
Adam [    0] loss: 4.5281e+01
Adam [  299] loss: 1.1534e-01
Adam [    0] loss: 3.4695e+01
Adam [  299] loss: 5.0294e+00
Adam [    0] loss: 5.7724e+01
Adam [  299] loss: 4.9818e-01
Adam [    0] loss: 4.6285e+01
Adam [  299] loss: 3.1999e-01
Adam [    0] loss: 7.8086e+01
Adam [  299] loss: 9.3156e+00
Adam [    0] loss: 4.6137e+01
Adam [  299] loss: 2.8028e+01
Adam [    0] loss: 4.5086e+01
Adam [  299] loss: 1.9399e-01
Adam [    0] loss: 1.5448e+02
Adam [  299] loss: 2.9407e+01
Adam [    0] loss: 6.2703e+01
Adam [  299] loss: 8.3730e-02
Adam [    0] loss: 3.7012e+01
Adam [  299] loss: 7.3078e-01
Adam [    0] loss: 1.1565e+02
Adam [  299] loss: 7.5556e-01
Adam [    0] loss: 4.6530e+01
Adam [  299] loss: 2.0699e-01
Adam [    0] loss: 4.1186e+01
Adam [  299] loss: 1.8418e-01
Adam [    0] loss: 4.2198e+01
Adam [  299] loss: 1.5765e-01
Adam [    0] loss: 1.2992e+02
Adam [  299] loss: 2.5703e+01
Adam [    0] loss: 8.6659e+01
Adam [  299] loss: 1.8786e-01
Adam [    0] loss: 3.3021e+01
Adam [  299] loss: 2.0520e-01
Adam [    0] loss: 3.2764e+01
Adam [  299] loss: 2.5599e-01
    16 |      480 |      3 |  0.000000E+00 |             f
Adam [    0] loss: 3.3562e+01
Adam [  299] loss: 4.6880e+00
Adam [    0] loss: 3.8649e+01
Adam [  299] loss: 5.3382e-01
Adam [    0] loss: 4.0370e+01
Adam [  299] loss: 4.6799e+00
Adam [    0] loss: 3.6222e+01
Adam [  299] loss: 3.8100e-01
Adam [    0] loss: 3.7764e+01
Adam [  299] loss: 1.1576e-01
Adam [    0] loss: 4.0931e+01
Adam [  299] loss: 8.9351e-01
Adam [    0] loss: 5.0989e+01
Adam [  299] loss: 5.0942e+00
Adam [    0] loss: 1.3650e+02
Adam [  299] loss: 2.5697e-01
Adam [    0] loss: 1.9657e+02
Adam [  299] loss: 1.6369e-01
Adam [    0] loss: 5.9910e+01
Adam [  299] loss: 2.4116e-01
Adam [    0] loss: 6.4887e+01
Adam [  299] loss: 2.6971e+01
Adam [    0] loss: 7.9637e+01
Adam [  299] loss: 8.4849e+00
Adam [    0] loss: 5.1357e+01
Adam [  299] loss: 3.0264e-01
Adam [    0] loss: 9.6627e+01
Adam [  299] loss: 1.3587e+00
Adam [    0] loss: 1.1318e+02
Adam [  299] loss: 1.8515e+01
Adam [    0] loss: 6.4273e+01
Adam [  299] loss: 1.8253e-01
Adam [    0] loss: 3.7509e+01
Adam [  299] loss: 6.8479e-02
Adam [    0] loss: 3.4760e+01
Adam [  299] loss: 6.2482e-02
Adam [    0] loss: 1.2137e+02
Adam [  299] loss: 5.3426e-01
Adam [    0] loss: 6.4235e+01
Adam [  299] loss: 1.1386e-01
Adam [    0] loss: 3.9316e+01
Adam [  299] loss: 5.1715e-01
Adam [    0] loss: 9.5090e+01
Adam [  299] loss: 3.8573e-01
Adam [    0] loss: 3.1004e+01
Adam [  299] loss: 1.3020e-01
Adam [    0] loss: 5.7366e+01
Adam [  299] loss: 8.2799e-02
Adam [    0] loss: 1.1704e+02
Adam [  299] loss: 1.9172e+01
Adam [    0] loss: 4.1107e+01
Adam [  299] loss: 5.7940e+00
Adam [    0] loss: 3.7230e+01
Adam [  299] loss: 2.4725e-01
Adam [    0] loss: 3.2412e+01
Adam [  299] loss: 2.5441e-01
Adam [    0] loss: 3.5095e+01
Adam [  299] loss: 7.3748e-02
Adam [    0] loss: 3.4292e+01
Adam [  299] loss: 1.0359e-01
    17 |      510 |      4 |  0.0119548242 |             f
Adam [    0] loss: 3.2046e+01
Adam [  299] loss: 4.6540e-01
Adam [    0] loss: 3.6032e+01
Adam [  299] loss: 2.7665e-01
Adam [    0] loss: 4.2405e+01
Adam [  299] loss: 7.6875e-02
Adam [    0] loss: 5.9770e+01
Adam [  299] loss: 1.0596e-01
Adam [    0] loss: 4.0553e+01
Adam [  299] loss: 4.5728e-01
Adam [    0] loss: 8.4305e+01
Adam [  299] loss: 1.1750e+01
Adam [    0] loss: 3.2067e+01
Adam [  299] loss: 2.2837e-01
Adam [    0] loss: 3.4715e+01
Adam [  299] loss: 6.9558e-02
Adam [    0] loss: 5.3444e+01
Adam [  299] loss: 4.8434e-01
Adam [    0] loss: 3.4131e+01
Adam [  299] loss: 1.0587e-01
Adam [    0] loss: 3.9895e+01
Adam [  299] loss: 4.2095e+00
Adam [    0] loss: 6.7342e+01
Adam [  299] loss: 1.6805e+01
Adam [    0] loss: 3.1877e+01
Adam [  299] loss: 1.4822e-01
Adam [    0] loss: 1.0049e+02
Adam [  299] loss: 5.0930e-01
Adam [    0] loss: 3.4249e+01
Adam [  299] loss: 6.8232e-02
Adam [    0] loss: 3.5463e+01
Adam [  299] loss: 7.8686e-01
Adam [    0] loss: 3.2706e+01
Adam [  299] loss: 4.0232e-01
Adam [    0] loss: 4.7495e+01
Adam [  299] loss: 1.0407e-01
Adam [    0] loss: 7.1330e+01
Adam [  299] loss: 3.3788e+00
Adam [    0] loss: 7.7950e+01
Adam [  299] loss: 8.0461e-02
Adam [    0] loss: 3.7981e+01
Adam [  299] loss: 4.5363e-01
Adam [    0] loss: 1.6021e+02
Adam [  299] loss: 2.9339e+01
Adam [    0] loss: 3.4313e+01
Adam [  299] loss: 1.5739e-01
Adam [    0] loss: 7.2236e+01
Adam [  299] loss: 1.7204e+01
Adam [    0] loss: 6.9914e+01
Adam [  299] loss: 2.2380e-01
Adam [    0] loss: 5.1964e+01
Adam [  299] loss: 2.3687e+01
Adam [    0] loss: 8.8921e+01
Adam [  299] loss: 2.5424e-01
Adam [    0] loss: 3.7564e+01
Adam [  299] loss: 2.0484e-01
Adam [    0] loss: 4.4695e+01
Adam [  299] loss: 3.1468e-01
Adam [    0] loss: 3.9094e+01
Adam [  299] loss: 7.0252e+00
    18 |      540 |      4 |  0.000000E+00 |             f
Adam [    0] loss: 9.0719e+01
Adam [  299] loss: 2.6862e+01
Adam [    0] loss: 3.5857e+01
Adam [  299] loss: 7.5993e-01
Adam [    0] loss: 3.1983e+01
Adam [  299] loss: 2.7771e-01
Adam [    0] loss: 5.2575e+01
Adam [  299] loss: 9.0365e-02
Adam [    0] loss: 1.7886e+02
Adam [  299] loss: 1.6572e+01
Adam [    0] loss: 1.7889e+02
Adam [  299] loss: 1.4255e+01
Adam [    0] loss: 3.5839e+01
Adam [  299] loss: 2.2356e-01
Adam [    0] loss: 1.2386e+02
Adam [  299] loss: 1.9201e-01
Adam [    0] loss: 3.7095e+01
Adam [  299] loss: 2.8152e-01
Adam [    0] loss: 5.7708e+01
Adam [  299] loss: 3.2438e-01
Adam [    0] loss: 9.4907e+01
Adam [  299] loss: 1.0309e-01
Adam [    0] loss: 6.4109e+01
Adam [  299] loss: 1.6854e+00
Adam [    0] loss: 5.0212e+01
Adam [  299] loss: 1.3684e-01
Adam [    0] loss: 3.6607e+01
Adam [  299] loss: 4.3742e-01
Adam [    0] loss: 3.2585e+01
Adam [  299] loss: 1.4983e-01
Adam [    0] loss: 6.9835e+01
Adam [  299] loss: 1.1597e+00
Adam [    0] loss: 4.9105e+01
Adam [  299] loss: 3.9129e-01
Adam [    0] loss: 5.0652e+01
Adam [  299] loss: 1.8791e+01
Adam [    0] loss: 3.7119e+01
Adam [  299] loss: 4.6268e-01
Adam [    0] loss: 1.3926e+02
Adam [  299] loss: 2.8773e+01
Adam [    0] loss: 3.9317e+01
Adam [  299] loss: 1.5821e-01
Adam [    0] loss: 4.1648e+01
Adam [  299] loss: 6.4072e-02
Adam [    0] loss: 6.1681e+01
Adam [  299] loss: 3.0652e-01
Adam [    0] loss: 3.7629e+01
Adam [  299] loss: 1.6902e-01
Adam [    0] loss: 5.9890e+01
Adam [  299] loss: 3.7543e+00
Adam [    0] loss: 7.7442e+01
Adam [  299] loss: 1.5436e+01
Adam [    0] loss: 7.8760e+01
Adam [  299] loss: 6.3500e-01
Adam [    0] loss: 3.3011e+01
Adam [  299] loss: 1.6975e-01
Adam [    0] loss: 8.7222e+01
Adam [  299] loss: 4.3524e-01
Adam [    0] loss: 4.4857e+01
Adam [  299] loss: 8.3614e+00
    19 |      570 |      4 |  0.000000E+00 |             f
Adam [    0] loss: 4.4387e+01
Adam [  299] loss: 1.1493e-01
Adam [    0] loss: 5.5571e+01
Adam [  299] loss: 7.7697e-02
Adam [    0] loss: 3.7691e+01
Adam [  299] loss: 1.1504e-01
Adam [    0] loss: 3.5144e+01
Adam [  299] loss: 6.5618e-02
Adam [    0] loss: 3.1366e+01
Adam [  299] loss: 3.4472e-01
Adam [    0] loss: 3.3446e+01
Adam [  299] loss: 1.7270e-01
Adam [    0] loss: 5.8868e+01
Adam [  299] loss: 1.0230e+00
Adam [    0] loss: 2.9462e+02
Adam [  299] loss: 2.5975e+01
Adam [    0] loss: 7.2741e+01
Adam [  299] loss: 1.6971e+01
Adam [    0] loss: 6.1000e+01
Adam [  299] loss: 1.3143e+00
Adam [    0] loss: 7.4844e+01
Adam [  299] loss: 2.7459e+01
Adam [    0] loss: 4.7716e+01
Adam [  299] loss: 2.9081e-01
Adam [    0] loss: 3.3565e+01
Adam [  299] loss: 1.6424e-01
Adam [    0] loss: 6.4623e+01
Adam [  299] loss: 2.7380e+01
Adam [    0] loss: 1.4487e+02
Adam [  299] loss: 2.7416e+01
Adam [    0] loss: 8.1235e+01
Adam [  299] loss: 2.3783e-01
Adam [    0] loss: 5.2111e+01
Adam [  299] loss: 9.3849e-02
Adam [    0] loss: 4.3522e+01
Adam [  299] loss: 2.1124e-01
Adam [    0] loss: 4.6955e+01
Adam [  299] loss: 2.6728e-01
Adam [    0] loss: 4.9434e+01
Adam [  299] loss: 9.3172e-02
Adam [    0] loss: 3.7363e+01
Adam [  299] loss: 3.4572e-01
Adam [    0] loss: 1.2490e+02
Adam [  299] loss: 2.2235e+01
Adam [    0] loss: 4.3716e+01
Adam [  299] loss: 1.6076e+01
Adam [    0] loss: 3.6680e+01
Adam [  299] loss: 1.7219e-01
Adam [    0] loss: 3.6837e+01
Adam [  299] loss: 1.4971e-01
Adam [    0] loss: 1.1045e+02
Adam [  299] loss: 2.5618e-01
Adam [    0] loss: 4.1023e+01
Adam [  299] loss: 2.1436e-01
Adam [    0] loss: 6.9014e+01
Adam [  299] loss: 3.5397e-01
Adam [    0] loss: 3.5380e+01
Adam [  299] loss: 8.0695e-02
Adam [    0] loss: 5.3243e+01
Adam [  299] loss: 3.2937e-01
    20 |      600 |      4 |  0.000000E+00 |             f
Best architecture from NSGA-III: layers=4, neurons=181
Adam [    0] loss: 4.5508e+01
Adam [ 2000] loss: 1.8623e-03
Adam [ 4000] loss: 5.7819e-04
Adam [ 6000] loss: 9.8468e-04
Adam [ 8000] loss: 3.9975e-03
Adam [10000] loss: 2.4422e-03
Adam [11999] loss: 2.1797e-04

L-BFGS refinement...
Saved plot: results/pipeline_runs/20260303_222758_advection_burgers2d/artifacts/advection/nsga3/paper_beta_0.100/run_05/stage_adam/loss_curve.png
Saved plot: results/pipeline_runs/20260303_222758_advection_burgers2d/artifacts/advection/nsga3/paper_beta_0.100/run_05/stage_adam/result_comparison.png
Saved plot: results/pipeline_runs/20260303_222758_advection_burgers2d/artifacts/advection/nsga3/paper_beta_0.100/run_05/stage_adam/advection_heatmap.png
Saved plot: results/pipeline_runs/20260303_222758_advection_burgers2d/artifacts/advection/nsga3/paper_beta_0.100/run_05/stage_adam/advection_time_slices_exact_vs_pred.png
Saved plot: results/pipeline_runs/20260303_222758_advection_burgers2d/artifacts/advection/nsga3/paper_beta_0.100/run_05/stage_lbfgs/loss_curve.png
Saved plot: results/pipeline_runs/20260303_222758_advection_burgers2d/artifacts/advection/nsga3/paper_beta_0.100/run_05/stage_lbfgs/result_comparison.png
Saved plot: results/pipeline_runs/20260303_222758_advection_burgers2d/artifacts/advection/nsga3/paper_beta_0.100/run_05/stage_lbfgs/advection_heatmap.png
Saved plot: results/pipeline_runs/20260303_222758_advection_burgers2d/artifacts/advection/nsga3/paper_beta_0.100/run_05/stage_lbfgs/advection_time_slices_exact_vs_pred.png
Selected best stage: lbfgs (rel_l2=4.8296e-03)
Run time: 501.33 s
Saved summary: results/pipeline_runs/20260303_222758_advection_burgers2d/artifacts/advection/nsga3/paper_beta_0.100/run_05/search_summary.csv
